Time (seconds), Duration (seconds),pred_(unlabeled),pred_brushing_teeth,pred_hair_drying,pred_showering
0.00000,1.05394,0.99421,0.00024,0.00163,0.00392
0.10000,1.05394,0.99391,0.00025,0.00169,0.00415
0.20000,1.05394,0.99346,0.00026,0.00179,0.00450
0.30000,1.05394,0.99351,0.00026,0.00176,0.00447
0.40000,1.05394,0.99357,0.00026,0.00177,0.00439
0.50000,1.05394,0.99376,0.00026,0.00173,0.00425
0.60000,1.05394,0.99383,0.00026,0.00173,0.00418
0.70000,1.05394,0.99394,0.00025,0.00173,0.00408
0.80000,1.05394,0.99391,0.00026,0.00171,0.00411
0.90000,1.05394,0.99371,0.00027,0.00177,0.00426
1.00000,1.05394,0.99371,0.00027,0.00176,0.00426
1.10000,1.05394,0.99366,0.00027,0.00178,0.00430
1.20000,1.05394,0.99377,0.00026,0.00175,0.00422
1.30000,1.05394,0.99356,0.00027,0.00179,0.00439
1.40000,1.05394,0.99361,0.00026,0.00177,0.00436
1.50000,1.05394,0.99348,0.00027,0.00181,0.00444
1.60000,1.05394,0.99358,0.00026,0.00178,0.00438
1.70000,1.05394,0.99345,0.00027,0.00182,0.00447
1.80000,1.05394,0.99367,0.00025,0.00174,0.00433
1.90000,1.05394,0.99362,0.00026,0.00176,0.00437
2.00000,1.05394,0.99385,0.00025,0.00173,0.00417
2.10000,1.05394,0.99374,0.00026,0.00175,0.00425
2.20000,1.05394,0.99365,0.00026,0.00176,0.00433
2.30000,1.05394,0.99368,0.00026,0.00175,0.00432
2.40000,1.05394,0.99361,0.00026,0.00177,0.00436
2.50000,1.05394,0.99366,0.00025,0.00175,0.00433
2.60000,1.05394,0.99388,0.00024,0.00172,0.00417
2.70000,1.05394,0.99386,0.00025,0.00174,0.00415
2.80000,1.05394,0.99405,0.00024,0.00168,0.00403
2.90000,1.05394,0.99390,0.00025,0.00173,0.00412
3.00000,1.05394,0.99404,0.00025,0.00170,0.00400
3.10000,1.05394,0.99419,0.00025,0.00167,0.00389
3.20000,1.05394,0.99406,0.00026,0.00170,0.00399
3.30000,1.05394,0.99406,0.00026,0.00169,0.00399
3.40000,1.05394,0.99396,0.00026,0.00170,0.00407
3.50000,1.05394,0.99405,0.00026,0.00169,0.00399
3.60000,1.05394,0.99391,0.00027,0.00173,0.00409
3.70000,1.05394,0.99398,0.00026,0.00170,0.00406
3.80000,1.05394,0.99390,0.00026,0.00171,0.00413
3.90000,1.05394,0.99386,0.00026,0.00172,0.00416
4.00000,1.05394,0.99384,0.00026,0.00171,0.00419
4.10000,1.05394,0.99365,0.00026,0.00175,0.00434
4.20000,1.05394,0.99374,0.00026,0.00171,0.00429
4.30000,1.05394,0.99365,0.00026,0.00173,0.00436
4.40000,1.05394,0.99333,0.00028,0.00177,0.00463
4.50000,1.05394,0.99318,0.00028,0.00180,0.00474
4.60000,1.05394,0.99318,0.00028,0.00180,0.00474
4.70000,1.05394,0.99297,0.00028,0.00180,0.00495
4.80000,1.05394,0.99283,0.00029,0.00184,0.00504
4.90000,1.05394,0.99278,0.00030,0.00184,0.00508
5.00000,1.05394,0.99264,0.00026,0.00186,0.00524
5.10000,1.05394,0.99223,0.00027,0.00189,0.00560
5.20000,1.05394,0.99255,0.00026,0.00181,0.00537
5.30000,1.05394,0.99218,0.00025,0.00184,0.00573
5.40000,1.05394,0.99244,0.00026,0.00176,0.00554
5.50000,1.05394,0.99232,0.00026,0.00181,0.00561
5.60000,1.05394,0.99270,0.00025,0.00175,0.00530
5.70000,1.05394,0.99262,0.00025,0.00179,0.00535
5.80000,1.05394,0.99213,0.00027,0.00192,0.00568
5.90000,1.05394,0.99118,0.00034,0.00231,0.00618
6.00000,1.05394,0.99188,0.00033,0.00201,0.00579
6.10000,1.05394,0.99232,0.00031,0.00198,0.00540
6.20000,1.05394,0.99290,0.00028,0.00190,0.00492
6.30000,1.05394,0.99319,0.00027,0.00182,0.00472
6.40000,1.05394,0.99283,0.00028,0.00189,0.00500
6.50000,1.05394,0.99304,0.00027,0.00185,0.00485
6.60000,1.05394,0.99291,0.00028,0.00191,0.00489
6.70000,1.05394,0.99298,0.00027,0.00188,0.00487
6.80000,1.05394,0.99289,0.00027,0.00191,0.00492
6.90000,1.05394,0.99332,0.00027,0.00185,0.00456
7.00000,1.05394,0.99323,0.00027,0.00186,0.00464
7.10000,1.05394,0.99329,0.00027,0.00183,0.00462
7.20000,1.05394,0.99342,0.00027,0.00183,0.00448
7.30000,1.05394,0.99365,0.00026,0.00177,0.00432
7.40000,1.05394,0.99372,0.00026,0.00176,0.00427
7.50000,1.05394,0.99342,0.00025,0.00177,0.00456
7.60000,1.05394,0.99325,0.00027,0.00184,0.00465
7.70000,1.05394,0.99378,0.00026,0.00170,0.00426
7.80000,1.05394,0.99343,0.00027,0.00179,0.00451
7.90000,1.05394,0.99334,0.00026,0.00178,0.00462
8.00000,1.05394,0.99329,0.00026,0.00180,0.00466
8.10000,1.05394,0.99332,0.00026,0.00177,0.00465
8.20000,1.05394,0.99321,0.00026,0.00179,0.00475
8.30000,1.05394,0.99319,0.00026,0.00178,0.00477
8.40000,1.05394,0.99169,0.00025,0.00223,0.00583
8.50000,1.05394,0.99248,0.00022,0.00204,0.00526
8.60000,1.05394,0.99262,0.00020,0.00192,0.00526
8.70000,1.05394,0.99245,0.00022,0.00196,0.00537
8.80000,1.05394,0.99134,0.00024,0.00214,0.00627
8.90000,1.05394,0.99202,0.00025,0.00204,0.00569
9.00000,1.05394,0.99113,0.00025,0.00211,0.00650
9.10000,1.05394,0.99122,0.00030,0.00216,0.00632
9.20000,1.05394,0.98900,0.00033,0.00270,0.00796
9.30000,1.05394,0.98949,0.00046,0.00285,0.00720
9.40000,1.05394,0.99184,0.00040,0.00211,0.00565
9.50000,1.05394,0.99192,0.00037,0.00201,0.00570
9.60000,1.05394,0.99152,0.00038,0.00207,0.00602
9.70000,1.05394,0.99142,0.00035,0.00200,0.00624
9.80000,1.05394,0.99219,0.00034,0.00198,0.00548
9.90000,1.05394,0.99269,0.00029,0.00177,0.00525
10.00000,1.05394,0.99309,0.00029,0.00182,0.00480
10.10000,1.05394,0.99260,0.00026,0.00182,0.00533
10.20000,1.05394,0.99184,0.00031,0.00205,0.00580
10.30000,1.05394,0.99131,0.00026,0.00187,0.00656
10.40000,1.05394,0.98473,0.00028,0.00238,0.01261
10.50000,1.05394,0.97242,0.00040,0.00500,0.02219
10.60000,1.05394,0.94573,0.00054,0.00621,0.04752
10.70000,1.05394,0.94835,0.00073,0.01087,0.04005
10.80000,1.05394,0.92762,0.00080,0.02229,0.04930
10.90000,1.05394,0.89641,0.00205,0.07261,0.02893
11.00000,1.05394,0.73397,0.00280,0.19585,0.06739
11.10000,1.05394,0.51309,0.00522,0.42307,0.05861
11.20000,1.05394,0.22493,0.00299,0.71226,0.05982
11.30000,1.05394,0.04362,0.00407,0.93539,0.01692
11.40000,1.05394,0.02451,0.00385,0.96495,0.00669
11.50000,1.05394,0.01274,0.00192,0.98256,0.00279
11.60000,1.05394,0.00381,0.00145,0.99269,0.00205
11.70000,1.05394,0.00223,0.00126,0.99459,0.00193
11.80000,1.05394,0.00164,0.00093,0.99535,0.00209
11.90000,1.05394,0.00112,0.00077,0.99608,0.00202
12.00000,1.05394,0.00112,0.00079,0.99588,0.00221
12.10000,1.05394,0.00111,0.00079,0.99629,0.00181
12.20000,1.05394,0.00101,0.00090,0.99632,0.00177
12.30000,1.05394,0.00078,0.00061,0.99710,0.00151
12.40000,1.05394,0.00100,0.00077,0.99666,0.00157
12.50000,1.05394,0.00076,0.00061,0.99731,0.00131
12.60000,1.05394,0.00103,0.00078,0.99655,0.00164
12.70000,1.05394,0.00102,0.00090,0.99684,0.00124
12.80000,1.05394,0.00094,0.00070,0.99668,0.00168
12.90000,1.05394,0.00103,0.00101,0.99648,0.00148
13.00000,1.05394,0.00138,0.00118,0.99588,0.00157
13.10000,1.05394,0.00161,0.00089,0.99612,0.00138
13.20000,1.05394,0.00125,0.00098,0.99624,0.00153
13.30000,1.05394,0.00132,0.00084,0.99650,0.00135
13.40000,1.05394,0.00165,0.00108,0.99583,0.00145
13.50000,1.05394,0.00201,0.00123,0.99498,0.00177
13.60000,1.05394,0.00156,0.00109,0.99528,0.00207
13.70000,1.05394,0.00185,0.00128,0.99501,0.00186
13.80000,1.05394,0.00164,0.00118,0.99512,0.00206
13.90000,1.05394,0.00127,0.00101,0.99597,0.00175
14.00000,1.05394,0.00127,0.00083,0.99632,0.00157
14.10000,1.05394,0.00107,0.00081,0.99651,0.00161
14.20000,1.05394,0.00140,0.00126,0.99529,0.00205
14.30000,1.05394,0.00139,0.00117,0.99584,0.00159
14.40000,1.05394,0.00106,0.00116,0.99610,0.00168
14.50000,1.05394,0.00086,0.00083,0.99690,0.00141
14.60000,1.05394,0.00086,0.00109,0.99648,0.00158
14.70000,1.05394,0.00095,0.00072,0.99720,0.00114
14.80000,1.05394,0.00073,0.00119,0.99667,0.00141
14.90000,1.05394,0.00079,0.00066,0.99723,0.00132
15.00000,1.05394,0.00069,0.00097,0.99699,0.00134
15.10000,1.05394,0.00066,0.00055,0.99763,0.00117
15.20000,1.05394,0.00060,0.00071,0.99730,0.00139
15.30000,1.05394,0.00062,0.00051,0.99750,0.00137
15.40000,1.05394,0.00052,0.00055,0.99777,0.00116
15.50000,1.05394,0.00050,0.00050,0.99775,0.00126
15.60000,1.05394,0.00061,0.00052,0.99774,0.00113
15.70000,1.05394,0.00060,0.00068,0.99699,0.00174
15.80000,1.05394,0.00069,0.00063,0.99735,0.00132
15.90000,1.05394,0.00059,0.00064,0.99727,0.00151
16.00000,1.05394,0.00059,0.00049,0.99769,0.00123
16.10000,1.05394,0.00066,0.00077,0.99719,0.00138
16.20000,1.05394,0.00082,0.00076,0.99721,0.00122
16.30000,1.05394,0.00062,0.00073,0.99707,0.00159
16.40000,1.05394,0.00068,0.00076,0.99739,0.00116
16.50000,1.05394,0.00079,0.00088,0.99689,0.00144
16.60000,1.05394,0.00068,0.00076,0.99736,0.00120
16.70000,1.05394,0.00075,0.00051,0.99757,0.00118
16.80000,1.05394,0.00065,0.00045,0.99797,0.00093
16.90000,1.05394,0.00092,0.00070,0.99680,0.00159
17.00000,1.05394,0.00100,0.00066,0.99701,0.00133
17.10000,1.05394,0.00107,0.00072,0.99696,0.00124
17.20000,1.05394,0.00088,0.00063,0.99717,0.00132
17.30000,1.05394,0.00096,0.00065,0.99733,0.00107
17.40000,1.05394,0.00097,0.00072,0.99681,0.00150
17.50000,1.05394,0.00086,0.00081,0.99697,0.00136
17.60000,1.05394,0.00099,0.00092,0.99635,0.00174
17.70000,1.05394,0.00117,0.00118,0.99599,0.00165
17.80000,1.05394,0.00072,0.00071,0.99684,0.00173
17.90000,1.05394,0.00085,0.00060,0.99725,0.00130
18.00000,1.05394,0.00080,0.00071,0.99678,0.00171
18.10000,1.05394,0.00086,0.00075,0.99693,0.00145
18.20000,1.05394,0.00074,0.00052,0.99743,0.00130
18.30000,1.05394,0.00070,0.00058,0.99726,0.00145
18.40000,1.05394,0.00074,0.00051,0.99737,0.00139
18.50000,1.05394,0.00069,0.00054,0.99757,0.00120
18.60000,1.05394,0.00076,0.00047,0.99740,0.00137
18.70000,1.05394,0.00072,0.00062,0.99714,0.00152
18.80000,1.05394,0.00077,0.00085,0.99676,0.00163
18.90000,1.05394,0.00061,0.00061,0.99742,0.00135
19.00000,1.05394,0.00084,0.00081,0.99668,0.00167
19.10000,1.05394,0.00073,0.00063,0.99720,0.00145
19.20000,1.05394,0.00072,0.00072,0.99686,0.00170
19.30000,1.05394,0.00076,0.00067,0.99735,0.00122
19.40000,1.05394,0.00079,0.00077,0.99692,0.00152
19.50000,1.05394,0.00082,0.00083,0.99711,0.00125
19.60000,1.05394,0.00070,0.00068,0.99723,0.00139
19.70000,1.05394,0.00071,0.00072,0.99714,0.00143
19.80000,1.05394,0.00073,0.00078,0.99679,0.00169
19.90000,1.05394,0.00078,0.00115,0.99615,0.00193
20.00000,1.05394,0.00122,0.00114,0.99554,0.00210
20.10000,1.05394,0.00089,0.00150,0.99529,0.00232
20.20000,1.05394,0.00114,0.00138,0.99510,0.00239
20.30000,1.05394,0.00099,0.00128,0.99589,0.00184
20.40000,1.05394,0.00134,0.00171,0.99411,0.00284
20.50000,1.05394,0.00112,0.00192,0.99426,0.00270
20.60000,1.05394,0.00143,0.00173,0.99355,0.00329
20.70000,1.05394,0.00146,0.00204,0.99386,0.00263
20.80000,1.05394,0.00186,0.00201,0.99272,0.00341
20.90000,1.05394,0.00193,0.00238,0.99257,0.00312
21.00000,1.05394,0.00199,0.00223,0.99224,0.00354
21.10000,1.05394,0.00180,0.00204,0.99357,0.00259
21.20000,1.05394,0.00188,0.00184,0.99336,0.00292
21.30000,1.05394,0.00141,0.00152,0.99446,0.00261
21.40000,1.05394,0.00131,0.00120,0.99559,0.00190
21.50000,1.05394,0.00133,0.00129,0.99544,0.00195
21.60000,1.05394,0.00134,0.00117,0.99570,0.00180
21.70000,1.05394,0.00118,0.00087,0.99635,0.00161
21.80000,1.05394,0.00100,0.00085,0.99684,0.00132
21.90000,1.05394,0.00108,0.00071,0.99690,0.00130
22.00000,1.05394,0.00108,0.00087,0.99668,0.00136
22.10000,1.05394,0.00092,0.00067,0.99683,0.00158
22.20000,1.05394,0.00115,0.00090,0.99638,0.00157
22.30000,1.05394,0.00112,0.00066,0.99673,0.00149
22.40000,1.05394,0.00149,0.00104,0.99538,0.00209
22.50000,1.05394,0.00091,0.00089,0.99639,0.00181
22.60000,1.05394,0.00103,0.00111,0.99543,0.00243
22.70000,1.05394,0.00106,0.00115,0.99585,0.00194
22.80000,1.05394,0.00105,0.00087,0.99646,0.00162
22.90000,1.05394,0.00084,0.00086,0.99679,0.00152
23.00000,1.05394,0.00101,0.00085,0.99651,0.00163
23.10000,1.05394,0.00099,0.00091,0.99676,0.00133
23.20000,1.05394,0.00124,0.00079,0.99646,0.00152
23.30000,1.05394,0.00085,0.00097,0.99678,0.00140
23.40000,1.05394,0.00102,0.00069,0.99719,0.00110
23.50000,1.05394,0.00082,0.00086,0.99708,0.00124
23.60000,1.05394,0.00070,0.00070,0.99731,0.00128
23.70000,1.05394,0.00075,0.00072,0.99703,0.00150
23.80000,1.05394,0.00074,0.00068,0.99700,0.00158
23.90000,1.05394,0.00070,0.00062,0.99733,0.00134
24.00000,1.05394,0.00073,0.00052,0.99756,0.00119
24.10000,1.05394,0.00085,0.00069,0.99688,0.00157
24.20000,1.05394,0.00065,0.00052,0.99735,0.00148
24.30000,1.05394,0.00098,0.00071,0.99627,0.00205
24.40000,1.05394,0.00098,0.00051,0.99711,0.00140
24.50000,1.05394,0.00123,0.00092,0.99558,0.00227
24.60000,1.05394,0.00117,0.00075,0.99645,0.00162
24.70000,1.05394,0.00132,0.00104,0.99552,0.00212
24.80000,1.05394,0.00089,0.00079,0.99635,0.00197
24.90000,1.05394,0.00126,0.00084,0.99617,0.00173
25.00000,1.05394,0.00106,0.00072,0.99652,0.00170
25.10000,1.05394,0.00121,0.00088,0.99637,0.00155
25.20000,1.05394,0.00102,0.00067,0.99687,0.00144
25.30000,1.05394,0.00100,0.00077,0.99697,0.00126
25.40000,1.05394,0.00084,0.00079,0.99698,0.00139
25.50000,1.05394,0.00101,0.00071,0.99704,0.00124
25.60000,1.05394,0.00070,0.00072,0.99717,0.00141
25.70000,1.05394,0.00093,0.00081,0.99690,0.00137
25.80000,1.05394,0.00094,0.00095,0.99635,0.00177
25.90000,1.05394,0.00083,0.00100,0.99649,0.00168
26.00000,1.05394,0.00086,0.00096,0.99629,0.00189
26.10000,1.05394,0.00093,0.00102,0.99629,0.00176
26.20000,1.05394,0.00090,0.00093,0.99645,0.00172
26.30000,1.05394,0.00080,0.00089,0.99661,0.00170
26.40000,1.05394,0.00081,0.00092,0.99671,0.00156
26.50000,1.05394,0.00083,0.00111,0.99638,0.00168
26.60000,1.05394,0.00082,0.00074,0.99726,0.00118
26.70000,1.05394,0.00071,0.00072,0.99705,0.00153
26.80000,1.05394,0.00082,0.00080,0.99712,0.00126
26.90000,1.05394,0.00073,0.00094,0.99652,0.00181
27.00000,1.05394,0.00094,0.00086,0.99700,0.00120
27.10000,1.05394,0.00089,0.00125,0.99568,0.00218
27.20000,1.05394,0.00080,0.00080,0.99712,0.00128
27.30000,1.05394,0.00113,0.00124,0.99588,0.00176
27.40000,1.05394,0.00091,0.00085,0.99666,0.00158
27.50000,1.05394,0.00098,0.00100,0.99639,0.00163
27.60000,1.05394,0.00094,0.00086,0.99666,0.00154
27.70000,1.05394,0.00116,0.00100,0.99617,0.00167
27.80000,1.05394,0.00086,0.00075,0.99703,0.00136
27.90000,1.05394,0.00105,0.00114,0.99624,0.00157
28.00000,1.05394,0.00085,0.00096,0.99660,0.00159
28.10000,1.05394,0.00109,0.00087,0.99648,0.00157
28.20000,1.05394,0.00124,0.00139,0.99527,0.00210
28.30000,1.05394,0.00107,0.00118,0.99602,0.00173
28.40000,1.05394,0.00102,0.00093,0.99622,0.00183
28.50000,1.05394,0.00110,0.00123,0.99606,0.00161
28.60000,1.05394,0.00114,0.00120,0.99591,0.00174
28.70000,1.05394,0.00112,0.00101,0.99630,0.00157
28.80000,1.05394,0.00112,0.00103,0.99591,0.00194
28.90000,1.05394,0.00119,0.00107,0.99600,0.00174
29.00000,1.05394,0.00134,0.00086,0.99642,0.00138
29.10000,1.05394,0.00110,0.00105,0.99591,0.00194
29.20000,1.05394,0.00141,0.00098,0.99577,0.00184
29.30000,1.05394,0.00124,0.00099,0.99592,0.00185
29.40000,1.05394,0.00098,0.00100,0.99633,0.00170
29.50000,1.05394,0.00136,0.00101,0.99599,0.00165
29.60000,1.05394,0.00093,0.00054,0.99745,0.00109
29.70000,1.05394,0.00107,0.00077,0.99684,0.00132
29.80000,1.05394,0.00090,0.00065,0.99720,0.00125
29.90000,1.05394,0.00103,0.00074,0.99689,0.00135
30.00000,1.05394,0.00076,0.00061,0.99760,0.00103
30.10000,1.05394,0.00073,0.00050,0.99782,0.00096
30.20000,1.05394,0.00075,0.00054,0.99782,0.00088
30.30000,1.05394,0.00081,0.00065,0.99711,0.00143
30.40000,1.05394,0.00074,0.00057,0.99761,0.00109
30.50000,1.05394,0.00065,0.00056,0.99748,0.00131
30.60000,1.05394,0.00077,0.00067,0.99703,0.00153
30.70000,1.05394,0.00071,0.00044,0.99776,0.00108
30.80000,1.05394,0.00097,0.00076,0.99662,0.00165
30.90000,1.05394,0.00080,0.00070,0.99682,0.00169
31.00000,1.05394,0.00092,0.00094,0.99625,0.00190
31.10000,1.05394,0.00083,0.00068,0.99693,0.00156
31.20000,1.05394,0.00075,0.00083,0.99674,0.00168
31.30000,1.05394,0.00101,0.00062,0.99686,0.00152
31.40000,1.05394,0.00062,0.00049,0.99732,0.00156
31.50000,1.05394,0.00068,0.00043,0.99746,0.00143
31.60000,1.05394,0.00064,0.00061,0.99730,0.00146
31.70000,1.05394,0.00093,0.00075,0.99678,0.00154
31.80000,1.05394,0.00068,0.00052,0.99765,0.00116
31.90000,1.05394,0.00113,0.00080,0.99633,0.00174
32.00000,1.05394,0.00076,0.00057,0.99705,0.00162
32.10000,1.05394,0.00088,0.00075,0.99666,0.00171
32.20000,1.05394,0.00113,0.00088,0.99652,0.00147
32.30000,1.05394,0.00105,0.00097,0.99638,0.00160
32.40000,1.05394,0.00116,0.00108,0.99613,0.00163
32.50000,1.05394,0.00093,0.00096,0.99652,0.00159
32.60000,1.05394,0.00121,0.00120,0.99601,0.00159
32.70000,1.05394,0.00083,0.00092,0.99665,0.00161
32.80000,1.05394,0.00109,0.00136,0.99578,0.00177
32.90000,1.05394,0.00080,0.00075,0.99709,0.00136
33.00000,1.05394,0.00094,0.00103,0.99631,0.00172
33.10000,1.05394,0.00085,0.00064,0.99715,0.00136
33.20000,1.05394,0.00113,0.00118,0.99562,0.00207
33.30000,1.05394,0.00119,0.00094,0.99569,0.00218
33.40000,1.05394,0.00088,0.00079,0.99677,0.00156
33.50000,1.05394,0.00106,0.00069,0.99661,0.00165
33.60000,1.05394,0.00093,0.00057,0.99739,0.00112
33.70000,1.05394,0.00118,0.00063,0.99690,0.00129
33.80000,1.05394,0.00120,0.00061,0.99714,0.00105
33.90000,1.05394,0.00124,0.00090,0.99654,0.00132
34.00000,1.05394,0.00109,0.00055,0.99730,0.00106
34.10000,1.05394,0.00100,0.00074,0.99703,0.00122
34.20000,1.05394,0.00137,0.00072,0.99670,0.00121
34.30000,1.05394,0.00134,0.00106,0.99571,0.00189
34.40000,1.05394,0.00109,0.00104,0.99573,0.00214
34.50000,1.05394,0.00116,0.00135,0.99540,0.00209
34.60000,1.05394,0.00149,0.00119,0.99536,0.00196
34.70000,1.05394,0.00103,0.00093,0.99638,0.00165
34.80000,1.05394,0.00117,0.00079,0.99601,0.00203
34.90000,1.05394,0.00130,0.00104,0.99565,0.00201
35.00000,1.05394,0.00149,0.00085,0.99533,0.00233
35.10000,1.05394,0.00201,0.00125,0.99408,0.00267
35.20000,1.05394,0.00201,0.00099,0.99484,0.00215
35.30000,1.05394,0.00168,0.00118,0.99456,0.00258
35.40000,1.05394,0.00146,0.00076,0.99560,0.00218
35.50000,1.05394,0.00139,0.00081,0.99570,0.00210
35.60000,1.05394,0.00142,0.00064,0.99530,0.00263
35.70000,1.05394,0.00147,0.00088,0.99526,0.00239
35.80000,1.05394,0.00115,0.00067,0.99625,0.00193
35.90000,1.05394,0.00103,0.00069,0.99658,0.00170
36.00000,1.05394,0.00094,0.00072,0.99648,0.00186
36.10000,1.05394,0.00083,0.00059,0.99728,0.00130
36.20000,1.05394,0.00073,0.00065,0.99704,0.00158
36.30000,1.05394,0.00067,0.00033,0.99798,0.00101
36.40000,1.05394,0.00076,0.00056,0.99741,0.00127
36.50000,1.05394,0.00067,0.00053,0.99778,0.00102
36.60000,1.05394,0.00070,0.00058,0.99752,0.00119
36.70000,1.05394,0.00055,0.00023,0.99851,0.00071
36.80000,1.05394,0.00067,0.00030,0.99824,0.00079
36.90000,1.05394,0.00083,0.00034,0.99804,0.00079
37.00000,1.05394,0.00091,0.00035,0.99781,0.00093
37.10000,1.05394,0.00087,0.00036,0.99779,0.00098
37.20000,1.05394,0.00071,0.00038,0.99778,0.00114
37.30000,1.05394,0.00119,0.00053,0.99734,0.00094
37.40000,1.05394,0.00116,0.00046,0.99740,0.00098
37.50000,1.05394,0.00119,0.00052,0.99723,0.00106
37.60000,1.05394,0.00118,0.00091,0.99622,0.00169
37.70000,1.05394,0.00126,0.00088,0.99646,0.00140
37.80000,1.05394,0.00093,0.00083,0.99681,0.00142
37.90000,1.05394,0.00093,0.00076,0.99697,0.00135
38.00000,1.05394,0.00102,0.00075,0.99677,0.00146
38.10000,1.05394,0.00112,0.00083,0.99681,0.00124
38.20000,1.05394,0.00072,0.00069,0.99713,0.00146
38.30000,1.05394,0.00100,0.00062,0.99721,0.00118
38.40000,1.05394,0.00071,0.00046,0.99764,0.00119
38.50000,1.05394,0.00088,0.00048,0.99771,0.00092
38.60000,1.05394,0.00084,0.00044,0.99771,0.00101
38.70000,1.05394,0.00109,0.00054,0.99732,0.00105
38.80000,1.05394,0.00102,0.00047,0.99745,0.00106
38.90000,1.05394,0.00116,0.00067,0.99701,0.00117
39.00000,1.05394,0.00118,0.00058,0.99717,0.00107
39.10000,1.05394,0.00135,0.00081,0.99657,0.00128
39.20000,1.05394,0.00140,0.00111,0.99578,0.00170
39.30000,1.05394,0.00128,0.00123,0.99543,0.00205
39.40000,1.05394,0.00138,0.00104,0.99569,0.00189
39.50000,1.05394,0.00103,0.00093,0.99584,0.00221
39.60000,1.05394,0.00085,0.00064,0.99663,0.00187
39.70000,1.05394,0.00110,0.00088,0.99599,0.00204
39.80000,1.05394,0.00091,0.00086,0.99627,0.00196
39.90000,1.05394,0.00080,0.00071,0.99630,0.00220
40.00000,1.05394,0.00088,0.00077,0.99645,0.00190
40.10000,1.05394,0.00080,0.00075,0.99641,0.00204
40.20000,1.05394,0.00080,0.00081,0.99622,0.00217
40.30000,1.05394,0.00074,0.00072,0.99642,0.00212
40.40000,1.05394,0.00106,0.00122,0.99569,0.00203
40.50000,1.05394,0.00124,0.00139,0.99455,0.00281
40.60000,1.05394,0.00136,0.00134,0.99452,0.00279
40.70000,1.05394,0.00153,0.00083,0.99532,0.00232
40.80000,1.05394,0.00138,0.00122,0.99470,0.00270
40.90000,1.05394,0.00139,0.00086,0.99539,0.00236
41.00000,1.05394,0.00127,0.00082,0.99531,0.00260
41.10000,1.05394,0.00115,0.00074,0.99607,0.00204
41.20000,1.05394,0.00116,0.00074,0.99612,0.00199
41.30000,1.05394,0.00099,0.00057,0.99671,0.00172
41.40000,1.05394,0.00114,0.00057,0.99675,0.00154
41.50000,1.05394,0.00085,0.00063,0.99658,0.00194
41.60000,1.05394,0.00071,0.00057,0.99713,0.00159
41.70000,1.05394,0.00086,0.00044,0.99731,0.00138
41.80000,1.05394,0.00080,0.00056,0.99710,0.00154
41.90000,1.05394,0.00106,0.00079,0.99623,0.00192
42.00000,1.05394,0.00099,0.00082,0.99640,0.00178
42.10000,1.05394,0.00082,0.00063,0.99704,0.00151
42.20000,1.05394,0.00092,0.00070,0.99681,0.00157
42.30000,1.05394,0.00086,0.00059,0.99721,0.00134
42.40000,1.05394,0.00085,0.00069,0.99680,0.00166
42.50000,1.05394,0.00088,0.00055,0.99724,0.00133
42.60000,1.05394,0.00083,0.00067,0.99698,0.00152
42.70000,1.05394,0.00090,0.00054,0.99736,0.00120
42.80000,1.05394,0.00077,0.00053,0.99761,0.00109
42.90000,1.05394,0.00056,0.00052,0.99748,0.00144
43.00000,1.05394,0.00064,0.00036,0.99784,0.00116
43.10000,1.05394,0.00067,0.00055,0.99722,0.00157
43.20000,1.05394,0.00065,0.00042,0.99787,0.00106
43.30000,1.05394,0.00084,0.00069,0.99692,0.00155
43.40000,1.05394,0.00081,0.00061,0.99713,0.00145
43.50000,1.05394,0.00063,0.00066,0.99711,0.00160
43.60000,1.05394,0.00063,0.00058,0.99717,0.00161
43.70000,1.05394,0.00082,0.00062,0.99650,0.00206
43.80000,1.05394,0.00088,0.00080,0.99606,0.00225
43.90000,1.05394,0.00102,0.00080,0.99592,0.00226
44.00000,1.05394,0.00122,0.00114,0.99533,0.00230
44.10000,1.05394,0.00101,0.00081,0.99632,0.00185
44.20000,1.05394,0.00109,0.00091,0.99583,0.00217
44.30000,1.05394,0.00107,0.00074,0.99613,0.00206
44.40000,1.05394,0.00114,0.00069,0.99632,0.00185
44.50000,1.05394,0.00109,0.00052,0.99681,0.00158
44.60000,1.05394,0.00099,0.00052,0.99678,0.00171
44.70000,1.05394,0.00079,0.00046,0.99726,0.00149
44.80000,1.05394,0.00089,0.00042,0.99755,0.00115
44.90000,1.05394,0.00080,0.00049,0.99716,0.00155
45.00000,1.05394,0.00085,0.00040,0.99740,0.00136
45.10000,1.05394,0.00049,0.00037,0.99768,0.00146
45.20000,1.05394,0.00067,0.00034,0.99778,0.00121
45.30000,1.05394,0.00055,0.00043,0.99762,0.00139
45.40000,1.05394,0.00082,0.00086,0.99614,0.00219
45.50000,1.05394,0.00080,0.00076,0.99629,0.00215
45.60000,1.05394,0.00080,0.00082,0.99662,0.00176
45.70000,1.05394,0.00090,0.00061,0.99700,0.00149
45.80000,1.05394,0.00087,0.00082,0.99647,0.00184
45.90000,1.05394,0.00065,0.00063,0.99713,0.00159
46.00000,1.05394,0.00069,0.00076,0.99691,0.00164
46.10000,1.05394,0.00066,0.00058,0.99752,0.00124
46.20000,1.05394,0.00072,0.00067,0.99721,0.00140
46.30000,1.05394,0.00060,0.00059,0.99765,0.00116
46.40000,1.05394,0.00054,0.00061,0.99753,0.00131
46.50000,1.05394,0.00066,0.00046,0.99782,0.00107
46.60000,1.05394,0.00077,0.00061,0.99740,0.00122
46.70000,1.05394,0.00072,0.00051,0.99766,0.00111
46.80000,1.05394,0.00099,0.00091,0.99657,0.00153
46.90000,1.05394,0.00093,0.00082,0.99661,0.00165
47.00000,1.05394,0.00093,0.00092,0.99612,0.00203
47.10000,1.05394,0.00093,0.00072,0.99706,0.00129
47.20000,1.05394,0.00082,0.00061,0.99716,0.00142
47.30000,1.05394,0.00070,0.00061,0.99713,0.00156
47.40000,1.05394,0.00064,0.00054,0.99731,0.00151
47.50000,1.05394,0.00055,0.00038,0.99780,0.00126
47.60000,1.05394,0.00060,0.00044,0.99746,0.00150
47.70000,1.05394,0.00065,0.00050,0.99721,0.00164
47.80000,1.05394,0.00061,0.00053,0.99706,0.00181
47.90000,1.05394,0.00077,0.00064,0.99674,0.00185
48.00000,1.05394,0.00060,0.00051,0.99707,0.00182
48.10000,1.05394,0.00083,0.00078,0.99619,0.00219
48.20000,1.05394,0.00084,0.00075,0.99628,0.00214
48.30000,1.05394,0.00118,0.00091,0.99599,0.00192
48.40000,1.05394,0.00081,0.00064,0.99672,0.00183
48.50000,1.05394,0.00106,0.00082,0.99646,0.00166
48.60000,1.05394,0.00098,0.00066,0.99688,0.00148
48.70000,1.05394,0.00107,0.00076,0.99653,0.00163
48.80000,1.05394,0.00103,0.00054,0.99705,0.00139
48.90000,1.05394,0.00104,0.00067,0.99678,0.00151
49.00000,1.05394,0.00124,0.00065,0.99674,0.00137
49.10000,1.05394,0.00097,0.00066,0.99692,0.00146
49.20000,1.05394,0.00112,0.00064,0.99683,0.00140
49.30000,1.05394,0.00088,0.00059,0.99729,0.00124
49.40000,1.05394,0.00081,0.00072,0.99707,0.00141
49.50000,1.05394,0.00070,0.00063,0.99744,0.00123
49.60000,1.05394,0.00068,0.00065,0.99747,0.00119
49.70000,1.05394,0.00053,0.00045,0.99815,0.00088
49.80000,1.05394,0.00063,0.00052,0.99794,0.00090
49.90000,1.05394,0.00064,0.00039,0.99813,0.00084
50.00000,1.05394,0.00061,0.00048,0.99800,0.00091
50.10000,1.05394,0.00065,0.00038,0.99823,0.00074
50.20000,1.05394,0.00076,0.00048,0.99791,0.00084
50.30000,1.05394,0.00074,0.00040,0.99807,0.00079
50.40000,1.05394,0.00062,0.00039,0.99814,0.00086
50.50000,1.05394,0.00068,0.00037,0.99800,0.00095
50.60000,1.05394,0.00059,0.00031,0.99819,0.00091
50.70000,1.05394,0.00080,0.00038,0.99778,0.00103
50.80000,1.05394,0.00064,0.00041,0.99805,0.00090
50.90000,1.05394,0.00061,0.00060,0.99736,0.00143
51.00000,1.05394,0.00054,0.00057,0.99746,0.00142
51.10000,1.05394,0.00059,0.00052,0.99764,0.00125
51.20000,1.05394,0.00066,0.00066,0.99694,0.00174
51.30000,1.05394,0.00076,0.00054,0.99737,0.00133
51.40000,1.05394,0.00058,0.00062,0.99706,0.00174
51.50000,1.05394,0.00085,0.00057,0.99710,0.00147
51.60000,1.05394,0.00088,0.00083,0.99635,0.00194
51.70000,1.05394,0.00106,0.00074,0.99624,0.00197
51.80000,1.05394,0.00092,0.00070,0.99662,0.00176
51.90000,1.05394,0.00100,0.00073,0.99658,0.00169
52.00000,1.05394,0.00067,0.00064,0.99675,0.00194
52.10000,1.05394,0.00082,0.00060,0.99672,0.00186
52.20000,1.05394,0.00071,0.00065,0.99704,0.00160
52.30000,1.05394,0.00081,0.00060,0.99676,0.00183
52.40000,1.05394,0.00079,0.00083,0.99694,0.00144
52.50000,1.05394,0.00079,0.00063,0.99715,0.00144
52.60000,1.05394,0.00071,0.00067,0.99733,0.00129
52.70000,1.05394,0.00070,0.00054,0.99745,0.00132
52.80000,1.05394,0.00061,0.00052,0.99753,0.00135
52.90000,1.05394,0.00061,0.00037,0.99788,0.00115
53.00000,1.05394,0.00067,0.00059,0.99746,0.00128
53.10000,1.05394,0.00066,0.00050,0.99765,0.00119
53.20000,1.05394,0.00063,0.00065,0.99739,0.00133
53.30000,1.05394,0.00061,0.00038,0.99793,0.00109
53.40000,1.05394,0.00076,0.00069,0.99706,0.00148
53.50000,1.05394,0.00078,0.00055,0.99713,0.00154
53.60000,1.05394,0.00073,0.00049,0.99738,0.00140
53.70000,1.05394,0.00076,0.00062,0.99720,0.00142
53.80000,1.05394,0.00087,0.00083,0.99648,0.00182
53.90000,1.05394,0.00083,0.00082,0.99705,0.00130
54.00000,1.05394,0.00070,0.00053,0.99751,0.00126
54.10000,1.05394,0.00099,0.00072,0.99695,0.00134
54.20000,1.05394,0.00087,0.00049,0.99731,0.00133
54.30000,1.05394,0.00107,0.00067,0.99696,0.00130
54.40000,1.05394,0.00090,0.00063,0.99700,0.00146
54.50000,1.05394,0.00100,0.00071,0.99688,0.00141
54.60000,1.05394,0.00097,0.00057,0.99732,0.00115
54.70000,1.05394,0.00090,0.00060,0.99706,0.00145
54.80000,1.05394,0.00093,0.00062,0.99681,0.00164
54.90000,1.05394,0.00080,0.00060,0.99686,0.00174
55.00000,1.05394,0.00105,0.00057,0.99665,0.00174
55.10000,1.05394,0.00100,0.00063,0.99667,0.00169
55.20000,1.05394,0.00100,0.00073,0.99626,0.00202
55.30000,1.05394,0.00081,0.00068,0.99652,0.00199
55.40000,1.05394,0.00093,0.00059,0.99658,0.00190
55.50000,1.05394,0.00098,0.00059,0.99663,0.00181
55.60000,1.05394,0.00105,0.00071,0.99634,0.00191
55.70000,1.05394,0.00081,0.00065,0.99666,0.00188
55.80000,1.05394,0.00104,0.00086,0.99616,0.00194
55.90000,1.05394,0.00104,0.00077,0.99645,0.00175
56.00000,1.05394,0.00092,0.00062,0.99690,0.00155
56.10000,1.05394,0.00101,0.00074,0.99656,0.00169
56.20000,1.05394,0.00092,0.00071,0.99669,0.00168
56.30000,1.05394,0.00084,0.00075,0.99681,0.00161
56.40000,1.05394,0.00087,0.00068,0.99728,0.00117
56.50000,1.05394,0.00089,0.00069,0.99712,0.00131
56.60000,1.05394,0.00079,0.00069,0.99720,0.00132
56.70000,1.05394,0.00062,0.00054,0.99776,0.00108
56.80000,1.05394,0.00097,0.00087,0.99673,0.00144
56.90000,1.05394,0.00077,0.00063,0.99723,0.00137
57.00000,1.05394,0.00088,0.00090,0.99663,0.00159
57.10000,1.05394,0.00072,0.00054,0.99758,0.00117
57.20000,1.05394,0.00088,0.00056,0.99722,0.00134
57.30000,1.05394,0.00076,0.00050,0.99742,0.00132
57.40000,1.05394,0.00095,0.00070,0.99677,0.00157
57.50000,1.05394,0.00066,0.00044,0.99792,0.00098
57.60000,1.05394,0.00099,0.00061,0.99689,0.00151
57.70000,1.05394,0.00077,0.00042,0.99770,0.00110
57.80000,1.05394,0.00056,0.00053,0.99764,0.00127
57.90000,1.05394,0.00050,0.00038,0.99814,0.00098
58.00000,1.05394,0.00058,0.00045,0.99753,0.00144
58.10000,1.05394,0.00078,0.00041,0.99773,0.00109
58.20000,1.05394,0.00061,0.00048,0.99764,0.00127
58.30000,1.05394,0.00069,0.00038,0.99776,0.00116
58.40000,1.05394,0.00105,0.00057,0.99680,0.00158
58.50000,1.05394,0.00104,0.00059,0.99660,0.00177
58.60000,1.05394,0.00127,0.00068,0.99602,0.00203
58.70000,1.05394,0.00105,0.00062,0.99625,0.00208
58.80000,1.05394,0.00120,0.00085,0.99577,0.00218
58.90000,1.05394,0.00152,0.00105,0.99525,0.00218
59.00000,1.05394,0.00131,0.00082,0.99573,0.00214
59.10000,1.05394,0.00120,0.00096,0.99579,0.00205
59.20000,1.05394,0.00116,0.00064,0.99643,0.00177
59.30000,1.05394,0.00149,0.00119,0.99501,0.00231
59.40000,1.05394,0.00126,0.00069,0.99659,0.00146
59.50000,1.05394,0.00108,0.00086,0.99619,0.00187
59.60000,1.05394,0.00105,0.00056,0.99704,0.00135
59.70000,1.05394,0.00097,0.00083,0.99648,0.00172
59.80000,1.05394,0.00093,0.00042,0.99730,0.00134
59.90000,1.05394,0.00074,0.00057,0.99689,0.00180
60.00000,1.05394,0.00087,0.00044,0.99711,0.00158
60.10000,1.05394,0.00091,0.00066,0.99695,0.00148
60.20000,1.05394,0.00084,0.00069,0.99659,0.00188
60.30000,1.05394,0.00084,0.00070,0.99669,0.00177
60.40000,1.05394,0.00074,0.00071,0.99684,0.00172
60.50000,1.05394,0.00077,0.00067,0.99709,0.00147
60.60000,1.05394,0.00082,0.00062,0.99698,0.00158
60.70000,1.05394,0.00110,0.00106,0.99614,0.00169
60.80000,1.05394,0.00090,0.00099,0.99648,0.00162
60.90000,1.05394,0.00081,0.00076,0.99701,0.00141
61.00000,1.05394,0.00085,0.00093,0.99667,0.00155
61.10000,1.05394,0.00104,0.00104,0.99634,0.00158
61.20000,1.05394,0.00104,0.00095,0.99628,0.00173
61.30000,1.05394,0.00095,0.00082,0.99655,0.00168
61.40000,1.05394,0.00108,0.00086,0.99634,0.00172
61.50000,1.05394,0.00095,0.00071,0.99693,0.00140
61.60000,1.05394,0.00105,0.00059,0.99720,0.00116
61.70000,1.05394,0.00094,0.00046,0.99755,0.00105
61.80000,1.05394,0.00119,0.00063,0.99704,0.00115
61.90000,1.05394,0.00106,0.00055,0.99735,0.00105
62.00000,1.05394,0.00089,0.00043,0.99789,0.00079
62.10000,1.05394,0.00116,0.00040,0.99766,0.00078
62.20000,1.05394,0.00081,0.00037,0.99791,0.00092
62.30000,1.05394,0.00108,0.00038,0.99763,0.00090
62.40000,1.05394,0.00097,0.00039,0.99772,0.00092
62.50000,1.05394,0.00088,0.00043,0.99762,0.00107
62.60000,1.05394,0.00107,0.00048,0.99734,0.00111
62.70000,1.05394,0.00100,0.00046,0.99697,0.00157
62.80000,1.05394,0.00106,0.00044,0.99716,0.00134
62.90000,1.05394,0.00092,0.00052,0.99666,0.00190
63.00000,1.05394,0.00098,0.00039,0.99743,0.00120
63.10000,1.05394,0.00107,0.00058,0.99628,0.00207
63.20000,1.05394,0.00073,0.00052,0.99737,0.00138
63.30000,1.05394,0.00129,0.00059,0.99621,0.00191
63.40000,1.05393,0.00076,0.00046,0.99715,0.00163
63.50000,1.05394,0.00125,0.00082,0.99508,0.00285
63.60000,1.05394,0.00076,0.00043,0.99721,0.00160
63.70000,1.05394,0.00090,0.00060,0.99625,0.00225
63.80000,1.05394,0.00065,0.00048,0.99670,0.00217
63.90000,1.05393,0.00110,0.00070,0.99544,0.00275
64.00000,1.05394,0.00063,0.00039,0.99718,0.00181
64.10000,1.05394,0.00075,0.00060,0.99648,0.00218
64.20000,1.05394,0.00086,0.00069,0.99605,0.00240
64.30000,1.05393,0.00086,0.00072,0.99598,0.00244
64.40000,1.05393,0.00047,0.00044,0.99758,0.00151
64.50000,1.05394,0.00064,0.00067,0.99737,0.00133
64.60000,1.05394,0.00073,0.00070,0.99677,0.00180
64.70000,1.05394,0.00061,0.00059,0.99748,0.00133
64.80000,1.05393,0.00055,0.00056,0.99749,0.00140
64.90000,1.05393,0.00082,0.00051,0.99761,0.00106
65.00000,1.05394,0.00073,0.00081,0.99696,0.00150
65.10000,1.05394,0.00063,0.00069,0.99735,0.00133
65.20000,1.05394,0.00075,0.00074,0.99709,0.00143
65.30000,1.05393,0.00072,0.00077,0.99695,0.00156
65.40000,1.05393,0.00070,0.00075,0.99722,0.00133
65.50000,1.05394,0.00070,0.00055,0.99725,0.00150
65.60000,1.05394,0.00091,0.00067,0.99674,0.00168
65.70000,1.05394,0.00112,0.00109,0.99589,0.00190
65.80000,1.05393,0.00118,0.00073,0.99641,0.00168
65.90000,1.05393,0.00084,0.00069,0.99678,0.00169
66.00000,1.05394,0.00089,0.00068,0.99632,0.00210
66.10000,1.05394,0.00087,0.00085,0.99638,0.00190
66.20000,1.05394,0.00098,0.00062,0.99647,0.00193
66.30000,1.05393,0.00107,0.00080,0.99621,0.00193
66.40000,1.05393,0.00111,0.00083,0.99610,0.00196
66.50000,1.05394,0.00087,0.00070,0.99592,0.00251
66.60000,1.05394,0.00085,0.00054,0.99653,0.00208
66.70000,1.05394,0.00070,0.00048,0.99626,0.00257
66.80000,1.05393,0.00091,0.00062,0.99584,0.00264
66.90000,1.05393,0.00075,0.00049,0.99604,0.00272
67.00000,1.05394,0.00107,0.00047,0.99648,0.00199
67.10000,1.05394,0.00077,0.00044,0.99658,0.00221
67.20000,1.05394,0.00089,0.00052,0.99621,0.00239
67.30000,1.05393,0.00089,0.00066,0.99606,0.00240
67.40000,1.05393,0.00095,0.00072,0.99554,0.00279
67.50000,1.05394,0.00101,0.00091,0.99600,0.00208
67.60000,1.05394,0.00085,0.00092,0.99579,0.00244
67.70000,1.05394,0.00078,0.00066,0.99667,0.00189
67.80000,1.05393,0.00076,0.00054,0.99687,0.00183
67.90000,1.05393,0.00076,0.00069,0.99613,0.00242
68.00000,1.05394,0.00057,0.00043,0.99696,0.00205
68.10000,1.05394,0.00068,0.00053,0.99648,0.00231
68.20000,1.05394,0.00056,0.00049,0.99684,0.00211
68.30000,1.05393,0.00059,0.00037,0.99731,0.00173
68.40000,1.05393,0.00048,0.00027,0.99752,0.00173
68.50000,1.05394,0.00041,0.00025,0.99748,0.00186
68.60000,1.05394,0.00063,0.00037,0.99731,0.00168
68.70000,1.05394,0.00056,0.00038,0.99715,0.00191
68.80000,1.05393,0.00085,0.00040,0.99682,0.00194
68.90000,1.05393,0.00067,0.00060,0.99636,0.00237
69.00000,1.05394,0.00095,0.00051,0.99667,0.00187
69.10000,1.05394,0.00054,0.00044,0.99726,0.00176
69.20000,1.05394,0.00099,0.00048,0.99664,0.00188
69.30000,1.05393,0.00086,0.00068,0.99632,0.00214
69.40000,1.05393,0.00089,0.00062,0.99679,0.00169
69.50000,1.05394,0.00104,0.00068,0.99658,0.00170
69.60000,1.05394,0.00085,0.00075,0.99674,0.00165
69.70000,1.05394,0.00090,0.00059,0.99722,0.00130
69.80000,1.05393,0.00090,0.00070,0.99691,0.00148
69.90000,1.05393,0.00107,0.00053,0.99725,0.00115
70.00000,1.05394,0.00078,0.00072,0.99715,0.00135
70.10000,1.05394,0.00099,0.00054,0.99761,0.00086
70.20000,1.05394,0.00086,0.00073,0.99717,0.00123
70.30000,1.05393,0.00088,0.00050,0.99766,0.00097
70.40000,1.05393,0.00072,0.00073,0.99735,0.00120
70.50000,1.05394,0.00077,0.00066,0.99720,0.00136
70.60000,1.05394,0.00077,0.00077,0.99701,0.00145
70.70000,1.05394,0.00071,0.00074,0.99701,0.00154
70.80000,1.05393,0.00068,0.00070,0.99724,0.00138
70.90000,1.05393,0.00062,0.00074,0.99711,0.00152
71.00000,1.05394,0.00067,0.00090,0.99668,0.00175
71.10000,1.05394,0.00062,0.00072,0.99678,0.00188
71.20000,1.05394,0.00082,0.00109,0.99637,0.00172
71.30000,1.05393,0.00057,0.00076,0.99689,0.00177
71.40000,1.05393,0.00069,0.00082,0.99714,0.00135
71.50000,1.05394,0.00088,0.00086,0.99675,0.00150
71.60000,1.05394,0.00077,0.00076,0.99688,0.00159
71.70000,1.05394,0.00070,0.00073,0.99743,0.00115
71.80000,1.05393,0.00102,0.00084,0.99678,0.00136
71.90000,1.05393,0.00119,0.00067,0.99690,0.00124
72.00000,1.05394,0.00111,0.00103,0.99635,0.00152
72.10000,1.05394,0.00113,0.00071,0.99714,0.00103
72.20000,1.05394,0.00116,0.00090,0.99662,0.00132
72.30000,1.05393,0.00133,0.00099,0.99617,0.00151
72.40000,1.05393,0.00087,0.00077,0.99693,0.00144
72.50000,1.05394,0.00113,0.00112,0.99588,0.00187
72.60000,1.05394,0.00118,0.00118,0.99617,0.00147
72.70000,1.05394,0.00118,0.00112,0.99655,0.00116
72.80000,1.05393,0.00095,0.00090,0.99690,0.00125
72.90000,1.05393,0.00082,0.00101,0.99669,0.00149
73.00000,1.05394,0.00100,0.00105,0.99618,0.00177
73.10000,1.05394,0.00079,0.00110,0.99636,0.00175
73.20000,1.05394,0.00084,0.00064,0.99727,0.00126
73.30000,1.05393,0.00079,0.00080,0.99682,0.00159
73.40000,1.05393,0.00093,0.00081,0.99672,0.00154
73.50000,1.05394,0.00092,0.00078,0.99685,0.00145
73.60000,1.05394,0.00096,0.00066,0.99669,0.00169
73.70000,1.05394,0.00096,0.00063,0.99688,0.00153
73.80000,1.05393,0.00086,0.00057,0.99712,0.00146
73.90000,1.05393,0.00108,0.00049,0.99738,0.00104
74.00000,1.05394,0.00098,0.00054,0.99744,0.00105
74.10000,1.05394,0.00093,0.00055,0.99746,0.00106
74.20000,1.05394,0.00094,0.00051,0.99757,0.00098
74.30000,1.05393,0.00095,0.00058,0.99746,0.00102
74.40000,1.05393,0.00132,0.00074,0.99657,0.00137
74.50000,1.05394,0.00113,0.00083,0.99651,0.00153
74.60000,1.05394,0.00096,0.00081,0.99681,0.00142
74.70000,1.05394,0.00089,0.00051,0.99742,0.00118
74.80000,1.05393,0.00122,0.00078,0.99669,0.00131
74.90000,1.05393,0.00108,0.00059,0.99700,0.00133
75.00000,1.05394,0.00109,0.00072,0.99660,0.00159
75.10000,1.05394,0.00099,0.00053,0.99721,0.00128
75.20000,1.05394,0.00099,0.00066,0.99691,0.00143
75.30000,1.05393,0.00100,0.00062,0.99719,0.00119
75.40000,1.05393,0.00102,0.00076,0.99686,0.00136
75.50000,1.05394,0.00075,0.00064,0.99709,0.00153
75.60000,1.05394,0.00080,0.00082,0.99684,0.00153
75.70000,1.05394,0.00079,0.00067,0.99709,0.00145
75.80000,1.05393,0.00066,0.00098,0.99688,0.00149
75.90000,1.05393,0.00088,0.00087,0.99698,0.00128
76.00000,1.05394,0.00087,0.00100,0.99690,0.00122
76.10000,1.05394,0.00087,0.00097,0.99661,0.00155
76.20000,1.05394,0.00091,0.00099,0.99632,0.00179
76.30000,1.05393,0.00091,0.00090,0.99647,0.00172
76.40000,1.05393,0.00080,0.00083,0.99698,0.00139
76.50000,1.05394,0.00086,0.00091,0.99626,0.00196
76.60000,1.05394,0.00108,0.00103,0.99620,0.00169
76.70000,1.05394,0.00092,0.00088,0.99619,0.00202
76.80000,1.05393,0.00093,0.00117,0.99551,0.00240
76.90000,1.05393,0.00119,0.00130,0.99499,0.00252
77.00000,1.05394,0.00086,0.00109,0.99610,0.00195
77.10000,1.05394,0.00085,0.00098,0.99650,0.00167
77.20000,1.05394,0.00078,0.00099,0.99646,0.00177
77.30000,1.05393,0.00074,0.00114,0.99596,0.00216
77.40000,1.05393,0.00084,0.00103,0.99644,0.00170
77.50000,1.05394,0.00070,0.00102,0.99639,0.00189
77.60000,1.05394,0.00074,0.00078,0.99699,0.00148
77.70000,1.05394,0.00079,0.00094,0.99643,0.00184
77.80000,1.05393,0.00082,0.00074,0.99689,0.00155
77.90000,1.05393,0.00081,0.00086,0.99647,0.00185
78.00000,1.05394,0.00070,0.00066,0.99696,0.00168
78.10000,1.05394,0.00092,0.00081,0.99641,0.00187
78.20000,1.05394,0.00093,0.00089,0.99620,0.00198
78.30000,1.05393,0.00097,0.00081,0.99641,0.00181
78.40000,1.05393,0.00073,0.00082,0.99678,0.00167
78.50000,1.05394,0.00081,0.00069,0.99699,0.00151
78.60000,1.05394,0.00067,0.00058,0.99740,0.00136
78.70000,1.05394,0.00094,0.00093,0.99632,0.00181
78.80000,1.05393,0.00077,0.00069,0.99689,0.00165
78.90000,1.05393,0.00076,0.00062,0.99695,0.00166
79.00000,1.05394,0.00073,0.00082,0.99711,0.00134
79.10000,1.05394,0.00091,0.00072,0.99684,0.00154
79.20000,1.05394,0.00099,0.00096,0.99611,0.00194
79.30000,1.05393,0.00086,0.00060,0.99678,0.00176
79.40000,1.05393,0.00070,0.00073,0.99681,0.00176
79.50000,1.05394,0.00079,0.00063,0.99695,0.00162
79.60000,1.05394,0.00065,0.00064,0.99744,0.00127
79.70000,1.05394,0.00072,0.00052,0.99738,0.00138
79.80000,1.05393,0.00055,0.00057,0.99775,0.00113
79.90000,1.05393,0.00064,0.00051,0.99752,0.00133
80.00000,1.05394,0.00058,0.00049,0.99772,0.00121
80.10000,1.05394,0.00083,0.00061,0.99721,0.00135
80.20000,1.05394,0.00058,0.00056,0.99777,0.00109
80.30000,1.05393,0.00071,0.00046,0.99791,0.00091
80.40000,1.05393,0.00071,0.00050,0.99764,0.00115
80.50000,1.05394,0.00074,0.00048,0.99770,0.00109
80.60000,1.05394,0.00069,0.00053,0.99764,0.00115
80.70000,1.05394,0.00066,0.00045,0.99771,0.00118
80.80000,1.05393,0.00070,0.00043,0.99780,0.00107
80.90000,1.05393,0.00060,0.00045,0.99782,0.00113
81.00000,1.05394,0.00059,0.00053,0.99765,0.00123
81.10000,1.05394,0.00069,0.00052,0.99742,0.00136
81.20000,1.05394,0.00080,0.00072,0.99692,0.00155
81.30000,1.05393,0.00068,0.00081,0.99716,0.00135
81.40000,1.05393,0.00058,0.00068,0.99751,0.00123
81.50000,1.05394,0.00057,0.00062,0.99735,0.00146
81.60000,1.05394,0.00071,0.00077,0.99708,0.00144
81.70000,1.05394,0.00063,0.00068,0.99736,0.00133
81.80000,1.05393,0.00085,0.00091,0.99683,0.00141
81.90000,1.05393,0.00073,0.00095,0.99675,0.00157
82.00000,1.05394,0.00064,0.00079,0.99737,0.00119
82.10000,1.05394,0.00099,0.00098,0.99652,0.00151
82.20000,1.05394,0.00079,0.00075,0.99689,0.00157
82.30000,1.05393,0.00081,0.00078,0.99691,0.00149
82.40000,1.05393,0.00070,0.00054,0.99755,0.00120
82.50000,1.05394,0.00089,0.00062,0.99738,0.00111
82.60000,1.05394,0.00068,0.00042,0.99789,0.00102
82.70000,1.05394,0.00076,0.00044,0.99765,0.00115
82.80000,1.05393,0.00106,0.00049,0.99723,0.00122
82.90000,1.05393,0.00100,0.00055,0.99675,0.00170
83.00000,1.05394,0.00074,0.00046,0.99729,0.00151
83.10000,1.05394,0.00056,0.00032,0.99798,0.00114
83.20000,1.05394,0.00055,0.00026,0.99815,0.00103
83.30000,1.05393,0.00061,0.00038,0.99780,0.00122
83.40000,1.05393,0.00057,0.00028,0.99793,0.00122
83.50000,1.05394,0.00071,0.00042,0.99754,0.00133
83.60000,1.05394,0.00070,0.00056,0.99714,0.00160
83.70000,1.05394,0.00062,0.00043,0.99768,0.00126
83.80000,1.05393,0.00063,0.00042,0.99759,0.00136
83.90000,1.05393,0.00065,0.00042,0.99786,0.00107
84.00000,1.05394,0.00063,0.00039,0.99747,0.00152
84.10000,1.05394,0.00090,0.00044,0.99734,0.00132
84.20000,1.05394,0.00065,0.00039,0.99772,0.00124
84.30000,1.05393,0.00069,0.00049,0.99749,0.00133
84.40000,1.05393,0.00082,0.00056,0.99723,0.00139
84.50000,1.05394,0.00078,0.00049,0.99733,0.00141
84.60000,1.05394,0.00063,0.00032,0.99813,0.00091
84.70000,1.05394,0.00081,0.00058,0.99733,0.00128
84.80000,1.05393,0.00068,0.00038,0.99789,0.00105
84.90000,1.05393,0.00085,0.00068,0.99718,0.00130
85.00000,1.05394,0.00089,0.00072,0.99709,0.00131
85.10000,1.05394,0.00070,0.00052,0.99744,0.00134
85.20000,1.05394,0.00076,0.00077,0.99710,0.00137
85.30000,1.05393,0.00084,0.00072,0.99695,0.00149
85.40000,1.05393,0.00086,0.00091,0.99641,0.00182
85.50000,1.05394,0.00076,0.00082,0.99658,0.00184
85.60000,1.05394,0.00102,0.00087,0.99640,0.00170
85.70000,1.05394,0.00080,0.00099,0.99661,0.00160
85.80000,1.05393,0.00104,0.00110,0.99595,0.00190
85.90000,1.05393,0.00068,0.00079,0.99665,0.00187
86.00000,1.05394,0.00103,0.00108,0.99573,0.00217
86.10000,1.05394,0.00065,0.00062,0.99681,0.00191
86.20000,1.05394,0.00071,0.00061,0.99656,0.00212
86.30000,1.05393,0.00059,0.00065,0.99683,0.00192
86.40000,1.05393,0.00091,0.00071,0.99626,0.00212
86.50000,1.05394,0.00058,0.00065,0.99702,0.00175
86.60000,1.05394,0.00067,0.00044,0.99743,0.00146
86.70000,1.05394,0.00066,0.00053,0.99724,0.00158
86.80000,1.05393,0.00086,0.00061,0.99708,0.00145
86.90000,1.05393,0.00052,0.00041,0.99779,0.00127
87.00000,1.05394,0.00051,0.00040,0.99780,0.00128
87.10000,1.05394,0.00064,0.00044,0.99778,0.00115
87.20000,1.05394,0.00063,0.00070,0.99749,0.00118
87.30000,1.05393,0.00074,0.00041,0.99789,0.00097
87.40000,1.05393,0.00063,0.00038,0.99791,0.00108
87.50000,1.05394,0.00068,0.00054,0.99748,0.00131
87.60000,1.05394,0.00076,0.00055,0.99733,0.00136
87.70000,1.05394,0.00082,0.00064,0.99708,0.00146
87.80000,1.05393,0.00091,0.00068,0.99669,0.00173
87.90000,1.05393,0.00073,0.00075,0.99685,0.00166
88.00000,1.05394,0.00074,0.00083,0.99672,0.00171
88.10000,1.05394,0.00051,0.00044,0.99780,0.00126
88.20000,1.05394,0.00046,0.00054,0.99773,0.00128
88.30000,1.05393,0.00062,0.00059,0.99749,0.00130
88.40000,1.05393,0.00048,0.00054,0.99787,0.00110
88.50000,1.05394,0.00047,0.00051,0.99786,0.00116
88.60000,1.05394,0.00039,0.00035,0.99837,0.00089
88.70000,1.05394,0.00039,0.00032,0.99828,0.00101
88.80000,1.05393,0.00050,0.00043,0.99789,0.00118
88.90000,1.05393,0.00047,0.00030,0.99829,0.00094
89.00000,1.05394,0.00064,0.00036,0.99777,0.00123
89.10000,1.05394,0.00053,0.00037,0.99780,0.00130
89.20000,1.05394,0.00091,0.00078,0.99639,0.00192
89.30000,1.05393,0.00065,0.00049,0.99738,0.00148
89.40000,1.05393,0.00079,0.00074,0.99654,0.00193
89.50000,1.05394,0.00084,0.00058,0.99718,0.00140
89.60000,1.05394,0.00071,0.00049,0.99723,0.00157
89.70000,1.05394,0.00083,0.00054,0.99712,0.00151
89.80000,1.05393,0.00083,0.00083,0.99672,0.00162
89.90000,1.05393,0.00078,0.00086,0.99682,0.00154
90.00000,1.05394,0.00075,0.00084,0.99693,0.00148
90.10000,1.05394,0.00061,0.00048,0.99785,0.00106
90.20000,1.05394,0.00041,0.00035,0.99832,0.00091
90.30000,1.05393,0.00052,0.00042,0.99805,0.00101
90.40000,1.05393,0.00061,0.00061,0.99773,0.00106
90.50000,1.05394,0.00059,0.00061,0.99753,0.00127
90.60000,1.05394,0.00053,0.00050,0.99797,0.00100
90.70000,1.05394,0.00049,0.00041,0.99800,0.00111
90.80000,1.05393,0.00055,0.00054,0.99771,0.00119
90.90000,1.05393,0.00065,0.00064,0.99708,0.00163
91.00000,1.05394,0.00082,0.00072,0.99663,0.00184
91.10000,1.05394,0.00066,0.00070,0.99704,0.00161
91.20000,1.05394,0.00079,0.00063,0.99708,0.00150
91.30000,1.05393,0.00077,0.00075,0.99695,0.00154
91.40000,1.05393,0.00077,0.00063,0.99727,0.00134
91.50000,1.05394,0.00105,0.00084,0.99668,0.00143
91.60000,1.05394,0.00097,0.00069,0.99703,0.00130
91.70000,1.05394,0.00089,0.00091,0.99691,0.00129
91.80000,1.05393,0.00067,0.00065,0.99735,0.00133
91.90000,1.05393,0.00066,0.00070,0.99739,0.00125
92.00000,1.05394,0.00060,0.00062,0.99759,0.00118
92.10000,1.05394,0.00059,0.00058,0.99802,0.00081
92.20000,1.05394,0.00068,0.00055,0.99770,0.00108
92.30000,1.05393,0.00056,0.00042,0.99821,0.00082
92.40000,1.05393,0.00058,0.00054,0.99788,0.00100
92.50000,1.05394,0.00044,0.00041,0.99826,0.00088
92.60000,1.05394,0.00053,0.00045,0.99794,0.00108
92.70000,1.05394,0.00062,0.00058,0.99755,0.00125
92.80000,1.05393,0.00073,0.00055,0.99730,0.00142
92.90000,1.05393,0.00062,0.00047,0.99782,0.00109
93.00000,1.05394,0.00074,0.00058,0.99732,0.00136
93.10000,1.05394,0.00068,0.00049,0.99761,0.00122
93.20000,1.05394,0.00070,0.00063,0.99733,0.00135
93.30000,1.05393,0.00073,0.00067,0.99743,0.00117
93.40000,1.05393,0.00066,0.00051,0.99783,0.00100
93.50000,1.05394,0.00066,0.00050,0.99783,0.00101
93.60000,1.05394,0.00073,0.00046,0.99786,0.00095
93.70000,1.05394,0.00069,0.00063,0.99768,0.00100
93.80000,1.05393,0.00067,0.00049,0.99776,0.00108
93.90000,1.05393,0.00059,0.00079,0.99744,0.00118
94.00000,1.05394,0.00066,0.00055,0.99753,0.00126
94.10000,1.05394,0.00071,0.00082,0.99699,0.00148
94.20000,1.05394,0.00052,0.00043,0.99781,0.00123
94.30000,1.05393,0.00075,0.00061,0.99742,0.00122
94.40000,1.05393,0.00064,0.00066,0.99750,0.00120
94.50000,1.05394,0.00066,0.00045,0.99760,0.00130
94.60000,1.05394,0.00059,0.00049,0.99753,0.00139
94.70000,1.05394,0.00105,0.00074,0.99626,0.00194
94.80000,1.05393,0.00065,0.00053,0.99732,0.00150
94.90000,1.05393,0.00059,0.00040,0.99751,0.00151
95.00000,1.05394,0.00051,0.00043,0.99768,0.00138
95.10000,1.05394,0.00080,0.00064,0.99639,0.00217
95.20000,1.05394,0.00063,0.00053,0.99693,0.00192
95.30000,1.05393,0.00063,0.00043,0.99701,0.00193
95.40000,1.05393,0.00077,0.00061,0.99640,0.00222
95.50000,1.05394,0.00084,0.00075,0.99625,0.00216
95.60000,1.05394,0.00058,0.00065,0.99684,0.00193
95.70000,1.05394,0.00071,0.00062,0.99671,0.00197
95.80000,1.05393,0.00083,0.00072,0.99662,0.00182
95.90000,1.05393,0.00095,0.00075,0.99696,0.00134
96.00000,1.05394,0.00076,0.00076,0.99700,0.00148
96.10000,1.05394,0.00082,0.00082,0.99672,0.00164
96.20000,1.05394,0.00088,0.00084,0.99641,0.00187
96.30000,1.05393,0.00076,0.00077,0.99717,0.00130
96.40000,1.05393,0.00089,0.00078,0.99652,0.00181
96.50000,1.05394,0.00071,0.00064,0.99714,0.00150
96.60000,1.05394,0.00087,0.00092,0.99630,0.00190
96.70000,1.05394,0.00063,0.00069,0.99715,0.00153
96.80000,1.05393,0.00105,0.00087,0.99639,0.00169
96.90000,1.05393,0.00054,0.00067,0.99763,0.00116
97.00000,1.05394,0.00091,0.00081,0.99677,0.00150
97.10000,1.05394,0.00052,0.00054,0.99790,0.00104
97.20000,1.05394,0.00078,0.00076,0.99707,0.00139
97.30000,1.05393,0.00079,0.00064,0.99736,0.00121
97.40000,1.05393,0.00090,0.00067,0.99737,0.00106
97.50000,1.05394,0.00067,0.00046,0.99801,0.00086
97.60000,1.05394,0.00114,0.00075,0.99698,0.00113
97.70000,1.05394,0.00093,0.00068,0.99709,0.00130
97.80000,1.05393,0.00120,0.00075,0.99647,0.00158
97.90000,1.05393,0.00111,0.00061,0.99660,0.00167
98.00000,1.05394,0.00165,0.00103,0.99555,0.00177
98.10000,1.05394,0.00123,0.00076,0.99677,0.00124
98.20000,1.05394,0.00156,0.00110,0.99532,0.00203
98.30000,1.05393,0.00151,0.00110,0.99570,0.00169
98.40000,1.05393,0.00158,0.00151,0.99497,0.00195
98.50000,1.05394,0.00110,0.00111,0.99606,0.00173
98.60000,1.05394,0.00103,0.00080,0.99668,0.00150
98.70000,1.05394,0.00098,0.00077,0.99708,0.00117
98.80000,1.05393,0.00106,0.00104,0.99665,0.00125
98.90000,1.05393,0.00091,0.00075,0.99712,0.00122
99.00000,1.05394,0.00089,0.00077,0.99728,0.00106
99.10000,1.05394,0.00064,0.00082,0.99739,0.00116
99.20000,1.05394,0.00075,0.00091,0.99725,0.00109
99.30000,1.05393,0.00069,0.00066,0.99773,0.00092
99.40000,1.05393,0.00098,0.00102,0.99672,0.00127
99.50000,1.05394,0.00086,0.00077,0.99713,0.00124
99.60000,1.05394,0.00094,0.00087,0.99694,0.00126
99.70000,1.05394,0.00129,0.00094,0.99623,0.00154
99.80000,1.05393,0.00105,0.00099,0.99628,0.00169
99.90000,1.05393,0.00113,0.00071,0.99682,0.00134
100.00000,1.05394,0.00111,0.00091,0.99628,0.00170
100.10000,1.05394,0.00122,0.00071,0.99634,0.00173
100.20000,1.05394,0.00089,0.00074,0.99678,0.00159
100.30000,1.05393,0.00099,0.00070,0.99668,0.00163
100.40000,1.05393,0.00100,0.00081,0.99666,0.00153
100.50000,1.05394,0.00083,0.00067,0.99708,0.00142
100.60000,1.05394,0.00083,0.00078,0.99709,0.00130
100.70000,1.05394,0.00069,0.00080,0.99678,0.00173
100.80000,1.05393,0.00079,0.00062,0.99694,0.00164
100.90000,1.05393,0.00071,0.00080,0.99648,0.00202
101.00000,1.05394,0.00112,0.00123,0.99554,0.00210
101.10000,1.05394,0.00073,0.00080,0.99664,0.00184
101.20000,1.05394,0.00082,0.00077,0.99698,0.00143
101.30000,1.05393,0.00072,0.00065,0.99708,0.00155
101.40000,1.05393,0.00090,0.00075,0.99662,0.00174
101.50000,1.05394,0.00078,0.00072,0.99653,0.00197
101.60000,1.05394,0.00084,0.00087,0.99638,0.00191
101.70000,1.05394,0.00094,0.00080,0.99661,0.00165
101.80000,1.05393,0.00107,0.00083,0.99669,0.00142
101.90000,1.05393,0.00080,0.00061,0.99711,0.00148
102.00000,1.05394,0.00077,0.00066,0.99712,0.00144
102.10000,1.05394,0.00083,0.00072,0.99673,0.00172
102.20000,1.05394,0.00098,0.00062,0.99700,0.00140
102.30000,1.05393,0.00084,0.00098,0.99654,0.00164
102.40000,1.05393,0.00114,0.00094,0.99650,0.00143
102.50000,1.05394,0.00085,0.00107,0.99646,0.00162
102.60000,1.05394,0.00092,0.00092,0.99662,0.00154
102.70000,1.05394,0.00090,0.00123,0.99599,0.00188
102.80000,1.05393,0.00100,0.00126,0.99579,0.00195
102.90000,1.05393,0.00097,0.00106,0.99623,0.00174
103.00000,1.05394,0.00121,0.00129,0.99551,0.00199
103.10000,1.05394,0.00111,0.00140,0.99519,0.00231
103.20000,1.05394,0.00151,0.00178,0.99404,0.00267
103.30000,1.05393,0.00116,0.00116,0.99568,0.00200
103.40000,1.05393,0.00124,0.00130,0.99527,0.00219
103.50000,1.05394,0.00115,0.00138,0.99469,0.00278
103.60000,1.05394,0.00141,0.00120,0.99471,0.00268
103.70000,1.05394,0.00110,0.00102,0.99555,0.00233
103.80000,1.05393,0.00110,0.00135,0.99528,0.00227
103.90000,1.05393,0.00080,0.00089,0.99679,0.00152
104.00000,1.05394,0.00076,0.00101,0.99629,0.00195
104.10000,1.05394,0.00068,0.00074,0.99700,0.00158
104.20000,1.05394,0.00065,0.00083,0.99728,0.00124
104.30000,1.05393,0.00070,0.00074,0.99701,0.00155
104.40000,1.05393,0.00070,0.00100,0.99653,0.00177
104.50000,1.05394,0.00078,0.00073,0.99705,0.00144
104.60000,1.05394,0.00070,0.00078,0.99707,0.00145
104.70000,1.05394,0.00094,0.00105,0.99586,0.00216
104.80000,1.05393,0.00074,0.00087,0.99665,0.00174
104.90000,1.05393,0.00092,0.00091,0.99617,0.00200
105.00000,1.05394,0.00074,0.00079,0.99688,0.00159
105.10000,1.05394,0.00088,0.00098,0.99648,0.00166
105.20000,1.05394,0.00095,0.00079,0.99686,0.00140
105.30000,1.05393,0.00073,0.00062,0.99710,0.00155
105.40000,1.05393,0.00083,0.00048,0.99721,0.00148
105.50000,1.05394,0.00068,0.00062,0.99738,0.00132
105.60000,1.05394,0.00087,0.00047,0.99743,0.00123
105.70000,1.05394,0.00085,0.00065,0.99730,0.00120
105.80000,1.05393,0.00095,0.00065,0.99668,0.00172
105.90000,1.05393,0.00078,0.00063,0.99703,0.00156
106.00000,1.05394,0.00104,0.00050,0.99707,0.00139
106.10000,1.05394,0.00061,0.00045,0.99764,0.00130
106.20000,1.05394,0.00062,0.00051,0.99770,0.00117
106.30000,1.05393,0.00073,0.00054,0.99779,0.00095
106.40000,1.05393,0.00062,0.00060,0.99775,0.00103
106.50000,1.05394,0.00063,0.00059,0.99763,0.00115
106.60000,1.05394,0.00058,0.00054,0.99758,0.00130
106.70000,1.05394,0.00059,0.00051,0.99756,0.00134
106.80000,1.05393,0.00046,0.00045,0.99793,0.00117
106.90000,1.05393,0.00058,0.00060,0.99751,0.00131
107.00000,1.05394,0.00055,0.00057,0.99732,0.00156
107.10000,1.05394,0.00049,0.00071,0.99693,0.00187
107.20000,1.05394,0.00055,0.00050,0.99725,0.00171
107.30000,1.05393,0.00057,0.00061,0.99681,0.00201
107.40000,1.05393,0.00054,0.00034,0.99779,0.00134
107.50000,1.05394,0.00063,0.00052,0.99698,0.00187
107.60000,1.05394,0.00060,0.00043,0.99741,0.00156
107.70000,1.05394,0.00080,0.00046,0.99711,0.00163
107.80000,1.05393,0.00077,0.00047,0.99682,0.00194
107.90000,1.05393,0.00072,0.00048,0.99681,0.00199
108.00000,1.05394,0.00057,0.00034,0.99728,0.00181
108.10000,1.05394,0.00069,0.00041,0.99711,0.00179
108.20000,1.05394,0.00060,0.00030,0.99755,0.00155
108.30000,1.05393,0.00070,0.00042,0.99736,0.00153
108.40000,1.05393,0.00059,0.00035,0.99764,0.00142
108.50000,1.05394,0.00061,0.00033,0.99797,0.00109
108.60000,1.05394,0.00062,0.00034,0.99771,0.00133
108.70000,1.05394,0.00063,0.00056,0.99751,0.00130
108.80000,1.05393,0.00049,0.00047,0.99780,0.00124
108.90000,1.05393,0.00062,0.00055,0.99782,0.00100
109.00000,1.05394,0.00049,0.00054,0.99791,0.00106
109.10000,1.05394,0.00051,0.00063,0.99775,0.00111
109.20000,1.05394,0.00045,0.00054,0.99796,0.00104
109.30000,1.05393,0.00047,0.00064,0.99746,0.00144
109.40000,1.05393,0.00050,0.00063,0.99755,0.00132
109.50000,1.05394,0.00054,0.00076,0.99697,0.00173
109.60000,1.05394,0.00063,0.00051,0.99792,0.00094
109.70000,1.05394,0.00055,0.00056,0.99758,0.00131
109.80000,1.05393,0.00058,0.00051,0.99763,0.00128
109.90000,1.05393,0.00067,0.00051,0.99750,0.00132
110.00000,1.05394,0.00073,0.00047,0.99752,0.00127
110.10000,1.05394,0.00061,0.00042,0.99775,0.00123
110.20000,1.05394,0.00063,0.00038,0.99754,0.00145
110.30000,1.05393,0.00047,0.00025,0.99845,0.00083
110.40000,1.05393,0.00052,0.00029,0.99828,0.00091
110.50000,1.05394,0.00046,0.00026,0.99841,0.00087
110.60000,1.05394,0.00062,0.00038,0.99790,0.00111
110.70000,1.05394,0.00047,0.00024,0.99848,0.00082
110.80000,1.05393,0.00053,0.00035,0.99829,0.00084
110.90000,1.05393,0.00050,0.00026,0.99828,0.00096
111.00000,1.05394,0.00039,0.00026,0.99847,0.00088
111.10000,1.05394,0.00040,0.00028,0.99830,0.00101
111.20000,1.05394,0.00049,0.00048,0.99770,0.00133
111.30000,1.05393,0.00038,0.00028,0.99826,0.00108
111.40000,1.05393,0.00054,0.00034,0.99790,0.00121
111.50000,1.05394,0.00050,0.00035,0.99761,0.00154
111.60000,1.05394,0.00041,0.00028,0.99780,0.00151
111.70000,1.05394,0.00049,0.00036,0.99750,0.00165
111.80000,1.05393,0.00057,0.00035,0.99763,0.00145
111.90000,1.05393,0.00078,0.00053,0.99696,0.00173
112.00000,1.05394,0.00057,0.00047,0.99736,0.00160
112.10000,1.05394,0.00061,0.00040,0.99783,0.00116
112.20000,1.05394,0.00064,0.00040,0.99770,0.00126
112.30000,1.05393,0.00078,0.00063,0.99717,0.00142
112.40000,1.05393,0.00085,0.00067,0.99709,0.00138
112.50000,1.05394,0.00093,0.00066,0.99687,0.00154
112.60000,1.05394,0.00066,0.00059,0.99754,0.00121
112.70000,1.05394,0.00078,0.00060,0.99733,0.00129
112.80000,1.05393,0.00070,0.00074,0.99702,0.00155
112.90000,1.05393,0.00079,0.00077,0.99675,0.00169
113.00000,1.05394,0.00060,0.00054,0.99765,0.00121
113.10000,1.05394,0.00069,0.00040,0.99763,0.00128
113.20000,1.05394,0.00064,0.00035,0.99781,0.00119
113.30000,1.05393,0.00076,0.00061,0.99699,0.00163
113.40000,1.05393,0.00069,0.00042,0.99755,0.00134
113.50000,1.05394,0.00074,0.00048,0.99714,0.00163
113.60000,1.05394,0.00085,0.00038,0.99730,0.00146
113.70000,1.05394,0.00078,0.00062,0.99675,0.00185
113.80000,1.05393,0.00096,0.00062,0.99671,0.00171
113.90000,1.05393,0.00082,0.00065,0.99673,0.00180
114.00000,1.05394,0.00075,0.00053,0.99705,0.00167
114.10000,1.05394,0.00088,0.00070,0.99684,0.00158
114.20000,1.05394,0.00106,0.00071,0.99656,0.00168
114.30000,1.05393,0.00075,0.00046,0.99743,0.00136
114.40000,1.05393,0.00067,0.00055,0.99727,0.00150
114.50000,1.05394,0.00071,0.00048,0.99747,0.00134
114.60000,1.05394,0.00074,0.00053,0.99716,0.00158
114.70000,1.05394,0.00060,0.00033,0.99786,0.00122
114.80000,1.05393,0.00107,0.00043,0.99701,0.00150
114.90000,1.05393,0.00068,0.00033,0.99769,0.00130
115.00000,1.05394,0.00094,0.00054,0.99709,0.00143
115.10000,1.05394,0.00091,0.00053,0.99680,0.00175
115.20000,1.05394,0.00118,0.00061,0.99616,0.00205
115.30000,1.05393,0.00079,0.00046,0.99710,0.00164
115.40000,1.05393,0.00095,0.00054,0.99689,0.00163
115.50000,1.05394,0.00087,0.00041,0.99744,0.00128
115.60000,1.05394,0.00115,0.00065,0.99679,0.00141
115.70000,1.05394,0.00087,0.00048,0.99721,0.00143
115.80000,1.05393,0.00073,0.00039,0.99770,0.00118
115.90000,1.05393,0.00072,0.00036,0.99773,0.00119
116.00000,1.05394,0.00067,0.00049,0.99739,0.00145
116.10000,1.05394,0.00058,0.00030,0.99795,0.00117
116.20000,1.05394,0.00067,0.00045,0.99740,0.00148
116.30000,1.05393,0.00050,0.00033,0.99785,0.00131
116.40000,1.05393,0.00073,0.00065,0.99692,0.00170
116.50000,1.05394,0.00050,0.00040,0.99792,0.00119
116.60000,1.05394,0.00051,0.00040,0.99772,0.00137
116.70000,1.05394,0.00046,0.00047,0.99756,0.00151
116.80000,1.05393,0.00050,0.00047,0.99760,0.00144
116.90000,1.05393,0.00045,0.00047,0.99751,0.00157
117.00000,1.05394,0.00048,0.00055,0.99747,0.00150
117.10000,1.05394,0.00050,0.00057,0.99732,0.00161
117.20000,1.05394,0.00055,0.00071,0.99694,0.00180
117.30000,1.05393,0.00072,0.00078,0.99666,0.00184
117.40000,1.05393,0.00068,0.00063,0.99718,0.00151
117.50000,1.05394,0.00088,0.00063,0.99705,0.00144
117.60000,1.05394,0.00073,0.00058,0.99730,0.00139
117.70000,1.05394,0.00084,0.00070,0.99706,0.00140
117.80000,1.05393,0.00088,0.00067,0.99709,0.00136
117.90000,1.05393,0.00099,0.00086,0.99646,0.00169
118.00000,1.05394,0.00093,0.00088,0.99695,0.00125
118.10000,1.05394,0.00082,0.00075,0.99690,0.00153
118.20000,1.05394,0.00070,0.00062,0.99758,0.00110
118.30000,1.05393,0.00064,0.00054,0.99752,0.00130
118.40000,1.05393,0.00059,0.00062,0.99766,0.00113
118.50000,1.05394,0.00075,0.00058,0.99737,0.00131
118.60000,1.05394,0.00066,0.00072,0.99724,0.00139
118.70000,1.05394,0.00080,0.00071,0.99698,0.00151
118.80000,1.05393,0.00080,0.00094,0.99663,0.00164
118.90000,1.05393,0.00073,0.00069,0.99682,0.00175
119.00000,1.05394,0.00068,0.00079,0.99679,0.00175
119.10000,1.05394,0.00094,0.00076,0.99661,0.00168
119.20000,1.05394,0.00072,0.00086,0.99621,0.00222
119.30000,1.05393,0.00060,0.00081,0.99661,0.00198
119.40000,1.05393,0.00051,0.00069,0.99698,0.00182
119.50000,1.05394,0.00062,0.00090,0.99656,0.00192
119.60000,1.05394,0.00073,0.00099,0.99591,0.00237
119.70000,1.05394,0.00081,0.00087,0.99635,0.00196
119.80000,1.05393,0.00064,0.00075,0.99653,0.00208
119.90000,1.05393,0.00069,0.00064,0.99673,0.00193
120.00000,1.05394,0.00072,0.00077,0.99635,0.00216
120.10000,1.05394,0.00090,0.00094,0.99647,0.00169
120.20000,1.05394,0.00095,0.00090,0.99641,0.00174
120.30000,1.05393,0.00111,0.00116,0.99576,0.00197
120.40000,1.05393,0.00106,0.00096,0.99615,0.00182
120.50000,1.05394,0.00106,0.00098,0.99642,0.00154
120.60000,1.05394,0.00116,0.00100,0.99609,0.00175
120.70000,1.05394,0.00094,0.00098,0.99654,0.00153
120.80000,1.05393,0.00088,0.00091,0.99655,0.00165
120.90000,1.05393,0.00074,0.00093,0.99700,0.00133
121.00000,1.05394,0.00071,0.00058,0.99753,0.00117
121.10000,1.05394,0.00064,0.00069,0.99768,0.00100
121.20000,1.05394,0.00060,0.00049,0.99787,0.00105
121.30000,1.05393,0.00055,0.00056,0.99804,0.00084
121.40000,1.05393,0.00077,0.00046,0.99780,0.00097
121.50000,1.05394,0.00049,0.00041,0.99827,0.00083
121.60000,1.05394,0.00104,0.00068,0.99729,0.00099
121.70000,1.05394,0.00089,0.00067,0.99741,0.00103
121.80000,1.05393,0.00101,0.00091,0.99641,0.00167
121.90000,1.05393,0.00142,0.00116,0.99592,0.00150
122.00000,1.05394,0.00147,0.00142,0.99492,0.00219
122.10000,1.05394,0.00110,0.00087,0.99631,0.00171
122.20000,1.05394,0.00158,0.00114,0.99494,0.00234
122.30000,1.05393,0.00127,0.00070,0.99636,0.00167
122.40000,1.05393,0.00138,0.00086,0.99604,0.00171
122.50000,1.05394,0.00086,0.00045,0.99770,0.00099
122.60000,1.05394,0.00110,0.00060,0.99707,0.00123
122.70000,1.05394,0.00075,0.00050,0.99739,0.00137
122.80000,1.05393,0.00083,0.00043,0.99757,0.00116
122.90000,1.05393,0.00053,0.00022,0.99841,0.00083
123.00000,1.05394,0.00058,0.00034,0.99811,0.00097
123.10000,1.05394,0.00066,0.00036,0.99800,0.00098
123.20000,1.05394,0.00059,0.00052,0.99770,0.00119
123.30000,1.05393,0.00069,0.00048,0.99762,0.00121
123.40000,1.05393,0.00048,0.00041,0.99790,0.00121
123.50000,1.05394,0.00054,0.00035,0.99806,0.00105
123.60000,1.05394,0.00078,0.00042,0.99756,0.00124
123.70000,1.05394,0.00080,0.00066,0.99709,0.00146
123.80000,1.05393,0.00082,0.00072,0.99665,0.00181
123.90000,1.05393,0.00069,0.00069,0.99736,0.00126
124.00000,1.05394,0.00071,0.00096,0.99688,0.00145
124.10000,1.05394,0.00076,0.00073,0.99714,0.00137
124.20000,1.05394,0.00100,0.00100,0.99638,0.00162
124.30000,1.05393,0.00096,0.00101,0.99640,0.00163
124.40000,1.05393,0.00096,0.00118,0.99576,0.00210
124.50000,1.05394,0.00088,0.00091,0.99677,0.00144
124.60000,1.05394,0.00079,0.00103,0.99683,0.00135
124.70000,1.05394,0.00091,0.00091,0.99693,0.00126
124.80000,1.05393,0.00087,0.00070,0.99712,0.00132
124.90000,1.05393,0.00064,0.00061,0.99746,0.00129
125.00000,1.05394,0.00070,0.00065,0.99723,0.00142
125.10000,1.05394,0.00059,0.00052,0.99760,0.00129
125.20000,1.05394,0.00057,0.00059,0.99763,0.00121
125.30000,1.05393,0.00048,0.00049,0.99776,0.00128
125.40000,1.05393,0.00055,0.00044,0.99772,0.00130
125.50000,1.05394,0.00054,0.00053,0.99728,0.00166
125.60000,1.05394,0.00054,0.00064,0.99702,0.00180
125.70000,1.05394,0.00064,0.00084,0.99678,0.00174
125.80000,1.05393,0.00060,0.00077,0.99706,0.00157
125.90000,1.05393,0.00067,0.00067,0.99717,0.00149
126.00000,1.05394,0.00080,0.00107,0.99610,0.00203
126.10000,1.05394,0.00095,0.00090,0.99670,0.00146
126.20000,1.05394,0.00093,0.00105,0.99651,0.00151
126.30000,1.05393,0.00080,0.00068,0.99716,0.00136
126.40000,1.05393,0.00108,0.00102,0.99630,0.00160
126.50000,1.05394,0.00106,0.00087,0.99674,0.00133
126.60000,1.05394,0.00100,0.00094,0.99664,0.00142
126.70000,1.05394,0.00087,0.00089,0.99683,0.00141
126.80000,1.05393,0.00087,0.00083,0.99679,0.00151
126.90000,1.05393,0.00090,0.00105,0.99645,0.00161
127.00000,1.05394,0.00083,0.00078,0.99695,0.00145
127.10000,1.05393,0.00075,0.00088,0.99679,0.00158
127.20000,1.05394,0.00095,0.00118,0.99592,0.00195
127.30000,1.05394,0.00090,0.00115,0.99629,0.00166
127.40000,1.05393,0.00118,0.00132,0.99580,0.00170
127.50000,1.05394,0.00116,0.00122,0.99596,0.00167
127.60000,1.05393,0.00134,0.00150,0.99503,0.00213
127.70000,1.05394,0.00104,0.00127,0.99510,0.00258
127.80000,1.05394,0.00083,0.00093,0.99619,0.00205
127.90000,1.05393,0.00093,0.00087,0.99618,0.00201
128.00000,1.05394,0.00100,0.00090,0.99591,0.00219
128.10001,1.05392,0.00114,0.00095,0.99560,0.00231
128.20000,1.05394,0.00098,0.00082,0.99603,0.00218
128.30000,1.05394,0.00088,0.00061,0.99656,0.00195
128.39999,1.05394,0.00086,0.00070,0.99682,0.00161
128.50000,1.05394,0.00071,0.00060,0.99712,0.00157
128.60001,1.05392,0.00077,0.00070,0.99692,0.00161
128.70000,1.05394,0.00076,0.00074,0.99649,0.00201
128.80000,1.05394,0.00074,0.00089,0.99686,0.00152
128.89999,1.05394,0.00076,0.00075,0.99684,0.00165
129.00000,1.05394,0.00058,0.00059,0.99756,0.00127
129.10001,1.05392,0.00068,0.00065,0.99724,0.00143
129.20000,1.05394,0.00066,0.00061,0.99767,0.00106
129.30000,1.05394,0.00072,0.00058,0.99733,0.00138
129.39999,1.05394,0.00049,0.00054,0.99754,0.00143
129.50000,1.05394,0.00070,0.00047,0.99784,0.00100
129.60001,1.05392,0.00057,0.00053,0.99767,0.00123
129.70000,1.05394,0.00057,0.00043,0.99774,0.00126
129.80000,1.05394,0.00050,0.00038,0.99806,0.00106
129.89999,1.05394,0.00054,0.00041,0.99790,0.00115
130.00000,1.05394,0.00051,0.00050,0.99778,0.00121
130.10001,1.05392,0.00059,0.00053,0.99742,0.00146
130.20000,1.05394,0.00049,0.00046,0.99770,0.00135
130.30000,1.05394,0.00049,0.00055,0.99763,0.00132
130.39999,1.05394,0.00055,0.00053,0.99751,0.00141
130.50000,1.05394,0.00063,0.00078,0.99655,0.00204
130.60001,1.05392,0.00074,0.00073,0.99680,0.00172
130.70000,1.05394,0.00070,0.00069,0.99697,0.00164
130.80000,1.05394,0.00059,0.00069,0.99710,0.00162
130.89999,1.05394,0.00062,0.00085,0.99673,0.00180
131.00000,1.05394,0.00069,0.00084,0.99705,0.00142
131.10001,1.05392,0.00074,0.00081,0.99683,0.00162
131.20000,1.05394,0.00068,0.00070,0.99722,0.00140
131.30000,1.05394,0.00078,0.00060,0.99736,0.00127
131.39999,1.05394,0.00074,0.00088,0.99667,0.00172
131.50000,1.05394,0.00092,0.00075,0.99688,0.00146
131.60001,1.05392,0.00072,0.00067,0.99710,0.00151
131.70000,1.05394,0.00152,0.00134,0.99483,0.00231
131.80000,1.05394,0.00104,0.00106,0.99575,0.00215
131.89999,1.05394,0.00146,0.00141,0.99481,0.00231
132.00000,1.05394,0.00094,0.00110,0.99557,0.00239
132.10001,1.05392,0.00097,0.00103,0.99606,0.00194
132.20000,1.05394,0.00104,0.00099,0.99574,0.00223
132.30000,1.05394,0.00118,0.00098,0.99562,0.00222
132.39999,1.05394,0.00119,0.00106,0.99585,0.00189
132.50000,1.05394,0.00092,0.00109,0.99580,0.00220
132.60001,1.05392,0.00090,0.00096,0.99651,0.00162
132.70000,1.05394,0.00080,0.00079,0.99684,0.00157
132.80000,1.05394,0.00084,0.00065,0.99716,0.00135
132.89999,1.05394,0.00082,0.00067,0.99717,0.00134
133.00000,1.05394,0.00079,0.00085,0.99665,0.00171
133.10001,1.05392,0.00070,0.00060,0.99717,0.00153
133.20000,1.05394,0.00078,0.00063,0.99751,0.00109
133.30000,1.05394,0.00073,0.00058,0.99739,0.00130
133.39999,1.05394,0.00054,0.00054,0.99789,0.00104
133.50000,1.05394,0.00055,0.00043,0.99810,0.00091
133.60001,1.05392,0.00064,0.00049,0.99792,0.00095
133.70000,1.05394,0.00059,0.00045,0.99797,0.00098
133.80000,1.05394,0.00082,0.00066,0.99737,0.00115
133.89999,1.05394,0.00068,0.00064,0.99735,0.00133
134.00000,1.05394,0.00076,0.00063,0.99713,0.00147
134.10001,1.05392,0.00074,0.00065,0.99730,0.00132
134.20000,1.05394,0.00107,0.00077,0.99636,0.00181
134.30000,1.05394,0.00077,0.00064,0.99692,0.00167
134.39999,1.05394,0.00112,0.00071,0.99618,0.00199
134.50000,1.05394,0.00069,0.00073,0.99683,0.00174
134.60001,1.05392,0.00071,0.00052,0.99717,0.00160
134.70000,1.05394,0.00056,0.00043,0.99780,0.00120
134.80000,1.05394,0.00061,0.00034,0.99817,0.00088
134.89999,1.05394,0.00071,0.00060,0.99746,0.00123
135.00000,1.05394,0.00074,0.00050,0.99763,0.00113
135.10001,1.05392,0.00066,0.00049,0.99785,0.00100
135.20000,1.05394,0.00102,0.00088,0.99629,0.00181
135.30000,1.05394,0.00097,0.00086,0.99677,0.00140
135.39999,1.05394,0.00073,0.00057,0.99750,0.00120
135.50000,1.05394,0.00079,0.00063,0.99733,0.00125
135.60001,1.05392,0.00102,0.00072,0.99701,0.00125
135.70000,1.05394,0.00089,0.00062,0.99710,0.00139
135.80000,1.05394,0.00074,0.00078,0.99705,0.00143
135.89999,1.05394,0.00073,0.00068,0.99697,0.00161
136.00000,1.05394,0.00069,0.00053,0.99747,0.00131
136.10001,1.05392,0.00082,0.00065,0.99717,0.00135
136.20000,1.05394,0.00073,0.00037,0.99809,0.00081
136.30000,1.05394,0.00059,0.00053,0.99791,0.00097
136.39999,1.05394,0.00051,0.00028,0.99852,0.00068
136.50000,1.05394,0.00059,0.00041,0.99813,0.00087
136.60001,1.05392,0.00044,0.00023,0.99864,0.00069
136.70000,1.05394,0.00057,0.00030,0.99838,0.00076
136.80000,1.05394,0.00058,0.00027,0.99836,0.00079
136.89999,1.05394,0.00063,0.00035,0.99798,0.00104
137.00000,1.05394,0.00054,0.00029,0.99822,0.00096
137.10001,1.05392,0.00059,0.00023,0.99827,0.00091
137.20000,1.05394,0.00070,0.00030,0.99798,0.00103
137.30000,1.05394,0.00073,0.00040,0.99727,0.00159
137.39999,1.05394,0.00064,0.00038,0.99777,0.00122
137.50000,1.05394,0.00088,0.00038,0.99724,0.00150
137.60001,1.05392,0.00098,0.00049,0.99726,0.00127
137.70000,1.05394,0.00076,0.00064,0.99693,0.00168
137.80000,1.05394,0.00083,0.00062,0.99746,0.00109
137.89999,1.05394,0.00088,0.00070,0.99697,0.00145
138.00000,1.05394,0.00083,0.00068,0.99692,0.00157
138.10001,1.05392,0.00080,0.00059,0.99705,0.00156
138.20000,1.05394,0.00085,0.00065,0.99727,0.00123
138.30000,1.05394,0.00082,0.00059,0.99730,0.00130
138.39999,1.05394,0.00083,0.00081,0.99698,0.00139
138.50000,1.05394,0.00067,0.00058,0.99738,0.00137
138.60001,1.05392,0.00070,0.00060,0.99710,0.00160
138.70000,1.05394,0.00073,0.00062,0.99717,0.00148
138.80000,1.05394,0.00076,0.00058,0.99724,0.00141
138.89999,1.05394,0.00058,0.00054,0.99717,0.00171
139.00000,1.05394,0.00080,0.00085,0.99608,0.00228
139.10001,1.05392,0.00069,0.00061,0.99701,0.00169
139.20000,1.05394,0.00099,0.00087,0.99598,0.00216
139.30000,1.05394,0.00072,0.00041,0.99717,0.00170
139.39999,1.05394,0.00076,0.00066,0.99622,0.00236
139.50000,1.05394,0.00080,0.00037,0.99731,0.00153
139.60001,1.05392,0.00082,0.00059,0.99653,0.00206
139.70000,1.05394,0.00077,0.00021,0.99769,0.00133
139.80000,1.05394,0.00087,0.00037,0.99692,0.00184
139.89999,1.05394,0.00090,0.00029,0.99781,0.00101
140.00000,1.05394,0.00060,0.00032,0.99788,0.00120
140.10001,1.05392,0.00075,0.00032,0.99780,0.00113
140.20000,1.05394,0.00065,0.00037,0.99747,0.00151
140.30000,1.05394,0.00071,0.00045,0.99741,0.00143
140.39999,1.05394,0.00059,0.00053,0.99734,0.00154
140.50000,1.05394,0.00069,0.00046,0.99774,0.00111
140.60001,1.05392,0.00056,0.00054,0.99757,0.00132
140.70000,1.05394,0.00074,0.00072,0.99714,0.00140
140.80000,1.05394,0.00065,0.00052,0.99756,0.00127
140.89999,1.05394,0.00067,0.00067,0.99708,0.00158
141.00000,1.05394,0.00056,0.00032,0.99813,0.00099
141.10001,1.05392,0.00072,0.00054,0.99754,0.00120
141.20000,1.05394,0.00063,0.00028,0.99812,0.00098
141.30000,1.05394,0.00051,0.00035,0.99823,0.00091
141.39999,1.05394,0.00048,0.00030,0.99834,0.00088
141.50000,1.05394,0.00063,0.00040,0.99806,0.00091
141.60001,1.05392,0.00086,0.00048,0.99751,0.00115
141.70000,1.05394,0.00060,0.00057,0.99777,0.00106
141.80000,1.05394,0.00059,0.00046,0.99796,0.00099
141.89999,1.05394,0.00066,0.00064,0.99748,0.00122
142.00000,1.05394,0.00095,0.00071,0.99714,0.00121
142.10001,1.05392,0.00066,0.00078,0.99711,0.00145
142.20000,1.05394,0.00090,0.00084,0.99658,0.00167
142.30000,1.05394,0.00074,0.00068,0.99709,0.00149
142.39999,1.05394,0.00078,0.00074,0.99686,0.00162
142.50000,1.05394,0.00077,0.00049,0.99710,0.00164
142.60001,1.05392,0.00059,0.00049,0.99657,0.00235
142.70000,1.05394,0.00060,0.00044,0.99676,0.00220
142.80000,1.05394,0.00075,0.00069,0.99646,0.00210
142.89999,1.05394,0.00086,0.00053,0.99657,0.00204
143.00000,1.05394,0.00110,0.00081,0.99575,0.00234
143.10001,1.05392,0.00079,0.00050,0.99694,0.00177
143.20000,1.05394,0.00081,0.00076,0.99618,0.00225
143.30000,1.05394,0.00087,0.00053,0.99705,0.00155
143.39999,1.05394,0.00086,0.00084,0.99662,0.00168
143.50000,1.05394,0.00086,0.00064,0.99690,0.00160
143.60001,1.05392,0.00076,0.00070,0.99713,0.00141
143.70000,1.05394,0.00081,0.00068,0.99701,0.00150
143.80000,1.05394,0.00083,0.00062,0.99716,0.00138
143.89999,1.05394,0.00072,0.00064,0.99705,0.00160
144.00000,1.05394,0.00072,0.00065,0.99711,0.00151
144.10001,1.05392,0.00078,0.00065,0.99691,0.00166
144.20000,1.05394,0.00065,0.00054,0.99720,0.00162
144.30000,1.05394,0.00067,0.00069,0.99674,0.00191
144.39999,1.05394,0.00088,0.00060,0.99705,0.00148
144.50000,1.05394,0.00074,0.00094,0.99629,0.00203
144.60001,1.05392,0.00084,0.00078,0.99649,0.00188
144.70000,1.05394,0.00075,0.00088,0.99638,0.00198
144.80000,1.05394,0.00093,0.00071,0.99620,0.00216
144.89999,1.05394,0.00065,0.00081,0.99653,0.00201
145.00000,1.05394,0.00089,0.00058,0.99648,0.00204
145.10001,1.05392,0.00078,0.00061,0.99680,0.00180
145.20000,1.05394,0.00107,0.00072,0.99623,0.00197
145.30000,1.05394,0.00086,0.00065,0.99675,0.00174
145.39999,1.05394,0.00083,0.00056,0.99677,0.00184
145.50000,1.05394,0.00067,0.00041,0.99776,0.00116
145.60001,1.05392,0.00078,0.00042,0.99770,0.00110
145.70000,1.05394,0.00066,0.00037,0.99801,0.00096
145.80000,1.05394,0.00073,0.00052,0.99749,0.00125
145.89999,1.05394,0.00070,0.00048,0.99780,0.00102
146.00000,1.05394,0.00056,0.00062,0.99743,0.00138
146.10001,1.05392,0.00067,0.00040,0.99776,0.00117
146.20000,1.05394,0.00071,0.00065,0.99724,0.00140
146.30000,1.05394,0.00085,0.00058,0.99707,0.00150
146.39999,1.05394,0.00117,0.00093,0.99605,0.00185
146.50000,1.05394,0.00095,0.00085,0.99618,0.00203
146.60001,1.05392,0.00107,0.00074,0.99659,0.00160
146.70000,1.05394,0.00114,0.00077,0.99615,0.00193
146.80000,1.05394,0.00082,0.00049,0.99733,0.00136
146.89999,1.05394,0.00069,0.00040,0.99738,0.00153
147.00000,1.05394,0.00107,0.00050,0.99715,0.00128
147.10001,1.05392,0.00081,0.00057,0.99729,0.00133
147.20000,1.05394,0.00106,0.00050,0.99717,0.00127
147.30000,1.05394,0.00075,0.00049,0.99762,0.00114
147.39999,1.05394,0.00079,0.00047,0.99732,0.00142
147.50000,1.05394,0.00067,0.00053,0.99759,0.00121
147.60001,1.05392,0.00103,0.00058,0.99712,0.00127
147.70000,1.05394,0.00073,0.00043,0.99753,0.00131
147.80000,1.05394,0.00091,0.00095,0.99670,0.00144
147.89999,1.05394,0.00067,0.00065,0.99753,0.00115
148.00000,1.05394,0.00068,0.00071,0.99728,0.00133
148.10001,1.05392,0.00055,0.00047,0.99804,0.00094
148.20000,1.05394,0.00063,0.00052,0.99753,0.00133
148.30000,1.05394,0.00065,0.00042,0.99800,0.00093
148.39999,1.05394,0.00057,0.00056,0.99731,0.00157
148.50000,1.05394,0.00052,0.00050,0.99786,0.00113
148.60001,1.05392,0.00065,0.00071,0.99723,0.00141
148.70000,1.05394,0.00069,0.00050,0.99752,0.00130
148.80000,1.05394,0.00072,0.00080,0.99698,0.00150
148.89999,1.05394,0.00064,0.00054,0.99751,0.00131
149.00000,1.05394,0.00072,0.00065,0.99742,0.00121
149.10001,1.05392,0.00091,0.00078,0.99642,0.00189
149.20000,1.05394,0.00111,0.00080,0.99648,0.00160
149.30000,1.05394,0.00092,0.00087,0.99624,0.00197
149.39999,1.05394,0.00071,0.00075,0.99701,0.00153
149.50000,1.05394,0.00091,0.00055,0.99739,0.00115
149.60001,1.05392,0.00084,0.00091,0.99673,0.00151
149.70000,1.05394,0.00091,0.00065,0.99702,0.00143
149.80000,1.05394,0.00088,0.00065,0.99697,0.00150
149.89999,1.05394,0.00088,0.00061,0.99687,0.00164
150.00000,1.05394,0.00070,0.00047,0.99750,0.00134
150.10001,1.05392,0.00064,0.00052,0.99759,0.00125
150.20000,1.05394,0.00085,0.00059,0.99727,0.00129
150.30000,1.05394,0.00065,0.00053,0.99742,0.00140
150.39999,1.05394,0.00106,0.00053,0.99700,0.00141
150.50000,1.05394,0.00071,0.00041,0.99793,0.00095
150.60001,1.05392,0.00093,0.00044,0.99747,0.00116
150.70000,1.05394,0.00065,0.00040,0.99808,0.00086
150.80000,1.05394,0.00091,0.00061,0.99732,0.00116
150.89999,1.05394,0.00068,0.00057,0.99795,0.00080
151.00000,1.05394,0.00081,0.00059,0.99741,0.00118
151.10001,1.05392,0.00093,0.00067,0.99738,0.00102
151.20000,1.05394,0.00083,0.00062,0.99749,0.00107
151.30000,1.05394,0.00084,0.00071,0.99759,0.00087
151.39999,1.05394,0.00082,0.00082,0.99708,0.00129
151.50000,1.05394,0.00094,0.00113,0.99622,0.00171
151.60001,1.05392,0.00117,0.00096,0.99624,0.00163
151.70000,1.05394,0.00102,0.00091,0.99655,0.00152
151.80000,1.05394,0.00119,0.00094,0.99606,0.00181
151.89999,1.05394,0.00152,0.00122,0.99566,0.00160
152.00000,1.05394,0.00118,0.00093,0.99657,0.00132
152.10001,1.05392,0.00105,0.00067,0.99717,0.00111
152.20000,1.05394,0.00075,0.00054,0.99770,0.00101
152.30000,1.05394,0.00107,0.00065,0.99718,0.00110
152.39999,1.05394,0.00071,0.00056,0.99759,0.00113
152.50000,1.05394,0.00059,0.00045,0.99801,0.00094
152.60001,1.05392,0.00057,0.00048,0.99792,0.00104
152.70000,1.05394,0.00061,0.00054,0.99781,0.00105
152.80000,1.05394,0.00060,0.00045,0.99792,0.00103
152.89999,1.05394,0.00056,0.00058,0.99723,0.00164
153.00000,1.05394,0.00067,0.00057,0.99753,0.00123
153.10001,1.05392,0.00072,0.00061,0.99704,0.00163
153.20000,1.05394,0.00082,0.00076,0.99676,0.00166
153.30000,1.05394,0.00100,0.00125,0.99552,0.00223
153.39999,1.05394,0.00091,0.00080,0.99671,0.00158
153.50000,1.05394,0.00107,0.00109,0.99584,0.00199
153.60001,1.05392,0.00089,0.00074,0.99644,0.00193
153.70000,1.05394,0.00100,0.00098,0.99610,0.00191
153.80000,1.05394,0.00111,0.00054,0.99707,0.00128
153.89999,1.05394,0.00092,0.00089,0.99603,0.00216
154.00000,1.05394,0.00105,0.00072,0.99667,0.00156
154.10001,1.05392,0.00083,0.00072,0.99653,0.00191
154.20000,1.05394,0.00086,0.00049,0.99709,0.00155
154.30000,1.05394,0.00083,0.00064,0.99674,0.00179
154.39999,1.05394,0.00076,0.00050,0.99752,0.00122
154.50000,1.05394,0.00075,0.00063,0.99717,0.00146
154.60001,1.05392,0.00060,0.00055,0.99737,0.00148
154.70000,1.05394,0.00088,0.00091,0.99671,0.00150
154.80000,1.05394,0.00059,0.00058,0.99738,0.00146
154.89999,1.05394,0.00064,0.00067,0.99737,0.00132
155.00000,1.05394,0.00064,0.00073,0.99702,0.00161
155.10001,1.05392,0.00069,0.00076,0.99713,0.00141
155.20000,1.05394,0.00067,0.00093,0.99638,0.00201
155.30000,1.05394,0.00089,0.00105,0.99624,0.00182
155.39999,1.05394,0.00080,0.00088,0.99674,0.00158
155.50000,1.05394,0.00088,0.00089,0.99678,0.00145
155.60001,1.05392,0.00064,0.00068,0.99727,0.00141
155.70000,1.05394,0.00063,0.00062,0.99732,0.00143
155.80000,1.05394,0.00065,0.00049,0.99765,0.00122
155.89999,1.05394,0.00055,0.00038,0.99815,0.00092
156.00000,1.05394,0.00059,0.00046,0.99790,0.00105
156.10001,1.05392,0.00074,0.00048,0.99764,0.00114
156.20000,1.05394,0.00070,0.00041,0.99796,0.00093
156.30000,1.05394,0.00059,0.00045,0.99776,0.00121
156.39999,1.05394,0.00052,0.00043,0.99793,0.00113
156.50000,1.05394,0.00059,0.00054,0.99767,0.00120
156.60001,1.05392,0.00068,0.00060,0.99744,0.00128
156.70000,1.05394,0.00063,0.00055,0.99756,0.00125
156.80000,1.05394,0.00112,0.00086,0.99667,0.00135
156.89999,1.05394,0.00072,0.00088,0.99648,0.00192
157.00000,1.05394,0.00076,0.00079,0.99707,0.00138
157.10001,1.05392,0.00070,0.00060,0.99754,0.00115
157.20000,1.05394,0.00081,0.00071,0.99732,0.00116
157.30000,1.05394,0.00063,0.00075,0.99714,0.00148
157.39999,1.05394,0.00051,0.00053,0.99777,0.00118
157.50000,1.05394,0.00060,0.00053,0.99754,0.00133
157.60001,1.05392,0.00059,0.00061,0.99734,0.00146
157.70000,1.05394,0.00062,0.00041,0.99779,0.00118
157.80000,1.05394,0.00074,0.00071,0.99688,0.00167
157.89999,1.05394,0.00066,0.00049,0.99735,0.00149
158.00000,1.05394,0.00060,0.00051,0.99756,0.00133
158.10001,1.05392,0.00067,0.00053,0.99699,0.00181
158.20000,1.05394,0.00072,0.00060,0.99695,0.00174
158.30000,1.05394,0.00073,0.00044,0.99748,0.00135
158.39999,1.05394,0.00082,0.00060,0.99700,0.00158
158.50000,1.05394,0.00080,0.00056,0.99701,0.00164
158.60001,1.05392,0.00083,0.00053,0.99720,0.00144
158.70000,1.05394,0.00087,0.00079,0.99664,0.00171
158.80000,1.05394,0.00086,0.00074,0.99628,0.00211
158.89999,1.05394,0.00117,0.00093,0.99551,0.00239
159.00000,1.05394,0.00094,0.00080,0.99579,0.00247
159.10001,1.05392,0.00107,0.00070,0.99679,0.00145
159.20000,1.05394,0.00097,0.00080,0.99638,0.00185
159.30000,1.05394,0.00114,0.00098,0.99596,0.00192
159.39999,1.05394,0.00101,0.00107,0.99584,0.00209
159.50000,1.05394,0.00114,0.00083,0.99659,0.00144
159.60001,1.05392,0.00085,0.00072,0.99684,0.00159
159.70000,1.05394,0.00091,0.00060,0.99713,0.00135
159.80000,1.05394,0.00118,0.00073,0.99632,0.00178
159.89999,1.05394,0.00092,0.00089,0.99665,0.00155
160.00000,1.05394,0.00112,0.00086,0.99605,0.00197
160.10001,1.05392,0.00087,0.00071,0.99669,0.00173
160.20000,1.05394,0.00081,0.00105,0.99588,0.00226
160.30000,1.05394,0.00084,0.00064,0.99708,0.00144
160.39999,1.05394,0.00107,0.00096,0.99626,0.00172
160.50000,1.05394,0.00082,0.00076,0.99681,0.00161
160.60001,1.05392,0.00108,0.00092,0.99666,0.00134
160.70000,1.05394,0.00099,0.00089,0.99655,0.00157
160.80000,1.05394,0.00091,0.00110,0.99602,0.00196
160.89999,1.05394,0.00071,0.00065,0.99741,0.00123
161.00000,1.05394,0.00085,0.00082,0.99692,0.00141
161.10001,1.05392,0.00097,0.00088,0.99695,0.00121
161.20000,1.05394,0.00102,0.00088,0.99677,0.00133
161.30000,1.05394,0.00093,0.00105,0.99658,0.00144
161.39999,1.05394,0.00074,0.00094,0.99690,0.00141
161.50000,1.05394,0.00118,0.00118,0.99566,0.00198
161.60001,1.05392,0.00113,0.00120,0.99571,0.00197
161.70000,1.05394,0.00093,0.00113,0.99609,0.00185
161.80000,1.05394,0.00097,0.00126,0.99557,0.00220
161.89999,1.05394,0.00088,0.00119,0.99584,0.00208
162.00000,1.05394,0.00078,0.00101,0.99623,0.00198
162.10001,1.05392,0.00080,0.00095,0.99585,0.00240
162.20000,1.05394,0.00087,0.00113,0.99584,0.00216
162.30000,1.05394,0.00079,0.00068,0.99665,0.00188
162.39999,1.05394,0.00080,0.00084,0.99649,0.00186
162.50000,1.05394,0.00095,0.00053,0.99683,0.00169
162.60001,1.05392,0.00074,0.00055,0.99723,0.00148
162.70000,1.05394,0.00077,0.00058,0.99703,0.00162
162.80000,1.05394,0.00085,0.00052,0.99724,0.00140
162.89999,1.05394,0.00126,0.00080,0.99607,0.00187
163.00000,1.05394,0.00110,0.00057,0.99686,0.00147
163.10001,1.05392,0.00113,0.00073,0.99635,0.00180
163.20000,1.05394,0.00113,0.00073,0.99662,0.00153
163.30000,1.05394,0.00098,0.00069,0.99657,0.00176
163.39999,1.05394,0.00103,0.00069,0.99676,0.00152
163.50000,1.05394,0.00128,0.00096,0.99615,0.00162
163.60001,1.05392,0.00105,0.00104,0.99633,0.00158
163.70000,1.05394,0.00170,0.00124,0.99513,0.00193
163.80000,1.05394,0.00143,0.00117,0.99566,0.00174
163.89999,1.05394,0.00122,0.00102,0.99597,0.00179
164.00000,1.05394,0.00102,0.00080,0.99684,0.00133
164.10001,1.05392,0.00132,0.00107,0.99598,0.00163
164.20000,1.05394,0.00111,0.00100,0.99635,0.00155
164.30000,1.05394,0.00120,0.00133,0.99568,0.00179
164.39999,1.05394,0.00125,0.00110,0.99598,0.00167
164.50000,1.05394,0.00099,0.00122,0.99606,0.00174
164.60001,1.05392,0.00086,0.00082,0.99685,0.00147
164.70000,1.05394,0.00091,0.00081,0.99695,0.00133
164.80000,1.05394,0.00079,0.00072,0.99680,0.00169
164.89999,1.05394,0.00077,0.00067,0.99701,0.00155
165.00000,1.05394,0.00085,0.00052,0.99737,0.00126
165.10001,1.05392,0.00115,0.00076,0.99658,0.00151
165.20000,1.05394,0.00084,0.00061,0.99725,0.00131
165.30000,1.05394,0.00075,0.00054,0.99735,0.00136
165.39999,1.05394,0.00112,0.00072,0.99693,0.00122
165.50000,1.05394,0.00102,0.00101,0.99594,0.00203
165.60001,1.05392,0.00106,0.00099,0.99616,0.00179
165.70000,1.05394,0.00112,0.00073,0.99655,0.00161
165.80000,1.05394,0.00086,0.00064,0.99727,0.00123
165.89999,1.05394,0.00072,0.00075,0.99707,0.00147
166.00000,1.05394,0.00067,0.00062,0.99768,0.00103
166.10001,1.05392,0.00070,0.00061,0.99735,0.00135
166.20000,1.05394,0.00062,0.00051,0.99779,0.00108
166.30000,1.05394,0.00074,0.00066,0.99730,0.00130
166.39999,1.05394,0.00064,0.00063,0.99751,0.00122
166.50000,1.05394,0.00064,0.00056,0.99770,0.00110
166.60001,1.05392,0.00066,0.00052,0.99784,0.00098
166.70000,1.05394,0.00065,0.00053,0.99776,0.00106
166.80000,1.05394,0.00084,0.00069,0.99718,0.00130
166.89999,1.05394,0.00056,0.00061,0.99747,0.00135
167.00000,1.05394,0.00085,0.00071,0.99693,0.00151
167.10001,1.05392,0.00051,0.00042,0.99788,0.00119
167.20000,1.05394,0.00081,0.00051,0.99765,0.00102
167.30000,1.05394,0.00064,0.00058,0.99745,0.00133
167.39999,1.05394,0.00071,0.00051,0.99743,0.00134
167.50000,1.05394,0.00050,0.00044,0.99773,0.00133
167.60001,1.05392,0.00069,0.00047,0.99749,0.00135
167.70000,1.05394,0.00061,0.00036,0.99786,0.00117
167.80000,1.05394,0.00085,0.00044,0.99757,0.00114
167.89999,1.05394,0.00056,0.00041,0.99787,0.00116
168.00000,1.05394,0.00064,0.00043,0.99784,0.00109
168.10001,1.05392,0.00059,0.00035,0.99819,0.00088
168.20000,1.05394,0.00062,0.00044,0.99784,0.00110
168.30000,1.05394,0.00055,0.00037,0.99818,0.00090
168.39999,1.05394,0.00054,0.00042,0.99799,0.00105
168.50000,1.05394,0.00065,0.00041,0.99815,0.00080
168.60001,1.05392,0.00064,0.00047,0.99778,0.00111
168.70000,1.05394,0.00078,0.00062,0.99704,0.00156
168.80000,1.05394,0.00070,0.00054,0.99720,0.00156
168.89999,1.05394,0.00077,0.00066,0.99709,0.00147
169.00000,1.05394,0.00058,0.00047,0.99743,0.00152
169.10001,1.05392,0.00062,0.00046,0.99715,0.00177
169.20000,1.05394,0.00058,0.00046,0.99692,0.00204
169.30000,1.05394,0.00062,0.00043,0.99710,0.00185
169.39999,1.05394,0.00061,0.00040,0.99721,0.00179
169.50000,1.05394,0.00056,0.00031,0.99745,0.00168
169.60001,1.05392,0.00062,0.00033,0.99754,0.00151
169.70000,1.05394,0.00072,0.00044,0.99752,0.00131
169.80000,1.05394,0.00055,0.00036,0.99798,0.00112
169.89999,1.05394,0.00058,0.00035,0.99798,0.00109
170.00000,1.05394,0.00059,0.00044,0.99765,0.00132
170.10001,1.05392,0.00066,0.00058,0.99750,0.00125
170.20000,1.05394,0.00058,0.00052,0.99783,0.00107
170.30000,1.05394,0.00057,0.00054,0.99766,0.00123
170.39999,1.05394,0.00062,0.00062,0.99741,0.00135
170.50000,1.05394,0.00073,0.00073,0.99723,0.00131
170.60001,1.05392,0.00091,0.00071,0.99675,0.00163
170.70000,1.05394,0.00065,0.00056,0.99740,0.00139
170.80000,1.05394,0.00081,0.00062,0.99683,0.00174
170.89999,1.05394,0.00074,0.00095,0.99654,0.00177
171.00000,1.05394,0.00075,0.00091,0.99629,0.00204
171.10001,1.05392,0.00076,0.00077,0.99668,0.00179
171.20000,1.05394,0.00077,0.00088,0.99592,0.00244
171.30000,1.05394,0.00075,0.00119,0.99611,0.00194
171.39999,1.05394,0.00094,0.00111,0.99624,0.00172
171.50000,1.05394,0.00107,0.00110,0.99631,0.00152
171.60001,1.05392,0.00083,0.00105,0.99599,0.00212
171.70000,1.05394,0.00104,0.00121,0.99573,0.00203
171.80000,1.05394,0.00121,0.00121,0.99516,0.00242
171.89999,1.05394,0.00132,0.00132,0.99501,0.00235
172.00000,1.05394,0.00133,0.00118,0.99560,0.00188
172.10001,1.05392,0.00140,0.00133,0.99533,0.00194
172.20000,1.05394,0.00146,0.00121,0.99529,0.00204
172.30000,1.05394,0.00158,0.00121,0.99534,0.00187
172.39999,1.05394,0.00124,0.00112,0.99577,0.00186
172.50000,1.05394,0.00107,0.00118,0.99593,0.00182
172.60001,1.05392,0.00097,0.00088,0.99669,0.00146
172.70000,1.05394,0.00091,0.00082,0.99709,0.00117
172.80000,1.05394,0.00073,0.00061,0.99752,0.00114
172.89999,1.05394,0.00109,0.00060,0.99737,0.00094
173.00000,1.05394,0.00079,0.00049,0.99768,0.00104
173.10001,1.05392,0.00089,0.00053,0.99749,0.00109
173.20000,1.05394,0.00088,0.00048,0.99756,0.00108
173.30000,1.05394,0.00115,0.00064,0.99682,0.00138
173.39999,1.05394,0.00102,0.00049,0.99745,0.00103
173.50000,1.05394,0.00087,0.00038,0.99765,0.00109
173.60001,1.05392,0.00111,0.00048,0.99719,0.00121
173.70000,1.05394,0.00140,0.00083,0.99623,0.00154
173.80000,1.05394,0.00124,0.00069,0.99673,0.00135
173.89999,1.05394,0.00119,0.00070,0.99673,0.00138
174.00000,1.05394,0.00144,0.00075,0.99598,0.00183
174.10001,1.05392,0.00125,0.00080,0.99632,0.00163
174.20000,1.05394,0.00126,0.00084,0.99634,0.00156
174.30000,1.05394,0.00110,0.00078,0.99651,0.00161
174.39999,1.05394,0.00130,0.00098,0.99602,0.00170
174.50000,1.05394,0.00118,0.00083,0.99637,0.00162
174.60001,1.05392,0.00102,0.00076,0.99648,0.00174
174.70000,1.05394,0.00125,0.00098,0.99572,0.00204
174.80000,1.05394,0.00113,0.00089,0.99634,0.00164
174.89999,1.05394,0.00099,0.00098,0.99602,0.00202
175.00000,1.05394,0.00091,0.00080,0.99683,0.00146
175.10001,1.05392,0.00074,0.00068,0.99707,0.00150
175.20000,1.05394,0.00084,0.00086,0.99651,0.00179
175.30000,1.05394,0.00102,0.00096,0.99612,0.00191
175.39999,1.05394,0.00073,0.00072,0.99691,0.00164
175.50000,1.05394,0.00081,0.00088,0.99658,0.00173
175.60001,1.05392,0.00098,0.00103,0.99626,0.00173
175.70000,1.05394,0.00080,0.00087,0.99614,0.00219
175.80000,1.05394,0.00075,0.00104,0.99657,0.00164
175.89999,1.05394,0.00089,0.00094,0.99592,0.00224
176.00000,1.05394,0.00073,0.00113,0.99633,0.00181
176.10001,1.05392,0.00090,0.00100,0.99628,0.00182
176.20000,1.05394,0.00077,0.00085,0.99708,0.00130
176.30000,1.05394,0.00075,0.00078,0.99692,0.00155
176.39999,1.05394,0.00087,0.00085,0.99703,0.00124
176.50000,1.05394,0.00091,0.00086,0.99674,0.00149
176.60001,1.05392,0.00096,0.00081,0.99690,0.00134
176.70000,1.05394,0.00077,0.00048,0.99750,0.00125
176.80000,1.05394,0.00083,0.00082,0.99711,0.00123
176.89999,1.05394,0.00075,0.00054,0.99742,0.00128
177.00000,1.05394,0.00095,0.00071,0.99708,0.00125
177.10001,1.05392,0.00080,0.00067,0.99696,0.00157
177.20000,1.05394,0.00069,0.00087,0.99673,0.00170
177.30000,1.05394,0.00082,0.00063,0.99716,0.00139
177.39999,1.05394,0.00086,0.00067,0.99679,0.00168
177.50000,1.05394,0.00094,0.00061,0.99705,0.00139
177.60001,1.05392,0.00103,0.00081,0.99659,0.00158
177.70000,1.05394,0.00125,0.00086,0.99634,0.00154
177.80000,1.05394,0.00129,0.00113,0.99602,0.00156
177.89999,1.05394,0.00104,0.00102,0.99650,0.00143
178.00000,1.05394,0.00102,0.00104,0.99660,0.00133
178.10001,1.05392,0.00107,0.00110,0.99605,0.00178
178.20000,1.05394,0.00093,0.00116,0.99625,0.00166
178.30000,1.05394,0.00098,0.00100,0.99644,0.00158
178.39999,1.05394,0.00087,0.00132,0.99580,0.00201
178.50000,1.05394,0.00075,0.00088,0.99677,0.00160
178.60001,1.05392,0.00060,0.00091,0.99651,0.00197
178.70000,1.05394,0.00063,0.00084,0.99653,0.00200
178.80000,1.05394,0.00053,0.00058,0.99706,0.00184
178.89999,1.05394,0.00068,0.00056,0.99711,0.00165
179.00000,1.05394,0.00057,0.00046,0.99720,0.00177
179.10001,1.05392,0.00072,0.00055,0.99718,0.00155
179.20000,1.05394,0.00082,0.00073,0.99664,0.00181
179.30000,1.05394,0.00077,0.00070,0.99664,0.00188
179.39999,1.05394,0.00089,0.00084,0.99631,0.00197
179.50000,1.05394,0.00088,0.00072,0.99676,0.00164
179.60001,1.05392,0.00098,0.00069,0.99678,0.00155
179.70000,1.05394,0.00107,0.00105,0.99590,0.00198
179.80000,1.05394,0.00079,0.00066,0.99710,0.00145
179.89999,1.05394,0.00104,0.00100,0.99600,0.00195
180.00000,1.05394,0.00090,0.00080,0.99665,0.00164
180.10001,1.05392,0.00074,0.00075,0.99680,0.00171
180.20000,1.05394,0.00071,0.00061,0.99735,0.00132
180.30000,1.05394,0.00075,0.00046,0.99737,0.00142
180.39999,1.05394,0.00071,0.00052,0.99750,0.00126
180.50000,1.05394,0.00075,0.00050,0.99761,0.00114
180.60001,1.05392,0.00068,0.00048,0.99759,0.00125
180.70000,1.05394,0.00069,0.00040,0.99787,0.00103
180.80000,1.05394,0.00100,0.00058,0.99716,0.00126
180.89999,1.05394,0.00083,0.00049,0.99746,0.00122
181.00000,1.05394,0.00098,0.00072,0.99646,0.00184
181.10001,1.05392,0.00085,0.00059,0.99711,0.00145
181.20000,1.05394,0.00111,0.00091,0.99601,0.00197
181.30000,1.05394,0.00110,0.00079,0.99639,0.00171
181.39999,1.05394,0.00104,0.00109,0.99595,0.00192
181.50000,1.05394,0.00109,0.00123,0.99554,0.00214
181.60001,1.05392,0.00098,0.00097,0.99608,0.00198
181.70000,1.05394,0.00092,0.00122,0.99581,0.00205
181.80000,1.05394,0.00081,0.00103,0.99622,0.00194
181.89999,1.05394,0.00073,0.00100,0.99637,0.00190
182.00000,1.05394,0.00076,0.00093,0.99642,0.00189
182.10001,1.05392,0.00101,0.00132,0.99553,0.00214
182.20000,1.05394,0.00126,0.00112,0.99564,0.00197
182.30000,1.05394,0.00106,0.00141,0.99529,0.00224
182.39999,1.05394,0.00105,0.00113,0.99562,0.00220
182.50000,1.05394,0.00110,0.00110,0.99560,0.00220
182.60001,1.05392,0.00110,0.00091,0.99597,0.00202
182.70000,1.05394,0.00127,0.00088,0.99584,0.00201
182.80000,1.05394,0.00140,0.00123,0.99548,0.00189
182.89999,1.05394,0.00150,0.00128,0.99514,0.00208
183.00000,1.05394,0.00112,0.00112,0.99623,0.00153
183.10001,1.05392,0.00121,0.00111,0.99618,0.00150
183.20000,1.05394,0.00109,0.00103,0.99627,0.00161
183.30000,1.05394,0.00109,0.00104,0.99623,0.00163
183.39999,1.05394,0.00101,0.00122,0.99612,0.00165
183.50000,1.05394,0.00138,0.00168,0.99466,0.00228
183.60001,1.05392,0.00118,0.00120,0.99559,0.00203
183.70000,1.05394,0.00100,0.00159,0.99490,0.00251
183.80000,1.05394,0.00138,0.00138,0.99544,0.00180
183.89999,1.05394,0.00105,0.00140,0.99501,0.00254
184.00000,1.05394,0.00127,0.00117,0.99540,0.00216
184.10001,1.05392,0.00110,0.00135,0.99533,0.00222
184.20000,1.05394,0.00094,0.00076,0.99666,0.00165
184.30000,1.05394,0.00099,0.00095,0.99596,0.00210
184.39999,1.05394,0.00122,0.00096,0.99617,0.00166
184.50000,1.05394,0.00099,0.00090,0.99647,0.00165
184.60001,1.05392,0.00088,0.00082,0.99639,0.00192
184.70000,1.05394,0.00100,0.00072,0.99674,0.00154
184.80000,1.05394,0.00086,0.00065,0.99668,0.00181
184.89999,1.05394,0.00088,0.00044,0.99743,0.00124
185.00000,1.05394,0.00079,0.00036,0.99770,0.00114
185.10001,1.05392,0.00081,0.00040,0.99733,0.00145
185.20000,1.05394,0.00077,0.00042,0.99738,0.00143
185.30000,1.05394,0.00072,0.00036,0.99759,0.00133
185.39999,1.05394,0.00067,0.00049,0.99732,0.00151
185.50000,1.05394,0.00087,0.00049,0.99712,0.00153
185.60001,1.05392,0.00091,0.00071,0.99610,0.00228
185.70000,1.05394,0.00099,0.00069,0.99614,0.00217
185.80000,1.05394,0.00100,0.00108,0.99518,0.00274
185.89999,1.05394,0.00098,0.00095,0.99562,0.00245
186.00000,1.05394,0.00085,0.00158,0.99438,0.00318
186.10001,1.05392,0.00085,0.00103,0.99605,0.00208
186.20000,1.05394,0.00097,0.00085,0.99605,0.00213
186.30000,1.05394,0.00080,0.00071,0.99632,0.00218
186.39999,1.05394,0.00066,0.00067,0.99673,0.00194
186.50000,1.05394,0.00058,0.00040,0.99750,0.00151
186.60001,1.05392,0.00072,0.00064,0.99706,0.00158
186.70000,1.05394,0.00057,0.00038,0.99774,0.00131
186.80000,1.05394,0.00062,0.00048,0.99728,0.00161
186.89999,1.05394,0.00045,0.00034,0.99782,0.00139
187.00000,1.05394,0.00062,0.00052,0.99710,0.00177
187.10001,1.05392,0.00052,0.00045,0.99730,0.00173
187.20000,1.05394,0.00053,0.00065,0.99699,0.00184
187.30000,1.05394,0.00049,0.00047,0.99777,0.00126
187.39999,1.05394,0.00068,0.00078,0.99689,0.00165
187.50000,1.05394,0.00063,0.00070,0.99691,0.00176
187.60001,1.05392,0.00075,0.00086,0.99623,0.00216
187.70000,1.05394,0.00091,0.00078,0.99663,0.00169
187.80000,1.05394,0.00085,0.00099,0.99629,0.00187
187.89999,1.05394,0.00083,0.00090,0.99643,0.00184
188.00000,1.05394,0.00080,0.00053,0.99742,0.00125
188.10001,1.05392,0.00065,0.00043,0.99760,0.00132
188.20000,1.05394,0.00064,0.00042,0.99777,0.00117
188.30000,1.05394,0.00068,0.00051,0.99738,0.00142
188.39999,1.05394,0.00058,0.00032,0.99782,0.00128
188.50000,1.05394,0.00086,0.00054,0.99688,0.00173
188.60001,1.05392,0.00069,0.00043,0.99738,0.00150
188.70000,1.05394,0.00059,0.00034,0.99715,0.00192
188.80000,1.05394,0.00060,0.00027,0.99795,0.00119
188.89999,1.05394,0.00070,0.00038,0.99729,0.00163
189.00000,1.05394,0.00067,0.00038,0.99688,0.00206
189.10001,1.05392,0.00078,0.00042,0.99685,0.00195
189.20000,1.05394,0.00050,0.00029,0.99758,0.00164
189.30000,1.05394,0.00067,0.00033,0.99746,0.00154
189.39999,1.05394,0.00064,0.00029,0.99778,0.00129
189.50000,1.05394,0.00081,0.00039,0.99713,0.00168
189.60001,1.05392,0.00063,0.00042,0.99708,0.00187
189.70000,1.05394,0.00069,0.00043,0.99694,0.00194
189.80000,1.05394,0.00068,0.00042,0.99706,0.00184
189.89999,1.05394,0.00076,0.00047,0.99690,0.00187
190.00000,1.05394,0.00065,0.00041,0.99696,0.00199
190.10001,1.05392,0.00082,0.00048,0.99636,0.00233
190.20000,1.05394,0.00072,0.00043,0.99691,0.00195
190.30000,1.05394,0.00091,0.00056,0.99630,0.00223
190.39999,1.05394,0.00097,0.00058,0.99643,0.00203
190.50000,1.05394,0.00082,0.00054,0.99644,0.00220
190.60001,1.05392,0.00068,0.00052,0.99701,0.00179
190.70000,1.05394,0.00084,0.00062,0.99679,0.00175
190.80000,1.05394,0.00080,0.00074,0.99643,0.00203
190.89999,1.05394,0.00065,0.00070,0.99661,0.00204
191.00000,1.05394,0.00079,0.00077,0.99686,0.00158
191.10001,1.05392,0.00077,0.00092,0.99677,0.00154
191.20000,1.05394,0.00095,0.00096,0.99629,0.00180
191.30000,1.05394,0.00086,0.00097,0.99648,0.00169
191.39999,1.05394,0.00088,0.00110,0.99605,0.00197
191.50000,1.05394,0.00086,0.00088,0.99622,0.00203
191.60001,1.05392,0.00082,0.00087,0.99659,0.00172
191.70000,1.05394,0.00077,0.00076,0.99688,0.00159
191.80000,1.05394,0.00078,0.00079,0.99668,0.00175
191.89999,1.05394,0.00104,0.00100,0.99605,0.00191
192.00000,1.05394,0.00072,0.00070,0.99701,0.00157
192.10001,1.05392,0.00082,0.00090,0.99643,0.00185
192.20000,1.05394,0.00073,0.00085,0.99668,0.00174
192.30000,1.05394,0.00073,0.00092,0.99665,0.00170
192.39999,1.05394,0.00076,0.00084,0.99700,0.00140
192.50000,1.05394,0.00095,0.00110,0.99593,0.00203
192.60001,1.05392,0.00080,0.00093,0.99618,0.00209
192.70000,1.05394,0.00091,0.00114,0.99632,0.00163
192.80000,1.05394,0.00093,0.00099,0.99640,0.00168
192.89999,1.05394,0.00101,0.00123,0.99588,0.00188
193.00000,1.05394,0.00109,0.00110,0.99606,0.00174
193.10001,1.05392,0.00093,0.00115,0.99619,0.00174
193.20000,1.05394,0.00100,0.00121,0.99597,0.00182
193.30000,1.05394,0.00086,0.00097,0.99652,0.00165
193.39999,1.05394,0.00105,0.00107,0.99645,0.00143
193.50000,1.05394,0.00084,0.00098,0.99664,0.00154
193.60001,1.05392,0.00114,0.00101,0.99631,0.00154
193.70000,1.05394,0.00107,0.00083,0.99630,0.00179
193.80000,1.05394,0.00109,0.00095,0.99650,0.00146
193.89999,1.05394,0.00102,0.00090,0.99676,0.00132
194.00000,1.05394,0.00128,0.00087,0.99624,0.00161
194.10001,1.05392,0.00112,0.00079,0.99657,0.00153
194.20000,1.05394,0.00107,0.00088,0.99640,0.00166
194.30000,1.05394,0.00077,0.00063,0.99726,0.00134
194.39999,1.05394,0.00096,0.00077,0.99697,0.00131
194.50000,1.05394,0.00076,0.00059,0.99753,0.00112
194.60001,1.05392,0.00073,0.00053,0.99772,0.00103
194.70000,1.05394,0.00082,0.00059,0.99728,0.00132
194.80000,1.05394,0.00060,0.00070,0.99715,0.00156
194.89999,1.05394,0.00090,0.00098,0.99646,0.00165
195.00000,1.05394,0.00063,0.00085,0.99694,0.00158
195.10001,1.05392,0.00082,0.00097,0.99658,0.00162
195.20000,1.05394,0.00068,0.00098,0.99682,0.00152
195.30000,1.05394,0.00076,0.00092,0.99647,0.00185
195.39999,1.05394,0.00064,0.00082,0.99711,0.00144
195.50000,1.05394,0.00081,0.00111,0.99599,0.00209
195.60001,1.05392,0.00073,0.00091,0.99641,0.00195
195.70000,1.05394,0.00081,0.00092,0.99650,0.00177
195.80000,1.05394,0.00099,0.00107,0.99634,0.00160
195.89999,1.05394,0.00093,0.00112,0.99533,0.00263
196.00000,1.05394,0.00093,0.00108,0.99575,0.00225
196.10001,1.05392,0.00093,0.00100,0.99620,0.00187
196.20000,1.05394,0.00132,0.00133,0.99509,0.00226
196.30000,1.05394,0.00104,0.00092,0.99623,0.00182
196.39999,1.05394,0.00105,0.00102,0.99603,0.00190
196.50000,1.05394,0.00084,0.00093,0.99668,0.00155
196.60001,1.05392,0.00088,0.00088,0.99648,0.00176
196.70000,1.05394,0.00114,0.00100,0.99636,0.00150
196.80000,1.05394,0.00128,0.00119,0.99578,0.00175
196.89999,1.05394,0.00095,0.00105,0.99630,0.00171
197.00000,1.05394,0.00100,0.00088,0.99627,0.00185
197.10001,1.05392,0.00111,0.00113,0.99611,0.00165
197.20000,1.05394,0.00086,0.00084,0.99640,0.00189
197.30000,1.05394,0.00105,0.00095,0.99606,0.00194
197.39999,1.05394,0.00100,0.00064,0.99670,0.00165
197.50000,1.05394,0.00097,0.00092,0.99603,0.00208
197.60001,1.05392,0.00080,0.00058,0.99724,0.00139
197.70000,1.05394,0.00085,0.00064,0.99708,0.00143
197.80000,1.05394,0.00062,0.00042,0.99763,0.00133
197.89999,1.05394,0.00088,0.00059,0.99704,0.00149
198.00000,1.05394,0.00079,0.00066,0.99690,0.00165
198.10001,1.05392,0.00076,0.00081,0.99655,0.00188
198.20000,1.05394,0.00082,0.00083,0.99624,0.00211
198.30000,1.05394,0.00087,0.00073,0.99653,0.00186
198.39999,1.05394,0.00089,0.00069,0.99674,0.00169
198.50000,1.05394,0.00090,0.00062,0.99677,0.00171
198.60001,1.05392,0.00105,0.00098,0.99543,0.00254
198.70000,1.05394,0.00138,0.00103,0.99502,0.00257
198.80000,1.05394,0.00149,0.00088,0.99555,0.00207
198.89999,1.05394,0.00123,0.00104,0.99557,0.00216
199.00000,1.05394,0.00138,0.00097,0.99586,0.00179
199.10001,1.05392,0.00120,0.00139,0.99537,0.00204
199.20000,1.05394,0.00092,0.00082,0.99667,0.00158
199.30000,1.05394,0.00072,0.00073,0.99707,0.00148
199.39999,1.05394,0.00081,0.00052,0.99754,0.00113
199.50000,1.05394,0.00069,0.00038,0.99803,0.00090
199.60001,1.05392,0.00062,0.00038,0.99823,0.00078
199.70000,1.05394,0.00072,0.00041,0.99800,0.00087
199.80000,1.05394,0.00065,0.00044,0.99808,0.00083
199.89999,1.05394,0.00062,0.00032,0.99831,0.00074
200.00000,1.05394,0.00110,0.00057,0.99716,0.00116
200.10001,1.05392,0.00081,0.00041,0.99774,0.00103
200.20000,1.05394,0.00097,0.00074,0.99686,0.00143
200.30000,1.05394,0.00075,0.00068,0.99734,0.00123
200.39999,1.05394,0.00090,0.00088,0.99658,0.00164
200.50000,1.05394,0.00079,0.00099,0.99655,0.00166
200.60001,1.05392,0.00089,0.00080,0.99661,0.00170
200.70000,1.05394,0.00071,0.00068,0.99707,0.00154
200.80000,1.05394,0.00063,0.00060,0.99716,0.00162
200.89999,1.05394,0.00061,0.00050,0.99769,0.00120
201.00000,1.05394,0.00047,0.00045,0.99795,0.00113
201.10001,1.05392,0.00046,0.00055,0.99772,0.00127
201.20000,1.05394,0.00065,0.00072,0.99705,0.00159
201.30000,1.05394,0.00084,0.00079,0.99690,0.00147
201.39999,1.05394,0.00086,0.00078,0.99688,0.00149
201.50000,1.05394,0.00087,0.00101,0.99621,0.00190
201.60001,1.05392,0.00112,0.00084,0.99628,0.00176
201.70000,1.05394,0.00112,0.00129,0.99548,0.00211
201.80000,1.05394,0.00109,0.00120,0.99537,0.00235
201.89999,1.05394,0.00122,0.00149,0.99468,0.00262
202.00000,1.05394,0.00128,0.00089,0.99542,0.00240
202.10001,1.05392,0.00135,0.00112,0.99549,0.00205
202.20000,1.05394,0.00110,0.00082,0.99634,0.00173
202.30000,1.05394,0.00102,0.00077,0.99658,0.00162
202.39999,1.05394,0.00104,0.00069,0.99673,0.00154
202.50000,1.05394,0.00112,0.00080,0.99673,0.00136
202.60001,1.05392,0.00119,0.00061,0.99692,0.00129
202.70000,1.05394,0.00125,0.00053,0.99712,0.00111
202.80000,1.05394,0.00121,0.00045,0.99725,0.00109
202.89999,1.05394,0.00070,0.00037,0.99802,0.00091
203.00000,1.05394,0.00085,0.00033,0.99806,0.00076
203.10001,1.05392,0.00087,0.00034,0.99813,0.00065
203.20000,1.05394,0.00100,0.00038,0.99758,0.00104
203.30000,1.05394,0.00079,0.00046,0.99765,0.00110
203.39999,1.05394,0.00076,0.00049,0.99740,0.00135
203.50000,1.05394,0.00052,0.00054,0.99771,0.00123
203.60001,1.05392,0.00076,0.00050,0.99740,0.00134
203.70000,1.05394,0.00064,0.00059,0.99733,0.00144
203.80000,1.05394,0.00085,0.00073,0.99648,0.00193
203.89999,1.05394,0.00071,0.00043,0.99753,0.00134
204.00000,1.05394,0.00093,0.00051,0.99703,0.00153
204.10001,1.05392,0.00085,0.00038,0.99740,0.00137
204.20000,1.05394,0.00081,0.00051,0.99724,0.00143
204.30000,1.05394,0.00055,0.00032,0.99771,0.00141
204.39999,1.05394,0.00061,0.00034,0.99756,0.00148
204.50000,1.05394,0.00063,0.00029,0.99761,0.00147
204.60001,1.05392,0.00071,0.00042,0.99753,0.00135
204.70000,1.05394,0.00046,0.00032,0.99779,0.00143
204.80000,1.05394,0.00063,0.00041,0.99754,0.00141
204.89999,1.05394,0.00055,0.00037,0.99750,0.00158
205.00000,1.05394,0.00070,0.00071,0.99648,0.00210
205.10001,1.05392,0.00049,0.00043,0.99755,0.00152
205.20000,1.05394,0.00049,0.00046,0.99749,0.00155
205.30000,1.05394,0.00046,0.00038,0.99789,0.00127
205.39999,1.05394,0.00063,0.00049,0.99765,0.00123
205.50000,1.05394,0.00051,0.00039,0.99799,0.00111
205.60001,1.05392,0.00063,0.00058,0.99736,0.00143
205.70000,1.05394,0.00058,0.00054,0.99741,0.00146
205.80000,1.05394,0.00074,0.00074,0.99696,0.00156
205.89999,1.05394,0.00066,0.00049,0.99760,0.00126
206.00000,1.05394,0.00077,0.00054,0.99740,0.00129
206.10001,1.05392,0.00064,0.00050,0.99729,0.00157
206.20000,1.05394,0.00073,0.00068,0.99705,0.00154
206.30000,1.05394,0.00062,0.00054,0.99731,0.00153
206.39999,1.05394,0.00091,0.00064,0.99639,0.00205
206.50000,1.05394,0.00075,0.00050,0.99704,0.00170
206.60001,1.05392,0.00073,0.00052,0.99701,0.00173
206.70000,1.05394,0.00077,0.00063,0.99662,0.00198
206.80000,1.05394,0.00065,0.00052,0.99729,0.00153
206.89999,1.05394,0.00075,0.00043,0.99737,0.00145
207.00000,1.05394,0.00069,0.00034,0.99763,0.00134
207.10001,1.05392,0.00078,0.00035,0.99752,0.00135
207.20000,1.05394,0.00073,0.00053,0.99715,0.00160
207.30000,1.05394,0.00082,0.00055,0.99704,0.00160
207.39999,1.05394,0.00069,0.00053,0.99705,0.00172
207.50000,1.05394,0.00055,0.00046,0.99752,0.00146
207.60001,1.05392,0.00051,0.00035,0.99810,0.00104
207.70000,1.05394,0.00043,0.00027,0.99812,0.00118
207.80000,1.05394,0.00067,0.00042,0.99768,0.00123
207.89999,1.05394,0.00037,0.00035,0.99803,0.00124
208.00000,1.05394,0.00060,0.00045,0.99728,0.00167
208.10001,1.05392,0.00051,0.00043,0.99766,0.00139
208.20000,1.05394,0.00061,0.00040,0.99752,0.00148
208.30000,1.05394,0.00042,0.00041,0.99754,0.00163
208.39999,1.05394,0.00068,0.00035,0.99740,0.00157
208.50000,1.05394,0.00060,0.00047,0.99733,0.00159
208.60001,1.05392,0.00070,0.00045,0.99711,0.00174
208.70000,1.05394,0.00063,0.00072,0.99674,0.00191
208.80000,1.05394,0.00072,0.00062,0.99628,0.00239
208.89999,1.05394,0.00075,0.00073,0.99673,0.00179
209.00000,1.05394,0.00082,0.00070,0.99644,0.00203
209.10001,1.05392,0.00096,0.00101,0.99613,0.00190
209.20000,1.05394,0.00092,0.00078,0.99625,0.00205
209.30000,1.05394,0.00101,0.00079,0.99648,0.00172
209.39999,1.05394,0.00124,0.00080,0.99536,0.00261
209.50000,1.05394,0.00108,0.00068,0.99625,0.00199
209.60001,1.05392,0.00118,0.00060,0.99604,0.00218
209.70000,1.05394,0.00094,0.00084,0.99621,0.00201
209.80000,1.05394,0.00109,0.00084,0.99592,0.00215
209.89999,1.05394,0.00089,0.00075,0.99674,0.00162
210.00000,1.05394,0.00065,0.00045,0.99765,0.00125
210.10001,1.05392,0.00069,0.00038,0.99796,0.00097
210.20000,1.05394,0.00075,0.00057,0.99765,0.00103
210.30000,1.05394,0.00063,0.00044,0.99806,0.00087
210.39999,1.05394,0.00055,0.00044,0.99817,0.00084
210.50000,1.05394,0.00090,0.00050,0.99755,0.00105
210.60001,1.05392,0.00079,0.00059,0.99749,0.00113
210.70000,1.05394,0.00060,0.00035,0.99815,0.00089
210.80000,1.05394,0.00064,0.00042,0.99794,0.00101
210.89999,1.05394,0.00062,0.00048,0.99765,0.00125
211.00000,1.05394,0.00065,0.00068,0.99737,0.00130
211.10001,1.05392,0.00078,0.00054,0.99708,0.00160
211.20000,1.05394,0.00061,0.00063,0.99718,0.00158
211.30000,1.05394,0.00072,0.00056,0.99743,0.00130
211.39999,1.05394,0.00083,0.00056,0.99695,0.00165
211.50000,1.05394,0.00085,0.00057,0.99725,0.00132
211.60001,1.05392,0.00084,0.00062,0.99676,0.00179
211.70000,1.05394,0.00085,0.00056,0.99713,0.00147
211.80000,1.05394,0.00076,0.00051,0.99689,0.00184
211.89999,1.05394,0.00098,0.00050,0.99730,0.00123
212.00000,1.05394,0.00074,0.00057,0.99718,0.00151
212.10001,1.05392,0.00089,0.00066,0.99669,0.00176
212.20000,1.05394,0.00062,0.00037,0.99785,0.00115
212.30000,1.05394,0.00059,0.00041,0.99796,0.00104
212.39999,1.05394,0.00049,0.00036,0.99800,0.00115
212.50000,1.05394,0.00061,0.00031,0.99792,0.00115
212.60001,1.05392,0.00060,0.00042,0.99797,0.00102
212.70000,1.05394,0.00068,0.00052,0.99738,0.00142
212.80000,1.05394,0.00070,0.00047,0.99750,0.00134
212.89999,1.05394,0.00089,0.00054,0.99728,0.00130
213.00000,1.05394,0.00066,0.00064,0.99712,0.00158
213.10001,1.05392,0.00071,0.00059,0.99723,0.00147
213.20000,1.05394,0.00081,0.00074,0.99693,0.00152
213.30000,1.05394,0.00075,0.00078,0.99683,0.00164
213.39999,1.05394,0.00076,0.00072,0.99725,0.00127
213.50000,1.05394,0.00068,0.00070,0.99708,0.00154
213.60001,1.05392,0.00070,0.00085,0.99695,0.00150
213.70000,1.05394,0.00060,0.00062,0.99750,0.00128
213.80000,1.05394,0.00051,0.00068,0.99757,0.00125
213.89999,1.05394,0.00063,0.00064,0.99754,0.00119
214.00000,1.05394,0.00055,0.00065,0.99764,0.00116
214.10001,1.05392,0.00065,0.00062,0.99752,0.00121
214.20000,1.05394,0.00051,0.00054,0.99766,0.00129
214.30000,1.05394,0.00058,0.00054,0.99777,0.00111
214.39999,1.05394,0.00051,0.00051,0.99792,0.00106
214.50000,1.05394,0.00060,0.00053,0.99793,0.00094
214.60001,1.05392,0.00060,0.00046,0.99794,0.00099
214.70000,1.05394,0.00054,0.00046,0.99790,0.00110
214.80000,1.05394,0.00080,0.00063,0.99737,0.00120
214.89999,1.05394,0.00070,0.00048,0.99776,0.00106
215.00000,1.05394,0.00074,0.00068,0.99712,0.00146
215.10001,1.05392,0.00086,0.00062,0.99729,0.00123
215.20000,1.05394,0.00086,0.00063,0.99715,0.00136
215.30000,1.05394,0.00076,0.00048,0.99771,0.00106
215.39999,1.05394,0.00106,0.00089,0.99647,0.00158
215.50000,1.05394,0.00085,0.00087,0.99623,0.00205
215.60001,1.05392,0.00098,0.00082,0.99623,0.00196
215.70000,1.05394,0.00087,0.00072,0.99679,0.00162
215.80000,1.05394,0.00107,0.00089,0.99632,0.00172
215.89999,1.05394,0.00087,0.00075,0.99683,0.00155
216.00000,1.05394,0.00088,0.00079,0.99653,0.00179
216.10001,1.05392,0.00095,0.00082,0.99650,0.00173
216.20000,1.05394,0.00087,0.00088,0.99665,0.00160
216.30000,1.05394,0.00075,0.00070,0.99689,0.00166
216.39999,1.05394,0.00084,0.00080,0.99667,0.00168
216.50000,1.05394,0.00087,0.00076,0.99690,0.00147
216.60001,1.05392,0.00071,0.00065,0.99722,0.00142
216.70000,1.05394,0.00068,0.00058,0.99738,0.00136
216.80000,1.05394,0.00075,0.00054,0.99732,0.00140
216.89999,1.05394,0.00074,0.00046,0.99739,0.00142
217.00000,1.05394,0.00060,0.00042,0.99764,0.00133
217.10001,1.05392,0.00054,0.00023,0.99817,0.00106
217.20000,1.05394,0.00043,0.00024,0.99829,0.00105
217.30000,1.05394,0.00050,0.00019,0.99830,0.00101
217.39999,1.05394,0.00048,0.00022,0.99825,0.00105
217.50000,1.05394,0.00070,0.00028,0.99795,0.00107
217.60001,1.05392,0.00047,0.00030,0.99813,0.00111
217.70000,1.05394,0.00060,0.00036,0.99763,0.00141
217.80000,1.05394,0.00051,0.00039,0.99779,0.00131
217.89999,1.05394,0.00058,0.00031,0.99780,0.00132
218.00000,1.05394,0.00065,0.00036,0.99786,0.00114
218.10001,1.05392,0.00077,0.00056,0.99698,0.00168
218.20000,1.05394,0.00078,0.00057,0.99704,0.00161
218.30000,1.05394,0.00081,0.00053,0.99717,0.00150
218.39999,1.05394,0.00084,0.00063,0.99693,0.00159
218.50000,1.05394,0.00061,0.00035,0.99752,0.00152
218.60001,1.05392,0.00067,0.00055,0.99732,0.00145
218.70000,1.05394,0.00064,0.00033,0.99782,0.00120
218.80000,1.05394,0.00062,0.00066,0.99735,0.00138
218.89999,1.05394,0.00086,0.00054,0.99733,0.00127
219.00000,1.05394,0.00053,0.00043,0.99802,0.00103
219.10001,1.05392,0.00090,0.00058,0.99763,0.00090
219.20000,1.05394,0.00063,0.00050,0.99772,0.00116
219.30000,1.05394,0.00096,0.00066,0.99750,0.00087
219.39999,1.05394,0.00057,0.00053,0.99760,0.00130
219.50000,1.05394,0.00068,0.00050,0.99791,0.00091
219.60001,1.05392,0.00068,0.00057,0.99745,0.00130
219.70000,1.05394,0.00084,0.00065,0.99747,0.00103
219.80000,1.05394,0.00058,0.00038,0.99801,0.00102
219.89999,1.05394,0.00045,0.00040,0.99819,0.00095
220.00000,1.05394,0.00052,0.00051,0.99747,0.00149
220.10001,1.05392,0.00043,0.00041,0.99826,0.00090
220.20000,1.05394,0.00052,0.00040,0.99775,0.00133
220.30000,1.05394,0.00054,0.00052,0.99758,0.00136
220.39999,1.05394,0.00074,0.00047,0.99742,0.00136
220.50000,1.05394,0.00049,0.00047,0.99804,0.00099
220.60001,1.05392,0.00046,0.00043,0.99798,0.00113
220.70000,1.05394,0.00052,0.00055,0.99748,0.00145
220.80000,1.05394,0.00059,0.00067,0.99700,0.00174
220.89999,1.05394,0.00060,0.00046,0.99774,0.00120
221.00000,1.05394,0.00057,0.00056,0.99742,0.00145
221.10001,1.05392,0.00057,0.00040,0.99800,0.00103
221.20000,1.05394,0.00073,0.00054,0.99736,0.00136
221.30000,1.05394,0.00070,0.00051,0.99732,0.00148
221.39999,1.05394,0.00064,0.00048,0.99760,0.00128
221.50000,1.05394,0.00075,0.00033,0.99759,0.00133
221.60001,1.05392,0.00071,0.00045,0.99739,0.00145
221.70000,1.05394,0.00070,0.00043,0.99722,0.00165
221.80000,1.05394,0.00058,0.00047,0.99711,0.00185
221.89999,1.05394,0.00088,0.00055,0.99667,0.00189
222.00000,1.05394,0.00078,0.00065,0.99687,0.00170
222.10001,1.05392,0.00081,0.00042,0.99716,0.00160
222.20000,1.05394,0.00080,0.00067,0.99681,0.00173
222.30000,1.05394,0.00086,0.00065,0.99681,0.00168
222.39999,1.05394,0.00084,0.00087,0.99637,0.00191
222.50000,1.05394,0.00099,0.00068,0.99681,0.00153
222.60001,1.05392,0.00101,0.00086,0.99646,0.00167
222.70000,1.05394,0.00098,0.00074,0.99687,0.00140
222.80000,1.05394,0.00090,0.00075,0.99717,0.00118
222.89999,1.05394,0.00090,0.00083,0.99700,0.00127
223.00000,1.05394,0.00101,0.00053,0.99743,0.00102
223.10001,1.05392,0.00098,0.00089,0.99676,0.00137
223.20000,1.05394,0.00086,0.00054,0.99763,0.00097
223.30000,1.05394,0.00077,0.00078,0.99716,0.00129
223.39999,1.05394,0.00081,0.00062,0.99744,0.00112
223.50000,1.05394,0.00071,0.00052,0.99769,0.00107
223.60001,1.05392,0.00062,0.00057,0.99775,0.00106
223.70000,1.05394,0.00067,0.00070,0.99711,0.00152
223.80000,1.05394,0.00064,0.00055,0.99773,0.00108
223.89999,1.05394,0.00072,0.00071,0.99739,0.00118
224.00000,1.05394,0.00061,0.00082,0.99744,0.00113
224.10001,1.05392,0.00064,0.00049,0.99771,0.00116
224.20000,1.05394,0.00057,0.00054,0.99785,0.00104
224.30000,1.05394,0.00058,0.00049,0.99777,0.00115
224.39999,1.05394,0.00054,0.00067,0.99749,0.00130
224.50000,1.05394,0.00066,0.00060,0.99708,0.00166
224.60001,1.05392,0.00077,0.00072,0.99717,0.00134
224.70000,1.05394,0.00081,0.00048,0.99748,0.00123
224.80000,1.05394,0.00092,0.00087,0.99669,0.00151
224.89999,1.05394,0.00081,0.00069,0.99670,0.00180
225.00000,1.05394,0.00072,0.00086,0.99662,0.00180
225.10001,1.05392,0.00077,0.00078,0.99695,0.00150
225.20000,1.05394,0.00076,0.00093,0.99678,0.00153
225.30000,1.05394,0.00088,0.00096,0.99653,0.00163
225.39999,1.05394,0.00080,0.00105,0.99618,0.00197
225.50000,1.05394,0.00085,0.00070,0.99686,0.00159
225.60001,1.05392,0.00070,0.00058,0.99725,0.00147
225.70000,1.05394,0.00080,0.00052,0.99717,0.00152
225.80000,1.05394,0.00065,0.00046,0.99736,0.00154
225.89999,1.05394,0.00066,0.00054,0.99723,0.00157
226.00000,1.05394,0.00071,0.00038,0.99766,0.00125
226.10001,1.05392,0.00056,0.00039,0.99760,0.00145
226.20000,1.05394,0.00048,0.00022,0.99844,0.00086
226.30000,1.05394,0.00060,0.00040,0.99752,0.00149
226.39999,1.05394,0.00055,0.00034,0.99806,0.00105
226.50000,1.05394,0.00046,0.00031,0.99818,0.00106
226.60001,1.05392,0.00050,0.00036,0.99828,0.00086
226.70000,1.05394,0.00049,0.00032,0.99828,0.00091
226.80000,1.05394,0.00055,0.00030,0.99816,0.00100
226.89999,1.05394,0.00062,0.00035,0.99813,0.00090
227.00000,1.05394,0.00055,0.00036,0.99796,0.00113
227.10001,1.05392,0.00069,0.00038,0.99785,0.00107
227.20000,1.05394,0.00075,0.00045,0.99757,0.00123
227.30000,1.05394,0.00063,0.00040,0.99792,0.00106
227.39999,1.05394,0.00068,0.00043,0.99769,0.00120
227.50000,1.05394,0.00065,0.00038,0.99773,0.00124
227.60001,1.05392,0.00057,0.00039,0.99776,0.00127
227.70000,1.05394,0.00064,0.00048,0.99734,0.00154
227.80000,1.05394,0.00059,0.00039,0.99774,0.00127
227.89999,1.05394,0.00060,0.00032,0.99750,0.00158
228.00000,1.05394,0.00054,0.00034,0.99789,0.00123
228.10001,1.05392,0.00055,0.00035,0.99741,0.00169
228.20000,1.05394,0.00056,0.00043,0.99774,0.00127
228.30000,1.05394,0.00077,0.00052,0.99685,0.00187
228.39999,1.05394,0.00058,0.00055,0.99724,0.00164
228.50000,1.05394,0.00062,0.00044,0.99739,0.00155
228.60001,1.05392,0.00079,0.00050,0.99773,0.00099
228.70000,1.05394,0.00076,0.00047,0.99738,0.00139
228.80000,1.05394,0.00065,0.00046,0.99770,0.00120
228.89999,1.05394,0.00085,0.00060,0.99742,0.00112
229.00000,1.05394,0.00095,0.00087,0.99715,0.00103
229.10001,1.05392,0.00069,0.00052,0.99766,0.00113
229.20000,1.05394,0.00068,0.00048,0.99775,0.00109
229.30000,1.05394,0.00062,0.00050,0.99784,0.00104
229.39999,1.05394,0.00068,0.00061,0.99709,0.00162
229.50000,1.05394,0.00060,0.00048,0.99755,0.00137
229.60001,1.05392,0.00070,0.00051,0.99741,0.00138
229.70000,1.05394,0.00056,0.00042,0.99785,0.00118
229.80000,1.05394,0.00055,0.00055,0.99772,0.00118
229.89999,1.05394,0.00055,0.00043,0.99800,0.00101
230.00000,1.05394,0.00068,0.00053,0.99761,0.00118
230.10001,1.05392,0.00060,0.00053,0.99794,0.00093
230.20000,1.05394,0.00067,0.00053,0.99791,0.00089
230.30000,1.05394,0.00056,0.00055,0.99801,0.00089
230.39999,1.05394,0.00066,0.00072,0.99751,0.00110
230.50000,1.05394,0.00072,0.00066,0.99770,0.00092
230.60001,1.05392,0.00085,0.00084,0.99714,0.00117
230.70000,1.05394,0.00057,0.00078,0.99738,0.00127
230.80000,1.05394,0.00084,0.00087,0.99706,0.00123
230.89999,1.05394,0.00062,0.00093,0.99696,0.00148
231.00000,1.05394,0.00055,0.00060,0.99762,0.00123
231.10001,1.05392,0.00060,0.00082,0.99721,0.00137
231.20000,1.05394,0.00043,0.00053,0.99793,0.00110
231.30000,1.05394,0.00052,0.00067,0.99767,0.00114
231.39999,1.05394,0.00046,0.00061,0.99786,0.00107
231.50000,1.05394,0.00060,0.00069,0.99738,0.00133
231.60001,1.05392,0.00051,0.00048,0.99792,0.00109
231.70000,1.05394,0.00072,0.00056,0.99744,0.00128
231.80000,1.05394,0.00059,0.00061,0.99744,0.00136
231.89999,1.05394,0.00067,0.00063,0.99727,0.00143
232.00000,1.05394,0.00069,0.00066,0.99699,0.00166
232.10001,1.05392,0.00062,0.00052,0.99722,0.00164
232.20000,1.05394,0.00050,0.00053,0.99711,0.00186
232.30000,1.05394,0.00052,0.00058,0.99693,0.00197
232.39999,1.05394,0.00055,0.00063,0.99685,0.00196
232.50000,1.05394,0.00050,0.00058,0.99722,0.00171
232.60001,1.05392,0.00046,0.00044,0.99750,0.00160
232.70000,1.05394,0.00045,0.00047,0.99766,0.00141
232.80000,1.05394,0.00046,0.00059,0.99740,0.00155
232.89999,1.05394,0.00054,0.00059,0.99748,0.00139
233.00000,1.05394,0.00038,0.00044,0.99785,0.00134
233.10001,1.05392,0.00040,0.00044,0.99783,0.00132
233.20000,1.05394,0.00044,0.00035,0.99812,0.00109
233.30000,1.05394,0.00049,0.00029,0.99817,0.00105
233.39999,1.05394,0.00042,0.00041,0.99806,0.00110
233.50000,1.05394,0.00049,0.00042,0.99785,0.00124
233.60001,1.05392,0.00051,0.00043,0.99769,0.00137
233.70000,1.05394,0.00070,0.00037,0.99747,0.00146
233.80000,1.05394,0.00064,0.00050,0.99689,0.00197
233.89999,1.05394,0.00075,0.00049,0.99692,0.00184
234.00000,1.05394,0.00087,0.00061,0.99634,0.00218
234.10001,1.05392,0.00091,0.00064,0.99621,0.00223
234.20000,1.05394,0.00093,0.00073,0.99592,0.00242
234.30000,1.05394,0.00091,0.00048,0.99681,0.00180
234.39999,1.05394,0.00118,0.00056,0.99612,0.00214
234.50000,1.05394,0.00103,0.00048,0.99684,0.00165
234.60001,1.05392,0.00112,0.00072,0.99619,0.00198
234.70000,1.05394,0.00102,0.00060,0.99700,0.00138
234.80000,1.05394,0.00101,0.00058,0.99675,0.00166
234.89999,1.05394,0.00102,0.00059,0.99669,0.00170
235.00000,1.05394,0.00080,0.00063,0.99700,0.00158
235.10001,1.05392,0.00098,0.00067,0.99665,0.00170
235.20000,1.05394,0.00063,0.00046,0.99740,0.00150
235.30000,1.05394,0.00082,0.00056,0.99693,0.00169
235.39999,1.05394,0.00079,0.00047,0.99700,0.00174
235.50000,1.05394,0.00088,0.00066,0.99688,0.00158
235.60001,1.05392,0.00062,0.00053,0.99694,0.00191
235.70000,1.05394,0.00068,0.00043,0.99732,0.00157
235.80000,1.05394,0.00055,0.00052,0.99682,0.00211
235.89999,1.05394,0.00082,0.00074,0.99641,0.00204
236.00000,1.05394,0.00068,0.00070,0.99695,0.00167
236.10001,1.05392,0.00059,0.00062,0.99671,0.00208
236.20000,1.05394,0.00084,0.00074,0.99647,0.00194
236.30000,1.05394,0.00071,0.00059,0.99682,0.00188
236.39999,1.05394,0.00077,0.00055,0.99699,0.00169
236.50000,1.05394,0.00057,0.00057,0.99735,0.00151
236.60001,1.05392,0.00068,0.00053,0.99737,0.00142
236.70000,1.05394,0.00061,0.00065,0.99761,0.00114
236.80000,1.05394,0.00059,0.00041,0.99808,0.00092
236.89999,1.05394,0.00071,0.00057,0.99760,0.00112
237.00000,1.05394,0.00055,0.00053,0.99767,0.00125
237.10001,1.05392,0.00047,0.00045,0.99821,0.00087
237.20000,1.05394,0.00049,0.00051,0.99809,0.00092
237.30000,1.05394,0.00049,0.00053,0.99805,0.00093
237.39999,1.05394,0.00073,0.00093,0.99687,0.00147
237.50000,1.05394,0.00059,0.00061,0.99702,0.00178
237.60001,1.05392,0.00072,0.00063,0.99731,0.00134
237.70000,1.05394,0.00052,0.00057,0.99747,0.00145
237.80000,1.05394,0.00066,0.00041,0.99771,0.00123
237.89999,1.05394,0.00042,0.00037,0.99789,0.00132
238.00000,1.05394,0.00060,0.00049,0.99748,0.00142
238.10001,1.05392,0.00045,0.00020,0.99841,0.00094
238.20000,1.05394,0.00062,0.00026,0.99771,0.00141
238.30000,1.05394,0.00040,0.00017,0.99843,0.00100
238.39999,1.05394,0.00059,0.00032,0.99795,0.00115
238.50000,1.05394,0.00044,0.00024,0.99845,0.00087
238.60001,1.05392,0.00057,0.00022,0.99812,0.00108
238.70000,1.05394,0.00062,0.00039,0.99770,0.00129
238.80000,1.05394,0.00073,0.00027,0.99798,0.00102
238.89999,1.05394,0.00050,0.00024,0.99821,0.00105
239.00000,1.05394,0.00070,0.00035,0.99761,0.00133
239.10001,1.05392,0.00071,0.00053,0.99735,0.00142
239.20000,1.05394,0.00084,0.00030,0.99791,0.00095
239.30000,1.05394,0.00066,0.00049,0.99724,0.00161
239.39999,1.05394,0.00074,0.00032,0.99783,0.00111
239.50000,1.05394,0.00058,0.00039,0.99771,0.00133
239.60001,1.05392,0.00070,0.00038,0.99782,0.00110
239.70000,1.05394,0.00055,0.00062,0.99708,0.00175
239.80000,1.05394,0.00077,0.00059,0.99736,0.00127
239.89999,1.05394,0.00065,0.00074,0.99708,0.00153
240.00000,1.05394,0.00082,0.00060,0.99711,0.00148
240.10001,1.05392,0.00074,0.00086,0.99645,0.00195
240.20000,1.05394,0.00116,0.00093,0.99586,0.00205
240.30000,1.05394,0.00083,0.00071,0.99646,0.00200
240.39999,1.05394,0.00110,0.00084,0.99612,0.00194
240.50000,1.05394,0.00104,0.00104,0.99549,0.00244
240.60001,1.05392,0.00116,0.00062,0.99670,0.00152
240.70000,1.05394,0.00092,0.00068,0.99687,0.00154
240.80000,1.05394,0.00135,0.00078,0.99617,0.00169
240.89999,1.05394,0.00134,0.00084,0.99631,0.00152
241.00000,1.05394,0.00138,0.00106,0.99587,0.00170
241.10001,1.05392,0.00117,0.00094,0.99627,0.00162
241.20000,1.05394,0.00128,0.00089,0.99664,0.00119
241.30000,1.05394,0.00116,0.00096,0.99651,0.00136
241.39999,1.05394,0.00134,0.00111,0.99617,0.00138
241.50000,1.05394,0.00120,0.00112,0.99631,0.00137
241.60001,1.05392,0.00110,0.00108,0.99625,0.00157
241.70000,1.05394,0.00104,0.00113,0.99638,0.00144
241.80000,1.05394,0.00105,0.00088,0.99693,0.00115
241.89999,1.05394,0.00099,0.00098,0.99674,0.00129
242.00000,1.05394,0.00098,0.00066,0.99718,0.00119
242.10001,1.05392,0.00076,0.00081,0.99699,0.00145
242.20000,1.05394,0.00096,0.00070,0.99696,0.00138
242.30000,1.05394,0.00093,0.00079,0.99706,0.00122
242.39999,1.05394,0.00108,0.00099,0.99605,0.00188
242.50000,1.05394,0.00079,0.00078,0.99708,0.00135
242.60001,1.05392,0.00092,0.00083,0.99659,0.00166
242.70000,1.05394,0.00077,0.00091,0.99669,0.00164
242.80000,1.05394,0.00078,0.00068,0.99686,0.00168
242.89999,1.05394,0.00095,0.00086,0.99651,0.00168
243.00000,1.05394,0.00093,0.00083,0.99646,0.00179
243.10001,1.05392,0.00086,0.00100,0.99670,0.00144
243.20000,1.05394,0.00087,0.00101,0.99663,0.00149
243.30000,1.05394,0.00079,0.00081,0.99702,0.00138
243.39999,1.05394,0.00104,0.00109,0.99644,0.00143
243.50000,1.05394,0.00102,0.00081,0.99696,0.00122
243.60001,1.05392,0.00102,0.00108,0.99619,0.00171
243.70000,1.05394,0.00079,0.00094,0.99663,0.00165
243.80000,1.05394,0.00068,0.00074,0.99722,0.00136
243.89999,1.05394,0.00099,0.00079,0.99661,0.00161
244.00000,1.05394,0.00079,0.00094,0.99653,0.00173
244.10001,1.05392,0.00086,0.00088,0.99682,0.00144
244.20000,1.05394,0.00079,0.00090,0.99631,0.00199
244.30000,1.05394,0.00094,0.00097,0.99644,0.00165
244.39999,1.05394,0.00076,0.00076,0.99700,0.00149
244.50000,1.05394,0.00099,0.00105,0.99621,0.00176
244.60001,1.05392,0.00092,0.00088,0.99631,0.00189
244.70000,1.05394,0.00099,0.00098,0.99658,0.00145
244.80000,1.05394,0.00085,0.00097,0.99666,0.00152
244.89999,1.05394,0.00118,0.00103,0.99635,0.00145
245.00000,1.05394,0.00096,0.00078,0.99673,0.00153
245.10001,1.05392,0.00126,0.00125,0.99593,0.00156
245.20000,1.05394,0.00122,0.00128,0.99592,0.00158
245.30000,1.05394,0.00128,0.00144,0.99558,0.00169
245.39999,1.05394,0.00125,0.00131,0.99569,0.00176
245.50000,1.05394,0.00123,0.00110,0.99635,0.00132
245.60001,1.05392,0.00118,0.00134,0.99583,0.00165
245.70000,1.05394,0.00129,0.00107,0.99625,0.00140
245.80000,1.05394,0.00149,0.00107,0.99593,0.00152
245.89999,1.05394,0.00132,0.00098,0.99658,0.00112
246.00000,1.05394,0.00126,0.00107,0.99630,0.00137
246.10001,1.05392,0.00165,0.00090,0.99640,0.00106
246.20000,1.05394,0.00116,0.00085,0.99696,0.00103
246.30000,1.05394,0.00122,0.00092,0.99671,0.00114
246.39999,1.05394,0.00162,0.00082,0.99656,0.00100
246.50000,1.05394,0.00115,0.00075,0.99691,0.00119
246.60001,1.05392,0.00121,0.00087,0.99681,0.00111
246.70000,1.05394,0.00125,0.00123,0.99609,0.00143
246.80000,1.05394,0.00142,0.00083,0.99645,0.00130
246.89999,1.05394,0.00143,0.00107,0.99607,0.00143
247.00000,1.05394,0.00116,0.00077,0.99697,0.00110
247.10001,1.05392,0.00116,0.00099,0.99633,0.00152
247.20000,1.05394,0.00090,0.00099,0.99679,0.00131
247.30000,1.05394,0.00106,0.00100,0.99683,0.00111
247.39999,1.05394,0.00097,0.00086,0.99714,0.00102
247.50000,1.05394,0.00098,0.00089,0.99719,0.00094
247.60001,1.05392,0.00102,0.00091,0.99696,0.00110
247.70000,1.05394,0.00071,0.00071,0.99750,0.00107
247.80000,1.05394,0.00071,0.00061,0.99775,0.00092
247.89999,1.05394,0.00090,0.00078,0.99733,0.00098
248.00000,1.05394,0.00101,0.00076,0.99727,0.00097
248.10001,1.05392,0.00087,0.00068,0.99746,0.00099
248.20000,1.05394,0.00106,0.00071,0.99719,0.00104
248.30000,1.05394,0.00089,0.00072,0.99713,0.00127
248.39999,1.05394,0.00140,0.00076,0.99668,0.00115
248.50000,1.05394,0.00120,0.00123,0.99608,0.00149
248.60001,1.05392,0.00140,0.00089,0.99624,0.00147
248.70000,1.05394,0.00128,0.00104,0.99635,0.00133
248.80000,1.05394,0.00152,0.00122,0.99534,0.00192
248.89999,1.05394,0.00131,0.00125,0.99572,0.00171
249.00000,1.05394,0.00117,0.00128,0.99562,0.00193
249.10001,1.05392,0.00124,0.00128,0.99566,0.00181
249.20000,1.05394,0.00135,0.00109,0.99575,0.00181
249.30000,1.05394,0.00111,0.00128,0.99597,0.00163
249.39999,1.05394,0.00113,0.00121,0.99597,0.00169
249.50000,1.05394,0.00088,0.00109,0.99646,0.00157
249.60001,1.05392,0.00091,0.00102,0.99627,0.00181
249.70000,1.05394,0.00081,0.00087,0.99691,0.00142
249.80000,1.05394,0.00075,0.00056,0.99744,0.00125
249.89999,1.05394,0.00070,0.00078,0.99692,0.00160
250.00000,1.05394,0.00072,0.00057,0.99739,0.00132
250.10001,1.05392,0.00067,0.00067,0.99712,0.00154
250.20000,1.05394,0.00074,0.00044,0.99766,0.00116
250.30000,1.05394,0.00073,0.00054,0.99743,0.00129
250.39999,1.05394,0.00095,0.00054,0.99720,0.00132
250.50000,1.05394,0.00076,0.00059,0.99758,0.00108
250.60001,1.05392,0.00095,0.00064,0.99729,0.00112
250.70000,1.05394,0.00081,0.00049,0.99760,0.00110
250.80000,1.05394,0.00114,0.00064,0.99719,0.00103
250.89999,1.05394,0.00082,0.00051,0.99766,0.00101
251.00000,1.05394,0.00089,0.00074,0.99720,0.00117
251.10001,1.05392,0.00095,0.00047,0.99762,0.00096
251.20000,1.05394,0.00125,0.00116,0.99635,0.00123
251.30000,1.05394,0.00146,0.00078,0.99634,0.00142
251.39999,1.05394,0.00124,0.00113,0.99590,0.00173
251.50000,1.05394,0.00088,0.00059,0.99710,0.00144
251.60001,1.05392,0.00098,0.00059,0.99726,0.00117
251.70000,1.05394,0.00099,0.00048,0.99717,0.00136
251.80000,1.05394,0.00113,0.00067,0.99680,0.00141
251.89999,1.05394,0.00127,0.00059,0.99706,0.00108
252.00000,1.05394,0.00117,0.00083,0.99637,0.00162
252.10001,1.05392,0.00115,0.00060,0.99691,0.00134
252.20000,1.05394,0.00089,0.00054,0.99764,0.00092
252.30000,1.05394,0.00098,0.00051,0.99762,0.00089
252.39999,1.05394,0.00077,0.00066,0.99759,0.00099
252.50000,1.05394,0.00111,0.00081,0.99711,0.00097
252.60001,1.05392,0.00110,0.00086,0.99721,0.00082
252.70000,1.05394,0.00111,0.00077,0.99712,0.00100
252.80000,1.05394,0.00100,0.00056,0.99765,0.00079
252.89999,1.05394,0.00102,0.00069,0.99741,0.00088
253.00000,1.05394,0.00074,0.00056,0.99779,0.00091
253.10001,1.05392,0.00063,0.00042,0.99795,0.00100
253.20000,1.05394,0.00080,0.00047,0.99743,0.00130
253.30000,1.05394,0.00072,0.00040,0.99770,0.00117
253.39999,1.05394,0.00070,0.00038,0.99745,0.00147
253.50000,1.05394,0.00051,0.00029,0.99800,0.00120
253.60001,1.05392,0.00062,0.00036,0.99789,0.00114
253.70000,1.05394,0.00056,0.00040,0.99780,0.00123
253.80000,1.05394,0.00068,0.00043,0.99757,0.00132
253.89999,1.05394,0.00051,0.00039,0.99785,0.00125
254.00000,1.05394,0.00048,0.00038,0.99805,0.00109
254.10001,1.05392,0.00052,0.00061,0.99759,0.00128
254.20000,1.05394,0.00064,0.00069,0.99778,0.00089
254.30000,1.05394,0.00089,0.00108,0.99652,0.00151
254.39999,1.05394,0.00067,0.00115,0.99684,0.00135
254.50000,1.05394,0.00058,0.00081,0.99745,0.00117
254.60001,1.05392,0.00050,0.00062,0.99787,0.00102
254.70000,1.05394,0.00063,0.00061,0.99770,0.00107
254.80000,1.05394,0.00072,0.00076,0.99737,0.00116
254.89999,1.05394,0.00073,0.00083,0.99732,0.00112
255.00000,1.05392,0.00055,0.00065,0.99766,0.00113
255.10001,1.05392,0.00066,0.00091,0.99693,0.00149
255.20000,1.05394,0.00055,0.00052,0.99769,0.00124
255.30000,1.05394,0.00049,0.00062,0.99762,0.00127
255.39999,1.05396,0.00060,0.00056,0.99760,0.00124
255.50000,1.05392,0.00069,0.00078,0.99708,0.00145
255.60001,1.05392,0.00063,0.00055,0.99770,0.00111
255.70000,1.05394,0.00059,0.00064,0.99712,0.00166
255.80000,1.05394,0.00086,0.00056,0.99710,0.00148
255.89999,1.05396,0.00085,0.00105,0.99604,0.00205
256.00000,1.05392,0.00060,0.00047,0.99781,0.00111
256.10001,1.05392,0.00076,0.00046,0.99739,0.00139
256.20001,1.05392,0.00084,0.00042,0.99775,0.00100
256.29999,1.05396,0.00078,0.00059,0.99707,0.00156
256.39999,1.05396,0.00078,0.00053,0.99735,0.00134
256.50000,1.05392,0.00076,0.00060,0.99700,0.00165
256.60001,1.05392,0.00066,0.00051,0.99737,0.00145
256.70001,1.05392,0.00064,0.00044,0.99774,0.00118
256.79999,1.05396,0.00075,0.00070,0.99667,0.00189
256.89999,1.05396,0.00084,0.00082,0.99606,0.00227
257.00000,1.05392,0.00071,0.00072,0.99664,0.00193
257.10001,1.05392,0.00065,0.00073,0.99703,0.00160
257.20001,1.05392,0.00060,0.00066,0.99710,0.00164
257.29999,1.05396,0.00061,0.00068,0.99695,0.00176
257.39999,1.05396,0.00077,0.00081,0.99637,0.00205
257.50000,1.05392,0.00080,0.00078,0.99656,0.00186
257.60001,1.05392,0.00110,0.00117,0.99530,0.00243
257.70001,1.05392,0.00096,0.00096,0.99616,0.00192
257.79999,1.05396,0.00102,0.00099,0.99618,0.00181
257.89999,1.05396,0.00087,0.00110,0.99621,0.00182
258.00000,1.05392,0.00109,0.00103,0.99580,0.00209
258.10001,1.05392,0.00113,0.00144,0.99523,0.00220
258.20001,1.05392,0.00095,0.00108,0.99589,0.00208
258.29999,1.05396,0.00098,0.00152,0.99506,0.00243
258.39999,1.05396,0.00093,0.00090,0.99635,0.00181
258.50000,1.05392,0.00086,0.00114,0.99607,0.00193
258.60001,1.05392,0.00117,0.00090,0.99628,0.00165
258.70001,1.05392,0.00095,0.00115,0.99618,0.00172
258.79999,1.05396,0.00101,0.00080,0.99663,0.00156
258.89999,1.05396,0.00095,0.00106,0.99656,0.00142
259.00000,1.05392,0.00103,0.00103,0.99633,0.00162
259.10001,1.05392,0.00102,0.00108,0.99647,0.00143
259.20001,1.05392,0.00085,0.00099,0.99693,0.00123
259.29999,1.05396,0.00101,0.00109,0.99664,0.00127
259.39999,1.05396,0.00151,0.00116,0.99605,0.00128
259.50000,1.05392,0.00187,0.00143,0.99505,0.00165
259.60001,1.05392,0.00117,0.00101,0.99687,0.00095
259.70001,1.05392,0.00117,0.00101,0.99672,0.00109
259.79999,1.05396,0.00100,0.00086,0.99710,0.00104
259.89999,1.05396,0.00127,0.00117,0.99640,0.00117
260.00000,1.05392,0.00103,0.00082,0.99712,0.00103
260.10001,1.05392,0.00147,0.00115,0.99608,0.00130
260.20001,1.05392,0.00099,0.00078,0.99718,0.00104
260.29999,1.05396,0.00125,0.00091,0.99674,0.00111
260.39999,1.05396,0.00093,0.00094,0.99695,0.00118
260.50000,1.05392,0.00149,0.00121,0.99564,0.00167
260.60001,1.05392,0.00132,0.00092,0.99636,0.00140
260.70001,1.05392,0.00211,0.00149,0.99431,0.00209
260.79999,1.05396,0.00196,0.00148,0.99454,0.00201
260.89999,1.05396,0.00206,0.00165,0.99413,0.00216
261.00000,1.05392,0.00184,0.00129,0.99490,0.00197
261.10001,1.05392,0.00205,0.00146,0.99437,0.00212
261.20001,1.05392,0.00266,0.00148,0.99347,0.00239
261.29999,1.05396,0.00265,0.00200,0.99250,0.00286
261.39999,1.05396,0.00220,0.00173,0.99300,0.00307
261.50000,1.05392,0.00191,0.00159,0.99375,0.00274
261.60001,1.05392,0.00191,0.00152,0.99420,0.00236
261.70001,1.05392,0.00165,0.00111,0.99528,0.00197
261.79999,1.05396,0.00142,0.00111,0.99565,0.00183
261.89999,1.05396,0.00154,0.00120,0.99504,0.00222
262.00000,1.05392,0.00164,0.00156,0.99388,0.00292
262.10001,1.05392,0.00132,0.00117,0.99559,0.00191
262.20001,1.05392,0.00126,0.00090,0.99640,0.00145
262.29999,1.05396,0.00140,0.00085,0.99600,0.00176
262.39999,1.05396,0.00130,0.00102,0.99607,0.00161
262.50000,1.05392,0.00101,0.00077,0.99669,0.00153
262.60001,1.05392,0.00093,0.00097,0.99643,0.00168
262.70001,1.05392,0.00133,0.00098,0.99609,0.00160
262.79999,1.05396,0.00141,0.00097,0.99585,0.00178
262.89999,1.05396,0.00138,0.00079,0.99660,0.00122
263.00000,1.05392,0.00173,0.00097,0.99583,0.00147
263.10001,1.05392,0.00151,0.00094,0.99598,0.00157
263.20001,1.05392,0.00209,0.00087,0.99530,0.00175
263.29999,1.05396,0.00160,0.00070,0.99620,0.00150
263.39999,1.05396,0.00263,0.00128,0.99398,0.00211
263.50000,1.05392,0.00210,0.00094,0.99536,0.00159
263.60001,1.05392,0.00244,0.00129,0.99389,0.00238
263.70001,1.05392,0.00170,0.00123,0.99533,0.00175
263.79999,1.05396,0.00211,0.00139,0.99411,0.00239
263.89999,1.05396,0.00175,0.00115,0.99484,0.00227
264.00000,1.05392,0.00193,0.00188,0.99368,0.00251
264.10001,1.05392,0.00249,0.00209,0.99297,0.00245
264.20001,1.05392,0.00228,0.00191,0.99339,0.00242
264.29999,1.05396,0.00154,0.00136,0.99482,0.00229
264.39999,1.05396,0.00148,0.00137,0.99510,0.00206
264.50000,1.05392,0.00150,0.00146,0.99479,0.00225
264.60001,1.05392,0.00147,0.00125,0.99522,0.00206
264.70001,1.05392,0.00122,0.00115,0.99545,0.00218
264.79999,1.05396,0.00128,0.00097,0.99616,0.00159
264.89999,1.05396,0.00147,0.00138,0.99552,0.00162
265.00000,1.05392,0.00122,0.00080,0.99645,0.00153
265.10001,1.05392,0.00158,0.00109,0.99592,0.00142
265.20001,1.05392,0.00197,0.00103,0.99525,0.00175
265.29999,1.05396,0.00188,0.00104,0.99593,0.00115
265.39999,1.05396,0.00163,0.00065,0.99640,0.00131
265.50000,1.05392,0.00197,0.00103,0.99547,0.00153
265.60001,1.05392,0.00272,0.00078,0.99479,0.00171
265.70001,1.05392,0.00273,0.00093,0.99424,0.00211
265.79999,1.05396,0.00258,0.00121,0.99419,0.00202
265.89999,1.05396,0.00286,0.00096,0.99400,0.00217
266.00000,1.05392,0.00290,0.00112,0.99398,0.00201
266.10001,1.05392,0.00238,0.00103,0.99471,0.00187
266.20001,1.05392,0.00201,0.00104,0.99505,0.00190
266.29999,1.05396,0.00288,0.00120,0.99358,0.00234
266.39999,1.05396,0.00239,0.00144,0.99426,0.00190
266.50000,1.05392,0.00252,0.00133,0.99435,0.00180
266.60001,1.05392,0.00190,0.00137,0.99484,0.00190
266.70001,1.05392,0.00140,0.00095,0.99623,0.00142
266.79999,1.05396,0.00174,0.00111,0.99539,0.00175
266.89999,1.05396,0.00160,0.00103,0.99599,0.00138
267.00000,1.05392,0.00194,0.00137,0.99472,0.00197
267.10001,1.05392,0.00173,0.00105,0.99582,0.00141
267.20001,1.05392,0.00237,0.00143,0.99457,0.00163
267.29999,1.05396,0.00124,0.00101,0.99667,0.00107
267.39999,1.05396,0.00133,0.00103,0.99644,0.00121
267.50000,1.05392,0.00163,0.00104,0.99643,0.00090
267.60001,1.05392,0.00129,0.00069,0.99712,0.00090
267.70001,1.05392,0.00131,0.00089,0.99708,0.00072
267.79999,1.05396,0.00104,0.00077,0.99740,0.00079
267.89999,1.05396,0.00093,0.00076,0.99752,0.00078
268.00000,1.05392,0.00100,0.00066,0.99757,0.00077
268.10001,1.05392,0.00107,0.00066,0.99726,0.00100
268.20001,1.05392,0.00112,0.00067,0.99728,0.00094
268.29999,1.05396,0.00108,0.00070,0.99721,0.00102
268.39999,1.05396,0.00090,0.00060,0.99753,0.00097
268.50000,1.05392,0.00078,0.00047,0.99795,0.00080
268.60001,1.05392,0.00104,0.00067,0.99716,0.00113
268.70001,1.05392,0.00107,0.00049,0.99750,0.00094
268.79999,1.05396,0.00127,0.00074,0.99672,0.00127
268.89999,1.05396,0.00122,0.00058,0.99739,0.00081
269.00000,1.05392,0.00166,0.00101,0.99617,0.00117
269.10001,1.05392,0.00119,0.00067,0.99736,0.00078
269.20001,1.05392,0.00166,0.00131,0.99554,0.00148
269.29999,1.05396,0.00133,0.00077,0.99685,0.00105
269.39999,1.05396,0.00140,0.00105,0.99637,0.00117
269.50000,1.05392,0.00116,0.00097,0.99648,0.00139
269.60001,1.05392,0.00128,0.00106,0.99646,0.00121
269.70001,1.05392,0.00109,0.00074,0.99696,0.00122
269.79999,1.05396,0.00085,0.00093,0.99683,0.00139
269.89999,1.05396,0.00085,0.00084,0.99707,0.00125
270.00000,1.05392,0.00084,0.00062,0.99750,0.00104
270.10001,1.05392,0.00085,0.00077,0.99708,0.00130
270.20001,1.05392,0.00095,0.00093,0.99665,0.00146
270.29999,1.05396,0.00111,0.00069,0.99678,0.00141
270.39999,1.05396,0.00110,0.00081,0.99667,0.00142
270.50000,1.05392,0.00151,0.00082,0.99630,0.00137
270.60001,1.05392,0.00170,0.00139,0.99523,0.00168
270.70001,1.05392,0.00130,0.00081,0.99631,0.00158
270.79999,1.05396,0.00136,0.00087,0.99651,0.00127
270.89999,1.05396,0.00155,0.00082,0.99650,0.00112
271.00000,1.05392,0.00133,0.00076,0.99674,0.00116
271.10001,1.05392,0.00163,0.00102,0.99631,0.00105
271.20001,1.05392,0.00123,0.00089,0.99672,0.00116
271.29999,1.05396,0.00119,0.00096,0.99684,0.00101
271.39999,1.05396,0.00107,0.00079,0.99700,0.00114
271.50000,1.05392,0.00106,0.00086,0.99683,0.00126
271.60001,1.05392,0.00101,0.00098,0.99638,0.00164
271.70001,1.05392,0.00130,0.00101,0.99636,0.00132
271.79999,1.05396,0.00125,0.00117,0.99564,0.00194
271.89999,1.05396,0.00103,0.00091,0.99642,0.00164
272.00000,1.05392,0.00104,0.00117,0.99580,0.00200
272.10001,1.05392,0.00107,0.00110,0.99521,0.00261
272.20001,1.05392,0.00118,0.00117,0.99513,0.00252
272.29999,1.05396,0.00098,0.00097,0.99627,0.00177
272.39999,1.05396,0.00108,0.00093,0.99603,0.00196
272.50000,1.05392,0.00102,0.00093,0.99671,0.00134
272.60001,1.05392,0.00110,0.00079,0.99657,0.00153
272.70001,1.05392,0.00146,0.00111,0.99562,0.00181
272.79999,1.05396,0.00126,0.00063,0.99690,0.00121
272.89999,1.05396,0.00133,0.00101,0.99622,0.00144
273.00000,1.05392,0.00142,0.00104,0.99602,0.00152
273.10001,1.05392,0.00138,0.00122,0.99563,0.00177
273.20001,1.05392,0.00094,0.00074,0.99661,0.00170
273.29999,1.05396,0.00096,0.00072,0.99681,0.00151
273.39999,1.05396,0.00081,0.00051,0.99721,0.00147
273.50000,1.05392,0.00060,0.00063,0.99735,0.00142
273.60001,1.05392,0.00054,0.00055,0.99746,0.00145
273.70001,1.05392,0.00061,0.00074,0.99688,0.00178
273.79999,1.05396,0.00048,0.00055,0.99732,0.00165
273.89999,1.05396,0.00047,0.00069,0.99739,0.00145
274.00000,1.05392,0.00044,0.00072,0.99706,0.00177
274.10001,1.05392,0.00050,0.00051,0.99760,0.00139
274.20001,1.05392,0.00048,0.00069,0.99712,0.00172
274.29999,1.05396,0.00070,0.00103,0.99595,0.00231
274.39999,1.05396,0.00068,0.00085,0.99657,0.00190
274.50000,1.05392,0.00079,0.00073,0.99670,0.00178
274.60001,1.05392,0.00062,0.00059,0.99744,0.00135
274.70001,1.05392,0.00066,0.00051,0.99723,0.00159
274.79999,1.05396,0.00077,0.00073,0.99689,0.00161
274.89999,1.05396,0.00070,0.00060,0.99712,0.00158
275.00000,1.05392,0.00084,0.00052,0.99739,0.00125
275.10001,1.05392,0.00074,0.00045,0.99764,0.00116
275.20001,1.05392,0.00129,0.00067,0.99671,0.00132
275.29999,1.05396,0.00075,0.00059,0.99718,0.00147
275.39999,1.05396,0.00090,0.00070,0.99686,0.00155
275.50000,1.05392,0.00081,0.00060,0.99707,0.00152
275.60001,1.05392,0.00097,0.00076,0.99683,0.00143
275.70001,1.05392,0.00087,0.00057,0.99694,0.00161
275.79999,1.05396,0.00095,0.00072,0.99670,0.00164
275.89999,1.05396,0.00104,0.00077,0.99608,0.00211
276.00000,1.05392,0.00081,0.00068,0.99675,0.00176
276.10001,1.05392,0.00093,0.00069,0.99656,0.00182
276.20001,1.05392,0.00091,0.00070,0.99665,0.00174
276.29999,1.05396,0.00107,0.00077,0.99632,0.00184
276.39999,1.05396,0.00110,0.00077,0.99609,0.00204
276.50000,1.05392,0.00108,0.00079,0.99601,0.00212
276.60001,1.05392,0.00141,0.00109,0.99497,0.00254
276.70001,1.05392,0.00184,0.00103,0.99499,0.00215
276.79999,1.05396,0.00225,0.00146,0.99312,0.00317
276.89999,1.05396,0.00250,0.00132,0.99364,0.00253
277.00000,1.05392,0.00292,0.00226,0.99128,0.00354
277.10001,1.05392,0.00266,0.00160,0.99310,0.00264
277.20001,1.05392,0.00291,0.00150,0.99263,0.00296
277.29999,1.05396,0.00247,0.00119,0.99421,0.00214
277.39999,1.05396,0.00284,0.00169,0.99285,0.00262
277.50000,1.05392,0.00195,0.00099,0.99549,0.00157
277.60001,1.05392,0.00232,0.00130,0.99375,0.00263
277.70001,1.05392,0.00320,0.00132,0.99279,0.00269
277.79999,1.05396,0.01201,0.00238,0.98011,0.00550
277.89999,1.05396,0.05242,0.00273,0.93845,0.00640
278.00000,1.05392,0.30009,0.00320,0.68617,0.01053
278.10001,1.05392,0.54560,0.00122,0.44421,0.00898
278.20001,1.05392,0.77532,0.00086,0.21341,0.01041
278.29999,1.05396,0.90581,0.00019,0.08637,0.00763
278.39999,1.05396,0.97937,0.00005,0.01680,0.00378
278.50000,1.05392,0.99092,0.00001,0.00688,0.00218
278.60001,1.05392,0.99649,0.00001,0.00197,0.00153
278.70001,1.05392,0.99636,0.00000,0.00179,0.00184
278.79999,1.05396,0.99736,0.00000,0.00116,0.00148
278.89999,1.05396,0.99572,0.00001,0.00137,0.00290
279.00000,1.05392,0.98846,0.00002,0.00307,0.00845
279.10001,1.05392,0.98876,0.00005,0.00329,0.00790
279.20001,1.05392,0.99136,0.00006,0.00253,0.00605
279.29999,1.05396,0.99060,0.00013,0.00260,0.00667
279.39999,1.05396,0.98922,0.00029,0.00266,0.00784
279.50000,1.05392,0.99089,0.00039,0.00231,0.00642
279.60001,1.05392,0.99124,0.00045,0.00220,0.00611
279.70001,1.05392,0.99203,0.00049,0.00208,0.00540
279.79999,1.05396,0.99250,0.00053,0.00201,0.00496
279.89999,1.05396,0.99298,0.00054,0.00194,0.00454
280.00000,1.05392,0.99340,0.00054,0.00195,0.00411
280.10001,1.05392,0.99410,0.00045,0.00175,0.00370
280.20001,1.05392,0.99377,0.00047,0.00184,0.00392
280.29999,1.05396,0.99386,0.00046,0.00175,0.00393
280.39999,1.05396,0.99370,0.00048,0.00186,0.00396
280.50000,1.05392,0.99370,0.00048,0.00181,0.00401
280.60001,1.05392,0.99371,0.00046,0.00186,0.00398
280.70001,1.05392,0.99361,0.00045,0.00179,0.00415
280.79999,1.05396,0.99311,0.00045,0.00198,0.00446
280.89999,1.05396,0.99328,0.00042,0.00188,0.00443
281.00000,1.05392,0.99305,0.00045,0.00203,0.00448
281.10001,1.05392,0.99317,0.00044,0.00191,0.00448
281.20001,1.05392,0.99296,0.00046,0.00200,0.00458
281.29999,1.05396,0.99273,0.00045,0.00204,0.00478
281.39999,1.05396,0.99274,0.00045,0.00203,0.00479
281.50000,1.05392,0.99233,0.00046,0.00215,0.00505
281.60001,1.05392,0.99233,0.00046,0.00207,0.00515
281.70001,1.05392,0.99229,0.00045,0.00202,0.00523
281.79999,1.05396,0.99246,0.00045,0.00196,0.00513
281.89999,1.05396,0.99204,0.00052,0.00205,0.00539
282.00000,1.05392,0.99213,0.00046,0.00196,0.00545
282.10001,1.05392,0.99144,0.00052,0.00214,0.00590
282.20001,1.05392,0.99131,0.00051,0.00210,0.00607
282.29999,1.05396,0.99053,0.00058,0.00232,0.00657
282.39999,1.05396,0.99039,0.00062,0.00243,0.00656
282.50000,1.05392,0.99128,0.00060,0.00228,0.00583
282.60001,1.05392,0.99140,0.00056,0.00234,0.00570
282.70001,1.05392,0.99171,0.00054,0.00222,0.00552
282.79999,1.05396,0.99231,0.00051,0.00212,0.00506
282.89999,1.05396,0.99231,0.00053,0.00212,0.00503
283.00000,1.05392,0.99305,0.00042,0.00177,0.00476
