Time (seconds), Duration (seconds),pred_(unlabeled),pred_brushing_teeth,pred_hair_drying,pred_showering
0.00000,1.02194,1.00000,0.00000,0.00000,0.00000
0.14000,1.02194,1.00000,0.00000,0.00000,0.00000
0.28000,1.02194,1.00000,0.00000,0.00000,0.00000
0.42000,1.02194,1.00000,0.00000,0.00000,0.00000
0.56000,1.02194,1.00000,0.00000,0.00000,0.00000
0.70000,1.02194,1.00000,0.00000,0.00000,0.00000
0.84000,1.02194,1.00000,0.00000,0.00000,0.00000
0.98000,1.02194,1.00000,0.00000,0.00000,0.00000
1.12000,1.02194,1.00000,0.00000,0.00000,0.00000
1.26000,1.02194,0.99998,0.00000,0.00000,0.00002
1.40000,1.02194,0.99991,0.00000,0.00000,0.00009
1.54000,1.02194,0.99976,0.00000,0.00000,0.00023
1.68000,1.02194,0.99985,0.00000,0.00000,0.00014
1.82000,1.02194,0.99993,0.00000,0.00000,0.00006
1.96000,1.02194,0.99998,0.00000,0.00000,0.00001
2.10000,1.02194,1.00000,0.00000,0.00000,0.00000
2.24000,1.02194,1.00000,0.00000,0.00000,0.00000
2.38000,1.02194,1.00000,0.00000,0.00000,0.00000
2.52000,1.02194,1.00000,0.00000,0.00000,0.00000
2.66000,1.02194,1.00000,0.00000,0.00000,0.00000
2.80000,1.02194,1.00000,0.00000,0.00000,0.00000
2.94000,1.02194,1.00000,0.00000,0.00000,0.00000
3.08000,1.02194,1.00000,0.00000,0.00000,0.00000
3.22000,1.02194,1.00000,0.00000,0.00000,0.00000
3.36000,1.02194,1.00000,0.00000,0.00000,0.00000
3.50000,1.02194,1.00000,0.00000,0.00000,0.00000
3.64000,1.02194,0.99999,0.00000,0.00000,0.00001
3.78000,1.02194,0.99998,0.00000,0.00000,0.00001
3.92000,1.02194,0.99998,0.00000,0.00000,0.00002
4.06000,1.02194,0.99998,0.00000,0.00000,0.00001
4.20000,1.02194,0.99999,0.00000,0.00000,0.00001
4.34000,1.02194,1.00000,0.00000,0.00000,0.00000
4.48000,1.02194,1.00000,0.00000,0.00000,0.00000
4.62000,1.02194,1.00000,0.00000,0.00000,0.00000
4.76000,1.02194,1.00000,0.00000,0.00000,0.00000
4.90000,1.02194,1.00000,0.00000,0.00000,0.00000
5.04000,1.02194,1.00000,0.00000,0.00000,0.00000
5.18000,1.02194,1.00000,0.00000,0.00000,0.00000
5.32000,1.02194,1.00000,0.00000,0.00000,0.00000
5.46000,1.02194,1.00000,0.00000,0.00000,0.00000
5.60000,1.02194,1.00000,0.00000,0.00000,0.00000
5.74000,1.02194,1.00000,0.00000,0.00000,0.00000
5.88000,1.02194,1.00000,0.00000,0.00000,0.00000
6.02000,1.02194,1.00000,0.00000,0.00000,0.00000
6.16000,1.02194,1.00000,0.00000,0.00000,0.00000
6.30000,1.02194,1.00000,0.00000,0.00000,0.00000
6.44000,1.02194,1.00000,0.00000,0.00000,0.00000
6.58000,1.02194,1.00000,0.00000,0.00000,0.00000
6.72000,1.02194,1.00000,0.00000,0.00000,0.00000
6.86000,1.02194,1.00000,0.00000,0.00000,0.00000
7.00000,1.02194,1.00000,0.00000,0.00000,0.00000
7.14000,1.02194,1.00000,0.00000,0.00000,0.00000
7.28000,1.02194,1.00000,0.00000,0.00000,0.00000
7.42000,1.02194,1.00000,0.00000,0.00000,0.00000
7.56000,1.02194,1.00000,0.00000,0.00000,0.00000
7.70000,1.02194,1.00000,0.00000,0.00000,0.00000
7.84000,1.02194,1.00000,0.00000,0.00000,0.00000
7.98000,1.02194,1.00000,0.00000,0.00000,0.00000
8.12000,1.02194,1.00000,0.00000,0.00000,0.00000
8.26000,1.02194,1.00000,0.00000,0.00000,0.00000
8.40000,1.02194,1.00000,0.00000,0.00000,0.00000
8.54000,1.02194,1.00000,0.00000,0.00000,0.00000
8.68000,1.02194,1.00000,0.00000,0.00000,0.00000
8.82000,1.02194,1.00000,0.00000,0.00000,0.00000
8.96000,1.02194,1.00000,0.00000,0.00000,0.00000
9.10000,1.02194,1.00000,0.00000,0.00000,0.00000
9.24000,1.02194,1.00000,0.00000,0.00000,0.00000
9.38000,1.02194,1.00000,0.00000,0.00000,0.00000
9.52000,1.02194,1.00000,0.00000,0.00000,0.00000
9.66000,1.02194,1.00000,0.00000,0.00000,0.00000
9.80000,1.02194,1.00000,0.00000,0.00000,0.00000
9.94000,1.02194,1.00000,0.00000,0.00000,0.00000
10.08000,1.02194,1.00000,0.00000,0.00000,0.00000
10.22000,1.02194,1.00000,0.00000,0.00000,0.00000
10.36000,1.02194,1.00000,0.00000,0.00000,0.00000
10.50000,1.02194,1.00000,0.00000,0.00000,0.00000
10.64000,1.02194,1.00000,0.00000,0.00000,0.00000
10.78000,1.02194,1.00000,0.00000,0.00000,0.00000
10.92000,1.02194,1.00000,0.00000,0.00000,0.00000
11.06000,1.02194,1.00000,0.00000,0.00000,0.00000
11.20000,1.02194,1.00000,0.00000,0.00000,0.00000
11.34000,1.02194,1.00000,0.00000,0.00000,0.00000
11.48000,1.02194,1.00000,0.00000,0.00000,0.00000
11.62000,1.02194,1.00000,0.00000,0.00000,0.00000
11.76000,1.02194,1.00000,0.00000,0.00000,0.00000
11.90000,1.02194,1.00000,0.00000,0.00000,0.00000
12.04000,1.02194,1.00000,0.00000,0.00000,0.00000
12.18000,1.02194,1.00000,0.00000,0.00000,0.00000
12.32000,1.02194,1.00000,0.00000,0.00000,0.00000
12.46000,1.02194,1.00000,0.00000,0.00000,0.00000
12.60000,1.02194,1.00000,0.00000,0.00000,0.00000
12.74000,1.02194,1.00000,0.00000,0.00000,0.00000
12.88000,1.02194,1.00000,0.00000,0.00000,0.00000
13.02000,1.02194,1.00000,0.00000,0.00000,0.00000
13.16000,1.02194,1.00000,0.00000,0.00000,0.00000
13.30000,1.02194,1.00000,0.00000,0.00000,0.00000
13.44000,1.02194,1.00000,0.00000,0.00000,0.00000
13.58000,1.02194,1.00000,0.00000,0.00000,0.00000
13.72000,1.02194,1.00000,0.00000,0.00000,0.00000
13.86000,1.02194,1.00000,0.00000,0.00000,0.00000
14.00000,1.02194,1.00000,0.00000,0.00000,0.00000
14.14000,1.02194,1.00000,0.00000,0.00000,0.00000
14.28000,1.02194,1.00000,0.00000,0.00000,0.00000
14.42000,1.02194,1.00000,0.00000,0.00000,0.00000
14.56000,1.02194,1.00000,0.00000,0.00000,0.00000
14.70000,1.02194,1.00000,0.00000,0.00000,0.00000
14.84000,1.02194,1.00000,0.00000,0.00000,0.00000
14.98000,1.02194,1.00000,0.00000,0.00000,0.00000
15.12000,1.02194,1.00000,0.00000,0.00000,0.00000
15.26000,1.02194,1.00000,0.00000,0.00000,0.00000
15.40000,1.02194,1.00000,0.00000,0.00000,0.00000
15.54000,1.02194,1.00000,0.00000,0.00000,0.00000
15.68000,1.02194,1.00000,0.00000,0.00000,0.00000
15.82000,1.02194,1.00000,0.00000,0.00000,0.00000
15.96000,1.02194,1.00000,0.00000,0.00000,0.00000
16.10000,1.02194,1.00000,0.00000,0.00000,0.00000
16.24000,1.02194,1.00000,0.00000,0.00000,0.00000
16.38000,1.02194,0.99999,0.00000,0.00000,0.00001
16.52000,1.02194,0.99997,0.00000,0.00000,0.00002
16.66000,1.02194,1.00000,0.00000,0.00000,0.00000
16.80000,1.02194,1.00000,0.00000,0.00000,0.00000
16.94000,1.02194,1.00000,0.00000,0.00000,0.00000
17.08000,1.02194,1.00000,0.00000,0.00000,0.00000
17.22000,1.02194,1.00000,0.00000,0.00000,0.00000
17.36000,1.02194,1.00000,0.00000,0.00000,0.00000
17.50000,1.02194,1.00000,0.00000,0.00000,0.00000
17.64000,1.02194,1.00000,0.00000,0.00000,0.00000
17.78000,1.02194,1.00000,0.00000,0.00000,0.00000
17.92000,1.02194,1.00000,0.00000,0.00000,0.00000
18.06000,1.02194,0.99999,0.00000,0.00000,0.00000
18.20000,1.02194,0.99999,0.00000,0.00000,0.00001
18.34000,1.02194,1.00000,0.00000,0.00000,0.00000
18.48000,1.02194,0.99997,0.00000,0.00000,0.00002
18.62000,1.02194,0.99999,0.00000,0.00000,0.00001
18.76000,1.02194,1.00000,0.00000,0.00000,0.00000
18.90000,1.02194,1.00000,0.00000,0.00000,0.00000
19.04000,1.02194,1.00000,0.00000,0.00000,0.00000
19.18000,1.02194,1.00000,0.00000,0.00000,0.00000
19.32000,1.02194,1.00000,0.00000,0.00000,0.00000
19.46000,1.02194,1.00000,0.00000,0.00000,0.00000
19.60000,1.02194,1.00000,0.00000,0.00000,0.00000
19.74000,1.02194,1.00000,0.00000,0.00000,0.00000
19.88000,1.02194,1.00000,0.00000,0.00000,0.00000
20.02000,1.02194,1.00000,0.00000,0.00000,0.00000
20.16000,1.02194,1.00000,0.00000,0.00000,0.00000
20.30000,1.02194,1.00000,0.00000,0.00000,0.00000
20.44000,1.02194,1.00000,0.00000,0.00000,0.00000
20.58000,1.02194,1.00000,0.00000,0.00000,0.00000
20.72000,1.02194,1.00000,0.00000,0.00000,0.00000
20.86000,1.02194,1.00000,0.00000,0.00000,0.00000
21.00000,1.02194,1.00000,0.00000,0.00000,0.00000
21.14000,1.02194,1.00000,0.00000,0.00000,0.00000
21.28000,1.02194,1.00000,0.00000,0.00000,0.00000
21.42000,1.02194,1.00000,0.00000,0.00000,0.00000
21.56000,1.02194,1.00000,0.00000,0.00000,0.00000
21.70000,1.02194,1.00000,0.00000,0.00000,0.00000
21.84000,1.02194,1.00000,0.00000,0.00000,0.00000
21.98000,1.02194,1.00000,0.00000,0.00000,0.00000
22.12000,1.02194,1.00000,0.00000,0.00000,0.00000
22.26000,1.02194,1.00000,0.00000,0.00000,0.00000
22.40000,1.02194,1.00000,0.00000,0.00000,0.00000
22.54000,1.02194,1.00000,0.00000,0.00000,0.00000
22.68000,1.02194,0.99999,0.00000,0.00000,0.00001
22.82000,1.02194,0.99996,0.00000,0.00000,0.00003
22.96000,1.02194,0.99996,0.00000,0.00000,0.00004
23.10000,1.02194,0.99999,0.00000,0.00000,0.00001
23.24000,1.02194,0.99998,0.00000,0.00000,0.00002
23.38000,1.02194,0.99998,0.00000,0.00000,0.00001
23.52000,1.02194,0.99999,0.00000,0.00000,0.00001
23.66000,1.02194,0.99998,0.00000,0.00000,0.00001
23.80000,1.02194,0.99996,0.00000,0.00000,0.00003
23.94000,1.02194,0.99987,0.00000,0.00000,0.00013
24.08000,1.02194,0.99965,0.00000,0.00001,0.00034
24.22000,1.02194,0.99965,0.00000,0.00001,0.00034
24.36000,1.02194,0.99973,0.00000,0.00001,0.00026
24.50000,1.02194,0.99992,0.00000,0.00001,0.00008
24.64000,1.02194,0.99996,0.00000,0.00001,0.00003
24.78000,1.02194,0.99997,0.00000,0.00001,0.00003
24.92000,1.02194,0.99999,0.00000,0.00000,0.00001
25.06000,1.02194,0.99999,0.00000,0.00000,0.00000
25.20000,1.02194,1.00000,0.00000,0.00000,0.00000
25.34000,1.02194,1.00000,0.00000,0.00000,0.00000
25.48000,1.02194,1.00000,0.00000,0.00000,0.00000
25.62000,1.02194,1.00000,0.00000,0.00000,0.00000
25.76000,1.02194,1.00000,0.00000,0.00000,0.00000
25.90000,1.02194,1.00000,0.00000,0.00000,0.00000
26.04000,1.02194,1.00000,0.00000,0.00000,0.00000
26.18000,1.02194,1.00000,0.00000,0.00000,0.00000
26.32000,1.02194,1.00000,0.00000,0.00000,0.00000
26.46000,1.02194,1.00000,0.00000,0.00000,0.00000
26.60000,1.02194,1.00000,0.00000,0.00000,0.00000
26.74000,1.02194,1.00000,0.00000,0.00000,0.00000
26.88000,1.02194,1.00000,0.00000,0.00000,0.00000
27.02000,1.02194,1.00000,0.00000,0.00000,0.00000
27.16000,1.02194,1.00000,0.00000,0.00000,0.00000
27.30000,1.02194,1.00000,0.00000,0.00000,0.00000
27.44000,1.02194,1.00000,0.00000,0.00000,0.00000
27.58000,1.02194,1.00000,0.00000,0.00000,0.00000
27.72000,1.02194,1.00000,0.00000,0.00000,0.00000
27.86000,1.02194,1.00000,0.00000,0.00000,0.00000
28.00000,1.02194,1.00000,0.00000,0.00000,0.00000
28.14000,1.02194,1.00000,0.00000,0.00000,0.00000
28.28000,1.02194,1.00000,0.00000,0.00000,0.00000
28.42000,1.02194,1.00000,0.00000,0.00000,0.00000
28.56000,1.02194,1.00000,0.00000,0.00000,0.00000
28.70000,1.02194,1.00000,0.00000,0.00000,0.00000
28.84000,1.02194,1.00000,0.00000,0.00000,0.00000
28.98000,1.02194,1.00000,0.00000,0.00000,0.00000
29.12000,1.02194,1.00000,0.00000,0.00000,0.00000
29.26000,1.02194,1.00000,0.00000,0.00000,0.00000
29.40000,1.02194,1.00000,0.00000,0.00000,0.00000
29.54000,1.02194,1.00000,0.00000,0.00000,0.00000
29.68000,1.02194,1.00000,0.00000,0.00000,0.00000
29.82000,1.02194,1.00000,0.00000,0.00000,0.00000
29.96000,1.02194,1.00000,0.00000,0.00000,0.00000
30.10000,1.02194,1.00000,0.00000,0.00000,0.00000
30.24000,1.02194,1.00000,0.00000,0.00000,0.00000
30.38000,1.02194,1.00000,0.00000,0.00000,0.00000
30.52000,1.02194,1.00000,0.00000,0.00000,0.00000
30.66000,1.02194,0.99999,0.00000,0.00000,0.00001
30.80000,1.02194,0.99998,0.00000,0.00000,0.00002
30.94000,1.02194,0.99983,0.00000,0.00000,0.00016
31.08000,1.02194,0.99972,0.00000,0.00000,0.00028
31.22000,1.02194,0.99989,0.00000,0.00000,0.00010
31.36000,1.02194,0.99997,0.00000,0.00000,0.00003
31.50000,1.02194,0.99999,0.00000,0.00000,0.00001
31.64000,1.02194,1.00000,0.00000,0.00000,0.00000
31.78000,1.02194,1.00000,0.00000,0.00000,0.00000
31.92000,1.02194,1.00000,0.00000,0.00000,0.00000
32.06000,1.02193,1.00000,0.00000,0.00000,0.00000
32.20000,1.02194,1.00000,0.00000,0.00000,0.00000
32.34000,1.02194,1.00000,0.00000,0.00000,0.00000
32.48000,1.02194,1.00000,0.00000,0.00000,0.00000
32.62000,1.02194,1.00000,0.00000,0.00000,0.00000
32.76000,1.02194,1.00000,0.00000,0.00000,0.00000
32.90000,1.02193,1.00000,0.00000,0.00000,0.00000
33.04000,1.02194,1.00000,0.00000,0.00000,0.00000
33.18000,1.02194,1.00000,0.00000,0.00000,0.00000
33.32000,1.02194,1.00000,0.00000,0.00000,0.00000
33.46000,1.02194,1.00000,0.00000,0.00000,0.00000
33.60000,1.02194,1.00000,0.00000,0.00000,0.00000
33.74000,1.02193,1.00000,0.00000,0.00000,0.00000
33.88000,1.02194,1.00000,0.00000,0.00000,0.00000
34.02000,1.02194,1.00000,0.00000,0.00000,0.00000
34.16000,1.02194,1.00000,0.00000,0.00000,0.00000
34.30000,1.02194,1.00000,0.00000,0.00000,0.00000
34.44000,1.02194,1.00000,0.00000,0.00000,0.00000
34.58000,1.02193,1.00000,0.00000,0.00000,0.00000
34.72000,1.02193,1.00000,0.00000,0.00000,0.00000
34.86000,1.02194,1.00000,0.00000,0.00000,0.00000
35.00000,1.02194,1.00000,0.00000,0.00000,0.00000
35.14000,1.02194,1.00000,0.00000,0.00000,0.00000
35.28000,1.02194,1.00000,0.00000,0.00000,0.00000
35.42000,1.02194,1.00000,0.00000,0.00000,0.00000
35.56000,1.02193,1.00000,0.00000,0.00000,0.00000
35.70000,1.02194,1.00000,0.00000,0.00000,0.00000
35.84000,1.02194,1.00000,0.00000,0.00000,0.00000
35.98000,1.02194,1.00000,0.00000,0.00000,0.00000
36.12000,1.02194,1.00000,0.00000,0.00000,0.00000
36.26000,1.02194,1.00000,0.00000,0.00000,0.00000
36.40000,1.02193,1.00000,0.00000,0.00000,0.00000
36.54000,1.02194,1.00000,0.00000,0.00000,0.00000
36.68000,1.02194,1.00000,0.00000,0.00000,0.00000
36.82000,1.02194,1.00000,0.00000,0.00000,0.00000
36.96000,1.02194,1.00000,0.00000,0.00000,0.00000
37.10000,1.02194,1.00000,0.00000,0.00000,0.00000
37.24000,1.02193,1.00000,0.00000,0.00000,0.00000
37.38000,1.02194,1.00000,0.00000,0.00000,0.00000
37.52000,1.02194,1.00000,0.00000,0.00000,0.00000
37.66000,1.02194,1.00000,0.00000,0.00000,0.00000
37.80000,1.02194,1.00000,0.00000,0.00000,0.00000
37.94000,1.02194,1.00000,0.00000,0.00000,0.00000
38.08000,1.02193,1.00000,0.00000,0.00000,0.00000
38.22000,1.02193,1.00000,0.00000,0.00000,0.00000
38.36000,1.02194,1.00000,0.00000,0.00000,0.00000
38.50000,1.02194,1.00000,0.00000,0.00000,0.00000
38.64000,1.02194,1.00000,0.00000,0.00000,0.00000
38.78000,1.02194,1.00000,0.00000,0.00000,0.00000
38.92000,1.02194,1.00000,0.00000,0.00000,0.00000
39.06000,1.02193,1.00000,0.00000,0.00000,0.00000
39.20000,1.02194,1.00000,0.00000,0.00000,0.00000
39.34000,1.02194,1.00000,0.00000,0.00000,0.00000
39.48000,1.02194,1.00000,0.00000,0.00000,0.00000
39.62000,1.02194,1.00000,0.00000,0.00000,0.00000
39.76000,1.02194,1.00000,0.00000,0.00000,0.00000
39.90000,1.02193,1.00000,0.00000,0.00000,0.00000
40.04000,1.02194,1.00000,0.00000,0.00000,0.00000
40.18000,1.02194,1.00000,0.00000,0.00000,0.00000
40.32000,1.02194,1.00000,0.00000,0.00000,0.00000
40.46000,1.02194,1.00000,0.00000,0.00000,0.00000
40.60000,1.02194,1.00000,0.00000,0.00000,0.00000
40.74000,1.02193,1.00000,0.00000,0.00000,0.00000
40.88000,1.02194,1.00000,0.00000,0.00000,0.00000
41.02000,1.02194,1.00000,0.00000,0.00000,0.00000
41.16000,1.02194,1.00000,0.00000,0.00000,0.00000
41.30000,1.02194,1.00000,0.00000,0.00000,0.00000
41.44000,1.02194,1.00000,0.00000,0.00000,0.00000
41.58000,1.02193,1.00000,0.00000,0.00000,0.00000
41.72000,1.02193,1.00000,0.00000,0.00000,0.00000
41.86000,1.02194,1.00000,0.00000,0.00000,0.00000
42.00000,1.02194,1.00000,0.00000,0.00000,0.00000
42.14000,1.02194,1.00000,0.00000,0.00000,0.00000
42.28000,1.02194,1.00000,0.00000,0.00000,0.00000
42.42000,1.02194,1.00000,0.00000,0.00000,0.00000
42.56000,1.02193,1.00000,0.00000,0.00000,0.00000
42.70000,1.02194,1.00000,0.00000,0.00000,0.00000
42.84000,1.02194,1.00000,0.00000,0.00000,0.00000
42.98000,1.02194,1.00000,0.00000,0.00000,0.00000
43.12000,1.02194,1.00000,0.00000,0.00000,0.00000
43.26000,1.02194,1.00000,0.00000,0.00000,0.00000
43.40000,1.02193,1.00000,0.00000,0.00000,0.00000
43.54000,1.02194,1.00000,0.00000,0.00000,0.00000
43.68000,1.02194,1.00000,0.00000,0.00000,0.00000
43.82000,1.02194,1.00000,0.00000,0.00000,0.00000
43.96000,1.02194,1.00000,0.00000,0.00000,0.00000
44.10000,1.02194,1.00000,0.00000,0.00000,0.00000
44.24000,1.02193,1.00000,0.00000,0.00000,0.00000
44.38000,1.02194,1.00000,0.00000,0.00000,0.00000
44.52000,1.02194,1.00000,0.00000,0.00000,0.00000
44.66000,1.02194,1.00000,0.00000,0.00000,0.00000
44.80000,1.02194,1.00000,0.00000,0.00000,0.00000
44.94000,1.02194,1.00000,0.00000,0.00000,0.00000
45.08000,1.02193,1.00000,0.00000,0.00000,0.00000
45.22000,1.02193,1.00000,0.00000,0.00000,0.00000
45.36000,1.02194,1.00000,0.00000,0.00000,0.00000
45.50000,1.02194,1.00000,0.00000,0.00000,0.00000
45.64000,1.02194,1.00000,0.00000,0.00000,0.00000
45.78000,1.02194,1.00000,0.00000,0.00000,0.00000
45.92000,1.02194,1.00000,0.00000,0.00000,0.00000
46.06000,1.02193,1.00000,0.00000,0.00000,0.00000
46.20000,1.02194,1.00000,0.00000,0.00000,0.00000
46.34000,1.02194,1.00000,0.00000,0.00000,0.00000
46.48000,1.02194,1.00000,0.00000,0.00000,0.00000
46.62000,1.02194,1.00000,0.00000,0.00000,0.00000
46.76000,1.02194,1.00000,0.00000,0.00000,0.00000
46.90000,1.02193,1.00000,0.00000,0.00000,0.00000
47.04000,1.02194,1.00000,0.00000,0.00000,0.00000
47.18000,1.02194,1.00000,0.00000,0.00000,0.00000
47.32000,1.02194,1.00000,0.00000,0.00000,0.00000
47.46000,1.02194,1.00000,0.00000,0.00000,0.00000
47.60000,1.02194,1.00000,0.00000,0.00000,0.00000
47.74000,1.02193,1.00000,0.00000,0.00000,0.00000
47.88000,1.02194,1.00000,0.00000,0.00000,0.00000
48.02000,1.02194,1.00000,0.00000,0.00000,0.00000
48.16000,1.02194,1.00000,0.00000,0.00000,0.00000
48.30000,1.02194,1.00000,0.00000,0.00000,0.00000
48.44000,1.02194,1.00000,0.00000,0.00000,0.00000
48.58000,1.02193,1.00000,0.00000,0.00000,0.00000
48.72000,1.02193,1.00000,0.00000,0.00000,0.00000
48.86000,1.02194,1.00000,0.00000,0.00000,0.00000
49.00000,1.02194,1.00000,0.00000,0.00000,0.00000
49.14000,1.02194,1.00000,0.00000,0.00000,0.00000
49.28000,1.02194,1.00000,0.00000,0.00000,0.00000
49.42000,1.02194,1.00000,0.00000,0.00000,0.00000
49.56000,1.02193,1.00000,0.00000,0.00000,0.00000
49.70000,1.02194,1.00000,0.00000,0.00000,0.00000
49.84000,1.02194,1.00000,0.00000,0.00000,0.00000
49.98000,1.02194,1.00000,0.00000,0.00000,0.00000
50.12000,1.02194,1.00000,0.00000,0.00000,0.00000
50.26000,1.02194,1.00000,0.00000,0.00000,0.00000
50.40000,1.02193,1.00000,0.00000,0.00000,0.00000
50.54000,1.02194,1.00000,0.00000,0.00000,0.00000
50.68000,1.02194,1.00000,0.00000,0.00000,0.00000
50.82000,1.02194,1.00000,0.00000,0.00000,0.00000
50.96000,1.02194,1.00000,0.00000,0.00000,0.00000
51.10000,1.02194,1.00000,0.00000,0.00000,0.00000
51.24000,1.02193,1.00000,0.00000,0.00000,0.00000
51.38000,1.02194,1.00000,0.00000,0.00000,0.00000
51.52000,1.02194,1.00000,0.00000,0.00000,0.00000
51.66000,1.02194,1.00000,0.00000,0.00000,0.00000
51.80000,1.02194,1.00000,0.00000,0.00000,0.00000
51.94000,1.02194,1.00000,0.00000,0.00000,0.00000
52.08000,1.02193,1.00000,0.00000,0.00000,0.00000
52.22000,1.02193,0.99999,0.00000,0.00000,0.00001
52.36000,1.02194,0.99998,0.00000,0.00000,0.00002
52.50000,1.02194,0.99999,0.00000,0.00000,0.00001
52.64000,1.02194,0.99999,0.00000,0.00000,0.00001
52.78000,1.02194,1.00000,0.00000,0.00000,0.00000
52.92000,1.02194,1.00000,0.00000,0.00000,0.00000
53.06000,1.02193,1.00000,0.00000,0.00000,0.00000
53.20000,1.02194,1.00000,0.00000,0.00000,0.00000
53.34000,1.02194,1.00000,0.00000,0.00000,0.00000
53.48000,1.02194,1.00000,0.00000,0.00000,0.00000
53.62000,1.02194,0.99999,0.00000,0.00000,0.00000
53.76000,1.02194,0.99999,0.00000,0.00000,0.00001
53.90000,1.02193,0.99998,0.00000,0.00000,0.00002
54.04000,1.02194,0.99997,0.00000,0.00000,0.00003
54.18000,1.02194,1.00000,0.00000,0.00000,0.00000
54.32000,1.02194,1.00000,0.00000,0.00000,0.00000
54.46000,1.02194,0.99999,0.00000,0.00000,0.00001
54.60000,1.02194,0.99998,0.00000,0.00000,0.00002
54.74000,1.02193,0.99997,0.00000,0.00000,0.00003
54.88000,1.02194,0.99989,0.00000,0.00000,0.00011
55.02000,1.02194,0.99997,0.00000,0.00000,0.00003
55.16000,1.02194,0.99999,0.00000,0.00000,0.00001
55.30000,1.02194,1.00000,0.00000,0.00000,0.00000
55.44000,1.02194,1.00000,0.00000,0.00000,0.00000
55.58000,1.02193,1.00000,0.00000,0.00000,0.00000
55.72000,1.02193,1.00000,0.00000,0.00000,0.00000
55.86000,1.02194,1.00000,0.00000,0.00000,0.00000
56.00000,1.02194,1.00000,0.00000,0.00000,0.00000
56.14000,1.02194,1.00000,0.00000,0.00000,0.00000
56.28000,1.02194,1.00000,0.00000,0.00000,0.00000
56.42000,1.02194,1.00000,0.00000,0.00000,0.00000
56.56000,1.02193,0.99998,0.00000,0.00001,0.00001
56.70000,1.02194,0.99998,0.00000,0.00001,0.00002
56.84000,1.02194,0.99995,0.00000,0.00001,0.00004
56.98000,1.02194,0.99997,0.00000,0.00001,0.00002
57.12000,1.02194,0.99999,0.00000,0.00000,0.00000
57.26000,1.02194,0.99999,0.00000,0.00000,0.00000
57.40000,1.02193,0.99996,0.00000,0.00001,0.00003
57.54000,1.02194,0.99999,0.00000,0.00000,0.00001
57.68000,1.02194,1.00000,0.00000,0.00000,0.00000
57.82000,1.02194,1.00000,0.00000,0.00000,0.00000
57.96000,1.02194,1.00000,0.00000,0.00000,0.00000
58.10000,1.02194,1.00000,0.00000,0.00000,0.00000
58.24000,1.02193,0.99999,0.00000,0.00000,0.00000
58.38000,1.02194,0.99993,0.00000,0.00001,0.00006
58.52000,1.02194,0.99948,0.00000,0.00002,0.00050
58.66000,1.02194,0.99925,0.00000,0.00002,0.00072
58.80000,1.02194,0.99963,0.00000,0.00001,0.00036
58.94000,1.02194,0.99933,0.00000,0.00001,0.00066
59.08000,1.02193,0.99972,0.00000,0.00001,0.00028
59.22000,1.02193,0.99985,0.00000,0.00000,0.00015
59.36000,1.02194,0.99993,0.00000,0.00000,0.00007
59.50000,1.02194,0.99985,0.00000,0.00001,0.00014
59.64000,1.02194,0.99977,0.00000,0.00001,0.00022
59.78000,1.02194,0.99956,0.00000,0.00002,0.00043
59.92000,1.02194,0.99995,0.00000,0.00001,0.00004
60.06000,1.02193,0.99999,0.00000,0.00000,0.00001
60.20000,1.02194,0.99999,0.00000,0.00000,0.00000
60.34000,1.02194,1.00000,0.00000,0.00000,0.00000
60.48000,1.02194,0.99999,0.00000,0.00000,0.00001
60.62000,1.02194,0.99997,0.00000,0.00000,0.00003
60.76000,1.02194,0.99980,0.00000,0.00000,0.00020
60.90000,1.02193,0.99876,0.00000,0.00001,0.00123
61.04000,1.02194,0.99199,0.00000,0.00004,0.00796
61.18000,1.02194,0.97352,0.00000,0.00007,0.02641
61.32000,1.02194,0.97704,0.00000,0.00005,0.02291
61.46000,1.02194,0.99548,0.00000,0.00002,0.00449
61.60000,1.02194,0.99731,0.00000,0.00002,0.00267
61.74000,1.02193,0.99705,0.00000,0.00002,0.00293
61.88000,1.02194,0.99772,0.00000,0.00002,0.00226
62.02000,1.02194,0.99534,0.00000,0.00005,0.00461
62.16000,1.02194,0.97415,0.00000,0.00013,0.02572
62.30000,1.02194,0.97626,0.00000,0.00009,0.02365
62.44000,1.02194,0.98273,0.00000,0.00006,0.01721
62.58000,1.02193,0.99885,0.00000,0.00001,0.00114
62.72000,1.02193,0.99980,0.00000,0.00000,0.00019
62.86000,1.02194,0.99997,0.00000,0.00000,0.00003
63.00000,1.02193,0.99999,0.00000,0.00000,0.00001
63.14000,1.02193,1.00000,0.00000,0.00000,0.00000
63.28000,1.02194,0.99998,0.00000,0.00000,0.00002
63.42000,1.02194,0.99987,0.00000,0.00000,0.00013
63.56000,1.02194,0.99867,0.00000,0.00002,0.00131
63.70000,1.02194,0.98873,0.00000,0.00007,0.01120
63.84000,1.02194,0.99215,0.00000,0.00004,0.00781
63.98000,1.02194,0.99599,0.00000,0.00003,0.00398
64.12000,1.02193,0.99964,0.00000,0.00001,0.00035
64.26000,1.02193,0.99987,0.00000,0.00000,0.00013
64.40000,1.02193,0.99990,0.00000,0.00001,0.00009
64.54000,1.02193,0.99996,0.00000,0.00000,0.00003
64.68000,1.02193,0.99996,0.00000,0.00000,0.00004
64.82000,1.02193,0.99998,0.00000,0.00000,0.00002
64.96000,1.02194,0.99999,0.00000,0.00000,0.00001
65.10000,1.02194,1.00000,0.00000,0.00000,0.00000
65.24000,1.02194,1.00000,0.00000,0.00000,0.00000
65.38000,1.02194,1.00000,0.00000,0.00000,0.00000
65.52000,1.02194,1.00000,0.00000,0.00000,0.00000
65.66000,1.02193,1.00000,0.00000,0.00000,0.00000
65.80000,1.02193,1.00000,0.00000,0.00000,0.00000
65.94000,1.02193,1.00000,0.00000,0.00000,0.00000
66.08000,1.02193,1.00000,0.00000,0.00000,0.00000
66.22000,1.02193,1.00000,0.00000,0.00000,0.00000
66.36000,1.02193,0.99999,0.00000,0.00000,0.00001
66.50000,1.02193,0.99991,0.00000,0.00000,0.00009
66.64000,1.02193,0.99979,0.00000,0.00000,0.00021
66.78000,1.02194,0.99885,0.00000,0.00001,0.00114
66.92000,1.02194,0.99995,0.00000,0.00000,0.00004
67.06000,1.02194,1.00000,0.00000,0.00000,0.00000
67.20000,1.02194,1.00000,0.00000,0.00000,0.00000
67.34000,1.02194,1.00000,0.00000,0.00000,0.00000
67.48000,1.02193,1.00000,0.00000,0.00000,0.00000
67.62000,1.02193,1.00000,0.00000,0.00000,0.00000
67.76000,1.02193,1.00000,0.00000,0.00000,0.00000
67.90000,1.02193,0.99999,0.00000,0.00000,0.00001
68.04000,1.02193,1.00000,0.00000,0.00000,0.00000
68.18000,1.02193,1.00000,0.00000,0.00000,0.00000
68.32000,1.02193,1.00000,0.00000,0.00000,0.00000
68.46000,1.02194,1.00000,0.00000,0.00000,0.00000
68.60000,1.02194,1.00000,0.00000,0.00000,0.00000
68.74000,1.02194,1.00000,0.00000,0.00000,0.00000
68.88000,1.02194,1.00000,0.00000,0.00000,0.00000
69.02000,1.02194,1.00000,0.00000,0.00000,0.00000
69.16000,1.02193,1.00000,0.00000,0.00000,0.00000
69.30000,1.02193,1.00000,0.00000,0.00000,0.00000
69.44000,1.02193,0.99999,0.00000,0.00000,0.00001
69.58000,1.02193,0.99995,0.00000,0.00000,0.00005
69.72000,1.02193,0.99863,0.00000,0.00001,0.00135
69.86000,1.02193,0.99503,0.00000,0.00003,0.00494
70.00000,1.02193,0.96770,0.00000,0.00010,0.03220
70.14000,1.02193,0.97658,0.00000,0.00010,0.02332
70.28000,1.02194,0.98809,0.00000,0.00008,0.01183
70.42000,1.02194,0.99786,0.00000,0.00002,0.00212
70.56000,1.02194,0.99925,0.00000,0.00001,0.00074
70.70000,1.02194,0.99933,0.00000,0.00002,0.00065
70.84000,1.02194,0.99989,0.00000,0.00001,0.00010
70.98000,1.02193,0.99989,0.00000,0.00001,0.00010
71.12000,1.02193,0.99989,0.00000,0.00001,0.00010
71.26000,1.02193,0.99995,0.00000,0.00000,0.00005
71.40000,1.02193,0.99995,0.00000,0.00000,0.00005
71.54000,1.02193,0.99973,0.00000,0.00000,0.00026
71.68000,1.02193,0.99938,0.00000,0.00001,0.00061
71.82000,1.02193,0.99919,0.00000,0.00002,0.00079
71.96000,1.02194,0.99962,0.00000,0.00002,0.00037
72.10000,1.02194,0.99997,0.00000,0.00001,0.00002
72.24000,1.02194,1.00000,0.00000,0.00000,0.00000
72.38000,1.02194,1.00000,0.00000,0.00000,0.00000
72.52000,1.02194,1.00000,0.00000,0.00000,0.00000
72.66000,1.02193,1.00000,0.00000,0.00000,0.00000
72.80000,1.02193,1.00000,0.00000,0.00000,0.00000
72.94000,1.02193,1.00000,0.00000,0.00000,0.00000
73.08000,1.02193,1.00000,0.00000,0.00000,0.00000
73.22000,1.02193,0.99993,0.00000,0.00000,0.00006
73.36000,1.02193,0.99974,0.00000,0.00000,0.00026
73.50000,1.02193,0.99945,0.00000,0.00001,0.00054
73.64000,1.02193,0.99924,0.00000,0.00001,0.00075
73.78000,1.02194,0.99950,0.00000,0.00001,0.00049
73.92000,1.02194,0.99994,0.00000,0.00001,0.00005
74.06000,1.02194,0.99994,0.00000,0.00001,0.00005
74.20000,1.02194,0.99996,0.00000,0.00001,0.00003
74.34000,1.02194,0.99997,0.00000,0.00000,0.00002
74.48000,1.02193,0.99994,0.00000,0.00001,0.00005
74.62000,1.02193,0.99994,0.00000,0.00001,0.00005
74.76000,1.02193,0.99979,0.00000,0.00001,0.00021
74.90000,1.02193,0.99977,0.00000,0.00001,0.00022
75.04000,1.02193,0.99991,0.00000,0.00001,0.00008
75.18000,1.02193,0.99988,0.00000,0.00001,0.00011
75.32000,1.02193,0.99999,0.00000,0.00000,0.00001
75.46000,1.02194,0.99999,0.00000,0.00001,0.00000
75.60000,1.02194,1.00000,0.00000,0.00000,0.00000
75.74000,1.02194,0.99999,0.00000,0.00000,0.00000
75.88000,1.02194,1.00000,0.00000,0.00000,0.00000
76.02000,1.02194,1.00000,0.00000,0.00000,0.00000
76.16000,1.02193,1.00000,0.00000,0.00000,0.00000
76.30000,1.02193,1.00000,0.00000,0.00000,0.00000
76.44000,1.02193,1.00000,0.00000,0.00000,0.00000
76.58000,1.02193,1.00000,0.00000,0.00000,0.00000
76.72000,1.02193,1.00000,0.00000,0.00000,0.00000
76.86000,1.02193,1.00000,0.00000,0.00000,0.00000
77.00000,1.02193,1.00000,0.00000,0.00000,0.00000
77.14000,1.02193,0.99999,0.00000,0.00000,0.00001
77.28000,1.02194,0.99998,0.00000,0.00000,0.00002
77.42000,1.02194,0.99959,0.00000,0.00001,0.00040
77.56000,1.02194,0.99745,0.00000,0.00002,0.00252
77.70000,1.02194,0.97279,0.00000,0.00010,0.02710
77.84000,1.02194,0.97099,0.00000,0.00016,0.02885
77.98000,1.02193,0.99120,0.00000,0.00007,0.00873
78.12000,1.02193,0.99666,0.00000,0.00003,0.00331
78.26000,1.02193,0.99917,0.00000,0.00001,0.00082
78.40000,1.02193,0.99998,0.00000,0.00000,0.00002
78.54000,1.02193,0.99996,0.00000,0.00000,0.00004
78.68000,1.02193,0.99998,0.00000,0.00000,0.00002
78.82000,1.02193,0.99993,0.00000,0.00000,0.00007
78.96000,1.02194,0.99969,0.00000,0.00002,0.00030
79.10000,1.02194,0.99891,0.00000,0.00005,0.00104
79.24000,1.02194,0.99802,0.00000,0.00007,0.00192
79.38000,1.02194,0.99928,0.00000,0.00002,0.00070
79.52000,1.02194,0.99976,0.00000,0.00001,0.00023
79.66000,1.02193,0.99978,0.00000,0.00001,0.00021
79.80000,1.02193,0.99986,0.00000,0.00000,0.00013
79.94000,1.02193,0.99916,0.00000,0.00001,0.00083
80.08000,1.02193,0.99969,0.00000,0.00001,0.00030
80.22000,1.02193,0.99894,0.00000,0.00001,0.00105
80.36000,1.02193,0.99793,0.00000,0.00002,0.00205
80.50000,1.02193,0.99912,0.00000,0.00001,0.00087
80.64000,1.02193,0.99980,0.00000,0.00000,0.00019
80.78000,1.02194,0.99999,0.00000,0.00000,0.00001
80.92000,1.02194,0.99999,0.00000,0.00000,0.00001
81.06000,1.02194,1.00000,0.00000,0.00000,0.00000
81.20000,1.02194,1.00000,0.00000,0.00000,0.00000
81.34000,1.02194,1.00000,0.00000,0.00000,0.00000
81.48000,1.02193,0.99999,0.00000,0.00000,0.00001
81.62000,1.02193,0.99999,0.00000,0.00000,0.00001
81.76000,1.02193,1.00000,0.00000,0.00000,0.00000
81.90000,1.02193,0.99999,0.00000,0.00000,0.00001
82.04000,1.02193,0.99988,0.00000,0.00002,0.00010
82.18000,1.02193,0.99883,0.00000,0.00003,0.00113
82.32000,1.02193,0.99260,0.00000,0.00004,0.00737
82.46000,1.02194,0.99906,0.00000,0.00003,0.00091
82.60000,1.02194,0.99973,0.00000,0.00000,0.00026
82.74000,1.02194,0.99986,0.00000,0.00001,0.00014
82.88000,1.02194,0.99993,0.00000,0.00000,0.00007
83.02000,1.02194,0.99975,0.00000,0.00001,0.00024
83.16000,1.02193,0.99973,0.00000,0.00001,0.00026
83.30000,1.02193,0.99980,0.00000,0.00001,0.00019
83.44000,1.02193,0.99978,0.00000,0.00001,0.00022
83.58000,1.02193,0.99975,0.00000,0.00001,0.00025
83.72000,1.02193,0.99981,0.00000,0.00000,0.00018
83.86000,1.02193,0.99967,0.00000,0.00001,0.00033
84.00000,1.02193,0.99988,0.00000,0.00000,0.00011
84.14000,1.02193,0.99991,0.00000,0.00000,0.00008
84.28000,1.02194,0.99977,0.00000,0.00001,0.00022
84.42000,1.02194,0.99966,0.00000,0.00001,0.00034
84.56000,1.02194,0.99986,0.00000,0.00000,0.00014
84.70000,1.02194,0.99982,0.00000,0.00000,0.00018
84.84000,1.02194,0.99989,0.00000,0.00000,0.00011
84.98000,1.02193,0.99913,0.00000,0.00001,0.00086
85.12000,1.02193,0.99311,0.00000,0.00018,0.00670
85.26000,1.02193,0.96089,0.00000,0.00013,0.03898
85.40000,1.02193,0.94714,0.00000,0.00008,0.05278
85.54000,1.02193,0.99447,0.00000,0.00005,0.00548
85.68000,1.02193,0.99952,0.00000,0.00001,0.00047
85.82000,1.02193,0.99997,0.00000,0.00000,0.00003
85.96000,1.02194,1.00000,0.00000,0.00000,0.00000
86.10000,1.02194,1.00000,0.00000,0.00000,0.00000
86.24000,1.02194,1.00000,0.00000,0.00000,0.00000
86.38000,1.02194,1.00000,0.00000,0.00000,0.00000
86.52000,1.02194,1.00000,0.00000,0.00000,0.00000
86.66000,1.02193,1.00000,0.00000,0.00000,0.00000
86.80000,1.02193,1.00000,0.00000,0.00000,0.00000
86.94000,1.02193,1.00000,0.00000,0.00000,0.00000
87.08000,1.02193,1.00000,0.00000,0.00000,0.00000
87.22000,1.02193,1.00000,0.00000,0.00000,0.00000
87.36000,1.02193,1.00000,0.00000,0.00000,0.00000
87.50000,1.02193,1.00000,0.00000,0.00000,0.00000
87.64000,1.02193,1.00000,0.00000,0.00000,0.00000
87.78000,1.02194,1.00000,0.00000,0.00000,0.00000
87.92000,1.02194,1.00000,0.00000,0.00000,0.00000
88.06000,1.02194,1.00000,0.00000,0.00000,0.00000
88.20000,1.02194,1.00000,0.00000,0.00000,0.00000
88.34000,1.02194,1.00000,0.00000,0.00000,0.00000
88.48000,1.02193,1.00000,0.00000,0.00000,0.00000
88.62000,1.02193,1.00000,0.00000,0.00000,0.00000
88.76000,1.02193,1.00000,0.00000,0.00000,0.00000
88.90000,1.02193,1.00000,0.00000,0.00000,0.00000
89.04000,1.02193,1.00000,0.00000,0.00000,0.00000
89.18000,1.02193,1.00000,0.00000,0.00000,0.00000
89.32000,1.02193,1.00000,0.00000,0.00000,0.00000
89.46000,1.02194,1.00000,0.00000,0.00000,0.00000
89.60000,1.02194,1.00000,0.00000,0.00000,0.00000
89.74000,1.02194,0.99996,0.00000,0.00000,0.00004
89.88000,1.02194,0.99731,0.00000,0.00011,0.00258
90.02000,1.02194,0.95702,0.00000,0.00018,0.04280
90.16000,1.02193,0.93680,0.00000,0.00013,0.06307
90.30000,1.02193,0.98921,0.00000,0.00010,0.01069
90.44000,1.02193,0.99619,0.00000,0.00003,0.00377
90.58000,1.02193,0.99935,0.00000,0.00001,0.00064
90.72000,1.02193,0.99988,0.00000,0.00001,0.00011
90.86000,1.02193,0.99993,0.00000,0.00001,0.00006
91.00000,1.02193,0.99997,0.00000,0.00000,0.00003
91.14000,1.02193,0.99997,0.00000,0.00000,0.00003
91.28000,1.02194,0.99993,0.00000,0.00000,0.00007
91.42000,1.02194,0.99993,0.00000,0.00000,0.00006
91.56000,1.02194,0.99973,0.00000,0.00001,0.00026
91.70000,1.02194,0.99984,0.00000,0.00001,0.00015
91.84000,1.02194,0.99987,0.00000,0.00001,0.00012
91.98000,1.02193,0.99995,0.00000,0.00000,0.00004
92.12000,1.02193,0.99995,0.00000,0.00000,0.00005
92.26000,1.02193,0.99993,0.00000,0.00000,0.00007
92.40000,1.02193,0.99998,0.00000,0.00000,0.00002
92.54000,1.02193,0.99995,0.00000,0.00000,0.00005
92.68000,1.02193,0.99963,0.00000,0.00000,0.00036
92.82000,1.02193,0.99949,0.00000,0.00000,0.00050
92.96000,1.02194,0.99995,0.00000,0.00000,0.00005
93.10000,1.02194,0.99996,0.00000,0.00000,0.00004
93.24000,1.02194,0.99988,0.00000,0.00000,0.00011
93.38000,1.02194,0.99994,0.00000,0.00000,0.00006
93.52000,1.02194,0.99995,0.00000,0.00000,0.00005
93.66000,1.02193,0.99984,0.00000,0.00001,0.00016
93.80000,1.02193,0.99989,0.00000,0.00000,0.00011
93.94000,1.02193,0.99982,0.00000,0.00001,0.00017
94.08000,1.02193,0.99975,0.00000,0.00001,0.00025
94.22000,1.02193,0.99969,0.00000,0.00001,0.00031
94.36000,1.02193,0.99983,0.00000,0.00000,0.00017
94.50000,1.02193,0.99999,0.00000,0.00000,0.00001
94.64000,1.02193,1.00000,0.00000,0.00000,0.00000
94.78000,1.02194,1.00000,0.00000,0.00000,0.00000
94.92000,1.02194,1.00000,0.00000,0.00000,0.00000
95.06000,1.02194,1.00000,0.00000,0.00000,0.00000
95.20000,1.02194,1.00000,0.00000,0.00000,0.00000
95.34000,1.02194,1.00000,0.00000,0.00000,0.00000
95.48000,1.02193,1.00000,0.00000,0.00000,0.00000
95.62000,1.02193,1.00000,0.00000,0.00000,0.00000
95.76000,1.02193,1.00000,0.00000,0.00000,0.00000
95.90000,1.02193,1.00000,0.00000,0.00000,0.00000
96.04000,1.02193,1.00000,0.00000,0.00000,0.00000
96.18000,1.02193,1.00000,0.00000,0.00000,0.00000
96.32000,1.02193,1.00000,0.00000,0.00000,0.00000
96.46000,1.02194,1.00000,0.00000,0.00000,0.00000
96.60000,1.02194,1.00000,0.00000,0.00000,0.00000
96.74000,1.02194,1.00000,0.00000,0.00000,0.00000
96.88000,1.02194,1.00000,0.00000,0.00000,0.00000
97.02000,1.02194,1.00000,0.00000,0.00000,0.00000
97.16000,1.02193,1.00000,0.00000,0.00000,0.00000
97.30000,1.02193,1.00000,0.00000,0.00000,0.00000
97.44000,1.02193,1.00000,0.00000,0.00000,0.00000
97.58000,1.02193,1.00000,0.00000,0.00000,0.00000
97.72000,1.02193,1.00000,0.00000,0.00000,0.00000
97.86000,1.02193,1.00000,0.00000,0.00000,0.00000
98.00000,1.02193,1.00000,0.00000,0.00000,0.00000
98.14000,1.02193,1.00000,0.00000,0.00000,0.00000
98.28000,1.02194,1.00000,0.00000,0.00000,0.00000
98.42000,1.02194,1.00000,0.00000,0.00000,0.00000
98.56000,1.02194,1.00000,0.00000,0.00000,0.00000
98.70000,1.02194,1.00000,0.00000,0.00000,0.00000
98.84000,1.02194,1.00000,0.00000,0.00000,0.00000
98.98000,1.02193,1.00000,0.00000,0.00000,0.00000
99.12000,1.02193,1.00000,0.00000,0.00000,0.00000
99.26000,1.02193,1.00000,0.00000,0.00000,0.00000
99.40000,1.02193,1.00000,0.00000,0.00000,0.00000
99.54000,1.02193,1.00000,0.00000,0.00000,0.00000
99.68000,1.02193,1.00000,0.00000,0.00000,0.00000
99.82000,1.02193,1.00000,0.00000,0.00000,0.00000
99.96000,1.02194,1.00000,0.00000,0.00000,0.00000
100.10000,1.02194,1.00000,0.00000,0.00000,0.00000
100.24000,1.02194,1.00000,0.00000,0.00000,0.00000
100.38000,1.02194,1.00000,0.00000,0.00000,0.00000
100.52000,1.02194,0.99999,0.00000,0.00000,0.00001
100.66000,1.02193,0.99999,0.00000,0.00000,0.00001
100.80000,1.02193,0.99998,0.00000,0.00000,0.00002
100.94000,1.02193,0.99994,0.00000,0.00000,0.00006
101.08000,1.02193,0.99997,0.00000,0.00000,0.00003
101.22000,1.02193,1.00000,0.00000,0.00000,0.00000
101.36000,1.02193,1.00000,0.00000,0.00000,0.00000
101.50000,1.02193,1.00000,0.00000,0.00000,0.00000
101.64000,1.02193,1.00000,0.00000,0.00000,0.00000
101.78000,1.02194,1.00000,0.00000,0.00000,0.00000
101.92000,1.02194,1.00000,0.00000,0.00000,0.00000
102.06000,1.02194,1.00000,0.00000,0.00000,0.00000
102.20000,1.02194,1.00000,0.00000,0.00000,0.00000
102.34000,1.02194,1.00000,0.00000,0.00000,0.00000
102.48000,1.02193,1.00000,0.00000,0.00000,0.00000
102.62000,1.02193,1.00000,0.00000,0.00000,0.00000
102.76000,1.02193,1.00000,0.00000,0.00000,0.00000
102.90000,1.02193,1.00000,0.00000,0.00000,0.00000
103.04000,1.02193,1.00000,0.00000,0.00000,0.00000
103.18000,1.02193,1.00000,0.00000,0.00000,0.00000
103.32000,1.02193,1.00000,0.00000,0.00000,0.00000
103.46000,1.02194,1.00000,0.00000,0.00000,0.00000
103.60000,1.02194,1.00000,0.00000,0.00000,0.00000
103.74000,1.02194,1.00000,0.00000,0.00000,0.00000
103.88000,1.02194,1.00000,0.00000,0.00000,0.00000
104.02000,1.02194,1.00000,0.00000,0.00000,0.00000
104.16000,1.02193,0.99999,0.00000,0.00000,0.00001
104.30000,1.02193,1.00000,0.00000,0.00000,0.00000
104.44000,1.02193,1.00000,0.00000,0.00000,0.00000
104.58000,1.02193,1.00000,0.00000,0.00000,0.00000
104.72000,1.02193,1.00000,0.00000,0.00000,0.00000
104.86000,1.02193,1.00000,0.00000,0.00000,0.00000
105.00000,1.02193,1.00000,0.00000,0.00000,0.00000
105.14000,1.02193,1.00000,0.00000,0.00000,0.00000
105.28000,1.02194,1.00000,0.00000,0.00000,0.00000
105.42000,1.02194,1.00000,0.00000,0.00000,0.00000
105.56000,1.02194,0.99999,0.00000,0.00000,0.00001
105.70000,1.02194,0.99999,0.00000,0.00000,0.00000
105.84000,1.02194,0.99999,0.00000,0.00000,0.00000
105.98000,1.02193,0.99999,0.00000,0.00000,0.00001
106.12000,1.02193,0.99998,0.00000,0.00000,0.00002
106.26000,1.02193,0.99999,0.00000,0.00000,0.00000
106.40000,1.02193,1.00000,0.00000,0.00000,0.00000
106.54000,1.02193,1.00000,0.00000,0.00000,0.00000
106.68000,1.02193,0.99995,0.00000,0.00000,0.00005
106.82000,1.02193,0.99985,0.00000,0.00000,0.00015
106.96000,1.02194,0.99936,0.00000,0.00001,0.00064
107.10000,1.02194,0.99947,0.00000,0.00001,0.00052
107.24000,1.02194,0.99967,0.00000,0.00001,0.00032
107.38000,1.02194,0.99994,0.00000,0.00000,0.00005
107.52000,1.02194,0.99999,0.00000,0.00000,0.00001
107.66000,1.02193,1.00000,0.00000,0.00000,0.00000
107.80000,1.02193,1.00000,0.00000,0.00000,0.00000
107.94000,1.02193,1.00000,0.00000,0.00000,0.00000
108.08000,1.02193,1.00000,0.00000,0.00000,0.00000
108.22000,1.02193,1.00000,0.00000,0.00000,0.00000
108.36000,1.02193,0.99999,0.00000,0.00000,0.00001
108.50000,1.02193,1.00000,0.00000,0.00000,0.00000
108.64000,1.02193,1.00000,0.00000,0.00000,0.00000
108.78000,1.02194,1.00000,0.00000,0.00000,0.00000
108.92000,1.02194,1.00000,0.00000,0.00000,0.00000
109.06000,1.02194,1.00000,0.00000,0.00000,0.00000
109.20000,1.02194,1.00000,0.00000,0.00000,0.00000
109.34000,1.02194,1.00000,0.00000,0.00000,0.00000
109.48000,1.02193,1.00000,0.00000,0.00000,0.00000
109.62000,1.02193,1.00000,0.00000,0.00000,0.00000
109.76000,1.02193,1.00000,0.00000,0.00000,0.00000
109.90000,1.02193,1.00000,0.00000,0.00000,0.00000
110.04000,1.02193,1.00000,0.00000,0.00000,0.00000
110.18000,1.02193,1.00000,0.00000,0.00000,0.00000
110.32000,1.02193,1.00000,0.00000,0.00000,0.00000
110.46000,1.02194,1.00000,0.00000,0.00000,0.00000
110.60000,1.02194,1.00000,0.00000,0.00000,0.00000
110.74000,1.02194,1.00000,0.00000,0.00000,0.00000
110.88000,1.02194,1.00000,0.00000,0.00000,0.00000
111.02000,1.02194,1.00000,0.00000,0.00000,0.00000
111.16000,1.02193,1.00000,0.00000,0.00000,0.00000
111.30000,1.02193,0.99999,0.00000,0.00000,0.00001
111.44000,1.02193,0.99997,0.00000,0.00000,0.00003
111.58000,1.02193,0.99998,0.00000,0.00000,0.00002
111.72000,1.02193,0.99998,0.00000,0.00000,0.00001
111.86000,1.02193,0.99996,0.00000,0.00000,0.00003
112.00000,1.02193,0.99993,0.00000,0.00000,0.00007
112.14000,1.02193,0.99998,0.00000,0.00000,0.00002
112.28000,1.02194,0.99999,0.00000,0.00000,0.00001
112.42000,1.02194,0.99998,0.00000,0.00000,0.00002
112.56000,1.02194,0.99999,0.00000,0.00000,0.00001
112.70000,1.02194,0.99999,0.00000,0.00000,0.00001
112.84000,1.02194,0.99999,0.00000,0.00000,0.00001
112.98000,1.02193,0.99999,0.00000,0.00000,0.00001
113.12000,1.02193,0.99999,0.00000,0.00000,0.00001
113.26000,1.02193,1.00000,0.00000,0.00000,0.00000
113.40000,1.02193,1.00000,0.00000,0.00000,0.00000
113.54000,1.02193,1.00000,0.00000,0.00000,0.00000
113.68000,1.02193,1.00000,0.00000,0.00000,0.00000
113.82000,1.02193,1.00000,0.00000,0.00000,0.00000
113.96000,1.02194,1.00000,0.00000,0.00000,0.00000
114.10000,1.02194,1.00000,0.00000,0.00000,0.00000
114.24000,1.02194,1.00000,0.00000,0.00000,0.00000
114.38000,1.02194,1.00000,0.00000,0.00000,0.00000
114.52000,1.02194,1.00000,0.00000,0.00000,0.00000
114.66000,1.02193,1.00000,0.00000,0.00000,0.00000
114.80000,1.02193,1.00000,0.00000,0.00000,0.00000
114.94000,1.02193,1.00000,0.00000,0.00000,0.00000
115.08000,1.02193,1.00000,0.00000,0.00000,0.00000
115.22000,1.02193,1.00000,0.00000,0.00000,0.00000
115.36000,1.02193,1.00000,0.00000,0.00000,0.00000
115.50000,1.02193,1.00000,0.00000,0.00000,0.00000
115.64000,1.02193,1.00000,0.00000,0.00000,0.00000
115.78000,1.02194,1.00000,0.00000,0.00000,0.00000
115.92000,1.02194,1.00000,0.00000,0.00000,0.00000
116.06000,1.02194,1.00000,0.00000,0.00000,0.00000
116.20000,1.02194,1.00000,0.00000,0.00000,0.00000
116.34000,1.02194,1.00000,0.00000,0.00000,0.00000
116.48000,1.02193,1.00000,0.00000,0.00000,0.00000
116.62000,1.02193,0.99999,0.00000,0.00000,0.00001
116.76000,1.02193,0.99975,0.00000,0.00001,0.00024
116.90000,1.02193,0.99976,0.00000,0.00001,0.00023
117.04000,1.02193,0.99952,0.00000,0.00001,0.00047
117.18000,1.02193,0.99884,0.00000,0.00001,0.00115
117.32000,1.02193,0.99932,0.00000,0.00001,0.00068
117.46000,1.02194,0.99946,0.00000,0.00000,0.00054
117.60000,1.02194,0.99861,0.00000,0.00001,0.00138
117.74000,1.02194,0.99987,0.00000,0.00000,0.00013
117.88000,1.02194,0.99987,0.00000,0.00000,0.00012
118.02000,1.02194,0.99989,0.00000,0.00000,0.00011
118.16000,1.02193,0.99882,0.00000,0.00002,0.00115
118.30000,1.02193,0.99923,0.00000,0.00002,0.00076
118.44000,1.02193,0.99999,0.00000,0.00000,0.00001
118.58000,1.02193,0.99999,0.00000,0.00000,0.00001
118.72000,1.02193,0.99999,0.00000,0.00000,0.00001
118.86000,1.02193,0.99999,0.00000,0.00000,0.00001
119.00000,1.02193,0.99999,0.00000,0.00000,0.00001
119.14000,1.02193,0.99998,0.00000,0.00000,0.00001
119.28000,1.02194,0.99974,0.00000,0.00001,0.00025
119.42000,1.02194,0.99749,0.00000,0.00006,0.00245
119.56000,1.02194,0.99904,0.00000,0.00005,0.00091
119.70000,1.02194,0.99969,0.00000,0.00003,0.00028
119.84000,1.02194,0.99988,0.00000,0.00002,0.00011
119.98000,1.02193,0.99998,0.00000,0.00000,0.00002
120.12000,1.02193,0.99997,0.00000,0.00000,0.00003
120.26000,1.02193,0.99999,0.00000,0.00000,0.00001
120.40000,1.02193,0.99999,0.00000,0.00000,0.00001
120.54000,1.02193,1.00000,0.00000,0.00000,0.00000
120.68000,1.02193,1.00000,0.00000,0.00000,0.00000
120.82000,1.02193,0.99999,0.00000,0.00000,0.00001
120.96000,1.02194,0.99996,0.00000,0.00000,0.00004
121.10000,1.02194,0.99964,0.00000,0.00000,0.00035
121.24000,1.02194,0.99786,0.00000,0.00001,0.00213
121.38000,1.02194,0.99917,0.00000,0.00002,0.00081
121.52000,1.02194,0.99879,0.00000,0.00001,0.00120
121.66000,1.02193,0.99928,0.00000,0.00001,0.00071
121.80000,1.02193,0.99997,0.00000,0.00000,0.00003
121.94000,1.02193,0.99999,0.00000,0.00000,0.00001
122.08000,1.02193,0.99993,0.00000,0.00000,0.00007
122.22000,1.02193,0.99995,0.00000,0.00000,0.00005
122.36000,1.02193,0.99999,0.00000,0.00000,0.00001
122.50000,1.02193,0.99999,0.00000,0.00000,0.00001
122.64000,1.02193,1.00000,0.00000,0.00000,0.00000
122.78000,1.02194,1.00000,0.00000,0.00000,0.00000
122.92000,1.02194,1.00000,0.00000,0.00000,0.00000
123.06000,1.02194,1.00000,0.00000,0.00000,0.00000
123.20000,1.02194,1.00000,0.00000,0.00000,0.00000
123.34000,1.02194,1.00000,0.00000,0.00000,0.00000
123.48000,1.02193,0.99999,0.00000,0.00000,0.00000
123.62000,1.02193,0.99998,0.00000,0.00000,0.00002
123.76000,1.02193,0.99994,0.00000,0.00001,0.00006
123.90000,1.02193,0.99996,0.00000,0.00000,0.00003
124.04000,1.02193,1.00000,0.00000,0.00000,0.00000
124.18000,1.02193,1.00000,0.00000,0.00000,0.00000
124.32000,1.02193,1.00000,0.00000,0.00000,0.00000
124.46000,1.02194,1.00000,0.00000,0.00000,0.00000
124.60000,1.02194,1.00000,0.00000,0.00000,0.00000
124.74000,1.02194,1.00000,0.00000,0.00000,0.00000
124.88000,1.02194,1.00000,0.00000,0.00000,0.00000
125.02000,1.02194,1.00000,0.00000,0.00000,0.00000
125.16000,1.02193,1.00000,0.00000,0.00000,0.00000
125.30000,1.02193,1.00000,0.00000,0.00000,0.00000
125.44000,1.02193,1.00000,0.00000,0.00000,0.00000
125.58000,1.02193,1.00000,0.00000,0.00000,0.00000
125.72000,1.02193,1.00000,0.00000,0.00000,0.00000
125.86000,1.02193,1.00000,0.00000,0.00000,0.00000
126.00000,1.02193,1.00000,0.00000,0.00000,0.00000
126.14000,1.02193,1.00000,0.00000,0.00000,0.00000
126.28000,1.02194,0.99999,0.00000,0.00000,0.00001
126.42000,1.02194,0.99997,0.00000,0.00000,0.00003
126.56000,1.02194,0.99995,0.00000,0.00000,0.00005
126.70000,1.02194,0.99996,0.00000,0.00000,0.00004
126.84000,1.02194,0.99993,0.00000,0.00000,0.00007
126.98000,1.02193,0.99990,0.00000,0.00000,0.00009
127.12000,1.02193,0.99996,0.00000,0.00000,0.00004
127.26000,1.02193,0.99999,0.00000,0.00000,0.00001
127.40000,1.02193,0.99999,0.00000,0.00000,0.00001
127.54000,1.02193,0.99999,0.00000,0.00000,0.00001
127.68000,1.02193,0.99999,0.00000,0.00000,0.00000
127.82000,1.02193,0.99999,0.00000,0.00000,0.00001
127.96000,1.02193,0.99998,0.00000,0.00000,0.00002
128.10001,1.02193,0.99993,0.00000,0.00000,0.00007
128.24001,1.02193,0.99978,0.00000,0.00000,0.00021
128.38000,1.02193,0.99984,0.00000,0.00000,0.00016
128.52000,1.02193,0.99993,0.00000,0.00000,0.00006
128.66000,1.02193,0.99998,0.00000,0.00000,0.00002
128.80000,1.02193,0.99999,0.00000,0.00000,0.00001
128.94000,1.02194,1.00000,0.00000,0.00000,0.00000
129.08000,1.02194,1.00000,0.00000,0.00000,0.00000
129.22000,1.02194,1.00000,0.00000,0.00000,0.00000
129.36000,1.02194,1.00000,0.00000,0.00000,0.00000
129.50000,1.02194,1.00000,0.00000,0.00000,0.00000
129.64000,1.02194,1.00000,0.00000,0.00000,0.00000
129.78000,1.02194,1.00000,0.00000,0.00000,0.00000
129.92000,1.02194,1.00000,0.00000,0.00000,0.00000
130.06000,1.02194,1.00000,0.00000,0.00000,0.00000
130.20000,1.02194,1.00000,0.00000,0.00000,0.00000
130.34000,1.02194,1.00000,0.00000,0.00000,0.00000
130.48000,1.02194,1.00000,0.00000,0.00000,0.00000
130.62000,1.02194,1.00000,0.00000,0.00000,0.00000
130.75999,1.02194,1.00000,0.00000,0.00000,0.00000
130.89999,1.02194,1.00000,0.00000,0.00000,0.00000
131.03999,1.02194,1.00000,0.00000,0.00000,0.00000
131.17999,1.02194,1.00000,0.00000,0.00000,0.00000
131.32001,1.02193,1.00000,0.00000,0.00000,0.00000
131.46001,1.02193,1.00000,0.00000,0.00000,0.00000
131.60001,1.02193,0.99999,0.00000,0.00000,0.00001
131.74001,1.02193,0.99998,0.00000,0.00000,0.00002
131.88000,1.02193,0.99996,0.00000,0.00000,0.00004
132.02000,1.02193,0.99994,0.00000,0.00000,0.00005
132.16000,1.02193,0.99995,0.00000,0.00000,0.00005
132.30000,1.02193,0.99994,0.00000,0.00000,0.00005
132.44000,1.02194,0.99995,0.00000,0.00000,0.00005
132.58000,1.02194,0.99996,0.00000,0.00000,0.00004
132.72000,1.02194,0.99999,0.00000,0.00000,0.00001
132.86000,1.02194,0.99999,0.00000,0.00000,0.00001
133.00000,1.02194,0.99999,0.00000,0.00000,0.00001
133.14000,1.02194,1.00000,0.00000,0.00000,0.00000
133.28000,1.02194,0.99999,0.00000,0.00000,0.00000
133.42000,1.02194,0.99999,0.00000,0.00000,0.00001
133.56000,1.02194,1.00000,0.00000,0.00000,0.00000
133.70000,1.02194,1.00000,0.00000,0.00000,0.00000
133.84000,1.02194,1.00000,0.00000,0.00000,0.00000
133.98000,1.02194,1.00000,0.00000,0.00000,0.00000
134.12000,1.02194,1.00000,0.00000,0.00000,0.00000
134.25999,1.02194,0.99999,0.00000,0.00000,0.00001
134.39999,1.02194,0.99964,0.00000,0.00002,0.00034
134.53999,1.02194,0.99870,0.00000,0.00001,0.00129
134.67999,1.02194,0.99611,0.00000,0.00002,0.00387
134.82001,1.02193,0.99969,0.00000,0.00001,0.00030
134.96001,1.02193,0.99995,0.00000,0.00000,0.00004
135.10001,1.02193,1.00000,0.00000,0.00000,0.00000
135.24001,1.02193,1.00000,0.00000,0.00000,0.00000
135.38000,1.02193,1.00000,0.00000,0.00000,0.00000
135.52000,1.02193,1.00000,0.00000,0.00000,0.00000
135.66000,1.02193,1.00000,0.00000,0.00000,0.00000
135.80000,1.02193,1.00000,0.00000,0.00000,0.00000
135.94000,1.02194,0.99999,0.00000,0.00000,0.00001
136.08000,1.02194,0.99996,0.00000,0.00000,0.00003
136.22000,1.02194,0.99994,0.00000,0.00000,0.00005
136.36000,1.02194,0.99999,0.00000,0.00000,0.00001
136.50000,1.02194,0.99999,0.00000,0.00000,0.00001
136.64000,1.02194,1.00000,0.00000,0.00000,0.00000
136.78000,1.02194,1.00000,0.00000,0.00000,0.00000
136.92000,1.02194,1.00000,0.00000,0.00000,0.00000
137.06000,1.02194,1.00000,0.00000,0.00000,0.00000
137.20000,1.02194,1.00000,0.00000,0.00000,0.00000
137.34000,1.02194,0.99999,0.00000,0.00000,0.00000
137.48000,1.02194,0.99999,0.00000,0.00000,0.00001
137.62000,1.02194,0.99999,0.00000,0.00000,0.00001
137.75999,1.02194,1.00000,0.00000,0.00000,0.00000
137.89999,1.02194,1.00000,0.00000,0.00000,0.00000
138.03999,1.02194,1.00000,0.00000,0.00000,0.00000
138.17999,1.02194,1.00000,0.00000,0.00000,0.00000
138.32001,1.02193,1.00000,0.00000,0.00000,0.00000
138.46001,1.02193,1.00000,0.00000,0.00000,0.00000
138.60001,1.02193,1.00000,0.00000,0.00000,0.00000
138.74001,1.02193,1.00000,0.00000,0.00000,0.00000
138.88000,1.02193,1.00000,0.00000,0.00000,0.00000
139.02000,1.02193,1.00000,0.00000,0.00000,0.00000
139.16000,1.02193,1.00000,0.00000,0.00000,0.00000
139.30000,1.02193,1.00000,0.00000,0.00000,0.00000
139.44000,1.02194,1.00000,0.00000,0.00000,0.00000
139.58000,1.02194,1.00000,0.00000,0.00000,0.00000
139.72000,1.02194,1.00000,0.00000,0.00000,0.00000
139.86000,1.02194,1.00000,0.00000,0.00000,0.00000
140.00000,1.02194,1.00000,0.00000,0.00000,0.00000
140.14000,1.02194,1.00000,0.00000,0.00000,0.00000
140.28000,1.02194,1.00000,0.00000,0.00000,0.00000
140.42000,1.02194,1.00000,0.00000,0.00000,0.00000
140.56000,1.02194,1.00000,0.00000,0.00000,0.00000
140.70000,1.02194,1.00000,0.00000,0.00000,0.00000
140.84000,1.02194,1.00000,0.00000,0.00000,0.00000
140.98000,1.02194,1.00000,0.00000,0.00000,0.00000
141.12000,1.02194,1.00000,0.00000,0.00000,0.00000
141.25999,1.02194,1.00000,0.00000,0.00000,0.00000
141.39999,1.02194,1.00000,0.00000,0.00000,0.00000
141.53999,1.02194,1.00000,0.00000,0.00000,0.00000
141.67999,1.02194,1.00000,0.00000,0.00000,0.00000
141.82001,1.02193,1.00000,0.00000,0.00000,0.00000
141.96001,1.02193,0.99997,0.00000,0.00000,0.00003
142.10001,1.02193,0.99996,0.00000,0.00000,0.00004
142.24001,1.02193,0.99993,0.00000,0.00000,0.00006
142.38000,1.02193,0.99994,0.00000,0.00000,0.00006
142.52000,1.02193,0.99991,0.00000,0.00000,0.00009
142.66000,1.02193,0.99996,0.00000,0.00000,0.00004
142.80000,1.02193,0.99992,0.00000,0.00000,0.00007
142.94000,1.02194,0.99973,0.00000,0.00001,0.00026
143.08000,1.02194,0.99941,0.00000,0.00002,0.00057
143.22000,1.02194,0.99982,0.00000,0.00001,0.00017
143.36000,1.02194,0.99999,0.00000,0.00000,0.00001
143.50000,1.02194,1.00000,0.00000,0.00000,0.00000
143.64000,1.02194,1.00000,0.00000,0.00000,0.00000
143.78000,1.02194,1.00000,0.00000,0.00000,0.00000
143.92000,1.02194,1.00000,0.00000,0.00000,0.00000
144.06000,1.02194,1.00000,0.00000,0.00000,0.00000
144.20000,1.02194,1.00000,0.00000,0.00000,0.00000
144.34000,1.02194,1.00000,0.00000,0.00000,0.00000
144.48000,1.02194,1.00000,0.00000,0.00000,0.00000
144.62000,1.02194,1.00000,0.00000,0.00000,0.00000
144.75999,1.02194,1.00000,0.00000,0.00000,0.00000
144.89999,1.02194,1.00000,0.00000,0.00000,0.00000
145.03999,1.02194,1.00000,0.00000,0.00000,0.00000
145.17999,1.02194,1.00000,0.00000,0.00000,0.00000
145.32001,1.02193,1.00000,0.00000,0.00000,0.00000
145.46001,1.02193,1.00000,0.00000,0.00000,0.00000
145.60001,1.02193,1.00000,0.00000,0.00000,0.00000
145.74001,1.02193,1.00000,0.00000,0.00000,0.00000
145.88000,1.02193,1.00000,0.00000,0.00000,0.00000
146.02000,1.02193,1.00000,0.00000,0.00000,0.00000
146.16000,1.02193,1.00000,0.00000,0.00000,0.00000
146.30000,1.02193,1.00000,0.00000,0.00000,0.00000
146.44000,1.02194,1.00000,0.00000,0.00000,0.00000
146.58000,1.02194,1.00000,0.00000,0.00000,0.00000
146.72000,1.02194,1.00000,0.00000,0.00000,0.00000
146.86000,1.02194,1.00000,0.00000,0.00000,0.00000
147.00000,1.02194,1.00000,0.00000,0.00000,0.00000
147.14000,1.02194,1.00000,0.00000,0.00000,0.00000
147.28000,1.02194,1.00000,0.00000,0.00000,0.00000
147.42000,1.02194,1.00000,0.00000,0.00000,0.00000
147.56000,1.02194,1.00000,0.00000,0.00000,0.00000
147.70000,1.02194,1.00000,0.00000,0.00000,0.00000
147.84000,1.02194,1.00000,0.00000,0.00000,0.00000
147.98000,1.02194,1.00000,0.00000,0.00000,0.00000
148.12000,1.02194,1.00000,0.00000,0.00000,0.00000
148.25999,1.02194,1.00000,0.00000,0.00000,0.00000
148.39999,1.02194,1.00000,0.00000,0.00000,0.00000
148.53999,1.02194,1.00000,0.00000,0.00000,0.00000
148.67999,1.02194,1.00000,0.00000,0.00000,0.00000
148.82001,1.02193,1.00000,0.00000,0.00000,0.00000
148.96001,1.02193,1.00000,0.00000,0.00000,0.00000
149.10001,1.02193,1.00000,0.00000,0.00000,0.00000
149.24001,1.02193,1.00000,0.00000,0.00000,0.00000
149.38000,1.02193,1.00000,0.00000,0.00000,0.00000
149.52000,1.02193,1.00000,0.00000,0.00000,0.00000
149.66000,1.02193,1.00000,0.00000,0.00000,0.00000
149.80000,1.02193,1.00000,0.00000,0.00000,0.00000
149.94000,1.02194,1.00000,0.00000,0.00000,0.00000
150.08000,1.02194,1.00000,0.00000,0.00000,0.00000
150.22000,1.02194,1.00000,0.00000,0.00000,0.00000
150.36000,1.02194,1.00000,0.00000,0.00000,0.00000
150.50000,1.02194,1.00000,0.00000,0.00000,0.00000
150.64000,1.02194,1.00000,0.00000,0.00000,0.00000
150.78000,1.02194,1.00000,0.00000,0.00000,0.00000
150.92000,1.02194,1.00000,0.00000,0.00000,0.00000
151.06000,1.02194,1.00000,0.00000,0.00000,0.00000
151.20000,1.02194,1.00000,0.00000,0.00000,0.00000
151.34000,1.02194,1.00000,0.00000,0.00000,0.00000
151.48000,1.02194,1.00000,0.00000,0.00000,0.00000
151.62000,1.02194,1.00000,0.00000,0.00000,0.00000
151.75999,1.02194,1.00000,0.00000,0.00000,0.00000
151.89999,1.02194,1.00000,0.00000,0.00000,0.00000
152.03999,1.02194,1.00000,0.00000,0.00000,0.00000
152.17999,1.02194,1.00000,0.00000,0.00000,0.00000
152.32001,1.02193,1.00000,0.00000,0.00000,0.00000
152.46001,1.02193,1.00000,0.00000,0.00000,0.00000
152.60001,1.02193,1.00000,0.00000,0.00000,0.00000
152.74001,1.02193,1.00000,0.00000,0.00000,0.00000
152.88000,1.02193,1.00000,0.00000,0.00000,0.00000
153.02000,1.02193,1.00000,0.00000,0.00000,0.00000
153.16000,1.02193,1.00000,0.00000,0.00000,0.00000
153.30000,1.02193,1.00000,0.00000,0.00000,0.00000
153.44000,1.02194,0.99999,0.00000,0.00000,0.00000
153.58000,1.02194,0.99999,0.00000,0.00000,0.00001
153.72000,1.02194,1.00000,0.00000,0.00000,0.00000
153.86000,1.02194,1.00000,0.00000,0.00000,0.00000
154.00000,1.02194,1.00000,0.00000,0.00000,0.00000
154.14000,1.02194,1.00000,0.00000,0.00000,0.00000
154.28000,1.02194,1.00000,0.00000,0.00000,0.00000
154.42000,1.02194,1.00000,0.00000,0.00000,0.00000
154.56000,1.02194,1.00000,0.00000,0.00000,0.00000
154.70000,1.02194,1.00000,0.00000,0.00000,0.00000
154.84000,1.02194,1.00000,0.00000,0.00000,0.00000
154.98000,1.02194,1.00000,0.00000,0.00000,0.00000
155.12000,1.02194,1.00000,0.00000,0.00000,0.00000
155.25999,1.02194,1.00000,0.00000,0.00000,0.00000
155.39999,1.02194,1.00000,0.00000,0.00000,0.00000
155.53999,1.02194,1.00000,0.00000,0.00000,0.00000
155.67999,1.02194,1.00000,0.00000,0.00000,0.00000
155.82001,1.02193,1.00000,0.00000,0.00000,0.00000
155.96001,1.02193,1.00000,0.00000,0.00000,0.00000
156.10001,1.02193,1.00000,0.00000,0.00000,0.00000
156.24001,1.02193,1.00000,0.00000,0.00000,0.00000
156.38000,1.02193,1.00000,0.00000,0.00000,0.00000
156.52000,1.02193,1.00000,0.00000,0.00000,0.00000
156.66000,1.02193,1.00000,0.00000,0.00000,0.00000
156.80000,1.02193,1.00000,0.00000,0.00000,0.00000
156.94000,1.02194,1.00000,0.00000,0.00000,0.00000
157.08000,1.02194,1.00000,0.00000,0.00000,0.00000
157.22000,1.02194,1.00000,0.00000,0.00000,0.00000
157.36000,1.02194,1.00000,0.00000,0.00000,0.00000
157.50000,1.02194,1.00000,0.00000,0.00000,0.00000
157.64000,1.02194,1.00000,0.00000,0.00000,0.00000
157.78000,1.02194,1.00000,0.00000,0.00000,0.00000
157.92000,1.02194,1.00000,0.00000,0.00000,0.00000
158.06000,1.02194,1.00000,0.00000,0.00000,0.00000
158.20000,1.02194,1.00000,0.00000,0.00000,0.00000
158.34000,1.02194,1.00000,0.00000,0.00000,0.00000
158.48000,1.02194,1.00000,0.00000,0.00000,0.00000
158.62000,1.02194,1.00000,0.00000,0.00000,0.00000
158.75999,1.02194,1.00000,0.00000,0.00000,0.00000
158.89999,1.02194,1.00000,0.00000,0.00000,0.00000
159.03999,1.02194,1.00000,0.00000,0.00000,0.00000
159.17999,1.02194,1.00000,0.00000,0.00000,0.00000
159.32001,1.02193,1.00000,0.00000,0.00000,0.00000
159.46001,1.02193,1.00000,0.00000,0.00000,0.00000
159.60001,1.02193,1.00000,0.00000,0.00000,0.00000
159.74001,1.02193,1.00000,0.00000,0.00000,0.00000
159.88000,1.02193,1.00000,0.00000,0.00000,0.00000
160.02000,1.02193,1.00000,0.00000,0.00000,0.00000
160.16000,1.02193,1.00000,0.00000,0.00000,0.00000
160.30000,1.02193,1.00000,0.00000,0.00000,0.00000
160.44000,1.02194,1.00000,0.00000,0.00000,0.00000
160.58000,1.02194,1.00000,0.00000,0.00000,0.00000
160.72000,1.02194,1.00000,0.00000,0.00000,0.00000
160.86000,1.02194,1.00000,0.00000,0.00000,0.00000
161.00000,1.02194,1.00000,0.00000,0.00000,0.00000
161.14000,1.02194,1.00000,0.00000,0.00000,0.00000
161.28000,1.02194,1.00000,0.00000,0.00000,0.00000
161.42000,1.02194,1.00000,0.00000,0.00000,0.00000
161.56000,1.02194,1.00000,0.00000,0.00000,0.00000
161.70000,1.02194,1.00000,0.00000,0.00000,0.00000
161.84000,1.02194,1.00000,0.00000,0.00000,0.00000
161.98000,1.02194,1.00000,0.00000,0.00000,0.00000
162.12000,1.02194,1.00000,0.00000,0.00000,0.00000
162.25999,1.02194,1.00000,0.00000,0.00000,0.00000
162.39999,1.02194,1.00000,0.00000,0.00000,0.00000
162.53999,1.02194,1.00000,0.00000,0.00000,0.00000
162.67999,1.02194,1.00000,0.00000,0.00000,0.00000
162.82001,1.02193,1.00000,0.00000,0.00000,0.00000
162.96001,1.02193,1.00000,0.00000,0.00000,0.00000
163.10001,1.02193,1.00000,0.00000,0.00000,0.00000
163.24001,1.02193,1.00000,0.00000,0.00000,0.00000
163.38000,1.02193,1.00000,0.00000,0.00000,0.00000
163.52000,1.02193,1.00000,0.00000,0.00000,0.00000
163.66000,1.02193,1.00000,0.00000,0.00000,0.00000
163.80000,1.02193,1.00000,0.00000,0.00000,0.00000
163.94000,1.02194,1.00000,0.00000,0.00000,0.00000
164.08000,1.02194,0.99999,0.00000,0.00000,0.00001
164.22000,1.02194,1.00000,0.00000,0.00000,0.00000
164.36000,1.02194,1.00000,0.00000,0.00000,0.00000
164.50000,1.02194,1.00000,0.00000,0.00000,0.00000
164.64000,1.02194,1.00000,0.00000,0.00000,0.00000
164.78000,1.02194,1.00000,0.00000,0.00000,0.00000
164.92000,1.02194,1.00000,0.00000,0.00000,0.00000
165.06000,1.02194,1.00000,0.00000,0.00000,0.00000
165.20000,1.02194,1.00000,0.00000,0.00000,0.00000
165.34000,1.02194,1.00000,0.00000,0.00000,0.00000
165.48000,1.02194,1.00000,0.00000,0.00000,0.00000
165.62000,1.02194,1.00000,0.00000,0.00000,0.00000
165.75999,1.02194,1.00000,0.00000,0.00000,0.00000
165.89999,1.02194,1.00000,0.00000,0.00000,0.00000
166.03999,1.02194,1.00000,0.00000,0.00000,0.00000
166.17999,1.02194,1.00000,0.00000,0.00000,0.00000
166.32001,1.02193,1.00000,0.00000,0.00000,0.00000
166.46001,1.02193,1.00000,0.00000,0.00000,0.00000
166.60001,1.02193,1.00000,0.00000,0.00000,0.00000
166.74001,1.02193,1.00000,0.00000,0.00000,0.00000
166.88000,1.02193,1.00000,0.00000,0.00000,0.00000
167.02000,1.02193,1.00000,0.00000,0.00000,0.00000
167.16000,1.02193,1.00000,0.00000,0.00000,0.00000
167.30000,1.02193,1.00000,0.00000,0.00000,0.00000
167.44000,1.02194,0.99999,0.00000,0.00000,0.00001
167.58000,1.02194,0.99999,0.00000,0.00000,0.00001
167.72000,1.02194,0.99998,0.00000,0.00000,0.00002
167.86000,1.02194,0.99990,0.00000,0.00000,0.00010
168.00000,1.02194,0.99986,0.00000,0.00000,0.00014
168.14000,1.02194,0.99990,0.00000,0.00000,0.00010
168.28000,1.02194,0.99997,0.00000,0.00000,0.00003
168.42000,1.02194,0.99998,0.00000,0.00000,0.00002
168.56000,1.02194,0.99999,0.00000,0.00000,0.00000
168.70000,1.02194,1.00000,0.00000,0.00000,0.00000
168.84000,1.02194,1.00000,0.00000,0.00000,0.00000
168.98000,1.02194,1.00000,0.00000,0.00000,0.00000
169.12000,1.02194,1.00000,0.00000,0.00000,0.00000
169.25999,1.02194,1.00000,0.00000,0.00000,0.00000
169.39999,1.02194,1.00000,0.00000,0.00000,0.00000
169.53999,1.02194,1.00000,0.00000,0.00000,0.00000
169.67999,1.02194,1.00000,0.00000,0.00000,0.00000
169.82001,1.02193,1.00000,0.00000,0.00000,0.00000
169.96001,1.02193,1.00000,0.00000,0.00000,0.00000
170.10001,1.02193,1.00000,0.00000,0.00000,0.00000
170.24001,1.02193,1.00000,0.00000,0.00000,0.00000
170.38000,1.02193,1.00000,0.00000,0.00000,0.00000
170.52000,1.02193,1.00000,0.00000,0.00000,0.00000
170.66000,1.02193,1.00000,0.00000,0.00000,0.00000
170.80000,1.02193,1.00000,0.00000,0.00000,0.00000
170.94000,1.02194,1.00000,0.00000,0.00000,0.00000
171.08000,1.02194,1.00000,0.00000,0.00000,0.00000
171.22000,1.02194,0.99998,0.00000,0.00000,0.00001
171.36000,1.02194,0.99996,0.00000,0.00000,0.00003
171.50000,1.02194,0.99998,0.00000,0.00000,0.00002
171.64000,1.02194,0.99999,0.00000,0.00000,0.00000
171.78000,1.02194,0.99999,0.00000,0.00000,0.00001
171.92000,1.02194,0.99999,0.00000,0.00000,0.00000
172.06000,1.02194,1.00000,0.00000,0.00000,0.00000
172.20000,1.02194,1.00000,0.00000,0.00000,0.00000
172.34000,1.02194,1.00000,0.00000,0.00000,0.00000
172.48000,1.02194,1.00000,0.00000,0.00000,0.00000
172.62000,1.02194,1.00000,0.00000,0.00000,0.00000
172.75999,1.02194,1.00000,0.00000,0.00000,0.00000
172.89999,1.02194,1.00000,0.00000,0.00000,0.00000
173.03999,1.02194,1.00000,0.00000,0.00000,0.00000
173.17999,1.02194,1.00000,0.00000,0.00000,0.00000
173.32001,1.02193,1.00000,0.00000,0.00000,0.00000
173.46001,1.02193,1.00000,0.00000,0.00000,0.00000
173.60001,1.02193,1.00000,0.00000,0.00000,0.00000
173.74001,1.02193,1.00000,0.00000,0.00000,0.00000
173.88000,1.02193,1.00000,0.00000,0.00000,0.00000
174.02000,1.02193,1.00000,0.00000,0.00000,0.00000
174.16000,1.02193,1.00000,0.00000,0.00000,0.00000
174.30000,1.02193,1.00000,0.00000,0.00000,0.00000
174.44000,1.02194,1.00000,0.00000,0.00000,0.00000
174.58000,1.02194,1.00000,0.00000,0.00000,0.00000
174.72000,1.02194,1.00000,0.00000,0.00000,0.00000
174.86000,1.02194,0.99999,0.00000,0.00000,0.00001
175.00000,1.02194,0.99998,0.00000,0.00000,0.00002
175.14000,1.02194,0.99990,0.00000,0.00000,0.00010
175.28000,1.02194,0.99984,0.00000,0.00000,0.00016
175.42000,1.02194,0.99959,0.00000,0.00000,0.00041
175.56000,1.02194,0.99980,0.00000,0.00000,0.00019
175.70000,1.02194,0.99995,0.00000,0.00000,0.00005
175.84000,1.02194,0.99997,0.00000,0.00000,0.00003
175.98000,1.02194,0.99999,0.00000,0.00000,0.00001
176.12000,1.02194,0.99999,0.00000,0.00000,0.00000
176.25999,1.02194,1.00000,0.00000,0.00000,0.00000
176.39999,1.02194,1.00000,0.00000,0.00000,0.00000
176.53999,1.02194,1.00000,0.00000,0.00000,0.00000
176.67999,1.02194,1.00000,0.00000,0.00000,0.00000
176.82001,1.02193,1.00000,0.00000,0.00000,0.00000
176.96001,1.02193,1.00000,0.00000,0.00000,0.00000
177.10001,1.02193,1.00000,0.00000,0.00000,0.00000
177.24001,1.02193,1.00000,0.00000,0.00000,0.00000
177.38000,1.02193,1.00000,0.00000,0.00000,0.00000
177.52000,1.02193,1.00000,0.00000,0.00000,0.00000
177.66000,1.02193,1.00000,0.00000,0.00000,0.00000
177.80000,1.02193,1.00000,0.00000,0.00000,0.00000
177.94000,1.02194,1.00000,0.00000,0.00000,0.00000
178.08000,1.02194,0.99999,0.00000,0.00000,0.00000
178.22000,1.02194,1.00000,0.00000,0.00000,0.00000
178.36000,1.02194,1.00000,0.00000,0.00000,0.00000
178.50000,1.02194,1.00000,0.00000,0.00000,0.00000
178.64000,1.02194,1.00000,0.00000,0.00000,0.00000
178.78000,1.02194,1.00000,0.00000,0.00000,0.00000
178.92000,1.02194,1.00000,0.00000,0.00000,0.00000
179.06000,1.02194,1.00000,0.00000,0.00000,0.00000
179.20000,1.02194,1.00000,0.00000,0.00000,0.00000
179.34000,1.02194,1.00000,0.00000,0.00000,0.00000
179.48000,1.02194,1.00000,0.00000,0.00000,0.00000
179.62000,1.02194,1.00000,0.00000,0.00000,0.00000
179.75999,1.02194,1.00000,0.00000,0.00000,0.00000
179.89999,1.02194,1.00000,0.00000,0.00000,0.00000
180.03999,1.02194,1.00000,0.00000,0.00000,0.00000
180.17999,1.02194,1.00000,0.00000,0.00000,0.00000
180.32001,1.02193,1.00000,0.00000,0.00000,0.00000
180.46001,1.02193,1.00000,0.00000,0.00000,0.00000
180.60001,1.02193,0.99999,0.00000,0.00000,0.00001
180.74001,1.02193,0.99999,0.00000,0.00000,0.00000
180.88000,1.02193,1.00000,0.00000,0.00000,0.00000
181.02000,1.02193,1.00000,0.00000,0.00000,0.00000
181.16000,1.02193,1.00000,0.00000,0.00000,0.00000
181.30000,1.02193,1.00000,0.00000,0.00000,0.00000
181.44000,1.02194,1.00000,0.00000,0.00000,0.00000
181.58000,1.02194,0.99993,0.00000,0.00001,0.00006
181.72000,1.02194,0.99972,0.00000,0.00001,0.00027
181.86000,1.02194,0.99736,0.00000,0.00002,0.00262
182.00000,1.02194,0.99713,0.00000,0.00003,0.00284
182.14000,1.02194,0.99814,0.00000,0.00001,0.00185
182.28000,1.02194,0.99986,0.00000,0.00000,0.00014
182.42000,1.02194,0.99999,0.00000,0.00000,0.00001
182.56000,1.02194,1.00000,0.00000,0.00000,0.00000
182.70000,1.02194,1.00000,0.00000,0.00000,0.00000
182.84000,1.02194,1.00000,0.00000,0.00000,0.00000
182.98000,1.02194,1.00000,0.00000,0.00000,0.00000
183.12000,1.02194,1.00000,0.00000,0.00000,0.00000
183.25999,1.02194,1.00000,0.00000,0.00000,0.00000
183.39999,1.02194,1.00000,0.00000,0.00000,0.00000
183.53999,1.02194,1.00000,0.00000,0.00000,0.00000
183.67999,1.02194,1.00000,0.00000,0.00000,0.00000
183.82001,1.02193,1.00000,0.00000,0.00000,0.00000
183.96001,1.02193,1.00000,0.00000,0.00000,0.00000
184.10001,1.02193,1.00000,0.00000,0.00000,0.00000
184.24001,1.02193,1.00000,0.00000,0.00000,0.00000
184.38000,1.02193,1.00000,0.00000,0.00000,0.00000
184.52000,1.02193,1.00000,0.00000,0.00000,0.00000
184.66000,1.02193,1.00000,0.00000,0.00000,0.00000
184.80000,1.02193,1.00000,0.00000,0.00000,0.00000
184.94000,1.02194,1.00000,0.00000,0.00000,0.00000
185.08000,1.02194,1.00000,0.00000,0.00000,0.00000
185.22000,1.02194,1.00000,0.00000,0.00000,0.00000
185.36000,1.02194,1.00000,0.00000,0.00000,0.00000
185.50000,1.02194,1.00000,0.00000,0.00000,0.00000
185.64000,1.02194,1.00000,0.00000,0.00000,0.00000
185.78000,1.02194,1.00000,0.00000,0.00000,0.00000
185.92000,1.02194,1.00000,0.00000,0.00000,0.00000
186.06000,1.02194,1.00000,0.00000,0.00000,0.00000
186.20000,1.02194,1.00000,0.00000,0.00000,0.00000
186.34000,1.02194,1.00000,0.00000,0.00000,0.00000
186.48000,1.02194,1.00000,0.00000,0.00000,0.00000
186.62000,1.02194,1.00000,0.00000,0.00000,0.00000
186.75999,1.02194,1.00000,0.00000,0.00000,0.00000
186.89999,1.02194,1.00000,0.00000,0.00000,0.00000
187.03999,1.02194,1.00000,0.00000,0.00000,0.00000
187.17999,1.02194,1.00000,0.00000,0.00000,0.00000
187.32001,1.02193,1.00000,0.00000,0.00000,0.00000
187.46001,1.02193,1.00000,0.00000,0.00000,0.00000
187.60001,1.02193,1.00000,0.00000,0.00000,0.00000
187.74001,1.02193,1.00000,0.00000,0.00000,0.00000
187.88000,1.02193,1.00000,0.00000,0.00000,0.00000
188.02000,1.02193,1.00000,0.00000,0.00000,0.00000
188.16000,1.02193,1.00000,0.00000,0.00000,0.00000
188.30000,1.02193,1.00000,0.00000,0.00000,0.00000
188.44000,1.02194,1.00000,0.00000,0.00000,0.00000
188.58000,1.02194,1.00000,0.00000,0.00000,0.00000
188.72000,1.02194,1.00000,0.00000,0.00000,0.00000
188.86000,1.02194,1.00000,0.00000,0.00000,0.00000
189.00000,1.02194,1.00000,0.00000,0.00000,0.00000
189.14000,1.02194,1.00000,0.00000,0.00000,0.00000
189.28000,1.02194,1.00000,0.00000,0.00000,0.00000
189.42000,1.02194,1.00000,0.00000,0.00000,0.00000
189.56000,1.02194,1.00000,0.00000,0.00000,0.00000
189.70000,1.02194,1.00000,0.00000,0.00000,0.00000
189.84000,1.02194,1.00000,0.00000,0.00000,0.00000
189.98000,1.02194,1.00000,0.00000,0.00000,0.00000
190.12000,1.02194,1.00000,0.00000,0.00000,0.00000
190.25999,1.02194,1.00000,0.00000,0.00000,0.00000
190.39999,1.02194,1.00000,0.00000,0.00000,0.00000
190.53999,1.02194,1.00000,0.00000,0.00000,0.00000
190.67999,1.02194,0.99998,0.00000,0.00000,0.00002
190.82001,1.02193,0.99990,0.00000,0.00000,0.00009
190.96001,1.02193,0.99981,0.00000,0.00000,0.00019
191.10001,1.02193,0.99994,0.00000,0.00000,0.00006
191.24001,1.02193,0.99998,0.00000,0.00000,0.00002
191.38000,1.02193,1.00000,0.00000,0.00000,0.00000
191.52000,1.02193,1.00000,0.00000,0.00000,0.00000
191.66000,1.02193,1.00000,0.00000,0.00000,0.00000
191.80000,1.02193,1.00000,0.00000,0.00000,0.00000
191.94000,1.02194,1.00000,0.00000,0.00000,0.00000
192.08000,1.02194,1.00000,0.00000,0.00000,0.00000
192.22000,1.02194,1.00000,0.00000,0.00000,0.00000
192.36000,1.02194,1.00000,0.00000,0.00000,0.00000
192.50000,1.02194,1.00000,0.00000,0.00000,0.00000
192.64000,1.02194,1.00000,0.00000,0.00000,0.00000
192.78000,1.02194,1.00000,0.00000,0.00000,0.00000
192.92000,1.02194,1.00000,0.00000,0.00000,0.00000
193.06000,1.02194,1.00000,0.00000,0.00000,0.00000
193.20000,1.02194,1.00000,0.00000,0.00000,0.00000
193.34000,1.02194,1.00000,0.00000,0.00000,0.00000
193.48000,1.02194,1.00000,0.00000,0.00000,0.00000
193.62000,1.02194,1.00000,0.00000,0.00000,0.00000
193.75999,1.02194,1.00000,0.00000,0.00000,0.00000
193.89999,1.02194,1.00000,0.00000,0.00000,0.00000
194.03999,1.02194,1.00000,0.00000,0.00000,0.00000
194.17999,1.02194,1.00000,0.00000,0.00000,0.00000
194.32001,1.02193,1.00000,0.00000,0.00000,0.00000
194.46001,1.02193,1.00000,0.00000,0.00000,0.00000
194.60001,1.02193,1.00000,0.00000,0.00000,0.00000
194.74001,1.02193,1.00000,0.00000,0.00000,0.00000
194.88000,1.02193,1.00000,0.00000,0.00000,0.00000
195.02000,1.02193,1.00000,0.00000,0.00000,0.00000
195.16000,1.02193,1.00000,0.00000,0.00000,0.00000
195.30000,1.02193,1.00000,0.00000,0.00000,0.00000
195.44000,1.02194,0.99999,0.00000,0.00000,0.00001
195.58000,1.02194,1.00000,0.00000,0.00000,0.00000
195.72000,1.02194,0.99996,0.00000,0.00000,0.00004
195.86000,1.02194,0.99998,0.00000,0.00000,0.00002
196.00000,1.02194,1.00000,0.00000,0.00000,0.00000
196.14000,1.02194,1.00000,0.00000,0.00000,0.00000
196.28000,1.02194,1.00000,0.00000,0.00000,0.00000
196.42000,1.02194,1.00000,0.00000,0.00000,0.00000
196.56000,1.02194,1.00000,0.00000,0.00000,0.00000
196.70000,1.02194,0.99999,0.00000,0.00000,0.00001
196.84000,1.02194,0.99999,0.00000,0.00000,0.00001
196.98000,1.02194,1.00000,0.00000,0.00000,0.00000
197.12000,1.02194,1.00000,0.00000,0.00000,0.00000
197.25999,1.02194,1.00000,0.00000,0.00000,0.00000
197.39999,1.02194,1.00000,0.00000,0.00000,0.00000
197.53999,1.02194,1.00000,0.00000,0.00000,0.00000
197.67999,1.02194,1.00000,0.00000,0.00000,0.00000
197.82001,1.02193,1.00000,0.00000,0.00000,0.00000
197.96001,1.02193,1.00000,0.00000,0.00000,0.00000
198.10001,1.02193,1.00000,0.00000,0.00000,0.00000
198.24001,1.02193,1.00000,0.00000,0.00000,0.00000
198.38000,1.02193,1.00000,0.00000,0.00000,0.00000
198.52000,1.02193,1.00000,0.00000,0.00000,0.00000
198.66000,1.02193,1.00000,0.00000,0.00000,0.00000
198.80000,1.02193,1.00000,0.00000,0.00000,0.00000
198.94000,1.02194,1.00000,0.00000,0.00000,0.00000
199.08000,1.02194,0.99999,0.00000,0.00000,0.00001
199.22000,1.02194,0.99999,0.00000,0.00000,0.00000
199.36000,1.02194,0.99999,0.00000,0.00000,0.00001
199.50000,1.02194,0.99999,0.00000,0.00000,0.00001
199.64000,1.02194,1.00000,0.00000,0.00000,0.00000
199.78000,1.02194,1.00000,0.00000,0.00000,0.00000
199.92000,1.02194,1.00000,0.00000,0.00000,0.00000
200.06000,1.02194,1.00000,0.00000,0.00000,0.00000
200.20000,1.02194,1.00000,0.00000,0.00000,0.00000
200.34000,1.02194,1.00000,0.00000,0.00000,0.00000
200.48000,1.02194,1.00000,0.00000,0.00000,0.00000
200.62000,1.02194,1.00000,0.00000,0.00000,0.00000
200.75999,1.02194,1.00000,0.00000,0.00000,0.00000
200.89999,1.02194,1.00000,0.00000,0.00000,0.00000
201.03999,1.02194,1.00000,0.00000,0.00000,0.00000
201.17999,1.02194,1.00000,0.00000,0.00000,0.00000
201.32001,1.02193,1.00000,0.00000,0.00000,0.00000
201.46001,1.02193,1.00000,0.00000,0.00000,0.00000
201.60001,1.02193,1.00000,0.00000,0.00000,0.00000
201.74001,1.02193,1.00000,0.00000,0.00000,0.00000
201.88000,1.02193,1.00000,0.00000,0.00000,0.00000
202.02000,1.02193,1.00000,0.00000,0.00000,0.00000
202.16000,1.02193,1.00000,0.00000,0.00000,0.00000
202.30000,1.02193,1.00000,0.00000,0.00000,0.00000
202.44000,1.02194,1.00000,0.00000,0.00000,0.00000
202.58000,1.02194,1.00000,0.00000,0.00000,0.00000
202.72000,1.02194,0.99998,0.00000,0.00000,0.00002
202.86000,1.02194,1.00000,0.00000,0.00000,0.00000
203.00000,1.02194,0.99996,0.00000,0.00000,0.00003
203.14000,1.02194,0.99999,0.00000,0.00000,0.00001
203.28000,1.02194,0.99999,0.00000,0.00000,0.00001
203.42000,1.02194,1.00000,0.00000,0.00000,0.00000
203.56000,1.02194,1.00000,0.00000,0.00000,0.00000
203.70000,1.02194,1.00000,0.00000,0.00000,0.00000
203.84000,1.02194,1.00000,0.00000,0.00000,0.00000
203.98000,1.02194,1.00000,0.00000,0.00000,0.00000
204.12000,1.02194,1.00000,0.00000,0.00000,0.00000
204.25999,1.02194,1.00000,0.00000,0.00000,0.00000
204.39999,1.02194,1.00000,0.00000,0.00000,0.00000
204.53999,1.02194,1.00000,0.00000,0.00000,0.00000
204.67999,1.02194,1.00000,0.00000,0.00000,0.00000
204.82001,1.02193,1.00000,0.00000,0.00000,0.00000
204.96001,1.02193,1.00000,0.00000,0.00000,0.00000
205.10001,1.02193,1.00000,0.00000,0.00000,0.00000
205.24001,1.02193,1.00000,0.00000,0.00000,0.00000
205.38000,1.02193,1.00000,0.00000,0.00000,0.00000
205.52000,1.02193,1.00000,0.00000,0.00000,0.00000
205.66000,1.02193,1.00000,0.00000,0.00000,0.00000
205.80000,1.02193,1.00000,0.00000,0.00000,0.00000
205.94000,1.02194,1.00000,0.00000,0.00000,0.00000
206.08000,1.02194,1.00000,0.00000,0.00000,0.00000
206.22000,1.02194,1.00000,0.00000,0.00000,0.00000
206.36000,1.02194,1.00000,0.00000,0.00000,0.00000
206.50000,1.02194,1.00000,0.00000,0.00000,0.00000
206.64000,1.02194,1.00000,0.00000,0.00000,0.00000
206.78000,1.02194,1.00000,0.00000,0.00000,0.00000
206.92000,1.02194,1.00000,0.00000,0.00000,0.00000
207.06000,1.02194,1.00000,0.00000,0.00000,0.00000
207.20000,1.02194,1.00000,0.00000,0.00000,0.00000
207.34000,1.02194,1.00000,0.00000,0.00000,0.00000
207.48000,1.02194,1.00000,0.00000,0.00000,0.00000
207.62000,1.02194,1.00000,0.00000,0.00000,0.00000
207.75999,1.02194,1.00000,0.00000,0.00000,0.00000
207.89999,1.02194,1.00000,0.00000,0.00000,0.00000
208.03999,1.02194,1.00000,0.00000,0.00000,0.00000
208.17999,1.02194,1.00000,0.00000,0.00000,0.00000
208.32001,1.02193,1.00000,0.00000,0.00000,0.00000
208.46001,1.02193,1.00000,0.00000,0.00000,0.00000
208.60001,1.02193,1.00000,0.00000,0.00000,0.00000
208.74001,1.02193,1.00000,0.00000,0.00000,0.00000
208.88000,1.02193,1.00000,0.00000,0.00000,0.00000
209.02000,1.02193,1.00000,0.00000,0.00000,0.00000
209.16000,1.02193,0.99998,0.00000,0.00000,0.00002
209.30000,1.02193,0.99972,0.00000,0.00001,0.00026
209.44000,1.02194,0.99903,0.00000,0.00001,0.00096
209.58000,1.02194,0.99898,0.00000,0.00001,0.00101
209.72000,1.02194,0.99602,0.00000,0.00003,0.00395
209.86000,1.02194,0.98141,0.00000,0.00007,0.01852
210.00000,1.02194,0.99054,0.00000,0.00007,0.00939
210.14000,1.02194,0.99028,0.00000,0.00005,0.00967
210.28000,1.02194,0.98993,0.00000,0.00004,0.01003
210.42000,1.02194,0.99259,0.00000,0.00004,0.00737
210.56000,1.02194,0.98923,0.00000,0.00004,0.01073
210.70000,1.02194,0.99661,0.00000,0.00002,0.00336
210.84000,1.02194,0.99725,0.00000,0.00002,0.00273
210.98000,1.02194,0.99726,0.00000,0.00003,0.00271
211.12000,1.02194,0.99767,0.00000,0.00006,0.00227
211.25999,1.02194,0.99618,0.00000,0.00013,0.00368
211.39999,1.02194,0.99929,0.00000,0.00010,0.00061
211.53999,1.02194,0.99968,0.00000,0.00011,0.00021
211.67999,1.02194,0.99998,0.00000,0.00001,0.00001
211.82001,1.02193,1.00000,0.00000,0.00000,0.00000
211.96001,1.02193,1.00000,0.00000,0.00000,0.00000
212.10001,1.02193,1.00000,0.00000,0.00000,0.00000
212.24001,1.02193,0.99999,0.00000,0.00000,0.00001
212.38000,1.02193,0.99994,0.00000,0.00000,0.00005
212.52000,1.02193,0.99987,0.00000,0.00000,0.00013
212.66000,1.02193,0.99966,0.00000,0.00002,0.00032
212.80000,1.02193,0.99986,0.00000,0.00002,0.00012
212.94000,1.02194,0.99997,0.00000,0.00001,0.00002
213.08000,1.02194,0.99998,0.00000,0.00001,0.00001
213.22000,1.02194,0.99999,0.00000,0.00001,0.00001
213.36000,1.02194,0.99999,0.00000,0.00000,0.00001
213.50000,1.02194,0.99995,0.00000,0.00000,0.00005
213.64000,1.02194,0.99982,0.00000,0.00001,0.00018
213.78000,1.02194,0.99931,0.00000,0.00001,0.00068
213.92000,1.02194,0.99795,0.00000,0.00001,0.00204
214.06000,1.02194,0.99934,0.00000,0.00001,0.00065
214.20000,1.02194,0.99950,0.00000,0.00001,0.00049
214.34000,1.02194,0.99942,0.00000,0.00003,0.00055
214.48000,1.02194,0.99984,0.00000,0.00002,0.00014
214.62000,1.02194,0.99994,0.00000,0.00001,0.00005
214.75999,1.02194,0.99999,0.00000,0.00000,0.00000
214.89999,1.02194,1.00000,0.00000,0.00000,0.00000
215.03999,1.02194,1.00000,0.00000,0.00000,0.00000
215.17999,1.02194,1.00000,0.00000,0.00000,0.00000
215.32001,1.02193,1.00000,0.00000,0.00000,0.00000
215.46001,1.02193,1.00000,0.00000,0.00000,0.00000
215.60001,1.02193,0.99998,0.00000,0.00000,0.00001
215.74001,1.02193,0.99995,0.00000,0.00001,0.00005
215.88000,1.02193,0.99976,0.00000,0.00001,0.00024
216.02000,1.02193,0.99919,0.00000,0.00001,0.00081
216.16000,1.02193,0.99983,0.00000,0.00000,0.00017
216.30000,1.02193,0.99999,0.00000,0.00000,0.00001
216.44000,1.02194,0.99999,0.00000,0.00000,0.00001
216.58000,1.02194,1.00000,0.00000,0.00000,0.00000
216.72000,1.02194,1.00000,0.00000,0.00000,0.00000
216.86000,1.02194,1.00000,0.00000,0.00000,0.00000
217.00000,1.02194,1.00000,0.00000,0.00000,0.00000
217.14000,1.02194,1.00000,0.00000,0.00000,0.00000
217.28000,1.02194,1.00000,0.00000,0.00000,0.00000
217.42000,1.02194,1.00000,0.00000,0.00000,0.00000
217.56000,1.02194,1.00000,0.00000,0.00000,0.00000
217.70000,1.02194,1.00000,0.00000,0.00000,0.00000
217.84000,1.02194,1.00000,0.00000,0.00000,0.00000
217.98000,1.02194,0.99997,0.00000,0.00000,0.00003
218.12000,1.02194,0.99999,0.00000,0.00000,0.00001
218.25999,1.02194,1.00000,0.00000,0.00000,0.00000
218.39999,1.02194,1.00000,0.00000,0.00000,0.00000
218.53999,1.02194,0.99999,0.00000,0.00001,0.00000
218.67999,1.02194,1.00000,0.00000,0.00000,0.00000
218.82001,1.02193,1.00000,0.00000,0.00000,0.00000
218.96001,1.02193,1.00000,0.00000,0.00000,0.00000
219.10001,1.02193,1.00000,0.00000,0.00000,0.00000
219.24001,1.02193,0.99999,0.00000,0.00000,0.00001
219.38000,1.02193,0.99992,0.00000,0.00001,0.00007
219.52000,1.02193,0.99854,0.00000,0.00009,0.00137
219.66000,1.02193,0.95126,0.00000,0.00043,0.04830
219.80000,1.02193,0.97463,0.00000,0.00024,0.02513
219.94000,1.02194,0.99099,0.00000,0.00014,0.00888
220.08000,1.02194,0.99242,0.00000,0.00010,0.00747
220.22000,1.02194,0.92838,0.00000,0.00043,0.07118
220.36000,1.02194,0.93206,0.00000,0.00020,0.06774
220.50000,1.02194,0.83489,0.00000,0.00033,0.16478
220.64000,1.02194,0.85605,0.00000,0.00024,0.14371
220.78000,1.02194,0.97657,0.00000,0.00008,0.02335
220.92000,1.02194,0.99855,0.00000,0.00001,0.00144
221.06000,1.02194,0.99987,0.00000,0.00000,0.00013
221.20000,1.02194,0.99997,0.00000,0.00000,0.00003
221.34000,1.02194,0.99999,0.00000,0.00000,0.00001
221.48000,1.02194,0.99999,0.00000,0.00000,0.00001
221.62000,1.02194,0.99998,0.00000,0.00000,0.00002
221.75999,1.02194,0.99981,0.00000,0.00001,0.00018
221.89999,1.02194,0.99939,0.00000,0.00001,0.00060
222.03999,1.02194,0.99962,0.00000,0.00000,0.00038
222.17999,1.02194,0.99985,0.00000,0.00000,0.00014
222.32001,1.02193,0.99991,0.00000,0.00000,0.00009
222.46001,1.02193,0.99992,0.00000,0.00000,0.00008
222.60001,1.02193,0.99998,0.00000,0.00000,0.00002
222.74001,1.02193,0.99999,0.00000,0.00000,0.00001
222.88000,1.02193,0.99999,0.00000,0.00000,0.00001
223.02000,1.02193,0.99997,0.00000,0.00000,0.00003
223.16000,1.02193,0.99984,0.00000,0.00000,0.00015
223.30000,1.02193,0.99987,0.00000,0.00000,0.00013
223.44000,1.02194,0.99995,0.00000,0.00000,0.00005
223.58000,1.02194,0.99998,0.00000,0.00000,0.00002
223.72000,1.02194,0.99998,0.00000,0.00000,0.00001
223.86000,1.02194,1.00000,0.00000,0.00000,0.00000
224.00000,1.02194,1.00000,0.00000,0.00000,0.00000
224.14000,1.02194,1.00000,0.00000,0.00000,0.00000
224.28000,1.02194,1.00000,0.00000,0.00000,0.00000
224.42000,1.02194,0.99999,0.00000,0.00000,0.00001
224.56000,1.02194,0.99999,0.00000,0.00000,0.00001
224.70000,1.02194,0.99995,0.00000,0.00000,0.00005
224.84000,1.02194,0.99998,0.00000,0.00000,0.00001
224.98000,1.02194,0.99999,0.00000,0.00000,0.00001
225.12000,1.02194,0.99998,0.00000,0.00000,0.00001
225.25999,1.02194,0.99999,0.00000,0.00000,0.00000
225.39999,1.02194,0.99999,0.00000,0.00000,0.00000
225.53999,1.02194,0.99999,0.00000,0.00000,0.00001
225.67999,1.02194,0.99999,0.00000,0.00000,0.00000
225.82001,1.02193,1.00000,0.00000,0.00000,0.00000
225.96001,1.02193,0.99999,0.00000,0.00000,0.00001
226.10001,1.02193,0.99999,0.00000,0.00000,0.00001
226.24001,1.02193,0.99999,0.00000,0.00000,0.00000
226.38000,1.02193,1.00000,0.00000,0.00000,0.00000
226.52000,1.02193,0.99999,0.00000,0.00000,0.00000
226.66000,1.02193,1.00000,0.00000,0.00000,0.00000
226.80000,1.02193,1.00000,0.00000,0.00000,0.00000
226.94000,1.02194,1.00000,0.00000,0.00000,0.00000
227.08000,1.02194,1.00000,0.00000,0.00000,0.00000
227.22000,1.02194,1.00000,0.00000,0.00000,0.00000
227.36000,1.02194,1.00000,0.00000,0.00000,0.00000
227.50000,1.02194,1.00000,0.00000,0.00000,0.00000
227.64000,1.02194,1.00000,0.00000,0.00000,0.00000
227.78000,1.02194,1.00000,0.00000,0.00000,0.00000
227.92000,1.02194,1.00000,0.00000,0.00000,0.00000
228.06000,1.02194,1.00000,0.00000,0.00000,0.00000
228.20000,1.02194,1.00000,0.00000,0.00000,0.00000
228.34000,1.02194,1.00000,0.00000,0.00000,0.00000
228.48000,1.02194,0.99999,0.00000,0.00000,0.00000
228.62000,1.02194,0.99988,0.00000,0.00002,0.00010
228.75999,1.02194,0.99718,0.00000,0.00014,0.00268
228.89999,1.02194,0.96204,0.00000,0.00013,0.03783
229.03999,1.02194,0.94477,0.00000,0.00018,0.05506
229.17999,1.02194,0.98929,0.00000,0.00013,0.01058
229.32001,1.02193,0.91191,0.00004,0.00080,0.08725
229.46001,1.02193,0.75296,0.00003,0.00090,0.24611
229.60001,1.02193,0.96331,0.00000,0.00020,0.03649
229.74001,1.02193,0.99695,0.00000,0.00004,0.00300
229.88000,1.02193,0.99700,0.00000,0.00003,0.00297
230.02000,1.02193,0.99080,0.00000,0.00005,0.00915
230.16000,1.02193,0.94192,0.00000,0.00016,0.05792
230.30000,1.02193,0.90256,0.00000,0.00025,0.09720
230.44000,1.02194,0.63301,0.00000,0.00033,0.36666
230.58000,1.02194,0.59980,0.00000,0.00020,0.40000
230.72000,1.02194,0.34082,0.00006,0.00102,0.65811
230.86000,1.02194,0.25119,0.00005,0.00078,0.74797
231.00000,1.02194,0.42073,0.00001,0.00079,0.57847
231.14000,1.02194,0.97547,0.00000,0.00017,0.02436
231.28000,1.02194,0.97923,0.00000,0.00016,0.02061
231.42000,1.02194,0.50901,0.00018,0.00203,0.48878
231.56000,1.02194,0.71671,0.00002,0.00193,0.28134
231.70000,1.02194,0.90629,0.00000,0.00042,0.09328
231.84000,1.02194,0.95973,0.00000,0.00041,0.03986
231.98000,1.02194,0.99471,0.00000,0.00005,0.00525
232.12000,1.02194,0.99933,0.00000,0.00001,0.00066
232.25999,1.02194,0.99939,0.00000,0.00002,0.00059
232.39999,1.02194,0.99800,0.00000,0.00004,0.00196
232.53999,1.02194,0.97524,0.00000,0.00016,0.02460
232.67999,1.02194,0.88524,0.00000,0.00028,0.11448
232.82001,1.02193,0.96976,0.00000,0.00011,0.03012
232.96001,1.02193,0.99271,0.00000,0.00014,0.00715
233.10001,1.02193,0.99830,0.00000,0.00001,0.00169
233.24001,1.02193,0.99986,0.00000,0.00000,0.00014
233.38000,1.02193,0.99997,0.00000,0.00000,0.00003
233.52000,1.02193,0.99999,0.00000,0.00000,0.00001
233.66000,1.02193,1.00000,0.00000,0.00000,0.00000
233.80000,1.02193,0.99999,0.00000,0.00000,0.00001
233.94000,1.02194,0.99999,0.00000,0.00000,0.00001
234.08000,1.02194,1.00000,0.00000,0.00000,0.00000
234.22000,1.02194,1.00000,0.00000,0.00000,0.00000
234.36000,1.02194,1.00000,0.00000,0.00000,0.00000
234.50000,1.02194,1.00000,0.00000,0.00000,0.00000
234.64000,1.02194,1.00000,0.00000,0.00000,0.00000
234.78000,1.02194,1.00000,0.00000,0.00000,0.00000
234.92000,1.02194,1.00000,0.00000,0.00000,0.00000
235.06000,1.02194,1.00000,0.00000,0.00000,0.00000
235.20000,1.02194,1.00000,0.00000,0.00000,0.00000
235.34000,1.02194,0.99999,0.00000,0.00000,0.00001
235.48000,1.02194,0.99996,0.00000,0.00000,0.00004
235.62000,1.02194,0.99996,0.00000,0.00000,0.00004
235.75999,1.02194,0.99986,0.00000,0.00000,0.00014
235.89999,1.02194,0.99956,0.00000,0.00001,0.00043
236.03999,1.02194,0.99907,0.00000,0.00001,0.00091
236.17999,1.02194,0.99743,0.00000,0.00003,0.00254
236.32001,1.02193,0.99904,0.00000,0.00001,0.00094
236.46001,1.02193,0.99936,0.00000,0.00001,0.00063
236.60001,1.02193,0.99937,0.00000,0.00001,0.00063
236.74001,1.02193,0.99894,0.00000,0.00001,0.00105
236.88000,1.02193,0.99966,0.00000,0.00001,0.00033
237.02000,1.02193,0.99980,0.00000,0.00000,0.00020
237.16000,1.02193,0.99989,0.00000,0.00000,0.00010
237.30000,1.02193,0.99995,0.00000,0.00000,0.00005
237.44000,1.02194,0.99998,0.00000,0.00000,0.00002
237.58000,1.02194,0.99999,0.00000,0.00000,0.00001
237.72000,1.02194,1.00000,0.00000,0.00000,0.00000
237.86000,1.02194,0.99999,0.00000,0.00000,0.00001
238.00000,1.02194,0.99996,0.00000,0.00000,0.00004
238.14000,1.02194,0.99996,0.00000,0.00000,0.00004
238.28000,1.02194,0.99934,0.00000,0.00002,0.00063
238.42000,1.02194,0.94167,0.00000,0.00070,0.05763
238.56000,1.02194,0.86104,0.00001,0.00088,0.13808
238.70000,1.02194,0.73233,0.00002,0.00063,0.26701
238.84000,1.02194,0.97753,0.00000,0.00014,0.02232
238.98000,1.02194,0.99870,0.00000,0.00002,0.00128
239.12000,1.02194,0.99988,0.00000,0.00000,0.00011
239.25999,1.02194,0.99999,0.00000,0.00000,0.00001
239.39999,1.02194,1.00000,0.00000,0.00000,0.00000
239.53999,1.02194,1.00000,0.00000,0.00000,0.00000
239.67999,1.02194,1.00000,0.00000,0.00000,0.00000
239.82001,1.02193,1.00000,0.00000,0.00000,0.00000
239.96001,1.02193,1.00000,0.00000,0.00000,0.00000
240.10001,1.02193,1.00000,0.00000,0.00000,0.00000
240.24001,1.02193,1.00000,0.00000,0.00000,0.00000
240.38000,1.02193,0.99999,0.00000,0.00000,0.00000
240.52000,1.02193,0.99999,0.00000,0.00000,0.00000
240.66000,1.02193,1.00000,0.00000,0.00000,0.00000
240.80000,1.02193,1.00000,0.00000,0.00000,0.00000
240.94000,1.02194,1.00000,0.00000,0.00000,0.00000
241.08000,1.02194,1.00000,0.00000,0.00000,0.00000
241.22000,1.02194,1.00000,0.00000,0.00000,0.00000
241.36000,1.02194,1.00000,0.00000,0.00000,0.00000
241.50000,1.02194,1.00000,0.00000,0.00000,0.00000
241.64000,1.02194,1.00000,0.00000,0.00000,0.00000
241.78000,1.02194,1.00000,0.00000,0.00000,0.00000
241.92000,1.02194,1.00000,0.00000,0.00000,0.00000
242.06000,1.02194,1.00000,0.00000,0.00000,0.00000
242.20000,1.02194,1.00000,0.00000,0.00000,0.00000
242.34000,1.02194,1.00000,0.00000,0.00000,0.00000
242.48000,1.02194,0.99999,0.00000,0.00000,0.00001
242.62000,1.02194,0.99999,0.00000,0.00000,0.00001
242.75999,1.02194,0.99999,0.00000,0.00000,0.00001
242.89999,1.02194,0.99998,0.00000,0.00000,0.00002
243.03999,1.02194,0.99991,0.00000,0.00001,0.00008
243.17999,1.02194,0.99996,0.00000,0.00000,0.00003
243.32001,1.02193,0.99999,0.00000,0.00000,0.00001
243.46001,1.02193,0.99999,0.00000,0.00000,0.00001
243.60001,1.02193,0.99998,0.00000,0.00000,0.00002
243.74001,1.02193,0.99993,0.00000,0.00000,0.00007
243.88000,1.02193,0.99998,0.00000,0.00000,0.00002
244.02000,1.02193,0.99999,0.00000,0.00000,0.00001
244.16000,1.02193,0.99998,0.00000,0.00000,0.00002
244.30000,1.02193,0.99999,0.00000,0.00000,0.00001
244.44000,1.02194,0.99998,0.00000,0.00000,0.00002
244.58000,1.02194,0.99998,0.00000,0.00000,0.00002
244.72000,1.02194,0.99983,0.00000,0.00001,0.00016
244.86000,1.02194,0.99972,0.00000,0.00002,0.00026
245.00000,1.02194,0.99991,0.00000,0.00001,0.00008
245.14000,1.02194,0.99998,0.00000,0.00000,0.00001
245.28000,1.02194,1.00000,0.00000,0.00000,0.00000
245.42000,1.02194,1.00000,0.00000,0.00000,0.00000
245.56000,1.02194,1.00000,0.00000,0.00000,0.00000
245.70000,1.02194,1.00000,0.00000,0.00000,0.00000
245.84000,1.02194,1.00000,0.00000,0.00000,0.00000
245.98000,1.02194,1.00000,0.00000,0.00000,0.00000
246.12000,1.02194,1.00000,0.00000,0.00000,0.00000
246.25999,1.02194,1.00000,0.00000,0.00000,0.00000
246.39999,1.02194,1.00000,0.00000,0.00000,0.00000
246.53999,1.02194,1.00000,0.00000,0.00000,0.00000
246.67999,1.02194,1.00000,0.00000,0.00000,0.00000
246.82001,1.02193,1.00000,0.00000,0.00000,0.00000
246.96001,1.02193,1.00000,0.00000,0.00000,0.00000
247.10001,1.02193,0.99998,0.00000,0.00001,0.00001
247.24001,1.02193,0.99987,0.00000,0.00002,0.00011
247.38000,1.02193,0.99982,0.00000,0.00001,0.00017
247.52000,1.02193,0.99991,0.00000,0.00001,0.00008
247.66000,1.02193,1.00000,0.00000,0.00000,0.00000
247.80000,1.02193,1.00000,0.00000,0.00000,0.00000
247.94000,1.02194,1.00000,0.00000,0.00000,0.00000
248.08000,1.02194,1.00000,0.00000,0.00000,0.00000
248.22000,1.02194,1.00000,0.00000,0.00000,0.00000
248.36000,1.02194,1.00000,0.00000,0.00000,0.00000
248.50000,1.02194,1.00000,0.00000,0.00000,0.00000
248.64000,1.02194,1.00000,0.00000,0.00000,0.00000
248.78000,1.02194,1.00000,0.00000,0.00000,0.00000
248.92000,1.02194,1.00000,0.00000,0.00000,0.00000
249.06000,1.02194,0.99999,0.00000,0.00000,0.00001
249.20000,1.02194,0.99996,0.00000,0.00000,0.00003
249.34000,1.02194,0.99998,0.00000,0.00000,0.00002
249.48000,1.02194,0.99998,0.00000,0.00000,0.00002
249.62000,1.02194,0.99978,0.00000,0.00000,0.00021
249.75999,1.02194,0.99994,0.00000,0.00000,0.00006
249.89999,1.02194,0.99999,0.00000,0.00000,0.00000
250.03999,1.02194,1.00000,0.00000,0.00000,0.00000
250.17999,1.02194,0.99998,0.00000,0.00000,0.00002
250.32001,1.02193,0.99995,0.00000,0.00000,0.00005
250.46001,1.02193,0.99996,0.00000,0.00000,0.00004
250.60001,1.02193,0.99994,0.00000,0.00000,0.00006
250.74001,1.02193,0.99998,0.00000,0.00000,0.00002
250.88000,1.02193,0.99999,0.00000,0.00000,0.00001
251.02000,1.02193,0.99999,0.00000,0.00000,0.00001
251.16000,1.02193,0.99999,0.00000,0.00000,0.00000
251.30000,1.02193,1.00000,0.00000,0.00000,0.00000
251.44000,1.02194,1.00000,0.00000,0.00000,0.00000
251.58000,1.02194,1.00000,0.00000,0.00000,0.00000
251.72000,1.02194,1.00000,0.00000,0.00000,0.00000
251.86000,1.02194,1.00000,0.00000,0.00000,0.00000
252.00000,1.02194,1.00000,0.00000,0.00000,0.00000
252.14000,1.02194,1.00000,0.00000,0.00000,0.00000
252.28000,1.02194,1.00000,0.00000,0.00000,0.00000
252.42000,1.02194,1.00000,0.00000,0.00000,0.00000
252.56000,1.02194,0.99999,0.00000,0.00000,0.00000
252.70000,1.02194,0.99997,0.00000,0.00000,0.00003
252.84000,1.02194,0.99998,0.00000,0.00000,0.00002
252.98000,1.02194,0.99999,0.00000,0.00000,0.00001
253.12000,1.02194,0.99980,0.00000,0.00001,0.00019
253.25999,1.02194,0.99924,0.00000,0.00001,0.00074
253.39999,1.02194,0.99957,0.00000,0.00001,0.00042
253.53999,1.02194,0.99968,0.00000,0.00001,0.00031
253.67999,1.02194,0.99794,0.00000,0.00002,0.00203
253.82001,1.02193,0.99832,0.00000,0.00002,0.00166
253.96001,1.02193,0.99981,0.00000,0.00001,0.00018
254.10001,1.02193,0.99998,0.00000,0.00000,0.00002
254.24001,1.02193,1.00000,0.00000,0.00000,0.00000
254.38000,1.02193,1.00000,0.00000,0.00000,0.00000
254.52000,1.02193,1.00000,0.00000,0.00000,0.00000
254.66000,1.02193,1.00000,0.00000,0.00000,0.00000
254.80000,1.02193,1.00000,0.00000,0.00000,0.00000
254.94000,1.02194,0.99999,0.00000,0.00000,0.00001
255.08000,1.02193,0.99996,0.00000,0.00000,0.00003
255.22000,1.02194,0.99984,0.00000,0.00000,0.00016
255.36000,1.02193,0.99954,0.00000,0.00001,0.00045
255.50000,1.02194,0.99990,0.00000,0.00000,0.00009
255.64000,1.02193,0.99999,0.00000,0.00000,0.00000
255.78000,1.02194,1.00000,0.00000,0.00000,0.00000
255.92000,1.02193,1.00000,0.00000,0.00000,0.00000
256.06000,1.02194,1.00000,0.00000,0.00000,0.00000
256.20001,1.02191,1.00000,0.00000,0.00000,0.00000
256.34000,1.02194,1.00000,0.00000,0.00000,0.00000
256.48001,1.02191,1.00000,0.00000,0.00000,0.00000
256.62000,1.02194,1.00000,0.00000,0.00000,0.00000
256.76001,1.02194,1.00000,0.00000,0.00000,0.00000
256.89999,1.02194,1.00000,0.00000,0.00000,0.00000
257.04001,1.02194,1.00000,0.00000,0.00000,0.00000
257.17999,1.02194,1.00000,0.00000,0.00000,0.00000
257.32001,1.02194,1.00000,0.00000,0.00000,0.00000
257.45999,1.02194,1.00000,0.00000,0.00000,0.00000
257.60001,1.02194,1.00000,0.00000,0.00000,0.00000
257.73999,1.02194,1.00000,0.00000,0.00000,0.00000
257.88000,1.02194,1.00000,0.00000,0.00000,0.00000
258.01999,1.02194,1.00000,0.00000,0.00000,0.00000
258.16000,1.02194,1.00000,0.00000,0.00000,0.00000
258.29999,1.02194,1.00000,0.00000,0.00000,0.00000
258.44000,1.02194,1.00000,0.00000,0.00000,0.00000
258.57999,1.02194,1.00000,0.00000,0.00000,0.00000
258.72000,1.02194,1.00000,0.00000,0.00000,0.00000
258.85999,1.02194,1.00000,0.00000,0.00000,0.00000
259.00000,1.02194,1.00000,0.00000,0.00000,0.00000
259.14001,1.02191,1.00000,0.00000,0.00000,0.00000
259.28000,1.02194,1.00000,0.00000,0.00000,0.00000
259.42001,1.02191,1.00000,0.00000,0.00000,0.00000
259.56000,1.02194,1.00000,0.00000,0.00000,0.00000
259.70001,1.02191,1.00000,0.00000,0.00000,0.00000
259.84000,1.02194,1.00000,0.00000,0.00000,0.00000
259.98001,1.02191,1.00000,0.00000,0.00000,0.00000
260.12000,1.02194,1.00000,0.00000,0.00000,0.00000
260.26001,1.02194,1.00000,0.00000,0.00000,0.00000
260.39999,1.02194,1.00000,0.00000,0.00000,0.00000
260.54001,1.02194,1.00000,0.00000,0.00000,0.00000
260.67999,1.02194,1.00000,0.00000,0.00000,0.00000
260.82001,1.02194,1.00000,0.00000,0.00000,0.00000
260.95999,1.02194,1.00000,0.00000,0.00000,0.00000
261.10001,1.02194,1.00000,0.00000,0.00000,0.00000
261.23999,1.02194,1.00000,0.00000,0.00000,0.00000
261.38000,1.02194,1.00000,0.00000,0.00000,0.00000
261.51999,1.02194,1.00000,0.00000,0.00000,0.00000
261.66000,1.02194,1.00000,0.00000,0.00000,0.00000
261.79999,1.02194,1.00000,0.00000,0.00000,0.00000
261.94000,1.02194,1.00000,0.00000,0.00000,0.00000
262.07999,1.02194,1.00000,0.00000,0.00000,0.00000
262.22000,1.02194,1.00000,0.00000,0.00000,0.00000
262.35999,1.02194,1.00000,0.00000,0.00000,0.00000
262.50000,1.02194,0.99999,0.00000,0.00000,0.00001
262.64001,1.02191,0.99997,0.00000,0.00000,0.00002
262.78000,1.02194,0.99998,0.00000,0.00000,0.00002
262.92001,1.02191,0.99999,0.00000,0.00000,0.00001
263.06000,1.02194,1.00000,0.00000,0.00000,0.00000
263.20001,1.02191,1.00000,0.00000,0.00000,0.00000
263.34000,1.02194,1.00000,0.00000,0.00000,0.00000
263.48001,1.02191,1.00000,0.00000,0.00000,0.00000
263.62000,1.02194,1.00000,0.00000,0.00000,0.00000
263.76001,1.02194,1.00000,0.00000,0.00000,0.00000
263.89999,1.02194,1.00000,0.00000,0.00000,0.00000
264.04001,1.02194,1.00000,0.00000,0.00000,0.00000
264.17999,1.02194,1.00000,0.00000,0.00000,0.00000
264.32001,1.02194,1.00000,0.00000,0.00000,0.00000
264.45999,1.02194,1.00000,0.00000,0.00000,0.00000
264.60001,1.02194,0.99999,0.00000,0.00000,0.00001
264.73999,1.02194,0.99997,0.00000,0.00000,0.00003
264.88000,1.02194,0.99999,0.00000,0.00000,0.00001
265.01999,1.02194,1.00000,0.00000,0.00000,0.00000
265.16000,1.02194,1.00000,0.00000,0.00000,0.00000
265.29999,1.02194,1.00000,0.00000,0.00000,0.00000
265.44000,1.02194,1.00000,0.00000,0.00000,0.00000
265.57999,1.02194,1.00000,0.00000,0.00000,0.00000
265.72000,1.02194,1.00000,0.00000,0.00000,0.00000
265.85999,1.02194,1.00000,0.00000,0.00000,0.00000
266.00000,1.02194,1.00000,0.00000,0.00000,0.00000
266.14001,1.02191,1.00000,0.00000,0.00000,0.00000
266.28000,1.02194,1.00000,0.00000,0.00000,0.00000
266.42001,1.02191,1.00000,0.00000,0.00000,0.00000
266.56000,1.02194,1.00000,0.00000,0.00000,0.00000
266.70001,1.02191,1.00000,0.00000,0.00000,0.00000
266.84000,1.02194,1.00000,0.00000,0.00000,0.00000
266.98001,1.02191,1.00000,0.00000,0.00000,0.00000
267.12000,1.02194,1.00000,0.00000,0.00000,0.00000
267.26001,1.02194,1.00000,0.00000,0.00000,0.00000
267.39999,1.02194,1.00000,0.00000,0.00000,0.00000
267.54001,1.02194,1.00000,0.00000,0.00000,0.00000
267.67999,1.02194,1.00000,0.00000,0.00000,0.00000
267.82001,1.02194,1.00000,0.00000,0.00000,0.00000
267.95999,1.02194,0.99998,0.00000,0.00001,0.00002
268.10001,1.02194,0.99994,0.00000,0.00001,0.00005
268.23999,1.02194,0.99975,0.00000,0.00003,0.00022
268.38000,1.02194,0.99885,0.00000,0.00010,0.00105
268.51999,1.02194,0.99754,0.00000,0.00007,0.00239
268.66000,1.02194,0.99638,0.00000,0.00009,0.00353
268.79999,1.02194,0.99993,0.00000,0.00000,0.00007
268.94000,1.02194,0.99999,0.00000,0.00000,0.00001
269.07999,1.02194,1.00000,0.00000,0.00000,0.00000
269.22000,1.02194,1.00000,0.00000,0.00000,0.00000
269.35999,1.02194,1.00000,0.00000,0.00000,0.00000
269.50000,1.02194,1.00000,0.00000,0.00000,0.00000
269.64001,1.02191,1.00000,0.00000,0.00000,0.00000
269.78000,1.02194,0.99999,0.00000,0.00001,0.00000
269.92001,1.02191,0.99996,0.00000,0.00001,0.00003
270.06000,1.02194,0.99995,0.00000,0.00001,0.00005
270.20001,1.02191,0.99999,0.00000,0.00000,0.00000
270.34000,1.02194,1.00000,0.00000,0.00000,0.00000
270.48001,1.02191,1.00000,0.00000,0.00000,0.00000
270.62000,1.02194,1.00000,0.00000,0.00000,0.00000
270.76001,1.02194,1.00000,0.00000,0.00000,0.00000
270.89999,1.02194,1.00000,0.00000,0.00000,0.00000
271.04001,1.02194,1.00000,0.00000,0.00000,0.00000
271.17999,1.02194,1.00000,0.00000,0.00000,0.00000
271.32001,1.02194,1.00000,0.00000,0.00000,0.00000
271.45999,1.02194,1.00000,0.00000,0.00000,0.00000
271.60001,1.02194,1.00000,0.00000,0.00000,0.00000
271.73999,1.02194,1.00000,0.00000,0.00000,0.00000
271.88000,1.02194,1.00000,0.00000,0.00000,0.00000
272.01999,1.02194,1.00000,0.00000,0.00000,0.00000
272.16000,1.02194,0.99995,0.00000,0.00000,0.00005
272.29999,1.02194,0.99989,0.00000,0.00000,0.00010
272.44000,1.02194,0.99871,0.00000,0.00002,0.00127
272.57999,1.02194,0.99831,0.00000,0.00003,0.00167
272.72000,1.02194,0.99753,0.00000,0.00003,0.00243
272.85999,1.02194,0.99877,0.00000,0.00001,0.00121
273.00000,1.02194,0.99986,0.00000,0.00000,0.00013
273.14001,1.02191,0.99999,0.00000,0.00000,0.00001
273.28000,1.02194,0.99994,0.00000,0.00000,0.00006
273.42001,1.02191,0.99977,0.00000,0.00000,0.00023
273.56000,1.02194,0.99987,0.00000,0.00000,0.00013
273.70001,1.02191,0.99988,0.00000,0.00000,0.00012
273.84000,1.02194,0.99998,0.00000,0.00000,0.00002
273.98001,1.02191,1.00000,0.00000,0.00000,0.00000
274.12000,1.02194,1.00000,0.00000,0.00000,0.00000
274.26001,1.02194,1.00000,0.00000,0.00000,0.00000
274.39999,1.02194,1.00000,0.00000,0.00000,0.00000
274.54001,1.02194,1.00000,0.00000,0.00000,0.00000
274.67999,1.02194,1.00000,0.00000,0.00000,0.00000
274.82001,1.02194,1.00000,0.00000,0.00000,0.00000
274.95999,1.02194,1.00000,0.00000,0.00000,0.00000
275.10001,1.02194,1.00000,0.00000,0.00000,0.00000
275.23999,1.02194,1.00000,0.00000,0.00000,0.00000
275.38000,1.02194,0.99996,0.00000,0.00000,0.00004
275.51999,1.02194,0.99985,0.00000,0.00000,0.00015
275.66000,1.02194,0.99874,0.00000,0.00001,0.00125
275.79999,1.02194,0.98567,0.00000,0.00016,0.01417
275.94000,1.02194,0.91178,0.00000,0.00023,0.08799
276.07999,1.02194,0.93398,0.00000,0.00016,0.06586
276.22000,1.02194,0.99613,0.00000,0.00004,0.00383
276.35999,1.02194,0.99773,0.00000,0.00001,0.00226
276.50000,1.02194,0.99442,0.00000,0.00011,0.00547
276.64001,1.02191,0.99877,0.00000,0.00001,0.00122
276.78000,1.02194,0.99940,0.00000,0.00001,0.00058
276.92001,1.02191,0.99991,0.00000,0.00000,0.00009
277.06000,1.02194,0.99999,0.00000,0.00000,0.00001
277.20001,1.02191,1.00000,0.00000,0.00000,0.00000
277.34000,1.02194,0.99999,0.00000,0.00000,0.00001
277.48001,1.02191,0.99997,0.00000,0.00000,0.00003
277.62000,1.02194,0.99995,0.00000,0.00000,0.00005
277.76001,1.02194,0.99993,0.00000,0.00000,0.00007
277.89999,1.02194,0.99984,0.00000,0.00000,0.00016
278.04001,1.02194,0.99923,0.00000,0.00000,0.00077
278.17999,1.02194,0.99979,0.00000,0.00000,0.00021
278.32001,1.02194,0.99978,0.00000,0.00000,0.00022
278.45999,1.02194,0.99993,0.00000,0.00000,0.00007
278.60001,1.02194,0.99998,0.00000,0.00000,0.00002
278.73999,1.02194,0.99999,0.00000,0.00000,0.00001
278.88000,1.02194,0.99998,0.00000,0.00000,0.00002
279.01999,1.02194,0.99993,0.00000,0.00000,0.00007
279.16000,1.02194,0.99986,0.00000,0.00000,0.00014
279.29999,1.02194,0.99866,0.00000,0.00001,0.00133
279.44000,1.02194,0.99909,0.00000,0.00002,0.00089
279.57999,1.02194,0.99845,0.00000,0.00004,0.00151
279.72000,1.02194,0.99968,0.00000,0.00002,0.00030
279.85999,1.02194,0.99993,0.00000,0.00000,0.00006
280.00000,1.02194,0.99999,0.00000,0.00000,0.00001
280.14001,1.02191,0.99999,0.00000,0.00000,0.00001
280.28000,1.02194,0.99999,0.00000,0.00000,0.00001
280.42001,1.02191,0.99999,0.00000,0.00000,0.00001
280.56000,1.02194,1.00000,0.00000,0.00000,0.00000
280.70001,1.02191,1.00000,0.00000,0.00000,0.00000
280.84000,1.02194,0.99999,0.00000,0.00000,0.00001
280.98001,1.02191,0.99992,0.00000,0.00000,0.00008
281.12000,1.02194,0.99924,0.00000,0.00001,0.00075
281.26001,1.02194,0.99178,0.00000,0.00004,0.00818
281.39999,1.02194,0.91549,0.00000,0.00024,0.08427
281.54001,1.02194,0.84280,0.00001,0.00047,0.15672
281.67999,1.02194,0.92616,0.00000,0.00013,0.07371
281.82001,1.02194,0.99317,0.00000,0.00006,0.00677
281.95999,1.02194,0.99909,0.00000,0.00002,0.00089
282.10001,1.02194,0.99983,0.00000,0.00000,0.00016
282.23999,1.02194,0.99998,0.00000,0.00000,0.00002
282.38000,1.02194,1.00000,0.00000,0.00000,0.00000
282.51999,1.02194,1.00000,0.00000,0.00000,0.00000
282.66000,1.02194,1.00000,0.00000,0.00000,0.00000
282.79999,1.02194,1.00000,0.00000,0.00000,0.00000
282.94000,1.02194,1.00000,0.00000,0.00000,0.00000
283.07999,1.02194,1.00000,0.00000,0.00000,0.00000
283.22000,1.02194,1.00000,0.00000,0.00000,0.00000
283.35999,1.02194,1.00000,0.00000,0.00000,0.00000
283.50000,1.02194,1.00000,0.00000,0.00000,0.00000
283.64001,1.02191,1.00000,0.00000,0.00000,0.00000
283.78000,1.02194,0.99999,0.00000,0.00000,0.00000
283.92001,1.02191,0.99999,0.00000,0.00000,0.00001
284.06000,1.02194,0.99999,0.00000,0.00000,0.00001
284.20001,1.02191,1.00000,0.00000,0.00000,0.00000
284.34000,1.02194,1.00000,0.00000,0.00000,0.00000
284.48001,1.02191,1.00000,0.00000,0.00000,0.00000
284.62000,1.02194,1.00000,0.00000,0.00000,0.00000
284.76001,1.02194,1.00000,0.00000,0.00000,0.00000
284.89999,1.02194,1.00000,0.00000,0.00000,0.00000
285.04001,1.02194,1.00000,0.00000,0.00000,0.00000
285.17999,1.02194,1.00000,0.00000,0.00000,0.00000
285.32001,1.02194,0.99999,0.00000,0.00000,0.00001
285.45999,1.02194,0.99979,0.00000,0.00000,0.00021
285.60001,1.02194,0.99871,0.00000,0.00001,0.00129
285.73999,1.02194,0.99673,0.00000,0.00002,0.00326
285.88000,1.02194,0.99644,0.00000,0.00002,0.00354
286.01999,1.02194,0.99797,0.00000,0.00001,0.00202
286.16000,1.02194,0.99974,0.00000,0.00000,0.00026
286.29999,1.02194,0.99995,0.00000,0.00000,0.00005
286.44000,1.02194,0.99998,0.00000,0.00000,0.00002
286.57999,1.02194,0.99998,0.00000,0.00000,0.00002
286.72000,1.02194,0.99999,0.00000,0.00000,0.00001
286.85999,1.02194,0.99999,0.00000,0.00000,0.00001
287.00000,1.02194,1.00000,0.00000,0.00000,0.00000
287.14001,1.02191,0.99999,0.00000,0.00000,0.00001
287.28000,1.02194,0.99999,0.00000,0.00000,0.00001
287.42001,1.02191,1.00000,0.00000,0.00000,0.00000
287.56000,1.02194,1.00000,0.00000,0.00000,0.00000
287.70001,1.02191,1.00000,0.00000,0.00000,0.00000
287.84000,1.02194,1.00000,0.00000,0.00000,0.00000
287.98001,1.02191,1.00000,0.00000,0.00000,0.00000
288.12000,1.02194,1.00000,0.00000,0.00000,0.00000
288.26001,1.02194,1.00000,0.00000,0.00000,0.00000
288.39999,1.02194,1.00000,0.00000,0.00000,0.00000
288.54001,1.02194,1.00000,0.00000,0.00000,0.00000
288.67999,1.02194,1.00000,0.00000,0.00000,0.00000
288.82001,1.02194,1.00000,0.00000,0.00000,0.00000
288.95999,1.02194,1.00000,0.00000,0.00000,0.00000
289.10001,1.02194,1.00000,0.00000,0.00000,0.00000
289.23999,1.02194,1.00000,0.00000,0.00000,0.00000
289.38000,1.02194,1.00000,0.00000,0.00000,0.00000
289.51999,1.02194,1.00000,0.00000,0.00000,0.00000
289.66000,1.02194,1.00000,0.00000,0.00000,0.00000
289.79999,1.02194,1.00000,0.00000,0.00000,0.00000
289.94000,1.02194,1.00000,0.00000,0.00000,0.00000
290.07999,1.02194,1.00000,0.00000,0.00000,0.00000
290.22000,1.02194,1.00000,0.00000,0.00000,0.00000
290.35999,1.02194,1.00000,0.00000,0.00000,0.00000
290.50000,1.02194,1.00000,0.00000,0.00000,0.00000
290.64001,1.02191,1.00000,0.00000,0.00000,0.00000
290.78000,1.02194,1.00000,0.00000,0.00000,0.00000
290.92001,1.02191,1.00000,0.00000,0.00000,0.00000
291.06000,1.02194,1.00000,0.00000,0.00000,0.00000
291.20001,1.02191,1.00000,0.00000,0.00000,0.00000
291.34000,1.02194,1.00000,0.00000,0.00000,0.00000
291.48001,1.02191,1.00000,0.00000,0.00000,0.00000
291.62000,1.02194,1.00000,0.00000,0.00000,0.00000
291.76001,1.02194,1.00000,0.00000,0.00000,0.00000
291.89999,1.02194,1.00000,0.00000,0.00000,0.00000
292.04001,1.02194,1.00000,0.00000,0.00000,0.00000
292.17999,1.02194,1.00000,0.00000,0.00000,0.00000
292.32001,1.02194,1.00000,0.00000,0.00000,0.00000
292.45999,1.02194,1.00000,0.00000,0.00000,0.00000
292.60001,1.02194,1.00000,0.00000,0.00000,0.00000
292.73999,1.02194,0.99999,0.00000,0.00000,0.00001
292.88000,1.02194,0.99996,0.00000,0.00000,0.00003
293.01999,1.02194,0.99999,0.00000,0.00000,0.00001
293.16000,1.02194,0.99999,0.00000,0.00000,0.00001
293.29999,1.02194,0.99999,0.00000,0.00000,0.00001
293.44000,1.02194,1.00000,0.00000,0.00000,0.00000
293.57999,1.02194,1.00000,0.00000,0.00000,0.00000
293.72000,1.02194,1.00000,0.00000,0.00000,0.00000
293.85999,1.02194,1.00000,0.00000,0.00000,0.00000
294.00000,1.02194,1.00000,0.00000,0.00000,0.00000
294.14001,1.02191,1.00000,0.00000,0.00000,0.00000
294.28000,1.02194,1.00000,0.00000,0.00000,0.00000
294.42001,1.02191,1.00000,0.00000,0.00000,0.00000
294.56000,1.02194,1.00000,0.00000,0.00000,0.00000
294.70001,1.02191,1.00000,0.00000,0.00000,0.00000
294.84000,1.02194,1.00000,0.00000,0.00000,0.00000
294.98001,1.02191,1.00000,0.00000,0.00000,0.00000
295.12000,1.02194,1.00000,0.00000,0.00000,0.00000
295.26001,1.02194,1.00000,0.00000,0.00000,0.00000
295.39999,1.02194,1.00000,0.00000,0.00000,0.00000
295.54001,1.02194,1.00000,0.00000,0.00000,0.00000
295.67999,1.02194,1.00000,0.00000,0.00000,0.00000
295.82001,1.02194,1.00000,0.00000,0.00000,0.00000
295.95999,1.02194,1.00000,0.00000,0.00000,0.00000
296.10001,1.02194,1.00000,0.00000,0.00000,0.00000
296.23999,1.02194,1.00000,0.00000,0.00000,0.00000
296.38000,1.02194,1.00000,0.00000,0.00000,0.00000
296.51999,1.02194,1.00000,0.00000,0.00000,0.00000
296.66000,1.02194,1.00000,0.00000,0.00000,0.00000
296.79999,1.02194,1.00000,0.00000,0.00000,0.00000
296.94000,1.02194,1.00000,0.00000,0.00000,0.00000
297.07999,1.02194,1.00000,0.00000,0.00000,0.00000
297.22000,1.02194,1.00000,0.00000,0.00000,0.00000
297.35999,1.02194,1.00000,0.00000,0.00000,0.00000
297.50000,1.02194,1.00000,0.00000,0.00000,0.00000
297.64001,1.02191,1.00000,0.00000,0.00000,0.00000
297.78000,1.02194,1.00000,0.00000,0.00000,0.00000
297.92001,1.02191,1.00000,0.00000,0.00000,0.00000
298.06000,1.02194,0.99997,0.00000,0.00000,0.00003
298.20001,1.02191,0.99994,0.00000,0.00000,0.00006
298.34000,1.02194,0.99992,0.00000,0.00000,0.00008
298.48001,1.02191,0.99998,0.00000,0.00000,0.00002
298.62000,1.02194,1.00000,0.00000,0.00000,0.00000
298.76001,1.02194,1.00000,0.00000,0.00000,0.00000
298.89999,1.02194,1.00000,0.00000,0.00000,0.00000
299.04001,1.02194,1.00000,0.00000,0.00000,0.00000
299.17999,1.02194,1.00000,0.00000,0.00000,0.00000
299.32001,1.02194,1.00000,0.00000,0.00000,0.00000
299.45999,1.02194,1.00000,0.00000,0.00000,0.00000
299.60001,1.02194,1.00000,0.00000,0.00000,0.00000
299.73999,1.02194,1.00000,0.00000,0.00000,0.00000
299.88000,1.02194,1.00000,0.00000,0.00000,0.00000
300.01999,1.02194,1.00000,0.00000,0.00000,0.00000
300.16000,1.02194,1.00000,0.00000,0.00000,0.00000
300.29999,1.02194,1.00000,0.00000,0.00000,0.00000
300.44000,1.02194,1.00000,0.00000,0.00000,0.00000
300.57999,1.02194,1.00000,0.00000,0.00000,0.00000
300.72000,1.02194,1.00000,0.00000,0.00000,0.00000
300.85999,1.02194,1.00000,0.00000,0.00000,0.00000
301.00000,1.02194,1.00000,0.00000,0.00000,0.00000
301.14001,1.02191,1.00000,0.00000,0.00000,0.00000
301.28000,1.02194,1.00000,0.00000,0.00000,0.00000
301.42001,1.02191,0.99999,0.00000,0.00000,0.00001
301.56000,1.02194,0.99999,0.00000,0.00000,0.00000
301.70001,1.02191,1.00000,0.00000,0.00000,0.00000
301.84000,1.02194,1.00000,0.00000,0.00000,0.00000
301.98001,1.02191,1.00000,0.00000,0.00000,0.00000
302.12000,1.02194,1.00000,0.00000,0.00000,0.00000
302.26001,1.02194,1.00000,0.00000,0.00000,0.00000
302.39999,1.02194,1.00000,0.00000,0.00000,0.00000
302.54001,1.02194,1.00000,0.00000,0.00000,0.00000
302.67999,1.02194,1.00000,0.00000,0.00000,0.00000
302.82001,1.02194,1.00000,0.00000,0.00000,0.00000
302.95999,1.02194,1.00000,0.00000,0.00000,0.00000
303.10001,1.02194,1.00000,0.00000,0.00000,0.00000
303.23999,1.02194,1.00000,0.00000,0.00000,0.00000
303.38000,1.02194,0.99999,0.00000,0.00000,0.00001
303.51999,1.02194,0.99999,0.00000,0.00000,0.00000
303.66000,1.02194,1.00000,0.00000,0.00000,0.00000
303.79999,1.02194,1.00000,0.00000,0.00000,0.00000
303.94000,1.02194,1.00000,0.00000,0.00000,0.00000
304.07999,1.02194,1.00000,0.00000,0.00000,0.00000
304.22000,1.02194,1.00000,0.00000,0.00000,0.00000
304.35999,1.02194,1.00000,0.00000,0.00000,0.00000
304.50000,1.02194,1.00000,0.00000,0.00000,0.00000
304.64001,1.02191,0.99999,0.00000,0.00000,0.00001
304.78000,1.02194,0.99998,0.00000,0.00000,0.00002
304.92001,1.02191,0.99998,0.00000,0.00000,0.00002
305.06000,1.02194,0.99999,0.00000,0.00000,0.00001
305.20001,1.02191,1.00000,0.00000,0.00000,0.00000
305.34000,1.02194,1.00000,0.00000,0.00000,0.00000
305.48001,1.02191,1.00000,0.00000,0.00000,0.00000
305.62000,1.02194,0.99998,0.00000,0.00000,0.00001
305.76001,1.02194,0.99989,0.00000,0.00001,0.00010
305.89999,1.02194,0.99965,0.00000,0.00001,0.00034
306.04001,1.02194,0.99887,0.00000,0.00001,0.00112
306.17999,1.02194,0.99954,0.00000,0.00001,0.00045
306.32001,1.02194,0.99955,0.00000,0.00001,0.00045
306.45999,1.02194,0.99996,0.00000,0.00000,0.00004
306.60001,1.02194,0.99999,0.00000,0.00000,0.00000
306.73999,1.02194,0.99999,0.00000,0.00000,0.00001
306.88000,1.02194,0.99999,0.00000,0.00000,0.00001
307.01999,1.02194,0.99997,0.00000,0.00000,0.00003
307.16000,1.02194,0.99998,0.00000,0.00000,0.00002
307.29999,1.02194,0.99999,0.00000,0.00000,0.00001
307.44000,1.02194,0.99999,0.00000,0.00000,0.00001
307.57999,1.02194,0.99998,0.00000,0.00000,0.00002
307.72000,1.02194,1.00000,0.00000,0.00000,0.00000
307.85999,1.02194,1.00000,0.00000,0.00000,0.00000
308.00000,1.02194,1.00000,0.00000,0.00000,0.00000
308.14001,1.02191,1.00000,0.00000,0.00000,0.00000
308.28000,1.02194,1.00000,0.00000,0.00000,0.00000
308.42001,1.02191,1.00000,0.00000,0.00000,0.00000
308.56000,1.02194,1.00000,0.00000,0.00000,0.00000
308.70001,1.02191,1.00000,0.00000,0.00000,0.00000
308.84000,1.02194,1.00000,0.00000,0.00000,0.00000
308.98001,1.02191,1.00000,0.00000,0.00000,0.00000
309.12000,1.02194,1.00000,0.00000,0.00000,0.00000
309.26001,1.02194,1.00000,0.00000,0.00000,0.00000
309.39999,1.02194,1.00000,0.00000,0.00000,0.00000
309.54001,1.02194,0.99999,0.00000,0.00000,0.00001
309.67999,1.02194,0.99998,0.00000,0.00000,0.00002
309.82001,1.02194,0.99999,0.00000,0.00000,0.00001
309.95999,1.02194,0.99999,0.00000,0.00000,0.00000
310.10001,1.02194,1.00000,0.00000,0.00000,0.00000
310.23999,1.02194,1.00000,0.00000,0.00000,0.00000
310.38000,1.02194,1.00000,0.00000,0.00000,0.00000
310.51999,1.02194,1.00000,0.00000,0.00000,0.00000
310.66000,1.02194,1.00000,0.00000,0.00000,0.00000
310.79999,1.02194,1.00000,0.00000,0.00000,0.00000
310.94000,1.02194,1.00000,0.00000,0.00000,0.00000
311.07999,1.02194,1.00000,0.00000,0.00000,0.00000
311.22000,1.02194,1.00000,0.00000,0.00000,0.00000
311.35999,1.02194,1.00000,0.00000,0.00000,0.00000
311.50000,1.02194,1.00000,0.00000,0.00000,0.00000
311.64001,1.02191,1.00000,0.00000,0.00000,0.00000
311.78000,1.02194,1.00000,0.00000,0.00000,0.00000
311.92001,1.02191,1.00000,0.00000,0.00000,0.00000
312.06000,1.02194,1.00000,0.00000,0.00000,0.00000
312.20001,1.02191,1.00000,0.00000,0.00000,0.00000
312.34000,1.02194,1.00000,0.00000,0.00000,0.00000
312.48001,1.02191,1.00000,0.00000,0.00000,0.00000
312.62000,1.02194,1.00000,0.00000,0.00000,0.00000
312.76001,1.02194,1.00000,0.00000,0.00000,0.00000
312.89999,1.02194,1.00000,0.00000,0.00000,0.00000
313.04001,1.02194,1.00000,0.00000,0.00000,0.00000
313.17999,1.02194,1.00000,0.00000,0.00000,0.00000
313.32001,1.02194,1.00000,0.00000,0.00000,0.00000
313.45999,1.02194,1.00000,0.00000,0.00000,0.00000
313.60001,1.02194,1.00000,0.00000,0.00000,0.00000
313.73999,1.02194,1.00000,0.00000,0.00000,0.00000
313.88000,1.02194,1.00000,0.00000,0.00000,0.00000
314.01999,1.02194,1.00000,0.00000,0.00000,0.00000
314.16000,1.02194,1.00000,0.00000,0.00000,0.00000
314.29999,1.02194,1.00000,0.00000,0.00000,0.00000
314.44000,1.02194,1.00000,0.00000,0.00000,0.00000
314.57999,1.02194,1.00000,0.00000,0.00000,0.00000
314.72000,1.02194,1.00000,0.00000,0.00000,0.00000
314.85999,1.02194,1.00000,0.00000,0.00000,0.00000
315.00000,1.02194,1.00000,0.00000,0.00000,0.00000
315.14001,1.02191,1.00000,0.00000,0.00000,0.00000
315.28000,1.02194,1.00000,0.00000,0.00000,0.00000
315.42001,1.02191,1.00000,0.00000,0.00000,0.00000
315.56000,1.02194,1.00000,0.00000,0.00000,0.00000
315.70001,1.02191,1.00000,0.00000,0.00000,0.00000
315.84000,1.02194,1.00000,0.00000,0.00000,0.00000
315.98001,1.02191,1.00000,0.00000,0.00000,0.00000
316.12000,1.02194,1.00000,0.00000,0.00000,0.00000
316.26001,1.02194,1.00000,0.00000,0.00000,0.00000
316.39999,1.02194,1.00000,0.00000,0.00000,0.00000
316.54001,1.02194,1.00000,0.00000,0.00000,0.00000
316.67999,1.02194,1.00000,0.00000,0.00000,0.00000
316.82001,1.02194,1.00000,0.00000,0.00000,0.00000
316.95999,1.02194,1.00000,0.00000,0.00000,0.00000
317.10001,1.02194,1.00000,0.00000,0.00000,0.00000
317.23999,1.02194,1.00000,0.00000,0.00000,0.00000
317.38000,1.02194,1.00000,0.00000,0.00000,0.00000
317.51999,1.02194,1.00000,0.00000,0.00000,0.00000
317.66000,1.02194,1.00000,0.00000,0.00000,0.00000
317.79999,1.02194,1.00000,0.00000,0.00000,0.00000
317.94000,1.02194,0.99999,0.00000,0.00000,0.00001
318.07999,1.02194,0.99997,0.00000,0.00000,0.00002
318.22000,1.02194,0.99997,0.00000,0.00000,0.00003
318.35999,1.02194,0.99991,0.00000,0.00000,0.00009
318.50000,1.02194,0.99998,0.00000,0.00000,0.00002
318.64001,1.02191,1.00000,0.00000,0.00000,0.00000
318.78000,1.02194,1.00000,0.00000,0.00000,0.00000
318.92001,1.02191,1.00000,0.00000,0.00000,0.00000
319.06000,1.02194,1.00000,0.00000,0.00000,0.00000
319.20001,1.02191,1.00000,0.00000,0.00000,0.00000
319.34000,1.02194,1.00000,0.00000,0.00000,0.00000
319.48001,1.02191,1.00000,0.00000,0.00000,0.00000
319.62000,1.02194,1.00000,0.00000,0.00000,0.00000
319.76001,1.02194,1.00000,0.00000,0.00000,0.00000
319.89999,1.02194,1.00000,0.00000,0.00000,0.00000
320.04001,1.02194,1.00000,0.00000,0.00000,0.00000
320.17999,1.02194,1.00000,0.00000,0.00000,0.00000
320.32001,1.02194,1.00000,0.00000,0.00000,0.00000
320.45999,1.02194,1.00000,0.00000,0.00000,0.00000
320.60001,1.02194,1.00000,0.00000,0.00000,0.00000
320.73999,1.02194,1.00000,0.00000,0.00000,0.00000
320.88000,1.02194,1.00000,0.00000,0.00000,0.00000
321.01999,1.02194,1.00000,0.00000,0.00000,0.00000
321.16000,1.02194,1.00000,0.00000,0.00000,0.00000
321.29999,1.02194,1.00000,0.00000,0.00000,0.00000
321.44000,1.02194,1.00000,0.00000,0.00000,0.00000
321.57999,1.02194,1.00000,0.00000,0.00000,0.00000
321.72000,1.02194,1.00000,0.00000,0.00000,0.00000
321.85999,1.02194,1.00000,0.00000,0.00000,0.00000
322.00000,1.02194,1.00000,0.00000,0.00000,0.00000
322.14001,1.02191,1.00000,0.00000,0.00000,0.00000
322.28000,1.02194,1.00000,0.00000,0.00000,0.00000
322.42001,1.02191,1.00000,0.00000,0.00000,0.00000
322.56000,1.02194,1.00000,0.00000,0.00000,0.00000
322.70001,1.02191,1.00000,0.00000,0.00000,0.00000
322.84000,1.02194,1.00000,0.00000,0.00000,0.00000
322.98001,1.02191,1.00000,0.00000,0.00000,0.00000
323.12000,1.02194,1.00000,0.00000,0.00000,0.00000
323.26001,1.02194,1.00000,0.00000,0.00000,0.00000
323.39999,1.02194,1.00000,0.00000,0.00000,0.00000
323.54001,1.02194,1.00000,0.00000,0.00000,0.00000
323.67999,1.02194,1.00000,0.00000,0.00000,0.00000
323.82001,1.02194,1.00000,0.00000,0.00000,0.00000
323.95999,1.02194,1.00000,0.00000,0.00000,0.00000
324.10001,1.02194,1.00000,0.00000,0.00000,0.00000
324.23999,1.02194,1.00000,0.00000,0.00000,0.00000
324.38000,1.02194,1.00000,0.00000,0.00000,0.00000
324.51999,1.02194,1.00000,0.00000,0.00000,0.00000
324.66000,1.02194,1.00000,0.00000,0.00000,0.00000
324.79999,1.02194,1.00000,0.00000,0.00000,0.00000
324.94000,1.02194,1.00000,0.00000,0.00000,0.00000
325.07999,1.02194,1.00000,0.00000,0.00000,0.00000
325.22000,1.02194,1.00000,0.00000,0.00000,0.00000
325.35999,1.02194,1.00000,0.00000,0.00000,0.00000
325.50000,1.02194,1.00000,0.00000,0.00000,0.00000
325.64001,1.02191,1.00000,0.00000,0.00000,0.00000
325.78000,1.02194,1.00000,0.00000,0.00000,0.00000
325.92001,1.02191,1.00000,0.00000,0.00000,0.00000
326.06000,1.02194,1.00000,0.00000,0.00000,0.00000
326.20001,1.02191,1.00000,0.00000,0.00000,0.00000
326.34000,1.02194,1.00000,0.00000,0.00000,0.00000
326.48001,1.02191,1.00000,0.00000,0.00000,0.00000
326.62000,1.02194,1.00000,0.00000,0.00000,0.00000
326.76001,1.02194,1.00000,0.00000,0.00000,0.00000
326.89999,1.02194,1.00000,0.00000,0.00000,0.00000
327.04001,1.02194,1.00000,0.00000,0.00000,0.00000
327.17999,1.02194,1.00000,0.00000,0.00000,0.00000
327.32001,1.02194,1.00000,0.00000,0.00000,0.00000
327.45999,1.02194,1.00000,0.00000,0.00000,0.00000
327.60001,1.02194,1.00000,0.00000,0.00000,0.00000
327.73999,1.02194,1.00000,0.00000,0.00000,0.00000
327.88000,1.02194,1.00000,0.00000,0.00000,0.00000
328.01999,1.02194,1.00000,0.00000,0.00000,0.00000
328.16000,1.02194,1.00000,0.00000,0.00000,0.00000
328.29999,1.02194,1.00000,0.00000,0.00000,0.00000
328.44000,1.02194,1.00000,0.00000,0.00000,0.00000
328.57999,1.02194,1.00000,0.00000,0.00000,0.00000
328.72000,1.02194,1.00000,0.00000,0.00000,0.00000
328.85999,1.02194,1.00000,0.00000,0.00000,0.00000
329.00000,1.02194,1.00000,0.00000,0.00000,0.00000
329.14001,1.02191,1.00000,0.00000,0.00000,0.00000
329.28000,1.02194,1.00000,0.00000,0.00000,0.00000
329.42001,1.02191,1.00000,0.00000,0.00000,0.00000
329.56000,1.02194,1.00000,0.00000,0.00000,0.00000
329.70001,1.02191,1.00000,0.00000,0.00000,0.00000
329.84000,1.02194,1.00000,0.00000,0.00000,0.00000
329.98001,1.02191,1.00000,0.00000,0.00000,0.00000
330.12000,1.02194,0.99999,0.00000,0.00000,0.00001
330.26001,1.02194,1.00000,0.00000,0.00000,0.00000
330.39999,1.02194,1.00000,0.00000,0.00000,0.00000
330.54001,1.02194,1.00000,0.00000,0.00000,0.00000
330.67999,1.02194,1.00000,0.00000,0.00000,0.00000
330.82001,1.02194,1.00000,0.00000,0.00000,0.00000
330.95999,1.02194,1.00000,0.00000,0.00000,0.00000
331.10001,1.02194,1.00000,0.00000,0.00000,0.00000
331.23999,1.02194,1.00000,0.00000,0.00000,0.00000
331.38000,1.02194,1.00000,0.00000,0.00000,0.00000
331.51999,1.02194,1.00000,0.00000,0.00000,0.00000
331.66000,1.02194,1.00000,0.00000,0.00000,0.00000
331.79999,1.02194,1.00000,0.00000,0.00000,0.00000
331.94000,1.02194,1.00000,0.00000,0.00000,0.00000
332.07999,1.02194,1.00000,0.00000,0.00000,0.00000
332.22000,1.02194,1.00000,0.00000,0.00000,0.00000
332.35999,1.02194,1.00000,0.00000,0.00000,0.00000
332.50000,1.02194,1.00000,0.00000,0.00000,0.00000
332.64001,1.02191,1.00000,0.00000,0.00000,0.00000
332.78000,1.02194,1.00000,0.00000,0.00000,0.00000
332.92001,1.02191,1.00000,0.00000,0.00000,0.00000
333.06000,1.02194,1.00000,0.00000,0.00000,0.00000
333.20001,1.02191,1.00000,0.00000,0.00000,0.00000
333.34000,1.02194,1.00000,0.00000,0.00000,0.00000
333.48001,1.02191,1.00000,0.00000,0.00000,0.00000
333.62000,1.02194,1.00000,0.00000,0.00000,0.00000
333.76001,1.02194,1.00000,0.00000,0.00000,0.00000
333.89999,1.02194,1.00000,0.00000,0.00000,0.00000
334.04001,1.02194,1.00000,0.00000,0.00000,0.00000
334.17999,1.02194,1.00000,0.00000,0.00000,0.00000
334.32001,1.02194,1.00000,0.00000,0.00000,0.00000
334.45999,1.02194,1.00000,0.00000,0.00000,0.00000
334.60001,1.02194,1.00000,0.00000,0.00000,0.00000
334.73999,1.02194,1.00000,0.00000,0.00000,0.00000
334.88000,1.02194,1.00000,0.00000,0.00000,0.00000
335.01999,1.02194,1.00000,0.00000,0.00000,0.00000
335.16000,1.02194,1.00000,0.00000,0.00000,0.00000
335.29999,1.02194,1.00000,0.00000,0.00000,0.00000
335.44000,1.02194,1.00000,0.00000,0.00000,0.00000
335.57999,1.02194,1.00000,0.00000,0.00000,0.00000
335.72000,1.02194,1.00000,0.00000,0.00000,0.00000
335.85999,1.02194,1.00000,0.00000,0.00000,0.00000
336.00000,1.02194,1.00000,0.00000,0.00000,0.00000
336.14001,1.02191,1.00000,0.00000,0.00000,0.00000
336.28000,1.02194,1.00000,0.00000,0.00000,0.00000
336.42001,1.02191,1.00000,0.00000,0.00000,0.00000
336.56000,1.02194,1.00000,0.00000,0.00000,0.00000
336.70001,1.02191,1.00000,0.00000,0.00000,0.00000
336.84000,1.02194,1.00000,0.00000,0.00000,0.00000
336.98001,1.02191,1.00000,0.00000,0.00000,0.00000
337.12000,1.02194,1.00000,0.00000,0.00000,0.00000
337.26001,1.02194,1.00000,0.00000,0.00000,0.00000
337.39999,1.02194,1.00000,0.00000,0.00000,0.00000
337.54001,1.02194,1.00000,0.00000,0.00000,0.00000
337.67999,1.02194,1.00000,0.00000,0.00000,0.00000
337.82001,1.02194,1.00000,0.00000,0.00000,0.00000
337.95999,1.02194,1.00000,0.00000,0.00000,0.00000
338.10001,1.02194,1.00000,0.00000,0.00000,0.00000
338.23999,1.02194,1.00000,0.00000,0.00000,0.00000
338.38000,1.02194,1.00000,0.00000,0.00000,0.00000
338.51999,1.02194,1.00000,0.00000,0.00000,0.00000
338.66000,1.02194,1.00000,0.00000,0.00000,0.00000
338.79999,1.02194,1.00000,0.00000,0.00000,0.00000
338.94000,1.02194,1.00000,0.00000,0.00000,0.00000
339.07999,1.02194,1.00000,0.00000,0.00000,0.00000
339.22000,1.02194,1.00000,0.00000,0.00000,0.00000
339.35999,1.02194,1.00000,0.00000,0.00000,0.00000
339.50000,1.02194,1.00000,0.00000,0.00000,0.00000
339.64001,1.02191,1.00000,0.00000,0.00000,0.00000
339.78000,1.02194,1.00000,0.00000,0.00000,0.00000
339.92001,1.02191,1.00000,0.00000,0.00000,0.00000
340.06000,1.02194,1.00000,0.00000,0.00000,0.00000
340.20001,1.02191,1.00000,0.00000,0.00000,0.00000
340.34000,1.02194,1.00000,0.00000,0.00000,0.00000
340.48001,1.02191,1.00000,0.00000,0.00000,0.00000
340.62000,1.02194,1.00000,0.00000,0.00000,0.00000
340.76001,1.02194,1.00000,0.00000,0.00000,0.00000
340.89999,1.02194,1.00000,0.00000,0.00000,0.00000
341.04001,1.02194,1.00000,0.00000,0.00000,0.00000
341.17999,1.02194,1.00000,0.00000,0.00000,0.00000
341.32001,1.02194,1.00000,0.00000,0.00000,0.00000
341.45999,1.02194,1.00000,0.00000,0.00000,0.00000
341.60001,1.02194,1.00000,0.00000,0.00000,0.00000
341.73999,1.02194,1.00000,0.00000,0.00000,0.00000
341.88000,1.02194,1.00000,0.00000,0.00000,0.00000
342.01999,1.02194,1.00000,0.00000,0.00000,0.00000
342.16000,1.02194,1.00000,0.00000,0.00000,0.00000
342.29999,1.02194,1.00000,0.00000,0.00000,0.00000
342.44000,1.02194,1.00000,0.00000,0.00000,0.00000
342.57999,1.02194,1.00000,0.00000,0.00000,0.00000
342.72000,1.02194,1.00000,0.00000,0.00000,0.00000
342.85999,1.02194,1.00000,0.00000,0.00000,0.00000
343.00000,1.02194,1.00000,0.00000,0.00000,0.00000
343.14001,1.02191,1.00000,0.00000,0.00000,0.00000
343.28000,1.02194,1.00000,0.00000,0.00000,0.00000
343.42001,1.02191,1.00000,0.00000,0.00000,0.00000
343.56000,1.02194,1.00000,0.00000,0.00000,0.00000
343.70001,1.02191,1.00000,0.00000,0.00000,0.00000
343.84000,1.02194,1.00000,0.00000,0.00000,0.00000
343.98001,1.02191,1.00000,0.00000,0.00000,0.00000
344.12000,1.02194,1.00000,0.00000,0.00000,0.00000
344.26001,1.02194,1.00000,0.00000,0.00000,0.00000
344.39999,1.02194,0.99999,0.00000,0.00000,0.00001
344.54001,1.02194,0.99997,0.00000,0.00000,0.00003
344.67999,1.02194,0.99998,0.00000,0.00000,0.00002
344.82001,1.02194,0.99999,0.00000,0.00000,0.00001
344.95999,1.02194,1.00000,0.00000,0.00000,0.00000
345.10001,1.02194,1.00000,0.00000,0.00000,0.00000
345.23999,1.02194,1.00000,0.00000,0.00000,0.00000
345.38000,1.02194,1.00000,0.00000,0.00000,0.00000
345.51999,1.02194,1.00000,0.00000,0.00000,0.00000
345.66000,1.02194,1.00000,0.00000,0.00000,0.00000
345.79999,1.02194,1.00000,0.00000,0.00000,0.00000
345.94000,1.02194,1.00000,0.00000,0.00000,0.00000
346.07999,1.02194,1.00000,0.00000,0.00000,0.00000
346.22000,1.02194,1.00000,0.00000,0.00000,0.00000
346.35999,1.02194,1.00000,0.00000,0.00000,0.00000
346.50000,1.02194,1.00000,0.00000,0.00000,0.00000
346.64001,1.02191,1.00000,0.00000,0.00000,0.00000
346.78000,1.02194,1.00000,0.00000,0.00000,0.00000
346.92001,1.02191,1.00000,0.00000,0.00000,0.00000
347.06000,1.02194,1.00000,0.00000,0.00000,0.00000
347.20001,1.02191,1.00000,0.00000,0.00000,0.00000
347.34000,1.02194,1.00000,0.00000,0.00000,0.00000
347.48001,1.02191,1.00000,0.00000,0.00000,0.00000
347.62000,1.02194,1.00000,0.00000,0.00000,0.00000
347.76001,1.02194,1.00000,0.00000,0.00000,0.00000
347.89999,1.02194,1.00000,0.00000,0.00000,0.00000
348.04001,1.02194,1.00000,0.00000,0.00000,0.00000
348.17999,1.02194,1.00000,0.00000,0.00000,0.00000
348.32001,1.02194,1.00000,0.00000,0.00000,0.00000
348.45999,1.02194,1.00000,0.00000,0.00000,0.00000
348.60001,1.02194,1.00000,0.00000,0.00000,0.00000
348.73999,1.02194,1.00000,0.00000,0.00000,0.00000
348.88000,1.02194,1.00000,0.00000,0.00000,0.00000
349.01999,1.02194,1.00000,0.00000,0.00000,0.00000
349.16000,1.02194,1.00000,0.00000,0.00000,0.00000
349.29999,1.02194,1.00000,0.00000,0.00000,0.00000
349.44000,1.02194,1.00000,0.00000,0.00000,0.00000
349.57999,1.02194,1.00000,0.00000,0.00000,0.00000
349.72000,1.02194,1.00000,0.00000,0.00000,0.00000
349.85999,1.02194,1.00000,0.00000,0.00000,0.00000
350.00000,1.02194,1.00000,0.00000,0.00000,0.00000
350.14001,1.02191,1.00000,0.00000,0.00000,0.00000
350.28000,1.02194,1.00000,0.00000,0.00000,0.00000
350.42001,1.02191,1.00000,0.00000,0.00000,0.00000
350.56000,1.02194,1.00000,0.00000,0.00000,0.00000
350.70001,1.02191,1.00000,0.00000,0.00000,0.00000
350.84000,1.02194,1.00000,0.00000,0.00000,0.00000
350.98001,1.02191,1.00000,0.00000,0.00000,0.00000
351.12000,1.02194,1.00000,0.00000,0.00000,0.00000
351.26001,1.02194,1.00000,0.00000,0.00000,0.00000
351.39999,1.02194,1.00000,0.00000,0.00000,0.00000
351.54001,1.02194,1.00000,0.00000,0.00000,0.00000
351.67999,1.02194,1.00000,0.00000,0.00000,0.00000
351.82001,1.02194,1.00000,0.00000,0.00000,0.00000
351.95999,1.02194,1.00000,0.00000,0.00000,0.00000
352.10001,1.02194,1.00000,0.00000,0.00000,0.00000
352.23999,1.02194,1.00000,0.00000,0.00000,0.00000
352.38000,1.02194,1.00000,0.00000,0.00000,0.00000
352.51999,1.02194,1.00000,0.00000,0.00000,0.00000
352.66000,1.02194,1.00000,0.00000,0.00000,0.00000
352.79999,1.02194,1.00000,0.00000,0.00000,0.00000
352.94000,1.02194,1.00000,0.00000,0.00000,0.00000
353.07999,1.02194,1.00000,0.00000,0.00000,0.00000
353.22000,1.02194,1.00000,0.00000,0.00000,0.00000
353.35999,1.02194,1.00000,0.00000,0.00000,0.00000
353.50000,1.02194,1.00000,0.00000,0.00000,0.00000
353.64001,1.02191,1.00000,0.00000,0.00000,0.00000
353.78000,1.02194,1.00000,0.00000,0.00000,0.00000
353.92001,1.02191,1.00000,0.00000,0.00000,0.00000
354.06000,1.02194,1.00000,0.00000,0.00000,0.00000
354.20001,1.02191,1.00000,0.00000,0.00000,0.00000
354.34000,1.02194,1.00000,0.00000,0.00000,0.00000
354.48001,1.02191,1.00000,0.00000,0.00000,0.00000
354.62000,1.02194,1.00000,0.00000,0.00000,0.00000
354.76001,1.02194,1.00000,0.00000,0.00000,0.00000
354.89999,1.02194,1.00000,0.00000,0.00000,0.00000
355.04001,1.02194,1.00000,0.00000,0.00000,0.00000
355.17999,1.02194,1.00000,0.00000,0.00000,0.00000
355.32001,1.02194,1.00000,0.00000,0.00000,0.00000
355.45999,1.02194,1.00000,0.00000,0.00000,0.00000
355.60001,1.02194,1.00000,0.00000,0.00000,0.00000
355.73999,1.02194,1.00000,0.00000,0.00000,0.00000
355.88000,1.02194,1.00000,0.00000,0.00000,0.00000
356.01999,1.02194,1.00000,0.00000,0.00000,0.00000
356.16000,1.02194,1.00000,0.00000,0.00000,0.00000
356.29999,1.02194,1.00000,0.00000,0.00000,0.00000
356.44000,1.02194,1.00000,0.00000,0.00000,0.00000
356.57999,1.02194,1.00000,0.00000,0.00000,0.00000
356.72000,1.02194,1.00000,0.00000,0.00000,0.00000
356.85999,1.02194,1.00000,0.00000,0.00000,0.00000
357.00000,1.02194,1.00000,0.00000,0.00000,0.00000
357.14001,1.02191,1.00000,0.00000,0.00000,0.00000
357.28000,1.02194,1.00000,0.00000,0.00000,0.00000
357.42001,1.02191,1.00000,0.00000,0.00000,0.00000
357.56000,1.02194,1.00000,0.00000,0.00000,0.00000
357.70001,1.02191,1.00000,0.00000,0.00000,0.00000
357.84000,1.02194,1.00000,0.00000,0.00000,0.00000
357.98001,1.02191,1.00000,0.00000,0.00000,0.00000
358.12000,1.02194,1.00000,0.00000,0.00000,0.00000
358.26001,1.02194,1.00000,0.00000,0.00000,0.00000
358.39999,1.02194,1.00000,0.00000,0.00000,0.00000
358.54001,1.02194,1.00000,0.00000,0.00000,0.00000
358.67999,1.02194,1.00000,0.00000,0.00000,0.00000
358.82001,1.02194,1.00000,0.00000,0.00000,0.00000
358.95999,1.02194,1.00000,0.00000,0.00000,0.00000
359.10001,1.02194,1.00000,0.00000,0.00000,0.00000
359.23999,1.02194,1.00000,0.00000,0.00000,0.00000
359.38000,1.02194,1.00000,0.00000,0.00000,0.00000
359.51999,1.02194,1.00000,0.00000,0.00000,0.00000
359.66000,1.02194,1.00000,0.00000,0.00000,0.00000
359.79999,1.02194,1.00000,0.00000,0.00000,0.00000
359.94000,1.02194,1.00000,0.00000,0.00000,0.00000
360.07999,1.02194,1.00000,0.00000,0.00000,0.00000
360.22000,1.02194,1.00000,0.00000,0.00000,0.00000
360.35999,1.02194,1.00000,0.00000,0.00000,0.00000
360.50000,1.02194,1.00000,0.00000,0.00000,0.00000
360.64001,1.02191,1.00000,0.00000,0.00000,0.00000
360.78000,1.02194,1.00000,0.00000,0.00000,0.00000
360.92001,1.02191,1.00000,0.00000,0.00000,0.00000
361.06000,1.02194,1.00000,0.00000,0.00000,0.00000
361.20001,1.02191,1.00000,0.00000,0.00000,0.00000
361.34000,1.02194,1.00000,0.00000,0.00000,0.00000
361.48001,1.02191,1.00000,0.00000,0.00000,0.00000
361.62000,1.02194,1.00000,0.00000,0.00000,0.00000
361.76001,1.02194,1.00000,0.00000,0.00000,0.00000
361.89999,1.02194,1.00000,0.00000,0.00000,0.00000
362.04001,1.02194,1.00000,0.00000,0.00000,0.00000
362.17999,1.02194,1.00000,0.00000,0.00000,0.00000
362.32001,1.02194,1.00000,0.00000,0.00000,0.00000
362.45999,1.02194,1.00000,0.00000,0.00000,0.00000
362.60001,1.02194,1.00000,0.00000,0.00000,0.00000
362.73999,1.02194,1.00000,0.00000,0.00000,0.00000
362.88000,1.02194,1.00000,0.00000,0.00000,0.00000
363.01999,1.02194,1.00000,0.00000,0.00000,0.00000
363.16000,1.02194,1.00000,0.00000,0.00000,0.00000
363.29999,1.02194,1.00000,0.00000,0.00000,0.00000
363.44000,1.02194,1.00000,0.00000,0.00000,0.00000
363.57999,1.02194,1.00000,0.00000,0.00000,0.00000
363.72000,1.02194,1.00000,0.00000,0.00000,0.00000
363.85999,1.02194,1.00000,0.00000,0.00000,0.00000
364.00000,1.02194,1.00000,0.00000,0.00000,0.00000
364.14001,1.02191,1.00000,0.00000,0.00000,0.00000
364.28000,1.02194,1.00000,0.00000,0.00000,0.00000
364.42001,1.02191,1.00000,0.00000,0.00000,0.00000
364.56000,1.02194,1.00000,0.00000,0.00000,0.00000
364.70001,1.02191,1.00000,0.00000,0.00000,0.00000
364.84000,1.02194,1.00000,0.00000,0.00000,0.00000
364.98001,1.02191,1.00000,0.00000,0.00000,0.00000
365.12000,1.02194,1.00000,0.00000,0.00000,0.00000
365.26001,1.02194,1.00000,0.00000,0.00000,0.00000
365.39999,1.02194,0.99939,0.00000,0.00001,0.00060
365.54001,1.02194,0.99387,0.00000,0.00003,0.00610
365.67999,1.02194,0.99223,0.00000,0.00003,0.00774
365.82001,1.02194,0.99391,0.00000,0.00003,0.00606
365.95999,1.02194,0.99686,0.00000,0.00002,0.00312
366.10001,1.02194,0.99919,0.00000,0.00001,0.00080
366.23999,1.02194,0.99997,0.00000,0.00000,0.00003
366.38000,1.02194,1.00000,0.00000,0.00000,0.00000
366.51999,1.02194,1.00000,0.00000,0.00000,0.00000
366.66000,1.02194,1.00000,0.00000,0.00000,0.00000
366.79999,1.02194,1.00000,0.00000,0.00000,0.00000
366.94000,1.02194,1.00000,0.00000,0.00000,0.00000
367.07999,1.02194,1.00000,0.00000,0.00000,0.00000
367.22000,1.02194,1.00000,0.00000,0.00000,0.00000
367.35999,1.02194,1.00000,0.00000,0.00000,0.00000
367.50000,1.02194,1.00000,0.00000,0.00000,0.00000
367.64001,1.02191,1.00000,0.00000,0.00000,0.00000
367.78000,1.02194,1.00000,0.00000,0.00000,0.00000
367.92001,1.02191,1.00000,0.00000,0.00000,0.00000
368.06000,1.02194,1.00000,0.00000,0.00000,0.00000
368.20001,1.02191,1.00000,0.00000,0.00000,0.00000
368.34000,1.02194,1.00000,0.00000,0.00000,0.00000
368.48001,1.02191,1.00000,0.00000,0.00000,0.00000
368.62000,1.02194,1.00000,0.00000,0.00000,0.00000
368.76001,1.02194,0.99999,0.00000,0.00000,0.00001
368.89999,1.02194,0.99997,0.00000,0.00000,0.00003
369.04001,1.02194,0.99981,0.00000,0.00001,0.00018
369.17999,1.02194,0.99920,0.00000,0.00003,0.00078
369.32001,1.02194,0.99822,0.00000,0.00004,0.00174
369.45999,1.02194,0.99591,0.00000,0.00007,0.00402
369.60001,1.02194,0.99392,0.00000,0.00011,0.00597
369.73999,1.02194,0.99687,0.00000,0.00007,0.00306
369.88000,1.02194,0.99924,0.00000,0.00003,0.00073
370.01999,1.02194,0.99984,0.00000,0.00001,0.00015
370.16000,1.02194,0.99999,0.00000,0.00000,0.00001
370.29999,1.02194,1.00000,0.00000,0.00000,0.00000
370.44000,1.02194,1.00000,0.00000,0.00000,0.00000
370.57999,1.02194,0.99999,0.00000,0.00000,0.00001
370.72000,1.02194,0.99983,0.00000,0.00001,0.00016
370.85999,1.02194,0.99311,0.00000,0.00006,0.00684
371.00000,1.02194,0.94144,0.00000,0.00015,0.05841
371.14001,1.02191,0.62991,0.00008,0.00155,0.36846
371.28000,1.02194,0.41150,0.00034,0.00196,0.58620
371.42001,1.02191,0.51733,0.00010,0.00065,0.48191
371.56000,1.02194,0.90877,0.00000,0.00027,0.09096
371.70001,1.02191,0.99638,0.00000,0.00003,0.00358
371.84000,1.02194,0.99704,0.00000,0.00002,0.00294
371.98001,1.02191,0.99669,0.00000,0.00003,0.00328
372.12000,1.02194,0.99652,0.00000,0.00005,0.00343
372.26001,1.02194,0.98567,0.00000,0.00017,0.01416
372.39999,1.02194,0.99597,0.00000,0.00013,0.00390
372.54001,1.02194,0.99949,0.00000,0.00004,0.00047
372.67999,1.02194,0.99993,0.00000,0.00001,0.00006
372.82001,1.02194,1.00000,0.00000,0.00000,0.00000
372.95999,1.02194,1.00000,0.00000,0.00000,0.00000
373.10001,1.02194,1.00000,0.00000,0.00000,0.00000
373.23999,1.02194,1.00000,0.00000,0.00000,0.00000
373.38000,1.02194,1.00000,0.00000,0.00000,0.00000
373.51999,1.02194,1.00000,0.00000,0.00000,0.00000
373.66000,1.02194,1.00000,0.00000,0.00000,0.00000
373.79999,1.02194,1.00000,0.00000,0.00000,0.00000
373.94000,1.02194,1.00000,0.00000,0.00000,0.00000
374.07999,1.02194,1.00000,0.00000,0.00000,0.00000
374.22000,1.02194,1.00000,0.00000,0.00000,0.00000
374.35999,1.02194,1.00000,0.00000,0.00000,0.00000
374.50000,1.02194,1.00000,0.00000,0.00000,0.00000
374.64001,1.02191,1.00000,0.00000,0.00000,0.00000
374.78000,1.02194,1.00000,0.00000,0.00000,0.00000
374.92001,1.02191,1.00000,0.00000,0.00000,0.00000
375.06000,1.02194,1.00000,0.00000,0.00000,0.00000
375.20001,1.02191,1.00000,0.00000,0.00000,0.00000
375.34000,1.02194,1.00000,0.00000,0.00000,0.00000
375.48001,1.02191,1.00000,0.00000,0.00000,0.00000
375.62000,1.02194,1.00000,0.00000,0.00000,0.00000
375.76001,1.02194,1.00000,0.00000,0.00000,0.00000
375.89999,1.02194,1.00000,0.00000,0.00000,0.00000
376.04001,1.02194,1.00000,0.00000,0.00000,0.00000
376.17999,1.02194,1.00000,0.00000,0.00000,0.00000
376.32001,1.02194,1.00000,0.00000,0.00000,0.00000
376.45999,1.02194,1.00000,0.00000,0.00000,0.00000
376.60001,1.02194,1.00000,0.00000,0.00000,0.00000
376.73999,1.02194,1.00000,0.00000,0.00000,0.00000
376.88000,1.02194,1.00000,0.00000,0.00000,0.00000
377.01999,1.02194,1.00000,0.00000,0.00000,0.00000
377.16000,1.02194,1.00000,0.00000,0.00000,0.00000
377.29999,1.02194,1.00000,0.00000,0.00000,0.00000
377.44000,1.02194,1.00000,0.00000,0.00000,0.00000
377.57999,1.02194,1.00000,0.00000,0.00000,0.00000
377.72000,1.02194,1.00000,0.00000,0.00000,0.00000
377.85999,1.02194,1.00000,0.00000,0.00000,0.00000
378.00000,1.02194,1.00000,0.00000,0.00000,0.00000
378.14001,1.02191,1.00000,0.00000,0.00000,0.00000
378.28000,1.02194,1.00000,0.00000,0.00000,0.00000
378.42001,1.02191,1.00000,0.00000,0.00000,0.00000
378.56000,1.02194,1.00000,0.00000,0.00000,0.00000
378.70001,1.02191,1.00000,0.00000,0.00000,0.00000
378.84000,1.02194,1.00000,0.00000,0.00000,0.00000
378.98001,1.02191,1.00000,0.00000,0.00000,0.00000
379.12000,1.02194,1.00000,0.00000,0.00000,0.00000
379.26001,1.02194,1.00000,0.00000,0.00000,0.00000
379.39999,1.02194,1.00000,0.00000,0.00000,0.00000
379.54001,1.02194,1.00000,0.00000,0.00000,0.00000
379.67999,1.02194,1.00000,0.00000,0.00000,0.00000
379.82001,1.02194,1.00000,0.00000,0.00000,0.00000
379.95999,1.02194,1.00000,0.00000,0.00000,0.00000
380.10001,1.02194,1.00000,0.00000,0.00000,0.00000
380.23999,1.02194,1.00000,0.00000,0.00000,0.00000
380.38000,1.02194,1.00000,0.00000,0.00000,0.00000
380.51999,1.02194,1.00000,0.00000,0.00000,0.00000
380.66000,1.02194,1.00000,0.00000,0.00000,0.00000
380.79999,1.02194,1.00000,0.00000,0.00000,0.00000
380.94000,1.02194,1.00000,0.00000,0.00000,0.00000
381.07999,1.02194,1.00000,0.00000,0.00000,0.00000
381.22000,1.02194,1.00000,0.00000,0.00000,0.00000
381.35999,1.02194,1.00000,0.00000,0.00000,0.00000
381.50000,1.02194,1.00000,0.00000,0.00000,0.00000
381.64001,1.02191,1.00000,0.00000,0.00000,0.00000
381.78000,1.02194,1.00000,0.00000,0.00000,0.00000
381.92001,1.02191,1.00000,0.00000,0.00000,0.00000
382.06000,1.02194,1.00000,0.00000,0.00000,0.00000
382.20001,1.02191,1.00000,0.00000,0.00000,0.00000
382.34000,1.02194,1.00000,0.00000,0.00000,0.00000
382.48001,1.02191,1.00000,0.00000,0.00000,0.00000
382.62000,1.02194,1.00000,0.00000,0.00000,0.00000
382.76001,1.02194,1.00000,0.00000,0.00000,0.00000
382.89999,1.02194,0.99999,0.00000,0.00000,0.00000
383.04001,1.02194,0.99999,0.00000,0.00000,0.00000
383.17999,1.02194,0.99999,0.00000,0.00000,0.00001
383.32001,1.02194,0.99999,0.00000,0.00000,0.00001
383.45999,1.02194,0.99999,0.00000,0.00000,0.00001
383.60001,1.02194,0.99999,0.00000,0.00000,0.00001
383.73999,1.02194,1.00000,0.00000,0.00000,0.00000
383.88000,1.02194,1.00000,0.00000,0.00000,0.00000
384.01999,1.02194,1.00000,0.00000,0.00000,0.00000
384.16000,1.02194,1.00000,0.00000,0.00000,0.00000
384.29999,1.02194,1.00000,0.00000,0.00000,0.00000
384.44000,1.02194,1.00000,0.00000,0.00000,0.00000
384.57999,1.02194,0.99996,0.00000,0.00000,0.00004
384.72000,1.02194,0.99978,0.00000,0.00000,0.00021
384.85999,1.02194,0.99998,0.00000,0.00000,0.00002
385.00000,1.02194,1.00000,0.00000,0.00000,0.00000
385.14001,1.02191,1.00000,0.00000,0.00000,0.00000
385.28000,1.02194,1.00000,0.00000,0.00000,0.00000
385.42001,1.02191,1.00000,0.00000,0.00000,0.00000
385.56000,1.02194,1.00000,0.00000,0.00000,0.00000
385.70001,1.02191,1.00000,0.00000,0.00000,0.00000
385.84000,1.02194,0.99999,0.00000,0.00000,0.00001
385.98001,1.02191,0.99999,0.00000,0.00000,0.00001
386.12000,1.02194,1.00000,0.00000,0.00000,0.00000
386.26001,1.02194,1.00000,0.00000,0.00000,0.00000
386.39999,1.02194,1.00000,0.00000,0.00000,0.00000
386.54001,1.02194,1.00000,0.00000,0.00000,0.00000
386.67999,1.02194,1.00000,0.00000,0.00000,0.00000
386.82001,1.02194,1.00000,0.00000,0.00000,0.00000
386.95999,1.02194,1.00000,0.00000,0.00000,0.00000
387.10001,1.02194,1.00000,0.00000,0.00000,0.00000
387.23999,1.02194,1.00000,0.00000,0.00000,0.00000
387.38000,1.02194,1.00000,0.00000,0.00000,0.00000
387.51999,1.02194,1.00000,0.00000,0.00000,0.00000
387.66000,1.02194,1.00000,0.00000,0.00000,0.00000
387.79999,1.02194,1.00000,0.00000,0.00000,0.00000
387.94000,1.02194,1.00000,0.00000,0.00000,0.00000
388.07999,1.02194,1.00000,0.00000,0.00000,0.00000
388.22000,1.02194,1.00000,0.00000,0.00000,0.00000
388.35999,1.02194,1.00000,0.00000,0.00000,0.00000
388.50000,1.02194,1.00000,0.00000,0.00000,0.00000
388.64001,1.02191,1.00000,0.00000,0.00000,0.00000
388.78000,1.02194,1.00000,0.00000,0.00000,0.00000
388.92001,1.02191,1.00000,0.00000,0.00000,0.00000
389.06000,1.02194,1.00000,0.00000,0.00000,0.00000
389.20001,1.02191,1.00000,0.00000,0.00000,0.00000
389.34000,1.02194,1.00000,0.00000,0.00000,0.00000
389.48001,1.02191,1.00000,0.00000,0.00000,0.00000
389.62000,1.02194,0.99999,0.00000,0.00000,0.00000
389.76001,1.02194,0.99999,0.00000,0.00000,0.00001
389.89999,1.02194,0.99999,0.00000,0.00000,0.00001
390.04001,1.02194,0.99999,0.00000,0.00000,0.00000
390.17999,1.02194,1.00000,0.00000,0.00000,0.00000
390.32001,1.02194,1.00000,0.00000,0.00000,0.00000
390.45999,1.02194,1.00000,0.00000,0.00000,0.00000
390.60001,1.02194,1.00000,0.00000,0.00000,0.00000
390.73999,1.02194,1.00000,0.00000,0.00000,0.00000
390.88000,1.02194,1.00000,0.00000,0.00000,0.00000
391.01999,1.02194,1.00000,0.00000,0.00000,0.00000
391.16000,1.02194,1.00000,0.00000,0.00000,0.00000
391.29999,1.02194,1.00000,0.00000,0.00000,0.00000
391.44000,1.02194,1.00000,0.00000,0.00000,0.00000
391.57999,1.02194,1.00000,0.00000,0.00000,0.00000
391.72000,1.02194,1.00000,0.00000,0.00000,0.00000
391.85999,1.02194,1.00000,0.00000,0.00000,0.00000
392.00000,1.02194,1.00000,0.00000,0.00000,0.00000
392.14001,1.02191,1.00000,0.00000,0.00000,0.00000
392.28000,1.02194,1.00000,0.00000,0.00000,0.00000
392.42001,1.02191,1.00000,0.00000,0.00000,0.00000
392.56000,1.02194,1.00000,0.00000,0.00000,0.00000
392.70001,1.02191,0.99999,0.00000,0.00000,0.00001
392.84000,1.02194,0.99996,0.00000,0.00001,0.00004
392.98001,1.02191,0.99971,0.00000,0.00001,0.00028
393.12000,1.02194,0.99979,0.00000,0.00001,0.00021
393.26001,1.02194,0.99846,0.00000,0.00002,0.00152
393.39999,1.02194,0.99840,0.00000,0.00002,0.00158
393.54001,1.02194,0.99993,0.00000,0.00000,0.00007
393.67999,1.02194,0.99996,0.00000,0.00000,0.00004
393.82001,1.02194,0.99888,0.00000,0.00001,0.00111
393.95999,1.02194,0.99947,0.00000,0.00001,0.00052
394.10001,1.02194,0.98876,0.00000,0.00010,0.01114
394.23999,1.02194,0.67424,0.00000,0.00091,0.32486
394.38000,1.02194,0.51031,0.00000,0.00023,0.48946
394.51999,1.02194,0.51950,0.00001,0.00118,0.47932
394.66000,1.02194,0.51779,0.00001,0.00095,0.48125
394.79999,1.02194,0.18337,0.00012,0.00122,0.81529
394.94000,1.02194,0.95478,0.00000,0.00020,0.04501
395.07999,1.02194,0.91505,0.00000,0.00014,0.08481
395.22000,1.02194,0.82634,0.00007,0.00120,0.17240
395.35999,1.02194,0.92023,0.00001,0.00040,0.07937
395.50000,1.02194,0.89273,0.00000,0.00048,0.10679
395.64001,1.02191,0.95828,0.00000,0.00018,0.04153
395.78000,1.02194,0.99433,0.00000,0.00005,0.00562
395.92001,1.02191,0.98481,0.00000,0.00006,0.01513
396.06000,1.02194,0.98794,0.00000,0.00007,0.01198
396.20001,1.02191,0.99139,0.00000,0.00007,0.00854
396.34000,1.02194,0.91340,0.00000,0.00063,0.08597
396.48001,1.02191,0.79963,0.00016,0.00202,0.19819
396.62000,1.02194,0.87871,0.00007,0.00183,0.11940
396.76001,1.02194,0.97369,0.00002,0.00081,0.02548
396.89999,1.02194,0.96059,0.00043,0.00135,0.03762
397.04001,1.02194,0.98255,0.00009,0.00079,0.01658
397.17999,1.02194,0.99042,0.00000,0.00022,0.00936
397.32001,1.02194,0.99759,0.00000,0.00008,0.00233
397.45999,1.02194,0.99916,0.00000,0.00004,0.00080
397.60001,1.02194,0.99899,0.00000,0.00005,0.00096
397.73999,1.02194,0.99971,0.00000,0.00001,0.00027
397.88000,1.02194,0.99950,0.00000,0.00001,0.00049
398.01999,1.02194,0.99917,0.00000,0.00002,0.00081
398.16000,1.02194,0.99851,0.00000,0.00003,0.00146
398.29999,1.02194,0.98356,0.00000,0.00022,0.01622
398.44000,1.02194,0.98840,0.00000,0.00014,0.01146
398.57999,1.02194,0.98887,0.00000,0.00015,0.01098
398.72000,1.02194,0.98003,0.00000,0.00033,0.01965
398.85999,1.02194,0.99524,0.00000,0.00017,0.00459
399.00000,1.02194,0.99930,0.00000,0.00007,0.00063
399.14001,1.02191,0.99948,0.00000,0.00005,0.00047
399.28000,1.02194,0.99843,0.00000,0.00012,0.00146
399.42001,1.02191,0.98231,0.00000,0.00151,0.01617
399.56000,1.02194,0.94726,0.00000,0.00068,0.05206
399.70001,1.02191,0.95550,0.00000,0.00045,0.04405
399.84000,1.02194,0.99806,0.00000,0.00021,0.00173
399.98001,1.02191,0.99986,0.00000,0.00003,0.00011
400.12000,1.02194,0.99999,0.00000,0.00001,0.00000
400.26001,1.02194,1.00000,0.00000,0.00000,0.00000
400.39999,1.02194,0.99999,0.00000,0.00000,0.00000
400.54001,1.02194,0.99999,0.00000,0.00000,0.00001
400.67999,1.02194,0.99998,0.00000,0.00000,0.00002
400.82001,1.02194,0.99986,0.00000,0.00001,0.00013
400.95999,1.02194,0.99983,0.00000,0.00001,0.00016
401.10001,1.02194,0.99993,0.00000,0.00000,0.00007
401.23999,1.02194,0.99999,0.00000,0.00000,0.00001
401.38000,1.02194,1.00000,0.00000,0.00000,0.00000
401.51999,1.02194,1.00000,0.00000,0.00000,0.00000
401.66000,1.02194,1.00000,0.00000,0.00000,0.00000
401.79999,1.02194,1.00000,0.00000,0.00000,0.00000
401.94000,1.02194,1.00000,0.00000,0.00000,0.00000
402.07999,1.02194,1.00000,0.00000,0.00000,0.00000
402.22000,1.02194,1.00000,0.00000,0.00000,0.00000
402.35999,1.02194,1.00000,0.00000,0.00000,0.00000
402.50000,1.02194,1.00000,0.00000,0.00000,0.00000
402.64001,1.02191,1.00000,0.00000,0.00000,0.00000
402.78000,1.02194,1.00000,0.00000,0.00000,0.00000
402.92001,1.02191,1.00000,0.00000,0.00000,0.00000
403.06000,1.02194,1.00000,0.00000,0.00000,0.00000
403.20001,1.02191,1.00000,0.00000,0.00000,0.00000
403.34000,1.02194,1.00000,0.00000,0.00000,0.00000
403.48001,1.02191,1.00000,0.00000,0.00000,0.00000
403.62000,1.02194,1.00000,0.00000,0.00000,0.00000
403.76001,1.02194,1.00000,0.00000,0.00000,0.00000
403.89999,1.02194,1.00000,0.00000,0.00000,0.00000
404.04001,1.02194,1.00000,0.00000,0.00000,0.00000
404.17999,1.02194,1.00000,0.00000,0.00000,0.00000
404.32001,1.02194,1.00000,0.00000,0.00000,0.00000
404.45999,1.02194,1.00000,0.00000,0.00000,0.00000
404.60001,1.02194,1.00000,0.00000,0.00000,0.00000
404.73999,1.02194,1.00000,0.00000,0.00000,0.00000
404.88000,1.02194,1.00000,0.00000,0.00000,0.00000
405.01999,1.02194,1.00000,0.00000,0.00000,0.00000
405.16000,1.02194,1.00000,0.00000,0.00000,0.00000
405.29999,1.02194,1.00000,0.00000,0.00000,0.00000
405.44000,1.02194,1.00000,0.00000,0.00000,0.00000
405.57999,1.02194,1.00000,0.00000,0.00000,0.00000
405.72000,1.02194,1.00000,0.00000,0.00000,0.00000
405.85999,1.02194,1.00000,0.00000,0.00000,0.00000
406.00000,1.02194,1.00000,0.00000,0.00000,0.00000
406.14001,1.02191,1.00000,0.00000,0.00000,0.00000
406.28000,1.02194,1.00000,0.00000,0.00000,0.00000
406.42001,1.02191,1.00000,0.00000,0.00000,0.00000
406.56000,1.02194,1.00000,0.00000,0.00000,0.00000
406.70001,1.02191,1.00000,0.00000,0.00000,0.00000
406.84000,1.02194,1.00000,0.00000,0.00000,0.00000
406.98001,1.02191,1.00000,0.00000,0.00000,0.00000
407.12000,1.02194,1.00000,0.00000,0.00000,0.00000
407.26001,1.02194,1.00000,0.00000,0.00000,0.00000
407.39999,1.02194,1.00000,0.00000,0.00000,0.00000
407.54001,1.02194,1.00000,0.00000,0.00000,0.00000
407.67999,1.02194,1.00000,0.00000,0.00000,0.00000
407.82001,1.02194,1.00000,0.00000,0.00000,0.00000
407.95999,1.02194,1.00000,0.00000,0.00000,0.00000
408.10001,1.02194,1.00000,0.00000,0.00000,0.00000
408.23999,1.02194,1.00000,0.00000,0.00000,0.00000
408.38000,1.02194,1.00000,0.00000,0.00000,0.00000
408.51999,1.02194,1.00000,0.00000,0.00000,0.00000
408.66000,1.02194,1.00000,0.00000,0.00000,0.00000
408.79999,1.02194,1.00000,0.00000,0.00000,0.00000
408.94000,1.02194,1.00000,0.00000,0.00000,0.00000
409.07999,1.02194,1.00000,0.00000,0.00000,0.00000
409.22000,1.02194,1.00000,0.00000,0.00000,0.00000
409.35999,1.02194,1.00000,0.00000,0.00000,0.00000
409.50000,1.02194,1.00000,0.00000,0.00000,0.00000
409.64001,1.02191,1.00000,0.00000,0.00000,0.00000
409.78000,1.02194,1.00000,0.00000,0.00000,0.00000
409.92001,1.02191,1.00000,0.00000,0.00000,0.00000
410.06000,1.02194,1.00000,0.00000,0.00000,0.00000
410.20001,1.02191,1.00000,0.00000,0.00000,0.00000
410.34000,1.02194,1.00000,0.00000,0.00000,0.00000
410.48001,1.02191,1.00000,0.00000,0.00000,0.00000
410.62000,1.02194,1.00000,0.00000,0.00000,0.00000
410.76001,1.02194,1.00000,0.00000,0.00000,0.00000
410.89999,1.02194,1.00000,0.00000,0.00000,0.00000
411.04001,1.02194,1.00000,0.00000,0.00000,0.00000
411.17999,1.02194,1.00000,0.00000,0.00000,0.00000
411.32001,1.02194,1.00000,0.00000,0.00000,0.00000
411.45999,1.02194,1.00000,0.00000,0.00000,0.00000
411.60001,1.02194,1.00000,0.00000,0.00000,0.00000
411.73999,1.02194,1.00000,0.00000,0.00000,0.00000
411.88000,1.02194,1.00000,0.00000,0.00000,0.00000
412.01999,1.02194,1.00000,0.00000,0.00000,0.00000
412.16000,1.02194,1.00000,0.00000,0.00000,0.00000
412.29999,1.02194,1.00000,0.00000,0.00000,0.00000
412.44000,1.02194,1.00000,0.00000,0.00000,0.00000
412.57999,1.02194,1.00000,0.00000,0.00000,0.00000
412.72000,1.02194,1.00000,0.00000,0.00000,0.00000
412.85999,1.02194,1.00000,0.00000,0.00000,0.00000
413.00000,1.02194,1.00000,0.00000,0.00000,0.00000
413.14001,1.02191,1.00000,0.00000,0.00000,0.00000
413.28000,1.02194,1.00000,0.00000,0.00000,0.00000
413.42001,1.02191,1.00000,0.00000,0.00000,0.00000
413.56000,1.02194,1.00000,0.00000,0.00000,0.00000
413.70001,1.02191,1.00000,0.00000,0.00000,0.00000
413.84000,1.02194,1.00000,0.00000,0.00000,0.00000
413.98001,1.02191,1.00000,0.00000,0.00000,0.00000
414.12000,1.02194,1.00000,0.00000,0.00000,0.00000
414.26001,1.02194,1.00000,0.00000,0.00000,0.00000
414.39999,1.02194,1.00000,0.00000,0.00000,0.00000
414.54001,1.02194,1.00000,0.00000,0.00000,0.00000
414.67999,1.02194,1.00000,0.00000,0.00000,0.00000
414.82001,1.02194,1.00000,0.00000,0.00000,0.00000
414.95999,1.02194,1.00000,0.00000,0.00000,0.00000
415.10001,1.02194,1.00000,0.00000,0.00000,0.00000
415.23999,1.02194,1.00000,0.00000,0.00000,0.00000
415.38000,1.02194,1.00000,0.00000,0.00000,0.00000
415.51999,1.02194,1.00000,0.00000,0.00000,0.00000
415.66000,1.02194,1.00000,0.00000,0.00000,0.00000
415.79999,1.02194,0.99999,0.00000,0.00000,0.00000
415.94000,1.02194,0.99998,0.00000,0.00000,0.00002
416.07999,1.02194,0.99997,0.00000,0.00000,0.00002
416.22000,1.02194,0.99999,0.00000,0.00000,0.00001
416.35999,1.02194,0.99999,0.00000,0.00000,0.00001
416.50000,1.02194,0.99999,0.00000,0.00000,0.00001
416.64001,1.02191,1.00000,0.00000,0.00000,0.00000
416.78000,1.02194,1.00000,0.00000,0.00000,0.00000
416.92001,1.02191,1.00000,0.00000,0.00000,0.00000
417.06000,1.02194,1.00000,0.00000,0.00000,0.00000
417.20001,1.02191,1.00000,0.00000,0.00000,0.00000
417.34000,1.02194,1.00000,0.00000,0.00000,0.00000
417.48001,1.02191,1.00000,0.00000,0.00000,0.00000
417.62000,1.02194,1.00000,0.00000,0.00000,0.00000
417.76001,1.02194,1.00000,0.00000,0.00000,0.00000
417.89999,1.02194,1.00000,0.00000,0.00000,0.00000
418.04001,1.02194,1.00000,0.00000,0.00000,0.00000
418.17999,1.02194,1.00000,0.00000,0.00000,0.00000
418.32001,1.02194,1.00000,0.00000,0.00000,0.00000
418.45999,1.02194,1.00000,0.00000,0.00000,0.00000
418.60001,1.02194,1.00000,0.00000,0.00000,0.00000
418.73999,1.02194,1.00000,0.00000,0.00000,0.00000
418.88000,1.02194,1.00000,0.00000,0.00000,0.00000
419.01999,1.02194,1.00000,0.00000,0.00000,0.00000
419.16000,1.02194,1.00000,0.00000,0.00000,0.00000
419.29999,1.02194,1.00000,0.00000,0.00000,0.00000
419.44000,1.02194,1.00000,0.00000,0.00000,0.00000
419.57999,1.02194,1.00000,0.00000,0.00000,0.00000
419.72000,1.02194,0.99999,0.00000,0.00000,0.00001
419.85999,1.02194,1.00000,0.00000,0.00000,0.00000
420.00000,1.02194,1.00000,0.00000,0.00000,0.00000
420.14001,1.02191,1.00000,0.00000,0.00000,0.00000
420.28000,1.02194,1.00000,0.00000,0.00000,0.00000
420.42001,1.02191,1.00000,0.00000,0.00000,0.00000
420.56000,1.02194,1.00000,0.00000,0.00000,0.00000
420.70001,1.02191,1.00000,0.00000,0.00000,0.00000
420.84000,1.02194,1.00000,0.00000,0.00000,0.00000
420.98001,1.02191,1.00000,0.00000,0.00000,0.00000
421.12000,1.02194,1.00000,0.00000,0.00000,0.00000
421.26001,1.02194,1.00000,0.00000,0.00000,0.00000
421.39999,1.02194,1.00000,0.00000,0.00000,0.00000
421.54001,1.02194,1.00000,0.00000,0.00000,0.00000
421.67999,1.02194,1.00000,0.00000,0.00000,0.00000
421.82001,1.02194,1.00000,0.00000,0.00000,0.00000
421.95999,1.02194,1.00000,0.00000,0.00000,0.00000
422.10001,1.02194,1.00000,0.00000,0.00000,0.00000
422.23999,1.02194,1.00000,0.00000,0.00000,0.00000
422.38000,1.02194,1.00000,0.00000,0.00000,0.00000
422.51999,1.02194,1.00000,0.00000,0.00000,0.00000
422.66000,1.02194,1.00000,0.00000,0.00000,0.00000
422.79999,1.02194,1.00000,0.00000,0.00000,0.00000
422.94000,1.02194,1.00000,0.00000,0.00000,0.00000
423.07999,1.02194,1.00000,0.00000,0.00000,0.00000
423.22000,1.02194,1.00000,0.00000,0.00000,0.00000
423.35999,1.02194,1.00000,0.00000,0.00000,0.00000
423.50000,1.02194,1.00000,0.00000,0.00000,0.00000
423.64001,1.02191,1.00000,0.00000,0.00000,0.00000
423.78000,1.02194,1.00000,0.00000,0.00000,0.00000
423.92001,1.02191,1.00000,0.00000,0.00000,0.00000
424.06000,1.02194,1.00000,0.00000,0.00000,0.00000
424.20001,1.02191,1.00000,0.00000,0.00000,0.00000
424.34000,1.02194,1.00000,0.00000,0.00000,0.00000
424.48001,1.02191,1.00000,0.00000,0.00000,0.00000
424.62000,1.02194,1.00000,0.00000,0.00000,0.00000
424.76001,1.02194,1.00000,0.00000,0.00000,0.00000
424.89999,1.02194,1.00000,0.00000,0.00000,0.00000
425.04001,1.02194,1.00000,0.00000,0.00000,0.00000
425.17999,1.02194,1.00000,0.00000,0.00000,0.00000
425.32001,1.02194,1.00000,0.00000,0.00000,0.00000
425.45999,1.02194,1.00000,0.00000,0.00000,0.00000
425.60001,1.02194,1.00000,0.00000,0.00000,0.00000
425.73999,1.02194,1.00000,0.00000,0.00000,0.00000
425.88000,1.02194,1.00000,0.00000,0.00000,0.00000
426.01999,1.02194,1.00000,0.00000,0.00000,0.00000
426.16000,1.02194,1.00000,0.00000,0.00000,0.00000
426.29999,1.02194,1.00000,0.00000,0.00000,0.00000
426.44000,1.02194,1.00000,0.00000,0.00000,0.00000
426.57999,1.02194,1.00000,0.00000,0.00000,0.00000
426.72000,1.02194,1.00000,0.00000,0.00000,0.00000
426.85999,1.02194,1.00000,0.00000,0.00000,0.00000
427.00000,1.02194,1.00000,0.00000,0.00000,0.00000
427.14001,1.02191,1.00000,0.00000,0.00000,0.00000
427.28000,1.02194,1.00000,0.00000,0.00000,0.00000
427.42001,1.02191,1.00000,0.00000,0.00000,0.00000
427.56000,1.02194,1.00000,0.00000,0.00000,0.00000
427.70001,1.02191,1.00000,0.00000,0.00000,0.00000
427.84000,1.02194,1.00000,0.00000,0.00000,0.00000
427.98001,1.02191,1.00000,0.00000,0.00000,0.00000
428.12000,1.02194,1.00000,0.00000,0.00000,0.00000
428.26001,1.02194,0.99998,0.00000,0.00000,0.00001
428.39999,1.02194,0.99997,0.00000,0.00000,0.00003
428.54001,1.02194,0.99995,0.00000,0.00001,0.00004
428.67999,1.02194,0.99997,0.00000,0.00000,0.00002
428.82001,1.02194,0.99999,0.00000,0.00000,0.00001
428.95999,1.02194,1.00000,0.00000,0.00000,0.00000
429.10001,1.02194,1.00000,0.00000,0.00000,0.00000
429.23999,1.02194,1.00000,0.00000,0.00000,0.00000
429.38000,1.02194,1.00000,0.00000,0.00000,0.00000
429.51999,1.02194,1.00000,0.00000,0.00000,0.00000
429.66000,1.02194,1.00000,0.00000,0.00000,0.00000
429.79999,1.02194,1.00000,0.00000,0.00000,0.00000
429.94000,1.02194,1.00000,0.00000,0.00000,0.00000
430.07999,1.02194,1.00000,0.00000,0.00000,0.00000
430.22000,1.02194,1.00000,0.00000,0.00000,0.00000
430.35999,1.02194,1.00000,0.00000,0.00000,0.00000
430.50000,1.02194,1.00000,0.00000,0.00000,0.00000
430.64001,1.02191,1.00000,0.00000,0.00000,0.00000
430.78000,1.02194,1.00000,0.00000,0.00000,0.00000
430.92001,1.02191,1.00000,0.00000,0.00000,0.00000
431.06000,1.02194,1.00000,0.00000,0.00000,0.00000
431.20001,1.02191,1.00000,0.00000,0.00000,0.00000
431.34000,1.02194,1.00000,0.00000,0.00000,0.00000
431.48001,1.02191,1.00000,0.00000,0.00000,0.00000
431.62000,1.02194,1.00000,0.00000,0.00000,0.00000
431.76001,1.02194,1.00000,0.00000,0.00000,0.00000
431.89999,1.02194,1.00000,0.00000,0.00000,0.00000
432.04001,1.02194,1.00000,0.00000,0.00000,0.00000
432.17999,1.02194,1.00000,0.00000,0.00000,0.00000
432.32001,1.02194,1.00000,0.00000,0.00000,0.00000
432.45999,1.02194,1.00000,0.00000,0.00000,0.00000
432.60001,1.02194,1.00000,0.00000,0.00000,0.00000
432.73999,1.02194,1.00000,0.00000,0.00000,0.00000
432.88000,1.02194,1.00000,0.00000,0.00000,0.00000
433.01999,1.02194,1.00000,0.00000,0.00000,0.00000
433.16000,1.02194,1.00000,0.00000,0.00000,0.00000
433.29999,1.02194,1.00000,0.00000,0.00000,0.00000
433.44000,1.02194,0.99999,0.00000,0.00000,0.00000
433.57999,1.02194,0.99999,0.00000,0.00000,0.00001
433.72000,1.02194,0.99999,0.00000,0.00000,0.00001
433.85999,1.02194,0.99999,0.00000,0.00000,0.00001
434.00000,1.02194,0.99999,0.00000,0.00000,0.00001
434.14001,1.02191,0.99997,0.00000,0.00000,0.00003
434.28000,1.02194,0.99986,0.00000,0.00000,0.00014
434.42001,1.02191,0.99981,0.00000,0.00000,0.00019
434.56000,1.02194,0.99977,0.00000,0.00000,0.00023
434.70001,1.02191,0.99967,0.00000,0.00000,0.00032
434.84000,1.02194,0.99954,0.00000,0.00001,0.00045
434.98001,1.02191,0.99988,0.00000,0.00000,0.00012
435.12000,1.02194,0.99989,0.00000,0.00000,0.00011
435.26001,1.02194,0.99972,0.00000,0.00001,0.00027
435.39999,1.02194,0.99927,0.00000,0.00001,0.00072
435.54001,1.02194,0.99276,0.00000,0.00004,0.00720
435.67999,1.02194,0.99260,0.00000,0.00002,0.00737
435.82001,1.02194,0.99603,0.00000,0.00002,0.00396
435.95999,1.02194,0.99931,0.00000,0.00001,0.00068
436.10001,1.02194,0.99993,0.00000,0.00000,0.00007
436.23999,1.02194,0.99999,0.00000,0.00000,0.00001
436.38000,1.02194,1.00000,0.00000,0.00000,0.00000
436.51999,1.02194,1.00000,0.00000,0.00000,0.00000
436.66000,1.02194,1.00000,0.00000,0.00000,0.00000
436.79999,1.02194,1.00000,0.00000,0.00000,0.00000
436.94000,1.02194,1.00000,0.00000,0.00000,0.00000
437.07999,1.02194,1.00000,0.00000,0.00000,0.00000
437.22000,1.02194,0.99999,0.00000,0.00000,0.00001
437.35999,1.02194,0.99999,0.00000,0.00000,0.00001
437.50000,1.02194,0.99999,0.00000,0.00000,0.00001
437.64001,1.02191,0.99999,0.00000,0.00000,0.00000
437.78000,1.02194,0.99999,0.00000,0.00000,0.00001
437.92001,1.02191,0.99999,0.00000,0.00000,0.00000
438.06000,1.02194,1.00000,0.00000,0.00000,0.00000
438.20001,1.02191,1.00000,0.00000,0.00000,0.00000
438.34000,1.02194,1.00000,0.00000,0.00000,0.00000
438.48001,1.02191,1.00000,0.00000,0.00000,0.00000
438.62000,1.02194,1.00000,0.00000,0.00000,0.00000
438.76001,1.02194,1.00000,0.00000,0.00000,0.00000
438.89999,1.02194,1.00000,0.00000,0.00000,0.00000
439.04001,1.02194,1.00000,0.00000,0.00000,0.00000
439.17999,1.02194,1.00000,0.00000,0.00000,0.00000
439.32001,1.02194,1.00000,0.00000,0.00000,0.00000
439.45999,1.02194,1.00000,0.00000,0.00000,0.00000
439.60001,1.02194,1.00000,0.00000,0.00000,0.00000
439.73999,1.02194,1.00000,0.00000,0.00000,0.00000
439.88000,1.02194,1.00000,0.00000,0.00000,0.00000
440.01999,1.02194,1.00000,0.00000,0.00000,0.00000
440.16000,1.02194,0.99999,0.00000,0.00000,0.00000
440.29999,1.02194,0.99999,0.00000,0.00000,0.00001
440.44000,1.02194,0.99999,0.00000,0.00000,0.00000
440.57999,1.02194,0.99999,0.00000,0.00000,0.00000
440.72000,1.02194,1.00000,0.00000,0.00000,0.00000
440.85999,1.02194,1.00000,0.00000,0.00000,0.00000
441.00000,1.02194,0.99999,0.00000,0.00000,0.00001
441.14001,1.02191,0.99998,0.00000,0.00000,0.00002
441.28000,1.02194,0.99998,0.00000,0.00000,0.00001
441.42001,1.02191,0.99998,0.00000,0.00000,0.00002
441.56000,1.02194,0.99998,0.00000,0.00000,0.00001
441.70001,1.02191,0.99999,0.00000,0.00000,0.00001
441.84000,1.02194,1.00000,0.00000,0.00000,0.00000
441.98001,1.02191,1.00000,0.00000,0.00000,0.00000
442.12000,1.02194,1.00000,0.00000,0.00000,0.00000
442.26001,1.02194,1.00000,0.00000,0.00000,0.00000
442.39999,1.02194,1.00000,0.00000,0.00000,0.00000
442.54001,1.02194,1.00000,0.00000,0.00000,0.00000
442.67999,1.02194,1.00000,0.00000,0.00000,0.00000
442.82001,1.02194,1.00000,0.00000,0.00000,0.00000
442.95999,1.02194,1.00000,0.00000,0.00000,0.00000
443.10001,1.02194,1.00000,0.00000,0.00000,0.00000
443.23999,1.02194,1.00000,0.00000,0.00000,0.00000
443.38000,1.02194,1.00000,0.00000,0.00000,0.00000
443.51999,1.02194,1.00000,0.00000,0.00000,0.00000
443.66000,1.02194,1.00000,0.00000,0.00000,0.00000
443.79999,1.02194,1.00000,0.00000,0.00000,0.00000
443.94000,1.02194,1.00000,0.00000,0.00000,0.00000
444.07999,1.02194,1.00000,0.00000,0.00000,0.00000
444.22000,1.02194,1.00000,0.00000,0.00000,0.00000
444.35999,1.02194,1.00000,0.00000,0.00000,0.00000
444.50000,1.02194,1.00000,0.00000,0.00000,0.00000
444.64001,1.02191,1.00000,0.00000,0.00000,0.00000
444.78000,1.02194,1.00000,0.00000,0.00000,0.00000
444.92001,1.02191,1.00000,0.00000,0.00000,0.00000
445.06000,1.02194,0.99999,0.00000,0.00000,0.00001
445.20001,1.02191,0.99998,0.00000,0.00000,0.00002
445.34000,1.02194,0.99998,0.00000,0.00000,0.00001
445.48001,1.02191,0.99998,0.00000,0.00000,0.00001
445.62000,1.02194,0.99999,0.00000,0.00000,0.00001
445.76001,1.02194,1.00000,0.00000,0.00000,0.00000
445.89999,1.02194,1.00000,0.00000,0.00000,0.00000
446.04001,1.02194,1.00000,0.00000,0.00000,0.00000
446.17999,1.02194,1.00000,0.00000,0.00000,0.00000
446.32001,1.02194,1.00000,0.00000,0.00000,0.00000
446.45999,1.02194,1.00000,0.00000,0.00000,0.00000
446.60001,1.02194,1.00000,0.00000,0.00000,0.00000
446.73999,1.02194,1.00000,0.00000,0.00000,0.00000
446.88000,1.02194,1.00000,0.00000,0.00000,0.00000
447.01999,1.02194,1.00000,0.00000,0.00000,0.00000
447.16000,1.02194,1.00000,0.00000,0.00000,0.00000
447.29999,1.02194,1.00000,0.00000,0.00000,0.00000
447.44000,1.02194,1.00000,0.00000,0.00000,0.00000
447.57999,1.02194,1.00000,0.00000,0.00000,0.00000
447.72000,1.02194,1.00000,0.00000,0.00000,0.00000
447.85999,1.02194,1.00000,0.00000,0.00000,0.00000
448.00000,1.02194,1.00000,0.00000,0.00000,0.00000
448.14001,1.02191,1.00000,0.00000,0.00000,0.00000
448.28000,1.02194,1.00000,0.00000,0.00000,0.00000
448.42001,1.02191,1.00000,0.00000,0.00000,0.00000
448.56000,1.02194,1.00000,0.00000,0.00000,0.00000
448.70001,1.02191,1.00000,0.00000,0.00000,0.00000
448.84000,1.02194,0.99999,0.00000,0.00000,0.00001
448.98001,1.02191,0.99995,0.00000,0.00000,0.00005
449.12000,1.02194,0.99941,0.00000,0.00001,0.00058
449.26001,1.02194,0.99682,0.00000,0.00002,0.00316
449.39999,1.02194,0.99372,0.00000,0.00003,0.00625
449.54001,1.02194,0.99596,0.00000,0.00003,0.00401
449.67999,1.02194,0.99847,0.00000,0.00001,0.00152
449.82001,1.02194,0.99965,0.00000,0.00001,0.00035
449.95999,1.02194,0.99952,0.00000,0.00001,0.00047
450.10001,1.02194,0.97753,0.00000,0.00042,0.02205
450.23999,1.02194,0.90215,0.00000,0.00019,0.09766
450.38000,1.02194,0.81913,0.00000,0.00027,0.18060
450.51999,1.02194,0.85579,0.00000,0.00055,0.14365
450.66000,1.02194,0.66105,0.00004,0.00034,0.33856
450.79999,1.02194,0.98121,0.00000,0.00010,0.01869
450.94000,1.02194,0.99946,0.00000,0.00001,0.00053
451.07999,1.02194,0.99990,0.00000,0.00000,0.00010
451.22000,1.02194,0.99992,0.00000,0.00001,0.00008
451.35999,1.02194,0.99981,0.00000,0.00001,0.00018
451.50000,1.02194,0.99910,0.00000,0.00002,0.00089
451.64001,1.02191,0.99797,0.00000,0.00002,0.00202
451.78000,1.02194,0.99595,0.00000,0.00006,0.00399
451.92001,1.02191,0.99765,0.00000,0.00004,0.00231
452.06000,1.02194,0.99900,0.00000,0.00002,0.00098
452.20001,1.02191,0.99979,0.00000,0.00001,0.00020
452.34000,1.02194,0.99959,0.00000,0.00002,0.00040
452.48001,1.02191,0.99967,0.00000,0.00001,0.00031
452.62000,1.02194,0.99986,0.00000,0.00001,0.00013
452.76001,1.02194,0.99987,0.00000,0.00001,0.00012
452.89999,1.02194,0.99964,0.00000,0.00001,0.00034
453.04001,1.02194,0.99761,0.00000,0.00006,0.00233
453.17999,1.02194,0.92948,0.00000,0.00037,0.07014
453.32001,1.02194,0.71320,0.00002,0.00093,0.28585
453.45999,1.02194,0.53590,0.00008,0.00171,0.46230
453.60001,1.02194,0.38260,0.00039,0.00709,0.60992
453.73999,1.02194,0.32163,0.00004,0.00107,0.67727
453.88000,1.02194,0.71985,0.00000,0.00052,0.27963
454.01999,1.02194,0.91471,0.00000,0.00038,0.08492
454.16000,1.02194,0.77170,0.00002,0.00096,0.22732
454.29999,1.02194,0.76043,0.00001,0.00118,0.23839
454.44000,1.02194,0.95483,0.00000,0.00032,0.04484
454.57999,1.02194,0.98910,0.00000,0.00026,0.01063
454.72000,1.02194,0.99389,0.00000,0.00012,0.00599
454.85999,1.02194,0.93635,0.00001,0.00146,0.06218
455.00000,1.02194,0.93593,0.00000,0.00059,0.06347
455.14001,1.02191,0.95336,0.00001,0.00073,0.04590
455.28000,1.02194,0.79694,0.00000,0.00064,0.20241
455.42001,1.02191,0.46942,0.00065,0.00086,0.52907
455.56000,1.02194,0.70313,0.00057,0.00304,0.29326
455.70001,1.02191,0.56562,0.00105,0.00208,0.43124
455.84000,1.02194,0.73106,0.00025,0.00153,0.26717
455.98001,1.02191,0.95419,0.00001,0.00047,0.04532
456.12000,1.02194,0.96717,0.00000,0.00039,0.03244
456.26001,1.02194,0.99192,0.00000,0.00013,0.00795
456.39999,1.02194,0.98467,0.00000,0.00013,0.01521
456.54001,1.02194,0.99677,0.00000,0.00004,0.00318
456.67999,1.02194,0.99940,0.00000,0.00002,0.00058
456.82001,1.02194,0.99527,0.00000,0.00010,0.00463
456.95999,1.02194,0.97582,0.00000,0.00012,0.02406
457.10001,1.02194,0.96742,0.00000,0.00007,0.03251
457.23999,1.02194,0.93281,0.00000,0.00049,0.06669
457.38000,1.02194,0.78109,0.00240,0.00061,0.21590
457.51999,1.02194,0.88173,0.00086,0.00086,0.11654
457.66000,1.02194,0.63152,0.00025,0.00438,0.36384
457.79999,1.02194,0.84968,0.00034,0.00206,0.14792
457.94000,1.02194,0.97118,0.00003,0.00060,0.02819
458.07999,1.02194,0.99726,0.00000,0.00015,0.00259
458.22000,1.02194,0.99976,0.00000,0.00002,0.00022
458.35999,1.02194,0.99999,0.00000,0.00000,0.00000
458.50000,1.02194,1.00000,0.00000,0.00000,0.00000
458.64001,1.02191,1.00000,0.00000,0.00000,0.00000
458.78000,1.02194,1.00000,0.00000,0.00000,0.00000
458.92001,1.02191,1.00000,0.00000,0.00000,0.00000
459.06000,1.02194,1.00000,0.00000,0.00000,0.00000
459.20001,1.02191,1.00000,0.00000,0.00000,0.00000
459.34000,1.02194,1.00000,0.00000,0.00000,0.00000
459.48001,1.02191,1.00000,0.00000,0.00000,0.00000
459.62000,1.02194,1.00000,0.00000,0.00000,0.00000
459.76001,1.02194,1.00000,0.00000,0.00000,0.00000
459.89999,1.02194,1.00000,0.00000,0.00000,0.00000
460.04001,1.02194,1.00000,0.00000,0.00000,0.00000
460.17999,1.02194,0.99999,0.00000,0.00000,0.00001
460.32001,1.02194,0.99997,0.00000,0.00000,0.00002
460.45999,1.02194,0.99989,0.00000,0.00001,0.00010
460.60001,1.02194,0.99886,0.00000,0.00003,0.00111
460.73999,1.02194,0.99952,0.00000,0.00001,0.00046
460.88000,1.02194,0.99998,0.00000,0.00001,0.00002
461.01999,1.02194,1.00000,0.00000,0.00000,0.00000
461.16000,1.02194,1.00000,0.00000,0.00000,0.00000
461.29999,1.02194,1.00000,0.00000,0.00000,0.00000
461.44000,1.02194,1.00000,0.00000,0.00000,0.00000
461.57999,1.02194,1.00000,0.00000,0.00000,0.00000
461.72000,1.02194,1.00000,0.00000,0.00000,0.00000
461.85999,1.02194,0.99999,0.00000,0.00000,0.00001
462.00000,1.02194,0.99999,0.00000,0.00000,0.00000
462.14001,1.02191,0.99999,0.00000,0.00000,0.00001
462.28000,1.02194,0.99994,0.00000,0.00000,0.00005
462.42001,1.02191,0.99993,0.00000,0.00000,0.00007
462.56000,1.02194,1.00000,0.00000,0.00000,0.00000
462.70001,1.02191,1.00000,0.00000,0.00000,0.00000
462.84000,1.02194,1.00000,0.00000,0.00000,0.00000
462.98001,1.02191,0.99999,0.00000,0.00000,0.00001
463.12000,1.02194,0.99992,0.00000,0.00001,0.00007
463.26001,1.02194,0.99974,0.00000,0.00002,0.00024
463.39999,1.02194,0.99991,0.00000,0.00002,0.00007
463.54001,1.02194,1.00000,0.00000,0.00000,0.00000
463.67999,1.02194,0.99999,0.00000,0.00000,0.00000
463.82001,1.02194,1.00000,0.00000,0.00000,0.00000
463.95999,1.02194,1.00000,0.00000,0.00000,0.00000
464.10001,1.02194,1.00000,0.00000,0.00000,0.00000
464.23999,1.02194,1.00000,0.00000,0.00000,0.00000
464.38000,1.02194,1.00000,0.00000,0.00000,0.00000
464.51999,1.02194,1.00000,0.00000,0.00000,0.00000
464.66000,1.02194,1.00000,0.00000,0.00000,0.00000
464.79999,1.02194,1.00000,0.00000,0.00000,0.00000
464.94000,1.02194,1.00000,0.00000,0.00000,0.00000
465.07999,1.02194,1.00000,0.00000,0.00000,0.00000
465.22000,1.02194,0.99999,0.00000,0.00000,0.00000
465.35999,1.02194,1.00000,0.00000,0.00000,0.00000
465.50000,1.02194,1.00000,0.00000,0.00000,0.00000
465.64001,1.02191,1.00000,0.00000,0.00000,0.00000
465.78000,1.02194,1.00000,0.00000,0.00000,0.00000
465.92001,1.02191,1.00000,0.00000,0.00000,0.00000
466.06000,1.02194,1.00000,0.00000,0.00000,0.00000
466.20001,1.02191,1.00000,0.00000,0.00000,0.00000
466.34000,1.02194,1.00000,0.00000,0.00000,0.00000
466.48001,1.02191,0.99997,0.00000,0.00000,0.00003
466.62000,1.02194,0.99913,0.00000,0.00008,0.00079
466.76001,1.02194,0.99684,0.00000,0.00004,0.00312
466.89999,1.02194,0.99632,0.00000,0.00006,0.00361
467.04001,1.02194,0.99997,0.00000,0.00000,0.00003
467.17999,1.02194,0.99999,0.00000,0.00000,0.00001
467.32001,1.02194,1.00000,0.00000,0.00000,0.00000
467.45999,1.02194,1.00000,0.00000,0.00000,0.00000
467.60001,1.02194,1.00000,0.00000,0.00000,0.00000
467.73999,1.02194,1.00000,0.00000,0.00000,0.00000
467.88000,1.02194,1.00000,0.00000,0.00000,0.00000
468.01999,1.02194,1.00000,0.00000,0.00000,0.00000
468.16000,1.02194,1.00000,0.00000,0.00000,0.00000
468.29999,1.02194,1.00000,0.00000,0.00000,0.00000
468.44000,1.02194,1.00000,0.00000,0.00000,0.00000
468.57999,1.02194,1.00000,0.00000,0.00000,0.00000
468.72000,1.02194,1.00000,0.00000,0.00000,0.00000
468.85999,1.02194,1.00000,0.00000,0.00000,0.00000
469.00000,1.02194,1.00000,0.00000,0.00000,0.00000
469.14001,1.02191,1.00000,0.00000,0.00000,0.00000
469.28000,1.02194,1.00000,0.00000,0.00000,0.00000
469.42001,1.02191,1.00000,0.00000,0.00000,0.00000
469.56000,1.02194,1.00000,0.00000,0.00000,0.00000
469.70001,1.02191,1.00000,0.00000,0.00000,0.00000
469.84000,1.02194,1.00000,0.00000,0.00000,0.00000
469.98001,1.02191,1.00000,0.00000,0.00000,0.00000
470.12000,1.02194,1.00000,0.00000,0.00000,0.00000
470.26001,1.02194,1.00000,0.00000,0.00000,0.00000
470.39999,1.02194,0.99999,0.00000,0.00000,0.00001
470.54001,1.02194,0.99994,0.00000,0.00000,0.00005
470.67999,1.02194,0.99944,0.00000,0.00001,0.00055
470.82001,1.02194,0.99328,0.00000,0.00013,0.00659
470.95999,1.02194,0.95497,0.00000,0.00029,0.04474
471.10001,1.02194,0.98307,0.00000,0.00012,0.01681
471.23999,1.02194,0.99937,0.00000,0.00003,0.00061
471.38000,1.02194,0.99994,0.00000,0.00000,0.00006
471.51999,1.02194,0.99999,0.00000,0.00000,0.00001
471.66000,1.02194,1.00000,0.00000,0.00000,0.00000
471.79999,1.02194,1.00000,0.00000,0.00000,0.00000
471.94000,1.02194,1.00000,0.00000,0.00000,0.00000
472.07999,1.02194,1.00000,0.00000,0.00000,0.00000
472.22000,1.02194,0.99999,0.00000,0.00000,0.00000
472.35999,1.02194,0.99999,0.00000,0.00000,0.00001
472.50000,1.02194,0.99999,0.00000,0.00000,0.00001
472.64001,1.02191,0.99999,0.00000,0.00000,0.00001
472.78000,1.02194,0.99999,0.00000,0.00000,0.00000
472.92001,1.02191,1.00000,0.00000,0.00000,0.00000
473.06000,1.02194,1.00000,0.00000,0.00000,0.00000
473.20001,1.02191,1.00000,0.00000,0.00000,0.00000
473.34000,1.02194,1.00000,0.00000,0.00000,0.00000
473.48001,1.02191,1.00000,0.00000,0.00000,0.00000
473.62000,1.02194,1.00000,0.00000,0.00000,0.00000
473.76001,1.02194,1.00000,0.00000,0.00000,0.00000
473.89999,1.02194,1.00000,0.00000,0.00000,0.00000
474.04001,1.02194,1.00000,0.00000,0.00000,0.00000
474.17999,1.02194,1.00000,0.00000,0.00000,0.00000
474.32001,1.02194,1.00000,0.00000,0.00000,0.00000
474.45999,1.02194,1.00000,0.00000,0.00000,0.00000
474.60001,1.02194,1.00000,0.00000,0.00000,0.00000
474.73999,1.02194,1.00000,0.00000,0.00000,0.00000
474.88000,1.02194,1.00000,0.00000,0.00000,0.00000
475.01999,1.02194,1.00000,0.00000,0.00000,0.00000
475.16000,1.02194,1.00000,0.00000,0.00000,0.00000
475.29999,1.02194,1.00000,0.00000,0.00000,0.00000
475.44000,1.02194,1.00000,0.00000,0.00000,0.00000
475.57999,1.02194,1.00000,0.00000,0.00000,0.00000
475.72000,1.02194,1.00000,0.00000,0.00000,0.00000
475.85999,1.02194,1.00000,0.00000,0.00000,0.00000
476.00000,1.02194,1.00000,0.00000,0.00000,0.00000
476.14001,1.02191,1.00000,0.00000,0.00000,0.00000
476.28000,1.02194,1.00000,0.00000,0.00000,0.00000
476.42001,1.02191,1.00000,0.00000,0.00000,0.00000
476.56000,1.02194,0.99998,0.00000,0.00000,0.00002
476.70001,1.02191,0.99952,0.00000,0.00001,0.00048
476.84000,1.02194,0.99838,0.00000,0.00001,0.00161
476.98001,1.02191,0.99830,0.00000,0.00001,0.00169
477.12000,1.02194,0.99957,0.00000,0.00001,0.00042
477.26001,1.02194,0.99994,0.00000,0.00000,0.00006
477.39999,1.02194,0.99999,0.00000,0.00000,0.00001
477.54001,1.02194,1.00000,0.00000,0.00000,0.00000
477.67999,1.02194,1.00000,0.00000,0.00000,0.00000
477.82001,1.02194,1.00000,0.00000,0.00000,0.00000
477.95999,1.02194,1.00000,0.00000,0.00000,0.00000
478.10001,1.02194,1.00000,0.00000,0.00000,0.00000
478.23999,1.02194,1.00000,0.00000,0.00000,0.00000
478.38000,1.02194,1.00000,0.00000,0.00000,0.00000
478.51999,1.02194,1.00000,0.00000,0.00000,0.00000
478.66000,1.02194,1.00000,0.00000,0.00000,0.00000
478.79999,1.02194,1.00000,0.00000,0.00000,0.00000
478.94000,1.02194,1.00000,0.00000,0.00000,0.00000
479.07999,1.02194,1.00000,0.00000,0.00000,0.00000
479.22000,1.02194,1.00000,0.00000,0.00000,0.00000
479.35999,1.02194,1.00000,0.00000,0.00000,0.00000
479.50000,1.02194,1.00000,0.00000,0.00000,0.00000
479.64001,1.02191,1.00000,0.00000,0.00000,0.00000
479.78000,1.02194,1.00000,0.00000,0.00000,0.00000
479.92001,1.02191,1.00000,0.00000,0.00000,0.00000
480.06000,1.02194,1.00000,0.00000,0.00000,0.00000
480.20001,1.02191,0.99999,0.00000,0.00000,0.00001
480.34000,1.02194,0.99998,0.00000,0.00000,0.00002
480.48001,1.02191,0.99997,0.00000,0.00000,0.00003
480.62000,1.02194,0.99994,0.00000,0.00000,0.00006
480.76001,1.02194,0.99997,0.00000,0.00000,0.00003
480.89999,1.02194,0.99997,0.00000,0.00000,0.00003
481.04001,1.02194,0.99997,0.00000,0.00000,0.00003
481.17999,1.02194,0.99999,0.00000,0.00000,0.00001
481.32001,1.02194,0.99999,0.00000,0.00000,0.00001
481.45999,1.02194,0.99999,0.00000,0.00000,0.00001
481.60001,1.02194,1.00000,0.00000,0.00000,0.00000
481.73999,1.02194,1.00000,0.00000,0.00000,0.00000
481.88000,1.02194,1.00000,0.00000,0.00000,0.00000
482.01999,1.02194,1.00000,0.00000,0.00000,0.00000
482.16000,1.02194,1.00000,0.00000,0.00000,0.00000
482.29999,1.02194,1.00000,0.00000,0.00000,0.00000
482.44000,1.02194,1.00000,0.00000,0.00000,0.00000
482.57999,1.02194,1.00000,0.00000,0.00000,0.00000
482.72000,1.02194,1.00000,0.00000,0.00000,0.00000
482.85999,1.02194,0.99998,0.00000,0.00000,0.00002
483.00000,1.02194,0.99996,0.00000,0.00000,0.00004
483.14001,1.02191,0.99984,0.00000,0.00000,0.00016
483.28000,1.02194,0.99914,0.00000,0.00001,0.00085
483.42001,1.02191,0.99801,0.00000,0.00001,0.00198
483.56000,1.02194,0.99993,0.00000,0.00000,0.00007
483.70001,1.02191,0.99999,0.00000,0.00000,0.00000
483.84000,1.02194,1.00000,0.00000,0.00000,0.00000
483.98001,1.02191,1.00000,0.00000,0.00000,0.00000
484.12000,1.02194,1.00000,0.00000,0.00000,0.00000
484.26001,1.02194,1.00000,0.00000,0.00000,0.00000
484.39999,1.02194,1.00000,0.00000,0.00000,0.00000
484.54001,1.02194,1.00000,0.00000,0.00000,0.00000
484.67999,1.02194,1.00000,0.00000,0.00000,0.00000
484.82001,1.02194,1.00000,0.00000,0.00000,0.00000
484.95999,1.02194,1.00000,0.00000,0.00000,0.00000
485.10001,1.02194,1.00000,0.00000,0.00000,0.00000
485.23999,1.02194,1.00000,0.00000,0.00000,0.00000
485.38000,1.02194,1.00000,0.00000,0.00000,0.00000
485.51999,1.02194,1.00000,0.00000,0.00000,0.00000
485.66000,1.02194,1.00000,0.00000,0.00000,0.00000
485.79999,1.02194,1.00000,0.00000,0.00000,0.00000
485.94000,1.02194,1.00000,0.00000,0.00000,0.00000
486.07999,1.02194,1.00000,0.00000,0.00000,0.00000
486.22000,1.02194,1.00000,0.00000,0.00000,0.00000
486.35999,1.02194,1.00000,0.00000,0.00000,0.00000
486.50000,1.02194,1.00000,0.00000,0.00000,0.00000
486.64001,1.02191,1.00000,0.00000,0.00000,0.00000
486.78000,1.02194,1.00000,0.00000,0.00000,0.00000
486.92001,1.02191,1.00000,0.00000,0.00000,0.00000
487.06000,1.02194,1.00000,0.00000,0.00000,0.00000
487.20001,1.02191,1.00000,0.00000,0.00000,0.00000
487.34000,1.02194,1.00000,0.00000,0.00000,0.00000
487.48001,1.02191,1.00000,0.00000,0.00000,0.00000
487.62000,1.02194,1.00000,0.00000,0.00000,0.00000
487.76001,1.02194,1.00000,0.00000,0.00000,0.00000
487.89999,1.02194,1.00000,0.00000,0.00000,0.00000
488.04001,1.02194,1.00000,0.00000,0.00000,0.00000
488.17999,1.02194,1.00000,0.00000,0.00000,0.00000
488.32001,1.02194,1.00000,0.00000,0.00000,0.00000
488.45999,1.02194,1.00000,0.00000,0.00000,0.00000
488.60001,1.02194,1.00000,0.00000,0.00000,0.00000
488.73999,1.02194,1.00000,0.00000,0.00000,0.00000
488.88000,1.02194,1.00000,0.00000,0.00000,0.00000
489.01999,1.02194,1.00000,0.00000,0.00000,0.00000
489.16000,1.02194,1.00000,0.00000,0.00000,0.00000
489.29999,1.02194,1.00000,0.00000,0.00000,0.00000
489.44000,1.02194,1.00000,0.00000,0.00000,0.00000
489.57999,1.02194,1.00000,0.00000,0.00000,0.00000
489.72000,1.02194,1.00000,0.00000,0.00000,0.00000
489.85999,1.02194,1.00000,0.00000,0.00000,0.00000
490.00000,1.02194,1.00000,0.00000,0.00000,0.00000
490.14001,1.02191,1.00000,0.00000,0.00000,0.00000
490.28000,1.02194,1.00000,0.00000,0.00000,0.00000
490.42001,1.02191,1.00000,0.00000,0.00000,0.00000
490.56000,1.02194,1.00000,0.00000,0.00000,0.00000
490.70001,1.02191,1.00000,0.00000,0.00000,0.00000
490.84000,1.02194,1.00000,0.00000,0.00000,0.00000
490.98001,1.02191,1.00000,0.00000,0.00000,0.00000
491.12000,1.02194,1.00000,0.00000,0.00000,0.00000
491.26001,1.02194,1.00000,0.00000,0.00000,0.00000
491.39999,1.02194,0.99999,0.00000,0.00000,0.00000
491.54001,1.02194,0.99999,0.00000,0.00000,0.00001
491.67999,1.02194,0.99999,0.00000,0.00000,0.00001
491.82001,1.02194,0.99939,0.00000,0.00001,0.00061
491.95999,1.02194,0.99829,0.00000,0.00001,0.00170
492.10001,1.02194,0.99445,0.00000,0.00003,0.00553
492.23999,1.02194,0.99541,0.00000,0.00002,0.00457
492.38000,1.02194,0.99885,0.00000,0.00001,0.00114
492.51999,1.02194,0.99966,0.00000,0.00000,0.00033
492.66000,1.02194,0.99960,0.00000,0.00000,0.00039
492.79999,1.02194,0.99907,0.00000,0.00001,0.00092
492.94000,1.02194,0.99977,0.00000,0.00000,0.00023
493.07999,1.02194,0.99987,0.00000,0.00000,0.00013
493.22000,1.02194,0.99994,0.00000,0.00000,0.00006
493.35999,1.02194,0.99995,0.00000,0.00000,0.00005
493.50000,1.02194,0.99999,0.00000,0.00000,0.00001
493.64001,1.02191,1.00000,0.00000,0.00000,0.00000
493.78000,1.02194,1.00000,0.00000,0.00000,0.00000
493.92001,1.02191,1.00000,0.00000,0.00000,0.00000
494.06000,1.02194,1.00000,0.00000,0.00000,0.00000
494.20001,1.02191,1.00000,0.00000,0.00000,0.00000
494.34000,1.02194,1.00000,0.00000,0.00000,0.00000
494.48001,1.02191,1.00000,0.00000,0.00000,0.00000
494.62000,1.02194,1.00000,0.00000,0.00000,0.00000
494.76001,1.02194,1.00000,0.00000,0.00000,0.00000
494.89999,1.02194,1.00000,0.00000,0.00000,0.00000
495.04001,1.02194,1.00000,0.00000,0.00000,0.00000
495.17999,1.02194,1.00000,0.00000,0.00000,0.00000
495.32001,1.02194,1.00000,0.00000,0.00000,0.00000
495.45999,1.02194,1.00000,0.00000,0.00000,0.00000
495.60001,1.02194,1.00000,0.00000,0.00000,0.00000
495.73999,1.02194,1.00000,0.00000,0.00000,0.00000
495.88000,1.02194,1.00000,0.00000,0.00000,0.00000
496.01999,1.02194,1.00000,0.00000,0.00000,0.00000
496.16000,1.02194,1.00000,0.00000,0.00000,0.00000
496.29999,1.02194,1.00000,0.00000,0.00000,0.00000
496.44000,1.02194,1.00000,0.00000,0.00000,0.00000
496.57999,1.02194,1.00000,0.00000,0.00000,0.00000
496.72000,1.02194,1.00000,0.00000,0.00000,0.00000
496.85999,1.02194,1.00000,0.00000,0.00000,0.00000
497.00000,1.02194,1.00000,0.00000,0.00000,0.00000
497.14001,1.02191,1.00000,0.00000,0.00000,0.00000
497.28000,1.02194,1.00000,0.00000,0.00000,0.00000
497.42001,1.02191,1.00000,0.00000,0.00000,0.00000
497.56000,1.02194,1.00000,0.00000,0.00000,0.00000
497.70001,1.02191,1.00000,0.00000,0.00000,0.00000
497.84000,1.02194,1.00000,0.00000,0.00000,0.00000
497.98001,1.02191,1.00000,0.00000,0.00000,0.00000
498.12000,1.02194,1.00000,0.00000,0.00000,0.00000
498.26001,1.02194,1.00000,0.00000,0.00000,0.00000
498.39999,1.02194,1.00000,0.00000,0.00000,0.00000
498.54001,1.02194,1.00000,0.00000,0.00000,0.00000
498.67999,1.02194,1.00000,0.00000,0.00000,0.00000
498.82001,1.02194,1.00000,0.00000,0.00000,0.00000
498.95999,1.02194,1.00000,0.00000,0.00000,0.00000
499.10001,1.02194,1.00000,0.00000,0.00000,0.00000
499.23999,1.02194,0.99998,0.00000,0.00001,0.00001
499.38000,1.02194,0.99997,0.00000,0.00002,0.00001
499.51999,1.02194,0.99996,0.00000,0.00003,0.00001
499.66000,1.02194,0.99998,0.00000,0.00002,0.00000
499.79999,1.02194,1.00000,0.00000,0.00000,0.00000
499.94000,1.02194,1.00000,0.00000,0.00000,0.00000
500.07999,1.02194,1.00000,0.00000,0.00000,0.00000
500.22000,1.02194,1.00000,0.00000,0.00000,0.00000
500.35999,1.02194,1.00000,0.00000,0.00000,0.00000
500.50000,1.02194,1.00000,0.00000,0.00000,0.00000
500.64001,1.02191,1.00000,0.00000,0.00000,0.00000
500.78000,1.02194,1.00000,0.00000,0.00000,0.00000
500.92001,1.02191,1.00000,0.00000,0.00000,0.00000
501.06000,1.02194,1.00000,0.00000,0.00000,0.00000
501.20001,1.02191,1.00000,0.00000,0.00000,0.00000
501.34000,1.02194,1.00000,0.00000,0.00000,0.00000
501.48001,1.02191,1.00000,0.00000,0.00000,0.00000
501.62000,1.02194,1.00000,0.00000,0.00000,0.00000
501.76001,1.02194,1.00000,0.00000,0.00000,0.00000
501.89999,1.02194,0.99998,0.00000,0.00000,0.00001
502.04001,1.02194,0.99999,0.00000,0.00000,0.00001
502.17999,1.02194,0.99995,0.00000,0.00000,0.00004
502.32001,1.02194,0.99765,0.00000,0.00012,0.00222
502.45999,1.02194,0.99234,0.00000,0.00014,0.00753
502.60001,1.02194,0.99526,0.00000,0.00008,0.00465
502.73999,1.02194,0.99957,0.00000,0.00002,0.00041
502.88000,1.02194,0.99998,0.00000,0.00000,0.00002
503.01999,1.02194,0.99998,0.00000,0.00000,0.00001
503.16000,1.02194,1.00000,0.00000,0.00000,0.00000
503.29999,1.02194,0.99999,0.00000,0.00000,0.00001
503.44000,1.02194,0.99997,0.00000,0.00000,0.00003
503.57999,1.02194,0.99977,0.00000,0.00001,0.00023
503.72000,1.02194,0.99937,0.00000,0.00001,0.00062
503.85999,1.02194,0.99944,0.00000,0.00001,0.00055
504.00000,1.02194,0.99998,0.00000,0.00000,0.00002
504.14001,1.02191,1.00000,0.00000,0.00000,0.00000
504.28000,1.02194,1.00000,0.00000,0.00000,0.00000
504.42001,1.02191,1.00000,0.00000,0.00000,0.00000
504.56000,1.02194,1.00000,0.00000,0.00000,0.00000
504.70001,1.02191,1.00000,0.00000,0.00000,0.00000
504.84000,1.02194,1.00000,0.00000,0.00000,0.00000
504.98001,1.02191,1.00000,0.00000,0.00000,0.00000
505.12000,1.02194,1.00000,0.00000,0.00000,0.00000
505.26001,1.02194,1.00000,0.00000,0.00000,0.00000
505.39999,1.02194,1.00000,0.00000,0.00000,0.00000
505.54001,1.02194,1.00000,0.00000,0.00000,0.00000
505.67999,1.02194,1.00000,0.00000,0.00000,0.00000
505.82001,1.02194,1.00000,0.00000,0.00000,0.00000
505.95999,1.02194,1.00000,0.00000,0.00000,0.00000
506.10001,1.02194,1.00000,0.00000,0.00000,0.00000
506.23999,1.02194,1.00000,0.00000,0.00000,0.00000
506.38000,1.02194,1.00000,0.00000,0.00000,0.00000
506.51999,1.02194,1.00000,0.00000,0.00000,0.00000
506.66000,1.02194,1.00000,0.00000,0.00000,0.00000
506.79999,1.02194,1.00000,0.00000,0.00000,0.00000
506.94000,1.02194,1.00000,0.00000,0.00000,0.00000
507.07999,1.02194,1.00000,0.00000,0.00000,0.00000
507.22000,1.02194,1.00000,0.00000,0.00000,0.00000
507.35999,1.02194,1.00000,0.00000,0.00000,0.00000
507.50000,1.02194,1.00000,0.00000,0.00000,0.00000
507.64001,1.02191,1.00000,0.00000,0.00000,0.00000
507.78000,1.02194,1.00000,0.00000,0.00000,0.00000
507.92001,1.02191,1.00000,0.00000,0.00000,0.00000
508.06000,1.02194,1.00000,0.00000,0.00000,0.00000
508.20001,1.02191,1.00000,0.00000,0.00000,0.00000
508.34000,1.02194,1.00000,0.00000,0.00000,0.00000
508.48001,1.02191,1.00000,0.00000,0.00000,0.00000
508.62000,1.02194,1.00000,0.00000,0.00000,0.00000
508.76001,1.02194,1.00000,0.00000,0.00000,0.00000
508.89999,1.02194,0.99999,0.00000,0.00000,0.00001
509.04001,1.02194,0.99995,0.00000,0.00000,0.00004
509.17999,1.02194,0.99973,0.00000,0.00000,0.00026
509.32001,1.02194,0.99965,0.00000,0.00000,0.00035
509.45999,1.02194,0.99981,0.00000,0.00000,0.00018
509.60001,1.02194,0.99997,0.00000,0.00000,0.00003
509.73999,1.02194,0.99999,0.00000,0.00000,0.00001
509.88000,1.02194,1.00000,0.00000,0.00000,0.00000
510.01999,1.02194,1.00000,0.00000,0.00000,0.00000
510.16000,1.02194,1.00000,0.00000,0.00000,0.00000
510.29999,1.02194,1.00000,0.00000,0.00000,0.00000
510.44000,1.02194,1.00000,0.00000,0.00000,0.00000
510.57999,1.02194,1.00000,0.00000,0.00000,0.00000
510.72000,1.02194,1.00000,0.00000,0.00000,0.00000
510.85999,1.02194,1.00000,0.00000,0.00000,0.00000
511.00000,1.02191,1.00000,0.00000,0.00000,0.00000
511.14001,1.02191,1.00000,0.00000,0.00000,0.00000
511.28000,1.02194,1.00000,0.00000,0.00000,0.00000
511.42001,1.02194,1.00000,0.00000,0.00000,0.00000
511.56000,1.02191,1.00000,0.00000,0.00000,0.00000
511.70001,1.02191,1.00000,0.00000,0.00000,0.00000
511.84000,1.02194,0.99997,0.00000,0.00000,0.00002
511.98001,1.02194,0.99977,0.00000,0.00001,0.00022
512.12000,1.02197,0.99946,0.00000,0.00002,0.00052
512.26001,1.02191,0.97069,0.00000,0.00020,0.02912
512.40002,1.02191,0.78217,0.00001,0.00221,0.21560
512.53998,1.02197,0.78319,0.00001,0.00062,0.21618
512.67999,1.02197,0.54698,0.00008,0.00129,0.45165
512.82001,1.02191,0.85549,0.00000,0.00094,0.14357
512.96002,1.02191,0.90739,0.00002,0.00046,0.09213
513.09998,1.02197,0.99679,0.00000,0.00017,0.00303
513.23999,1.02197,0.99992,0.00000,0.00001,0.00007
513.38000,1.02191,1.00000,0.00000,0.00000,0.00000
513.52002,1.02191,1.00000,0.00000,0.00000,0.00000
513.65997,1.02197,1.00000,0.00000,0.00000,0.00000
513.79999,1.02197,1.00000,0.00000,0.00000,0.00000
513.94000,1.02191,1.00000,0.00000,0.00000,0.00000
514.08002,1.02191,0.99999,0.00000,0.00000,0.00000
514.21997,1.02197,0.99989,0.00000,0.00002,0.00009
514.35999,1.02197,0.99985,0.00000,0.00002,0.00013
514.50000,1.02191,0.99974,0.00000,0.00002,0.00024
514.64001,1.02191,0.99983,0.00000,0.00001,0.00016
514.78003,1.02191,0.99999,0.00000,0.00000,0.00001
514.91998,1.02197,1.00000,0.00000,0.00000,0.00000
515.06000,1.02191,1.00000,0.00000,0.00000,0.00000
515.20001,1.02191,1.00000,0.00000,0.00000,0.00000
515.34003,1.02191,1.00000,0.00000,0.00000,0.00000
515.47998,1.02197,1.00000,0.00000,0.00000,0.00000
515.62000,1.02197,1.00000,0.00000,0.00000,0.00000
515.76001,1.02191,1.00000,0.00000,0.00000,0.00000
515.90002,1.02191,1.00000,0.00000,0.00000,0.00000
516.03998,1.02197,1.00000,0.00000,0.00000,0.00000
516.17999,1.02197,1.00000,0.00000,0.00000,0.00000
516.32001,1.02191,1.00000,0.00000,0.00000,0.00000
516.46002,1.02191,1.00000,0.00000,0.00000,0.00000
516.59998,1.02197,1.00000,0.00000,0.00000,0.00000
516.73999,1.02197,1.00000,0.00000,0.00000,0.00000
516.88000,1.02191,1.00000,0.00000,0.00000,0.00000
517.02002,1.02191,1.00000,0.00000,0.00000,0.00000
517.15997,1.02197,1.00000,0.00000,0.00000,0.00000
517.29999,1.02197,1.00000,0.00000,0.00000,0.00000
517.44000,1.02191,1.00000,0.00000,0.00000,0.00000
517.58002,1.02191,1.00000,0.00000,0.00000,0.00000
517.71997,1.02197,1.00000,0.00000,0.00000,0.00000
517.85999,1.02197,1.00000,0.00000,0.00000,0.00000
518.00000,1.02191,1.00000,0.00000,0.00000,0.00000
518.14001,1.02191,1.00000,0.00000,0.00000,0.00000
518.28003,1.02191,1.00000,0.00000,0.00000,0.00000
518.41998,1.02197,1.00000,0.00000,0.00000,0.00000
518.56000,1.02191,1.00000,0.00000,0.00000,0.00000
518.70001,1.02191,1.00000,0.00000,0.00000,0.00000
518.84003,1.02191,1.00000,0.00000,0.00000,0.00000
518.97998,1.02197,1.00000,0.00000,0.00000,0.00000
519.12000,1.02197,1.00000,0.00000,0.00000,0.00000
519.26001,1.02191,1.00000,0.00000,0.00000,0.00000
519.40002,1.02191,1.00000,0.00000,0.00000,0.00000
519.53998,1.02197,1.00000,0.00000,0.00000,0.00000
519.67999,1.02197,1.00000,0.00000,0.00000,0.00000
519.82001,1.02191,1.00000,0.00000,0.00000,0.00000
519.96002,1.02191,1.00000,0.00000,0.00000,0.00000
520.09998,1.02197,1.00000,0.00000,0.00000,0.00000
520.23999,1.02197,1.00000,0.00000,0.00000,0.00000
520.38000,1.02191,1.00000,0.00000,0.00000,0.00000
520.52002,1.02191,1.00000,0.00000,0.00000,0.00000
520.65997,1.02197,1.00000,0.00000,0.00000,0.00000
520.79999,1.02197,1.00000,0.00000,0.00000,0.00000
520.94000,1.02191,1.00000,0.00000,0.00000,0.00000
521.08002,1.02191,1.00000,0.00000,0.00000,0.00000
521.21997,1.02197,1.00000,0.00000,0.00000,0.00000
521.35999,1.02197,1.00000,0.00000,0.00000,0.00000
521.50000,1.02191,1.00000,0.00000,0.00000,0.00000
521.64001,1.02191,1.00000,0.00000,0.00000,0.00000
521.78003,1.02191,1.00000,0.00000,0.00000,0.00000
521.91998,1.02197,1.00000,0.00000,0.00000,0.00000
522.06000,1.02191,1.00000,0.00000,0.00000,0.00000
522.20001,1.02191,1.00000,0.00000,0.00000,0.00000
522.34003,1.02191,1.00000,0.00000,0.00000,0.00000
522.47998,1.02197,1.00000,0.00000,0.00000,0.00000
522.62000,1.02197,1.00000,0.00000,0.00000,0.00000
522.76001,1.02191,1.00000,0.00000,0.00000,0.00000
522.90002,1.02191,1.00000,0.00000,0.00000,0.00000
523.03998,1.02197,1.00000,0.00000,0.00000,0.00000
523.17999,1.02197,1.00000,0.00000,0.00000,0.00000
523.32001,1.02191,1.00000,0.00000,0.00000,0.00000
523.46002,1.02191,1.00000,0.00000,0.00000,0.00000
523.59998,1.02197,1.00000,0.00000,0.00000,0.00000
523.73999,1.02197,1.00000,0.00000,0.00000,0.00000
523.88000,1.02191,1.00000,0.00000,0.00000,0.00000
524.02002,1.02191,1.00000,0.00000,0.00000,0.00000
524.15997,1.02197,1.00000,0.00000,0.00000,0.00000
524.29999,1.02197,1.00000,0.00000,0.00000,0.00000
524.44000,1.02191,1.00000,0.00000,0.00000,0.00000
524.58002,1.02191,1.00000,0.00000,0.00000,0.00000
524.71997,1.02197,1.00000,0.00000,0.00000,0.00000
524.85999,1.02197,1.00000,0.00000,0.00000,0.00000
525.00000,1.02191,1.00000,0.00000,0.00000,0.00000
525.14001,1.02191,1.00000,0.00000,0.00000,0.00000
525.28003,1.02191,1.00000,0.00000,0.00000,0.00000
525.41998,1.02197,1.00000,0.00000,0.00000,0.00000
525.56000,1.02191,1.00000,0.00000,0.00000,0.00000
525.70001,1.02191,1.00000,0.00000,0.00000,0.00000
525.84003,1.02191,1.00000,0.00000,0.00000,0.00000
525.97998,1.02197,1.00000,0.00000,0.00000,0.00000
526.12000,1.02197,1.00000,0.00000,0.00000,0.00000
526.26001,1.02191,1.00000,0.00000,0.00000,0.00000
526.40002,1.02191,1.00000,0.00000,0.00000,0.00000
526.53998,1.02197,1.00000,0.00000,0.00000,0.00000
526.67999,1.02197,1.00000,0.00000,0.00000,0.00000
526.82001,1.02191,1.00000,0.00000,0.00000,0.00000
526.96002,1.02191,1.00000,0.00000,0.00000,0.00000
527.09998,1.02197,1.00000,0.00000,0.00000,0.00000
527.23999,1.02197,1.00000,0.00000,0.00000,0.00000
527.38000,1.02191,1.00000,0.00000,0.00000,0.00000
527.52002,1.02191,1.00000,0.00000,0.00000,0.00000
527.65997,1.02197,1.00000,0.00000,0.00000,0.00000
527.79999,1.02197,1.00000,0.00000,0.00000,0.00000
527.94000,1.02191,1.00000,0.00000,0.00000,0.00000
528.08002,1.02191,1.00000,0.00000,0.00000,0.00000
528.21997,1.02197,1.00000,0.00000,0.00000,0.00000
528.35999,1.02197,0.99999,0.00000,0.00000,0.00000
528.50000,1.02191,0.99998,0.00000,0.00000,0.00002
528.64001,1.02191,0.99991,0.00000,0.00000,0.00009
528.78003,1.02191,0.99974,0.00000,0.00001,0.00025
528.91998,1.02197,0.99989,0.00000,0.00000,0.00010
529.06000,1.02191,0.99993,0.00000,0.00000,0.00006
529.20001,1.02191,0.99839,0.00000,0.00002,0.00158
529.34003,1.02191,0.99936,0.00000,0.00001,0.00063
529.47998,1.02197,0.99832,0.00000,0.00004,0.00164
529.62000,1.02197,0.99911,0.00000,0.00003,0.00086
529.76001,1.02191,0.99981,0.00000,0.00001,0.00018
529.90002,1.02191,0.99996,0.00000,0.00000,0.00004
530.03998,1.02197,0.99998,0.00000,0.00000,0.00002
530.17999,1.02197,0.99999,0.00000,0.00000,0.00001
530.32001,1.02191,0.99999,0.00000,0.00000,0.00001
530.46002,1.02191,0.99984,0.00000,0.00001,0.00014
530.59998,1.02197,0.99670,0.00000,0.00017,0.00314
530.73999,1.02197,0.99816,0.00000,0.00003,0.00181
530.88000,1.02191,0.99000,0.00000,0.00006,0.00993
531.02002,1.02191,0.99588,0.00000,0.00005,0.00407
531.15997,1.02197,0.99346,0.00000,0.00003,0.00651
531.29999,1.02197,0.99829,0.00000,0.00001,0.00170
531.44000,1.02191,0.99947,0.00000,0.00001,0.00053
531.58002,1.02191,0.99980,0.00000,0.00000,0.00020
531.71997,1.02197,0.99999,0.00000,0.00000,0.00001
531.85999,1.02197,1.00000,0.00000,0.00000,0.00000
532.00000,1.02191,1.00000,0.00000,0.00000,0.00000
532.14001,1.02191,1.00000,0.00000,0.00000,0.00000
532.28003,1.02191,1.00000,0.00000,0.00000,0.00000
532.41998,1.02197,1.00000,0.00000,0.00000,0.00000
532.56000,1.02191,1.00000,0.00000,0.00000,0.00000
532.70001,1.02191,0.99998,0.00000,0.00001,0.00001
532.84003,1.02191,0.99761,0.00000,0.00014,0.00225
532.97998,1.02197,0.99429,0.00000,0.00013,0.00558
533.12000,1.02197,0.99272,0.00000,0.00014,0.00713
533.26001,1.02191,0.99936,0.00000,0.00003,0.00062
533.40002,1.02191,0.99984,0.00000,0.00001,0.00015
533.53998,1.02197,0.99998,0.00000,0.00000,0.00002
533.67999,1.02197,1.00000,0.00000,0.00000,0.00000
533.82001,1.02191,1.00000,0.00000,0.00000,0.00000
533.96002,1.02191,1.00000,0.00000,0.00000,0.00000
534.09998,1.02197,1.00000,0.00000,0.00000,0.00000
534.23999,1.02197,1.00000,0.00000,0.00000,0.00000
534.38000,1.02191,1.00000,0.00000,0.00000,0.00000
534.52002,1.02191,1.00000,0.00000,0.00000,0.00000
534.65997,1.02197,1.00000,0.00000,0.00000,0.00000
534.79999,1.02197,1.00000,0.00000,0.00000,0.00000
534.94000,1.02191,1.00000,0.00000,0.00000,0.00000
535.08002,1.02191,1.00000,0.00000,0.00000,0.00000
535.21997,1.02197,1.00000,0.00000,0.00000,0.00000
535.35999,1.02197,1.00000,0.00000,0.00000,0.00000
535.50000,1.02191,1.00000,0.00000,0.00000,0.00000
535.64001,1.02191,1.00000,0.00000,0.00000,0.00000
535.78003,1.02191,1.00000,0.00000,0.00000,0.00000
535.91998,1.02197,1.00000,0.00000,0.00000,0.00000
536.06000,1.02191,0.99999,0.00000,0.00000,0.00001
536.20001,1.02191,0.99999,0.00000,0.00000,0.00001
536.34003,1.02191,0.99999,0.00000,0.00000,0.00001
536.47998,1.02197,0.99999,0.00000,0.00000,0.00001
536.62000,1.02197,1.00000,0.00000,0.00000,0.00000
536.76001,1.02191,0.99999,0.00000,0.00000,0.00000
536.90002,1.02191,1.00000,0.00000,0.00000,0.00000
537.03998,1.02197,1.00000,0.00000,0.00000,0.00000
537.17999,1.02197,1.00000,0.00000,0.00000,0.00000
537.32001,1.02191,1.00000,0.00000,0.00000,0.00000
537.46002,1.02191,1.00000,0.00000,0.00000,0.00000
537.59998,1.02197,1.00000,0.00000,0.00000,0.00000
537.73999,1.02197,1.00000,0.00000,0.00000,0.00000
537.88000,1.02191,1.00000,0.00000,0.00000,0.00000
538.02002,1.02191,1.00000,0.00000,0.00000,0.00000
538.15997,1.02197,1.00000,0.00000,0.00000,0.00000
538.29999,1.02197,1.00000,0.00000,0.00000,0.00000
538.44000,1.02191,1.00000,0.00000,0.00000,0.00000
538.58002,1.02191,1.00000,0.00000,0.00000,0.00000
538.71997,1.02197,1.00000,0.00000,0.00000,0.00000
538.85999,1.02197,0.99999,0.00000,0.00000,0.00000
539.00000,1.02191,0.99995,0.00000,0.00001,0.00004
539.14001,1.02191,0.99886,0.00000,0.00003,0.00111
539.28003,1.02191,0.99346,0.00000,0.00005,0.00650
539.41998,1.02197,0.99641,0.00000,0.00003,0.00356
539.56000,1.02191,0.99935,0.00000,0.00001,0.00064
539.70001,1.02191,0.99991,0.00000,0.00000,0.00009
539.84003,1.02191,0.99999,0.00000,0.00000,0.00001
539.97998,1.02197,1.00000,0.00000,0.00000,0.00000
540.12000,1.02197,1.00000,0.00000,0.00000,0.00000
540.26001,1.02191,1.00000,0.00000,0.00000,0.00000
540.40002,1.02191,1.00000,0.00000,0.00000,0.00000
540.53998,1.02197,1.00000,0.00000,0.00000,0.00000
540.67999,1.02197,1.00000,0.00000,0.00000,0.00000
540.82001,1.02191,1.00000,0.00000,0.00000,0.00000
540.96002,1.02191,1.00000,0.00000,0.00000,0.00000
541.09998,1.02197,1.00000,0.00000,0.00000,0.00000
541.23999,1.02197,1.00000,0.00000,0.00000,0.00000
541.38000,1.02191,0.99999,0.00000,0.00000,0.00001
541.52002,1.02191,1.00000,0.00000,0.00000,0.00000
541.65997,1.02197,1.00000,0.00000,0.00000,0.00000
541.79999,1.02197,1.00000,0.00000,0.00000,0.00000
541.94000,1.02191,1.00000,0.00000,0.00000,0.00000
542.08002,1.02191,0.99999,0.00000,0.00000,0.00001
542.21997,1.02197,0.99994,0.00000,0.00000,0.00006
542.35999,1.02197,0.99950,0.00000,0.00001,0.00050
542.50000,1.02191,0.99654,0.00000,0.00002,0.00344
542.64001,1.02191,0.99528,0.00000,0.00002,0.00470
542.78003,1.02191,0.99628,0.00000,0.00002,0.00370
542.91998,1.02197,0.99968,0.00000,0.00000,0.00031
543.06000,1.02191,0.99995,0.00000,0.00000,0.00005
543.20001,1.02191,1.00000,0.00000,0.00000,0.00000
543.34003,1.02191,1.00000,0.00000,0.00000,0.00000
543.47998,1.02197,1.00000,0.00000,0.00000,0.00000
543.62000,1.02197,1.00000,0.00000,0.00000,0.00000
543.76001,1.02191,0.99999,0.00000,0.00000,0.00001
543.90002,1.02191,0.99995,0.00000,0.00000,0.00005
544.03998,1.02197,0.99891,0.00000,0.00001,0.00108
544.17999,1.02197,0.99664,0.00000,0.00005,0.00331
544.32001,1.02191,0.99848,0.00000,0.00003,0.00149
544.46002,1.02191,0.99936,0.00000,0.00002,0.00062
544.59998,1.02197,0.99960,0.00000,0.00002,0.00038
544.73999,1.02197,0.99925,0.00000,0.00002,0.00073
544.88000,1.02191,0.99978,0.00000,0.00000,0.00022
545.02002,1.02191,0.99990,0.00000,0.00000,0.00010
545.15997,1.02197,0.99999,0.00000,0.00000,0.00001
545.29999,1.02197,1.00000,0.00000,0.00000,0.00000
545.44000,1.02191,1.00000,0.00000,0.00000,0.00000
545.58002,1.02191,1.00000,0.00000,0.00000,0.00000
545.71997,1.02197,1.00000,0.00000,0.00000,0.00000
545.85999,1.02197,1.00000,0.00000,0.00000,0.00000
546.00000,1.02191,1.00000,0.00000,0.00000,0.00000
546.14001,1.02191,1.00000,0.00000,0.00000,0.00000
546.28003,1.02191,0.99999,0.00000,0.00000,0.00000
546.41998,1.02197,0.99999,0.00000,0.00000,0.00000
546.56000,1.02191,1.00000,0.00000,0.00000,0.00000
546.70001,1.02191,1.00000,0.00000,0.00000,0.00000
546.84003,1.02191,1.00000,0.00000,0.00000,0.00000
546.97998,1.02197,1.00000,0.00000,0.00000,0.00000
547.12000,1.02197,1.00000,0.00000,0.00000,0.00000
547.26001,1.02191,1.00000,0.00000,0.00000,0.00000
547.40002,1.02191,1.00000,0.00000,0.00000,0.00000
547.53998,1.02197,1.00000,0.00000,0.00000,0.00000
547.67999,1.02197,1.00000,0.00000,0.00000,0.00000
547.82001,1.02191,1.00000,0.00000,0.00000,0.00000
547.96002,1.02191,1.00000,0.00000,0.00000,0.00000
548.09998,1.02197,1.00000,0.00000,0.00000,0.00000
548.23999,1.02197,1.00000,0.00000,0.00000,0.00000
548.38000,1.02191,1.00000,0.00000,0.00000,0.00000
548.52002,1.02191,1.00000,0.00000,0.00000,0.00000
548.65997,1.02197,1.00000,0.00000,0.00000,0.00000
548.79999,1.02197,1.00000,0.00000,0.00000,0.00000
548.94000,1.02191,0.99985,0.00000,0.00001,0.00014
549.08002,1.02191,0.99708,0.00000,0.00003,0.00289
549.21997,1.02197,0.99413,0.00000,0.00002,0.00586
549.35999,1.02197,0.99894,0.00000,0.00001,0.00105
549.50000,1.02191,0.99984,0.00000,0.00000,0.00015
549.64001,1.02191,0.99992,0.00000,0.00000,0.00008
549.78003,1.02191,0.99999,0.00000,0.00000,0.00001
549.91998,1.02197,1.00000,0.00000,0.00000,0.00000
550.06000,1.02191,1.00000,0.00000,0.00000,0.00000
550.20001,1.02191,1.00000,0.00000,0.00000,0.00000
550.34003,1.02191,1.00000,0.00000,0.00000,0.00000
550.47998,1.02197,1.00000,0.00000,0.00000,0.00000
550.62000,1.02197,1.00000,0.00000,0.00000,0.00000
550.76001,1.02191,1.00000,0.00000,0.00000,0.00000
550.90002,1.02191,1.00000,0.00000,0.00000,0.00000
551.03998,1.02197,1.00000,0.00000,0.00000,0.00000
551.17999,1.02197,1.00000,0.00000,0.00000,0.00000
551.32001,1.02191,1.00000,0.00000,0.00000,0.00000
551.46002,1.02191,1.00000,0.00000,0.00000,0.00000
551.59998,1.02197,0.99992,0.00000,0.00000,0.00008
551.73999,1.02197,0.99907,0.00000,0.00001,0.00092
551.88000,1.02191,0.99771,0.00000,0.00002,0.00228
552.02002,1.02191,0.99517,0.00000,0.00003,0.00480
552.15997,1.02197,0.98502,0.00000,0.00005,0.01493
552.29999,1.02197,0.94889,0.00000,0.00012,0.05099
552.44000,1.02191,0.96647,0.00000,0.00005,0.03348
552.58002,1.02191,0.99349,0.00000,0.00003,0.00648
552.71997,1.02197,0.99573,0.00000,0.00002,0.00425
552.85999,1.02197,0.99469,0.00000,0.00002,0.00529
553.00000,1.02191,0.99933,0.00000,0.00001,0.00067
553.14001,1.02191,0.99996,0.00000,0.00000,0.00004
553.28003,1.02191,1.00000,0.00000,0.00000,0.00000
553.41998,1.02197,1.00000,0.00000,0.00000,0.00000
553.56000,1.02191,1.00000,0.00000,0.00000,0.00000
553.70001,1.02191,1.00000,0.00000,0.00000,0.00000
553.84003,1.02191,1.00000,0.00000,0.00000,0.00000
553.97998,1.02197,0.99999,0.00000,0.00000,0.00001
554.12000,1.02197,0.99991,0.00000,0.00000,0.00009
554.26001,1.02191,0.99977,0.00000,0.00001,0.00022
554.40002,1.02191,0.99994,0.00000,0.00001,0.00006
554.53998,1.02197,0.99995,0.00000,0.00001,0.00005
554.67999,1.02197,0.99834,0.00000,0.00011,0.00155
554.82001,1.02191,0.99782,0.00000,0.00004,0.00214
554.96002,1.02191,0.99795,0.00000,0.00002,0.00203
555.09998,1.02197,0.99993,0.00000,0.00001,0.00006
555.23999,1.02197,0.99999,0.00000,0.00000,0.00000
555.38000,1.02191,1.00000,0.00000,0.00000,0.00000
555.52002,1.02191,1.00000,0.00000,0.00000,0.00000
555.65997,1.02197,1.00000,0.00000,0.00000,0.00000
555.79999,1.02197,1.00000,0.00000,0.00000,0.00000
555.94000,1.02191,1.00000,0.00000,0.00000,0.00000
556.08002,1.02191,1.00000,0.00000,0.00000,0.00000
556.21997,1.02197,0.99999,0.00000,0.00000,0.00000
556.35999,1.02197,1.00000,0.00000,0.00000,0.00000
556.50000,1.02191,1.00000,0.00000,0.00000,0.00000
556.64001,1.02191,1.00000,0.00000,0.00000,0.00000
556.78003,1.02191,1.00000,0.00000,0.00000,0.00000
556.91998,1.02197,1.00000,0.00000,0.00000,0.00000
557.06000,1.02191,1.00000,0.00000,0.00000,0.00000
557.20001,1.02191,1.00000,0.00000,0.00000,0.00000
557.34003,1.02191,1.00000,0.00000,0.00000,0.00000
557.47998,1.02197,1.00000,0.00000,0.00000,0.00000
557.62000,1.02197,1.00000,0.00000,0.00000,0.00000
557.76001,1.02191,1.00000,0.00000,0.00000,0.00000
557.90002,1.02191,1.00000,0.00000,0.00000,0.00000
558.03998,1.02197,0.99999,0.00000,0.00000,0.00000
558.17999,1.02197,0.99999,0.00000,0.00000,0.00001
558.32001,1.02191,1.00000,0.00000,0.00000,0.00000
558.46002,1.02191,1.00000,0.00000,0.00000,0.00000
558.59998,1.02197,1.00000,0.00000,0.00000,0.00000
558.73999,1.02197,1.00000,0.00000,0.00000,0.00000
558.88000,1.02191,1.00000,0.00000,0.00000,0.00000
559.02002,1.02191,1.00000,0.00000,0.00000,0.00000
559.15997,1.02197,1.00000,0.00000,0.00000,0.00000
559.29999,1.02197,1.00000,0.00000,0.00000,0.00000
559.44000,1.02191,1.00000,0.00000,0.00000,0.00000
559.58002,1.02191,1.00000,0.00000,0.00000,0.00000
559.71997,1.02197,1.00000,0.00000,0.00000,0.00000
559.85999,1.02197,1.00000,0.00000,0.00000,0.00000
560.00000,1.02191,1.00000,0.00000,0.00000,0.00000
560.14001,1.02191,1.00000,0.00000,0.00000,0.00000
560.28003,1.02191,1.00000,0.00000,0.00000,0.00000
560.41998,1.02197,1.00000,0.00000,0.00000,0.00000
560.56000,1.02191,1.00000,0.00000,0.00000,0.00000
560.70001,1.02191,1.00000,0.00000,0.00000,0.00000
560.84003,1.02191,1.00000,0.00000,0.00000,0.00000
560.97998,1.02197,1.00000,0.00000,0.00000,0.00000
561.12000,1.02197,1.00000,0.00000,0.00000,0.00000
561.26001,1.02191,1.00000,0.00000,0.00000,0.00000
561.40002,1.02191,1.00000,0.00000,0.00000,0.00000
561.53998,1.02197,1.00000,0.00000,0.00000,0.00000
561.67999,1.02197,1.00000,0.00000,0.00000,0.00000
561.82001,1.02191,1.00000,0.00000,0.00000,0.00000
561.96002,1.02191,1.00000,0.00000,0.00000,0.00000
562.09998,1.02197,1.00000,0.00000,0.00000,0.00000
562.23999,1.02197,1.00000,0.00000,0.00000,0.00000
562.38000,1.02191,1.00000,0.00000,0.00000,0.00000
562.52002,1.02191,1.00000,0.00000,0.00000,0.00000
562.65997,1.02197,1.00000,0.00000,0.00000,0.00000
562.79999,1.02197,1.00000,0.00000,0.00000,0.00000
562.94000,1.02191,1.00000,0.00000,0.00000,0.00000
563.08002,1.02191,1.00000,0.00000,0.00000,0.00000
563.21997,1.02197,1.00000,0.00000,0.00000,0.00000
563.35999,1.02197,1.00000,0.00000,0.00000,0.00000
563.50000,1.02191,1.00000,0.00000,0.00000,0.00000
563.64001,1.02191,1.00000,0.00000,0.00000,0.00000
563.78003,1.02191,1.00000,0.00000,0.00000,0.00000
563.91998,1.02197,1.00000,0.00000,0.00000,0.00000
564.06000,1.02191,1.00000,0.00000,0.00000,0.00000
564.20001,1.02191,1.00000,0.00000,0.00000,0.00000
564.34003,1.02191,1.00000,0.00000,0.00000,0.00000
564.47998,1.02197,1.00000,0.00000,0.00000,0.00000
564.62000,1.02197,1.00000,0.00000,0.00000,0.00000
564.76001,1.02191,1.00000,0.00000,0.00000,0.00000
564.90002,1.02191,1.00000,0.00000,0.00000,0.00000
565.03998,1.02197,1.00000,0.00000,0.00000,0.00000
565.17999,1.02197,1.00000,0.00000,0.00000,0.00000
565.32001,1.02191,1.00000,0.00000,0.00000,0.00000
565.46002,1.02191,1.00000,0.00000,0.00000,0.00000
565.59998,1.02197,1.00000,0.00000,0.00000,0.00000
565.73999,1.02197,1.00000,0.00000,0.00000,0.00000
565.88000,1.02191,1.00000,0.00000,0.00000,0.00000
566.02002,1.02191,1.00000,0.00000,0.00000,0.00000
566.15997,1.02197,1.00000,0.00000,0.00000,0.00000
566.29999,1.02197,0.99999,0.00000,0.00000,0.00001
566.44000,1.02191,1.00000,0.00000,0.00000,0.00000
566.58002,1.02191,1.00000,0.00000,0.00000,0.00000
566.71997,1.02197,1.00000,0.00000,0.00000,0.00000
566.85999,1.02197,1.00000,0.00000,0.00000,0.00000
567.00000,1.02191,1.00000,0.00000,0.00000,0.00000
567.14001,1.02191,1.00000,0.00000,0.00000,0.00000
567.28003,1.02191,1.00000,0.00000,0.00000,0.00000
567.41998,1.02197,1.00000,0.00000,0.00000,0.00000
567.56000,1.02191,1.00000,0.00000,0.00000,0.00000
567.70001,1.02191,1.00000,0.00000,0.00000,0.00000
567.84003,1.02191,1.00000,0.00000,0.00000,0.00000
567.97998,1.02197,1.00000,0.00000,0.00000,0.00000
568.12000,1.02197,1.00000,0.00000,0.00000,0.00000
568.26001,1.02191,1.00000,0.00000,0.00000,0.00000
568.40002,1.02191,1.00000,0.00000,0.00000,0.00000
568.53998,1.02197,1.00000,0.00000,0.00000,0.00000
568.67999,1.02197,1.00000,0.00000,0.00000,0.00000
568.82001,1.02191,1.00000,0.00000,0.00000,0.00000
568.96002,1.02191,1.00000,0.00000,0.00000,0.00000
569.09998,1.02197,1.00000,0.00000,0.00000,0.00000
569.23999,1.02197,1.00000,0.00000,0.00000,0.00000
569.38000,1.02191,1.00000,0.00000,0.00000,0.00000
569.52002,1.02191,1.00000,0.00000,0.00000,0.00000
569.65997,1.02197,1.00000,0.00000,0.00000,0.00000
569.79999,1.02197,1.00000,0.00000,0.00000,0.00000
569.94000,1.02191,1.00000,0.00000,0.00000,0.00000
570.08002,1.02191,1.00000,0.00000,0.00000,0.00000
570.21997,1.02197,1.00000,0.00000,0.00000,0.00000
570.35999,1.02197,1.00000,0.00000,0.00000,0.00000
570.50000,1.02191,1.00000,0.00000,0.00000,0.00000
570.64001,1.02191,1.00000,0.00000,0.00000,0.00000
570.78003,1.02191,1.00000,0.00000,0.00000,0.00000
570.91998,1.02197,1.00000,0.00000,0.00000,0.00000
571.06000,1.02191,1.00000,0.00000,0.00000,0.00000
571.20001,1.02191,1.00000,0.00000,0.00000,0.00000
571.34003,1.02191,1.00000,0.00000,0.00000,0.00000
571.47998,1.02197,1.00000,0.00000,0.00000,0.00000
571.62000,1.02197,1.00000,0.00000,0.00000,0.00000
571.76001,1.02191,1.00000,0.00000,0.00000,0.00000
571.90002,1.02191,1.00000,0.00000,0.00000,0.00000
572.03998,1.02197,1.00000,0.00000,0.00000,0.00000
572.17999,1.02197,1.00000,0.00000,0.00000,0.00000
572.32001,1.02191,1.00000,0.00000,0.00000,0.00000
572.46002,1.02191,1.00000,0.00000,0.00000,0.00000
572.59998,1.02197,1.00000,0.00000,0.00000,0.00000
572.73999,1.02197,0.99999,0.00000,0.00000,0.00001
572.88000,1.02191,0.99999,0.00000,0.00000,0.00001
573.02002,1.02191,0.99996,0.00000,0.00000,0.00004
573.15997,1.02197,0.99959,0.00000,0.00001,0.00040
573.29999,1.02197,0.99980,0.00000,0.00000,0.00020
573.44000,1.02191,0.99993,0.00000,0.00000,0.00007
573.58002,1.02191,0.99996,0.00000,0.00000,0.00003
573.71997,1.02197,0.99999,0.00000,0.00000,0.00001
573.85999,1.02197,1.00000,0.00000,0.00000,0.00000
574.00000,1.02191,1.00000,0.00000,0.00000,0.00000
574.14001,1.02191,1.00000,0.00000,0.00000,0.00000
574.28003,1.02191,1.00000,0.00000,0.00000,0.00000
574.41998,1.02197,1.00000,0.00000,0.00000,0.00000
574.56000,1.02191,1.00000,0.00000,0.00000,0.00000
574.70001,1.02191,1.00000,0.00000,0.00000,0.00000
574.84003,1.02191,1.00000,0.00000,0.00000,0.00000
574.97998,1.02197,1.00000,0.00000,0.00000,0.00000
575.12000,1.02197,1.00000,0.00000,0.00000,0.00000
575.26001,1.02191,1.00000,0.00000,0.00000,0.00000
575.40002,1.02191,1.00000,0.00000,0.00000,0.00000
575.53998,1.02197,1.00000,0.00000,0.00000,0.00000
575.67999,1.02197,1.00000,0.00000,0.00000,0.00000
575.82001,1.02191,1.00000,0.00000,0.00000,0.00000
575.96002,1.02191,1.00000,0.00000,0.00000,0.00000
576.09998,1.02197,1.00000,0.00000,0.00000,0.00000
576.23999,1.02197,1.00000,0.00000,0.00000,0.00000
576.38000,1.02191,1.00000,0.00000,0.00000,0.00000
576.52002,1.02191,1.00000,0.00000,0.00000,0.00000
576.65997,1.02197,1.00000,0.00000,0.00000,0.00000
576.79999,1.02197,1.00000,0.00000,0.00000,0.00000
576.94000,1.02191,0.99997,0.00000,0.00000,0.00003
577.08002,1.02191,0.99986,0.00000,0.00000,0.00014
577.21997,1.02197,0.99976,0.00000,0.00000,0.00024
577.35999,1.02197,0.99984,0.00000,0.00000,0.00016
577.50000,1.02191,0.99900,0.00000,0.00001,0.00099
577.64001,1.02191,0.99532,0.00000,0.00003,0.00464
577.78003,1.02191,0.99789,0.00000,0.00003,0.00208
577.91998,1.02197,0.99481,0.00000,0.00004,0.00515
578.06000,1.02191,0.79853,0.00000,0.00070,0.20077
578.20001,1.02191,0.61439,0.00000,0.00072,0.38488
578.34003,1.02191,0.95640,0.00000,0.00011,0.04348
578.47998,1.02197,0.99716,0.00000,0.00006,0.00278
578.62000,1.02197,0.99997,0.00000,0.00000,0.00003
578.76001,1.02191,0.99999,0.00000,0.00000,0.00001
578.90002,1.02191,1.00000,0.00000,0.00000,0.00000
579.03998,1.02197,1.00000,0.00000,0.00000,0.00000
579.17999,1.02197,1.00000,0.00000,0.00000,0.00000
579.32001,1.02191,1.00000,0.00000,0.00000,0.00000
579.46002,1.02191,1.00000,0.00000,0.00000,0.00000
579.59998,1.02197,1.00000,0.00000,0.00000,0.00000
579.73999,1.02197,1.00000,0.00000,0.00000,0.00000
579.88000,1.02191,1.00000,0.00000,0.00000,0.00000
580.02002,1.02191,1.00000,0.00000,0.00000,0.00000
580.15997,1.02197,1.00000,0.00000,0.00000,0.00000
580.29999,1.02197,1.00000,0.00000,0.00000,0.00000
580.44000,1.02191,1.00000,0.00000,0.00000,0.00000
580.58002,1.02191,1.00000,0.00000,0.00000,0.00000
580.71997,1.02197,0.99999,0.00000,0.00001,0.00001
580.85999,1.02197,0.99999,0.00000,0.00000,0.00001
581.00000,1.02191,0.99999,0.00000,0.00000,0.00001
581.14001,1.02191,0.99998,0.00000,0.00001,0.00001
581.28003,1.02191,0.99999,0.00000,0.00000,0.00001
581.41998,1.02197,0.99997,0.00000,0.00000,0.00002
581.56000,1.02191,0.99999,0.00000,0.00000,0.00001
581.70001,1.02191,0.99998,0.00000,0.00000,0.00002
581.84003,1.02191,0.99999,0.00000,0.00000,0.00001
581.97998,1.02197,1.00000,0.00000,0.00000,0.00000
582.12000,1.02197,1.00000,0.00000,0.00000,0.00000
582.26001,1.02191,1.00000,0.00000,0.00000,0.00000
582.40002,1.02191,1.00000,0.00000,0.00000,0.00000
582.53998,1.02197,1.00000,0.00000,0.00000,0.00000
582.67999,1.02197,1.00000,0.00000,0.00000,0.00000
582.82001,1.02191,1.00000,0.00000,0.00000,0.00000
582.96002,1.02191,1.00000,0.00000,0.00000,0.00000
583.09998,1.02197,1.00000,0.00000,0.00000,0.00000
583.23999,1.02197,1.00000,0.00000,0.00000,0.00000
583.38000,1.02191,0.99999,0.00000,0.00000,0.00001
583.52002,1.02191,0.99998,0.00000,0.00000,0.00002
583.65997,1.02197,0.99995,0.00000,0.00000,0.00005
583.79999,1.02197,0.99997,0.00000,0.00000,0.00003
583.94000,1.02191,0.99993,0.00000,0.00000,0.00007
584.08002,1.02191,0.99968,0.00000,0.00002,0.00031
584.21997,1.02197,0.99973,0.00000,0.00001,0.00026
584.35999,1.02197,0.99967,0.00000,0.00001,0.00032
584.50000,1.02191,1.00000,0.00000,0.00000,0.00000
584.64001,1.02191,1.00000,0.00000,0.00000,0.00000
584.78003,1.02191,1.00000,0.00000,0.00000,0.00000
584.91998,1.02197,1.00000,0.00000,0.00000,0.00000
585.06000,1.02191,1.00000,0.00000,0.00000,0.00000
585.20001,1.02191,1.00000,0.00000,0.00000,0.00000
585.34003,1.02191,1.00000,0.00000,0.00000,0.00000
585.47998,1.02197,1.00000,0.00000,0.00000,0.00000
585.62000,1.02197,1.00000,0.00000,0.00000,0.00000
585.76001,1.02191,1.00000,0.00000,0.00000,0.00000
585.90002,1.02191,1.00000,0.00000,0.00000,0.00000
586.03998,1.02197,1.00000,0.00000,0.00000,0.00000
586.17999,1.02197,1.00000,0.00000,0.00000,0.00000
586.32001,1.02191,1.00000,0.00000,0.00000,0.00000
586.46002,1.02191,1.00000,0.00000,0.00000,0.00000
586.59998,1.02197,1.00000,0.00000,0.00000,0.00000
586.73999,1.02197,1.00000,0.00000,0.00000,0.00000
586.88000,1.02191,1.00000,0.00000,0.00000,0.00000
587.02002,1.02191,1.00000,0.00000,0.00000,0.00000
587.15997,1.02197,1.00000,0.00000,0.00000,0.00000
587.29999,1.02197,1.00000,0.00000,0.00000,0.00000
587.44000,1.02191,1.00000,0.00000,0.00000,0.00000
587.58002,1.02191,1.00000,0.00000,0.00000,0.00000
587.71997,1.02197,1.00000,0.00000,0.00000,0.00000
587.85999,1.02197,1.00000,0.00000,0.00000,0.00000
588.00000,1.02191,1.00000,0.00000,0.00000,0.00000
588.14001,1.02191,1.00000,0.00000,0.00000,0.00000
588.28003,1.02191,1.00000,0.00000,0.00000,0.00000
588.41998,1.02197,1.00000,0.00000,0.00000,0.00000
588.56000,1.02191,1.00000,0.00000,0.00000,0.00000
588.70001,1.02191,1.00000,0.00000,0.00000,0.00000
588.84003,1.02191,1.00000,0.00000,0.00000,0.00000
588.97998,1.02197,1.00000,0.00000,0.00000,0.00000
589.12000,1.02197,1.00000,0.00000,0.00000,0.00000
589.26001,1.02191,1.00000,0.00000,0.00000,0.00000
589.40002,1.02191,1.00000,0.00000,0.00000,0.00000
589.53998,1.02197,1.00000,0.00000,0.00000,0.00000
589.67999,1.02197,1.00000,0.00000,0.00000,0.00000
589.82001,1.02191,0.99999,0.00000,0.00000,0.00001
589.96002,1.02191,0.99999,0.00000,0.00000,0.00001
590.09998,1.02197,0.99998,0.00000,0.00000,0.00002
590.23999,1.02197,0.99997,0.00000,0.00000,0.00003
590.38000,1.02191,0.99996,0.00000,0.00000,0.00004
590.52002,1.02191,1.00000,0.00000,0.00000,0.00000
590.65997,1.02197,1.00000,0.00000,0.00000,0.00000
590.79999,1.02197,1.00000,0.00000,0.00000,0.00000
590.94000,1.02191,1.00000,0.00000,0.00000,0.00000
591.08002,1.02191,1.00000,0.00000,0.00000,0.00000
591.21997,1.02197,1.00000,0.00000,0.00000,0.00000
591.35999,1.02197,0.99999,0.00000,0.00000,0.00001
591.50000,1.02191,0.99998,0.00000,0.00000,0.00002
591.64001,1.02191,0.99998,0.00000,0.00000,0.00002
591.78003,1.02191,0.99999,0.00000,0.00000,0.00001
591.91998,1.02197,0.99999,0.00000,0.00000,0.00001
592.06000,1.02191,1.00000,0.00000,0.00000,0.00000
592.20001,1.02191,1.00000,0.00000,0.00000,0.00000
592.34003,1.02191,1.00000,0.00000,0.00000,0.00000
592.47998,1.02197,1.00000,0.00000,0.00000,0.00000
592.62000,1.02197,1.00000,0.00000,0.00000,0.00000
592.76001,1.02191,1.00000,0.00000,0.00000,0.00000
592.90002,1.02191,0.99999,0.00000,0.00000,0.00000
593.03998,1.02197,0.99997,0.00000,0.00000,0.00003
593.17999,1.02197,0.99996,0.00000,0.00000,0.00003
593.32001,1.02191,0.99999,0.00000,0.00000,0.00001
593.46002,1.02191,1.00000,0.00000,0.00000,0.00000
593.59998,1.02197,1.00000,0.00000,0.00000,0.00000
593.73999,1.02197,1.00000,0.00000,0.00000,0.00000
593.88000,1.02191,1.00000,0.00000,0.00000,0.00000
594.02002,1.02191,1.00000,0.00000,0.00000,0.00000
594.15997,1.02197,1.00000,0.00000,0.00000,0.00000
594.29999,1.02197,1.00000,0.00000,0.00000,0.00000
594.44000,1.02191,1.00000,0.00000,0.00000,0.00000
594.58002,1.02191,1.00000,0.00000,0.00000,0.00000
594.71997,1.02197,1.00000,0.00000,0.00000,0.00000
594.85999,1.02197,1.00000,0.00000,0.00000,0.00000
595.00000,1.02191,1.00000,0.00000,0.00000,0.00000
595.14001,1.02191,1.00000,0.00000,0.00000,0.00000
595.28003,1.02191,1.00000,0.00000,0.00000,0.00000
595.41998,1.02197,1.00000,0.00000,0.00000,0.00000
595.56000,1.02191,1.00000,0.00000,0.00000,0.00000
595.70001,1.02191,1.00000,0.00000,0.00000,0.00000
595.84003,1.02191,1.00000,0.00000,0.00000,0.00000
595.97998,1.02197,1.00000,0.00000,0.00000,0.00000
596.12000,1.02197,1.00000,0.00000,0.00000,0.00000
596.26001,1.02191,1.00000,0.00000,0.00000,0.00000
596.40002,1.02191,1.00000,0.00000,0.00000,0.00000
596.53998,1.02197,1.00000,0.00000,0.00000,0.00000
596.67999,1.02197,1.00000,0.00000,0.00000,0.00000
596.82001,1.02191,1.00000,0.00000,0.00000,0.00000
596.96002,1.02191,1.00000,0.00000,0.00000,0.00000
597.09998,1.02197,1.00000,0.00000,0.00000,0.00000
597.23999,1.02197,1.00000,0.00000,0.00000,0.00000
597.38000,1.02191,1.00000,0.00000,0.00000,0.00000
597.52002,1.02191,1.00000,0.00000,0.00000,0.00000
597.65997,1.02197,1.00000,0.00000,0.00000,0.00000
597.79999,1.02197,1.00000,0.00000,0.00000,0.00000
597.94000,1.02191,1.00000,0.00000,0.00000,0.00000
598.08002,1.02191,0.99999,0.00000,0.00000,0.00000
598.21997,1.02197,1.00000,0.00000,0.00000,0.00000
598.35999,1.02197,0.99999,0.00000,0.00000,0.00000
598.50000,1.02191,1.00000,0.00000,0.00000,0.00000
598.64001,1.02191,1.00000,0.00000,0.00000,0.00000
598.78003,1.02191,1.00000,0.00000,0.00000,0.00000
598.91998,1.02197,1.00000,0.00000,0.00000,0.00000
599.06000,1.02191,1.00000,0.00000,0.00000,0.00000
599.20001,1.02191,1.00000,0.00000,0.00000,0.00000
599.34003,1.02191,0.99999,0.00000,0.00000,0.00001
599.47998,1.02197,0.99999,0.00000,0.00000,0.00001
599.62000,1.02197,0.99999,0.00000,0.00000,0.00001
599.76001,1.02191,1.00000,0.00000,0.00000,0.00000
599.90002,1.02191,1.00000,0.00000,0.00000,0.00000
600.03998,1.02197,1.00000,0.00000,0.00000,0.00000
600.17999,1.02197,1.00000,0.00000,0.00000,0.00000
600.32001,1.02191,1.00000,0.00000,0.00000,0.00000
600.46002,1.02191,1.00000,0.00000,0.00000,0.00000
600.59998,1.02197,1.00000,0.00000,0.00000,0.00000
600.73999,1.02197,1.00000,0.00000,0.00000,0.00000
600.88000,1.02191,1.00000,0.00000,0.00000,0.00000
601.02002,1.02191,1.00000,0.00000,0.00000,0.00000
601.15997,1.02197,1.00000,0.00000,0.00000,0.00000
601.29999,1.02197,1.00000,0.00000,0.00000,0.00000
601.44000,1.02191,1.00000,0.00000,0.00000,0.00000
601.58002,1.02191,1.00000,0.00000,0.00000,0.00000
601.71997,1.02197,1.00000,0.00000,0.00000,0.00000
601.85999,1.02197,1.00000,0.00000,0.00000,0.00000
602.00000,1.02191,1.00000,0.00000,0.00000,0.00000
602.14001,1.02191,1.00000,0.00000,0.00000,0.00000
602.28003,1.02191,1.00000,0.00000,0.00000,0.00000
602.41998,1.02197,1.00000,0.00000,0.00000,0.00000
602.56000,1.02191,1.00000,0.00000,0.00000,0.00000
602.70001,1.02191,1.00000,0.00000,0.00000,0.00000
602.84003,1.02191,1.00000,0.00000,0.00000,0.00000
602.97998,1.02197,1.00000,0.00000,0.00000,0.00000
603.12000,1.02197,1.00000,0.00000,0.00000,0.00000
603.26001,1.02191,1.00000,0.00000,0.00000,0.00000
603.40002,1.02191,1.00000,0.00000,0.00000,0.00000
603.53998,1.02197,1.00000,0.00000,0.00000,0.00000
603.67999,1.02197,1.00000,0.00000,0.00000,0.00000
603.82001,1.02191,1.00000,0.00000,0.00000,0.00000
603.96002,1.02191,1.00000,0.00000,0.00000,0.00000
604.09998,1.02197,1.00000,0.00000,0.00000,0.00000
604.23999,1.02197,0.99999,0.00000,0.00000,0.00001
604.38000,1.02191,0.99999,0.00000,0.00000,0.00001
