Time (seconds), Duration (seconds),pred_(unlabeled),pred_brushing_teeth,pred_hair_drying,pred_showering
0.00000,1.02194,0.99708,0.00194,0.00085,0.00013
0.14000,1.02194,0.99312,0.00522,0.00143,0.00023
0.28000,1.02194,0.99215,0.00607,0.00155,0.00023
0.42000,1.02194,0.99105,0.00698,0.00172,0.00025
0.56000,1.02194,0.99121,0.00664,0.00187,0.00028
0.70000,1.02194,0.99267,0.00493,0.00201,0.00040
0.84000,1.02194,0.99775,0.00122,0.00063,0.00040
0.98000,1.02194,0.99685,0.00229,0.00074,0.00012
1.12000,1.02194,0.99725,0.00202,0.00062,0.00010
1.26000,1.02194,0.99713,0.00220,0.00059,0.00008
1.40000,1.02194,0.99731,0.00207,0.00055,0.00007
1.54000,1.02194,0.99728,0.00209,0.00056,0.00007
1.68000,1.02194,0.99712,0.00224,0.00057,0.00007
1.82000,1.02194,0.99665,0.00265,0.00062,0.00008
1.96000,1.02194,0.99590,0.00328,0.00073,0.00009
2.10000,1.02194,0.99506,0.00402,0.00083,0.00008
2.24000,1.02194,0.99464,0.00434,0.00093,0.00009
2.38000,1.02194,0.99441,0.00454,0.00096,0.00009
2.52000,1.02194,0.99381,0.00504,0.00106,0.00010
2.66000,1.02194,0.99401,0.00486,0.00102,0.00010
2.80000,1.02194,0.99634,0.00277,0.00079,0.00009
2.94000,1.02194,0.99710,0.00226,0.00056,0.00008
3.08000,1.02194,0.99730,0.00215,0.00048,0.00007
3.22000,1.02194,0.99729,0.00214,0.00050,0.00007
3.36000,1.02194,0.99648,0.00287,0.00057,0.00008
3.50000,1.02194,0.99665,0.00262,0.00065,0.00009
3.64000,1.02194,0.99777,0.00148,0.00059,0.00016
3.78000,1.02194,0.99677,0.00235,0.00075,0.00012
3.92000,1.02194,0.99633,0.00268,0.00089,0.00009
4.06000,1.02194,0.97436,0.02287,0.00255,0.00023
4.20000,1.02194,0.98343,0.01376,0.00245,0.00036
4.34000,1.02194,0.97536,0.02109,0.00291,0.00064
4.48000,1.02194,0.97172,0.02590,0.00192,0.00045
4.62000,1.02194,0.95656,0.04120,0.00179,0.00045
4.76000,1.02194,0.91683,0.07383,0.00733,0.00201
4.90000,1.02194,0.95834,0.03706,0.00383,0.00077
5.04000,1.02194,0.98885,0.00809,0.00183,0.00123
5.18000,1.02194,0.98884,0.00819,0.00226,0.00071
5.32000,1.02194,0.98681,0.00528,0.00686,0.00105
5.46000,1.02194,0.97544,0.00607,0.01616,0.00233
5.60000,1.02194,0.98341,0.00235,0.00940,0.00484
5.74000,1.02194,0.98918,0.00184,0.00660,0.00237
5.88000,1.02194,0.98793,0.00224,0.00769,0.00214
6.02000,1.02194,0.99241,0.00177,0.00360,0.00222
6.16000,1.02194,0.99128,0.00369,0.00412,0.00092
6.30000,1.02194,0.99381,0.00432,0.00144,0.00042
6.44000,1.02194,0.99626,0.00307,0.00055,0.00012
6.58000,1.02194,0.99391,0.00510,0.00087,0.00012
6.72000,1.02194,0.99292,0.00600,0.00097,0.00011
6.86000,1.02194,0.98974,0.00876,0.00132,0.00018
7.00000,1.02194,0.99127,0.00693,0.00154,0.00026
7.14000,1.02194,0.98437,0.01321,0.00227,0.00015
7.28000,1.02194,0.99213,0.00615,0.00156,0.00016
7.42000,1.02194,0.99323,0.00531,0.00133,0.00014
7.56000,1.02194,0.99250,0.00574,0.00160,0.00017
7.70000,1.02194,0.99283,0.00517,0.00181,0.00019
7.84000,1.02194,0.98915,0.00834,0.00225,0.00027
7.98000,1.02194,0.99049,0.00725,0.00201,0.00025
8.12000,1.02194,0.98877,0.00897,0.00201,0.00024
8.26000,1.02194,0.98886,0.00851,0.00237,0.00025
8.40000,1.02194,0.99500,0.00345,0.00121,0.00034
8.54000,1.02194,0.99538,0.00302,0.00127,0.00033
8.68000,1.02194,0.99741,0.00178,0.00064,0.00017
8.82000,1.02194,0.99677,0.00232,0.00080,0.00011
8.96000,1.02194,0.99755,0.00183,0.00054,0.00009
9.10000,1.02194,0.99737,0.00200,0.00055,0.00007
9.24000,1.02194,0.99727,0.00205,0.00060,0.00007
9.38000,1.02194,0.99704,0.00220,0.00068,0.00008
9.52000,1.02194,0.99672,0.00247,0.00073,0.00008
9.66000,1.02194,0.99686,0.00236,0.00070,0.00008
9.80000,1.02194,0.99746,0.00175,0.00065,0.00014
9.94000,1.02194,0.99708,0.00217,0.00066,0.00009
10.08000,1.02194,0.99652,0.00260,0.00079,0.00009
10.22000,1.02194,0.99672,0.00253,0.00068,0.00007
10.36000,1.02194,0.99742,0.00200,0.00052,0.00007
10.50000,1.02194,0.99745,0.00197,0.00051,0.00006
10.64000,1.02194,0.99748,0.00196,0.00050,0.00006
10.78000,1.02194,0.99763,0.00182,0.00048,0.00006
10.92000,1.02194,0.99762,0.00184,0.00048,0.00006
11.06000,1.02194,0.99753,0.00192,0.00049,0.00006
11.20000,1.02194,0.99758,0.00187,0.00048,0.00006
11.34000,1.02194,0.99763,0.00183,0.00048,0.00006
11.48000,1.02194,0.99758,0.00187,0.00049,0.00006
11.62000,1.02194,0.99762,0.00184,0.00048,0.00006
11.76000,1.02194,0.99755,0.00189,0.00049,0.00006
11.90000,1.02194,0.99749,0.00194,0.00050,0.00006
12.04000,1.02194,0.99758,0.00187,0.00049,0.00007
12.18000,1.02194,0.99741,0.00202,0.00051,0.00006
12.32000,1.02194,0.99750,0.00193,0.00050,0.00006
12.46000,1.02194,0.99744,0.00199,0.00051,0.00006
12.60000,1.02194,0.99740,0.00201,0.00052,0.00007
12.74000,1.02194,0.99731,0.00208,0.00053,0.00007
12.88000,1.02194,0.99749,0.00192,0.00053,0.00007
13.02000,1.02194,0.99705,0.00228,0.00060,0.00007
13.16000,1.02194,0.99596,0.00325,0.00070,0.00009
13.30000,1.02194,0.99413,0.00485,0.00092,0.00010
13.44000,1.02194,0.99286,0.00595,0.00107,0.00012
13.58000,1.02194,0.99143,0.00721,0.00123,0.00013
13.72000,1.02194,0.99152,0.00692,0.00138,0.00019
13.86000,1.02194,0.98664,0.01072,0.00242,0.00022
14.00000,1.02194,0.99415,0.00442,0.00116,0.00026
14.14000,1.02194,0.98984,0.00535,0.00457,0.00024
14.28000,1.02194,0.97657,0.01016,0.01217,0.00110
14.42000,1.02194,0.96587,0.02118,0.00918,0.00377
14.56000,1.02194,0.95203,0.03218,0.01082,0.00498
14.70000,1.02194,0.93801,0.04200,0.01454,0.00545
14.84000,1.02194,0.87311,0.10873,0.01073,0.00743
14.98000,1.02194,0.77838,0.21116,0.00588,0.00458
15.12000,1.02194,0.72012,0.27534,0.00300,0.00153
15.26000,1.02194,0.93014,0.06818,0.00116,0.00052
15.40000,1.02194,0.83968,0.15869,0.00142,0.00021
15.54000,1.02194,0.94981,0.04797,0.00179,0.00042
15.68000,1.02194,0.98828,0.00958,0.00159,0.00055
15.82000,1.02194,0.98885,0.00765,0.00159,0.00192
15.96000,1.02194,0.99066,0.00466,0.00119,0.00349
16.10000,1.02194,0.98959,0.00338,0.00211,0.00492
16.24000,1.02194,0.98894,0.00281,0.00168,0.00657
16.38000,1.02194,0.99008,0.00580,0.00183,0.00230
16.52000,1.02194,0.96675,0.02859,0.00317,0.00149
16.66000,1.02194,0.98728,0.01126,0.00122,0.00024
16.80000,1.02194,0.99654,0.00189,0.00124,0.00032
16.94000,1.02194,0.99710,0.00177,0.00091,0.00022
17.08000,1.02194,0.99757,0.00151,0.00075,0.00017
17.22000,1.02194,0.99583,0.00238,0.00153,0.00026
17.36000,1.02194,0.98722,0.00408,0.00728,0.00141
17.50000,1.02194,0.97826,0.00970,0.01082,0.00122
17.64000,1.02194,0.98937,0.00563,0.00456,0.00044
17.78000,1.02194,0.99286,0.00396,0.00290,0.00028
17.92000,1.02194,0.98533,0.00823,0.00597,0.00048
18.06000,1.02194,0.99156,0.00580,0.00249,0.00015
18.20000,1.02194,0.99529,0.00364,0.00100,0.00008
18.34000,1.02194,0.99775,0.00169,0.00049,0.00006
18.48000,1.02194,0.99753,0.00177,0.00063,0.00007
18.62000,1.02194,0.98656,0.01037,0.00285,0.00022
18.76000,1.02194,0.95750,0.04011,0.00188,0.00051
18.90000,1.02194,0.87989,0.11655,0.00266,0.00089
19.04000,1.02194,0.80267,0.19238,0.00369,0.00127
19.18000,1.02194,0.78776,0.19092,0.01019,0.01113
19.32000,1.02194,0.52237,0.35886,0.00913,0.10963
19.46000,1.02194,0.54400,0.38348,0.00772,0.06479
19.60000,1.02194,0.69931,0.11969,0.01361,0.16739
19.74000,1.02194,0.56743,0.04676,0.03142,0.35439
19.88000,1.02194,0.64328,0.06423,0.05179,0.24070
20.02000,1.02194,0.84013,0.04588,0.02796,0.08603
20.16000,1.02194,0.92692,0.02746,0.01880,0.02682
20.30000,1.02194,0.95138,0.01709,0.01094,0.02058
20.44000,1.02194,0.94404,0.02051,0.01213,0.02331
20.58000,1.02194,0.93631,0.01669,0.01498,0.03202
20.72000,1.02194,0.85860,0.02841,0.03599,0.07700
20.86000,1.02194,0.74281,0.01679,0.06382,0.17658
21.00000,1.02194,0.72781,0.01508,0.07555,0.18155
21.14000,1.02194,0.81201,0.01006,0.04447,0.13346
21.28000,1.02194,0.79111,0.01488,0.05813,0.13588
21.42000,1.02194,0.66131,0.01355,0.06453,0.26062
21.56000,1.02194,0.53874,0.01010,0.06042,0.39074
21.70000,1.02194,0.34642,0.00432,0.04357,0.60569
21.84000,1.02194,0.22723,0.00263,0.03158,0.73856
21.98000,1.02194,0.18005,0.00234,0.03069,0.78692
22.12000,1.02194,0.12051,0.00150,0.02450,0.85349
22.26000,1.02194,0.09148,0.00125,0.02277,0.88450
22.40000,1.02194,0.10690,0.00103,0.01672,0.87535
22.54000,1.02194,0.23363,0.00128,0.01950,0.74559
22.68000,1.02194,0.41358,0.00275,0.02342,0.56024
22.82000,1.02194,0.60388,0.00456,0.02518,0.36637
22.96000,1.02194,0.69706,0.00704,0.03612,0.25977
23.10000,1.02194,0.80552,0.01246,0.04168,0.14034
23.24000,1.02194,0.86180,0.00887,0.03554,0.09380
23.38000,1.02194,0.79604,0.01083,0.06471,0.12841
23.52000,1.02194,0.79854,0.00921,0.06889,0.12336
23.66000,1.02194,0.79568,0.00700,0.05507,0.14225
23.80000,1.02194,0.74228,0.01122,0.07929,0.16720
23.94000,1.02194,0.74070,0.00924,0.07070,0.17936
24.08000,1.02194,0.73020,0.00838,0.06808,0.19334
24.22000,1.02194,0.56431,0.01356,0.09918,0.32295
24.36000,1.02194,0.55655,0.00971,0.06268,0.37107
24.50000,1.02194,0.61125,0.00709,0.04713,0.33453
24.64000,1.02194,0.80530,0.00662,0.02275,0.16533
24.78000,1.02194,0.91928,0.00795,0.01308,0.05969
24.92000,1.02194,0.93897,0.01144,0.01330,0.03629
25.06000,1.02194,0.96555,0.00520,0.00747,0.02177
25.20000,1.02194,0.96226,0.01284,0.00941,0.01548
25.34000,1.02194,0.95894,0.01610,0.00936,0.01560
25.48000,1.02194,0.95310,0.01761,0.01250,0.01680
25.62000,1.02194,0.95328,0.01423,0.01275,0.01974
25.76000,1.02194,0.96833,0.00799,0.00725,0.01644
25.90000,1.02194,0.96805,0.00976,0.00788,0.01430
26.04000,1.02194,0.96081,0.01283,0.01086,0.01550
26.18000,1.02194,0.95856,0.01169,0.01181,0.01794
26.32000,1.02194,0.96472,0.00857,0.00951,0.01720
26.46000,1.02194,0.97306,0.00836,0.00653,0.01204
26.60000,1.02194,0.97632,0.00861,0.00612,0.00895
26.74000,1.02194,0.97996,0.00840,0.00483,0.00681
26.88000,1.02194,0.98011,0.00781,0.00458,0.00751
27.02000,1.02194,0.97272,0.00983,0.00656,0.01090
27.16000,1.02194,0.96489,0.01131,0.00848,0.01531
27.30000,1.02194,0.93878,0.01557,0.01561,0.03004
27.44000,1.02194,0.88534,0.01916,0.02905,0.06644
27.58000,1.02194,0.87862,0.02793,0.03567,0.05778
27.72000,1.02194,0.89394,0.01835,0.02319,0.06452
27.86000,1.02194,0.86979,0.02305,0.03195,0.07521
28.00000,1.02194,0.85198,0.02204,0.03803,0.08795
28.14000,1.02194,0.87198,0.02165,0.03136,0.07502
28.28000,1.02194,0.88466,0.01894,0.02988,0.06652
28.42000,1.02194,0.72799,0.02796,0.05964,0.18441
28.56000,1.02194,0.77447,0.01158,0.03021,0.18374
28.70000,1.02194,0.71924,0.00811,0.02583,0.24683
28.84000,1.02194,0.67450,0.00859,0.04290,0.27402
28.98000,1.02194,0.71522,0.01163,0.04301,0.23014
29.12000,1.02194,0.68520,0.01861,0.06688,0.22930
29.26000,1.02194,0.80279,0.01158,0.04354,0.14209
29.40000,1.02194,0.77788,0.01633,0.05066,0.15513
29.54000,1.02194,0.76680,0.02052,0.06152,0.15115
29.68000,1.02194,0.75290,0.01936,0.06318,0.16457
29.82000,1.02194,0.79346,0.01626,0.04724,0.14303
29.96000,1.02194,0.74405,0.01839,0.05358,0.18398
30.10000,1.02194,0.70465,0.02199,0.06785,0.20550
30.24000,1.02194,0.69716,0.01406,0.05851,0.23028
30.38000,1.02194,0.64520,0.01498,0.07469,0.26513
30.52000,1.02194,0.53412,0.01681,0.08005,0.36903
30.66000,1.02194,0.50201,0.01258,0.06443,0.42098
30.80000,1.02194,0.56741,0.00893,0.05025,0.37341
30.94000,1.02194,0.50751,0.00822,0.05418,0.43009
31.08000,1.02194,0.50373,0.01251,0.06580,0.41796
31.22000,1.02194,0.52299,0.01216,0.06382,0.40103
31.36000,1.02194,0.61336,0.00758,0.05320,0.32586
31.50000,1.02194,0.62295,0.01160,0.07449,0.29096
31.64000,1.02194,0.69268,0.01373,0.07176,0.22183
31.78000,1.02194,0.81472,0.01313,0.04373,0.12842
31.92000,1.02194,0.89599,0.01904,0.02575,0.05922
32.06000,1.02193,0.93988,0.01713,0.01373,0.02926
32.20000,1.02194,0.95958,0.01814,0.00726,0.01501
32.34000,1.02194,0.96654,0.02068,0.00492,0.00787
32.48000,1.02194,0.96723,0.02223,0.00415,0.00639
32.62000,1.02194,0.97026,0.01951,0.00375,0.00648
32.76000,1.02194,0.97443,0.01067,0.00461,0.01029
32.90000,1.02193,0.90776,0.01458,0.00648,0.07119
33.04000,1.02194,0.88564,0.00872,0.00621,0.09943
33.18000,1.02194,0.68636,0.00310,0.00743,0.30311
33.32000,1.02194,0.64541,0.00226,0.00672,0.34561
33.46000,1.02194,0.72846,0.00451,0.00627,0.26077
33.60000,1.02194,0.71823,0.02385,0.02843,0.22949
33.74000,1.02193,0.83157,0.01187,0.03281,0.12376
33.88000,1.02194,0.77995,0.02351,0.06313,0.13341
34.02000,1.02194,0.80498,0.01837,0.05538,0.12127
34.16000,1.02194,0.80276,0.02119,0.05188,0.12417
34.30000,1.02194,0.82805,0.02107,0.03882,0.11207
34.44000,1.02194,0.85101,0.02004,0.03466,0.09429
34.58000,1.02193,0.84462,0.02568,0.03406,0.09564
34.72000,1.02193,0.83101,0.03582,0.04070,0.09247
34.86000,1.02194,0.77658,0.02389,0.04071,0.15882
35.00000,1.02194,0.67141,0.01583,0.02944,0.28332
35.14000,1.02194,0.71732,0.01185,0.02985,0.24099
35.28000,1.02194,0.73536,0.00722,0.02455,0.23287
35.42000,1.02194,0.79714,0.01991,0.02994,0.15300
35.56000,1.02193,0.84839,0.03436,0.02343,0.09383
35.70000,1.02194,0.90136,0.02611,0.01553,0.05700
35.84000,1.02194,0.89690,0.03132,0.01909,0.05269
35.98000,1.02194,0.85408,0.03778,0.03204,0.07610
36.12000,1.02194,0.80838,0.02963,0.04307,0.11892
36.26000,1.02194,0.73134,0.02357,0.07331,0.17178
36.40000,1.02193,0.69294,0.01897,0.09118,0.19692
36.54000,1.02194,0.69811,0.01381,0.07953,0.20855
36.68000,1.02194,0.75701,0.01531,0.06407,0.16361
36.82000,1.02194,0.83259,0.02227,0.04396,0.10118
36.96000,1.02194,0.88576,0.02375,0.02782,0.06266
37.10000,1.02194,0.92497,0.02461,0.01560,0.03481
37.24000,1.02193,0.94437,0.02600,0.00957,0.02006
37.38000,1.02194,0.95471,0.02369,0.00730,0.01430
37.52000,1.02194,0.95503,0.02217,0.00762,0.01518
37.66000,1.02194,0.94812,0.02725,0.00869,0.01595
37.80000,1.02194,0.95051,0.02209,0.00819,0.01921
37.94000,1.02194,0.93073,0.03913,0.01123,0.01891
38.08000,1.02193,0.93641,0.03409,0.01160,0.01790
38.22000,1.02193,0.95876,0.02044,0.00686,0.01394
38.36000,1.02194,0.96435,0.01594,0.00633,0.01337
38.50000,1.02194,0.95182,0.01899,0.00964,0.01954
38.64000,1.02194,0.92492,0.02134,0.01746,0.03627
38.78000,1.02194,0.89405,0.02220,0.02705,0.05670
38.92000,1.02194,0.85234,0.02178,0.03984,0.08604
39.06000,1.02193,0.81878,0.02584,0.05215,0.10323
39.20000,1.02194,0.81963,0.01894,0.04405,0.11738
39.34000,1.02194,0.80720,0.01565,0.04285,0.13430
39.48000,1.02194,0.70538,0.01774,0.06668,0.21019
39.62000,1.02194,0.64706,0.01575,0.08349,0.25370
39.76000,1.02194,0.68339,0.01331,0.07373,0.22957
39.90000,1.02193,0.76027,0.01333,0.04737,0.17902
40.04000,1.02194,0.81020,0.01819,0.03883,0.13277
40.18000,1.02194,0.81380,0.02186,0.03993,0.12441
40.32000,1.02194,0.81840,0.01681,0.03901,0.12578
40.46000,1.02194,0.66285,0.01548,0.05746,0.26421
40.60000,1.02194,0.42452,0.00848,0.06580,0.50120
40.74000,1.02193,0.28549,0.00418,0.05071,0.65961
40.88000,1.02194,0.19680,0.00192,0.03665,0.76463
41.02000,1.02194,0.13621,0.00083,0.02121,0.84175
41.16000,1.02194,0.10126,0.00077,0.02138,0.87658
41.30000,1.02194,0.07602,0.00053,0.01900,0.90444
41.44000,1.02194,0.07821,0.00070,0.02556,0.89552
41.58000,1.02193,0.07383,0.00071,0.02359,0.90186
41.72000,1.02193,0.07104,0.00051,0.02167,0.90678
41.86000,1.02194,0.06808,0.00057,0.01834,0.91301
42.00000,1.02194,0.06566,0.00037,0.01492,0.91904
42.14000,1.02194,0.06919,0.00051,0.01881,0.91148
42.28000,1.02194,0.07104,0.00050,0.02055,0.90791
42.42000,1.02194,0.07433,0.00044,0.02142,0.90381
42.56000,1.02193,0.07279,0.00041,0.01883,0.90796
42.70000,1.02194,0.07819,0.00099,0.03125,0.88956
42.84000,1.02194,0.07706,0.00071,0.02780,0.89443
42.98000,1.02194,0.07947,0.00105,0.03459,0.88490
43.12000,1.02194,0.07876,0.00068,0.03009,0.89047
43.26000,1.02194,0.08022,0.00091,0.03504,0.88382
43.40000,1.02193,0.07351,0.00055,0.02485,0.90108
43.54000,1.02194,0.08777,0.00136,0.04000,0.87088
43.68000,1.02194,0.08451,0.00091,0.03227,0.88232
43.82000,1.02194,0.08233,0.00075,0.03005,0.88687
43.96000,1.02194,0.07880,0.00060,0.02548,0.89512
44.10000,1.02194,0.07523,0.00051,0.02218,0.90208
44.24000,1.02193,0.08324,0.00087,0.02966,0.88623
44.38000,1.02194,0.07945,0.00077,0.02772,0.89206
44.52000,1.02194,0.07051,0.00041,0.01957,0.90951
44.66000,1.02194,0.06768,0.00043,0.01861,0.91328
44.80000,1.02194,0.06484,0.00037,0.01765,0.91714
44.94000,1.02194,0.06933,0.00053,0.02095,0.90919
45.08000,1.02193,0.06857,0.00047,0.01946,0.91151
45.22000,1.02193,0.07773,0.00068,0.02699,0.89459
45.36000,1.02194,0.06658,0.00032,0.01696,0.91615
45.50000,1.02194,0.06751,0.00035,0.01789,0.91425
45.64000,1.02194,0.06335,0.00021,0.01490,0.92153
45.78000,1.02194,0.06413,0.00027,0.01493,0.92067
45.92000,1.02194,0.05929,0.00022,0.01312,0.92736
46.06000,1.02193,0.06292,0.00035,0.01639,0.92034
46.20000,1.02194,0.07368,0.00044,0.01843,0.90744
46.34000,1.02194,0.08146,0.00057,0.02167,0.89630
46.48000,1.02194,0.07022,0.00056,0.01830,0.91091
46.62000,1.02194,0.07106,0.00048,0.01860,0.90986
46.76000,1.02194,0.08345,0.00113,0.03254,0.88289
46.90000,1.02193,0.07851,0.00067,0.02049,0.90032
47.04000,1.02194,0.08471,0.00044,0.01830,0.89655
47.18000,1.02194,0.06772,0.00050,0.01703,0.91475
47.32000,1.02194,0.07259,0.00078,0.02093,0.90570
47.46000,1.02194,0.06763,0.00063,0.01599,0.91575
47.60000,1.02194,0.06062,0.00045,0.01379,0.92514
47.74000,1.02193,0.07018,0.00059,0.01917,0.91007
47.88000,1.02194,0.07119,0.00050,0.01935,0.90896
48.02000,1.02194,0.07832,0.00053,0.02159,0.89956
48.16000,1.02194,0.07209,0.00049,0.01844,0.90897
48.30000,1.02194,0.07105,0.00039,0.01701,0.91155
48.44000,1.02194,0.07485,0.00042,0.01909,0.90565
48.58000,1.02193,0.07184,0.00051,0.02128,0.90637
48.72000,1.02193,0.06875,0.00046,0.01865,0.91214
48.86000,1.02194,0.06653,0.00037,0.01668,0.91642
49.00000,1.02194,0.07518,0.00052,0.02123,0.90307
49.14000,1.02194,0.07725,0.00077,0.02267,0.89930
49.28000,1.02194,0.07023,0.00045,0.01529,0.91403
49.42000,1.02194,0.06680,0.00047,0.01397,0.91876
49.56000,1.02193,0.07196,0.00057,0.01845,0.90903
49.70000,1.02194,0.07790,0.00048,0.01827,0.90335
49.84000,1.02194,0.07306,0.00055,0.01989,0.90650
49.98000,1.02194,0.08212,0.00119,0.03189,0.88480
50.12000,1.02194,0.07295,0.00061,0.02004,0.90640
50.26000,1.02194,0.07534,0.00069,0.01977,0.90419
50.40000,1.02193,0.07453,0.00071,0.02133,0.90343
50.54000,1.02194,0.07951,0.00086,0.02636,0.89327
50.68000,1.02194,0.08642,0.00171,0.00765,0.90423
50.82000,1.02194,0.08029,0.00189,0.00576,0.91206
50.96000,1.02194,0.08088,0.00232,0.00389,0.91291
51.10000,1.02194,0.08133,0.00258,0.00251,0.91358
51.24000,1.02193,0.08467,0.00215,0.00184,0.91135
51.38000,1.02194,0.09286,0.00986,0.00290,0.89438
51.52000,1.02194,0.10004,0.00691,0.00382,0.88922
51.66000,1.02194,0.08624,0.00416,0.00384,0.90576
51.80000,1.02194,0.07998,0.00270,0.00361,0.91371
51.94000,1.02194,0.14700,0.00282,0.00519,0.84499
52.08000,1.02193,0.14841,0.00336,0.00643,0.84180
52.22000,1.02193,0.14923,0.00635,0.00964,0.83477
52.36000,1.02194,0.13364,0.00230,0.00589,0.85817
52.50000,1.02194,0.19551,0.00301,0.01357,0.78792
52.64000,1.02194,0.15794,0.00343,0.01740,0.82123
52.78000,1.02194,0.16371,0.00080,0.00992,0.82557
52.92000,1.02194,0.11130,0.00088,0.01018,0.87764
53.06000,1.02193,0.13334,0.00050,0.00742,0.85873
53.20000,1.02194,0.13582,0.00056,0.00810,0.85553
53.34000,1.02194,0.09549,0.00042,0.00603,0.89807
53.48000,1.02194,0.13150,0.00042,0.00662,0.86146
53.62000,1.02194,0.10712,0.00080,0.00870,0.88338
53.76000,1.02194,0.26677,0.00063,0.00593,0.72667
53.90000,1.02193,0.42068,0.00139,0.01002,0.56792
54.04000,1.02194,0.38505,0.00317,0.01774,0.59404
54.18000,1.02194,0.30020,0.00475,0.01203,0.68302
54.32000,1.02194,0.30364,0.00528,0.01481,0.67626
54.46000,1.02194,0.29744,0.00495,0.00832,0.68929
54.60000,1.02194,0.23358,0.00501,0.00840,0.75301
54.74000,1.02193,0.17685,0.00292,0.00549,0.81474
54.88000,1.02194,0.20408,0.00535,0.01278,0.77779
55.02000,1.02194,0.17239,0.00466,0.01547,0.80748
55.16000,1.02194,0.22234,0.00436,0.02108,0.75222
55.30000,1.02194,0.26549,0.00425,0.02452,0.70573
55.44000,1.02194,0.35098,0.00236,0.01986,0.62680
55.58000,1.02193,0.30233,0.00364,0.02524,0.66880
55.72000,1.02193,0.20266,0.00401,0.02983,0.76350
55.86000,1.02194,0.17130,0.00211,0.01294,0.81365
56.00000,1.02194,0.16856,0.00144,0.01029,0.81971
56.14000,1.02194,0.13192,0.00105,0.00914,0.85790
56.28000,1.02194,0.12935,0.00082,0.00573,0.86410
56.42000,1.02194,0.11052,0.00087,0.00634,0.88227
56.56000,1.02193,0.14673,0.00199,0.01261,0.83867
56.70000,1.02194,0.20789,0.00179,0.01696,0.77337
56.84000,1.02194,0.22116,0.00234,0.02183,0.75467
56.98000,1.02194,0.31550,0.00399,0.02843,0.65209
57.12000,1.02194,0.40756,0.00634,0.03808,0.54802
57.26000,1.02194,0.52247,0.00438,0.03892,0.43423
57.40000,1.02193,0.56066,0.00592,0.05053,0.38289
57.54000,1.02194,0.58847,0.00904,0.07008,0.33242
57.68000,1.02194,0.55048,0.00702,0.06867,0.37383
57.82000,1.02194,0.36068,0.00697,0.06051,0.57185
57.96000,1.02194,0.27277,0.00397,0.03684,0.68642
58.10000,1.02194,0.20462,0.00253,0.02608,0.76676
58.24000,1.02193,0.21897,0.00256,0.01798,0.76049
58.38000,1.02194,0.15758,0.00190,0.01059,0.82993
58.52000,1.02194,0.11076,0.00189,0.00876,0.87859
58.66000,1.02194,0.12153,0.00317,0.00570,0.86961
58.80000,1.02194,0.11721,0.00172,0.00295,0.87812
58.94000,1.02194,0.12575,0.00393,0.00464,0.86568
59.08000,1.02193,0.10877,0.00549,0.00563,0.88010
59.22000,1.02193,0.08716,0.00241,0.00584,0.90458
59.36000,1.02194,0.10790,0.00420,0.00773,0.88017
59.50000,1.02194,0.09849,0.00455,0.00802,0.88893
59.64000,1.02194,0.10499,0.00232,0.01229,0.88040
59.78000,1.02194,0.09570,0.00198,0.01243,0.88989
59.92000,1.02194,0.10207,0.00197,0.01312,0.88284
60.06000,1.02193,0.09795,0.00178,0.01266,0.88761
60.20000,1.02194,0.10648,0.00329,0.02014,0.87009
60.34000,1.02194,0.09760,0.00194,0.01884,0.88162
60.48000,1.02194,0.10285,0.00178,0.01714,0.87823
60.62000,1.02194,0.14316,0.00156,0.01442,0.84086
60.76000,1.02194,0.12661,0.00193,0.01712,0.85434
60.90000,1.02193,0.11604,0.00246,0.00728,0.87423
61.04000,1.02194,0.11898,0.00293,0.00640,0.87169
61.18000,1.02194,0.12310,0.00428,0.00484,0.86778
61.32000,1.02194,0.15160,0.00190,0.00283,0.84366
61.46000,1.02194,0.09672,0.00447,0.00267,0.89614
61.60000,1.02194,0.07618,0.00442,0.00162,0.91778
61.74000,1.02193,0.08034,0.00243,0.00229,0.91494
61.88000,1.02194,0.17582,0.00157,0.00282,0.81980
62.02000,1.02194,0.29180,0.00359,0.00760,0.69701
62.16000,1.02194,0.29826,0.00586,0.01743,0.67845
62.30000,1.02194,0.26183,0.00751,0.03405,0.69662
62.44000,1.02194,0.29624,0.00941,0.03810,0.65625
62.58000,1.02193,0.32173,0.02099,0.03322,0.62406
62.72000,1.02193,0.42123,0.00767,0.01693,0.55417
62.86000,1.02194,0.51415,0.00778,0.02042,0.45764
63.00000,1.02193,0.49265,0.01452,0.03985,0.45298
63.14000,1.02193,0.49985,0.02382,0.05677,0.41956
63.28000,1.02194,0.68210,0.04626,0.05900,0.21264
63.42000,1.02194,0.83996,0.01558,0.03814,0.10632
63.56000,1.02194,0.81034,0.02556,0.02445,0.13965
63.70000,1.02194,0.69712,0.01573,0.02113,0.26603
63.84000,1.02194,0.56709,0.01104,0.01574,0.40614
63.98000,1.02194,0.46543,0.00662,0.02542,0.50254
64.12000,1.02193,0.20266,0.00282,0.00448,0.79005
64.26000,1.02193,0.09533,0.00413,0.00309,0.89745
64.40000,1.02193,0.08722,0.00187,0.00424,0.90667
64.54000,1.02193,0.05473,0.00057,0.00054,0.94416
64.68000,1.02193,0.05094,0.00066,0.00050,0.94790
64.82000,1.02193,0.05464,0.00041,0.00012,0.94482
64.96000,1.02194,0.04725,0.00083,0.00010,0.95182
65.10000,1.02194,0.04908,0.00055,0.00004,0.95033
65.24000,1.02194,0.07038,0.00098,0.00011,0.92853
65.38000,1.02194,0.05846,0.00060,0.00027,0.94068
65.52000,1.02194,0.08707,0.00550,0.00033,0.90711
65.66000,1.02193,0.04727,0.00063,0.00034,0.95176
65.80000,1.02193,0.07369,0.00355,0.00046,0.92229
65.94000,1.02193,0.06986,0.00267,0.00056,0.92692
66.08000,1.02193,0.04619,0.00038,0.00031,0.95312
66.22000,1.02193,0.04393,0.00062,0.00017,0.95528
66.36000,1.02193,0.03526,0.00026,0.00020,0.96428
66.50000,1.02193,0.03158,0.00021,0.00005,0.96816
66.64000,1.02193,0.04252,0.00088,0.00006,0.95654
66.78000,1.02194,0.03398,0.00021,0.00008,0.96572
66.92000,1.02194,0.04223,0.00054,0.00016,0.95707
67.06000,1.02194,0.04601,0.00009,0.00012,0.95378
67.20000,1.02194,0.03643,0.00056,0.00006,0.96294
67.34000,1.02194,0.03442,0.00026,0.00005,0.96527
67.48000,1.02193,0.03544,0.00021,0.00006,0.96429
67.62000,1.02193,0.05723,0.00022,0.00015,0.94239
67.76000,1.02193,0.05729,0.00070,0.00011,0.94191
67.90000,1.02193,0.10358,0.00238,0.00023,0.89380
68.04000,1.02193,0.10802,0.00219,0.00020,0.88960
68.18000,1.02193,0.11724,0.01624,0.00026,0.86625
68.32000,1.02193,0.05334,0.00152,0.00012,0.94501
68.46000,1.02194,0.05780,0.00667,0.00010,0.93543
68.60000,1.02194,0.13435,0.03847,0.00017,0.82701
68.74000,1.02194,0.06543,0.00422,0.00004,0.93030
68.88000,1.02194,0.09820,0.00682,0.00005,0.89492
69.02000,1.02194,0.04099,0.00046,0.00005,0.95850
69.16000,1.02193,0.04547,0.00062,0.00002,0.95389
69.30000,1.02193,0.08054,0.00247,0.00004,0.91695
69.44000,1.02193,0.11342,0.00244,0.00004,0.88410
69.58000,1.02193,0.06241,0.00116,0.00003,0.93641
69.72000,1.02193,0.05489,0.00047,0.00001,0.94463
69.86000,1.02193,0.10469,0.00364,0.00005,0.89162
70.00000,1.02193,0.08392,0.00060,0.00002,0.91546
70.14000,1.02193,0.06990,0.00273,0.00002,0.92735
70.28000,1.02194,0.04513,0.00035,0.00001,0.95451
70.42000,1.02194,0.10515,0.01694,0.00006,0.87785
70.56000,1.02194,0.07011,0.00318,0.00017,0.92654
70.70000,1.02194,0.08273,0.00163,0.00047,0.91516
70.84000,1.02194,0.09232,0.00158,0.00061,0.90549
70.98000,1.02193,0.09114,0.00106,0.00062,0.90718
71.12000,1.02193,0.08626,0.00392,0.00080,0.90901
71.26000,1.02193,0.15429,0.00143,0.00284,0.84143
71.40000,1.02193,0.13218,0.00089,0.00096,0.86597
71.54000,1.02193,0.11540,0.00054,0.00033,0.88373
71.68000,1.02193,0.14246,0.00472,0.00076,0.85206
71.82000,1.02193,0.16103,0.00449,0.00057,0.83391
71.96000,1.02194,0.18251,0.00116,0.00058,0.81574
72.10000,1.02194,0.10051,0.00155,0.00056,0.89738
72.24000,1.02194,0.09590,0.00253,0.00074,0.90083
72.38000,1.02194,0.26885,0.00192,0.00294,0.72628
72.52000,1.02194,0.25629,0.00897,0.00871,0.72603
72.66000,1.02193,0.26365,0.03144,0.02268,0.68223
72.80000,1.02193,0.19454,0.00749,0.02938,0.76859
72.94000,1.02193,0.15591,0.00441,0.00937,0.83031
73.08000,1.02193,0.13279,0.00163,0.00398,0.86160
73.22000,1.02193,0.08928,0.00083,0.00154,0.90835
73.36000,1.02193,0.08424,0.00097,0.00072,0.91406
73.50000,1.02193,0.07136,0.00194,0.00025,0.92645
73.64000,1.02193,0.10637,0.00647,0.00050,0.88666
73.78000,1.02194,0.11872,0.00223,0.00030,0.87875
73.92000,1.02194,0.10248,0.00190,0.00032,0.89530
74.06000,1.02194,0.11402,0.00589,0.00076,0.87934
74.20000,1.02194,0.07397,0.00087,0.00014,0.92503
74.34000,1.02194,0.09870,0.00112,0.00011,0.90007
74.48000,1.02193,0.09564,0.00098,0.00032,0.90306
74.62000,1.02193,0.06780,0.00084,0.00019,0.93118
74.76000,1.02193,0.08336,0.00298,0.00017,0.91349
74.90000,1.02193,0.25968,0.00878,0.00255,0.72899
75.04000,1.02193,0.16380,0.00562,0.00148,0.82910
75.18000,1.02193,0.11046,0.00171,0.00237,0.88546
75.32000,1.02193,0.10096,0.00133,0.00131,0.89641
75.46000,1.02194,0.11807,0.00363,0.00052,0.87778
75.60000,1.02194,0.09548,0.00087,0.00060,0.90306
75.74000,1.02194,0.08550,0.00329,0.00070,0.91052
75.88000,1.02194,0.04982,0.00053,0.00022,0.94943
76.02000,1.02194,0.06319,0.00045,0.00007,0.93629
76.16000,1.02193,0.06025,0.00181,0.00003,0.93791
76.30000,1.02193,0.05927,0.00044,0.00005,0.94024
76.44000,1.02193,0.06224,0.00104,0.00007,0.93664
76.58000,1.02193,0.06395,0.00017,0.00005,0.93584
76.72000,1.02193,0.05684,0.00074,0.00010,0.94232
76.86000,1.02193,0.08879,0.00050,0.00013,0.91058
77.00000,1.02193,0.04445,0.00107,0.00015,0.95433
77.14000,1.02193,0.05496,0.00358,0.00013,0.94133
77.28000,1.02194,0.08796,0.00979,0.00030,0.90196
77.42000,1.02194,0.09389,0.01542,0.00024,0.89046
77.56000,1.02194,0.12106,0.02551,0.00043,0.85300
77.70000,1.02194,0.10858,0.00538,0.00101,0.88503
77.84000,1.02194,0.15022,0.01613,0.00068,0.83298
77.98000,1.02193,0.23497,0.05043,0.00105,0.71355
78.12000,1.02193,0.14274,0.00547,0.00035,0.85143
78.26000,1.02193,0.07713,0.00091,0.00018,0.92178
78.40000,1.02193,0.08044,0.00214,0.00021,0.91720
78.54000,1.02193,0.10246,0.00794,0.00013,0.88947
78.68000,1.02193,0.08151,0.00330,0.00018,0.91502
78.82000,1.02193,0.05553,0.00115,0.00031,0.94302
78.96000,1.02194,0.06063,0.00250,0.00057,0.93629
79.10000,1.02194,0.08749,0.00357,0.00159,0.90734
79.24000,1.02194,0.10662,0.00471,0.00458,0.88408
79.38000,1.02194,0.15640,0.00177,0.00766,0.83417
79.52000,1.02194,0.28904,0.00105,0.01108,0.69883
79.66000,1.02193,0.28752,0.00145,0.01421,0.69681
79.80000,1.02193,0.18974,0.00148,0.00179,0.80699
79.94000,1.02193,0.25924,0.00143,0.00258,0.73676
80.08000,1.02193,0.25384,0.00211,0.00055,0.74350
80.22000,1.02193,0.20706,0.00060,0.00035,0.79200
80.36000,1.02193,0.08714,0.00115,0.00030,0.91141
80.50000,1.02193,0.21822,0.00106,0.00025,0.78047
80.64000,1.02193,0.13055,0.00045,0.00012,0.86888
80.78000,1.02194,0.10400,0.00113,0.00018,0.89470
80.92000,1.02194,0.08550,0.00030,0.00033,0.91387
81.06000,1.02194,0.15758,0.00065,0.00063,0.84114
81.20000,1.02194,0.11148,0.00022,0.00052,0.88777
81.34000,1.02194,0.06084,0.00016,0.00014,0.93887
81.48000,1.02193,0.03781,0.00035,0.00017,0.96168
81.62000,1.02193,0.05360,0.00140,0.00029,0.94470
81.76000,1.02193,0.04016,0.00024,0.00011,0.95949
81.90000,1.02193,0.06397,0.00310,0.00008,0.93286
82.04000,1.02193,0.05298,0.00091,0.00006,0.94604
82.18000,1.02193,0.07053,0.00288,0.00005,0.92655
82.32000,1.02193,0.06998,0.00065,0.00008,0.92929
82.46000,1.02194,0.05254,0.00011,0.00004,0.94731
82.60000,1.02194,0.06550,0.00065,0.00009,0.93377
82.74000,1.02194,0.03061,0.00006,0.00004,0.96929
82.88000,1.02194,0.04789,0.00012,0.00004,0.95195
83.02000,1.02194,0.06438,0.00017,0.00006,0.93539
83.16000,1.02193,0.11497,0.00195,0.00013,0.88295
83.30000,1.02193,0.12793,0.00167,0.00007,0.87033
83.44000,1.02193,0.08051,0.00267,0.00003,0.91679
83.58000,1.02193,0.07326,0.00319,0.00007,0.92348
83.72000,1.02193,0.14066,0.11649,0.00010,0.74275
83.86000,1.02193,0.06957,0.01393,0.00005,0.91646
84.00000,1.02193,0.07122,0.00623,0.00012,0.92243
84.14000,1.02193,0.09301,0.00946,0.00020,0.89733
84.28000,1.02194,0.04792,0.00161,0.00004,0.95043
84.42000,1.02194,0.05686,0.00095,0.00004,0.94216
84.56000,1.02194,0.05917,0.00120,0.00002,0.93961
84.70000,1.02194,0.05279,0.00016,0.00004,0.94701
84.84000,1.02194,0.08143,0.00008,0.00001,0.91849
84.98000,1.02193,0.07092,0.00038,0.00001,0.92869
85.12000,1.02193,0.05784,0.00014,0.00002,0.94200
85.26000,1.02193,0.09007,0.00069,0.00004,0.90920
85.40000,1.02193,0.06738,0.00025,0.00002,0.93236
85.54000,1.02193,0.07007,0.00118,0.00008,0.92868
85.68000,1.02193,0.11145,0.00144,0.00010,0.88701
85.82000,1.02193,0.10999,0.00046,0.00011,0.88945
85.96000,1.02194,0.07870,0.00029,0.00006,0.92096
86.10000,1.02194,0.08615,0.00164,0.00008,0.91213
86.24000,1.02194,0.05346,0.00024,0.00011,0.94619
86.38000,1.02194,0.12682,0.00010,0.00006,0.87303
86.52000,1.02194,0.08620,0.00039,0.00008,0.91333
86.66000,1.02193,0.08918,0.00016,0.00005,0.91062
86.80000,1.02193,0.07901,0.00107,0.00007,0.91985
86.94000,1.02193,0.06264,0.00038,0.00010,0.93688
87.08000,1.02193,0.06188,0.00154,0.00023,0.93634
87.22000,1.02193,0.04562,0.00077,0.00031,0.95330
87.36000,1.02193,0.05757,0.00103,0.00040,0.94101
87.50000,1.02193,0.09733,0.00501,0.00120,0.89646
87.64000,1.02193,0.07401,0.00371,0.00145,0.92082
87.78000,1.02194,0.06860,0.00528,0.00042,0.92570
87.92000,1.02194,0.11405,0.00595,0.00113,0.87888
88.06000,1.02194,0.19301,0.00784,0.00356,0.79559
88.20000,1.02194,0.22538,0.02428,0.00098,0.74936
88.34000,1.02194,0.18973,0.00241,0.00044,0.80742
88.48000,1.02193,0.19634,0.00383,0.00038,0.79945
88.62000,1.02193,0.11521,0.00171,0.00035,0.88273
88.76000,1.02193,0.06015,0.00030,0.00015,0.93941
88.90000,1.02193,0.06168,0.00185,0.00020,0.93627
89.04000,1.02193,0.03056,0.00018,0.00007,0.96918
89.18000,1.02193,0.04999,0.00083,0.00047,0.94871
89.32000,1.02193,0.04863,0.00051,0.00058,0.95029
89.46000,1.02194,0.05109,0.00096,0.00016,0.94778
89.60000,1.02194,0.04784,0.00046,0.00017,0.95153
89.74000,1.02194,0.05224,0.00147,0.00009,0.94620
89.88000,1.02194,0.04943,0.00091,0.00014,0.94951
90.02000,1.02194,0.04676,0.00074,0.00008,0.95242
90.16000,1.02193,0.16038,0.00072,0.00012,0.83878
90.30000,1.02193,0.43343,0.00063,0.00020,0.56574
90.44000,1.02193,0.47279,0.00233,0.00006,0.52481
90.58000,1.02193,0.64142,0.00121,0.00003,0.35733
90.72000,1.02193,0.55428,0.00158,0.00003,0.44411
90.86000,1.02193,0.78686,0.00154,0.00006,0.21154
91.00000,1.02193,0.48915,0.00142,0.00005,0.50937
91.14000,1.02193,0.08729,0.01792,0.00007,0.89472
91.28000,1.02194,0.12963,0.03194,0.00016,0.83827
91.42000,1.02194,0.09752,0.01759,0.00007,0.88482
91.56000,1.02194,0.11482,0.02528,0.00014,0.85976
91.70000,1.02194,0.08215,0.00781,0.00015,0.90990
91.84000,1.02194,0.09358,0.00817,0.00033,0.89792
91.98000,1.02193,0.06012,0.00602,0.00016,0.93370
92.12000,1.02193,0.07668,0.00438,0.00037,0.91857
92.26000,1.02193,0.04723,0.00090,0.00069,0.95118
92.40000,1.02193,0.07715,0.00251,0.00108,0.91926
92.54000,1.02193,0.06734,0.00145,0.00063,0.93058
92.68000,1.02193,0.08504,0.00359,0.00034,0.91104
92.82000,1.02193,0.07907,0.00295,0.00036,0.91762
92.96000,1.02194,0.08833,0.00327,0.00056,0.90784
93.10000,1.02194,0.13889,0.00312,0.00056,0.85742
93.24000,1.02194,0.14753,0.01667,0.00136,0.83443
93.38000,1.02194,0.14186,0.00928,0.00173,0.84713
93.52000,1.02194,0.07875,0.00163,0.00214,0.91748
93.66000,1.02193,0.06085,0.00072,0.00304,0.93539
93.80000,1.02193,0.04759,0.00076,0.00106,0.95058
93.94000,1.02193,0.06414,0.00243,0.00189,0.93154
94.08000,1.02193,0.06819,0.00167,0.00239,0.92775
94.22000,1.02193,0.11521,0.00359,0.00410,0.87711
94.36000,1.02193,0.11878,0.00275,0.00266,0.87581
94.50000,1.02193,0.16314,0.01099,0.00328,0.82260
94.64000,1.02193,0.15429,0.00629,0.00315,0.83628
94.78000,1.02194,0.15024,0.00758,0.00142,0.84077
94.92000,1.02194,0.12528,0.00745,0.00146,0.86581
95.06000,1.02194,0.10566,0.00384,0.00071,0.88978
95.20000,1.02194,0.11075,0.01445,0.00189,0.87292
95.34000,1.02194,0.06991,0.00149,0.00095,0.92765
95.48000,1.02193,0.06697,0.00182,0.00096,0.93024
95.62000,1.02193,0.12375,0.01663,0.00091,0.85871
95.76000,1.02193,0.06147,0.00178,0.00088,0.93587
95.90000,1.02193,0.06767,0.00138,0.00035,0.93060
96.04000,1.02193,0.08589,0.00339,0.00032,0.91039
96.18000,1.02193,0.14531,0.00878,0.00072,0.84519
96.32000,1.02193,0.14566,0.02580,0.00103,0.82751
96.46000,1.02194,0.17483,0.05084,0.00089,0.77344
96.60000,1.02194,0.19503,0.06767,0.00103,0.73626
96.74000,1.02194,0.13355,0.02354,0.00110,0.84182
96.88000,1.02194,0.15923,0.04632,0.00139,0.79305
97.02000,1.02194,0.09836,0.00249,0.00031,0.89884
97.16000,1.02193,0.12366,0.00967,0.00046,0.86621
97.30000,1.02193,0.08632,0.00305,0.00017,0.91046
97.44000,1.02193,0.11268,0.00054,0.00024,0.88654
97.58000,1.02193,0.12631,0.00407,0.00022,0.86940
97.72000,1.02193,0.06639,0.00135,0.00011,0.93215
97.86000,1.02193,0.10749,0.00037,0.00016,0.89198
98.00000,1.02193,0.08706,0.00109,0.00016,0.91168
98.14000,1.02193,0.06802,0.00385,0.00016,0.92796
98.28000,1.02194,0.05740,0.00058,0.00019,0.94183
98.42000,1.02194,0.04014,0.00081,0.00009,0.95896
98.56000,1.02194,0.04009,0.00065,0.00020,0.95906
98.70000,1.02194,0.06111,0.00150,0.00033,0.93706
98.84000,1.02194,0.04422,0.00082,0.00022,0.95474
98.98000,1.02193,0.03141,0.00009,0.00012,0.96838
99.12000,1.02193,0.04894,0.00131,0.00015,0.94961
99.26000,1.02193,0.03956,0.00055,0.00016,0.95973
99.40000,1.02193,0.03820,0.00053,0.00010,0.96117
99.54000,1.02193,0.04380,0.00049,0.00013,0.95558
99.68000,1.02193,0.05435,0.00015,0.00017,0.94533
99.82000,1.02193,0.05880,0.00105,0.00054,0.93961
99.96000,1.02194,0.05857,0.00063,0.00086,0.93995
100.10000,1.02194,0.05569,0.00104,0.00071,0.94256
100.24000,1.02194,0.09343,0.00882,0.00103,0.89673
100.38000,1.02194,0.07931,0.00906,0.00040,0.91122
100.52000,1.02194,0.07779,0.00618,0.00069,0.91534
100.66000,1.02193,0.07548,0.01225,0.00025,0.91203
100.80000,1.02193,0.07100,0.00827,0.00014,0.92059
100.94000,1.02193,0.09607,0.01739,0.00025,0.88629
101.08000,1.02193,0.05630,0.00393,0.00014,0.93963
101.22000,1.02193,0.11028,0.00123,0.00018,0.88832
101.36000,1.02193,0.19251,0.00371,0.00032,0.80345
101.50000,1.02193,0.18083,0.00268,0.00049,0.81600
101.64000,1.02193,0.32936,0.00659,0.00108,0.66297
101.78000,1.02194,0.22556,0.00038,0.00051,0.77355
101.92000,1.02194,0.19950,0.00059,0.00028,0.79963
102.06000,1.02194,0.14271,0.00055,0.00020,0.85654
102.20000,1.02194,0.12133,0.00081,0.00027,0.87759
102.34000,1.02194,0.07249,0.00017,0.00031,0.92703
102.48000,1.02193,0.05940,0.00026,0.00032,0.94002
102.62000,1.02193,0.08890,0.00270,0.00134,0.90706
102.76000,1.02193,0.11617,0.00390,0.00259,0.87734
102.90000,1.02193,0.08274,0.00151,0.00277,0.91297
103.04000,1.02193,0.10407,0.00590,0.00229,0.88774
103.18000,1.02193,0.09753,0.00567,0.00171,0.89509
103.32000,1.02193,0.10093,0.00389,0.00172,0.89346
103.46000,1.02194,0.09763,0.00418,0.00177,0.89642
103.60000,1.02194,0.08475,0.00213,0.00158,0.91155
103.74000,1.02194,0.08622,0.00378,0.00152,0.90848
103.88000,1.02194,0.15227,0.00630,0.00401,0.83742
104.02000,1.02194,0.08695,0.00161,0.00297,0.90847
104.16000,1.02193,0.09270,0.00230,0.00193,0.90308
104.30000,1.02193,0.10936,0.00361,0.00219,0.88483
104.44000,1.02193,0.18317,0.00687,0.00096,0.80900
104.58000,1.02193,0.17928,0.02054,0.00261,0.79756
104.72000,1.02193,0.12822,0.00701,0.00312,0.86165
104.86000,1.02193,0.17723,0.02107,0.00538,0.79632
105.00000,1.02193,0.15532,0.00620,0.00388,0.83459
105.14000,1.02193,0.19575,0.03681,0.00780,0.75963
105.28000,1.02194,0.15967,0.01321,0.01109,0.81604
105.42000,1.02194,0.13437,0.00699,0.00743,0.85121
105.56000,1.02194,0.12258,0.00764,0.00912,0.86066
105.70000,1.02194,0.10979,0.00416,0.01256,0.87349
105.84000,1.02194,0.11174,0.00589,0.00749,0.87488
105.98000,1.02193,0.10481,0.00340,0.00609,0.88570
106.12000,1.02193,0.07360,0.00116,0.00342,0.92181
106.26000,1.02193,0.06545,0.00094,0.00167,0.93195
106.40000,1.02193,0.07614,0.00104,0.00151,0.92131
106.54000,1.02193,0.12242,0.00345,0.00268,0.87145
106.68000,1.02193,0.12105,0.00256,0.00437,0.87201
106.82000,1.02193,0.11113,0.00530,0.00322,0.88035
106.96000,1.02194,0.25522,0.02087,0.00752,0.71638
107.10000,1.02194,0.20011,0.00983,0.01369,0.77638
107.24000,1.02194,0.19045,0.00664,0.00650,0.79641
107.38000,1.02194,0.28353,0.00823,0.01116,0.69708
107.52000,1.02194,0.27092,0.03950,0.02184,0.66774
107.66000,1.02193,0.36491,0.01408,0.02093,0.60007
107.80000,1.02193,0.31401,0.01044,0.01303,0.66252
107.94000,1.02193,0.33548,0.03433,0.00718,0.62301
108.08000,1.02193,0.33775,0.01013,0.00406,0.64807
108.22000,1.02193,0.20515,0.00301,0.00289,0.78895
108.36000,1.02193,0.23525,0.00546,0.00224,0.75705
108.50000,1.02193,0.09498,0.00091,0.00036,0.90375
108.64000,1.02193,0.08623,0.00267,0.00018,0.91091
108.78000,1.02194,0.05970,0.00070,0.00025,0.93935
108.92000,1.02194,0.03563,0.00026,0.00003,0.96408
109.06000,1.02194,0.07343,0.00113,0.00007,0.92538
109.20000,1.02194,0.05850,0.00134,0.00008,0.94009
109.34000,1.02194,0.07168,0.00045,0.00009,0.92777
109.48000,1.02193,0.06128,0.00046,0.00005,0.93821
109.62000,1.02193,0.07403,0.00320,0.00025,0.92252
109.76000,1.02193,0.07615,0.00388,0.00038,0.91959
109.90000,1.02193,0.04678,0.00036,0.00018,0.95268
110.04000,1.02193,0.05462,0.00090,0.00024,0.94423
110.18000,1.02193,0.08245,0.00669,0.00020,0.91066
110.32000,1.02193,0.08345,0.00748,0.00102,0.90805
110.46000,1.02194,0.07830,0.01382,0.00031,0.90758
110.60000,1.02194,0.05159,0.00325,0.00013,0.94503
110.74000,1.02194,0.07668,0.00773,0.00048,0.91511
110.88000,1.02194,0.05970,0.00832,0.00004,0.93193
111.02000,1.02194,0.07819,0.00737,0.00013,0.91430
111.16000,1.02193,0.07890,0.00390,0.00022,0.91698
111.30000,1.02193,0.11368,0.00382,0.00089,0.88161
111.44000,1.02193,0.09298,0.00198,0.00034,0.90470
111.58000,1.02193,0.14751,0.02786,0.00055,0.82408
111.72000,1.02193,0.12357,0.01090,0.00119,0.86434
111.86000,1.02193,0.12741,0.00385,0.00272,0.86602
112.00000,1.02193,0.10871,0.00151,0.00141,0.88836
112.14000,1.02193,0.15483,0.01086,0.00287,0.83145
112.28000,1.02194,0.20702,0.00593,0.00494,0.78211
112.42000,1.02194,0.17032,0.00234,0.01175,0.81559
112.56000,1.02194,0.34772,0.00130,0.01598,0.63500
112.70000,1.02194,0.31864,0.00248,0.00576,0.67311
112.84000,1.02194,0.35927,0.00226,0.00334,0.63514
112.98000,1.02193,0.20803,0.00052,0.00085,0.79060
113.12000,1.02193,0.15596,0.00033,0.00095,0.84276
113.26000,1.02193,0.15328,0.00029,0.00070,0.84574
113.40000,1.02193,0.10233,0.00232,0.00280,0.89255
113.54000,1.02193,0.10631,0.00238,0.00780,0.88351
113.68000,1.02193,0.09084,0.00290,0.00161,0.90465
113.82000,1.02193,0.14044,0.00180,0.00589,0.85187
113.96000,1.02194,0.13986,0.00603,0.00161,0.85250
114.10000,1.02194,0.08411,0.00091,0.00043,0.91455
114.24000,1.02194,0.10066,0.00174,0.00063,0.89698
114.38000,1.02194,0.12881,0.00270,0.00048,0.86802
114.52000,1.02194,0.05660,0.00069,0.00048,0.94223
114.66000,1.02193,0.08706,0.00101,0.00290,0.90903
114.80000,1.02193,0.09255,0.00179,0.00889,0.89676
114.94000,1.02193,0.25834,0.00016,0.01446,0.72704
115.08000,1.02193,0.30670,0.00037,0.00240,0.69053
115.22000,1.02193,0.24570,0.00035,0.00189,0.75206
115.36000,1.02193,0.17706,0.00016,0.00142,0.82136
115.50000,1.02193,0.23807,0.00043,0.00054,0.76095
115.64000,1.02193,0.20044,0.00022,0.00016,0.79919
115.78000,1.02194,0.10137,0.00179,0.00037,0.89647
115.92000,1.02194,0.05991,0.00052,0.00049,0.93908
116.06000,1.02194,0.05507,0.00068,0.00084,0.94341
116.20000,1.02194,0.07014,0.00053,0.00017,0.92917
116.34000,1.02194,0.08190,0.00584,0.00038,0.91189
116.48000,1.02193,0.07470,0.00128,0.00074,0.92328
116.62000,1.02193,0.09920,0.00437,0.00045,0.89598
116.76000,1.02193,0.15712,0.00051,0.00008,0.84229
116.90000,1.02193,0.13987,0.00273,0.00023,0.85716
117.04000,1.02193,0.17857,0.00512,0.00166,0.81466
117.18000,1.02193,0.09702,0.00032,0.00026,0.90240
117.32000,1.02193,0.22665,0.00171,0.00128,0.77037
117.46000,1.02194,0.07314,0.00018,0.00094,0.92574
117.60000,1.02194,0.15593,0.00180,0.01405,0.82822
117.74000,1.02194,0.08952,0.00062,0.00434,0.90551
117.88000,1.02194,0.14286,0.00180,0.02243,0.83291
118.02000,1.02194,0.14671,0.00129,0.03099,0.82101
118.16000,1.02193,0.18140,0.01981,0.03081,0.76798
118.30000,1.02193,0.27879,0.04077,0.08054,0.59990
118.44000,1.02193,0.19331,0.04149,0.00969,0.75552
118.58000,1.02193,0.25823,0.08133,0.01376,0.64668
118.72000,1.02193,0.19693,0.06818,0.00220,0.73269
118.86000,1.02193,0.22041,0.17957,0.00221,0.59781
119.00000,1.02193,0.15420,0.07149,0.00069,0.77362
119.14000,1.02193,0.13676,0.05040,0.00030,0.81254
119.28000,1.02194,0.13396,0.04656,0.00038,0.81910
119.42000,1.02194,0.12862,0.02892,0.00045,0.84201
119.56000,1.02194,0.08256,0.00806,0.00014,0.90925
119.70000,1.02194,0.08896,0.00790,0.00049,0.90265
119.84000,1.02194,0.10419,0.00508,0.00054,0.89019
119.98000,1.02193,0.08586,0.00301,0.00039,0.91074
120.12000,1.02193,0.05193,0.00040,0.00034,0.94733
120.26000,1.02193,0.08777,0.00282,0.00194,0.90746
120.40000,1.02193,0.08116,0.00086,0.00486,0.91312
120.54000,1.02193,0.08645,0.00276,0.00366,0.90713
120.68000,1.02193,0.08905,0.00389,0.00159,0.90547
120.82000,1.02193,0.07005,0.00179,0.00168,0.92648
120.96000,1.02194,0.07167,0.00162,0.00102,0.92569
121.10000,1.02194,0.06821,0.00293,0.00050,0.92836
121.24000,1.02194,0.07590,0.00715,0.00040,0.91656
121.38000,1.02194,0.07783,0.01266,0.00042,0.90909
121.52000,1.02194,0.06062,0.00360,0.00053,0.93525
121.66000,1.02193,0.06590,0.00767,0.00061,0.92582
121.80000,1.02193,0.07153,0.00822,0.00029,0.91996
121.94000,1.02193,0.05260,0.00243,0.00017,0.94479
122.08000,1.02193,0.04074,0.00101,0.00005,0.95820
122.22000,1.02193,0.03835,0.00046,0.00007,0.96113
122.36000,1.02193,0.04184,0.00027,0.00006,0.95782
122.50000,1.02193,0.04962,0.00089,0.00008,0.94941
122.64000,1.02193,0.03917,0.00042,0.00006,0.96035
122.78000,1.02194,0.04168,0.00148,0.00004,0.95680
122.92000,1.02194,0.04370,0.00078,0.00006,0.95546
123.06000,1.02194,0.08014,0.00275,0.00006,0.91705
123.20000,1.02194,0.09120,0.01640,0.00010,0.89231
123.34000,1.02194,0.06742,0.00324,0.00013,0.92921
123.48000,1.02193,0.11499,0.00492,0.00061,0.87948
123.62000,1.02193,0.08999,0.00094,0.00015,0.90891
123.76000,1.02193,0.16009,0.05582,0.00069,0.78341
123.90000,1.02193,0.15243,0.06097,0.00066,0.78594
124.04000,1.02193,0.10210,0.01073,0.00045,0.88672
124.18000,1.02193,0.14049,0.00852,0.00052,0.85047
124.32000,1.02193,0.10906,0.00384,0.00020,0.88690
124.46000,1.02194,0.10046,0.00304,0.00033,0.89617
124.60000,1.02194,0.11893,0.00244,0.00040,0.87823
124.74000,1.02194,0.06583,0.00046,0.00016,0.93355
124.88000,1.02194,0.05628,0.00007,0.00012,0.94352
125.02000,1.02194,0.03755,0.00035,0.00011,0.96198
125.16000,1.02193,0.03781,0.00051,0.00017,0.96151
125.30000,1.02193,0.04359,0.00148,0.00011,0.95482
125.44000,1.02193,0.05371,0.00181,0.00019,0.94430
125.58000,1.02193,0.04946,0.00107,0.00033,0.94914
125.72000,1.02193,0.05029,0.00209,0.00010,0.94753
125.86000,1.02193,0.04654,0.00107,0.00012,0.95227
126.00000,1.02193,0.04475,0.00150,0.00005,0.95369
126.14000,1.02193,0.04773,0.00103,0.00017,0.95107
126.28000,1.02194,0.03786,0.00070,0.00014,0.96130
126.42000,1.02194,0.09722,0.01672,0.00024,0.88582
126.56000,1.02194,0.05165,0.00151,0.00020,0.94663
126.70000,1.02194,0.07185,0.00197,0.00063,0.92556
126.84000,1.02194,0.03872,0.00042,0.00015,0.96071
126.98000,1.02193,0.04978,0.00197,0.00017,0.94808
127.12000,1.02193,0.05820,0.00184,0.00009,0.93986
127.26000,1.02193,0.04142,0.00099,0.00009,0.95750
127.40000,1.02193,0.03420,0.00043,0.00006,0.96531
127.54000,1.02193,0.07745,0.00762,0.00012,0.91481
127.68000,1.02193,0.04969,0.00049,0.00008,0.94975
127.82000,1.02193,0.06468,0.00486,0.00012,0.93034
127.96000,1.02193,0.04973,0.00118,0.00012,0.94897
128.10001,1.02193,0.05782,0.00215,0.00010,0.93994
128.24001,1.02193,0.07371,0.00594,0.00015,0.92020
128.38000,1.02193,0.04380,0.00142,0.00006,0.95471
128.52000,1.02193,0.05486,0.00115,0.00027,0.94372
128.66000,1.02193,0.04722,0.00066,0.00021,0.95191
128.80000,1.02193,0.07170,0.00376,0.00053,0.92401
128.94000,1.02194,0.05872,0.00128,0.00062,0.93938
129.08000,1.02194,0.05895,0.00069,0.00198,0.93838
129.22000,1.02194,0.04421,0.00032,0.00076,0.95471
129.36000,1.02194,0.06408,0.00327,0.00075,0.93190
129.50000,1.02194,0.11861,0.01783,0.00071,0.86286
129.64000,1.02194,0.09214,0.00809,0.00091,0.89886
129.78000,1.02194,0.09348,0.00598,0.00052,0.90003
129.92000,1.02194,0.10862,0.00971,0.00078,0.88090
130.06000,1.02194,0.11434,0.01312,0.00034,0.87220
130.20000,1.02194,0.08123,0.00326,0.00031,0.91520
130.34000,1.02194,0.04447,0.00053,0.00009,0.95491
130.48000,1.02194,0.04451,0.00070,0.00017,0.95462
130.62000,1.02194,0.05038,0.00082,0.00017,0.94863
130.75999,1.02194,0.07074,0.00647,0.00034,0.92245
130.89999,1.02194,0.05411,0.00243,0.00012,0.94335
131.03999,1.02194,0.06200,0.00445,0.00022,0.93333
131.17999,1.02194,0.05295,0.00375,0.00009,0.94322
131.32001,1.02193,0.12022,0.03415,0.00049,0.84514
131.46001,1.02193,0.09581,0.01095,0.00029,0.89296
131.60001,1.02193,0.08435,0.00618,0.00059,0.90887
131.74001,1.02193,0.08447,0.00403,0.00091,0.91059
131.88000,1.02193,0.12543,0.01288,0.00458,0.85711
132.02000,1.02193,0.14364,0.01174,0.00747,0.83715
132.16000,1.02193,0.10521,0.00228,0.01098,0.88153
132.30000,1.02193,0.08491,0.00113,0.00907,0.90489
132.44000,1.02194,0.09409,0.00128,0.00934,0.89530
132.58000,1.02194,0.09152,0.00137,0.00845,0.89866
132.72000,1.02194,0.07960,0.00030,0.00254,0.91755
132.86000,1.02194,0.06277,0.00051,0.00098,0.93574
133.00000,1.02194,0.06553,0.00052,0.00062,0.93333
133.14000,1.02194,0.08096,0.00166,0.00108,0.91630
133.28000,1.02194,0.10756,0.00755,0.00066,0.88423
133.42000,1.02194,0.09303,0.01267,0.00052,0.89378
133.56000,1.02194,0.14578,0.02012,0.00129,0.83281
133.70000,1.02194,0.16930,0.04285,0.00144,0.78640
133.84000,1.02194,0.16051,0.02767,0.00071,0.81111
133.98000,1.02194,0.14523,0.02964,0.00112,0.82401
134.12000,1.02194,0.21036,0.10953,0.00226,0.67786
134.25999,1.02194,0.12382,0.01821,0.00086,0.85712
134.39999,1.02194,0.15892,0.03242,0.00096,0.80770
134.53999,1.02194,0.08684,0.00900,0.00032,0.90385
134.67999,1.02194,0.07330,0.00935,0.00014,0.91721
134.82001,1.02193,0.05382,0.00090,0.00008,0.94520
134.96001,1.02193,0.06066,0.00113,0.00007,0.93814
135.10001,1.02193,0.08759,0.00958,0.00018,0.90265
135.24001,1.02193,0.08049,0.01045,0.00015,0.90891
135.38000,1.02193,0.09404,0.01840,0.00018,0.88738
135.52000,1.02193,0.06587,0.00731,0.00013,0.92669
135.66000,1.02193,0.13691,0.05830,0.00049,0.80430
135.80000,1.02193,0.17629,0.20562,0.00091,0.61718
135.94000,1.02194,0.13770,0.14304,0.00065,0.71861
136.08000,1.02194,0.12920,0.04666,0.00064,0.82350
136.22000,1.02194,0.14944,0.19113,0.00041,0.65901
136.36000,1.02194,0.14951,0.20520,0.00039,0.64489
136.50000,1.02194,0.14990,0.12460,0.00055,0.72496
136.64000,1.02194,0.12891,0.02602,0.00086,0.84421
136.78000,1.02194,0.18620,0.03498,0.00197,0.77685
136.92000,1.02194,0.13383,0.03902,0.00133,0.82582
137.06000,1.02194,0.04268,0.00084,0.00029,0.95619
137.20000,1.02194,0.04930,0.00051,0.00060,0.94959
137.34000,1.02194,0.03733,0.00020,0.00070,0.96177
137.48000,1.02194,0.04201,0.00031,0.00055,0.95714
137.62000,1.02194,0.03650,0.00008,0.00019,0.96324
137.75999,1.02194,0.04716,0.00012,0.00022,0.95250
137.89999,1.02194,0.11968,0.00152,0.00016,0.87864
138.03999,1.02194,0.08462,0.00029,0.00009,0.91500
138.17999,1.02194,0.10580,0.00034,0.00003,0.89383
138.32001,1.02193,0.08949,0.00111,0.00011,0.90929
138.46001,1.02193,0.15005,0.00059,0.00011,0.84925
138.60001,1.02193,0.08603,0.00271,0.00023,0.91103
138.74001,1.02193,0.04892,0.00040,0.00008,0.95060
138.88000,1.02193,0.08174,0.00129,0.00018,0.91679
139.02000,1.02193,0.06300,0.00070,0.00030,0.93600
139.16000,1.02193,0.14427,0.00142,0.00170,0.85261
139.30000,1.02193,0.16195,0.00221,0.00383,0.83201
139.44000,1.02194,0.35636,0.00088,0.00291,0.63985
139.58000,1.02194,0.30700,0.00655,0.00410,0.68234
139.72000,1.02194,0.25548,0.00184,0.00166,0.74103
139.86000,1.02194,0.48798,0.00177,0.00219,0.50805
140.00000,1.02194,0.32479,0.00079,0.00249,0.67193
140.14000,1.02194,0.33455,0.00120,0.00341,0.66084
140.28000,1.02194,0.45046,0.00037,0.00252,0.54666
140.42000,1.02194,0.24744,0.00295,0.00062,0.74900
140.56000,1.02194,0.36298,0.00077,0.00225,0.63400
140.70000,1.02194,0.16528,0.00101,0.00201,0.83171
140.84000,1.02194,0.15294,0.00098,0.00202,0.84407
140.98000,1.02194,0.18406,0.00162,0.00047,0.81386
141.12000,1.02194,0.09152,0.00571,0.00038,0.90239
141.25999,1.02194,0.05281,0.00080,0.00077,0.94562
141.39999,1.02194,0.05165,0.00086,0.00034,0.94716
141.53999,1.02194,0.07873,0.00209,0.00033,0.91884
141.67999,1.02194,0.14169,0.00387,0.00088,0.85356
141.82001,1.02193,0.11290,0.00159,0.00119,0.88431
141.96001,1.02193,0.10215,0.00162,0.00070,0.89553
142.10001,1.02193,0.17138,0.00822,0.00254,0.81786
142.24001,1.02193,0.14368,0.00641,0.00310,0.84682
142.38000,1.02193,0.07838,0.00047,0.00119,0.91996
142.52000,1.02193,0.06630,0.00058,0.00046,0.93266
142.66000,1.02193,0.07810,0.00227,0.00056,0.91907
142.80000,1.02193,0.05224,0.00029,0.00039,0.94709
142.94000,1.02194,0.06453,0.00018,0.00058,0.93471
143.08000,1.02194,0.20069,0.00121,0.00089,0.79721
143.22000,1.02194,0.25028,0.00081,0.00011,0.74880
143.36000,1.02194,0.22708,0.00101,0.00014,0.77177
143.50000,1.02194,0.27159,0.00053,0.00024,0.72764
143.64000,1.02194,0.22592,0.00165,0.00059,0.77183
143.78000,1.02194,0.21195,0.00014,0.00004,0.78786
143.92000,1.02194,0.06392,0.00276,0.00003,0.93329
144.06000,1.02194,0.08354,0.00317,0.00020,0.91309
144.20000,1.02194,0.09038,0.00219,0.00039,0.90703
144.34000,1.02194,0.07775,0.00160,0.00029,0.92036
144.48000,1.02194,0.10156,0.00028,0.00034,0.89782
144.62000,1.02194,0.11225,0.00537,0.00130,0.88109
144.75999,1.02194,0.05587,0.00063,0.00104,0.94246
144.89999,1.02194,0.05222,0.00064,0.00036,0.94678
145.03999,1.02194,0.05175,0.00086,0.00054,0.94686
145.17999,1.02194,0.09267,0.00197,0.00031,0.90505
145.32001,1.02193,0.06225,0.00111,0.00036,0.93628
145.46001,1.02193,0.06294,0.00071,0.00002,0.93633
145.60001,1.02193,0.08648,0.00329,0.00006,0.91017
145.74001,1.02193,0.07113,0.00083,0.00003,0.92801
145.88000,1.02193,0.08762,0.00381,0.00014,0.90843
146.02000,1.02193,0.05469,0.00119,0.00015,0.94398
146.16000,1.02193,0.10211,0.00958,0.00065,0.88766
146.30000,1.02193,0.05265,0.00159,0.00047,0.94529
146.44000,1.02194,0.09072,0.00468,0.00120,0.90339
146.58000,1.02194,0.08918,0.00387,0.00216,0.90480
146.72000,1.02194,0.09293,0.00262,0.00175,0.90270
146.86000,1.02194,0.10854,0.00402,0.00526,0.88218
147.00000,1.02194,0.12111,0.00245,0.00809,0.86835
147.14000,1.02194,0.09831,0.00115,0.00983,0.89070
147.28000,1.02194,0.10506,0.00089,0.00419,0.88986
147.42000,1.02194,0.08236,0.00036,0.00304,0.91424
147.56000,1.02194,0.04796,0.00019,0.00047,0.95139
147.70000,1.02194,0.04833,0.00025,0.00033,0.95108
147.84000,1.02194,0.04546,0.00038,0.00025,0.95392
147.98000,1.02194,0.06800,0.00007,0.00020,0.93173
148.12000,1.02194,0.04915,0.00118,0.00011,0.94956
148.25999,1.02194,0.05217,0.00119,0.00020,0.94644
148.39999,1.02194,0.05008,0.00064,0.00029,0.94899
148.53999,1.02194,0.06897,0.00281,0.00046,0.92776
148.67999,1.02194,0.06015,0.00201,0.00061,0.93723
148.82001,1.02193,0.07536,0.00299,0.00082,0.92084
148.96001,1.02193,0.04844,0.00101,0.00025,0.95030
149.10001,1.02193,0.06455,0.00173,0.00060,0.93312
149.24001,1.02193,0.07384,0.00199,0.00130,0.92287
149.38000,1.02193,0.07481,0.00131,0.00218,0.92170
149.52000,1.02193,0.06108,0.00117,0.00091,0.93684
149.66000,1.02193,0.07987,0.00339,0.00122,0.91552
149.80000,1.02193,0.05638,0.00064,0.00151,0.94147
149.94000,1.02194,0.06032,0.00030,0.00151,0.93786
150.08000,1.02194,0.06095,0.00053,0.00180,0.93672
150.22000,1.02194,0.07413,0.00204,0.00228,0.92156
150.36000,1.02194,0.06288,0.00086,0.00177,0.93448
150.50000,1.02194,0.05525,0.00054,0.00068,0.94353
150.64000,1.02194,0.09247,0.00975,0.00067,0.89711
150.78000,1.02194,0.07845,0.00534,0.00056,0.91566
150.92000,1.02194,0.07815,0.00623,0.00112,0.91450
151.06000,1.02194,0.07078,0.00136,0.00038,0.92747
151.20000,1.02194,0.08260,0.01030,0.00038,0.90671
151.34000,1.02194,0.15924,0.01934,0.00118,0.82024
151.48000,1.02194,0.29846,0.09873,0.00216,0.60066
151.62000,1.02194,0.21340,0.01037,0.00163,0.77460
151.75999,1.02194,0.28856,0.02072,0.00368,0.68705
151.89999,1.02194,0.32646,0.05860,0.00161,0.61333
152.03999,1.02194,0.26959,0.03757,0.00201,0.69082
152.17999,1.02194,0.14511,0.00665,0.00054,0.84769
152.32001,1.02193,0.08686,0.00106,0.00040,0.91168
152.46001,1.02193,0.11548,0.00073,0.00014,0.88365
152.60001,1.02193,0.09447,0.00327,0.00012,0.90214
152.74001,1.02193,0.04932,0.00029,0.00005,0.95033
152.88000,1.02193,0.07514,0.00178,0.00017,0.92292
153.02000,1.02193,0.05734,0.00078,0.00031,0.94156
153.16000,1.02193,0.09396,0.01316,0.00057,0.89231
153.30000,1.02193,0.06975,0.00314,0.00085,0.92626
153.44000,1.02194,0.04646,0.00104,0.00058,0.95192
153.58000,1.02194,0.08472,0.00223,0.00090,0.91215
153.72000,1.02194,0.11904,0.00471,0.00119,0.87506
153.86000,1.02194,0.09751,0.00497,0.00156,0.89595
154.00000,1.02194,0.08165,0.00414,0.00051,0.91371
154.14000,1.02194,0.08767,0.00716,0.00049,0.90468
154.28000,1.02194,0.24645,0.05767,0.00233,0.69355
154.42000,1.02194,0.15246,0.03045,0.00276,0.81433
154.56000,1.02194,0.09121,0.00627,0.00182,0.90071
154.70000,1.02194,0.15650,0.01806,0.01071,0.81472
154.84000,1.02194,0.14991,0.01002,0.01255,0.82751
154.98000,1.02194,0.14811,0.00699,0.03606,0.80884
155.12000,1.02194,0.10418,0.00206,0.01311,0.88065
155.25999,1.02194,0.10965,0.00189,0.00982,0.87865
155.39999,1.02194,0.15728,0.00404,0.01292,0.82576
155.53999,1.02194,0.23863,0.00389,0.01147,0.74601
155.67999,1.02194,0.33715,0.00548,0.01439,0.64298
155.82001,1.02193,0.40009,0.02252,0.03520,0.54219
155.96001,1.02193,0.32122,0.01338,0.04342,0.62198
156.10001,1.02193,0.23694,0.01043,0.01610,0.73654
156.24001,1.02193,0.27346,0.01206,0.01243,0.70206
156.38000,1.02193,0.18313,0.00313,0.00475,0.80899
156.52000,1.02193,0.14608,0.00098,0.00069,0.85226
156.66000,1.02193,0.11792,0.00209,0.00031,0.87968
156.80000,1.02193,0.12446,0.00320,0.00040,0.87194
156.94000,1.02194,0.10219,0.00715,0.00067,0.88999
157.08000,1.02194,0.12022,0.00112,0.00038,0.87828
157.22000,1.02194,0.08352,0.00478,0.00093,0.91077
157.36000,1.02194,0.12365,0.00496,0.00096,0.87043
157.50000,1.02194,0.10881,0.00265,0.00068,0.88787
157.64000,1.02194,0.11507,0.00263,0.00059,0.88171
157.78000,1.02194,0.16445,0.00462,0.00112,0.82980
157.92000,1.02194,0.12286,0.00094,0.00051,0.87570
158.06000,1.02194,0.28641,0.02045,0.00053,0.69261
158.20000,1.02194,0.22653,0.00338,0.00051,0.76958
158.34000,1.02194,0.29309,0.04677,0.00187,0.65826
158.48000,1.02194,0.22830,0.01373,0.00073,0.75724
158.62000,1.02194,0.18395,0.01172,0.00084,0.80350
158.75999,1.02194,0.27001,0.03457,0.00247,0.69296
158.89999,1.02194,0.24060,0.00912,0.00583,0.74445
159.03999,1.02194,0.16535,0.00307,0.00228,0.82930
159.17999,1.02194,0.15232,0.00164,0.00153,0.84451
159.32001,1.02193,0.18687,0.01453,0.00430,0.79430
159.46001,1.02193,0.11805,0.00184,0.00123,0.87888
159.60001,1.02193,0.13449,0.00179,0.00134,0.86238
159.74001,1.02193,0.13216,0.00169,0.00190,0.86425
159.88000,1.02193,0.18102,0.00725,0.00637,0.80536
160.02000,1.02193,0.14903,0.00470,0.00158,0.84469
160.16000,1.02193,0.21598,0.00975,0.00404,0.77024
160.30000,1.02193,0.25709,0.01392,0.01213,0.71685
160.44000,1.02194,0.18240,0.00666,0.00372,0.80722
160.58000,1.02194,0.21979,0.01440,0.00208,0.76373
160.72000,1.02194,0.13729,0.00516,0.00180,0.85575
160.86000,1.02194,0.11731,0.00235,0.00241,0.87793
161.00000,1.02194,0.09415,0.00333,0.00109,0.90144
161.14000,1.02194,0.12196,0.00798,0.00072,0.86934
161.28000,1.02194,0.10335,0.00658,0.00029,0.88979
161.42000,1.02194,0.08651,0.00509,0.00022,0.90818
161.56000,1.02194,0.09102,0.00181,0.00011,0.90706
161.70000,1.02194,0.08563,0.00503,0.00007,0.90927
161.84000,1.02194,0.05384,0.00104,0.00009,0.94502
161.98000,1.02194,0.07791,0.00763,0.00016,0.91430
162.12000,1.02194,0.06236,0.00181,0.00018,0.93565
162.25999,1.02194,0.05598,0.00215,0.00015,0.94172
162.39999,1.02194,0.16732,0.02167,0.00038,0.81063
162.53999,1.02194,0.12493,0.01201,0.00053,0.86253
162.67999,1.02194,0.11382,0.00611,0.00029,0.87979
162.82001,1.02193,0.13460,0.00822,0.00017,0.85701
162.96001,1.02193,0.21723,0.02243,0.00048,0.75986
163.10001,1.02193,0.08945,0.00349,0.00020,0.90685
163.24001,1.02193,0.05521,0.00100,0.00007,0.94372
163.38000,1.02193,0.05912,0.00077,0.00007,0.94004
163.52000,1.02193,0.04816,0.00099,0.00006,0.95079
163.66000,1.02193,0.06476,0.00101,0.00015,0.93408
163.80000,1.02193,0.06916,0.00127,0.00008,0.92950
163.94000,1.02194,0.07136,0.00300,0.00008,0.92557
164.08000,1.02194,0.05318,0.00102,0.00006,0.94574
164.22000,1.02194,0.08362,0.00331,0.00015,0.91292
164.36000,1.02194,0.13674,0.01145,0.00043,0.85138
164.50000,1.02194,0.09465,0.00178,0.00021,0.90336
164.64000,1.02194,0.07680,0.00507,0.00060,0.91754
164.78000,1.02194,0.12963,0.00482,0.00184,0.86371
164.92000,1.02194,0.15483,0.00759,0.00507,0.83251
165.06000,1.02194,0.09624,0.00303,0.00671,0.89402
165.20000,1.02194,0.08060,0.00312,0.00429,0.91199
165.34000,1.02194,0.06731,0.00127,0.00203,0.92939
165.48000,1.02194,0.07253,0.00053,0.00134,0.92560
165.62000,1.02194,0.07101,0.00071,0.00104,0.92725
165.75999,1.02194,0.07758,0.00079,0.00128,0.92035
165.89999,1.02194,0.09508,0.00171,0.00015,0.90305
166.03999,1.02194,0.10421,0.00163,0.00013,0.89403
166.17999,1.02194,0.08548,0.00104,0.00017,0.91330
166.32001,1.02193,0.10285,0.00497,0.00020,0.89199
166.46001,1.02193,0.14125,0.00692,0.00025,0.85158
166.60001,1.02193,0.17661,0.09887,0.00042,0.72411
166.74001,1.02193,0.14066,0.02014,0.00038,0.83882
166.88000,1.02193,0.11165,0.01171,0.00043,0.87621
167.02000,1.02193,0.19123,0.12678,0.00076,0.68123
167.16000,1.02193,0.11890,0.03549,0.00045,0.84516
167.30000,1.02193,0.12628,0.06290,0.00031,0.81051
167.44000,1.02194,0.08475,0.02116,0.00018,0.89392
167.58000,1.02194,0.11882,0.04607,0.00041,0.83470
167.72000,1.02194,0.09908,0.01710,0.00025,0.88357
167.86000,1.02194,0.07477,0.00752,0.00009,0.91762
168.00000,1.02194,0.08263,0.00903,0.00008,0.90827
168.14000,1.02194,0.04747,0.00184,0.00003,0.95066
168.28000,1.02194,0.11799,0.00788,0.00010,0.87403
168.42000,1.02194,0.07698,0.00060,0.00003,0.92238
168.56000,1.02194,0.07617,0.00318,0.00007,0.92058
168.70000,1.02194,0.11218,0.00596,0.00010,0.88176
168.84000,1.02194,0.11220,0.00206,0.00008,0.88565
168.98000,1.02194,0.24444,0.03314,0.00011,0.72231
169.12000,1.02194,0.06733,0.00375,0.00012,0.92881
169.25999,1.02194,0.07805,0.00134,0.00003,0.92057
169.39999,1.02194,0.06927,0.00475,0.00006,0.92592
169.53999,1.02194,0.06020,0.00237,0.00008,0.93736
169.67999,1.02194,0.06649,0.00629,0.00004,0.92718
169.82001,1.02193,0.04969,0.00256,0.00004,0.94771
169.96001,1.02193,0.10578,0.00266,0.00032,0.89124
170.10001,1.02193,0.07189,0.00222,0.00011,0.92578
170.24001,1.02193,0.04702,0.00059,0.00012,0.95226
170.38000,1.02193,0.06890,0.00107,0.00026,0.92976
170.52000,1.02193,0.05661,0.00020,0.00026,0.94293
170.66000,1.02193,0.03276,0.00012,0.00006,0.96706
170.80000,1.02193,0.04611,0.00013,0.00015,0.95361
170.94000,1.02194,0.06406,0.00055,0.00016,0.93523
171.08000,1.02194,0.04214,0.00033,0.00013,0.95740
171.22000,1.02194,0.05972,0.00092,0.00030,0.93906
171.36000,1.02194,0.08901,0.00338,0.00037,0.90724
171.50000,1.02194,0.05980,0.00101,0.00026,0.93893
171.64000,1.02194,0.09873,0.00858,0.00028,0.89241
171.78000,1.02194,0.08747,0.00351,0.00032,0.90870
171.92000,1.02194,0.06396,0.00185,0.00021,0.93398
172.06000,1.02194,0.05565,0.00126,0.00028,0.94280
172.20000,1.02194,0.11423,0.00225,0.00017,0.88335
172.34000,1.02194,0.13329,0.00597,0.00055,0.86019
172.48000,1.02194,0.12185,0.00363,0.00022,0.87429
172.62000,1.02194,0.08834,0.00096,0.00027,0.91043
172.75999,1.02194,0.15066,0.00125,0.00060,0.84750
172.89999,1.02194,0.22963,0.01986,0.00237,0.74814
173.03999,1.02194,0.12994,0.00525,0.00175,0.86306
173.17999,1.02194,0.30813,0.01923,0.01191,0.66073
173.32001,1.02193,0.27278,0.01273,0.00795,0.70654
173.46001,1.02193,0.20211,0.00491,0.00372,0.78927
173.60001,1.02193,0.12992,0.00349,0.00315,0.86345
173.74001,1.02193,0.13381,0.00393,0.00273,0.85953
173.88000,1.02193,0.30277,0.00492,0.00265,0.68967
174.02000,1.02193,0.18591,0.01556,0.00563,0.79291
174.16000,1.02193,0.33019,0.02874,0.01439,0.62668
174.30000,1.02193,0.16446,0.01149,0.00646,0.81759
174.44000,1.02194,0.15574,0.01436,0.00350,0.82641
174.58000,1.02194,0.13490,0.00422,0.00253,0.85835
174.72000,1.02194,0.09884,0.00235,0.00050,0.89831
174.86000,1.02194,0.08255,0.00207,0.00075,0.91463
175.00000,1.02194,0.11353,0.00138,0.00083,0.88426
175.14000,1.02194,0.08091,0.00076,0.00014,0.91819
175.28000,1.02194,0.10288,0.00059,0.00020,0.89634
175.42000,1.02194,0.14433,0.00286,0.00015,0.85265
175.56000,1.02194,0.16536,0.00501,0.00036,0.82928
175.70000,1.02194,0.16081,0.00320,0.00034,0.83565
175.84000,1.02194,0.39610,0.00747,0.00035,0.59608
175.98000,1.02194,0.26678,0.00523,0.00028,0.72771
176.12000,1.02194,0.37500,0.00570,0.00061,0.61869
176.25999,1.02194,0.34354,0.02574,0.00104,0.62968
176.39999,1.02194,0.35091,0.00831,0.00031,0.64047
176.53999,1.02194,0.44161,0.00846,0.00041,0.54952
176.67999,1.02194,0.31232,0.03764,0.00155,0.64849
176.82001,1.02193,0.50380,0.05029,0.00883,0.43709
176.96001,1.02193,0.51300,0.01442,0.00717,0.46542
177.10001,1.02193,0.47689,0.04378,0.01367,0.46566
177.24001,1.02193,0.64011,0.02109,0.03232,0.30648
177.38000,1.02193,0.69357,0.00857,0.00349,0.29437
177.52000,1.02193,0.62847,0.00476,0.00398,0.36280
177.66000,1.02193,0.65487,0.00383,0.00565,0.33565
177.80000,1.02193,0.56143,0.00116,0.00184,0.43558
177.94000,1.02194,0.49503,0.00444,0.00134,0.49919
178.08000,1.02194,0.18728,0.01278,0.00177,0.79818
178.22000,1.02194,0.12716,0.00391,0.00464,0.86429
178.36000,1.02194,0.14957,0.00275,0.00444,0.84324
178.50000,1.02194,0.16399,0.00279,0.00372,0.82950
178.64000,1.02194,0.19062,0.01346,0.00118,0.79474
178.78000,1.02194,0.15720,0.00261,0.00185,0.83833
178.92000,1.02194,0.11602,0.00059,0.00084,0.88255
179.06000,1.02194,0.10392,0.00148,0.00091,0.89369
179.20000,1.02194,0.06973,0.00047,0.00048,0.92933
179.34000,1.02194,0.07584,0.00261,0.00032,0.92123
179.48000,1.02194,0.05228,0.00028,0.00030,0.94713
179.62000,1.02194,0.08373,0.00080,0.00149,0.91399
179.75999,1.02194,0.11066,0.00105,0.00129,0.88700
179.89999,1.02194,0.10867,0.00082,0.00088,0.88963
180.03999,1.02194,0.10735,0.00143,0.00125,0.88997
180.17999,1.02194,0.14539,0.00082,0.00343,0.85036
180.32001,1.02193,0.13467,0.00087,0.00222,0.86224
180.46001,1.02193,0.09239,0.00136,0.00353,0.90273
180.60001,1.02193,0.10948,0.00103,0.00662,0.88288
180.74001,1.02193,0.10053,0.00181,0.00803,0.88964
180.88000,1.02193,0.10077,0.00140,0.00484,0.89299
181.02000,1.02193,0.11072,0.00117,0.00440,0.88372
181.16000,1.02193,0.10753,0.00149,0.00600,0.88498
181.30000,1.02193,0.11383,0.00244,0.00402,0.87971
181.44000,1.02194,0.08933,0.00062,0.00156,0.90849
181.58000,1.02194,0.06856,0.00043,0.00093,0.93008
181.72000,1.02194,0.06431,0.00043,0.00119,0.93406
181.86000,1.02194,0.05489,0.00006,0.00046,0.94458
182.00000,1.02194,0.03126,0.00002,0.00003,0.96868
182.14000,1.02194,0.03423,0.00007,0.00003,0.96567
182.28000,1.02194,0.04296,0.00014,0.00009,0.95681
182.42000,1.02194,0.05643,0.00026,0.00018,0.94313
182.56000,1.02194,0.04662,0.00029,0.00006,0.95302
182.70000,1.02194,0.10299,0.01340,0.00022,0.88338
182.84000,1.02194,0.13731,0.04064,0.00043,0.82162
182.98000,1.02194,0.11983,0.03924,0.00048,0.84045
183.12000,1.02194,0.21406,0.05541,0.00072,0.72981
183.25999,1.02194,0.15523,0.06623,0.00098,0.77756
183.39999,1.02194,0.19641,0.08052,0.00304,0.72003
183.53999,1.02194,0.16328,0.01986,0.00327,0.81359
183.67999,1.02194,0.20752,0.03233,0.00156,0.75860
183.82001,1.02193,0.15755,0.00874,0.00159,0.83212
183.96001,1.02193,0.09208,0.00261,0.00283,0.90247
184.10001,1.02193,0.09441,0.00182,0.00214,0.90162
184.24001,1.02193,0.09778,0.00115,0.00191,0.89916
184.38000,1.02193,0.13241,0.00897,0.00625,0.85236
184.52000,1.02193,0.07794,0.00142,0.00294,0.91771
184.66000,1.02193,0.05787,0.00023,0.00253,0.93937
184.80000,1.02193,0.05488,0.00040,0.00143,0.94330
184.94000,1.02194,0.04899,0.00038,0.00112,0.94951
185.08000,1.02194,0.03168,0.00008,0.00014,0.96810
185.22000,1.02194,0.03134,0.00021,0.00017,0.96828
185.36000,1.02194,0.03931,0.00025,0.00036,0.96008
185.50000,1.02194,0.06306,0.00137,0.00086,0.93470
185.64000,1.02194,0.06146,0.00025,0.00172,0.93658
185.78000,1.02194,0.05511,0.00051,0.00201,0.94237
185.92000,1.02194,0.04677,0.00019,0.00073,0.95231
186.06000,1.02194,0.08638,0.00060,0.00156,0.91145
186.20000,1.02194,0.08616,0.00038,0.00051,0.91295
186.34000,1.02194,0.08564,0.00082,0.00090,0.91265
186.48000,1.02194,0.08428,0.00037,0.00069,0.91466
186.62000,1.02194,0.23360,0.01008,0.00461,0.75172
186.75999,1.02194,0.12286,0.00213,0.00560,0.86940
186.89999,1.02194,0.10584,0.00234,0.00711,0.88471
187.03999,1.02194,0.10390,0.00261,0.00795,0.88554
187.17999,1.02194,0.11636,0.00277,0.00919,0.87168
187.32001,1.02193,0.15699,0.00938,0.00810,0.82552
187.46001,1.02193,0.10444,0.00294,0.00369,0.88893
187.60001,1.02193,0.08508,0.00152,0.00136,0.91204
187.74001,1.02193,0.14327,0.00746,0.00457,0.84469
187.88000,1.02193,0.10062,0.00335,0.00123,0.89480
188.02000,1.02193,0.18143,0.00294,0.00141,0.81422
188.16000,1.02193,0.15886,0.00646,0.00408,0.83060
188.30000,1.02193,0.22447,0.01024,0.00577,0.75952
188.44000,1.02194,0.28663,0.00783,0.01266,0.69288
188.58000,1.02194,0.39598,0.04968,0.01901,0.53533
188.72000,1.02194,0.46916,0.02244,0.05105,0.45736
188.86000,1.02194,0.49602,0.01945,0.05846,0.42607
189.00000,1.02194,0.35800,0.03503,0.04405,0.56292
189.14000,1.02194,0.36884,0.00871,0.02104,0.60141
189.28000,1.02194,0.33032,0.01005,0.01600,0.64363
189.42000,1.02194,0.20078,0.00312,0.00434,0.79176
189.56000,1.02194,0.17857,0.00371,0.00422,0.81350
189.70000,1.02194,0.13015,0.00228,0.00444,0.86312
189.84000,1.02194,0.13106,0.00297,0.00397,0.86200
189.98000,1.02194,0.07555,0.00145,0.00093,0.92206
190.12000,1.02194,0.07363,0.00306,0.00083,0.92248
190.25999,1.02194,0.10495,0.00167,0.00106,0.89232
190.39999,1.02194,0.07491,0.00220,0.00024,0.92265
190.53999,1.02194,0.07803,0.00166,0.00027,0.92004
190.67999,1.02194,0.14901,0.00833,0.00122,0.84144
190.82001,1.02193,0.15033,0.00510,0.00079,0.84378
190.96001,1.02193,0.14061,0.00130,0.00091,0.85718
191.10001,1.02193,0.09414,0.00419,0.00095,0.90072
191.24001,1.02193,0.16958,0.00394,0.00392,0.82256
191.38000,1.02193,0.19200,0.00287,0.00497,0.80016
191.52000,1.02193,0.28170,0.00386,0.00497,0.70947
191.66000,1.02193,0.42408,0.00749,0.01714,0.55129
191.80000,1.02193,0.56280,0.02968,0.03988,0.36764
191.94000,1.02194,0.57396,0.06432,0.06568,0.29604
192.08000,1.02194,0.69776,0.13305,0.04295,0.12624
192.22000,1.02194,0.81059,0.09249,0.01934,0.07758
192.36000,1.02194,0.85446,0.07817,0.01373,0.05364
192.50000,1.02194,0.81570,0.10293,0.01295,0.06843
192.64000,1.02194,0.79251,0.09178,0.01461,0.10110
192.78000,1.02194,0.73723,0.13165,0.02248,0.10864
192.92000,1.02194,0.59795,0.07943,0.05370,0.26891
193.06000,1.02194,0.30590,0.01788,0.01000,0.66622
193.20000,1.02194,0.18632,0.00366,0.00263,0.80739
193.34000,1.02194,0.12322,0.00340,0.00071,0.87266
193.48000,1.02194,0.07835,0.00228,0.00051,0.91886
193.62000,1.02194,0.07772,0.00276,0.00016,0.91936
193.75999,1.02194,0.09665,0.01338,0.00033,0.88963
193.89999,1.02194,0.06177,0.00348,0.00018,0.93457
194.03999,1.02194,0.08076,0.00288,0.00041,0.91595
194.17999,1.02194,0.06374,0.00051,0.00059,0.93516
194.32001,1.02193,0.07259,0.00292,0.00090,0.92359
194.46001,1.02193,0.07917,0.00292,0.00193,0.91597
194.60001,1.02193,0.07091,0.00047,0.00188,0.92673
194.74001,1.02193,0.06659,0.00077,0.00517,0.92747
194.88000,1.02193,0.08883,0.00143,0.00301,0.90673
195.02000,1.02193,0.07533,0.00164,0.00273,0.92030
195.16000,1.02193,0.06803,0.00055,0.00174,0.92967
195.30000,1.02193,0.07000,0.00059,0.00185,0.92757
195.44000,1.02194,0.06314,0.00077,0.00050,0.93560
195.58000,1.02194,0.09560,0.00311,0.00101,0.90028
195.72000,1.02194,0.09662,0.00064,0.00146,0.90129
195.86000,1.02194,0.08362,0.00075,0.00141,0.91422
196.00000,1.02194,0.09754,0.00185,0.00150,0.89911
196.14000,1.02194,0.19734,0.00974,0.00409,0.78884
196.28000,1.02194,0.13080,0.00084,0.00510,0.86326
196.42000,1.02194,0.13298,0.00105,0.00106,0.86492
196.56000,1.02194,0.14996,0.00196,0.00223,0.84585
196.70000,1.02194,0.14511,0.00303,0.00115,0.85071
196.84000,1.02194,0.15564,0.00156,0.00132,0.84148
196.98000,1.02194,0.08319,0.00095,0.00020,0.91566
197.12000,1.02194,0.10914,0.00473,0.00034,0.88579
197.25999,1.02194,0.07482,0.00108,0.00026,0.92385
197.39999,1.02194,0.06828,0.00065,0.00024,0.93083
197.53999,1.02194,0.09186,0.00101,0.00008,0.90705
197.67999,1.02194,0.10727,0.00420,0.00025,0.88828
197.82001,1.02193,0.18773,0.00230,0.00092,0.80905
197.96001,1.02193,0.31698,0.01463,0.00029,0.66810
198.10001,1.02193,0.56416,0.03543,0.00041,0.39999
198.24001,1.02193,0.53529,0.15934,0.00096,0.30441
198.38000,1.02193,0.38198,0.03711,0.00153,0.57939
198.52000,1.02193,0.34022,0.01601,0.00309,0.64069
198.66000,1.02193,0.31284,0.06205,0.00280,0.62230
198.80000,1.02193,0.31943,0.02779,0.00706,0.64572
198.94000,1.02194,0.25836,0.01006,0.01413,0.71745
199.08000,1.02194,0.12727,0.00222,0.01826,0.85225
199.22000,1.02194,0.08435,0.00062,0.00880,0.90623
199.36000,1.02194,0.14208,0.00062,0.00978,0.84752
199.50000,1.02194,0.26294,0.00067,0.01455,0.72184
199.64000,1.02194,0.37127,0.00119,0.02239,0.60514
199.78000,1.02194,0.40479,0.00634,0.05911,0.52976
199.92000,1.02194,0.30908,0.00442,0.03146,0.65503
200.06000,1.02194,0.31184,0.00610,0.03374,0.64832
200.20000,1.02194,0.25506,0.00303,0.01217,0.72974
200.34000,1.02194,0.17258,0.00190,0.01029,0.81524
200.48000,1.02194,0.17530,0.00893,0.00675,0.80902
200.62000,1.02194,0.08428,0.00177,0.00345,0.91050
200.75999,1.02194,0.05972,0.00055,0.00076,0.93897
200.89999,1.02194,0.07082,0.00210,0.00044,0.92664
201.03999,1.02194,0.05607,0.00120,0.00059,0.94215
201.17999,1.02194,0.06135,0.00238,0.00041,0.93586
201.32001,1.02193,0.03456,0.00062,0.00009,0.96473
201.46001,1.02193,0.04951,0.00206,0.00019,0.94824
201.60001,1.02193,0.06976,0.00589,0.00047,0.92388
201.74001,1.02193,0.07260,0.00310,0.00119,0.92310
201.88000,1.02193,0.05309,0.00089,0.00063,0.94538
202.02000,1.02193,0.05224,0.00067,0.00022,0.94687
202.16000,1.02193,0.07203,0.00083,0.00018,0.92695
202.30000,1.02193,0.04204,0.00020,0.00011,0.95766
202.44000,1.02194,0.04602,0.00003,0.00006,0.95389
202.58000,1.02194,0.05870,0.00009,0.00002,0.94119
202.72000,1.02194,0.06666,0.00033,0.00003,0.93298
202.86000,1.02194,0.03957,0.00009,0.00003,0.96030
203.00000,1.02194,0.05344,0.00339,0.00001,0.94316
203.14000,1.02194,0.07153,0.01217,0.00002,0.91629
203.28000,1.02194,0.19652,0.18416,0.00012,0.61919
203.42000,1.02194,0.11151,0.01556,0.00007,0.87287
203.56000,1.02194,0.10436,0.01413,0.00005,0.88146
203.70000,1.02194,0.13925,0.03492,0.00009,0.82574
203.84000,1.02194,0.07857,0.00630,0.00006,0.91506
203.98000,1.02194,0.06275,0.00314,0.00006,0.93405
204.12000,1.02194,0.03917,0.00073,0.00008,0.96002
204.25999,1.02194,0.09961,0.01760,0.00008,0.88271
204.39999,1.02194,0.06780,0.00295,0.00006,0.92918
204.53999,1.02194,0.08740,0.00458,0.00006,0.90796
204.67999,1.02194,0.07691,0.00187,0.00003,0.92119
204.82001,1.02193,0.06600,0.00057,0.00005,0.93337
204.96001,1.02193,0.14325,0.00691,0.00007,0.84976
205.10001,1.02193,0.08334,0.00114,0.00002,0.91550
205.24001,1.02193,0.17266,0.01605,0.00015,0.81114
205.38000,1.02193,0.13870,0.02129,0.00003,0.83997
205.52000,1.02193,0.09615,0.00318,0.00008,0.90060
205.66000,1.02193,0.20266,0.00236,0.00017,0.79481
205.80000,1.02193,0.07945,0.00640,0.00017,0.91398
205.94000,1.02194,0.19646,0.02711,0.00152,0.77491
206.08000,1.02194,0.11679,0.00808,0.00144,0.87370
206.22000,1.02194,0.06658,0.00130,0.00189,0.93023
206.36000,1.02194,0.10081,0.00402,0.00835,0.88682
206.50000,1.02194,0.08806,0.00115,0.00728,0.90351
206.64000,1.02194,0.06584,0.00061,0.00418,0.92937
206.78000,1.02194,0.06437,0.00096,0.00422,0.93046
206.92000,1.02194,0.05861,0.00098,0.00206,0.93835
207.06000,1.02194,0.05984,0.00174,0.00153,0.93689
207.20000,1.02194,0.04011,0.00043,0.00058,0.95888
207.34000,1.02194,0.06419,0.00218,0.00039,0.93323
207.48000,1.02194,0.12017,0.02251,0.00042,0.85690
207.62000,1.02194,0.14254,0.03283,0.00028,0.82435
207.75999,1.02194,0.10935,0.01337,0.00012,0.87716
207.89999,1.02194,0.07146,0.00477,0.00003,0.92373
208.03999,1.02194,0.16971,0.03099,0.00024,0.79906
208.17999,1.02194,0.05362,0.00254,0.00003,0.94382
208.32001,1.02193,0.06917,0.00330,0.00004,0.92749
208.46001,1.02193,0.04163,0.00047,0.00005,0.95784
208.60001,1.02193,0.06681,0.00222,0.00003,0.93093
208.74001,1.02193,0.04238,0.00039,0.00008,0.95714
208.88000,1.02193,0.07634,0.01018,0.00028,0.91321
209.02000,1.02193,0.04697,0.00065,0.00015,0.95223
209.16000,1.02193,0.04438,0.00049,0.00012,0.95500
209.30000,1.02193,0.05241,0.00128,0.00009,0.94623
209.44000,1.02194,0.04087,0.00057,0.00012,0.95844
209.58000,1.02194,0.06413,0.00508,0.00025,0.93055
209.72000,1.02194,0.04129,0.00126,0.00009,0.95736
209.86000,1.02194,0.08230,0.01669,0.00020,0.90081
210.00000,1.02194,0.05744,0.00488,0.00012,0.93757
210.14000,1.02194,0.04980,0.00136,0.00019,0.94865
210.28000,1.02194,0.06009,0.00260,0.00053,0.93678
210.42000,1.02194,0.06428,0.00233,0.00065,0.93273
210.56000,1.02194,0.06499,0.00483,0.00032,0.92985
210.70000,1.02194,0.08377,0.00757,0.00052,0.90814
210.84000,1.02194,0.06780,0.00365,0.00070,0.92784
210.98000,1.02194,0.04345,0.00044,0.00048,0.95563
211.12000,1.02194,0.04330,0.00048,0.00016,0.95607
211.25999,1.02194,0.08030,0.00288,0.00056,0.91626
211.39999,1.02194,0.06865,0.00147,0.00048,0.92940
211.53999,1.02194,0.05306,0.00050,0.00040,0.94603
211.67999,1.02194,0.05181,0.00053,0.00026,0.94740
211.82001,1.02193,0.04686,0.00208,0.00011,0.95094
211.96001,1.02193,0.04493,0.00193,0.00014,0.95301
212.10001,1.02193,0.06355,0.00632,0.00015,0.92999
212.24001,1.02193,0.06403,0.00201,0.00017,0.93379
212.38000,1.02193,0.05619,0.00122,0.00019,0.94241
212.52000,1.02193,0.08230,0.00564,0.00030,0.91176
212.66000,1.02193,0.06276,0.00264,0.00044,0.93416
212.80000,1.02193,0.06858,0.00582,0.00042,0.92518
212.94000,1.02194,0.05345,0.00242,0.00016,0.94398
213.08000,1.02194,0.07649,0.00256,0.00088,0.92007
213.22000,1.02194,0.06785,0.00140,0.00062,0.93013
213.36000,1.02194,0.06625,0.00087,0.00050,0.93238
213.50000,1.02194,0.04400,0.00019,0.00021,0.95560
213.64000,1.02194,0.06733,0.00091,0.00010,0.93167
213.78000,1.02194,0.03648,0.00020,0.00007,0.96325
213.92000,1.02194,0.06069,0.00176,0.00008,0.93746
214.06000,1.02194,0.08306,0.00150,0.00015,0.91530
214.20000,1.02194,0.06870,0.00386,0.00006,0.92738
214.34000,1.02194,0.05831,0.00064,0.00010,0.94095
214.48000,1.02194,0.03762,0.00033,0.00004,0.96200
214.62000,1.02194,0.04744,0.00064,0.00007,0.95185
214.75999,1.02194,0.02852,0.00007,0.00002,0.97139
214.89999,1.02194,0.04346,0.00035,0.00006,0.95612
215.03999,1.02194,0.03080,0.00009,0.00004,0.96907
215.17999,1.02194,0.03660,0.00058,0.00005,0.96276
215.32001,1.02193,0.06371,0.00224,0.00018,0.93387
215.46001,1.02193,0.05590,0.00164,0.00049,0.94197
215.60001,1.02193,0.03993,0.00097,0.00009,0.95901
215.74001,1.02193,0.06108,0.00456,0.00031,0.93405
215.88000,1.02193,0.05932,0.00821,0.00013,0.93235
216.02000,1.02193,0.04553,0.00216,0.00007,0.95223
216.16000,1.02193,0.06032,0.00312,0.00012,0.93644
216.30000,1.02193,0.06944,0.00540,0.00020,0.92497
216.44000,1.02194,0.05464,0.00290,0.00014,0.94232
216.58000,1.02194,0.08906,0.02226,0.00028,0.88840
216.72000,1.02194,0.06773,0.00457,0.00039,0.92730
216.86000,1.02194,0.05417,0.00239,0.00045,0.94299
217.00000,1.02194,0.06337,0.00245,0.00087,0.93331
217.14000,1.02194,0.04897,0.00101,0.00032,0.94971
217.28000,1.02194,0.03948,0.00033,0.00021,0.95998
217.42000,1.02194,0.04047,0.00026,0.00022,0.95906
217.56000,1.02194,0.03915,0.00018,0.00010,0.96057
217.70000,1.02194,0.03623,0.00015,0.00009,0.96353
217.84000,1.02194,0.04722,0.00040,0.00023,0.95215
217.98000,1.02194,0.04578,0.00025,0.00027,0.95370
218.12000,1.02194,0.05287,0.00055,0.00082,0.94576
218.25999,1.02194,0.06027,0.00160,0.00061,0.93752
218.39999,1.02194,0.07209,0.00083,0.00106,0.92602
218.53999,1.02194,0.06490,0.00153,0.00090,0.93267
218.67999,1.02194,0.09375,0.00641,0.00243,0.89741
218.82001,1.02193,0.09551,0.00508,0.00384,0.89557
218.96001,1.02193,0.12079,0.00389,0.00304,0.87228
219.10001,1.02193,0.12385,0.01012,0.00197,0.86406
219.24001,1.02193,0.06880,0.00139,0.00183,0.92798
219.38000,1.02193,0.06897,0.00168,0.00048,0.92887
219.52000,1.02193,0.08871,0.00405,0.00026,0.90698
219.66000,1.02193,0.08402,0.00223,0.00035,0.91341
219.80000,1.02193,0.06405,0.00022,0.00015,0.93558
219.94000,1.02194,0.04590,0.00053,0.00004,0.95353
220.08000,1.02194,0.07456,0.00034,0.00010,0.92501
220.22000,1.02194,0.05490,0.00044,0.00005,0.94461
220.36000,1.02194,0.04362,0.00023,0.00008,0.95608
220.50000,1.02194,0.05211,0.00038,0.00003,0.94748
220.64000,1.02194,0.04815,0.00323,0.00004,0.94858
220.78000,1.02194,0.06510,0.00768,0.00014,0.92707
220.92000,1.02194,0.11679,0.03342,0.00046,0.84933
221.06000,1.02194,0.07023,0.00771,0.00022,0.92184
221.20000,1.02194,0.05920,0.00402,0.00019,0.93659
221.34000,1.02194,0.07649,0.00557,0.00012,0.91782
221.48000,1.02194,0.06636,0.00294,0.00019,0.93051
221.62000,1.02194,0.08781,0.00440,0.00016,0.90763
221.75999,1.02194,0.07354,0.00225,0.00009,0.92413
221.89999,1.02194,0.13403,0.00794,0.00031,0.85772
222.03999,1.02194,0.11899,0.00519,0.00048,0.87534
222.17999,1.02194,0.08531,0.00091,0.00013,0.91365
222.32001,1.02193,0.13149,0.00101,0.00013,0.86738
222.46001,1.02193,0.10005,0.00266,0.00032,0.89697
222.60001,1.02193,0.06175,0.00070,0.00020,0.93735
222.74001,1.02193,0.03442,0.00008,0.00002,0.96548
222.88000,1.02193,0.05654,0.00135,0.00010,0.94201
223.02000,1.02193,0.10711,0.00410,0.00027,0.88852
223.16000,1.02193,0.08281,0.00147,0.00017,0.91555
223.30000,1.02193,0.06067,0.00014,0.00005,0.93914
223.44000,1.02194,0.06867,0.00063,0.00010,0.93060
223.58000,1.02194,0.06645,0.00101,0.00018,0.93236
223.72000,1.02194,0.13909,0.00473,0.00033,0.85585
223.86000,1.02194,0.06998,0.00055,0.00019,0.92929
224.00000,1.02194,0.11283,0.00240,0.00036,0.88441
224.14000,1.02194,0.11266,0.00247,0.00014,0.88473
224.28000,1.02194,0.08152,0.00151,0.00023,0.91673
224.42000,1.02194,0.14769,0.00143,0.00029,0.85060
224.56000,1.02194,0.14510,0.00343,0.00015,0.85132
224.70000,1.02194,0.08111,0.00069,0.00004,0.91816
224.84000,1.02194,0.07546,0.00709,0.00005,0.91740
224.98000,1.02194,0.07356,0.00115,0.00009,0.92521
225.12000,1.02194,0.11591,0.00168,0.00007,0.88234
225.25999,1.02194,0.07454,0.00289,0.00005,0.92252
225.39999,1.02194,0.04014,0.00063,0.00001,0.95922
225.53999,1.02194,0.07743,0.00208,0.00010,0.92040
225.67999,1.02194,0.11600,0.00057,0.00018,0.88325
225.82001,1.02193,0.32244,0.01351,0.00080,0.66325
225.96001,1.02193,0.46257,0.03556,0.00032,0.50154
226.10001,1.02193,0.49433,0.29181,0.00049,0.21338
226.24001,1.02193,0.68037,0.16067,0.00118,0.15779
226.38000,1.02193,0.63899,0.04220,0.00073,0.31808
226.52000,1.02193,0.44372,0.02483,0.00013,0.53131
226.66000,1.02193,0.28091,0.38968,0.00143,0.32798
226.80000,1.02193,0.15226,0.02702,0.00056,0.82016
226.94000,1.02194,0.11892,0.00606,0.00058,0.87444
227.08000,1.02194,0.04147,0.00042,0.00041,0.95770
227.22000,1.02194,0.06203,0.00079,0.00321,0.93396
227.36000,1.02194,0.04926,0.00043,0.00224,0.94807
227.50000,1.02194,0.04877,0.00037,0.00163,0.94923
227.64000,1.02194,0.06063,0.00060,0.00383,0.93493
227.78000,1.02194,0.07817,0.00184,0.00385,0.91614
227.92000,1.02194,0.05861,0.00202,0.00089,0.93848
228.06000,1.02194,0.10589,0.00680,0.00064,0.88667
228.20000,1.02194,0.06975,0.00362,0.00069,0.92594
228.34000,1.02194,0.09304,0.00474,0.00028,0.90193
228.48000,1.02194,0.10053,0.00182,0.00015,0.89750
228.62000,1.02194,0.15436,0.01769,0.00077,0.82717
228.75999,1.02194,0.13240,0.00960,0.00045,0.85756
228.89999,1.02194,0.13989,0.00315,0.00087,0.85609
229.03999,1.02194,0.20727,0.00894,0.00316,0.78064
229.17999,1.02194,0.16850,0.00235,0.00668,0.82247
229.32001,1.02193,0.11399,0.00188,0.00621,0.87793
229.46001,1.02193,0.12798,0.00647,0.00671,0.85884
229.60001,1.02193,0.13799,0.00269,0.00826,0.85106
229.74001,1.02193,0.11547,0.00293,0.00401,0.87759
229.88000,1.02193,0.13642,0.00245,0.00310,0.85802
230.02000,1.02193,0.10128,0.00445,0.00325,0.89102
230.16000,1.02193,0.09201,0.00406,0.00208,0.90185
230.30000,1.02193,0.10943,0.00481,0.00499,0.88077
230.44000,1.02194,0.11124,0.00157,0.00817,0.87902
230.58000,1.02194,0.15500,0.01119,0.00889,0.82492
230.72000,1.02194,0.07890,0.00100,0.00527,0.91483
230.86000,1.02194,0.08238,0.00131,0.00350,0.91281
231.00000,1.02194,0.11953,0.00601,0.00182,0.87264
231.14000,1.02194,0.09100,0.00474,0.00083,0.90343
231.28000,1.02194,0.08098,0.00376,0.00048,0.91478
231.42000,1.02194,0.08343,0.00503,0.00051,0.91103
231.56000,1.02194,0.10391,0.00210,0.00097,0.89302
231.70000,1.02194,0.10099,0.00329,0.00035,0.89537
231.84000,1.02194,0.05176,0.00040,0.00013,0.94771
231.98000,1.02194,0.03831,0.00015,0.00019,0.96136
232.12000,1.02194,0.05086,0.00078,0.00012,0.94823
232.25999,1.02194,0.06300,0.00006,0.00009,0.93685
232.39999,1.02194,0.10106,0.00024,0.00015,0.89855
232.53999,1.02194,0.10716,0.00209,0.00015,0.89059
232.67999,1.02194,0.07599,0.00080,0.00013,0.92308
232.82001,1.02193,0.13280,0.00404,0.00087,0.86229
232.96001,1.02193,0.08742,0.00138,0.00028,0.91092
233.10001,1.02193,0.15095,0.00037,0.00030,0.84838
233.24001,1.02193,0.06099,0.00090,0.00017,0.93795
233.38000,1.02193,0.06609,0.00066,0.00045,0.93279
233.52000,1.02193,0.08478,0.00040,0.00027,0.91454
233.66000,1.02193,0.18593,0.00479,0.00140,0.80788
233.80000,1.02193,0.14591,0.00205,0.00445,0.84759
233.94000,1.02194,0.16544,0.00306,0.00305,0.82844
234.08000,1.02194,0.30942,0.01352,0.01855,0.65851
234.22000,1.02194,0.33830,0.01258,0.04302,0.60610
234.36000,1.02194,0.38159,0.00556,0.03797,0.57489
234.50000,1.02194,0.37871,0.00709,0.04798,0.56622
234.64000,1.02194,0.34467,0.00541,0.03926,0.61067
234.78000,1.02194,0.37700,0.00526,0.03766,0.58008
234.92000,1.02194,0.36629,0.00626,0.04279,0.58466
235.06000,1.02194,0.34439,0.00616,0.04235,0.60710
235.20000,1.02194,0.29580,0.00649,0.03904,0.65867
235.34000,1.02194,0.33711,0.00352,0.03022,0.62915
235.48000,1.02194,0.31610,0.00595,0.01160,0.66635
235.62000,1.02194,0.31493,0.00464,0.00445,0.67597
235.75999,1.02194,0.26021,0.00408,0.00153,0.73417
235.89999,1.02194,0.16746,0.00170,0.00109,0.82975
236.03999,1.02194,0.10781,0.00304,0.00051,0.88863
236.17999,1.02194,0.09237,0.00098,0.00027,0.90639
236.32001,1.02193,0.06885,0.00286,0.00050,0.92779
236.46001,1.02193,0.05424,0.00084,0.00045,0.94447
236.60001,1.02193,0.08086,0.00248,0.00021,0.91645
236.74001,1.02193,0.09397,0.00432,0.00049,0.90122
236.88000,1.02193,0.10211,0.00175,0.00141,0.89473
237.02000,1.02193,0.12275,0.00808,0.00053,0.86864
237.16000,1.02193,0.17332,0.00289,0.00051,0.82329
237.30000,1.02193,0.18162,0.02124,0.00137,0.79577
237.44000,1.02194,0.12366,0.00805,0.00068,0.86761
237.58000,1.02194,0.11533,0.00384,0.00075,0.88009
237.72000,1.02194,0.17032,0.01115,0.00040,0.81813
237.86000,1.02194,0.14312,0.00388,0.00026,0.85274
238.00000,1.02194,0.17528,0.00354,0.00048,0.82070
238.14000,1.02194,0.24183,0.01887,0.00234,0.73695
238.28000,1.02194,0.17525,0.00848,0.00452,0.81175
238.42000,1.02194,0.24593,0.00263,0.00311,0.74833
238.56000,1.02194,0.14839,0.02014,0.00289,0.82858
238.70000,1.02194,0.09980,0.00401,0.00440,0.89179
238.84000,1.02194,0.07317,0.00185,0.00174,0.92324
238.98000,1.02194,0.06376,0.00048,0.00089,0.93488
239.12000,1.02194,0.07214,0.00064,0.00071,0.92651
239.25999,1.02194,0.10602,0.00161,0.00110,0.89127
239.39999,1.02194,0.05071,0.00013,0.00044,0.94872
239.53999,1.02194,0.07201,0.00034,0.00080,0.92686
239.67999,1.02194,0.06975,0.00017,0.00053,0.92954
239.82001,1.02193,0.07679,0.00011,0.00044,0.92265
239.96001,1.02193,0.09277,0.00017,0.00046,0.90660
240.10001,1.02193,0.04147,0.00018,0.00027,0.95808
240.24001,1.02193,0.07802,0.00250,0.00086,0.91862
240.38000,1.02193,0.09050,0.00066,0.00082,0.90803
240.52000,1.02193,0.09104,0.00251,0.00119,0.90526
240.66000,1.02193,0.06468,0.00043,0.00083,0.93406
240.80000,1.02193,0.10273,0.00101,0.00129,0.89497
240.94000,1.02194,0.12546,0.00081,0.00071,0.87302
241.08000,1.02194,0.11239,0.00395,0.00149,0.88218
241.22000,1.02194,0.09877,0.00046,0.00104,0.89972
241.36000,1.02194,0.07882,0.00132,0.00072,0.91914
241.50000,1.02194,0.11367,0.00135,0.00097,0.88401
241.64000,1.02194,0.09140,0.00035,0.00012,0.90813
241.78000,1.02194,0.11673,0.00287,0.00046,0.87994
241.92000,1.02194,0.06261,0.00083,0.00127,0.93529
242.06000,1.02194,0.09449,0.00581,0.00234,0.89736
242.20000,1.02194,0.08981,0.00071,0.00108,0.90841
242.34000,1.02194,0.07256,0.00248,0.00052,0.92444
242.48000,1.02194,0.07496,0.00214,0.00098,0.92192
242.62000,1.02194,0.06971,0.00136,0.00028,0.92866
242.75999,1.02194,0.11156,0.00195,0.00013,0.88636
242.89999,1.02194,0.07242,0.00541,0.00020,0.92198
243.03999,1.02194,0.07358,0.00197,0.00025,0.92420
243.17999,1.02194,0.08235,0.00256,0.00052,0.91456
243.32001,1.02193,0.11214,0.00262,0.00042,0.88482
243.46001,1.02193,0.12443,0.01629,0.00180,0.85749
243.60001,1.02193,0.09067,0.00419,0.00121,0.90394
243.74001,1.02193,0.09190,0.00200,0.00130,0.90480
243.88000,1.02193,0.06353,0.00194,0.00164,0.93289
244.02000,1.02193,0.13521,0.01496,0.01142,0.83841
244.16000,1.02193,0.10185,0.01072,0.00405,0.88339
244.30000,1.02193,0.09127,0.00402,0.00361,0.90110
244.44000,1.02194,0.09296,0.00345,0.00216,0.90143
244.58000,1.02194,0.09846,0.00322,0.00308,0.89524
244.72000,1.02194,0.10666,0.00175,0.00183,0.88976
244.86000,1.02194,0.11680,0.01027,0.00058,0.87235
245.00000,1.02194,0.13364,0.00717,0.00114,0.85805
245.14000,1.02194,0.22526,0.00426,0.00259,0.76789
245.28000,1.02194,0.23300,0.00364,0.00194,0.76142
245.42000,1.02194,0.17654,0.00561,0.00243,0.81542
245.56000,1.02194,0.25543,0.02251,0.00455,0.71751
245.70000,1.02194,0.17316,0.00718,0.00389,0.81577
245.84000,1.02194,0.17113,0.00726,0.00804,0.81357
245.98000,1.02194,0.10233,0.00391,0.00224,0.89153
246.12000,1.02194,0.10171,0.00192,0.00196,0.89440
246.25999,1.02194,0.13509,0.00511,0.00325,0.85655
246.39999,1.02194,0.15546,0.02167,0.00460,0.81827
246.53999,1.02194,0.15161,0.00545,0.00325,0.83969
246.67999,1.02194,0.18894,0.02500,0.00471,0.78135
246.82001,1.02193,0.13234,0.00421,0.00299,0.86046
246.96001,1.02193,0.14069,0.00258,0.00145,0.85529
247.10001,1.02193,0.09164,0.00046,0.00045,0.90745
247.24001,1.02193,0.10557,0.00163,0.00023,0.89258
247.38000,1.02193,0.08826,0.00049,0.00034,0.91090
247.52000,1.02193,0.09493,0.00108,0.00044,0.90355
247.66000,1.02193,0.09756,0.00048,0.00045,0.90151
247.80000,1.02193,0.07647,0.00057,0.00022,0.92273
247.94000,1.02194,0.20121,0.01167,0.00152,0.78561
248.08000,1.02194,0.16643,0.00638,0.00035,0.82684
248.22000,1.02194,0.14504,0.00231,0.00066,0.85199
248.36000,1.02194,0.14007,0.00115,0.00052,0.85825
248.50000,1.02194,0.10848,0.00137,0.00085,0.88930
248.64000,1.02194,0.09959,0.00040,0.00044,0.89957
248.78000,1.02194,0.07470,0.00190,0.00108,0.92232
248.92000,1.02194,0.06295,0.00092,0.00076,0.93536
249.06000,1.02194,0.05316,0.00043,0.00058,0.94582
249.20000,1.02194,0.04747,0.00020,0.00054,0.95179
249.34000,1.02194,0.06215,0.00114,0.00025,0.93647
249.48000,1.02194,0.07618,0.00095,0.00033,0.92254
249.62000,1.02194,0.15421,0.00230,0.00045,0.84304
249.75999,1.02194,0.13572,0.00238,0.00030,0.86160
249.89999,1.02194,0.12969,0.00136,0.00067,0.86828
250.03999,1.02194,0.34982,0.01460,0.00111,0.63447
250.17999,1.02194,0.21999,0.00661,0.00270,0.77070
250.32001,1.02193,0.16596,0.00168,0.00416,0.82821
250.46001,1.02193,0.16986,0.00247,0.00111,0.82656
250.60001,1.02193,0.08878,0.00587,0.00080,0.90455
250.74001,1.02193,0.21471,0.00491,0.00360,0.77678
250.88000,1.02193,0.14686,0.00400,0.00230,0.84683
251.02000,1.02193,0.14074,0.00260,0.00072,0.85593
251.16000,1.02193,0.20889,0.02415,0.00284,0.76412
251.30000,1.02193,0.15718,0.01010,0.00151,0.83120
251.44000,1.02194,0.15957,0.01073,0.00196,0.82774
251.58000,1.02194,0.09201,0.00267,0.00122,0.90410
251.72000,1.02194,0.11846,0.00525,0.00161,0.87468
251.86000,1.02194,0.14480,0.00210,0.00256,0.85054
252.00000,1.02194,0.15032,0.00488,0.00375,0.84104
252.14000,1.02194,0.12378,0.00203,0.00543,0.86877
252.28000,1.02194,0.11050,0.00364,0.00685,0.87901
252.42000,1.02194,0.13228,0.00484,0.00693,0.85595
252.56000,1.02194,0.17403,0.00058,0.00369,0.82170
252.70000,1.02194,0.15551,0.00144,0.00209,0.84097
252.84000,1.02194,0.10342,0.00059,0.00175,0.89424
252.98000,1.02194,0.06695,0.00025,0.00065,0.93214
253.12000,1.02194,0.15805,0.00214,0.00065,0.83915
253.25999,1.02194,0.10594,0.00076,0.00054,0.89277
253.39999,1.02194,0.07370,0.00035,0.00014,0.92581
253.53999,1.02194,0.11461,0.00070,0.00010,0.88459
253.67999,1.02194,0.11982,0.00206,0.00011,0.87800
253.82001,1.02193,0.15657,0.00957,0.00031,0.83356
253.96001,1.02193,0.26557,0.01458,0.00076,0.71909
254.10001,1.02193,0.53964,0.00212,0.00106,0.45718
254.24001,1.02193,0.28526,0.01799,0.00488,0.69187
254.38000,1.02193,0.25072,0.01902,0.00912,0.72113
254.52000,1.02193,0.33256,0.13512,0.00448,0.52784
254.66000,1.02193,0.30286,0.04939,0.00319,0.64457
254.80000,1.02193,0.27125,0.07674,0.00291,0.64911
254.94000,1.02194,0.16288,0.04231,0.00152,0.79329
255.08000,1.02193,0.19130,0.03356,0.00126,0.77387
255.22000,1.02194,0.30380,0.12169,0.00264,0.57186
255.36000,1.02193,0.13804,0.01458,0.00070,0.84668
255.50000,1.02194,0.13996,0.00949,0.00126,0.84928
255.64000,1.02193,0.15585,0.01685,0.00184,0.82547
255.78000,1.02194,0.12794,0.00978,0.00328,0.85899
255.92000,1.02193,0.12194,0.00340,0.00225,0.87242
256.06000,1.02194,0.13415,0.01491,0.00345,0.84749
256.20001,1.02191,0.08652,0.00179,0.00091,0.91079
256.34000,1.02194,0.06641,0.00147,0.00027,0.93184
256.48001,1.02191,0.06198,0.00178,0.00017,0.93607
256.62000,1.02194,0.04519,0.00064,0.00009,0.95408
256.76001,1.02194,0.04115,0.00025,0.00006,0.95855
256.89999,1.02194,0.04534,0.00140,0.00009,0.95318
257.04001,1.02194,0.07729,0.00279,0.00023,0.91970
257.17999,1.02194,0.05812,0.00212,0.00022,0.93954
257.32001,1.02194,0.07224,0.00445,0.00066,0.92265
257.45999,1.02194,0.05566,0.00254,0.00019,0.94161
257.60001,1.02194,0.08416,0.00890,0.00019,0.90675
257.73999,1.02194,0.12433,0.01306,0.00123,0.86138
257.88000,1.02194,0.07800,0.00626,0.00047,0.91527
258.01999,1.02194,0.06791,0.00242,0.00060,0.92907
258.16000,1.02194,0.11108,0.01649,0.00064,0.87179
258.29999,1.02194,0.10995,0.00823,0.00042,0.88140
258.44000,1.02194,0.11332,0.00393,0.00125,0.88150
258.57999,1.02194,0.12725,0.02418,0.00052,0.84806
258.72000,1.02194,0.16069,0.00128,0.00041,0.83763
258.85999,1.02194,0.27587,0.00541,0.00048,0.71824
259.00000,1.02194,0.17353,0.00205,0.00016,0.82426
259.14001,1.02191,0.23848,0.00207,0.00011,0.75935
259.28000,1.02194,0.34271,0.01353,0.00011,0.64365
259.42001,1.02191,0.38753,0.00420,0.00034,0.60793
259.56000,1.02194,0.23984,0.00126,0.00012,0.75877
259.70001,1.02191,0.06299,0.00047,0.00003,0.93651
259.84000,1.02194,0.13006,0.00219,0.00016,0.86759
259.98001,1.02191,0.14269,0.00464,0.00024,0.85242
260.12000,1.02194,0.05655,0.00078,0.00007,0.94260
260.26001,1.02194,0.04395,0.00069,0.00005,0.95531
260.39999,1.02194,0.03548,0.00036,0.00006,0.96410
260.54001,1.02194,0.07818,0.00670,0.00011,0.91501
260.67999,1.02194,0.07607,0.00265,0.00032,0.92096
260.82001,1.02194,0.10339,0.00701,0.00108,0.88852
260.95999,1.02194,0.16066,0.00527,0.00106,0.83301
261.10001,1.02194,0.10916,0.00325,0.00037,0.88722
261.23999,1.02194,0.14575,0.02358,0.00052,0.83014
261.38000,1.02194,0.23429,0.04117,0.00087,0.72367
261.51999,1.02194,0.15573,0.00372,0.00045,0.84010
261.66000,1.02194,0.10894,0.00575,0.00017,0.88514
261.79999,1.02194,0.11168,0.00276,0.00032,0.88524
261.94000,1.02194,0.21532,0.00468,0.00021,0.77979
262.07999,1.02194,0.16740,0.00636,0.00031,0.82593
262.22000,1.02194,0.07619,0.00144,0.00014,0.92222
262.35999,1.02194,0.10000,0.00391,0.00018,0.89590
262.50000,1.02194,0.07094,0.00101,0.00012,0.92793
262.64001,1.02191,0.11292,0.03562,0.00041,0.85105
262.78000,1.02194,0.05755,0.00471,0.00027,0.93747
262.92001,1.02191,0.05473,0.00214,0.00027,0.94286
263.06000,1.02194,0.04425,0.00115,0.00020,0.95440
263.20001,1.02191,0.03923,0.00091,0.00015,0.95972
263.34000,1.02194,0.06022,0.00115,0.00029,0.93833
263.48001,1.02191,0.04952,0.00039,0.00042,0.94966
263.62000,1.02194,0.04299,0.00018,0.00043,0.95640
263.76001,1.02194,0.07050,0.00054,0.00153,0.92743
263.89999,1.02194,0.06941,0.00015,0.00171,0.92873
264.04001,1.02194,0.06880,0.00063,0.00222,0.92835
264.17999,1.02194,0.09112,0.00105,0.00238,0.90545
264.32001,1.02194,0.09556,0.00192,0.00100,0.90152
264.45999,1.02194,0.09369,0.00180,0.00085,0.90367
264.60001,1.02194,0.09057,0.00451,0.00069,0.90422
264.73999,1.02194,0.14822,0.01246,0.00293,0.83639
264.88000,1.02194,0.29916,0.05524,0.00992,0.63568
265.01999,1.02194,0.25195,0.02815,0.00819,0.71170
265.16000,1.02194,0.18247,0.00912,0.01627,0.79214
265.29999,1.02194,0.24102,0.00562,0.02085,0.73252
265.44000,1.02194,0.22124,0.00965,0.00993,0.75918
265.57999,1.02194,0.16010,0.00869,0.00686,0.82435
265.72000,1.02194,0.15085,0.00171,0.00232,0.84512
265.85999,1.02194,0.21895,0.00098,0.00229,0.77778
266.00000,1.02194,0.23528,0.00532,0.00154,0.75786
266.14001,1.02191,0.12418,0.00104,0.00035,0.87443
266.28000,1.02194,0.16142,0.00115,0.00059,0.83684
266.42001,1.02191,0.18970,0.00070,0.00026,0.80934
266.56000,1.02194,0.15982,0.00049,0.00008,0.83961
266.70001,1.02191,0.24492,0.00215,0.00026,0.75267
266.84000,1.02194,0.25815,0.00157,0.00186,0.73842
266.98001,1.02191,0.21525,0.00033,0.00127,0.78316
267.12000,1.02194,0.25230,0.00218,0.00074,0.74478
267.26001,1.02194,0.26141,0.03978,0.00222,0.69659
267.39999,1.02194,0.22103,0.01139,0.00490,0.76268
267.54001,1.02194,0.14843,0.00608,0.00206,0.84344
267.67999,1.02194,0.13272,0.00671,0.00128,0.85929
267.82001,1.02194,0.28780,0.04023,0.00295,0.66902
267.95999,1.02194,0.34992,0.04337,0.00397,0.60273
268.10001,1.02194,0.22555,0.01114,0.00472,0.75858
268.23999,1.02194,0.15317,0.00301,0.00376,0.84005
268.38000,1.02194,0.14013,0.00325,0.00856,0.84806
268.51999,1.02194,0.15947,0.00324,0.00962,0.82767
268.66000,1.02194,0.21940,0.00747,0.01780,0.75534
268.79999,1.02194,0.13601,0.00195,0.01374,0.84830
268.94000,1.02194,0.19452,0.00243,0.01061,0.79245
269.07999,1.02194,0.20247,0.00383,0.01265,0.78104
269.22000,1.02194,0.21568,0.01025,0.02404,0.75004
269.35999,1.02194,0.18060,0.00510,0.00871,0.80559
269.50000,1.02194,0.35716,0.00434,0.01190,0.62660
269.64001,1.02191,0.26302,0.00312,0.00196,0.73190
269.78000,1.02194,0.30956,0.00386,0.00169,0.68489
269.92001,1.02191,0.27102,0.00143,0.00122,0.72633
270.06000,1.02194,0.21662,0.00354,0.00275,0.77710
270.20001,1.02191,0.16854,0.00180,0.00193,0.82773
270.34000,1.02194,0.14892,0.01169,0.00277,0.83662
270.48001,1.02191,0.16052,0.00706,0.00750,0.82492
270.62000,1.02194,0.15877,0.00203,0.00498,0.83423
270.76001,1.02194,0.11164,0.00243,0.00606,0.87986
270.89999,1.02194,0.09458,0.00165,0.00447,0.89930
271.04001,1.02194,0.15911,0.00437,0.00932,0.82720
271.17999,1.02194,0.15408,0.00207,0.01422,0.82963
271.32001,1.02194,0.23509,0.00183,0.01674,0.74634
271.45999,1.02194,0.33328,0.00493,0.03304,0.62875
271.60001,1.02194,0.41716,0.01029,0.04143,0.53112
271.73999,1.02194,0.51017,0.00888,0.06646,0.41449
271.88000,1.02194,0.38472,0.00879,0.07937,0.52712
272.01999,1.02194,0.34723,0.00864,0.07348,0.57065
272.16000,1.02194,0.25689,0.00303,0.03429,0.70579
272.29999,1.02194,0.23784,0.00312,0.01564,0.74340
272.44000,1.02194,0.35517,0.00470,0.00993,0.63020
272.57999,1.02194,0.60286,0.00794,0.01169,0.37750
272.72000,1.02194,0.80342,0.01305,0.01244,0.17110
272.85999,1.02194,0.92334,0.02060,0.00760,0.04846
273.00000,1.02194,0.91862,0.06366,0.00603,0.01168
273.14001,1.02191,0.94415,0.04360,0.00743,0.00482
273.28000,1.02194,0.97857,0.01670,0.00320,0.00153
273.42001,1.02191,0.98374,0.01175,0.00261,0.00190
273.56000,1.02194,0.99324,0.00373,0.00147,0.00156
273.70001,1.02191,0.99227,0.00529,0.00163,0.00081
273.84000,1.02194,0.99526,0.00308,0.00100,0.00066
273.98001,1.02191,0.99332,0.00411,0.00163,0.00094
274.12000,1.02194,0.98132,0.01152,0.00549,0.00168
274.26001,1.02194,0.98234,0.01312,0.00329,0.00126
274.39999,1.02194,0.98336,0.01177,0.00332,0.00155
274.54001,1.02194,0.98311,0.00974,0.00452,0.00263
274.67999,1.02194,0.98719,0.00772,0.00318,0.00191
274.82001,1.02194,0.99288,0.00488,0.00135,0.00089
274.95999,1.02194,0.99540,0.00339,0.00087,0.00034
275.10001,1.02194,0.99420,0.00459,0.00101,0.00019
275.23999,1.02194,0.99697,0.00217,0.00064,0.00022
275.38000,1.02194,0.99573,0.00306,0.00082,0.00039
275.51999,1.02194,0.99347,0.00418,0.00133,0.00102
275.66000,1.02194,0.98833,0.00863,0.00203,0.00100
275.79999,1.02194,0.97168,0.02214,0.00359,0.00260
275.94000,1.02194,0.95970,0.03112,0.00473,0.00445
276.07999,1.02194,0.94288,0.04164,0.00869,0.00679
276.22000,1.02194,0.89081,0.09130,0.01282,0.00507
276.35999,1.02194,0.98939,0.00340,0.00337,0.00384
276.50000,1.02194,0.97124,0.01396,0.00436,0.01044
276.64001,1.02191,0.98103,0.01097,0.00057,0.00743
276.78000,1.02194,0.95394,0.03531,0.00125,0.00950
276.92001,1.02191,0.97926,0.00192,0.00109,0.01773
277.06000,1.02194,0.94700,0.01396,0.00191,0.03714
277.20001,1.02191,0.78227,0.00776,0.00099,0.20898
277.34000,1.02194,0.83462,0.04377,0.00139,0.12022
277.48001,1.02191,0.95270,0.00869,0.00137,0.03724
277.62000,1.02194,0.97558,0.01146,0.00227,0.01069
277.76001,1.02194,0.98247,0.00658,0.00146,0.00949
277.89999,1.02194,0.99060,0.00429,0.00159,0.00351
278.04001,1.02194,0.98639,0.01101,0.00173,0.00086
278.17999,1.02194,0.98459,0.01274,0.00210,0.00058
278.32001,1.02194,0.93556,0.04933,0.01303,0.00208
278.45999,1.02194,0.93792,0.05220,0.00393,0.00594
278.60001,1.02194,0.99358,0.00289,0.00115,0.00239
278.73999,1.02194,0.97297,0.00361,0.00112,0.02230
278.88000,1.02194,0.93755,0.01357,0.00325,0.04563
279.01999,1.02194,0.92622,0.00664,0.00084,0.06630
279.16000,1.02194,0.96498,0.02444,0.00065,0.00993
279.29999,1.02194,0.99629,0.00130,0.00045,0.00196
279.44000,1.02194,0.99500,0.00272,0.00090,0.00138
279.57999,1.02194,0.98912,0.00875,0.00167,0.00047
279.72000,1.02194,0.99268,0.00579,0.00136,0.00016
279.85999,1.02194,0.97855,0.01899,0.00207,0.00039
280.00000,1.02194,0.95043,0.04315,0.00438,0.00205
280.14001,1.02191,0.96435,0.02832,0.00508,0.00224
280.28000,1.02194,0.97102,0.01817,0.00487,0.00594
280.42001,1.02191,0.96754,0.02360,0.00575,0.00312
280.56000,1.02194,0.94790,0.04298,0.00638,0.00274
280.70001,1.02191,0.99032,0.00643,0.00176,0.00149
280.84000,1.02194,0.99639,0.00257,0.00089,0.00016
280.98001,1.02191,0.99764,0.00158,0.00066,0.00012
281.12000,1.02194,0.99806,0.00129,0.00055,0.00011
281.26001,1.02194,0.99728,0.00160,0.00093,0.00019
281.39999,1.02194,0.99805,0.00143,0.00045,0.00006
281.54001,1.02194,0.99856,0.00098,0.00039,0.00008
281.67999,1.02194,0.99794,0.00148,0.00050,0.00007
281.82001,1.02194,0.99778,0.00158,0.00056,0.00007
281.95999,1.02194,0.99769,0.00168,0.00055,0.00007
282.10001,1.02194,0.99809,0.00135,0.00047,0.00008
282.23999,1.02194,0.99831,0.00120,0.00043,0.00007
282.38000,1.02194,0.99829,0.00123,0.00042,0.00006
282.51999,1.02194,0.99846,0.00109,0.00039,0.00006
282.66000,1.02194,0.99830,0.00119,0.00044,0.00007
282.79999,1.02194,0.99817,0.00131,0.00046,0.00006
282.94000,1.02194,0.99821,0.00129,0.00044,0.00006
283.07999,1.02194,0.99846,0.00107,0.00041,0.00007
283.22000,1.02194,0.99803,0.00141,0.00049,0.00007
283.35999,1.02194,0.99796,0.00146,0.00050,0.00008
283.50000,1.02194,0.99685,0.00235,0.00073,0.00008
283.64001,1.02191,0.99796,0.00143,0.00052,0.00009
283.78000,1.02194,0.99747,0.00189,0.00057,0.00007
283.92001,1.02191,0.99725,0.00202,0.00064,0.00009
284.06000,1.02194,0.99734,0.00187,0.00068,0.00011
284.20001,1.02191,0.99752,0.00186,0.00053,0.00008
284.34000,1.02194,0.99661,0.00273,0.00060,0.00006
284.48001,1.02191,0.99706,0.00231,0.00056,0.00007
284.62000,1.02194,0.99693,0.00242,0.00058,0.00007
284.76001,1.02194,0.99688,0.00246,0.00059,0.00007
284.89999,1.02194,0.99695,0.00240,0.00058,0.00007
285.04001,1.02194,0.99704,0.00232,0.00057,0.00007
285.17999,1.02194,0.99701,0.00235,0.00057,0.00007
285.32001,1.02194,0.99702,0.00234,0.00057,0.00007
285.45999,1.02194,0.99719,0.00218,0.00055,0.00007
285.60001,1.02194,0.99715,0.00223,0.00056,0.00007
285.73999,1.02194,0.99715,0.00223,0.00055,0.00007
285.88000,1.02194,0.99709,0.00229,0.00056,0.00006
286.01999,1.02194,0.99709,0.00229,0.00056,0.00007
286.16000,1.02194,0.99714,0.00225,0.00055,0.00007
286.29999,1.02194,0.99717,0.00221,0.00055,0.00007
286.44000,1.02194,0.99604,0.00322,0.00066,0.00007
286.57999,1.02194,0.99611,0.00317,0.00064,0.00007
286.72000,1.02194,0.99631,0.00291,0.00070,0.00008
286.85999,1.02194,0.99649,0.00278,0.00066,0.00007
287.00000,1.02194,0.99656,0.00274,0.00063,0.00007
287.14001,1.02191,0.99686,0.00245,0.00062,0.00007
287.28000,1.02194,0.99651,0.00264,0.00076,0.00009
287.42001,1.02191,0.99777,0.00170,0.00046,0.00006
287.56000,1.02194,0.99781,0.00168,0.00045,0.00006
287.70001,1.02191,0.99793,0.00157,0.00044,0.00006
287.84000,1.02194,0.99801,0.00148,0.00044,0.00007
287.98001,1.02191,0.99812,0.00137,0.00043,0.00008
288.12000,1.02194,0.99809,0.00140,0.00044,0.00007
288.26001,1.02194,0.99787,0.00160,0.00047,0.00006
288.39999,1.02194,0.99789,0.00159,0.00046,0.00006
288.54001,1.02194,0.99791,0.00156,0.00046,0.00007
288.67999,1.02194,0.99790,0.00158,0.00046,0.00007
288.82001,1.02194,0.99797,0.00152,0.00045,0.00006
288.95999,1.02194,0.99801,0.00149,0.00044,0.00006
289.10001,1.02194,0.99804,0.00146,0.00044,0.00007
289.23999,1.02194,0.99813,0.00138,0.00043,0.00006
289.38000,1.02194,0.99815,0.00137,0.00042,0.00006
289.51999,1.02194,0.99823,0.00130,0.00040,0.00006
289.66000,1.02194,0.99826,0.00128,0.00040,0.00006
289.79999,1.02194,0.99822,0.00131,0.00040,0.00006
289.94000,1.02194,0.99816,0.00137,0.00041,0.00007
290.07999,1.02194,0.99806,0.00144,0.00043,0.00006
290.22000,1.02194,0.99798,0.00151,0.00044,0.00007
290.35999,1.02194,0.99797,0.00151,0.00045,0.00007
290.50000,1.02194,0.99798,0.00149,0.00045,0.00007
290.64001,1.02191,0.99800,0.00147,0.00046,0.00008
290.78000,1.02194,0.99798,0.00150,0.00045,0.00007
290.92001,1.02191,0.99794,0.00153,0.00046,0.00007
291.06000,1.02194,0.99789,0.00157,0.00047,0.00007
291.20001,1.02191,0.99791,0.00155,0.00046,0.00007
291.34000,1.02194,0.99783,0.00163,0.00047,0.00007
291.48001,1.02191,0.99800,0.00145,0.00048,0.00007
291.62000,1.02194,0.99654,0.00267,0.00069,0.00009
291.76001,1.02194,0.99644,0.00270,0.00077,0.00009
291.89999,1.02194,0.98357,0.01349,0.00263,0.00031
292.04001,1.02194,0.96508,0.03272,0.00181,0.00039
292.17999,1.02194,0.96907,0.02890,0.00167,0.00036
292.32001,1.02194,0.97236,0.02291,0.00415,0.00057
292.45999,1.02194,0.98678,0.01111,0.00172,0.00039
292.60001,1.02194,0.97751,0.02001,0.00199,0.00049
292.73999,1.02194,0.94653,0.05065,0.00254,0.00027
292.88000,1.02194,0.98929,0.00859,0.00198,0.00013
293.01999,1.02194,0.99499,0.00370,0.00119,0.00012
293.16000,1.02194,0.99596,0.00294,0.00099,0.00011
293.29999,1.02194,0.99509,0.00357,0.00121,0.00013
293.44000,1.02194,0.99350,0.00476,0.00160,0.00015
293.57999,1.02194,0.99230,0.00612,0.00150,0.00009
293.72000,1.02194,0.99620,0.00292,0.00079,0.00008
293.85999,1.02194,0.99638,0.00276,0.00077,0.00009
294.00000,1.02194,0.99640,0.00273,0.00078,0.00010
294.14001,1.02191,0.99667,0.00250,0.00073,0.00009
294.28000,1.02194,0.99553,0.00329,0.00105,0.00013
294.42001,1.02191,0.99424,0.00471,0.00095,0.00010
294.56000,1.02194,0.99380,0.00505,0.00104,0.00011
294.70001,1.02191,0.99238,0.00620,0.00130,0.00012
294.84000,1.02194,0.99221,0.00628,0.00137,0.00014
294.98001,1.02191,0.99049,0.00774,0.00161,0.00015
295.12000,1.02194,0.98746,0.00999,0.00237,0.00017
295.26001,1.02194,0.98749,0.01007,0.00230,0.00014
295.39999,1.02194,0.98970,0.00817,0.00200,0.00013
295.54001,1.02194,0.99220,0.00615,0.00153,0.00011
295.67999,1.02194,0.99354,0.00502,0.00132,0.00012
295.82001,1.02194,0.99434,0.00437,0.00118,0.00011
295.95999,1.02194,0.99513,0.00369,0.00107,0.00011
296.10001,1.02194,0.99607,0.00293,0.00090,0.00009
296.23999,1.02194,0.99680,0.00243,0.00069,0.00008
296.38000,1.02194,0.99746,0.00190,0.00057,0.00008
296.51999,1.02194,0.99756,0.00184,0.00053,0.00007
296.66000,1.02194,0.99778,0.00133,0.00079,0.00010
296.79999,1.02194,0.99466,0.00411,0.00087,0.00037
296.94000,1.02194,0.99282,0.00496,0.00142,0.00080
297.07999,1.02194,0.99245,0.00531,0.00145,0.00078
297.22000,1.02194,0.99424,0.00390,0.00121,0.00065
297.35999,1.02194,0.99593,0.00302,0.00054,0.00052
297.50000,1.02194,0.98995,0.00817,0.00106,0.00082
297.64001,1.02191,0.99651,0.00271,0.00070,0.00008
297.78000,1.02194,0.99775,0.00170,0.00048,0.00007
297.92001,1.02191,0.99770,0.00175,0.00049,0.00007
298.06000,1.02194,0.99774,0.00172,0.00048,0.00006
298.20001,1.02191,0.99776,0.00170,0.00047,0.00006
298.34000,1.02194,0.99771,0.00173,0.00049,0.00007
298.48001,1.02191,0.99776,0.00170,0.00047,0.00007
298.62000,1.02194,0.99770,0.00175,0.00048,0.00007
298.76001,1.02194,0.99769,0.00174,0.00050,0.00007
298.89999,1.02194,0.99749,0.00191,0.00053,0.00007
