Time (seconds), Duration (seconds),pred_(unlabeled),pred_brushing_teeth,pred_hair_drying,pred_showering
0.00000,1.02194,0.99731,0.00215,0.00048,0.00006
0.14000,1.02194,0.99725,0.00219,0.00049,0.00006
0.28000,1.02194,0.99726,0.00218,0.00050,0.00006
0.42000,1.02194,0.99728,0.00217,0.00049,0.00006
0.56000,1.02194,0.99731,0.00214,0.00049,0.00006
0.70000,1.02194,0.99731,0.00214,0.00049,0.00006
0.84000,1.02194,0.99731,0.00214,0.00049,0.00006
0.98000,1.02194,0.99730,0.00215,0.00049,0.00006
1.12000,1.02194,0.99729,0.00215,0.00049,0.00006
1.26000,1.02194,0.99729,0.00216,0.00049,0.00006
1.40000,1.02194,0.99723,0.00221,0.00050,0.00006
1.54000,1.02194,0.99723,0.00220,0.00050,0.00006
1.68000,1.02194,0.99721,0.00222,0.00050,0.00006
1.82000,1.02194,0.99718,0.00225,0.00051,0.00006
1.96000,1.02194,0.99714,0.00228,0.00051,0.00006
2.10000,1.02194,0.99710,0.00231,0.00052,0.00006
2.24000,1.02194,0.99698,0.00241,0.00054,0.00006
2.38000,1.02194,0.99695,0.00243,0.00055,0.00006
2.52000,1.02194,0.99691,0.00246,0.00056,0.00007
2.66000,1.02194,0.99693,0.00245,0.00056,0.00007
2.80000,1.02194,0.99686,0.00250,0.00057,0.00007
2.94000,1.02194,0.99656,0.00275,0.00062,0.00007
3.08000,1.02194,0.99646,0.00283,0.00064,0.00007
3.22000,1.02194,0.99649,0.00280,0.00064,0.00007
3.36000,1.02194,0.99654,0.00274,0.00064,0.00008
3.50000,1.02194,0.99651,0.00275,0.00065,0.00008
3.64000,1.02194,0.99653,0.00276,0.00064,0.00008
3.78000,1.02194,0.99328,0.00569,0.00093,0.00010
3.92000,1.02194,0.98062,0.01799,0.00115,0.00023
4.06000,1.02194,0.97129,0.02705,0.00137,0.00028
4.20000,1.02194,0.92434,0.07368,0.00162,0.00036
4.34000,1.02194,0.71538,0.28149,0.00247,0.00066
4.48000,1.02194,0.59812,0.39845,0.00245,0.00099
4.62000,1.02194,0.45079,0.54497,0.00321,0.00104
4.76000,1.02194,0.73026,0.26673,0.00227,0.00074
4.90000,1.02194,0.79599,0.20133,0.00227,0.00041
5.04000,1.02194,0.91289,0.08468,0.00213,0.00031
5.18000,1.02194,0.96561,0.03283,0.00141,0.00016
5.32000,1.02194,0.98487,0.01363,0.00135,0.00015
5.46000,1.02194,0.99265,0.00611,0.00110,0.00014
5.60000,1.02194,0.99466,0.00431,0.00093,0.00010
5.74000,1.02194,0.99664,0.00266,0.00062,0.00008
5.88000,1.02194,0.99677,0.00259,0.00057,0.00007
6.02000,1.02194,0.99688,0.00249,0.00056,0.00007
6.16000,1.02194,0.99709,0.00231,0.00054,0.00007
6.30000,1.02194,0.99698,0.00241,0.00054,0.00006
6.44000,1.02194,0.99699,0.00241,0.00054,0.00006
6.58000,1.02194,0.99700,0.00239,0.00054,0.00006
6.72000,1.02194,0.99696,0.00242,0.00055,0.00006
6.86000,1.02194,0.99696,0.00243,0.00055,0.00006
7.00000,1.02194,0.99738,0.00204,0.00051,0.00008
7.14000,1.02194,0.99686,0.00251,0.00056,0.00007
7.28000,1.02194,0.99687,0.00251,0.00056,0.00007
7.42000,1.02194,0.99683,0.00254,0.00056,0.00007
7.56000,1.02194,0.99684,0.00253,0.00056,0.00007
7.70000,1.02194,0.99684,0.00253,0.00056,0.00007
7.84000,1.02194,0.99682,0.00255,0.00056,0.00006
7.98000,1.02194,0.99682,0.00255,0.00056,0.00007
8.12000,1.02194,0.99737,0.00194,0.00062,0.00007
8.26000,1.02194,0.98538,0.01295,0.00148,0.00020
8.40000,1.02194,0.98426,0.01351,0.00193,0.00031
8.54000,1.02194,0.98770,0.01012,0.00186,0.00032
8.68000,1.02194,0.98944,0.00870,0.00164,0.00021
8.82000,1.02194,0.98692,0.01129,0.00154,0.00024
8.96000,1.02194,0.98343,0.01309,0.00269,0.00080
9.10000,1.02194,0.99234,0.00633,0.00123,0.00010
9.24000,1.02194,0.99539,0.00374,0.00079,0.00008
9.38000,1.02194,0.99551,0.00363,0.00077,0.00008
9.52000,1.02194,0.99573,0.00344,0.00074,0.00008
9.66000,1.02194,0.99615,0.00307,0.00070,0.00008
9.80000,1.02194,0.99589,0.00335,0.00068,0.00008
9.94000,1.02194,0.99588,0.00334,0.00071,0.00007
10.08000,1.02194,0.99552,0.00364,0.00076,0.00008
10.22000,1.02194,0.99533,0.00380,0.00079,0.00008
10.36000,1.02194,0.99523,0.00389,0.00080,0.00008
10.50000,1.02194,0.99492,0.00412,0.00087,0.00008
10.64000,1.02194,0.99571,0.00346,0.00075,0.00008
10.78000,1.02194,0.99613,0.00311,0.00069,0.00008
10.92000,1.02194,0.99630,0.00294,0.00067,0.00008
11.06000,1.02194,0.99633,0.00294,0.00065,0.00007
11.20000,1.02194,0.99627,0.00300,0.00065,0.00007
11.34000,1.02194,0.99631,0.00297,0.00065,0.00007
11.48000,1.02194,0.99618,0.00308,0.00067,0.00007
11.62000,1.02194,0.99630,0.00297,0.00066,0.00007
11.76000,1.02194,0.99602,0.00321,0.00069,0.00007
11.90000,1.02194,0.99622,0.00305,0.00066,0.00007
12.04000,1.02194,0.99626,0.00302,0.00065,0.00007
12.18000,1.02194,0.99632,0.00296,0.00065,0.00007
12.32000,1.02194,0.99611,0.00314,0.00067,0.00007
12.46000,1.02194,0.99619,0.00307,0.00066,0.00007
12.60000,1.02194,0.99623,0.00304,0.00066,0.00007
12.74000,1.02194,0.99616,0.00310,0.00067,0.00007
12.88000,1.02194,0.99611,0.00314,0.00068,0.00007
13.02000,1.02194,0.99612,0.00313,0.00068,0.00007
13.16000,1.02194,0.99606,0.00318,0.00068,0.00007
13.30000,1.02194,0.99596,0.00327,0.00069,0.00007
13.44000,1.02194,0.99598,0.00325,0.00070,0.00008
13.58000,1.02194,0.99585,0.00336,0.00072,0.00008
13.72000,1.02194,0.99585,0.00336,0.00072,0.00008
13.86000,1.02194,0.99563,0.00355,0.00075,0.00008
14.00000,1.02194,0.99556,0.00361,0.00076,0.00008
14.14000,1.02194,0.99566,0.00352,0.00075,0.00008
14.28000,1.02194,0.99562,0.00356,0.00075,0.00008
14.42000,1.02194,0.99561,0.00357,0.00075,0.00008
14.56000,1.02194,0.99564,0.00353,0.00075,0.00008
14.70000,1.02194,0.99551,0.00365,0.00076,0.00008
14.84000,1.02194,0.99563,0.00354,0.00075,0.00008
14.98000,1.02194,0.99568,0.00348,0.00075,0.00008
15.12000,1.02194,0.99547,0.00368,0.00077,0.00008
15.26000,1.02194,0.99546,0.00368,0.00078,0.00008
15.40000,1.02194,0.99537,0.00376,0.00079,0.00008
15.54000,1.02194,0.99535,0.00378,0.00079,0.00008
15.68000,1.02194,0.99529,0.00383,0.00080,0.00008
15.82000,1.02194,0.99521,0.00389,0.00081,0.00008
15.96000,1.02194,0.99508,0.00401,0.00083,0.00008
16.10000,1.02194,0.99507,0.00402,0.00084,0.00008
16.24000,1.02194,0.99498,0.00408,0.00085,0.00008
16.38000,1.02194,0.99491,0.00416,0.00085,0.00008
16.52000,1.02194,0.99476,0.00428,0.00087,0.00008
16.66000,1.02194,0.99480,0.00424,0.00087,0.00009
16.80000,1.02194,0.99466,0.00436,0.00089,0.00009
16.94000,1.02194,0.99458,0.00443,0.00090,0.00009
17.08000,1.02194,0.99452,0.00448,0.00091,0.00009
17.22000,1.02194,0.99446,0.00453,0.00092,0.00009
17.36000,1.02194,0.99443,0.00456,0.00092,0.00009
17.50000,1.02194,0.99432,0.00465,0.00094,0.00009
17.64000,1.02194,0.99416,0.00480,0.00096,0.00009
17.78000,1.02194,0.99418,0.00477,0.00096,0.00009
17.92000,1.02194,0.99409,0.00484,0.00098,0.00009
18.06000,1.02194,0.99398,0.00493,0.00099,0.00009
18.20000,1.02194,0.99381,0.00508,0.00101,0.00009
18.34000,1.02194,0.99371,0.00516,0.00103,0.00009
18.48000,1.02194,0.99375,0.00513,0.00102,0.00009
18.62000,1.02194,0.99373,0.00515,0.00103,0.00009
18.76000,1.02194,0.99378,0.00511,0.00102,0.00009
18.90000,1.02194,0.99382,0.00507,0.00102,0.00009
19.04000,1.02194,0.99389,0.00500,0.00101,0.00009
19.18000,1.02194,0.99401,0.00490,0.00100,0.00009
19.32000,1.02194,0.99396,0.00495,0.00100,0.00009
19.46000,1.02194,0.99393,0.00498,0.00100,0.00009
19.60000,1.02194,0.99401,0.00490,0.00100,0.00009
19.74000,1.02194,0.99400,0.00492,0.00099,0.00009
19.88000,1.02194,0.99395,0.00495,0.00100,0.00009
20.02000,1.02194,0.99383,0.00505,0.00102,0.00009
20.16000,1.02194,0.99368,0.00519,0.00104,0.00009
20.30000,1.02194,0.99362,0.00525,0.00104,0.00009
20.44000,1.02194,0.99371,0.00515,0.00104,0.00010
20.58000,1.02194,0.99375,0.00511,0.00104,0.00010
20.72000,1.02194,0.99354,0.00530,0.00106,0.00010
20.86000,1.02194,0.99367,0.00519,0.00104,0.00009
21.00000,1.02194,0.99369,0.00517,0.00104,0.00009
21.14000,1.02194,0.99352,0.00532,0.00106,0.00010
21.28000,1.02194,0.99290,0.00589,0.00111,0.00010
21.42000,1.02194,0.99275,0.00600,0.00114,0.00010
21.56000,1.02194,0.99191,0.00676,0.00123,0.00010
21.70000,1.02194,0.99161,0.00702,0.00127,0.00011
21.84000,1.02194,0.98905,0.00945,0.00138,0.00012
21.98000,1.02194,0.96824,0.03022,0.00128,0.00025
22.12000,1.02194,0.91123,0.08690,0.00167,0.00021
22.26000,1.02194,0.92577,0.07235,0.00160,0.00027
22.40000,1.02194,0.92799,0.06996,0.00175,0.00030
22.54000,1.02194,0.93166,0.06646,0.00156,0.00031
22.68000,1.02194,0.92776,0.06958,0.00233,0.00034
22.82000,1.02194,0.95478,0.04288,0.00213,0.00021
22.96000,1.02194,0.98648,0.01124,0.00209,0.00019
23.10000,1.02194,0.98888,0.00919,0.00171,0.00021
23.24000,1.02194,0.99172,0.00668,0.00132,0.00029
23.38000,1.02194,0.99074,0.00724,0.00175,0.00027
23.52000,1.02194,0.99103,0.00662,0.00200,0.00035
23.66000,1.02194,0.99434,0.00401,0.00128,0.00037
23.80000,1.02194,0.99504,0.00337,0.00118,0.00041
23.94000,1.02194,0.99219,0.00589,0.00170,0.00021
24.08000,1.02194,0.99245,0.00576,0.00162,0.00018
24.22000,1.02194,0.99484,0.00353,0.00135,0.00029
24.36000,1.02194,0.99272,0.00534,0.00176,0.00019
24.50000,1.02194,0.99145,0.00682,0.00161,0.00012
24.64000,1.02194,0.99303,0.00554,0.00130,0.00012
24.78000,1.02194,0.99196,0.00652,0.00139,0.00012
24.92000,1.02194,0.99247,0.00611,0.00131,0.00011
25.06000,1.02194,0.99086,0.00758,0.00145,0.00011
25.20000,1.02194,0.99159,0.00693,0.00137,0.00011
25.34000,1.02194,0.99183,0.00671,0.00135,0.00011
25.48000,1.02194,0.99093,0.00760,0.00136,0.00011
25.62000,1.02194,0.99115,0.00736,0.00138,0.00011
25.76000,1.02194,0.99208,0.00649,0.00130,0.00012
25.90000,1.02194,0.99203,0.00657,0.00129,0.00011
26.04000,1.02194,0.99243,0.00624,0.00122,0.00011
26.18000,1.02194,0.99221,0.00641,0.00126,0.00011
26.32000,1.02194,0.99178,0.00685,0.00127,0.00010
26.46000,1.02194,0.99259,0.00609,0.00121,0.00011
26.60000,1.02194,0.99267,0.00602,0.00120,0.00011
26.74000,1.02194,0.99227,0.00637,0.00125,0.00011
26.88000,1.02194,0.99186,0.00675,0.00128,0.00011
27.02000,1.02194,0.99161,0.00697,0.00131,0.00011
27.16000,1.02194,0.99168,0.00691,0.00130,0.00011
27.30000,1.02194,0.99169,0.00687,0.00133,0.00012
27.44000,1.02194,0.99300,0.00568,0.00118,0.00014
27.58000,1.02194,0.99171,0.00687,0.00131,0.00011
27.72000,1.02194,0.99196,0.00666,0.00127,0.00011
27.86000,1.02194,0.99170,0.00691,0.00128,0.00011
28.00000,1.02194,0.99198,0.00665,0.00127,0.00011
28.14000,1.02194,0.99209,0.00654,0.00126,0.00011
28.28000,1.02194,0.99206,0.00658,0.00126,0.00011
28.42000,1.02194,0.99217,0.00648,0.00124,0.00011
28.56000,1.02194,0.99171,0.00687,0.00130,0.00011
28.70000,1.02194,0.99162,0.00697,0.00130,0.00011
28.84000,1.02194,0.99160,0.00698,0.00131,0.00011
28.98000,1.02194,0.99139,0.00720,0.00131,0.00011
29.12000,1.02194,0.99148,0.00707,0.00133,0.00011
29.26000,1.02194,0.99205,0.00657,0.00126,0.00012
29.40000,1.02194,0.99161,0.00698,0.00130,0.00011
29.54000,1.02194,0.99172,0.00687,0.00130,0.00011
29.68000,1.02194,0.99192,0.00668,0.00129,0.00011
29.82000,1.02194,0.99188,0.00672,0.00129,0.00011
29.96000,1.02194,0.99220,0.00644,0.00126,0.00011
30.10000,1.02194,0.99185,0.00676,0.00128,0.00011
30.24000,1.02194,0.99183,0.00678,0.00128,0.00011
30.38000,1.02194,0.99193,0.00669,0.00127,0.00011
30.52000,1.02194,0.99208,0.00656,0.00125,0.00011
30.66000,1.02194,0.99177,0.00683,0.00129,0.00011
30.80000,1.02194,0.99196,0.00666,0.00126,0.00012
30.94000,1.02194,0.99158,0.00698,0.00132,0.00011
31.08000,1.02194,0.99178,0.00681,0.00130,0.00011
31.22000,1.02194,0.99198,0.00664,0.00128,0.00011
31.36000,1.02194,0.99168,0.00691,0.00130,0.00011
31.50000,1.02194,0.99175,0.00684,0.00130,0.00011
31.64000,1.02194,0.99177,0.00683,0.00129,0.00011
31.78000,1.02194,0.99196,0.00665,0.00128,0.00011
31.92000,1.02194,0.99191,0.00669,0.00129,0.00011
32.06000,1.02193,0.99180,0.00680,0.00129,0.00011
32.20000,1.02194,0.99167,0.00692,0.00130,0.00011
32.34000,1.02194,0.99187,0.00673,0.00129,0.00011
32.48000,1.02194,0.99209,0.00654,0.00126,0.00011
32.62000,1.02194,0.99198,0.00665,0.00127,0.00011
32.76000,1.02194,0.99240,0.00627,0.00123,0.00010
32.90000,1.02193,0.99259,0.00611,0.00120,0.00010
33.04000,1.02194,0.99145,0.00725,0.00119,0.00011
33.18000,1.02194,0.99176,0.00693,0.00121,0.00010
33.32000,1.02194,0.99211,0.00661,0.00118,0.00010
33.46000,1.02194,0.99253,0.00622,0.00114,0.00010
33.60000,1.02194,0.99238,0.00639,0.00113,0.00010
33.74000,1.02193,0.99172,0.00690,0.00127,0.00011
33.88000,1.02194,0.99204,0.00661,0.00125,0.00010
34.02000,1.02194,0.99329,0.00551,0.00110,0.00010
34.16000,1.02194,0.99338,0.00544,0.00109,0.00010
34.30000,1.02194,0.99331,0.00550,0.00109,0.00010
34.44000,1.02194,0.99329,0.00552,0.00109,0.00010
34.58000,1.02193,0.99358,0.00526,0.00106,0.00010
34.72000,1.02193,0.99368,0.00517,0.00105,0.00010
34.86000,1.02194,0.99891,0.00061,0.00041,0.00007
35.00000,1.02194,0.99996,0.00000,0.00000,0.00004
35.14000,1.02194,0.99995,0.00001,0.00000,0.00005
35.28000,1.02194,0.99994,0.00000,0.00000,0.00006
35.42000,1.02194,0.99996,0.00000,0.00000,0.00004
35.56000,1.02193,0.99992,0.00000,0.00000,0.00008
35.70000,1.02194,0.99971,0.00012,0.00000,0.00017
35.84000,1.02194,0.72249,0.27611,0.00023,0.00117
35.98000,1.02194,0.91932,0.07918,0.00100,0.00050
36.12000,1.02194,0.98453,0.01361,0.00174,0.00012
36.26000,1.02194,0.98707,0.01170,0.00112,0.00011
36.40000,1.02193,0.98630,0.01254,0.00105,0.00011
36.54000,1.02194,0.98727,0.01154,0.00108,0.00011
36.68000,1.02194,0.98754,0.01126,0.00109,0.00011
36.82000,1.02194,0.98718,0.01152,0.00117,0.00012
36.96000,1.02194,0.99034,0.00822,0.00129,0.00015
37.10000,1.02194,0.99095,0.00751,0.00143,0.00012
37.24000,1.02193,0.99376,0.00509,0.00105,0.00010
37.38000,1.02194,0.99343,0.00539,0.00108,0.00010
37.52000,1.02194,0.99335,0.00461,0.00185,0.00019
37.66000,1.02194,0.99099,0.00694,0.00185,0.00022
37.80000,1.02194,0.99043,0.00761,0.00176,0.00020
37.94000,1.02194,0.98318,0.01459,0.00200,0.00023
38.08000,1.02193,0.97604,0.02174,0.00196,0.00026
38.22000,1.02193,0.97592,0.02123,0.00249,0.00036
38.36000,1.02194,0.98862,0.00951,0.00145,0.00042
38.50000,1.02194,0.98363,0.01496,0.00127,0.00013
38.64000,1.02194,0.98001,0.01788,0.00192,0.00019
38.78000,1.02194,0.98636,0.01152,0.00192,0.00020
38.92000,1.02194,0.99179,0.00683,0.00128,0.00011
39.06000,1.02193,0.99217,0.00648,0.00124,0.00011
39.20000,1.02194,0.99157,0.00703,0.00129,0.00011
39.34000,1.02194,0.99121,0.00736,0.00133,0.00011
39.48000,1.02194,0.99117,0.00740,0.00133,0.00011
39.62000,1.02194,0.99082,0.00773,0.00134,0.00011
39.76000,1.02194,0.99060,0.00794,0.00135,0.00011
39.90000,1.02193,0.99021,0.00830,0.00138,0.00011
40.04000,1.02194,0.98996,0.00854,0.00138,0.00011
40.18000,1.02194,0.98955,0.00893,0.00141,0.00011
40.32000,1.02194,0.98935,0.00910,0.00143,0.00011
40.46000,1.02194,0.98916,0.00929,0.00144,0.00011
40.60000,1.02194,0.98966,0.00881,0.00142,0.00011
40.74000,1.02193,0.98993,0.00854,0.00141,0.00012
40.88000,1.02194,0.98975,0.00873,0.00141,0.00011
41.02000,1.02194,0.98953,0.00893,0.00143,0.00011
41.16000,1.02194,0.98953,0.00893,0.00142,0.00011
41.30000,1.02194,0.98991,0.00857,0.00140,0.00011
41.44000,1.02194,0.98975,0.00872,0.00141,0.00012
41.58000,1.02193,0.98958,0.00888,0.00143,0.00012
41.72000,1.02193,0.98914,0.00932,0.00143,0.00012
41.86000,1.02194,0.98882,0.00961,0.00146,0.00011
42.00000,1.02194,0.98939,0.00908,0.00142,0.00012
42.14000,1.02194,0.98905,0.00938,0.00145,0.00012
42.28000,1.02194,0.98882,0.00964,0.00143,0.00012
42.42000,1.02194,0.98843,0.00998,0.00146,0.00012
42.56000,1.02193,0.98879,0.00967,0.00143,0.00011
42.70000,1.02194,0.98872,0.00973,0.00144,0.00012
42.84000,1.02194,0.98895,0.00951,0.00143,0.00012
42.98000,1.02194,0.98874,0.00969,0.00145,0.00011
43.12000,1.02194,0.98896,0.00948,0.00145,0.00011
43.26000,1.02194,0.98928,0.00918,0.00144,0.00011
43.40000,1.02193,0.98977,0.00870,0.00141,0.00012
43.54000,1.02194,0.98966,0.00881,0.00142,0.00011
43.68000,1.02194,0.98947,0.00899,0.00144,0.00011
43.82000,1.02194,0.98987,0.00859,0.00142,0.00011
43.96000,1.02194,0.99014,0.00836,0.00139,0.00011
44.10000,1.02194,0.99029,0.00820,0.00140,0.00012
44.24000,1.02193,0.99058,0.00793,0.00138,0.00011
44.38000,1.02194,0.99091,0.00763,0.00135,0.00011
44.52000,1.02194,0.99092,0.00762,0.00135,0.00011
44.66000,1.02194,0.99080,0.00772,0.00137,0.00011
44.80000,1.02194,0.99076,0.00777,0.00136,0.00011
44.94000,1.02194,0.99075,0.00779,0.00136,0.00011
45.08000,1.02193,0.99104,0.00751,0.00133,0.00011
45.22000,1.02193,0.99103,0.00752,0.00133,0.00011
45.36000,1.02194,0.99042,0.00811,0.00136,0.00011
45.50000,1.02194,0.99055,0.00798,0.00136,0.00011
45.64000,1.02194,0.99101,0.00755,0.00134,0.00011
45.78000,1.02194,0.99100,0.00757,0.00133,0.00010
45.92000,1.02194,0.99134,0.00725,0.00131,0.00011
46.06000,1.02193,0.99139,0.00719,0.00131,0.00011
46.20000,1.02194,0.99152,0.00708,0.00129,0.00010
46.34000,1.02194,0.99165,0.00696,0.00128,0.00011
46.48000,1.02194,0.99165,0.00696,0.00128,0.00011
46.62000,1.02194,0.99153,0.00707,0.00130,0.00010
46.76000,1.02194,0.99158,0.00702,0.00129,0.00011
46.90000,1.02193,0.99163,0.00698,0.00128,0.00011
47.04000,1.02194,0.99151,0.00709,0.00130,0.00010
47.18000,1.02194,0.99152,0.00708,0.00129,0.00010
47.32000,1.02194,0.99185,0.00677,0.00127,0.00011
47.46000,1.02194,0.99168,0.00693,0.00128,0.00011
47.60000,1.02194,0.99171,0.00691,0.00128,0.00010
47.74000,1.02193,0.99174,0.00688,0.00127,0.00010
47.88000,1.02194,0.99206,0.00659,0.00125,0.00010
48.02000,1.02194,0.99201,0.00665,0.00124,0.00010
48.16000,1.02194,0.99207,0.00658,0.00125,0.00010
48.30000,1.02194,0.99196,0.00668,0.00126,0.00010
48.44000,1.02194,0.99215,0.00651,0.00124,0.00010
48.58000,1.02193,0.99198,0.00667,0.00124,0.00010
48.72000,1.02193,0.99169,0.00694,0.00126,0.00011
48.86000,1.02194,0.99154,0.00707,0.00129,0.00010
49.00000,1.02194,0.99147,0.00714,0.00129,0.00011
49.14000,1.02194,0.99141,0.00719,0.00129,0.00011
49.28000,1.02194,0.99122,0.00736,0.00131,0.00011
49.42000,1.02194,0.99108,0.00748,0.00133,0.00011
49.56000,1.02193,0.99079,0.00777,0.00134,0.00011
49.70000,1.02194,0.99101,0.00756,0.00132,0.00011
49.84000,1.02194,0.99061,0.00793,0.00136,0.00011
49.98000,1.02194,0.99076,0.00778,0.00135,0.00011
50.12000,1.02194,0.99056,0.00798,0.00135,0.00011
50.26000,1.02194,0.99057,0.00795,0.00137,0.00011
50.40000,1.02193,0.99029,0.00822,0.00138,0.00011
50.54000,1.02194,0.99032,0.00818,0.00138,0.00011
50.68000,1.02194,0.99029,0.00821,0.00138,0.00011
50.82000,1.02194,0.99025,0.00826,0.00138,0.00011
50.96000,1.02194,0.99012,0.00838,0.00139,0.00011
51.10000,1.02194,0.98988,0.00860,0.00140,0.00011
51.24000,1.02193,0.98962,0.00885,0.00142,0.00011
51.38000,1.02194,0.98959,0.00888,0.00141,0.00012
51.52000,1.02194,0.98909,0.00936,0.00143,0.00011
51.66000,1.02194,0.98921,0.00926,0.00142,0.00011
51.80000,1.02194,0.98884,0.00960,0.00144,0.00011
51.94000,1.02194,0.98884,0.00962,0.00142,0.00012
52.08000,1.02193,0.98868,0.00978,0.00143,0.00012
52.22000,1.02193,0.98855,0.00988,0.00145,0.00011
52.36000,1.02194,0.98888,0.00957,0.00143,0.00012
52.50000,1.02194,0.98872,0.00973,0.00144,0.00012
52.64000,1.02194,0.98860,0.00984,0.00145,0.00012
52.78000,1.02194,0.98880,0.00962,0.00146,0.00012
52.92000,1.02194,0.98887,0.00957,0.00144,0.00012
53.06000,1.02193,0.98878,0.00965,0.00145,0.00011
53.20000,1.02194,0.98904,0.00940,0.00144,0.00012
53.34000,1.02194,0.98917,0.00927,0.00145,0.00012
53.48000,1.02194,0.98906,0.00939,0.00144,0.00011
53.62000,1.02194,0.98931,0.00910,0.00146,0.00012
53.76000,1.02194,0.98903,0.00940,0.00146,0.00012
53.90000,1.02193,0.98909,0.00933,0.00146,0.00012
54.04000,1.02194,0.98907,0.00937,0.00144,0.00012
54.18000,1.02194,0.98927,0.00918,0.00143,0.00012
54.32000,1.02194,0.98896,0.00949,0.00144,0.00011
54.46000,1.02194,0.98919,0.00925,0.00144,0.00012
54.60000,1.02194,0.98917,0.00927,0.00144,0.00012
54.74000,1.02193,0.98928,0.00915,0.00145,0.00012
54.88000,1.02194,0.98901,0.00941,0.00146,0.00011
55.02000,1.02194,0.98929,0.00915,0.00145,0.00012
55.16000,1.02194,0.98941,0.00905,0.00143,0.00012
55.30000,1.02194,0.98928,0.00916,0.00144,0.00012
55.44000,1.02194,0.98972,0.00875,0.00142,0.00012
55.58000,1.02193,0.98964,0.00882,0.00142,0.00012
55.72000,1.02193,0.98980,0.00866,0.00142,0.00012
55.86000,1.02194,0.98997,0.00850,0.00142,0.00011
56.00000,1.02194,0.99040,0.00810,0.00139,0.00011
56.14000,1.02194,0.99051,0.00801,0.00138,0.00011
56.28000,1.02194,0.99110,0.00743,0.00135,0.00011
56.42000,1.02194,0.99083,0.00769,0.00137,0.00011
56.56000,1.02193,0.99107,0.00747,0.00135,0.00011
56.70000,1.02194,0.99070,0.00782,0.00137,0.00011
56.84000,1.02194,0.99093,0.00762,0.00134,0.00011
56.98000,1.02194,0.99079,0.00775,0.00135,0.00011
57.12000,1.02194,0.99097,0.00759,0.00133,0.00011
57.26000,1.02194,0.99090,0.00765,0.00134,0.00011
57.40000,1.02193,0.99112,0.00745,0.00133,0.00011
57.54000,1.02194,0.99108,0.00747,0.00134,0.00011
57.68000,1.02194,0.99172,0.00688,0.00129,0.00011
57.82000,1.02194,0.99174,0.00687,0.00128,0.00011
57.96000,1.02194,0.99177,0.00685,0.00127,0.00010
58.10000,1.02194,0.99201,0.00662,0.00126,0.00011
58.24000,1.02193,0.99186,0.00676,0.00127,0.00010
58.38000,1.02194,0.99190,0.00673,0.00126,0.00010
58.52000,1.02194,0.99189,0.00674,0.00126,0.00010
58.66000,1.02194,0.99169,0.00692,0.00128,0.00010
58.80000,1.02194,0.99178,0.00684,0.00128,0.00011
58.94000,1.02194,0.99190,0.00672,0.00127,0.00011
59.08000,1.02193,0.99175,0.00687,0.00127,0.00010
59.22000,1.02193,0.99178,0.00684,0.00127,0.00011
59.36000,1.02194,0.99173,0.00688,0.00128,0.00011
59.50000,1.02194,0.99166,0.00695,0.00128,0.00011
59.64000,1.02194,0.99170,0.00691,0.00128,0.00011
59.78000,1.02194,0.99148,0.00710,0.00130,0.00011
59.92000,1.02194,0.99103,0.00754,0.00133,0.00011
60.06000,1.02193,0.99106,0.00750,0.00133,0.00011
60.20000,1.02194,0.99111,0.00744,0.00134,0.00011
60.34000,1.02194,0.99090,0.00765,0.00135,0.00011
60.48000,1.02194,0.99056,0.00797,0.00136,0.00011
60.62000,1.02194,0.99041,0.00809,0.00138,0.00011
60.76000,1.02194,0.99016,0.00835,0.00138,0.00011
60.90000,1.02193,0.99011,0.00841,0.00137,0.00011
61.04000,1.02194,0.98991,0.00860,0.00138,0.00011
61.18000,1.02194,0.98925,0.00921,0.00143,0.00011
61.32000,1.02194,0.98932,0.00913,0.00143,0.00011
61.46000,1.02194,0.98938,0.00907,0.00143,0.00011
61.60000,1.02194,0.98908,0.00935,0.00146,0.00011
61.74000,1.02193,0.98941,0.00904,0.00144,0.00012
61.88000,1.02194,0.98928,0.00916,0.00144,0.00011
62.02000,1.02194,0.98914,0.00931,0.00143,0.00012
62.16000,1.02194,0.98949,0.00897,0.00142,0.00012
62.30000,1.02194,0.98899,0.00945,0.00144,0.00011
62.44000,1.02194,0.98884,0.00960,0.00145,0.00011
62.58000,1.02193,0.98895,0.00950,0.00144,0.00012
62.72000,1.02193,0.98861,0.00982,0.00145,0.00012
62.86000,1.02194,0.98846,0.00998,0.00144,0.00011
63.00000,1.02193,0.98852,0.00994,0.00143,0.00012
63.14000,1.02193,0.98848,0.00997,0.00144,0.00011
63.28000,1.02194,0.98907,0.00941,0.00141,0.00012
63.42000,1.02194,0.98827,0.01016,0.00146,0.00012
63.56000,1.02194,0.98811,0.01030,0.00147,0.00011
63.70000,1.02194,0.98871,0.00972,0.00145,0.00012
63.84000,1.02194,0.98872,0.00971,0.00145,0.00012
63.98000,1.02194,0.98875,0.00969,0.00144,0.00012
64.12000,1.02193,0.98842,0.01002,0.00144,0.00012
64.26000,1.02193,0.98805,0.01037,0.00147,0.00012
64.40000,1.02193,0.98830,0.01014,0.00144,0.00012
64.54000,1.02193,0.98845,0.01000,0.00144,0.00012
64.68000,1.02193,0.98853,0.00991,0.00145,0.00012
64.82000,1.02193,0.98858,0.00985,0.00145,0.00011
64.96000,1.02194,0.98901,0.00943,0.00145,0.00012
65.10000,1.02194,0.98870,0.00970,0.00148,0.00012
65.24000,1.02194,0.98865,0.00977,0.00147,0.00011
65.38000,1.02194,0.98913,0.00932,0.00143,0.00012
65.52000,1.02194,0.98907,0.00939,0.00143,0.00012
65.66000,1.02193,0.98900,0.00947,0.00141,0.00012
65.80000,1.02193,0.98851,0.00993,0.00144,0.00012
65.94000,1.02193,0.98843,0.00999,0.00146,0.00012
66.08000,1.02193,0.98859,0.00985,0.00145,0.00012
66.22000,1.02193,0.98873,0.00972,0.00144,0.00012
66.36000,1.02193,0.98856,0.00987,0.00146,0.00011
66.50000,1.02193,0.98887,0.00957,0.00144,0.00012
66.64000,1.02193,0.98863,0.00979,0.00146,0.00011
66.78000,1.02194,0.98924,0.00921,0.00142,0.00012
66.92000,1.02194,0.98914,0.00931,0.00143,0.00012
67.06000,1.02194,0.98865,0.00979,0.00144,0.00011
67.20000,1.02194,0.98956,0.00891,0.00141,0.00012
67.34000,1.02194,0.98982,0.00867,0.00140,0.00011
67.48000,1.02193,0.98981,0.00866,0.00142,0.00011
67.62000,1.02193,0.98988,0.00861,0.00140,0.00011
67.76000,1.02193,0.99043,0.00807,0.00139,0.00011
67.90000,1.02193,0.99021,0.00828,0.00140,0.00011
68.04000,1.02193,0.99047,0.00805,0.00136,0.00011
68.18000,1.02193,0.98986,0.00863,0.00139,0.00012
68.32000,1.02193,0.98969,0.00879,0.00140,0.00011
68.46000,1.02194,0.98940,0.00906,0.00142,0.00011
68.60000,1.02194,0.98950,0.00898,0.00141,0.00012
68.74000,1.02194,0.98906,0.00940,0.00142,0.00012
68.88000,1.02194,0.98898,0.00946,0.00144,0.00012
69.02000,1.02194,0.98876,0.00967,0.00145,0.00011
69.16000,1.02193,0.98925,0.00920,0.00143,0.00012
69.30000,1.02193,0.98933,0.00912,0.00143,0.00012
69.44000,1.02193,0.98927,0.00917,0.00144,0.00012
69.58000,1.02193,0.98910,0.00934,0.00144,0.00011
69.72000,1.02193,0.98885,0.00960,0.00144,0.00011
69.86000,1.02193,0.98908,0.00936,0.00144,0.00012
70.00000,1.02193,0.98931,0.00917,0.00141,0.00012
70.14000,1.02193,0.98909,0.00935,0.00143,0.00012
70.28000,1.02194,0.98924,0.00921,0.00143,0.00012
70.42000,1.02194,0.98877,0.00964,0.00147,0.00012
70.56000,1.02194,0.98865,0.00977,0.00146,0.00012
70.70000,1.02194,0.98855,0.00989,0.00145,0.00012
70.84000,1.02194,0.98824,0.01021,0.00144,0.00012
70.98000,1.02193,0.98835,0.01011,0.00143,0.00012
71.12000,1.02193,0.98844,0.01001,0.00143,0.00012
71.26000,1.02193,0.98833,0.01013,0.00143,0.00012
71.40000,1.02193,0.98829,0.01016,0.00144,0.00012
71.54000,1.02193,0.98815,0.01027,0.00146,0.00012
71.68000,1.02193,0.98828,0.01012,0.00148,0.00012
71.82000,1.02193,0.98878,0.00965,0.00145,0.00012
71.96000,1.02194,0.98891,0.00952,0.00145,0.00012
72.10000,1.02194,0.98889,0.00953,0.00146,0.00012
72.24000,1.02194,0.98890,0.00955,0.00143,0.00012
72.38000,1.02194,0.98630,0.01038,0.00312,0.00020
72.52000,1.02194,0.96530,0.03070,0.00360,0.00041
72.66000,1.02193,0.98342,0.01356,0.00262,0.00040
72.80000,1.02193,0.97895,0.01804,0.00268,0.00033
72.94000,1.02193,0.96970,0.02595,0.00391,0.00044
73.08000,1.02193,0.96948,0.02658,0.00345,0.00049
73.22000,1.02193,0.95657,0.03934,0.00358,0.00051
73.36000,1.02193,0.98609,0.01224,0.00154,0.00013
73.50000,1.02193,0.98634,0.01208,0.00146,0.00012
73.64000,1.02193,0.98624,0.01216,0.00147,0.00012
73.78000,1.02194,0.98698,0.01138,0.00152,0.00013
73.92000,1.02194,0.98693,0.01135,0.00159,0.00013
74.06000,1.02194,0.98780,0.01062,0.00146,0.00012
74.20000,1.02194,0.98818,0.01025,0.00146,0.00012
74.34000,1.02194,0.98726,0.01112,0.00151,0.00012
74.48000,1.02193,0.98786,0.01056,0.00146,0.00012
74.62000,1.02193,0.98806,0.01036,0.00146,0.00012
74.76000,1.02193,0.98833,0.01011,0.00144,0.00013
74.90000,1.02193,0.98747,0.01098,0.00144,0.00011
75.04000,1.02193,0.98814,0.01031,0.00143,0.00012
75.18000,1.02193,0.98689,0.01149,0.00151,0.00011
75.32000,1.02193,0.98842,0.01003,0.00143,0.00012
75.46000,1.02194,0.98847,0.00996,0.00145,0.00012
75.60000,1.02194,0.98876,0.00967,0.00145,0.00012
75.74000,1.02194,0.98861,0.00980,0.00148,0.00012
75.88000,1.02194,0.98938,0.00907,0.00143,0.00012
76.02000,1.02194,0.98906,0.00936,0.00147,0.00012
76.16000,1.02193,0.98927,0.00916,0.00144,0.00012
76.30000,1.02193,0.98924,0.00921,0.00143,0.00012
76.44000,1.02193,0.98907,0.00938,0.00143,0.00012
76.58000,1.02193,0.98867,0.00976,0.00145,0.00012
76.72000,1.02193,0.98882,0.00964,0.00143,0.00012
76.86000,1.02193,0.98845,0.00998,0.00145,0.00012
77.00000,1.02193,0.98787,0.01055,0.00146,0.00012
77.14000,1.02193,0.98796,0.01048,0.00144,0.00012
77.28000,1.02194,0.98715,0.01128,0.00145,0.00011
77.42000,1.02194,0.98814,0.01032,0.00143,0.00012
77.56000,1.02194,0.98766,0.01078,0.00144,0.00012
77.70000,1.02194,0.98744,0.01097,0.00146,0.00012
77.84000,1.02194,0.98747,0.01096,0.00146,0.00012
77.98000,1.02193,0.98751,0.01087,0.00150,0.00012
78.12000,1.02193,0.98802,0.01040,0.00147,0.00011
78.26000,1.02193,0.98840,0.01001,0.00146,0.00012
78.40000,1.02193,0.98854,0.00990,0.00144,0.00012
78.54000,1.02193,0.98824,0.01018,0.00146,0.00012
78.68000,1.02193,0.98819,0.01021,0.00148,0.00012
78.82000,1.02193,0.98883,0.00961,0.00144,0.00012
78.96000,1.02194,0.98895,0.00945,0.00148,0.00012
79.10000,1.02194,0.98863,0.00976,0.00149,0.00012
79.24000,1.02194,0.98789,0.01046,0.00154,0.00012
79.38000,1.02194,0.98993,0.00797,0.00193,0.00017
79.52000,1.02194,0.98915,0.00886,0.00184,0.00016
79.66000,1.02193,0.99072,0.00755,0.00157,0.00016
79.80000,1.02193,0.98884,0.00918,0.00181,0.00017
79.94000,1.02193,0.98867,0.00933,0.00184,0.00016
80.08000,1.02193,0.98722,0.01052,0.00209,0.00017
80.22000,1.02193,0.98388,0.01401,0.00199,0.00012
80.36000,1.02193,0.98716,0.01127,0.00145,0.00012
80.50000,1.02193,0.98721,0.01123,0.00144,0.00012
80.64000,1.02193,0.98737,0.01110,0.00141,0.00012
80.78000,1.02194,0.98632,0.01208,0.00147,0.00012
80.92000,1.02194,0.98635,0.01200,0.00153,0.00012
81.06000,1.02194,0.98673,0.01159,0.00156,0.00012
81.20000,1.02194,0.98770,0.01067,0.00151,0.00012
81.34000,1.02194,0.98802,0.01037,0.00149,0.00012
81.48000,1.02193,0.98850,0.00993,0.00146,0.00012
81.62000,1.02193,0.98836,0.01005,0.00147,0.00012
81.76000,1.02193,0.98881,0.00964,0.00144,0.00012
81.90000,1.02193,0.98831,0.01012,0.00145,0.00012
82.04000,1.02193,0.98864,0.00979,0.00145,0.00012
82.18000,1.02193,0.98875,0.00969,0.00144,0.00012
82.32000,1.02193,0.98850,0.00992,0.00146,0.00012
82.46000,1.02194,0.98883,0.00961,0.00144,0.00012
82.60000,1.02194,0.98849,0.00992,0.00148,0.00012
82.74000,1.02194,0.98889,0.00955,0.00145,0.00012
82.88000,1.02194,0.98865,0.00977,0.00146,0.00012
83.02000,1.02194,0.98891,0.00954,0.00144,0.00012
83.16000,1.02193,0.98884,0.00960,0.00144,0.00012
83.30000,1.02193,0.98884,0.00960,0.00145,0.00012
83.44000,1.02193,0.98880,0.00965,0.00144,0.00012
83.58000,1.02193,0.98908,0.00937,0.00144,0.00012
83.72000,1.02193,0.98902,0.00941,0.00145,0.00011
83.86000,1.02193,0.98912,0.00931,0.00145,0.00012
84.00000,1.02193,0.98920,0.00924,0.00145,0.00012
84.14000,1.02193,0.98914,0.00929,0.00145,0.00012
84.28000,1.02194,0.98955,0.00891,0.00142,0.00012
84.42000,1.02194,0.98914,0.00930,0.00145,0.00011
84.56000,1.02194,0.98921,0.00923,0.00145,0.00012
84.70000,1.02194,0.98853,0.00989,0.00147,0.00012
84.84000,1.02194,0.98851,0.00991,0.00146,0.00011
84.98000,1.02193,0.98883,0.00961,0.00144,0.00012
85.12000,1.02193,0.98877,0.00967,0.00144,0.00012
85.26000,1.02193,0.98847,0.00996,0.00145,0.00012
85.40000,1.02193,0.98839,0.01003,0.00146,0.00012
85.54000,1.02193,0.98873,0.00970,0.00145,0.00012
85.68000,1.02193,0.98836,0.01005,0.00147,0.00012
85.82000,1.02193,0.98878,0.00965,0.00145,0.00012
85.96000,1.02194,0.98899,0.00945,0.00144,0.00012
86.10000,1.02194,0.98875,0.00968,0.00145,0.00011
86.24000,1.02194,0.98874,0.00969,0.00146,0.00012
86.38000,1.02194,0.98872,0.00971,0.00144,0.00012
86.52000,1.02194,0.98881,0.00963,0.00144,0.00012
86.66000,1.02193,0.98891,0.00954,0.00144,0.00012
86.80000,1.02193,0.98840,0.01002,0.00147,0.00012
86.94000,1.02193,0.98902,0.00943,0.00143,0.00012
87.08000,1.02193,0.98834,0.01006,0.00148,0.00012
87.22000,1.02193,0.98872,0.00971,0.00146,0.00012
87.36000,1.02193,0.98903,0.00942,0.00144,0.00012
87.50000,1.02193,0.98917,0.00927,0.00144,0.00012
87.64000,1.02193,0.98882,0.00961,0.00146,0.00012
87.78000,1.02194,0.98869,0.00974,0.00145,0.00012
87.92000,1.02194,0.98858,0.00986,0.00144,0.00012
88.06000,1.02194,0.98890,0.00954,0.00144,0.00011
88.20000,1.02194,0.98929,0.00919,0.00141,0.00012
88.34000,1.02194,0.98862,0.00981,0.00145,0.00011
88.48000,1.02193,0.98849,0.00993,0.00146,0.00012
88.62000,1.02193,0.98838,0.01003,0.00147,0.00012
88.76000,1.02193,0.98854,0.00991,0.00144,0.00011
88.90000,1.02193,0.98877,0.00969,0.00142,0.00012
89.04000,1.02193,0.98866,0.00978,0.00144,0.00012
89.18000,1.02193,0.98834,0.01010,0.00144,0.00012
89.32000,1.02193,0.98780,0.01060,0.00149,0.00012
89.46000,1.02194,0.98844,0.01000,0.00145,0.00012
89.60000,1.02194,0.98825,0.01016,0.00147,0.00012
89.74000,1.02194,0.98840,0.01003,0.00145,0.00012
89.88000,1.02194,0.98785,0.01055,0.00149,0.00011
90.02000,1.02194,0.98841,0.01002,0.00146,0.00012
90.16000,1.02193,0.98892,0.00952,0.00144,0.00012
90.30000,1.02193,0.98925,0.00920,0.00144,0.00012
90.44000,1.02193,0.98859,0.00983,0.00147,0.00012
90.58000,1.02193,0.98852,0.00990,0.00146,0.00012
90.72000,1.02193,0.98830,0.01012,0.00146,0.00012
90.86000,1.02193,0.98834,0.01009,0.00145,0.00011
91.00000,1.02193,0.98881,0.00965,0.00142,0.00012
91.14000,1.02193,0.98874,0.00971,0.00144,0.00012
91.28000,1.02194,0.98849,0.00995,0.00145,0.00012
91.42000,1.02194,0.98840,0.01001,0.00147,0.00012
91.56000,1.02194,0.98867,0.00975,0.00146,0.00012
91.70000,1.02194,0.98896,0.00947,0.00145,0.00012
91.84000,1.02194,0.98881,0.00963,0.00145,0.00012
91.98000,1.02193,0.98879,0.00964,0.00145,0.00012
92.12000,1.02193,0.98871,0.00972,0.00145,0.00012
92.26000,1.02193,0.98883,0.00961,0.00145,0.00012
92.40000,1.02193,0.98882,0.00963,0.00143,0.00012
92.54000,1.02193,0.98869,0.00975,0.00145,0.00011
92.68000,1.02193,0.98843,0.01000,0.00146,0.00011
92.82000,1.02193,0.98852,0.00991,0.00145,0.00012
92.96000,1.02194,0.98880,0.00965,0.00143,0.00012
93.10000,1.02194,0.98868,0.00973,0.00147,0.00012
93.24000,1.02194,0.98888,0.00957,0.00144,0.00012
93.38000,1.02194,0.98889,0.00955,0.00145,0.00012
93.52000,1.02194,0.98888,0.00955,0.00145,0.00012
93.66000,1.02193,0.98888,0.00954,0.00146,0.00012
93.80000,1.02193,0.98911,0.00933,0.00144,0.00011
93.94000,1.02193,0.98905,0.00938,0.00145,0.00012
94.08000,1.02193,0.98879,0.00966,0.00144,0.00012
94.22000,1.02193,0.98870,0.00973,0.00145,0.00012
94.36000,1.02193,0.98863,0.00981,0.00144,0.00012
94.50000,1.02193,0.98831,0.01012,0.00145,0.00012
94.64000,1.02193,0.98866,0.00980,0.00142,0.00012
94.78000,1.02194,0.98824,0.01018,0.00146,0.00012
94.92000,1.02194,0.98778,0.01064,0.00146,0.00011
95.06000,1.02194,0.98822,0.01021,0.00145,0.00012
95.20000,1.02194,0.98875,0.00970,0.00143,0.00012
95.34000,1.02194,0.98841,0.01002,0.00146,0.00012
95.48000,1.02193,0.98910,0.00937,0.00142,0.00012
95.62000,1.02193,0.98829,0.01011,0.00148,0.00012
95.76000,1.02193,0.98893,0.00950,0.00145,0.00011
95.90000,1.02193,0.98908,0.00935,0.00145,0.00012
96.04000,1.02193,0.98876,0.00966,0.00146,0.00012
96.18000,1.02193,0.98858,0.00987,0.00144,0.00011
96.32000,1.02193,0.98913,0.00932,0.00143,0.00012
96.46000,1.02194,0.98894,0.00951,0.00144,0.00012
96.60000,1.02194,0.98919,0.00929,0.00140,0.00012
96.74000,1.02194,0.98822,0.01021,0.00145,0.00012
96.88000,1.02194,0.98838,0.01004,0.00146,0.00012
97.02000,1.02194,0.98854,0.00990,0.00144,0.00012
97.16000,1.02193,0.98883,0.00964,0.00141,0.00012
97.30000,1.02193,0.98889,0.00956,0.00143,0.00012
97.44000,1.02193,0.98899,0.00944,0.00145,0.00012
97.58000,1.02193,0.98866,0.00977,0.00145,0.00012
97.72000,1.02193,0.98886,0.00959,0.00144,0.00011
97.86000,1.02193,0.98871,0.00969,0.00149,0.00012
98.00000,1.02193,0.98900,0.00943,0.00145,0.00012
98.14000,1.02193,0.98923,0.00924,0.00141,0.00012
98.28000,1.02194,0.98848,0.00993,0.00147,0.00012
98.42000,1.02194,0.98879,0.00964,0.00146,0.00011
98.56000,1.02194,0.98913,0.00932,0.00143,0.00012
98.70000,1.02194,0.98881,0.00962,0.00145,0.00012
98.84000,1.02194,0.98807,0.01034,0.00148,0.00012
98.98000,1.02193,0.98844,0.00999,0.00146,0.00012
99.12000,1.02193,0.98874,0.00972,0.00142,0.00012
99.26000,1.02193,0.98860,0.00983,0.00144,0.00012
99.40000,1.02193,0.98856,0.00986,0.00146,0.00012
99.54000,1.02193,0.98844,0.00999,0.00146,0.00012
99.68000,1.02193,0.98815,0.01025,0.00148,0.00011
99.82000,1.02193,0.98876,0.00964,0.00148,0.00012
99.96000,1.02194,0.98908,0.00935,0.00146,0.00012
100.10000,1.02194,0.98898,0.00944,0.00146,0.00012
100.24000,1.02194,0.98904,0.00939,0.00145,0.00012
100.38000,1.02194,0.98887,0.00955,0.00147,0.00012
100.52000,1.02194,0.98912,0.00931,0.00144,0.00012
100.66000,1.02193,0.98902,0.00944,0.00142,0.00012
100.80000,1.02193,0.98901,0.00945,0.00142,0.00012
100.94000,1.02193,0.98883,0.00960,0.00145,0.00012
101.08000,1.02193,0.98916,0.00929,0.00143,0.00012
101.22000,1.02193,0.98896,0.00948,0.00145,0.00011
101.36000,1.02193,0.98856,0.00985,0.00148,0.00012
101.50000,1.02193,0.98833,0.01009,0.00146,0.00011
101.64000,1.02193,0.98876,0.00971,0.00141,0.00012
101.78000,1.02194,0.98865,0.00982,0.00141,0.00012
101.92000,1.02194,0.98840,0.01007,0.00141,0.00012
102.06000,1.02194,0.98825,0.01021,0.00142,0.00012
102.20000,1.02194,0.98767,0.01073,0.00148,0.00012
102.34000,1.02194,0.98774,0.01068,0.00146,0.00011
102.48000,1.02193,0.98805,0.01035,0.00148,0.00012
102.62000,1.02193,0.98832,0.01010,0.00146,0.00012
102.76000,1.02193,0.98885,0.00958,0.00145,0.00012
102.90000,1.02193,0.98844,0.00998,0.00146,0.00011
103.04000,1.02193,0.98832,0.01009,0.00147,0.00012
103.18000,1.02193,0.98840,0.01002,0.00146,0.00012
103.32000,1.02193,0.98836,0.01006,0.00146,0.00012
103.46000,1.02194,0.98874,0.00971,0.00144,0.00012
103.60000,1.02194,0.98874,0.00971,0.00143,0.00011
103.74000,1.02194,0.98880,0.00963,0.00146,0.00012
103.88000,1.02194,0.98877,0.00967,0.00145,0.00011
104.02000,1.02194,0.98873,0.00970,0.00146,0.00011
104.16000,1.02193,0.98896,0.00948,0.00145,0.00011
104.30000,1.02193,0.98931,0.00914,0.00144,0.00011
104.44000,1.02193,0.98926,0.00920,0.00142,0.00012
104.58000,1.02193,0.98906,0.00939,0.00144,0.00012
104.72000,1.02193,0.98845,0.00996,0.00147,0.00012
104.86000,1.02193,0.98885,0.00959,0.00144,0.00012
105.00000,1.02193,0.98870,0.00975,0.00144,0.00011
105.14000,1.02193,0.98881,0.00963,0.00144,0.00012
105.28000,1.02194,0.98849,0.00993,0.00147,0.00011
105.42000,1.02194,0.98850,0.00992,0.00146,0.00012
105.56000,1.02194,0.98846,0.00996,0.00146,0.00011
105.70000,1.02194,0.98967,0.00880,0.00141,0.00012
105.84000,1.02194,0.98967,0.00881,0.00141,0.00011
105.98000,1.02193,0.98992,0.00858,0.00139,0.00011
106.12000,1.02193,0.98956,0.00889,0.00144,0.00011
106.26000,1.02193,0.98973,0.00872,0.00143,0.00011
106.40000,1.02193,0.98986,0.00861,0.00142,0.00011
106.54000,1.02193,0.99021,0.00829,0.00139,0.00011
106.68000,1.02193,0.99029,0.00821,0.00138,0.00012
106.82000,1.02193,0.99009,0.00840,0.00140,0.00011
106.96000,1.02194,0.98965,0.00882,0.00142,0.00011
107.10000,1.02194,0.98997,0.00852,0.00140,0.00011
107.24000,1.02194,0.98998,0.00850,0.00141,0.00011
107.38000,1.02194,0.98982,0.00866,0.00141,0.00011
107.52000,1.02194,0.99006,0.00842,0.00140,0.00011
107.66000,1.02193,0.98993,0.00854,0.00141,0.00011
107.80000,1.02193,0.98958,0.00888,0.00143,0.00011
107.94000,1.02193,0.98925,0.00921,0.00142,0.00011
108.08000,1.02193,0.98931,0.00916,0.00141,0.00011
108.22000,1.02193,0.98925,0.00921,0.00142,0.00011
108.36000,1.02193,0.98891,0.00954,0.00143,0.00012
108.50000,1.02193,0.98875,0.00970,0.00143,0.00011
108.64000,1.02193,0.98875,0.00968,0.00145,0.00012
108.78000,1.02194,0.98852,0.00990,0.00147,0.00011
108.92000,1.02194,0.98874,0.00970,0.00144,0.00011
109.06000,1.02194,0.98904,0.00940,0.00145,0.00012
109.20000,1.02194,0.98855,0.00986,0.00147,0.00012
109.34000,1.02194,0.98893,0.00950,0.00145,0.00012
109.48000,1.02193,0.98821,0.01020,0.00147,0.00012
109.62000,1.02193,0.98819,0.01024,0.00146,0.00011
109.76000,1.02193,0.98871,0.00974,0.00143,0.00012
109.90000,1.02193,0.98878,0.00965,0.00145,0.00012
110.04000,1.02193,0.98826,0.01018,0.00145,0.00011
110.18000,1.02193,0.98802,0.01039,0.00147,0.00012
110.32000,1.02193,0.98773,0.01066,0.00150,0.00012
110.46000,1.02194,0.98831,0.01012,0.00145,0.00012
110.60000,1.02194,0.98839,0.01007,0.00141,0.00012
110.74000,1.02194,0.98801,0.01041,0.00146,0.00012
110.88000,1.02194,0.98817,0.01025,0.00146,0.00011
111.02000,1.02194,0.98844,0.00998,0.00146,0.00011
111.16000,1.02193,0.98834,0.01007,0.00147,0.00011
111.30000,1.02193,0.98853,0.00989,0.00147,0.00012
111.44000,1.02193,0.98865,0.00978,0.00146,0.00011
111.58000,1.02193,0.98895,0.00951,0.00143,0.00012
111.72000,1.02193,0.98924,0.00923,0.00141,0.00012
111.86000,1.02193,0.98898,0.00947,0.00143,0.00012
112.00000,1.02193,0.98879,0.00964,0.00145,0.00012
112.14000,1.02193,0.98853,0.00991,0.00145,0.00012
112.28000,1.02194,0.98838,0.01004,0.00147,0.00012
112.42000,1.02194,0.98829,0.01013,0.00147,0.00012
112.56000,1.02194,0.98901,0.00944,0.00143,0.00012
112.70000,1.02194,0.98890,0.00954,0.00144,0.00012
112.84000,1.02194,0.98908,0.00935,0.00144,0.00012
112.98000,1.02193,0.98907,0.00937,0.00144,0.00012
113.12000,1.02193,0.98880,0.00961,0.00147,0.00012
113.26000,1.02193,0.98913,0.00929,0.00146,0.00012
113.40000,1.02193,0.98918,0.00928,0.00143,0.00012
113.54000,1.02193,0.98900,0.00944,0.00144,0.00012
113.68000,1.02193,0.98925,0.00921,0.00143,0.00012
113.82000,1.02193,0.98916,0.00929,0.00143,0.00012
113.96000,1.02194,0.98874,0.00971,0.00144,0.00011
114.10000,1.02194,0.98859,0.00982,0.00147,0.00012
114.24000,1.02194,0.98851,0.00991,0.00146,0.00011
114.38000,1.02194,0.98882,0.00963,0.00144,0.00012
114.52000,1.02194,0.98934,0.00913,0.00141,0.00012
114.66000,1.02193,0.98894,0.00950,0.00144,0.00012
114.80000,1.02193,0.98911,0.00933,0.00143,0.00012
114.94000,1.02193,0.98837,0.01005,0.00147,0.00011
115.08000,1.02193,0.98884,0.00959,0.00145,0.00012
115.22000,1.02193,0.98956,0.00891,0.00141,0.00012
115.36000,1.02193,0.98924,0.00922,0.00143,0.00012
115.50000,1.02193,0.98902,0.00943,0.00143,0.00012
115.64000,1.02193,0.98870,0.00973,0.00145,0.00012
115.78000,1.02194,0.98848,0.00995,0.00146,0.00011
115.92000,1.02194,0.98880,0.00965,0.00144,0.00012
116.06000,1.02194,0.98886,0.00959,0.00144,0.00012
116.20000,1.02194,0.98859,0.00984,0.00146,0.00012
116.34000,1.02194,0.98898,0.00945,0.00144,0.00012
116.48000,1.02193,0.98876,0.00968,0.00145,0.00012
116.62000,1.02193,0.98861,0.00981,0.00146,0.00012
116.76000,1.02193,0.98847,0.00996,0.00145,0.00012
116.90000,1.02193,0.98857,0.00987,0.00144,0.00012
117.04000,1.02193,0.98863,0.00983,0.00142,0.00012
117.18000,1.02193,0.98861,0.00983,0.00144,0.00011
117.32000,1.02193,0.98883,0.00961,0.00145,0.00012
117.46000,1.02194,0.98843,0.00996,0.00149,0.00012
117.60000,1.02194,0.98847,0.00995,0.00147,0.00011
117.74000,1.02194,0.98870,0.00971,0.00147,0.00012
117.88000,1.02194,0.98908,0.00937,0.00144,0.00011
118.02000,1.02194,0.98905,0.00940,0.00144,0.00012
118.16000,1.02193,0.98915,0.00931,0.00143,0.00012
118.30000,1.02193,0.98898,0.00945,0.00145,0.00012
118.44000,1.02193,0.98888,0.00954,0.00146,0.00012
118.58000,1.02193,0.98855,0.00988,0.00145,0.00012
118.72000,1.02193,0.98906,0.00939,0.00144,0.00012
118.86000,1.02193,0.98895,0.00950,0.00144,0.00011
119.00000,1.02193,0.98913,0.00932,0.00143,0.00012
119.14000,1.02193,0.98869,0.00975,0.00145,0.00012
119.28000,1.02194,0.98849,0.00992,0.00147,0.00012
119.42000,1.02194,0.98858,0.00984,0.00147,0.00011
119.56000,1.02194,0.98883,0.00962,0.00143,0.00012
119.70000,1.02194,0.98897,0.00947,0.00144,0.00012
119.84000,1.02194,0.98884,0.00961,0.00144,0.00012
119.98000,1.02193,0.98834,0.01008,0.00146,0.00012
120.12000,1.02193,0.98886,0.00958,0.00144,0.00012
120.26000,1.02193,0.98883,0.00959,0.00146,0.00012
120.40000,1.02193,0.98908,0.00939,0.00142,0.00012
120.54000,1.02193,0.98893,0.00951,0.00144,0.00012
120.68000,1.02193,0.98884,0.00958,0.00146,0.00012
120.82000,1.02193,0.98888,0.00957,0.00143,0.00012
120.96000,1.02194,0.98881,0.00961,0.00146,0.00012
121.10000,1.02194,0.98890,0.00953,0.00146,0.00012
121.24000,1.02194,0.98908,0.00935,0.00145,0.00012
121.38000,1.02194,0.98887,0.00954,0.00147,0.00012
121.52000,1.02194,0.98873,0.00969,0.00147,0.00012
121.66000,1.02193,0.98879,0.00964,0.00146,0.00011
121.80000,1.02193,0.98872,0.00970,0.00147,0.00012
121.94000,1.02193,0.98940,0.00906,0.00143,0.00012
122.08000,1.02193,0.98901,0.00942,0.00145,0.00012
122.22000,1.02193,0.98922,0.00922,0.00144,0.00012
122.36000,1.02193,0.98884,0.00959,0.00145,0.00012
122.50000,1.02193,0.98933,0.00911,0.00144,0.00012
122.64000,1.02193,0.98893,0.00949,0.00146,0.00012
122.78000,1.02194,0.98939,0.00907,0.00142,0.00012
122.92000,1.02194,0.98903,0.00939,0.00146,0.00012
123.06000,1.02194,0.98942,0.00904,0.00142,0.00012
123.20000,1.02194,0.98894,0.00949,0.00145,0.00011
123.34000,1.02194,0.98935,0.00910,0.00144,0.00012
123.48000,1.02193,0.98882,0.00960,0.00146,0.00012
123.62000,1.02193,0.98897,0.00948,0.00143,0.00012
123.76000,1.02193,0.98880,0.00961,0.00147,0.00012
123.90000,1.02193,0.98863,0.00980,0.00145,0.00012
124.04000,1.02193,0.98904,0.00940,0.00144,0.00012
124.18000,1.02193,0.98930,0.00914,0.00144,0.00012
124.32000,1.02193,0.98880,0.00963,0.00146,0.00012
124.46000,1.02194,0.98900,0.00943,0.00145,0.00012
124.60000,1.02194,0.98867,0.00975,0.00147,0.00012
124.74000,1.02194,0.98874,0.00970,0.00145,0.00012
124.88000,1.02194,0.98926,0.00920,0.00142,0.00012
125.02000,1.02194,0.98877,0.00966,0.00145,0.00012
125.16000,1.02193,0.98890,0.00955,0.00144,0.00012
125.30000,1.02193,0.98861,0.00982,0.00145,0.00012
125.44000,1.02193,0.98865,0.00977,0.00147,0.00011
125.58000,1.02193,0.98890,0.00954,0.00145,0.00011
125.72000,1.02193,0.98918,0.00927,0.00143,0.00012
125.86000,1.02193,0.98908,0.00936,0.00144,0.00012
126.00000,1.02193,0.98878,0.00964,0.00147,0.00012
126.14000,1.02193,0.98911,0.00934,0.00144,0.00012
126.28000,1.02194,0.98912,0.00932,0.00144,0.00012
126.42000,1.02194,0.98904,0.00939,0.00145,0.00012
126.56000,1.02194,0.98881,0.00962,0.00145,0.00012
126.70000,1.02194,0.98856,0.00988,0.00144,0.00012
126.84000,1.02194,0.98869,0.00976,0.00143,0.00012
126.98000,1.02193,0.98836,0.01008,0.00145,0.00012
127.12000,1.02193,0.98243,0.01589,0.00154,0.00014
127.26000,1.02193,0.98143,0.01687,0.00156,0.00014
127.40000,1.02193,0.98423,0.01404,0.00158,0.00015
127.54000,1.02193,0.98443,0.01384,0.00158,0.00015
127.68000,1.02193,0.98402,0.01440,0.00144,0.00014
127.82000,1.02193,0.98136,0.01663,0.00185,0.00016
127.96000,1.02193,0.98430,0.01350,0.00207,0.00013
128.10001,1.02193,0.99106,0.00740,0.00142,0.00012
128.24001,1.02193,0.99030,0.00815,0.00144,0.00012
128.38000,1.02193,0.98997,0.00849,0.00143,0.00012
128.52000,1.02193,0.99026,0.00820,0.00143,0.00011
128.66000,1.02193,0.99086,0.00763,0.00140,0.00012
128.80000,1.02193,0.98857,0.00941,0.00187,0.00015
128.94000,1.02194,0.98881,0.00958,0.00149,0.00011
129.08000,1.02194,0.98865,0.00975,0.00149,0.00012
129.22000,1.02194,0.98859,0.00981,0.00149,0.00011
129.36000,1.02194,0.98928,0.00918,0.00143,0.00012
129.50000,1.02194,0.98925,0.00917,0.00146,0.00012
129.64000,1.02194,0.98864,0.00977,0.00148,0.00012
129.78000,1.02194,0.98893,0.00949,0.00146,0.00012
129.92000,1.02194,0.98855,0.00987,0.00146,0.00012
130.06000,1.02194,0.98864,0.00978,0.00146,0.00012
130.20000,1.02194,0.98839,0.01005,0.00144,0.00012
130.34000,1.02194,0.98833,0.01011,0.00145,0.00012
130.48000,1.02194,0.98808,0.01035,0.00145,0.00012
130.62000,1.02194,0.98754,0.01087,0.00148,0.00011
130.75999,1.02194,0.98858,0.00988,0.00142,0.00012
130.89999,1.02194,0.98855,0.00988,0.00145,0.00012
131.03999,1.02194,0.98824,0.01018,0.00146,0.00011
131.17999,1.02194,0.98838,0.01004,0.00146,0.00012
131.32001,1.02193,0.98843,0.00998,0.00148,0.00012
131.46001,1.02193,0.98867,0.00975,0.00146,0.00012
131.60001,1.02193,0.98899,0.00945,0.00144,0.00012
131.74001,1.02193,0.98906,0.00939,0.00144,0.00012
131.88000,1.02193,0.98885,0.00958,0.00145,0.00012
132.02000,1.02193,0.98867,0.00976,0.00145,0.00012
132.16000,1.02193,0.98872,0.00972,0.00145,0.00012
132.30000,1.02193,0.98886,0.00957,0.00145,0.00012
132.44000,1.02194,0.98906,0.00940,0.00142,0.00012
132.58000,1.02194,0.98824,0.01018,0.00147,0.00011
132.72000,1.02194,0.98841,0.01001,0.00146,0.00012
132.86000,1.02194,0.98885,0.00958,0.00145,0.00012
133.00000,1.02194,0.98866,0.00978,0.00144,0.00012
133.14000,1.02194,0.98855,0.00989,0.00144,0.00012
133.28000,1.02194,0.98873,0.00972,0.00144,0.00012
133.42000,1.02194,0.98828,0.01014,0.00147,0.00012
133.56000,1.02194,0.98876,0.00969,0.00143,0.00012
133.70000,1.02194,0.98836,0.01008,0.00145,0.00012
133.84000,1.02194,0.98838,0.01004,0.00146,0.00012
133.98000,1.02194,0.98827,0.01016,0.00145,0.00012
134.12000,1.02194,0.98850,0.00993,0.00145,0.00012
134.25999,1.02194,0.98867,0.00976,0.00145,0.00012
134.39999,1.02194,0.98869,0.00974,0.00145,0.00012
134.53999,1.02194,0.98892,0.00953,0.00144,0.00011
134.67999,1.02194,0.98879,0.00964,0.00146,0.00012
134.82001,1.02193,0.98913,0.00932,0.00143,0.00012
134.96001,1.02193,0.98884,0.00959,0.00145,0.00012
135.10001,1.02193,0.98838,0.01002,0.00148,0.00012
135.24001,1.02193,0.98890,0.00955,0.00143,0.00012
135.38000,1.02193,0.98851,0.00992,0.00145,0.00012
135.52000,1.02193,0.98817,0.01026,0.00145,0.00012
135.66000,1.02193,0.98852,0.00991,0.00145,0.00012
135.80000,1.02193,0.98878,0.00966,0.00144,0.00012
135.94000,1.02194,0.98879,0.00964,0.00146,0.00012
136.08000,1.02194,0.98857,0.00984,0.00147,0.00012
136.22000,1.02194,0.98883,0.00959,0.00147,0.00012
136.36000,1.02194,0.98864,0.00977,0.00148,0.00011
136.50000,1.02194,0.98912,0.00932,0.00144,0.00012
136.64000,1.02194,0.98884,0.00962,0.00142,0.00012
136.78000,1.02194,0.98876,0.00969,0.00144,0.00012
136.92000,1.02194,0.98878,0.00964,0.00146,0.00012
137.06000,1.02194,0.98923,0.00924,0.00141,0.00012
137.20000,1.02194,0.98859,0.00984,0.00145,0.00012
137.34000,1.02194,0.98858,0.00981,0.00149,0.00012
137.48000,1.02194,0.98905,0.00936,0.00148,0.00012
137.62000,1.02194,0.98908,0.00934,0.00146,0.00012
137.75999,1.02194,0.98913,0.00929,0.00146,0.00012
137.89999,1.02194,0.98905,0.00936,0.00148,0.00012
138.03999,1.02194,0.98833,0.01004,0.00152,0.00012
138.17999,1.02194,0.98843,0.00997,0.00148,0.00012
138.32001,1.02193,0.98868,0.00974,0.00146,0.00012
138.46001,1.02193,0.98842,0.01000,0.00147,0.00012
138.60001,1.02193,0.98819,0.01025,0.00145,0.00011
138.74001,1.02193,0.98861,0.00982,0.00145,0.00012
138.88000,1.02193,0.98804,0.01034,0.00150,0.00012
139.02000,1.02193,0.98819,0.01021,0.00148,0.00011
139.16000,1.02193,0.99164,0.00686,0.00139,0.00011
139.30000,1.02193,0.99221,0.00644,0.00122,0.00013
139.44000,1.02194,0.99263,0.00625,0.00102,0.00010
139.58000,1.02194,0.99234,0.00651,0.00104,0.00011
139.72000,1.02194,0.99258,0.00630,0.00102,0.00011
139.86000,1.02194,0.99284,0.00609,0.00097,0.00010
140.00000,1.02194,0.99358,0.00509,0.00114,0.00019
140.14000,1.02194,0.99190,0.00670,0.00125,0.00016
140.28000,1.02194,0.98916,0.00927,0.00144,0.00012
140.42000,1.02194,0.98866,0.00976,0.00146,0.00012
140.56000,1.02194,0.98886,0.00957,0.00145,0.00012
140.70000,1.02194,0.98886,0.00958,0.00144,0.00012
140.84000,1.02194,0.98839,0.01001,0.00149,0.00011
140.98000,1.02194,0.98900,0.00945,0.00143,0.00012
141.12000,1.02194,0.98905,0.00939,0.00144,0.00012
141.25999,1.02194,0.98871,0.00971,0.00146,0.00012
141.39999,1.02194,0.98833,0.01009,0.00146,0.00011
141.53999,1.02194,0.98882,0.00964,0.00143,0.00012
141.67999,1.02194,0.98848,0.00994,0.00146,0.00012
141.82001,1.02193,0.98885,0.00961,0.00143,0.00012
141.96001,1.02193,0.98879,0.00966,0.00144,0.00012
142.10001,1.02193,0.98858,0.00985,0.00146,0.00012
142.24001,1.02193,0.98877,0.00967,0.00144,0.00012
142.38000,1.02193,0.98858,0.00985,0.00145,0.00012
142.52000,1.02193,0.98856,0.00987,0.00145,0.00012
142.66000,1.02193,0.98896,0.00949,0.00143,0.00012
142.80000,1.02193,0.98875,0.00969,0.00145,0.00012
142.94000,1.02194,0.98873,0.00971,0.00145,0.00012
143.08000,1.02194,0.98841,0.01002,0.00145,0.00012
143.22000,1.02194,0.98806,0.01036,0.00147,0.00012
143.36000,1.02194,0.98873,0.00970,0.00145,0.00012
143.50000,1.02194,0.98881,0.00964,0.00143,0.00012
143.64000,1.02194,0.98889,0.00955,0.00144,0.00012
143.78000,1.02194,0.98882,0.00961,0.00145,0.00012
143.92000,1.02194,0.98846,0.00994,0.00148,0.00012
144.06000,1.02194,0.98856,0.00986,0.00147,0.00011
144.20000,1.02194,0.98863,0.00979,0.00146,0.00012
144.34000,1.02194,0.98900,0.00945,0.00143,0.00012
144.48000,1.02194,0.98888,0.00957,0.00144,0.00012
144.62000,1.02194,0.98907,0.00938,0.00143,0.00012
144.75999,1.02194,0.98852,0.00991,0.00146,0.00011
144.89999,1.02194,0.98888,0.00955,0.00146,0.00012
145.03999,1.02194,0.98876,0.00968,0.00145,0.00011
145.17999,1.02194,0.98887,0.00957,0.00144,0.00012
145.32001,1.02193,0.98848,0.00996,0.00145,0.00011
145.46001,1.02193,0.98875,0.00970,0.00143,0.00012
145.60001,1.02193,0.98870,0.00975,0.00143,0.00012
145.74001,1.02193,0.98812,0.01030,0.00146,0.00012
145.88000,1.02193,0.98845,0.00999,0.00144,0.00012
146.02000,1.02193,0.98803,0.01042,0.00144,0.00012
146.16000,1.02193,0.98801,0.01041,0.00147,0.00012
146.30000,1.02193,0.98807,0.01036,0.00146,0.00011
146.44000,1.02194,0.98886,0.00960,0.00143,0.00012
146.58000,1.02194,0.98843,0.01000,0.00146,0.00011
146.72000,1.02194,0.98871,0.00971,0.00146,0.00012
146.86000,1.02194,0.98873,0.00971,0.00145,0.00011
147.00000,1.02194,0.98902,0.00941,0.00146,0.00012
147.14000,1.02194,0.98921,0.00922,0.00145,0.00012
147.28000,1.02194,0.98965,0.00883,0.00140,0.00012
147.42000,1.02194,0.98884,0.00958,0.00146,0.00012
147.56000,1.02194,0.98892,0.00951,0.00145,0.00012
147.70000,1.02194,0.98881,0.00962,0.00145,0.00012
147.84000,1.02194,0.98859,0.00987,0.00143,0.00012
147.98000,1.02194,0.98831,0.01014,0.00143,0.00012
148.12000,1.02194,0.98831,0.01015,0.00142,0.00012
148.25999,1.02194,0.98782,0.01062,0.00145,0.00011
148.39999,1.02194,0.98798,0.01047,0.00144,0.00011
148.53999,1.02194,0.98801,0.01040,0.00147,0.00012
148.67999,1.02194,0.98822,0.01018,0.00148,0.00012
148.82001,1.02193,0.98843,0.00998,0.00146,0.00012
148.96001,1.02193,0.98866,0.00977,0.00145,0.00012
149.10001,1.02193,0.98873,0.00970,0.00145,0.00012
149.24001,1.02193,0.98896,0.00949,0.00143,0.00012
149.38000,1.02193,0.98906,0.00941,0.00141,0.00012
149.52000,1.02193,0.98858,0.00985,0.00146,0.00011
149.66000,1.02193,0.98853,0.00989,0.00147,0.00011
149.80000,1.02193,0.98904,0.00939,0.00146,0.00012
149.94000,1.02194,0.98927,0.00918,0.00144,0.00012
150.08000,1.02194,0.98915,0.00929,0.00145,0.00012
150.22000,1.02194,0.98905,0.00939,0.00143,0.00012
150.36000,1.02194,0.98892,0.00953,0.00144,0.00012
150.50000,1.02194,0.98943,0.00904,0.00141,0.00012
150.64000,1.02194,0.98882,0.00963,0.00143,0.00012
150.78000,1.02194,0.98876,0.00969,0.00144,0.00011
150.92000,1.02194,0.98902,0.00942,0.00144,0.00012
151.06000,1.02194,0.98861,0.00979,0.00148,0.00012
151.20000,1.02194,0.98911,0.00933,0.00144,0.00012
151.34000,1.02194,0.98910,0.00934,0.00145,0.00012
151.48000,1.02194,0.98847,0.00997,0.00144,0.00012
151.62000,1.02194,0.98849,0.00995,0.00144,0.00012
151.75999,1.02194,0.98905,0.00942,0.00140,0.00012
151.89999,1.02194,0.98855,0.00990,0.00144,0.00012
152.03999,1.02194,0.98810,0.01035,0.00143,0.00012
152.17999,1.02194,0.98765,0.01077,0.00146,0.00012
152.32001,1.02193,0.98812,0.01030,0.00146,0.00012
152.46001,1.02193,0.98809,0.01036,0.00144,0.00012
152.60001,1.02193,0.98844,0.01004,0.00140,0.00012
152.74001,1.02193,0.98762,0.01081,0.00146,0.00012
152.88000,1.02193,0.98744,0.01097,0.00147,0.00012
153.02000,1.02193,0.98775,0.01069,0.00144,0.00011
153.16000,1.02193,0.98807,0.01036,0.00145,0.00012
153.30000,1.02193,0.98786,0.01056,0.00146,0.00012
153.44000,1.02194,0.98793,0.01049,0.00146,0.00012
153.58000,1.02194,0.98819,0.01023,0.00146,0.00012
153.72000,1.02194,0.98855,0.00988,0.00146,0.00011
153.86000,1.02194,0.98859,0.00985,0.00145,0.00011
154.00000,1.02194,0.98845,0.00997,0.00146,0.00012
154.14000,1.02194,0.98845,0.00999,0.00144,0.00012
154.28000,1.02194,0.98863,0.00982,0.00144,0.00011
154.42000,1.02194,0.98882,0.00964,0.00143,0.00012
154.56000,1.02194,0.98906,0.00942,0.00140,0.00012
154.70000,1.02194,0.98838,0.01004,0.00146,0.00012
154.84000,1.02194,0.98767,0.01071,0.00150,0.00012
154.98000,1.02194,0.98824,0.01017,0.00147,0.00012
155.12000,1.02194,0.98876,0.00967,0.00145,0.00012
155.25999,1.02194,0.98876,0.00968,0.00144,0.00012
155.39999,1.02194,0.98891,0.00952,0.00145,0.00012
155.53999,1.02194,0.98840,0.01000,0.00149,0.00012
155.67999,1.02194,0.98857,0.00985,0.00147,0.00012
155.82001,1.02193,0.98872,0.00972,0.00145,0.00012
155.96001,1.02193,0.98903,0.00942,0.00144,0.00011
156.10001,1.02193,0.98940,0.00907,0.00141,0.00012
156.24001,1.02193,0.98895,0.00950,0.00143,0.00012
156.38000,1.02193,0.98824,0.01017,0.00147,0.00012
156.52000,1.02193,0.98862,0.00983,0.00144,0.00012
156.66000,1.02193,0.98877,0.00968,0.00143,0.00011
156.80000,1.02193,0.98925,0.00923,0.00140,0.00012
156.94000,1.02194,0.98894,0.00951,0.00143,0.00012
157.08000,1.02194,0.98857,0.00985,0.00147,0.00011
157.22000,1.02194,0.98852,0.00987,0.00149,0.00012
157.36000,1.02194,0.98888,0.00954,0.00146,0.00012
157.50000,1.02194,0.98900,0.00944,0.00144,0.00012
157.64000,1.02194,0.98941,0.00905,0.00142,0.00012
157.78000,1.02194,0.98909,0.00935,0.00144,0.00012
157.92000,1.02194,0.98909,0.00937,0.00142,0.00012
158.06000,1.02194,0.98876,0.00966,0.00147,0.00012
158.20000,1.02194,0.98848,0.00992,0.00148,0.00011
158.34000,1.02194,0.98908,0.00936,0.00144,0.00012
158.48000,1.02194,0.98927,0.00920,0.00142,0.00012
158.62000,1.02194,0.98882,0.00961,0.00145,0.00012
158.75999,1.02194,0.98899,0.00946,0.00144,0.00012
158.89999,1.02194,0.98826,0.01017,0.00146,0.00012
159.03999,1.02194,0.98862,0.00981,0.00145,0.00012
159.17999,1.02194,0.98839,0.01003,0.00146,0.00012
159.32001,1.02193,0.98842,0.01001,0.00145,0.00012
159.46001,1.02193,0.98864,0.00980,0.00145,0.00012
159.60001,1.02193,0.98852,0.00990,0.00146,0.00012
159.74001,1.02193,0.98828,0.01014,0.00147,0.00011
159.88000,1.02193,0.98849,0.00994,0.00146,0.00012
160.02000,1.02193,0.98855,0.00988,0.00146,0.00011
160.16000,1.02193,0.98872,0.00971,0.00145,0.00012
160.30000,1.02193,0.98888,0.00957,0.00143,0.00012
160.44000,1.02194,0.98872,0.00971,0.00145,0.00012
160.58000,1.02194,0.98868,0.00976,0.00145,0.00012
160.72000,1.02194,0.98880,0.00964,0.00144,0.00011
160.86000,1.02194,0.98907,0.00938,0.00144,0.00012
161.00000,1.02194,0.98924,0.00921,0.00143,0.00012
161.14000,1.02194,0.98886,0.00955,0.00147,0.00011
161.28000,1.02194,0.98911,0.00931,0.00146,0.00012
161.42000,1.02194,0.98958,0.00886,0.00145,0.00012
161.56000,1.02194,0.98942,0.00903,0.00143,0.00012
161.70000,1.02194,0.98926,0.00918,0.00144,0.00012
161.84000,1.02194,0.98937,0.00908,0.00144,0.00011
161.98000,1.02194,0.98928,0.00915,0.00145,0.00012
162.12000,1.02194,0.98894,0.00952,0.00143,0.00011
162.25999,1.02194,0.98889,0.00955,0.00144,0.00012
162.39999,1.02194,0.98826,0.01016,0.00147,0.00011
162.53999,1.02194,0.98869,0.00975,0.00144,0.00012
162.67999,1.02194,0.98896,0.00950,0.00141,0.00012
162.82001,1.02193,0.98825,0.01017,0.00146,0.00012
162.96001,1.02193,0.98855,0.00989,0.00145,0.00012
163.10001,1.02193,0.98828,0.01014,0.00147,0.00012
163.24001,1.02193,0.98816,0.01026,0.00147,0.00011
163.38000,1.02193,0.98852,0.00991,0.00145,0.00012
163.52000,1.02193,0.98901,0.00944,0.00143,0.00012
163.66000,1.02193,0.98863,0.00980,0.00145,0.00012
163.80000,1.02193,0.98832,0.01010,0.00146,0.00012
163.94000,1.02194,0.98814,0.01028,0.00147,0.00012
164.08000,1.02194,0.98911,0.00934,0.00143,0.00012
164.22000,1.02194,0.98829,0.01014,0.00145,0.00011
164.36000,1.02194,0.98889,0.00955,0.00144,0.00012
164.50000,1.02194,0.98898,0.00943,0.00147,0.00012
164.64000,1.02194,0.98847,0.00991,0.00150,0.00012
164.78000,1.02194,0.98931,0.00915,0.00143,0.00012
164.92000,1.02194,0.98929,0.00914,0.00145,0.00012
165.06000,1.02194,0.98881,0.00963,0.00145,0.00011
165.20000,1.02194,0.98920,0.00927,0.00142,0.00012
165.34000,1.02194,0.98906,0.00938,0.00145,0.00012
165.48000,1.02194,0.98915,0.00929,0.00144,0.00012
165.62000,1.02194,0.98893,0.00951,0.00144,0.00012
165.75999,1.02194,0.98890,0.00953,0.00145,0.00012
165.89999,1.02194,0.98879,0.00965,0.00144,0.00012
166.03999,1.02194,0.98862,0.00981,0.00145,0.00012
166.17999,1.02194,0.98916,0.00930,0.00142,0.00012
166.32001,1.02193,0.98879,0.00964,0.00145,0.00012
166.46001,1.02193,0.98802,0.01038,0.00148,0.00012
166.60001,1.02193,0.98870,0.00974,0.00144,0.00012
166.74001,1.02193,0.98895,0.00949,0.00144,0.00012
166.88000,1.02193,0.98859,0.00984,0.00146,0.00012
167.02000,1.02193,0.98866,0.00981,0.00142,0.00012
167.16000,1.02193,0.98854,0.00990,0.00145,0.00012
167.30000,1.02193,0.98838,0.01003,0.00147,0.00011
167.44000,1.02194,0.98930,0.00917,0.00141,0.00012
167.58000,1.02194,0.98891,0.00954,0.00144,0.00012
167.72000,1.02194,0.98871,0.00970,0.00147,0.00012
167.86000,1.02194,0.98891,0.00950,0.00147,0.00012
168.00000,1.02194,0.98920,0.00923,0.00145,0.00012
168.14000,1.02194,0.98923,0.00919,0.00145,0.00012
168.28000,1.02194,0.98874,0.00968,0.00146,0.00012
168.42000,1.02194,0.98911,0.00934,0.00143,0.00012
168.56000,1.02194,0.98874,0.00971,0.00144,0.00012
168.70000,1.02194,0.98822,0.01020,0.00146,0.00011
168.84000,1.02194,0.98875,0.00970,0.00144,0.00012
168.98000,1.02194,0.98851,0.00990,0.00147,0.00012
169.12000,1.02194,0.98874,0.00967,0.00148,0.00012
169.25999,1.02194,0.98863,0.00976,0.00149,0.00012
169.39999,1.02194,0.98845,0.00995,0.00149,0.00012
169.53999,1.02194,0.98868,0.00973,0.00147,0.00012
169.67999,1.02194,0.98893,0.00949,0.00146,0.00012
169.82001,1.02193,0.98855,0.00989,0.00145,0.00011
169.96001,1.02193,0.98816,0.01023,0.00149,0.00011
170.10001,1.02193,0.98871,0.00970,0.00147,0.00012
170.24001,1.02193,0.98890,0.00951,0.00148,0.00012
170.38000,1.02193,0.99268,0.00575,0.00144,0.00013
170.52000,1.02193,0.99236,0.00621,0.00128,0.00015
170.66000,1.02193,0.99341,0.00421,0.00202,0.00035
170.80000,1.02193,0.98783,0.00834,0.00325,0.00058
170.94000,1.02194,0.98618,0.01007,0.00317,0.00058
171.08000,1.02194,0.98600,0.01029,0.00313,0.00057
171.22000,1.02194,0.98554,0.00874,0.00457,0.00115
171.36000,1.02194,0.98808,0.00845,0.00292,0.00055
171.50000,1.02194,0.99605,0.00241,0.00097,0.00056
171.64000,1.02194,0.99036,0.00818,0.00133,0.00013
171.78000,1.02194,0.98865,0.00980,0.00143,0.00012
171.92000,1.02194,0.98808,0.01032,0.00148,0.00012
172.06000,1.02194,0.98876,0.00969,0.00144,0.00012
172.20000,1.02194,0.98827,0.01017,0.00145,0.00011
172.34000,1.02194,0.98864,0.00979,0.00145,0.00012
172.48000,1.02194,0.98783,0.01059,0.00147,0.00011
172.62000,1.02194,0.98822,0.01020,0.00146,0.00012
172.75999,1.02194,0.98969,0.00870,0.00150,0.00012
172.89999,1.02194,0.99113,0.00725,0.00150,0.00012
173.03999,1.02194,0.99157,0.00693,0.00138,0.00011
173.17999,1.02194,0.99194,0.00660,0.00135,0.00011
173.32001,1.02193,0.99193,0.00662,0.00134,0.00011
173.46001,1.02193,0.99205,0.00654,0.00131,0.00011
173.60001,1.02193,0.98988,0.00846,0.00155,0.00011
173.74001,1.02193,0.98928,0.00913,0.00148,0.00011
173.88000,1.02193,0.98905,0.00940,0.00144,0.00011
174.02000,1.02193,0.98906,0.00938,0.00143,0.00012
174.16000,1.02193,0.98848,0.00995,0.00146,0.00012
174.30000,1.02193,0.98943,0.00903,0.00142,0.00012
174.44000,1.02194,0.98911,0.00934,0.00144,0.00011
174.58000,1.02194,0.98920,0.00927,0.00142,0.00012
174.72000,1.02194,0.98929,0.00916,0.00143,0.00012
174.86000,1.02194,0.98882,0.00959,0.00148,0.00012
175.00000,1.02194,0.98874,0.00969,0.00146,0.00011
175.14000,1.02194,0.98374,0.01450,0.00163,0.00013
175.28000,1.02194,0.96217,0.03547,0.00213,0.00023
175.42000,1.02194,0.88969,0.10483,0.00457,0.00091
175.56000,1.02194,0.84727,0.14726,0.00422,0.00125
175.70000,1.02194,0.58387,0.41027,0.00383,0.00203
175.84000,1.02194,0.44817,0.53464,0.01120,0.00599
175.98000,1.02194,0.38169,0.58304,0.01157,0.02370
176.12000,1.02194,0.75247,0.21940,0.00642,0.02172
176.25999,1.02194,0.84822,0.14599,0.00315,0.00264
176.39999,1.02194,0.88370,0.10682,0.00620,0.00328
176.53999,1.02194,0.95454,0.04079,0.00323,0.00144
176.67999,1.02194,0.93847,0.05904,0.00205,0.00044
176.82001,1.02193,0.98613,0.01208,0.00166,0.00012
176.96001,1.02193,0.98863,0.00979,0.00146,0.00012
177.10001,1.02193,0.98852,0.00992,0.00145,0.00011
177.24001,1.02193,0.98890,0.00953,0.00145,0.00012
177.38000,1.02193,0.98846,0.00995,0.00147,0.00012
177.52000,1.02193,0.98910,0.00934,0.00144,0.00012
177.66000,1.02193,0.98886,0.00957,0.00145,0.00012
177.80000,1.02193,0.98871,0.00970,0.00147,0.00012
177.94000,1.02194,0.98896,0.00947,0.00145,0.00012
178.08000,1.02194,0.98853,0.00988,0.00147,0.00012
178.22000,1.02194,0.98905,0.00939,0.00144,0.00012
178.36000,1.02194,0.98925,0.00922,0.00142,0.00012
178.50000,1.02194,0.98881,0.00962,0.00146,0.00012
178.64000,1.02194,0.98889,0.00956,0.00144,0.00012
178.78000,1.02194,0.98884,0.00958,0.00146,0.00012
178.92000,1.02194,0.98848,0.00995,0.00146,0.00011
179.06000,1.02194,0.98907,0.00938,0.00143,0.00012
179.20000,1.02194,0.98870,0.00974,0.00145,0.00012
179.34000,1.02194,0.98890,0.00953,0.00145,0.00012
179.48000,1.02194,0.98885,0.00959,0.00144,0.00012
179.62000,1.02194,0.98931,0.00915,0.00142,0.00012
179.75999,1.02194,0.98839,0.01002,0.00147,0.00012
179.89999,1.02194,0.98855,0.00989,0.00144,0.00012
180.03999,1.02194,0.98850,0.00993,0.00145,0.00012
180.17999,1.02194,0.98898,0.00948,0.00142,0.00012
180.32001,1.02193,0.98912,0.00935,0.00141,0.00012
180.46001,1.02193,0.98899,0.00946,0.00143,0.00012
180.60001,1.02193,0.98854,0.00988,0.00147,0.00012
180.74001,1.02193,0.98851,0.00992,0.00145,0.00012
180.88000,1.02193,0.98912,0.00934,0.00142,0.00012
181.02000,1.02193,0.98870,0.00972,0.00146,0.00012
181.16000,1.02193,0.98886,0.00956,0.00146,0.00012
181.30000,1.02193,0.98886,0.00960,0.00143,0.00012
181.44000,1.02194,0.98869,0.00974,0.00145,0.00012
181.58000,1.02194,0.98870,0.00973,0.00146,0.00012
181.72000,1.02194,0.98911,0.00935,0.00143,0.00012
181.86000,1.02194,0.98904,0.00942,0.00142,0.00012
182.00000,1.02194,0.98835,0.01007,0.00146,0.00012
182.14000,1.02194,0.98849,0.00993,0.00146,0.00012
182.28000,1.02194,0.98867,0.00977,0.00145,0.00012
182.42000,1.02194,0.98848,0.00997,0.00143,0.00012
182.56000,1.02194,0.98844,0.01001,0.00143,0.00012
182.70000,1.02194,0.98835,0.01009,0.00144,0.00012
182.84000,1.02194,0.98789,0.01053,0.00147,0.00012
182.98000,1.02194,0.98839,0.01006,0.00143,0.00012
183.12000,1.02194,0.98835,0.01007,0.00146,0.00012
183.25999,1.02194,0.98844,0.00999,0.00146,0.00012
183.39999,1.02194,0.98819,0.01022,0.00148,0.00012
183.53999,1.02194,0.98833,0.01009,0.00147,0.00012
183.67999,1.02194,0.98839,0.01004,0.00145,0.00011
183.82001,1.02193,0.98872,0.00972,0.00144,0.00012
183.96001,1.02193,0.98904,0.00942,0.00142,0.00012
184.10001,1.02193,0.98422,0.01403,0.00163,0.00013
184.24001,1.02193,0.94285,0.05471,0.00219,0.00025
184.38000,1.02193,0.93569,0.06092,0.00299,0.00040
184.52000,1.02193,0.79590,0.20000,0.00345,0.00065
184.66000,1.02193,0.78508,0.21133,0.00296,0.00063
184.80000,1.02193,0.82142,0.17546,0.00234,0.00078
184.94000,1.02194,0.52087,0.47355,0.00359,0.00199
185.08000,1.02194,0.72882,0.26725,0.00335,0.00057
185.22000,1.02194,0.50025,0.49176,0.00538,0.00261
185.36000,1.02194,0.51231,0.48399,0.00204,0.00166
185.50000,1.02194,0.82358,0.17195,0.00265,0.00182
185.64000,1.02194,0.83417,0.15932,0.00371,0.00280
185.78000,1.02194,0.94067,0.05594,0.00278,0.00061
185.92000,1.02194,0.97117,0.02572,0.00210,0.00100
186.06000,1.02194,0.86804,0.12936,0.00223,0.00036
186.20000,1.02194,0.93963,0.05803,0.00214,0.00020
186.34000,1.02194,0.85787,0.13936,0.00233,0.00044
186.48000,1.02194,0.78291,0.21377,0.00265,0.00067
186.62000,1.02194,0.42919,0.56589,0.00320,0.00172
186.75999,1.02194,0.33490,0.66012,0.00311,0.00187
186.89999,1.02194,0.59689,0.39901,0.00262,0.00148
187.03999,1.02194,0.74657,0.24638,0.00434,0.00271
187.17999,1.02194,0.90172,0.09374,0.00381,0.00074
187.32001,1.02193,0.91458,0.08042,0.00318,0.00182
187.46001,1.02193,0.77635,0.21977,0.00332,0.00056
187.60001,1.02193,0.75531,0.24156,0.00248,0.00065
187.74001,1.02193,0.61089,0.38223,0.00355,0.00333
187.88000,1.02193,0.41636,0.57724,0.00264,0.00376
188.02000,1.02193,0.47772,0.50786,0.00723,0.00720
188.16000,1.02193,0.56520,0.42792,0.00417,0.00272
188.30000,1.02193,0.76926,0.22568,0.00247,0.00259
188.44000,1.02194,0.92229,0.07312,0.00394,0.00064
188.58000,1.02194,0.94855,0.04930,0.00187,0.00028
188.72000,1.02194,0.98707,0.01125,0.00156,0.00011
188.86000,1.02194,0.98849,0.00994,0.00145,0.00012
189.00000,1.02194,0.98804,0.01040,0.00145,0.00011
189.14000,1.02194,0.98842,0.01002,0.00143,0.00012
189.28000,1.02194,0.98823,0.01021,0.00144,0.00012
189.42000,1.02194,0.98808,0.01037,0.00143,0.00011
189.56000,1.02194,0.98834,0.01008,0.00146,0.00012
189.70000,1.02194,0.98822,0.01021,0.00146,0.00012
189.84000,1.02194,0.98827,0.01015,0.00147,0.00012
189.98000,1.02194,0.98884,0.00958,0.00146,0.00012
190.12000,1.02194,0.98901,0.00940,0.00147,0.00012
190.25999,1.02194,0.98914,0.00931,0.00143,0.00012
190.39999,1.02194,0.98911,0.00933,0.00144,0.00012
190.53999,1.02194,0.98922,0.00922,0.00144,0.00012
190.67999,1.02194,0.98896,0.00949,0.00144,0.00011
190.82001,1.02193,0.98895,0.00949,0.00144,0.00012
190.96001,1.02193,0.98864,0.00979,0.00146,0.00012
191.10001,1.02193,0.98864,0.00979,0.00145,0.00012
191.24001,1.02193,0.98891,0.00954,0.00143,0.00012
191.38000,1.02193,0.98858,0.00986,0.00144,0.00012
191.52000,1.02193,0.98849,0.00995,0.00144,0.00012
191.66000,1.02193,0.98862,0.00982,0.00144,0.00012
191.80000,1.02193,0.98820,0.01023,0.00146,0.00012
191.94000,1.02194,0.98837,0.01007,0.00145,0.00011
192.08000,1.02194,0.98847,0.00994,0.00147,0.00012
192.22000,1.02194,0.98845,0.00997,0.00146,0.00012
192.36000,1.02194,0.98877,0.00967,0.00145,0.00012
192.50000,1.02194,0.98873,0.00969,0.00146,0.00012
192.64000,1.02194,0.98840,0.01002,0.00146,0.00012
192.78000,1.02194,0.98858,0.00986,0.00144,0.00012
192.92000,1.02194,0.98844,0.00997,0.00147,0.00012
193.06000,1.02194,0.98856,0.00987,0.00146,0.00012
193.20000,1.02194,0.98847,0.00997,0.00144,0.00012
193.34000,1.02194,0.98795,0.01046,0.00148,0.00012
193.48000,1.02194,0.98853,0.00990,0.00146,0.00012
193.62000,1.02194,0.98853,0.00989,0.00145,0.00012
193.75999,1.02194,0.98841,0.01004,0.00144,0.00012
193.89999,1.02194,0.98805,0.01037,0.00146,0.00012
194.03999,1.02194,0.98837,0.01006,0.00145,0.00012
194.17999,1.02194,0.98851,0.00995,0.00143,0.00012
194.32001,1.02193,0.98840,0.01004,0.00144,0.00012
194.46001,1.02193,0.98735,0.01104,0.00150,0.00012
194.60001,1.02193,0.98786,0.01056,0.00146,0.00011
194.74001,1.02193,0.98796,0.01045,0.00147,0.00011
194.88000,1.02193,0.98843,0.01000,0.00144,0.00012
195.02000,1.02193,0.98876,0.00972,0.00141,0.00012
195.16000,1.02193,0.98923,0.00901,0.00164,0.00012
195.30000,1.02193,0.95322,0.04313,0.00307,0.00059
195.44000,1.02194,0.93798,0.05752,0.00360,0.00090
195.58000,1.02194,0.96475,0.03209,0.00254,0.00062
195.72000,1.02194,0.96054,0.03559,0.00325,0.00063
195.86000,1.02194,0.96368,0.03349,0.00218,0.00065
196.00000,1.02194,0.97297,0.02337,0.00226,0.00139
196.14000,1.02194,0.97405,0.02370,0.00210,0.00014
196.28000,1.02194,0.98859,0.00978,0.00151,0.00012
196.42000,1.02194,0.98884,0.00952,0.00152,0.00012
196.56000,1.02194,0.98921,0.00918,0.00150,0.00011
196.70000,1.02194,0.98907,0.00928,0.00153,0.00012
196.84000,1.02194,0.98834,0.01001,0.00154,0.00011
196.98000,1.02194,0.98888,0.00948,0.00152,0.00012
197.12000,1.02194,0.98854,0.00984,0.00151,0.00011
197.25999,1.02194,0.98799,0.01039,0.00151,0.00011
197.39999,1.02194,0.98976,0.00874,0.00138,0.00012
197.53999,1.02194,0.98850,0.00990,0.00148,0.00012
197.67999,1.02194,0.98890,0.00953,0.00145,0.00011
197.82001,1.02193,0.98885,0.00957,0.00146,0.00011
197.96001,1.02193,0.98962,0.00884,0.00142,0.00012
198.10001,1.02193,0.98917,0.00926,0.00145,0.00012
198.24001,1.02193,0.98915,0.00930,0.00144,0.00012
198.38000,1.02193,0.98916,0.00928,0.00145,0.00012
198.52000,1.02193,0.98933,0.00911,0.00143,0.00012
198.66000,1.02193,0.98902,0.00942,0.00144,0.00012
198.80000,1.02193,0.98883,0.00960,0.00145,0.00012
198.94000,1.02194,0.98883,0.00962,0.00144,0.00012
199.08000,1.02194,0.98903,0.00943,0.00142,0.00012
199.22000,1.02194,0.98839,0.01006,0.00144,0.00012
199.36000,1.02194,0.98863,0.00982,0.00143,0.00012
199.50000,1.02194,0.98833,0.01010,0.00146,0.00012
199.64000,1.02194,0.98818,0.01025,0.00146,0.00012
199.78000,1.02194,0.98841,0.01003,0.00144,0.00012
199.92000,1.02194,0.98882,0.00961,0.00144,0.00012
200.06000,1.02194,0.98844,0.01000,0.00145,0.00011
200.20000,1.02194,0.98865,0.00979,0.00145,0.00011
200.34000,1.02194,0.98892,0.00951,0.00145,0.00012
200.48000,1.02194,0.98872,0.00971,0.00146,0.00012
200.62000,1.02194,0.98839,0.01003,0.00146,0.00012
200.75999,1.02194,0.98877,0.00967,0.00144,0.00012
200.89999,1.02194,0.98871,0.00973,0.00144,0.00012
201.03999,1.02194,0.98876,0.00969,0.00143,0.00012
201.17999,1.02194,0.98825,0.01018,0.00145,0.00012
201.32001,1.02193,0.98836,0.01007,0.00145,0.00012
201.46001,1.02193,0.98812,0.01029,0.00147,0.00012
201.60001,1.02193,0.98895,0.00949,0.00144,0.00012
201.74001,1.02193,0.98878,0.00966,0.00144,0.00012
201.88000,1.02193,0.98890,0.00954,0.00144,0.00012
202.02000,1.02193,0.98870,0.00971,0.00147,0.00012
202.16000,1.02193,0.98886,0.00957,0.00146,0.00011
202.30000,1.02193,0.98919,0.00925,0.00144,0.00011
202.44000,1.02194,0.98919,0.00924,0.00145,0.00012
202.58000,1.02194,0.98921,0.00924,0.00143,0.00012
202.72000,1.02194,0.98940,0.00905,0.00144,0.00012
202.86000,1.02194,0.98899,0.00944,0.00146,0.00011
203.00000,1.02194,0.98940,0.00905,0.00143,0.00012
203.14000,1.02194,0.98936,0.00909,0.00143,0.00012
203.28000,1.02194,0.98804,0.01035,0.00149,0.00012
203.42000,1.02194,0.98825,0.01019,0.00145,0.00012
203.56000,1.02194,0.98831,0.01013,0.00144,0.00012
203.70000,1.02194,0.98836,0.01009,0.00144,0.00012
203.84000,1.02194,0.98816,0.01028,0.00144,0.00012
203.98000,1.02194,0.98720,0.01117,0.00150,0.00012
204.12000,1.02194,0.98569,0.01262,0.00157,0.00011
204.25999,1.02194,0.98833,0.01011,0.00144,0.00012
204.39999,1.02194,0.98832,0.01012,0.00145,0.00012
204.53999,1.02194,0.98857,0.00989,0.00142,0.00012
204.67999,1.02194,0.98767,0.01072,0.00149,0.00012
204.82001,1.02193,0.98801,0.01040,0.00148,0.00011
204.96001,1.02193,0.98853,0.00990,0.00146,0.00011
205.10001,1.02193,0.98866,0.00978,0.00144,0.00012
205.24001,1.02193,0.98820,0.01024,0.00145,0.00011
205.38000,1.02193,0.98871,0.00974,0.00143,0.00012
205.52000,1.02193,0.98868,0.00976,0.00144,0.00012
205.66000,1.02193,0.97510,0.02264,0.00208,0.00018
205.80000,1.02193,0.97553,0.02246,0.00181,0.00020
205.94000,1.02194,0.97823,0.01971,0.00188,0.00019
206.08000,1.02194,0.98095,0.01711,0.00175,0.00019
206.22000,1.02194,0.98068,0.01752,0.00162,0.00019
206.36000,1.02194,0.97593,0.02155,0.00230,0.00023
206.50000,1.02194,0.97072,0.02655,0.00251,0.00022
206.64000,1.02194,0.94389,0.05323,0.00254,0.00035
206.78000,1.02194,0.97059,0.02671,0.00233,0.00037
206.92000,1.02194,0.90761,0.08900,0.00294,0.00045
207.06000,1.02194,0.89555,0.09248,0.00989,0.00208
207.20000,1.02194,0.88085,0.10830,0.00355,0.00730
207.34000,1.02194,0.88382,0.10456,0.00455,0.00707
207.48000,1.02194,0.97945,0.01707,0.00157,0.00191
207.62000,1.02194,0.95610,0.03499,0.00482,0.00408
207.75999,1.02194,0.98155,0.01557,0.00162,0.00126
207.89999,1.02194,0.94690,0.05034,0.00208,0.00068
208.03999,1.02194,0.98671,0.01151,0.00165,0.00013
208.17999,1.02194,0.98930,0.00917,0.00141,0.00012
208.32001,1.02193,0.98885,0.00957,0.00146,0.00011
208.46001,1.02193,0.98897,0.00949,0.00143,0.00011
208.60001,1.02193,0.98890,0.00955,0.00143,0.00012
208.74001,1.02193,0.98925,0.00921,0.00143,0.00012
208.88000,1.02193,0.98845,0.00997,0.00146,0.00011
209.02000,1.02193,0.98891,0.00955,0.00142,0.00012
209.16000,1.02193,0.98870,0.00974,0.00145,0.00012
209.30000,1.02193,0.98866,0.00977,0.00145,0.00012
209.44000,1.02194,0.98860,0.00983,0.00145,0.00012
209.58000,1.02194,0.98886,0.00956,0.00145,0.00012
209.72000,1.02194,0.98802,0.01038,0.00149,0.00012
209.86000,1.02194,0.98840,0.01003,0.00146,0.00012
210.00000,1.02194,0.98795,0.01045,0.00148,0.00012
210.14000,1.02194,0.98868,0.00977,0.00144,0.00012
210.28000,1.02194,0.98894,0.00950,0.00144,0.00012
210.42000,1.02194,0.98860,0.00984,0.00145,0.00012
210.56000,1.02194,0.98882,0.00961,0.00145,0.00012
210.70000,1.02194,0.98857,0.00985,0.00147,0.00012
210.84000,1.02194,0.98821,0.01020,0.00147,0.00012
210.98000,1.02194,0.98861,0.00985,0.00143,0.00012
211.12000,1.02194,0.98820,0.01023,0.00145,0.00012
211.25999,1.02194,0.98770,0.01072,0.00147,0.00011
211.39999,1.02194,0.98846,0.00998,0.00144,0.00012
211.53999,1.02194,0.98817,0.01025,0.00146,0.00012
211.67999,1.02194,0.98827,0.01017,0.00145,0.00011
211.82001,1.02193,0.98865,0.00976,0.00147,0.00012
211.96001,1.02193,0.98844,0.00997,0.00147,0.00011
212.10001,1.02193,0.98891,0.00952,0.00145,0.00011
212.24001,1.02193,0.98865,0.00977,0.00146,0.00011
212.38000,1.02193,0.98891,0.00950,0.00147,0.00012
212.52000,1.02193,0.98950,0.00895,0.00143,0.00012
212.66000,1.02193,0.98938,0.00906,0.00144,0.00012
212.80000,1.02193,0.98919,0.00924,0.00145,0.00012
212.94000,1.02194,0.98966,0.00878,0.00144,0.00012
213.08000,1.02194,0.98900,0.00941,0.00147,0.00011
213.22000,1.02194,0.98935,0.00909,0.00145,0.00011
213.36000,1.02194,0.98970,0.00875,0.00144,0.00012
213.50000,1.02194,0.98971,0.00874,0.00143,0.00012
213.64000,1.02194,0.98923,0.00921,0.00145,0.00011
213.78000,1.02194,0.98959,0.00886,0.00143,0.00012
213.92000,1.02194,0.98909,0.00935,0.00145,0.00011
214.06000,1.02194,0.98940,0.00906,0.00143,0.00011
214.20000,1.02194,0.98938,0.00907,0.00143,0.00012
214.34000,1.02194,0.98926,0.00918,0.00144,0.00012
214.48000,1.02194,0.98920,0.00925,0.00144,0.00011
214.62000,1.02194,0.98946,0.00898,0.00144,0.00012
214.75999,1.02194,0.98950,0.00895,0.00143,0.00012
214.89999,1.02194,0.98926,0.00919,0.00143,0.00012
215.03999,1.02194,0.98841,0.01001,0.00146,0.00011
215.17999,1.02194,0.98856,0.00987,0.00145,0.00011
215.32001,1.02193,0.98918,0.00929,0.00141,0.00012
215.46001,1.02193,0.98848,0.00997,0.00144,0.00012
215.60001,1.02193,0.98837,0.01008,0.00143,0.00012
215.74001,1.02193,0.98756,0.01085,0.00147,0.00012
215.88000,1.02193,0.98801,0.01042,0.00145,0.00012
216.02000,1.02193,0.98822,0.01023,0.00143,0.00012
216.16000,1.02193,0.98865,0.00981,0.00142,0.00012
216.30000,1.02193,0.98803,0.01039,0.00147,0.00012
216.44000,1.02194,0.98797,0.01045,0.00146,0.00012
216.58000,1.02194,0.98787,0.01054,0.00147,0.00011
216.72000,1.02194,0.98863,0.00981,0.00144,0.00012
216.86000,1.02194,0.98881,0.00963,0.00144,0.00012
217.00000,1.02194,0.98868,0.00977,0.00143,0.00012
217.14000,1.02194,0.98856,0.00985,0.00147,0.00012
217.28000,1.02194,0.98860,0.00982,0.00147,0.00011
217.42000,1.02194,0.98909,0.00935,0.00144,0.00012
217.56000,1.02194,0.98848,0.00995,0.00145,0.00011
217.70000,1.02194,0.98883,0.00962,0.00143,0.00012
217.84000,1.02194,0.98896,0.00948,0.00145,0.00012
217.98000,1.02194,0.98895,0.00951,0.00143,0.00012
218.12000,1.02194,0.98892,0.00955,0.00141,0.00012
218.25999,1.02194,0.98779,0.01063,0.00146,0.00012
218.39999,1.02194,0.98760,0.01082,0.00146,0.00012
218.53999,1.02194,0.98791,0.01054,0.00143,0.00012
218.67999,1.02194,0.98823,0.01024,0.00141,0.00012
218.82001,1.02193,0.98844,0.01002,0.00141,0.00012
218.96001,1.02193,0.98775,0.01065,0.00148,0.00012
219.10001,1.02193,0.98776,0.01061,0.00152,0.00012
219.24001,1.02193,0.98848,0.00992,0.00148,0.00012
219.38000,1.02193,0.98844,0.00996,0.00148,0.00011
219.52000,1.02193,0.98854,0.00988,0.00146,0.00012
219.66000,1.02193,0.98838,0.01005,0.00145,0.00012
219.80000,1.02193,0.98849,0.00995,0.00144,0.00012
219.94000,1.02194,0.98860,0.00985,0.00143,0.00012
220.08000,1.02194,0.98853,0.00992,0.00143,0.00012
220.22000,1.02194,0.98801,0.01041,0.00146,0.00012
220.36000,1.02194,0.98854,0.00986,0.00147,0.00012
220.50000,1.02194,0.98875,0.00967,0.00146,0.00012
220.64000,1.02194,0.98880,0.00964,0.00144,0.00012
220.78000,1.02194,0.98897,0.00948,0.00143,0.00012
220.92000,1.02194,0.98960,0.00886,0.00142,0.00012
221.06000,1.02194,0.98892,0.00951,0.00146,0.00012
221.20000,1.02194,0.98954,0.00894,0.00140,0.00012
221.34000,1.02194,0.98877,0.00965,0.00147,0.00012
221.48000,1.02194,0.98892,0.00950,0.00146,0.00012
221.62000,1.02194,0.98912,0.00934,0.00142,0.00012
221.75999,1.02194,0.98904,0.00941,0.00144,0.00012
221.89999,1.02194,0.98897,0.00947,0.00144,0.00012
222.03999,1.02194,0.98870,0.00974,0.00145,0.00012
222.17999,1.02194,0.98843,0.01000,0.00146,0.00011
222.32001,1.02193,0.98902,0.00942,0.00143,0.00012
222.46001,1.02193,0.98886,0.00959,0.00144,0.00012
222.60001,1.02193,0.98903,0.00942,0.00143,0.00012
222.74001,1.02193,0.98873,0.00970,0.00145,0.00012
222.88000,1.02193,0.98861,0.00982,0.00145,0.00012
223.02000,1.02193,0.98862,0.00979,0.00147,0.00012
223.16000,1.02193,0.98909,0.00936,0.00144,0.00012
223.30000,1.02193,0.98909,0.00935,0.00145,0.00012
223.44000,1.02194,0.98890,0.00954,0.00144,0.00012
223.58000,1.02194,0.98887,0.00956,0.00145,0.00012
223.72000,1.02194,0.98873,0.00970,0.00145,0.00012
223.86000,1.02194,0.98834,0.01009,0.00146,0.00011
224.00000,1.02194,0.98860,0.00985,0.00143,0.00012
224.14000,1.02194,0.98920,0.00925,0.00144,0.00012
224.28000,1.02194,0.98933,0.00913,0.00143,0.00012
224.42000,1.02194,0.98945,0.00901,0.00142,0.00012
224.56000,1.02194,0.98860,0.00982,0.00147,0.00012
224.70000,1.02194,0.98858,0.00985,0.00145,0.00012
224.84000,1.02194,0.98892,0.00955,0.00141,0.00011
224.98000,1.02194,0.98943,0.00905,0.00140,0.00012
225.12000,1.02194,0.98958,0.00891,0.00140,0.00012
225.25999,1.02194,0.98933,0.00913,0.00142,0.00012
225.39999,1.02194,0.98884,0.00957,0.00147,0.00011
225.53999,1.02194,0.98900,0.00943,0.00146,0.00011
225.67999,1.02194,0.98916,0.00930,0.00142,0.00012
225.82001,1.02193,0.98894,0.00953,0.00141,0.00012
225.96001,1.02193,0.98848,0.00996,0.00145,0.00012
226.10001,1.02193,0.98859,0.00986,0.00144,0.00012
226.24001,1.02193,0.98810,0.01034,0.00145,0.00012
226.38000,1.02193,0.98803,0.01039,0.00146,0.00012
226.52000,1.02193,0.98803,0.01038,0.00147,0.00012
226.66000,1.02193,0.98854,0.00990,0.00145,0.00012
226.80000,1.02193,0.98855,0.00988,0.00145,0.00012
226.94000,1.02194,0.98872,0.00971,0.00145,0.00012
227.08000,1.02194,0.98841,0.01000,0.00147,0.00012
227.22000,1.02194,0.98885,0.00959,0.00144,0.00012
227.36000,1.02194,0.98869,0.00974,0.00145,0.00012
227.50000,1.02194,0.98882,0.00962,0.00144,0.00012
227.64000,1.02194,0.98828,0.01014,0.00146,0.00011
227.78000,1.02194,0.98879,0.00964,0.00145,0.00012
227.92000,1.02194,0.98853,0.00991,0.00145,0.00012
228.06000,1.02194,0.98813,0.01031,0.00145,0.00012
228.20000,1.02194,0.98850,0.00994,0.00144,0.00012
228.34000,1.02194,0.98825,0.01018,0.00145,0.00012
228.48000,1.02194,0.98806,0.01038,0.00144,0.00012
228.62000,1.02194,0.98868,0.00977,0.00142,0.00012
228.75999,1.02194,0.98811,0.01030,0.00148,0.00011
228.89999,1.02194,0.98846,0.00996,0.00146,0.00011
229.03999,1.02194,0.98899,0.00946,0.00144,0.00012
229.17999,1.02194,0.98835,0.01006,0.00147,0.00012
229.32001,1.02193,0.98821,0.01020,0.00148,0.00011
229.46001,1.02193,0.98878,0.00967,0.00144,0.00012
229.60001,1.02193,0.98903,0.00944,0.00140,0.00012
229.74001,1.02193,0.98823,0.01021,0.00145,0.00012
229.88000,1.02193,0.98889,0.00955,0.00143,0.00012
230.02000,1.02193,0.98837,0.01004,0.00147,0.00012
230.16000,1.02193,0.98860,0.00983,0.00145,0.00012
230.30000,1.02193,0.98814,0.01025,0.00150,0.00012
230.44000,1.02194,0.98911,0.00930,0.00148,0.00012
230.58000,1.02194,0.98907,0.00934,0.00147,0.00012
230.72000,1.02194,0.98919,0.00925,0.00144,0.00012
230.86000,1.02194,0.98878,0.00961,0.00149,0.00012
231.00000,1.02194,0.98853,0.00987,0.00148,0.00012
231.14000,1.02194,0.98760,0.01079,0.00149,0.00011
231.28000,1.02194,0.98860,0.00984,0.00145,0.00012
231.42000,1.02194,0.98845,0.00999,0.00145,0.00012
231.56000,1.02194,0.98877,0.00969,0.00142,0.00012
231.70000,1.02194,0.98871,0.00970,0.00147,0.00012
231.84000,1.02194,0.98851,0.00991,0.00146,0.00011
231.98000,1.02194,0.98860,0.00986,0.00143,0.00012
232.12000,1.02194,0.98853,0.00990,0.00145,0.00012
232.25999,1.02194,0.98850,0.00993,0.00145,0.00012
232.39999,1.02194,0.98827,0.01017,0.00144,0.00012
232.53999,1.02194,0.98854,0.00992,0.00141,0.00012
232.67999,1.02194,0.98833,0.01010,0.00146,0.00012
232.82001,1.02193,0.98784,0.01058,0.00147,0.00011
232.96001,1.02193,0.98818,0.01025,0.00146,0.00011
233.10001,1.02193,0.98849,0.00993,0.00146,0.00012
233.24001,1.02193,0.98830,0.01011,0.00148,0.00012
233.38000,1.02193,0.98872,0.00971,0.00145,0.00012
233.52000,1.02193,0.98904,0.00940,0.00145,0.00012
233.66000,1.02193,0.98891,0.00952,0.00145,0.00012
233.80000,1.02193,0.98939,0.00905,0.00144,0.00012
233.94000,1.02194,0.98960,0.00882,0.00146,0.00012
234.08000,1.02194,0.99080,0.00765,0.00144,0.00012
234.22000,1.02194,0.99141,0.00691,0.00156,0.00012
234.36000,1.02194,0.98942,0.00857,0.00188,0.00013
234.50000,1.02194,0.99073,0.00729,0.00185,0.00013
234.64000,1.02194,0.99150,0.00661,0.00177,0.00013
234.78000,1.02194,0.99113,0.00699,0.00176,0.00012
234.92000,1.02194,0.99030,0.00770,0.00187,0.00013
235.06000,1.02194,0.98600,0.01195,0.00195,0.00011
235.20000,1.02194,0.98399,0.01407,0.00184,0.00011
235.34000,1.02194,0.98639,0.01204,0.00146,0.00011
235.48000,1.02194,0.98573,0.01271,0.00145,0.00012
235.62000,1.02194,0.98909,0.00942,0.00137,0.00012
235.75999,1.02194,0.98978,0.00881,0.00129,0.00012
235.89999,1.02194,0.99048,0.00813,0.00127,0.00012
236.03999,1.02194,0.99005,0.00852,0.00132,0.00011
236.17999,1.02194,0.99095,0.00770,0.00125,0.00011
236.32001,1.02193,0.99126,0.00745,0.00119,0.00010
236.46001,1.02193,0.99092,0.00771,0.00125,0.00012
236.60001,1.02193,0.98850,0.00998,0.00140,0.00012
236.74001,1.02193,0.98707,0.01134,0.00147,0.00012
236.88000,1.02193,0.98703,0.01136,0.00150,0.00012
237.02000,1.02193,0.98766,0.01075,0.00147,0.00012
237.16000,1.02193,0.98732,0.01109,0.00148,0.00012
237.30000,1.02193,0.98783,0.01061,0.00144,0.00012
237.44000,1.02194,0.98747,0.01093,0.00148,0.00012
237.58000,1.02194,0.98766,0.01075,0.00147,0.00012
237.72000,1.02194,0.98797,0.01045,0.00146,0.00012
237.86000,1.02194,0.98857,0.00986,0.00146,0.00012
238.00000,1.02194,0.98765,0.01074,0.00150,0.00012
238.14000,1.02194,0.98885,0.00960,0.00143,0.00012
238.28000,1.02194,0.98860,0.00982,0.00146,0.00012
238.42000,1.02194,0.98809,0.01032,0.00147,0.00012
238.56000,1.02194,0.98873,0.00974,0.00142,0.00012
238.70000,1.02194,0.98855,0.00986,0.00147,0.00012
238.84000,1.02194,0.98920,0.00925,0.00142,0.00012
238.98000,1.02194,0.98915,0.00933,0.00141,0.00012
239.12000,1.02194,0.98869,0.00971,0.00148,0.00012
239.25999,1.02194,0.98922,0.00920,0.00146,0.00011
239.39999,1.02194,0.98985,0.00861,0.00143,0.00012
239.53999,1.02194,0.98960,0.00883,0.00146,0.00012
239.67999,1.02194,0.98935,0.00907,0.00147,0.00012
239.82001,1.02193,0.98974,0.00870,0.00144,0.00012
239.96001,1.02193,0.98949,0.00894,0.00145,0.00012
240.10001,1.02193,0.98905,0.00938,0.00145,0.00012
240.24001,1.02193,0.98874,0.00971,0.00143,0.00012
240.38000,1.02193,0.98838,0.01005,0.00146,0.00012
240.52000,1.02193,0.98884,0.00961,0.00144,0.00012
240.66000,1.02193,0.98890,0.00956,0.00142,0.00012
240.80000,1.02193,0.98777,0.01065,0.00147,0.00012
240.94000,1.02194,0.98802,0.01042,0.00145,0.00012
241.08000,1.02194,0.98792,0.01052,0.00145,0.00011
241.22000,1.02194,0.98863,0.00984,0.00142,0.00012
241.36000,1.02194,0.98864,0.00984,0.00140,0.00012
241.50000,1.02194,0.98838,0.01004,0.00146,0.00012
241.64000,1.02194,0.98834,0.01005,0.00149,0.00012
241.78000,1.02194,0.98867,0.00972,0.00149,0.00012
241.92000,1.02194,0.98899,0.00945,0.00145,0.00012
242.06000,1.02194,0.98896,0.00947,0.00145,0.00012
242.20000,1.02194,0.98895,0.00950,0.00144,0.00012
242.34000,1.02194,0.98923,0.00922,0.00143,0.00012
242.48000,1.02194,0.98873,0.00972,0.00144,0.00012
242.62000,1.02194,0.98843,0.00999,0.00147,0.00011
242.75999,1.02194,0.98866,0.00976,0.00146,0.00012
242.89999,1.02194,0.98862,0.00980,0.00146,0.00012
243.03999,1.02194,0.98842,0.01002,0.00144,0.00012
243.17999,1.02194,0.98827,0.01015,0.00146,0.00012
243.32001,1.02193,0.98814,0.01030,0.00144,0.00012
243.46001,1.02193,0.98826,0.01018,0.00144,0.00012
243.60001,1.02193,0.98824,0.01021,0.00144,0.00012
243.74001,1.02193,0.98797,0.01044,0.00147,0.00012
243.88000,1.02193,0.98816,0.01026,0.00146,0.00012
244.02000,1.02193,0.98797,0.01043,0.00149,0.00011
244.16000,1.02193,0.98825,0.01018,0.00146,0.00012
244.30000,1.02193,0.98794,0.01046,0.00148,0.00012
244.44000,1.02194,0.98870,0.00975,0.00144,0.00012
244.58000,1.02194,0.98830,0.01013,0.00145,0.00012
244.72000,1.02194,0.98855,0.00992,0.00141,0.00012
244.86000,1.02194,0.98838,0.01005,0.00145,0.00012
245.00000,1.02194,0.98850,0.00992,0.00146,0.00012
245.14000,1.02194,0.98874,0.00970,0.00145,0.00011
245.28000,1.02194,0.98888,0.00955,0.00145,0.00012
245.42000,1.02194,0.98852,0.00988,0.00149,0.00012
245.56000,1.02194,0.98854,0.00988,0.00147,0.00012
245.70000,1.02194,0.98874,0.00969,0.00145,0.00012
245.84000,1.02194,0.98905,0.00941,0.00142,0.00012
245.98000,1.02194,0.98877,0.00968,0.00143,0.00012
246.12000,1.02194,0.98859,0.00986,0.00143,0.00012
246.25999,1.02194,0.98833,0.01011,0.00145,0.00012
246.39999,1.02194,0.98838,0.01005,0.00146,0.00012
246.53999,1.02194,0.98872,0.00972,0.00144,0.00012
246.67999,1.02194,0.98882,0.00962,0.00144,0.00012
246.82001,1.02193,0.98869,0.00974,0.00145,0.00012
246.96001,1.02193,0.98853,0.00990,0.00145,0.00012
247.10001,1.02193,0.98850,0.00993,0.00146,0.00012
247.24001,1.02193,0.98906,0.00940,0.00141,0.00012
247.38000,1.02193,0.98858,0.00987,0.00143,0.00012
247.52000,1.02193,0.98840,0.01002,0.00146,0.00012
247.66000,1.02193,0.98807,0.01034,0.00147,0.00011
247.80000,1.02193,0.98898,0.00946,0.00144,0.00012
247.94000,1.02194,0.98855,0.00986,0.00147,0.00012
248.08000,1.02194,0.98874,0.00968,0.00147,0.00012
248.22000,1.02194,0.98901,0.00943,0.00144,0.00012
248.36000,1.02194,0.98867,0.00975,0.00147,0.00012
248.50000,1.02194,0.98870,0.00974,0.00145,0.00011
248.64000,1.02194,0.98898,0.00946,0.00145,0.00012
248.78000,1.02194,0.98828,0.01015,0.00146,0.00012
248.92000,1.02194,0.98802,0.01040,0.00147,0.00012
249.06000,1.02194,0.98830,0.01013,0.00146,0.00012
249.20000,1.02194,0.98836,0.01006,0.00147,0.00012
249.34000,1.02194,0.98900,0.00946,0.00142,0.00012
249.48000,1.02194,0.98885,0.00958,0.00145,0.00012
249.62000,1.02194,0.98856,0.00986,0.00146,0.00012
249.75999,1.02194,0.98906,0.00936,0.00146,0.00012
249.89999,1.02194,0.98880,0.00964,0.00144,0.00012
250.03999,1.02194,0.98883,0.00964,0.00141,0.00012
250.17999,1.02194,0.98870,0.00976,0.00142,0.00012
250.32001,1.02193,0.98872,0.00974,0.00142,0.00012
250.46001,1.02193,0.98856,0.00991,0.00142,0.00012
250.60001,1.02193,0.98844,0.00999,0.00144,0.00012
250.74001,1.02193,0.98800,0.01041,0.00147,0.00012
250.88000,1.02193,0.98774,0.01068,0.00147,0.00011
251.02000,1.02193,0.98839,0.01005,0.00144,0.00012
251.16000,1.02193,0.98879,0.00966,0.00143,0.00012
251.30000,1.02193,0.98839,0.01005,0.00145,0.00012
251.44000,1.02194,0.98823,0.01019,0.00146,0.00012
251.58000,1.02194,0.98759,0.01081,0.00148,0.00012
251.72000,1.02194,0.98807,0.01036,0.00145,0.00012
251.86000,1.02194,0.98865,0.00980,0.00143,0.00012
252.00000,1.02194,0.98878,0.00968,0.00142,0.00012
252.14000,1.02194,0.98847,0.00997,0.00144,0.00012
252.28000,1.02194,0.98808,0.01031,0.00149,0.00012
252.42000,1.02194,0.98784,0.01054,0.00151,0.00011
252.56000,1.02194,0.98866,0.00976,0.00146,0.00012
252.70000,1.02194,0.98879,0.00964,0.00146,0.00012
252.84000,1.02194,0.98860,0.00984,0.00144,0.00012
252.98000,1.02194,0.98848,0.00995,0.00145,0.00012
253.12000,1.02194,0.98801,0.01040,0.00147,0.00012
253.25999,1.02194,0.98835,0.01010,0.00143,0.00012
253.39999,1.02194,0.98796,0.01047,0.00145,0.00012
253.53999,1.02194,0.98805,0.01037,0.00146,0.00012
253.67999,1.02194,0.98789,0.01055,0.00145,0.00012
253.82001,1.02193,0.98789,0.01052,0.00148,0.00012
253.96001,1.02193,0.98772,0.01067,0.00150,0.00011
254.10001,1.02193,0.98842,0.01001,0.00146,0.00012
254.24001,1.02193,0.98854,0.00989,0.00145,0.00012
254.38000,1.02193,0.98871,0.00972,0.00146,0.00012
254.52000,1.02193,0.98861,0.00982,0.00145,0.00012
254.66000,1.02193,0.98839,0.01005,0.00145,0.00012
254.80000,1.02193,0.98858,0.00986,0.00145,0.00012
254.94000,1.02194,0.98885,0.00959,0.00145,0.00012
255.08000,1.02193,0.98886,0.00960,0.00143,0.00012
255.22000,1.02194,0.98852,0.00990,0.00146,0.00012
255.36000,1.02193,0.98858,0.00983,0.00147,0.00012
255.50000,1.02194,0.98866,0.00977,0.00145,0.00012
255.64000,1.02193,0.98846,0.00997,0.00145,0.00012
255.78000,1.02194,0.98852,0.00992,0.00144,0.00012
255.92000,1.02193,0.98832,0.01012,0.00145,0.00012
256.06000,1.02194,0.98838,0.01006,0.00144,0.00012
256.20001,1.02191,0.98815,0.01027,0.00145,0.00012
256.34000,1.02194,0.98825,0.01017,0.00146,0.00011
256.48001,1.02191,0.98845,0.00997,0.00147,0.00012
256.62000,1.02194,0.98893,0.00951,0.00144,0.00012
256.76001,1.02194,0.98858,0.00985,0.00145,0.00011
256.89999,1.02194,0.98876,0.00967,0.00145,0.00012
257.04001,1.02194,0.98853,0.00989,0.00147,0.00011
257.17999,1.02194,0.98943,0.00904,0.00141,0.00012
257.32001,1.02194,0.98898,0.00946,0.00144,0.00012
257.45999,1.02194,0.98877,0.00966,0.00145,0.00012
257.60001,1.02194,0.98877,0.00965,0.00146,0.00012
257.73999,1.02194,0.98880,0.00964,0.00145,0.00012
257.88000,1.02194,0.98882,0.00962,0.00144,0.00012
258.01999,1.02194,0.98910,0.00935,0.00143,0.00012
258.16000,1.02194,0.98903,0.00942,0.00144,0.00012
258.29999,1.02194,0.98841,0.01000,0.00147,0.00011
258.44000,1.02194,0.98909,0.00935,0.00144,0.00012
258.57999,1.02194,0.98895,0.00948,0.00145,0.00012
258.72000,1.02194,0.98926,0.00921,0.00142,0.00012
258.85999,1.02194,0.98910,0.00935,0.00143,0.00012
259.00000,1.02194,0.98907,0.00935,0.00145,0.00012
259.14001,1.02191,0.98879,0.00964,0.00145,0.00012
259.28000,1.02194,0.98952,0.00893,0.00143,0.00012
259.42001,1.02191,0.98910,0.00932,0.00147,0.00012
259.56000,1.02194,0.98926,0.00918,0.00144,0.00012
259.70001,1.02191,0.98885,0.00959,0.00144,0.00012
259.84000,1.02194,0.98886,0.00957,0.00145,0.00012
259.98001,1.02191,0.98849,0.00994,0.00146,0.00012
260.12000,1.02194,0.98847,0.00998,0.00143,0.00012
260.26001,1.02194,0.98827,0.01015,0.00146,0.00012
260.39999,1.02194,0.98817,0.01025,0.00146,0.00012
260.54001,1.02194,0.98851,0.00991,0.00145,0.00012
260.67999,1.02194,0.98850,0.00992,0.00146,0.00012
260.82001,1.02194,0.98819,0.01021,0.00148,0.00012
260.95999,1.02194,0.98837,0.01005,0.00146,0.00012
261.10001,1.02194,0.98924,0.00922,0.00142,0.00012
261.23999,1.02194,0.98848,0.00996,0.00144,0.00012
261.38000,1.02194,0.98846,0.00998,0.00144,0.00012
261.51999,1.02194,0.98841,0.01003,0.00144,0.00012
261.66000,1.02194,0.98872,0.00973,0.00144,0.00012
261.79999,1.02194,0.98843,0.01002,0.00144,0.00011
261.94000,1.02194,0.98885,0.00961,0.00142,0.00012
262.07999,1.02194,0.98777,0.01063,0.00149,0.00012
262.22000,1.02194,0.98829,0.01013,0.00146,0.00011
262.35999,1.02194,0.98918,0.00929,0.00142,0.00012
262.50000,1.02194,0.98906,0.00939,0.00143,0.00012
262.64001,1.02191,0.98893,0.00951,0.00145,0.00012
262.78000,1.02194,0.98886,0.00956,0.00147,0.00012
262.92001,1.02191,0.98865,0.00976,0.00147,0.00011
263.06000,1.02194,0.98894,0.00951,0.00144,0.00012
263.20001,1.02191,0.98873,0.00971,0.00144,0.00012
263.34000,1.02194,0.98878,0.00967,0.00143,0.00012
263.48001,1.02191,0.98874,0.00972,0.00143,0.00012
263.62000,1.02194,0.98864,0.00983,0.00141,0.00012
263.76001,1.02194,0.98835,0.01008,0.00145,0.00012
263.89999,1.02194,0.98880,0.00963,0.00145,0.00012
264.04001,1.02194,0.98851,0.00990,0.00147,0.00011
264.17999,1.02194,0.98905,0.00939,0.00144,0.00012
264.32001,1.02194,0.98847,0.00994,0.00148,0.00012
264.45999,1.02194,0.98853,0.00990,0.00145,0.00011
264.60001,1.02194,0.98850,0.00995,0.00143,0.00012
264.73999,1.02194,0.98850,0.00995,0.00143,0.00012
264.88000,1.02194,0.98842,0.01004,0.00142,0.00012
265.01999,1.02194,0.98820,0.01024,0.00144,0.00012
265.16000,1.02194,0.98791,0.01051,0.00146,0.00012
265.29999,1.02194,0.98847,0.00996,0.00145,0.00012
265.44000,1.02194,0.98842,0.01001,0.00146,0.00012
265.57999,1.02194,0.98777,0.01062,0.00149,0.00012
265.72000,1.02194,0.98832,0.01012,0.00145,0.00012
265.85999,1.02194,0.98805,0.01037,0.00146,0.00012
266.00000,1.02194,0.98861,0.00984,0.00143,0.00012
266.14001,1.02191,0.98836,0.01009,0.00144,0.00012
266.28000,1.02194,0.98803,0.01040,0.00146,0.00012
266.42001,1.02191,0.98760,0.01081,0.00147,0.00012
266.56000,1.02194,0.98802,0.01041,0.00145,0.00012
266.70001,1.02191,0.98802,0.01040,0.00146,0.00012
266.84000,1.02194,0.98832,0.01011,0.00145,0.00012
266.98001,1.02191,0.98782,0.01059,0.00148,0.00012
267.12000,1.02194,0.98815,0.01026,0.00147,0.00012
267.26001,1.02194,0.98801,0.01040,0.00148,0.00012
267.39999,1.02194,0.98841,0.01004,0.00144,0.00012
267.54001,1.02194,0.98842,0.01001,0.00146,0.00012
267.67999,1.02194,0.98883,0.00962,0.00143,0.00012
267.82001,1.02194,0.98858,0.00985,0.00146,0.00012
267.95999,1.02194,0.98883,0.00960,0.00145,0.00012
268.10001,1.02194,0.98849,0.00992,0.00147,0.00012
268.23999,1.02194,0.98881,0.00964,0.00143,0.00012
268.38000,1.02194,0.98865,0.00979,0.00144,0.00012
268.51999,1.02194,0.98839,0.01005,0.00144,0.00012
268.66000,1.02194,0.98814,0.01031,0.00143,0.00012
268.79999,1.02194,0.98793,0.01049,0.00146,0.00012
268.94000,1.02194,0.98809,0.01034,0.00145,0.00012
269.07999,1.02194,0.98825,0.01018,0.00146,0.00012
269.22000,1.02194,0.98828,0.01014,0.00145,0.00012
269.35999,1.02194,0.98780,0.01059,0.00150,0.00011
269.50000,1.02194,0.98847,0.00994,0.00146,0.00012
269.64001,1.02191,0.98818,0.01023,0.00147,0.00011
269.78000,1.02194,0.98864,0.00980,0.00144,0.00012
269.92001,1.02191,0.98919,0.00926,0.00143,0.00012
270.06000,1.02194,0.98858,0.00984,0.00146,0.00012
270.20001,1.02191,0.98831,0.01012,0.00145,0.00012
270.34000,1.02194,0.98838,0.01005,0.00146,0.00012
270.48001,1.02191,0.98825,0.01018,0.00146,0.00012
270.62000,1.02194,0.98855,0.00990,0.00144,0.00012
270.76001,1.02194,0.98877,0.00968,0.00143,0.00012
270.89999,1.02194,0.98836,0.01004,0.00148,0.00012
271.04001,1.02194,0.98835,0.01007,0.00146,0.00012
271.17999,1.02194,0.98858,0.00985,0.00145,0.00012
271.32001,1.02194,0.98863,0.00979,0.00146,0.00012
271.45999,1.02194,0.98902,0.00942,0.00144,0.00012
271.60001,1.02194,0.98859,0.00986,0.00144,0.00012
271.73999,1.02194,0.98857,0.00985,0.00145,0.00012
271.88000,1.02194,0.98799,0.01042,0.00147,0.00012
272.01999,1.02194,0.98857,0.00987,0.00144,0.00012
272.16000,1.02194,0.98851,0.00994,0.00143,0.00012
272.29999,1.02194,0.98811,0.01032,0.00145,0.00012
272.44000,1.02194,0.98821,0.01024,0.00143,0.00012
272.57999,1.02194,0.98769,0.01073,0.00147,0.00012
272.72000,1.02194,0.98796,0.01048,0.00145,0.00011
272.85999,1.02194,0.98818,0.01025,0.00145,0.00012
273.00000,1.02194,0.98822,0.01020,0.00146,0.00012
273.14001,1.02191,0.98836,0.01007,0.00145,0.00012
273.28000,1.02194,0.98810,0.01031,0.00148,0.00012
273.42001,1.02191,0.98818,0.01024,0.00147,0.00012
273.56000,1.02194,0.98862,0.00983,0.00143,0.00012
273.70001,1.02191,0.98800,0.01042,0.00146,0.00012
273.84000,1.02194,0.98782,0.01060,0.00146,0.00012
273.98001,1.02191,0.98792,0.01051,0.00145,0.00012
274.12000,1.02194,0.98788,0.01055,0.00145,0.00012
274.26001,1.02194,0.98778,0.01064,0.00146,0.00012
274.39999,1.02194,0.98796,0.01048,0.00145,0.00012
274.54001,1.02194,0.98794,0.01048,0.00146,0.00012
274.67999,1.02194,0.98837,0.01007,0.00145,0.00012
274.82001,1.02194,0.98841,0.00999,0.00148,0.00012
274.95999,1.02194,0.98885,0.00956,0.00147,0.00012
275.10001,1.02194,0.98890,0.00954,0.00145,0.00012
275.23999,1.02194,0.98845,0.00995,0.00148,0.00012
275.38000,1.02194,0.98835,0.01007,0.00146,0.00012
275.51999,1.02194,0.98876,0.00970,0.00142,0.00012
275.66000,1.02194,0.98847,0.00998,0.00143,0.00012
275.79999,1.02194,0.98802,0.01040,0.00147,0.00012
275.94000,1.02194,0.98838,0.01007,0.00144,0.00012
276.07999,1.02194,0.98829,0.01012,0.00147,0.00012
276.22000,1.02194,0.98792,0.01048,0.00149,0.00011
276.35999,1.02194,0.98881,0.00963,0.00144,0.00012
276.50000,1.02194,0.98810,0.01031,0.00148,0.00011
276.64001,1.02191,0.98869,0.00976,0.00144,0.00012
276.78000,1.02194,0.98899,0.00946,0.00143,0.00012
276.92001,1.02191,0.98876,0.00969,0.00143,0.00012
277.06000,1.02194,0.98858,0.00985,0.00145,0.00012
277.20001,1.02191,0.98864,0.00979,0.00145,0.00012
277.34000,1.02194,0.98845,0.00997,0.00146,0.00012
277.48001,1.02191,0.98879,0.00967,0.00142,0.00012
277.62000,1.02194,0.98868,0.00976,0.00143,0.00012
277.76001,1.02194,0.98894,0.00952,0.00142,0.00012
277.89999,1.02194,0.98855,0.00989,0.00144,0.00012
278.04001,1.02194,0.98838,0.01004,0.00146,0.00012
278.17999,1.02194,0.98817,0.01023,0.00148,0.00012
278.32001,1.02194,0.98839,0.01004,0.00146,0.00012
278.45999,1.02194,0.98861,0.00984,0.00143,0.00012
278.60001,1.02194,0.98884,0.00962,0.00142,0.00012
278.73999,1.02194,0.98852,0.00992,0.00144,0.00012
278.88000,1.02194,0.98858,0.00986,0.00144,0.00012
279.01999,1.02194,0.98808,0.01032,0.00148,0.00012
279.16000,1.02194,0.98825,0.01015,0.00147,0.00012
279.29999,1.02194,0.98780,0.01062,0.00146,0.00012
279.44000,1.02194,0.98815,0.01031,0.00142,0.00012
279.57999,1.02194,0.98825,0.01022,0.00142,0.00012
279.72000,1.02194,0.98838,0.01008,0.00141,0.00012
279.85999,1.02194,0.98821,0.01025,0.00143,0.00012
280.00000,1.02194,0.98729,0.01110,0.00149,0.00012
280.14001,1.02191,0.98695,0.01141,0.00152,0.00012
280.28000,1.02194,0.98811,0.01031,0.00147,0.00012
280.42001,1.02191,0.98862,0.00983,0.00143,0.00012
280.56000,1.02194,0.98774,0.01068,0.00147,0.00012
280.70001,1.02191,0.98823,0.01021,0.00144,0.00012
280.84000,1.02194,0.98795,0.01046,0.00147,0.00012
280.98001,1.02191,0.98787,0.01055,0.00146,0.00012
281.12000,1.02194,0.98785,0.01057,0.00146,0.00012
281.26001,1.02194,0.98810,0.01030,0.00148,0.00012
281.39999,1.02194,0.98804,0.01036,0.00148,0.00012
281.54001,1.02194,0.98872,0.00971,0.00145,0.00012
281.67999,1.02194,0.98862,0.00981,0.00146,0.00012
281.82001,1.02194,0.98829,0.01012,0.00147,0.00012
281.95999,1.02194,0.98871,0.00973,0.00145,0.00012
282.10001,1.02194,0.98858,0.00986,0.00145,0.00012
282.23999,1.02194,0.98851,0.00995,0.00143,0.00012
282.38000,1.02194,0.98872,0.00972,0.00145,0.00012
282.51999,1.02194,0.98836,0.01006,0.00147,0.00012
282.66000,1.02194,0.98824,0.01018,0.00147,0.00011
282.79999,1.02194,0.98885,0.00960,0.00143,0.00012
282.94000,1.02194,0.98894,0.00949,0.00145,0.00012
283.07999,1.02194,0.98884,0.00960,0.00145,0.00012
283.22000,1.02194,0.98882,0.00964,0.00143,0.00012
283.35999,1.02194,0.98866,0.00978,0.00145,0.00011
283.50000,1.02194,0.98898,0.00945,0.00146,0.00011
283.64001,1.02191,0.98935,0.00911,0.00142,0.00012
283.78000,1.02194,0.98907,0.00939,0.00142,0.00012
283.92001,1.02191,0.98846,0.00998,0.00145,0.00012
284.06000,1.02194,0.98858,0.00985,0.00145,0.00012
284.20001,1.02191,0.98885,0.00961,0.00141,0.00012
284.34000,1.02194,0.98858,0.00988,0.00142,0.00012
284.48001,1.02191,0.98790,0.01053,0.00145,0.00012
284.62000,1.02194,0.98780,0.01060,0.00148,0.00012
284.76001,1.02194,0.98777,0.01065,0.00146,0.00011
284.89999,1.02194,0.98852,0.00994,0.00142,0.00012
285.04001,1.02194,0.98851,0.00992,0.00146,0.00012
285.17999,1.02194,0.98835,0.01007,0.00147,0.00012
285.32001,1.02194,0.98861,0.00982,0.00145,0.00012
285.45999,1.02194,0.98855,0.00986,0.00147,0.00012
285.60001,1.02194,0.98906,0.00938,0.00144,0.00012
285.73999,1.02194,0.98913,0.00932,0.00144,0.00012
285.88000,1.02194,0.98917,0.00928,0.00143,0.00012
286.01999,1.02194,0.98859,0.00982,0.00147,0.00012
286.16000,1.02194,0.98847,0.00997,0.00144,0.00012
286.29999,1.02194,0.98848,0.00996,0.00145,0.00012
286.44000,1.02194,0.98886,0.00959,0.00144,0.00012
286.57999,1.02194,0.98878,0.00966,0.00144,0.00012
286.72000,1.02194,0.98880,0.00965,0.00143,0.00012
286.85999,1.02194,0.98835,0.01005,0.00148,0.00012
287.00000,1.02194,0.98866,0.00977,0.00146,0.00012
287.14001,1.02191,0.98859,0.00986,0.00144,0.00012
287.28000,1.02194,0.98837,0.01007,0.00144,0.00012
287.42001,1.02191,0.98845,0.01000,0.00144,0.00012
287.56000,1.02194,0.98854,0.00992,0.00143,0.00012
287.70001,1.02191,0.98820,0.01024,0.00144,0.00011
287.84000,1.02194,0.98822,0.01021,0.00145,0.00012
287.98001,1.02191,0.98799,0.01041,0.00149,0.00012
288.12000,1.02194,0.98805,0.01036,0.00148,0.00011
288.26001,1.02194,0.98881,0.00962,0.00145,0.00012
288.39999,1.02194,0.98880,0.00963,0.00145,0.00012
288.54001,1.02194,0.98886,0.00957,0.00145,0.00012
288.67999,1.02194,0.98863,0.00978,0.00147,0.00012
288.82001,1.02194,0.98870,0.00972,0.00146,0.00012
288.95999,1.02194,0.98899,0.00945,0.00144,0.00012
289.10001,1.02194,0.98907,0.00939,0.00143,0.00012
289.23999,1.02194,0.98894,0.00950,0.00144,0.00012
289.38000,1.02194,0.98850,0.00993,0.00145,0.00012
289.51999,1.02194,0.98805,0.01036,0.00146,0.00012
289.66000,1.02194,0.98814,0.01030,0.00144,0.00012
289.79999,1.02194,0.98812,0.01033,0.00143,0.00012
289.94000,1.02194,0.98791,0.01053,0.00144,0.00012
290.07999,1.02194,0.98702,0.01140,0.00146,0.00012
290.22000,1.02194,0.98675,0.01166,0.00147,0.00012
290.35999,1.02194,0.98638,0.01201,0.00149,0.00012
290.50000,1.02194,0.98691,0.01150,0.00147,0.00012
290.64001,1.02191,0.98741,0.01103,0.00144,0.00012
290.78000,1.02194,0.98692,0.01141,0.00155,0.00013
290.92001,1.02191,0.98780,0.01056,0.00151,0.00013
291.06000,1.02194,0.98811,0.01026,0.00150,0.00012
291.20001,1.02191,0.98857,0.00985,0.00146,0.00012
291.34000,1.02194,0.98849,0.00994,0.00146,0.00012
291.48001,1.02191,0.98829,0.01015,0.00144,0.00012
291.62000,1.02194,0.98819,0.01023,0.00146,0.00011
291.76001,1.02194,0.98852,0.00992,0.00145,0.00012
291.89999,1.02194,0.98849,0.00993,0.00146,0.00012
292.04001,1.02194,0.98850,0.00993,0.00145,0.00012
292.17999,1.02194,0.98825,0.01015,0.00148,0.00012
292.32001,1.02194,0.98875,0.00968,0.00145,0.00012
292.45999,1.02194,0.98920,0.00926,0.00143,0.00012
292.60001,1.02194,0.98880,0.00963,0.00145,0.00012
292.73999,1.02194,0.98853,0.00989,0.00146,0.00012
292.88000,1.02194,0.98882,0.00962,0.00145,0.00012
293.01999,1.02194,0.98873,0.00971,0.00145,0.00012
293.16000,1.02194,0.98874,0.00971,0.00143,0.00012
293.29999,1.02194,0.98866,0.00979,0.00144,0.00012
293.44000,1.02194,0.98865,0.00977,0.00146,0.00012
293.57999,1.02194,0.98849,0.00993,0.00147,0.00012
293.72000,1.02194,0.98896,0.00949,0.00143,0.00012
293.85999,1.02194,0.98815,0.01026,0.00147,0.00012
294.00000,1.02194,0.98855,0.00989,0.00144,0.00012
294.14001,1.02191,0.98844,0.00999,0.00145,0.00012
294.28000,1.02194,0.98881,0.00964,0.00143,0.00012
294.42001,1.02191,0.98894,0.00952,0.00142,0.00012
294.56000,1.02194,0.98853,0.00989,0.00146,0.00012
294.70001,1.02191,0.98823,0.01018,0.00147,0.00012
294.84000,1.02194,0.98853,0.00989,0.00146,0.00011
294.98001,1.02191,0.98906,0.00939,0.00143,0.00012
295.12000,1.02194,0.98902,0.00942,0.00145,0.00012
295.26001,1.02194,0.98907,0.00936,0.00145,0.00012
295.39999,1.02194,0.98885,0.00956,0.00147,0.00012
295.54001,1.02194,0.98915,0.00928,0.00145,0.00012
295.67999,1.02194,0.98905,0.00938,0.00145,0.00012
295.82001,1.02194,0.98930,0.00914,0.00144,0.00012
295.95999,1.02194,0.98956,0.00891,0.00142,0.00012
296.10001,1.02194,0.98909,0.00934,0.00145,0.00012
296.23999,1.02194,0.98899,0.00944,0.00145,0.00012
296.38000,1.02194,0.98939,0.00906,0.00144,0.00012
296.51999,1.02194,0.98917,0.00927,0.00145,0.00012
296.66000,1.02194,0.98930,0.00916,0.00142,0.00012
296.79999,1.02194,0.98939,0.00907,0.00143,0.00012
296.94000,1.02194,0.98893,0.00949,0.00146,0.00012
297.07999,1.02194,0.98885,0.00959,0.00145,0.00012
297.22000,1.02194,0.98849,0.00994,0.00145,0.00012
297.35999,1.02194,0.98843,0.00999,0.00147,0.00012
297.50000,1.02194,0.98902,0.00945,0.00142,0.00012
297.64001,1.02191,0.98887,0.00958,0.00143,0.00012
297.78000,1.02194,0.98841,0.01003,0.00144,0.00012
297.92001,1.02191,0.98812,0.01029,0.00148,0.00012
298.06000,1.02194,0.98800,0.01040,0.00148,0.00012
298.20001,1.02191,0.98845,0.00998,0.00145,0.00012
298.34000,1.02194,0.98842,0.01003,0.00144,0.00012
298.48001,1.02191,0.98854,0.00988,0.00145,0.00012
298.62000,1.02194,0.98844,0.01000,0.00144,0.00012
298.76001,1.02194,0.98811,0.01032,0.00145,0.00012
298.89999,1.02194,0.98838,0.01007,0.00144,0.00012
