Time (seconds), Duration (seconds),pred_(unlabeled),pred_brushing_teeth,pred_hair_drying,pred_showering
0.00000,1.02194,0.99272,0.00000,0.00008,0.00720
0.14000,1.02194,0.97111,0.00000,0.00034,0.02855
0.28000,1.02194,0.86627,0.00000,0.00015,0.13358
0.42000,1.02194,0.57428,0.00000,0.00021,0.42551
0.56000,1.02194,0.97399,0.00000,0.00003,0.02598
0.70000,1.02194,0.96753,0.00000,0.00003,0.03244
0.84000,1.02194,0.98374,0.00000,0.00031,0.01595
0.98000,1.02194,0.98808,0.00000,0.00016,0.01177
1.12000,1.02194,0.99977,0.00000,0.00000,0.00023
1.26000,1.02194,0.99998,0.00000,0.00000,0.00002
1.40000,1.02194,0.99999,0.00000,0.00000,0.00001
1.54000,1.02194,1.00000,0.00000,0.00000,0.00000
1.68000,1.02194,1.00000,0.00000,0.00000,0.00000
1.82000,1.02194,1.00000,0.00000,0.00000,0.00000
1.96000,1.02194,1.00000,0.00000,0.00000,0.00000
2.10000,1.02194,1.00000,0.00000,0.00000,0.00000
2.24000,1.02194,1.00000,0.00000,0.00000,0.00000
2.38000,1.02194,1.00000,0.00000,0.00000,0.00000
2.52000,1.02194,1.00000,0.00000,0.00000,0.00000
2.66000,1.02194,1.00000,0.00000,0.00000,0.00000
2.80000,1.02194,0.99999,0.00000,0.00000,0.00001
2.94000,1.02194,0.99999,0.00000,0.00000,0.00001
3.08000,1.02194,1.00000,0.00000,0.00000,0.00000
3.22000,1.02194,1.00000,0.00000,0.00000,0.00000
3.36000,1.02194,1.00000,0.00000,0.00000,0.00000
3.50000,1.02194,1.00000,0.00000,0.00000,0.00000
3.64000,1.02194,1.00000,0.00000,0.00000,0.00000
3.78000,1.02194,1.00000,0.00000,0.00000,0.00000
3.92000,1.02194,1.00000,0.00000,0.00000,0.00000
4.06000,1.02194,1.00000,0.00000,0.00000,0.00000
4.20000,1.02194,1.00000,0.00000,0.00000,0.00000
4.34000,1.02194,1.00000,0.00000,0.00000,0.00000
4.48000,1.02194,1.00000,0.00000,0.00000,0.00000
4.62000,1.02194,1.00000,0.00000,0.00000,0.00000
4.76000,1.02194,1.00000,0.00000,0.00000,0.00000
4.90000,1.02194,1.00000,0.00000,0.00000,0.00000
5.04000,1.02194,1.00000,0.00000,0.00000,0.00000
5.18000,1.02194,1.00000,0.00000,0.00000,0.00000
5.32000,1.02194,1.00000,0.00000,0.00000,0.00000
5.46000,1.02194,1.00000,0.00000,0.00000,0.00000
5.60000,1.02194,1.00000,0.00000,0.00000,0.00000
5.74000,1.02194,1.00000,0.00000,0.00000,0.00000
5.88000,1.02194,1.00000,0.00000,0.00000,0.00000
6.02000,1.02194,1.00000,0.00000,0.00000,0.00000
6.16000,1.02194,1.00000,0.00000,0.00000,0.00000
6.30000,1.02194,1.00000,0.00000,0.00000,0.00000
6.44000,1.02194,1.00000,0.00000,0.00000,0.00000
6.58000,1.02194,1.00000,0.00000,0.00000,0.00000
6.72000,1.02194,0.99958,0.00000,0.00002,0.00041
6.86000,1.02194,0.99373,0.00000,0.00025,0.00602
7.00000,1.02194,0.94140,0.00000,0.00027,0.05832
7.14000,1.02194,0.82206,0.00003,0.00155,0.17636
7.28000,1.02194,0.88516,0.00040,0.00174,0.11270
7.42000,1.02194,0.66541,0.11974,0.00272,0.21213
7.56000,1.02194,0.78391,0.10502,0.00593,0.10515
7.70000,1.02194,0.92896,0.03624,0.00152,0.03328
7.84000,1.02194,0.93318,0.01688,0.00216,0.04777
7.98000,1.02194,0.94648,0.00332,0.00244,0.04777
8.12000,1.02194,0.89485,0.00396,0.00257,0.09861
8.26000,1.02194,0.69473,0.00072,0.00699,0.29755
8.40000,1.02194,0.59531,0.00020,0.00565,0.39884
8.54000,1.02194,0.48459,0.00018,0.00180,0.51343
8.68000,1.02194,0.44905,0.00023,0.00338,0.54734
8.82000,1.02194,0.48388,0.00035,0.00301,0.51275
8.96000,1.02194,0.33343,0.00541,0.00221,0.65896
9.10000,1.02194,0.37162,0.00730,0.00650,0.61458
9.24000,1.02194,0.47920,0.01547,0.00332,0.50201
9.38000,1.02194,0.47234,0.01317,0.00392,0.51057
9.52000,1.02194,0.86117,0.00546,0.00248,0.13088
9.66000,1.02194,0.75044,0.00099,0.00207,0.24650
9.80000,1.02194,0.49024,0.00084,0.00367,0.50526
9.94000,1.02194,0.45166,0.00019,0.00297,0.54519
10.08000,1.02194,0.37902,0.00004,0.00066,0.62028
10.22000,1.02194,0.39070,0.00018,0.00194,0.60717
10.36000,1.02194,0.27760,0.00081,0.00077,0.72082
10.50000,1.02194,0.48315,0.00882,0.00422,0.50381
10.64000,1.02194,0.61003,0.06174,0.00169,0.32654
10.78000,1.02194,0.40660,0.05782,0.00264,0.53293
10.92000,1.02194,0.40483,0.01100,0.00978,0.57438
11.06000,1.02194,0.73332,0.00108,0.00362,0.26198
11.20000,1.02194,0.39805,0.00012,0.00076,0.60107
11.34000,1.02194,0.23800,0.00026,0.00119,0.76055
11.48000,1.02194,0.13598,0.00030,0.00034,0.86338
11.62000,1.02194,0.21546,0.00014,0.00120,0.78319
11.76000,1.02194,0.70708,0.00001,0.00064,0.29227
11.90000,1.02194,0.95936,0.00000,0.00009,0.04055
12.04000,1.02194,0.99535,0.00000,0.00003,0.00462
12.18000,1.02194,0.99704,0.00000,0.00003,0.00293
12.32000,1.02194,0.98483,0.00000,0.00016,0.01501
12.46000,1.02194,0.93607,0.00000,0.00023,0.06370
12.60000,1.02194,0.76398,0.00000,0.00113,0.23488
12.74000,1.02194,0.49210,0.00003,0.00486,0.50301
12.88000,1.02194,0.87771,0.00000,0.00042,0.12186
13.02000,1.02194,0.95299,0.00000,0.00030,0.04672
13.16000,1.02194,0.99913,0.00000,0.00003,0.00084
13.30000,1.02194,0.99960,0.00000,0.00001,0.00039
13.44000,1.02194,0.99998,0.00000,0.00000,0.00002
13.58000,1.02194,0.99999,0.00000,0.00000,0.00001
13.72000,1.02194,1.00000,0.00000,0.00000,0.00000
13.86000,1.02194,1.00000,0.00000,0.00000,0.00000
14.00000,1.02194,1.00000,0.00000,0.00000,0.00000
14.14000,1.02194,1.00000,0.00000,0.00000,0.00000
14.28000,1.02194,1.00000,0.00000,0.00000,0.00000
14.42000,1.02194,1.00000,0.00000,0.00000,0.00000
14.56000,1.02194,0.99999,0.00000,0.00000,0.00001
14.70000,1.02194,0.99987,0.00000,0.00000,0.00012
14.84000,1.02194,0.99557,0.00000,0.00005,0.00438
14.98000,1.02194,0.87861,0.00005,0.00021,0.12113
15.12000,1.02194,0.53432,0.00038,0.00035,0.46496
15.26000,1.02194,0.27051,0.00284,0.00032,0.72633
15.40000,1.02194,0.06162,0.02258,0.00029,0.91551
15.54000,1.02194,0.04379,0.00789,0.00032,0.94800
15.68000,1.02194,0.03705,0.00391,0.00021,0.95883
15.82000,1.02194,0.03825,0.00227,0.00023,0.95926
15.96000,1.02194,0.03533,0.00211,0.00022,0.96234
16.10000,1.02194,0.04859,0.00355,0.00029,0.94756
16.24000,1.02194,0.05995,0.00386,0.00038,0.93581
16.38000,1.02194,0.04575,0.00435,0.00033,0.94958
16.52000,1.02194,0.05484,0.00486,0.00034,0.93996
16.66000,1.02194,0.04970,0.00589,0.00048,0.94393
16.80000,1.02194,0.05738,0.00578,0.00054,0.93630
16.94000,1.02194,0.06266,0.00784,0.00033,0.92917
17.08000,1.02194,0.05105,0.00781,0.00046,0.94069
17.22000,1.02194,0.07842,0.00712,0.00052,0.91394
17.36000,1.02194,0.05844,0.01318,0.00042,0.92795
17.50000,1.02194,0.05599,0.00836,0.00054,0.93510
17.64000,1.02194,0.07835,0.00452,0.00042,0.91671
17.78000,1.02194,0.05926,0.01278,0.00042,0.92754
17.92000,1.02194,0.08987,0.01114,0.00068,0.89832
18.06000,1.02194,0.05997,0.01602,0.00041,0.92361
18.20000,1.02194,0.05358,0.00900,0.00044,0.93697
18.34000,1.02194,0.08445,0.01533,0.00064,0.89958
18.48000,1.02194,0.07162,0.01127,0.00050,0.91662
18.62000,1.02194,0.05113,0.00977,0.00043,0.93867
18.76000,1.02194,0.11550,0.02533,0.00085,0.85831
18.90000,1.02194,0.11674,0.02499,0.00100,0.85726
19.04000,1.02194,0.07296,0.01907,0.00041,0.90756
19.18000,1.02194,0.06232,0.01204,0.00060,0.92505
19.32000,1.02194,0.10027,0.02304,0.00055,0.87614
19.46000,1.02194,0.08969,0.04443,0.00069,0.86519
19.60000,1.02194,0.05725,0.01565,0.00037,0.92673
19.74000,1.02194,0.06256,0.00849,0.00042,0.92854
19.88000,1.02194,0.05976,0.01287,0.00052,0.92686
20.02000,1.02194,0.06569,0.01674,0.00047,0.91709
20.16000,1.02194,0.05682,0.01203,0.00043,0.93072
20.30000,1.02194,0.06541,0.01196,0.00063,0.92199
20.44000,1.02194,0.07432,0.01217,0.00046,0.91305
20.58000,1.02194,0.05938,0.01518,0.00041,0.92503
20.72000,1.02194,0.05772,0.01207,0.00048,0.92973
20.86000,1.02194,0.07124,0.01221,0.00047,0.91608
21.00000,1.02194,0.05942,0.01547,0.00045,0.92466
21.14000,1.02194,0.06879,0.01047,0.00051,0.92023
21.28000,1.02194,0.05254,0.01183,0.00038,0.93525
21.42000,1.02194,0.05100,0.00923,0.00037,0.93941
21.56000,1.02194,0.06035,0.01469,0.00043,0.92453
21.70000,1.02194,0.06145,0.01073,0.00056,0.92726
21.84000,1.02194,0.06548,0.00892,0.00056,0.92504
21.98000,1.02194,0.10381,0.02747,0.00103,0.86769
22.12000,1.02194,0.12971,0.02135,0.00104,0.84790
22.26000,1.02194,0.10273,0.04160,0.00092,0.85475
22.40000,1.02194,0.12026,0.05449,0.00118,0.82407
22.54000,1.02194,0.10353,0.04950,0.00083,0.84614
22.68000,1.02194,0.09266,0.05208,0.00073,0.85453
22.82000,1.02194,0.08971,0.03467,0.00075,0.87487
22.96000,1.02194,0.07369,0.02110,0.00057,0.90464
23.10000,1.02194,0.07423,0.01749,0.00059,0.90769
23.24000,1.02194,0.05771,0.00966,0.00054,0.93209
23.38000,1.02194,0.05405,0.00909,0.00031,0.93655
23.52000,1.02194,0.06752,0.00914,0.00042,0.92292
23.66000,1.02194,0.05430,0.00858,0.00048,0.93664
23.80000,1.02194,0.05952,0.01221,0.00040,0.92787
23.94000,1.02194,0.05966,0.00917,0.00048,0.93069
24.08000,1.02194,0.06005,0.01545,0.00044,0.92406
24.22000,1.02194,0.08375,0.01310,0.00053,0.90262
24.36000,1.02194,0.06911,0.02372,0.00050,0.90668
24.50000,1.02194,0.07181,0.01811,0.00052,0.90956
24.64000,1.02194,0.06025,0.01194,0.00057,0.92724
24.78000,1.02194,0.08234,0.01519,0.00062,0.90185
24.92000,1.02194,0.06768,0.02240,0.00060,0.90932
25.06000,1.02194,0.07078,0.01634,0.00054,0.91234
25.20000,1.02194,0.07384,0.01926,0.00056,0.90633
25.34000,1.02194,0.06500,0.02177,0.00051,0.91271
25.48000,1.02194,0.06254,0.01026,0.00052,0.92668
25.62000,1.02194,0.05462,0.01244,0.00041,0.93253
25.76000,1.02194,0.05944,0.00917,0.00048,0.93092
25.90000,1.02194,0.06103,0.01322,0.00050,0.92525
26.04000,1.02194,0.07308,0.00912,0.00046,0.91735
26.18000,1.02194,0.05713,0.01274,0.00047,0.92967
26.32000,1.02194,0.07872,0.01803,0.00059,0.90266
26.46000,1.02194,0.07217,0.02119,0.00058,0.90606
26.60000,1.02194,0.06684,0.01955,0.00056,0.91305
26.74000,1.02194,0.07444,0.01866,0.00061,0.90628
26.88000,1.02194,0.08164,0.02096,0.00060,0.89680
27.02000,1.02194,0.07528,0.02154,0.00062,0.90257
27.16000,1.02194,0.07187,0.01741,0.00055,0.91017
27.30000,1.02194,0.07541,0.02371,0.00060,0.90028
27.44000,1.02194,0.06577,0.01451,0.00048,0.91924
27.58000,1.02194,0.05728,0.01161,0.00041,0.93069
27.72000,1.02194,0.07025,0.01471,0.00054,0.91450
27.86000,1.02194,0.05968,0.01469,0.00047,0.92516
28.00000,1.02194,0.06362,0.00682,0.00044,0.92912
28.14000,1.02194,0.04522,0.00754,0.00033,0.94691
28.28000,1.02194,0.06013,0.00643,0.00033,0.93311
28.42000,1.02194,0.04496,0.00527,0.00029,0.94947
28.56000,1.02194,0.07472,0.00581,0.00041,0.91906
28.70000,1.02194,0.05237,0.00760,0.00044,0.93960
28.84000,1.02194,0.06611,0.01413,0.00043,0.91933
28.98000,1.02194,0.05769,0.00939,0.00053,0.93240
29.12000,1.02194,0.08104,0.01422,0.00051,0.90423
29.26000,1.02194,0.06028,0.01447,0.00047,0.92478
29.40000,1.02194,0.05823,0.00897,0.00042,0.93238
29.54000,1.02194,0.07120,0.01222,0.00055,0.91603
29.68000,1.02194,0.05805,0.01140,0.00044,0.93011
29.82000,1.02194,0.09921,0.01753,0.00074,0.88252
29.96000,1.02194,0.06757,0.01842,0.00057,0.91343
30.10000,1.02194,0.08118,0.02158,0.00060,0.89664
30.24000,1.02194,0.08765,0.02198,0.00071,0.88967
30.38000,1.02194,0.08426,0.02236,0.00071,0.89267
30.52000,1.02194,0.09716,0.03005,0.00079,0.87200
30.66000,1.02194,0.06772,0.02030,0.00064,0.91134
30.80000,1.02194,0.06789,0.02010,0.00053,0.91149
30.94000,1.02194,0.09709,0.01492,0.00071,0.88728
31.08000,1.02194,0.07584,0.02751,0.00061,0.89604
31.22000,1.02194,0.08952,0.02304,0.00071,0.88674
31.36000,1.02194,0.07243,0.02521,0.00059,0.90177
31.50000,1.02194,0.08432,0.02107,0.00066,0.89395
31.64000,1.02194,0.07214,0.01966,0.00057,0.90762
31.78000,1.02194,0.07214,0.01452,0.00061,0.91274
31.92000,1.02194,0.06506,0.01559,0.00053,0.91882
32.06000,1.02193,0.06882,0.01914,0.00058,0.91146
32.20000,1.02194,0.05471,0.00931,0.00052,0.93546
32.34000,1.02194,0.07296,0.01030,0.00056,0.91618
32.48000,1.02194,0.04982,0.00870,0.00036,0.94111
32.62000,1.02194,0.07348,0.00961,0.00055,0.91636
32.76000,1.02194,0.06989,0.01876,0.00061,0.91074
32.90000,1.02193,0.06553,0.01473,0.00045,0.91928
33.04000,1.02194,0.05583,0.00697,0.00053,0.93667
33.18000,1.02194,0.06098,0.01284,0.00051,0.92567
33.32000,1.02194,0.07791,0.01407,0.00054,0.90747
33.46000,1.02194,0.06839,0.01042,0.00042,0.92077
33.60000,1.02194,0.05537,0.00750,0.00037,0.93676
33.74000,1.02193,0.04869,0.00471,0.00037,0.94623
33.88000,1.02194,0.05868,0.00647,0.00042,0.93443
34.02000,1.02194,0.05909,0.00735,0.00040,0.93316
34.16000,1.02194,0.05930,0.00454,0.00039,0.93577
34.30000,1.02194,0.03931,0.00427,0.00023,0.95619
34.44000,1.02194,0.04029,0.00280,0.00030,0.95662
34.58000,1.02193,0.05583,0.00335,0.00036,0.94047
34.72000,1.02193,0.03806,0.00296,0.00024,0.95874
34.86000,1.02194,0.04429,0.00260,0.00037,0.95275
35.00000,1.02194,0.05619,0.00178,0.00026,0.94178
35.14000,1.02194,0.04104,0.00407,0.00029,0.95461
35.28000,1.02194,0.04458,0.00174,0.00026,0.95342
35.42000,1.02194,0.03734,0.00230,0.00018,0.96017
35.56000,1.02193,0.04885,0.00145,0.00017,0.94953
35.70000,1.02194,0.03170,0.00205,0.00017,0.96608
35.84000,1.02194,0.03807,0.00152,0.00020,0.96021
35.98000,1.02194,0.04347,0.00334,0.00033,0.95287
36.12000,1.02194,0.05163,0.00295,0.00039,0.94503
36.26000,1.02194,0.05462,0.00559,0.00035,0.93944
36.40000,1.02193,0.05653,0.00552,0.00043,0.93752
36.54000,1.02194,0.08717,0.00704,0.00054,0.90526
36.68000,1.02194,0.05962,0.00933,0.00042,0.93063
36.82000,1.02194,0.06688,0.01102,0.00046,0.92165
36.96000,1.02194,0.06615,0.00481,0.00039,0.92865
37.10000,1.02194,0.09188,0.00319,0.00038,0.90455
37.24000,1.02193,0.04592,0.00612,0.00025,0.94772
37.38000,1.02194,0.06218,0.00279,0.00039,0.93464
37.52000,1.02194,0.06805,0.00438,0.00037,0.92720
37.66000,1.02194,0.05107,0.00497,0.00053,0.94343
37.80000,1.02194,0.08340,0.01255,0.00076,0.90330
37.94000,1.02194,0.06272,0.01162,0.00048,0.92518
38.08000,1.02193,0.09974,0.00413,0.00061,0.89553
38.22000,1.02193,0.09258,0.00503,0.00044,0.90195
38.36000,1.02194,0.04713,0.00698,0.00027,0.94562
38.50000,1.02194,0.05479,0.00944,0.00039,0.93538
38.64000,1.02194,0.05067,0.00808,0.00035,0.94090
38.78000,1.02194,0.07086,0.00293,0.00046,0.92576
38.92000,1.02194,0.03959,0.00320,0.00023,0.95698
39.06000,1.02193,0.04299,0.00149,0.00014,0.95538
39.20000,1.02194,0.05752,0.00314,0.00034,0.93899
39.34000,1.02194,0.05119,0.00420,0.00027,0.94434
39.48000,1.02194,0.03786,0.00209,0.00022,0.95983
39.62000,1.02194,0.06438,0.00585,0.00043,0.92934
39.76000,1.02194,0.06931,0.00388,0.00049,0.92632
39.90000,1.02193,0.08445,0.00198,0.00035,0.91322
40.04000,1.02194,0.05419,0.00113,0.00019,0.94449
40.18000,1.02194,0.04286,0.00152,0.00015,0.95547
40.32000,1.02194,0.05909,0.00113,0.00023,0.93955
40.46000,1.02194,0.03293,0.00117,0.00018,0.96573
40.60000,1.02194,0.04028,0.00045,0.00009,0.95918
40.74000,1.02193,0.03010,0.00050,0.00018,0.96922
40.88000,1.02194,0.04824,0.00328,0.00033,0.94815
41.02000,1.02194,0.05722,0.00438,0.00051,0.93789
41.16000,1.02194,0.05267,0.00349,0.00039,0.94345
41.30000,1.02194,0.10036,0.00406,0.00054,0.89504
41.44000,1.02194,0.18549,0.00293,0.00076,0.81082
41.58000,1.02193,0.07383,0.00898,0.00044,0.91675
41.72000,1.02193,0.06006,0.00210,0.00029,0.93754
41.86000,1.02194,0.05949,0.00081,0.00016,0.93955
42.00000,1.02194,0.09414,0.00142,0.00028,0.90416
42.14000,1.02194,0.07352,0.00084,0.00021,0.92544
42.28000,1.02194,0.03430,0.00150,0.00024,0.96396
42.42000,1.02194,0.04450,0.00529,0.00036,0.94985
42.56000,1.02193,0.05450,0.00279,0.00041,0.94230
42.70000,1.02194,0.04416,0.00418,0.00024,0.95142
42.84000,1.02194,0.04109,0.00367,0.00033,0.95492
42.98000,1.02194,0.05674,0.00353,0.00037,0.93937
43.12000,1.02194,0.05837,0.00347,0.00036,0.93779
43.26000,1.02194,0.03851,0.00332,0.00023,0.95794
43.40000,1.02193,0.05245,0.00148,0.00022,0.94585
43.54000,1.02194,0.03343,0.00094,0.00010,0.96552
43.68000,1.02194,0.03066,0.00069,0.00014,0.96850
43.82000,1.02194,0.05602,0.00056,0.00026,0.94316
43.96000,1.02194,0.04394,0.00081,0.00018,0.95506
44.10000,1.02194,0.04048,0.00102,0.00037,0.95813
44.24000,1.02193,0.08889,0.00193,0.00048,0.90870
44.38000,1.02194,0.08714,0.00200,0.00057,0.91029
44.52000,1.02194,0.16981,0.00264,0.00083,0.82673
44.66000,1.02194,0.14569,0.00402,0.00098,0.84932
44.80000,1.02194,0.11608,0.00233,0.00059,0.88100
44.94000,1.02194,0.12556,0.00397,0.00071,0.86976
45.08000,1.02193,0.09733,0.00692,0.00112,0.89463
45.22000,1.02193,0.05906,0.01338,0.00045,0.92711
45.36000,1.02194,0.03874,0.00460,0.00047,0.95620
45.50000,1.02194,0.04675,0.00475,0.00045,0.94805
45.64000,1.02194,0.06831,0.01155,0.00048,0.91966
45.78000,1.02194,0.04909,0.00897,0.00051,0.94143
45.92000,1.02194,0.08612,0.02716,0.00086,0.88586
46.06000,1.02193,0.08091,0.03648,0.00105,0.88157
46.20000,1.02194,0.05919,0.02176,0.00060,0.91845
46.34000,1.02194,0.03945,0.00551,0.00042,0.95462
46.48000,1.02194,0.04398,0.00799,0.00041,0.94762
46.62000,1.02194,0.04260,0.00783,0.00026,0.94930
46.76000,1.02194,0.02603,0.00088,0.00012,0.97297
46.90000,1.02193,0.02876,0.00093,0.00010,0.97021
47.04000,1.02194,0.02934,0.00069,0.00014,0.96983
47.18000,1.02194,0.03292,0.00056,0.00013,0.96639
47.32000,1.02194,0.04872,0.00026,0.00007,0.95095
47.46000,1.02194,0.03482,0.00045,0.00035,0.96437
47.60000,1.02194,0.03583,0.00118,0.00027,0.96272
47.74000,1.02193,0.06891,0.00133,0.00039,0.92937
47.88000,1.02194,0.08013,0.00167,0.00040,0.91780
48.02000,1.02194,0.07234,0.00136,0.00033,0.92597
48.16000,1.02194,0.07700,0.00122,0.00030,0.92148
48.30000,1.02194,0.04908,0.00120,0.00022,0.94950
48.44000,1.02194,0.05257,0.00095,0.00024,0.94624
48.58000,1.02193,0.05492,0.00195,0.00038,0.94275
48.72000,1.02193,0.04907,0.00097,0.00016,0.94980
48.86000,1.02194,0.05485,0.00145,0.00026,0.94344
49.00000,1.02194,0.03659,0.00056,0.00010,0.96274
49.14000,1.02194,0.05302,0.00056,0.00015,0.94627
49.28000,1.02194,0.03712,0.00166,0.00011,0.96111
49.42000,1.02194,0.02967,0.00115,0.00016,0.96902
49.56000,1.02193,0.03678,0.00087,0.00044,0.96191
49.70000,1.02194,0.05517,0.00276,0.00056,0.94152
49.84000,1.02194,0.06612,0.01015,0.00038,0.92334
49.98000,1.02194,0.11314,0.02062,0.00093,0.86531
50.12000,1.02194,0.19737,0.01067,0.00124,0.79072
50.26000,1.02194,0.24844,0.17153,0.00186,0.57817
50.40000,1.02193,0.30235,0.39082,0.00169,0.30515
50.54000,1.02194,0.14287,0.78139,0.00046,0.07528
50.68000,1.02194,0.11423,0.84396,0.00046,0.04135
50.82000,1.02194,0.06114,0.91691,0.00048,0.02148
50.96000,1.02194,0.04693,0.93843,0.00049,0.01415
51.10000,1.02194,0.04312,0.92235,0.00060,0.03393
51.24000,1.02193,0.07226,0.81100,0.00096,0.11579
51.38000,1.02194,0.11857,0.37920,0.00111,0.50112
51.52000,1.02194,0.11143,0.18437,0.00101,0.70319
51.66000,1.02194,0.07069,0.03076,0.00082,0.89773
51.80000,1.02194,0.06414,0.02562,0.00055,0.90968
51.94000,1.02194,0.06062,0.01462,0.00063,0.92413
52.08000,1.02193,0.13997,0.02978,0.00136,0.82889
52.22000,1.02193,0.21881,0.08034,0.00200,0.69884
52.36000,1.02194,0.27381,0.39403,0.00160,0.33056
52.50000,1.02194,0.30454,0.43098,0.00201,0.26247
52.64000,1.02194,0.21146,0.48405,0.00156,0.30293
52.78000,1.02194,0.31479,0.32277,0.00117,0.36127
52.92000,1.02194,0.18977,0.56528,0.00094,0.24401
53.06000,1.02193,0.22539,0.39575,0.00141,0.37745
53.20000,1.02194,0.19507,0.18973,0.00117,0.61403
53.34000,1.02194,0.21524,0.34344,0.00146,0.43986
53.48000,1.02194,0.27125,0.34064,0.00257,0.38553
53.62000,1.02194,0.17019,0.62714,0.00132,0.20134
53.76000,1.02194,0.13247,0.65520,0.00164,0.21069
53.90000,1.02193,0.16354,0.42043,0.00203,0.41400
54.04000,1.02194,0.12018,0.32514,0.00145,0.55324
54.18000,1.02194,0.10852,0.46040,0.00134,0.42975
54.32000,1.02194,0.12011,0.08791,0.00076,0.79122
54.46000,1.02194,0.08899,0.02512,0.00070,0.88519
54.60000,1.02194,0.03620,0.00323,0.00026,0.96032
54.74000,1.02193,0.05258,0.00476,0.00035,0.94231
54.88000,1.02194,0.05714,0.00519,0.00046,0.93721
55.02000,1.02194,0.06849,0.00656,0.00067,0.92429
55.16000,1.02194,0.14484,0.00972,0.00364,0.84180
55.30000,1.02194,0.11340,0.04912,0.00110,0.83638
55.44000,1.02194,0.20167,0.31728,0.00186,0.47919
55.58000,1.02193,0.21543,0.25578,0.00292,0.52587
55.72000,1.02193,0.17217,0.37043,0.00104,0.45635
55.86000,1.02194,0.19737,0.43995,0.00103,0.36165
56.00000,1.02194,0.24092,0.48235,0.00168,0.27505
56.14000,1.02194,0.11460,0.77674,0.00080,0.10786
56.28000,1.02194,0.11626,0.76440,0.00101,0.11833
56.42000,1.02194,0.15209,0.59134,0.00123,0.25535
56.56000,1.02193,0.15697,0.54551,0.00110,0.29641
56.70000,1.02194,0.14106,0.34434,0.00135,0.51325
56.84000,1.02194,0.12164,0.17669,0.00100,0.70067
56.98000,1.02194,0.12971,0.14501,0.00096,0.72432
57.12000,1.02194,0.16847,0.19618,0.00162,0.63373
57.26000,1.02194,0.12616,0.09547,0.00090,0.77747
57.40000,1.02193,0.12508,0.08785,0.00097,0.78610
57.54000,1.02194,0.13116,0.13684,0.00128,0.73073
57.68000,1.02194,0.13910,0.12160,0.00155,0.73775
57.82000,1.02194,0.12548,0.16042,0.00093,0.71316
57.96000,1.02194,0.11881,0.08993,0.00102,0.79025
58.10000,1.02194,0.19124,0.16985,0.00171,0.63721
58.24000,1.02193,0.17094,0.41101,0.00157,0.41648
58.38000,1.02194,0.15922,0.31597,0.00212,0.52268
58.52000,1.02194,0.14159,0.28721,0.00110,0.57011
58.66000,1.02194,0.13216,0.30716,0.00098,0.55970
58.80000,1.02194,0.11825,0.23753,0.00099,0.64323
58.94000,1.02194,0.12316,0.17773,0.00099,0.69812
59.08000,1.02193,0.09113,0.06872,0.00083,0.83932
59.22000,1.02193,0.07588,0.04226,0.00074,0.88113
59.36000,1.02194,0.08896,0.04752,0.00077,0.86275
59.50000,1.02194,0.08215,0.02636,0.00069,0.89079
59.64000,1.02194,0.06657,0.02673,0.00060,0.90610
59.78000,1.02194,0.08061,0.02640,0.00078,0.89220
59.92000,1.02194,0.09203,0.03917,0.00100,0.86779
60.06000,1.02193,0.09181,0.03461,0.00081,0.87277
60.20000,1.02194,0.07590,0.03137,0.00072,0.89202
60.34000,1.02194,0.08696,0.03373,0.00067,0.87864
60.48000,1.02194,0.08682,0.04409,0.00069,0.86839
60.62000,1.02194,0.05306,0.01286,0.00029,0.93379
60.76000,1.02194,0.04790,0.00905,0.00031,0.94274
60.90000,1.02193,0.05064,0.01076,0.00038,0.93822
61.04000,1.02194,0.04867,0.00562,0.00044,0.94527
61.18000,1.02194,0.05221,0.00482,0.00025,0.94272
61.32000,1.02194,0.05459,0.00910,0.00075,0.93556
61.46000,1.02194,0.07408,0.02770,0.00078,0.89743
61.60000,1.02194,0.06424,0.02837,0.00060,0.90679
61.74000,1.02193,0.05319,0.01310,0.00054,0.93317
61.88000,1.02194,0.05024,0.01587,0.00044,0.93345
62.02000,1.02194,0.05061,0.00835,0.00039,0.94065
62.16000,1.02194,0.04691,0.01350,0.00036,0.93923
62.30000,1.02194,0.05251,0.00946,0.00044,0.93759
62.44000,1.02194,0.07002,0.01073,0.00048,0.91877
62.58000,1.02193,0.09228,0.03006,0.00086,0.87679
62.72000,1.02193,0.19192,0.13515,0.00167,0.67125
62.86000,1.02194,0.17868,0.33559,0.00122,0.48450
63.00000,1.02193,0.18990,0.41122,0.00185,0.39703
63.14000,1.02193,0.16302,0.19470,0.00167,0.64062
63.28000,1.02194,0.14458,0.30726,0.00087,0.54729
63.42000,1.02194,0.14494,0.33604,0.00119,0.51783
63.56000,1.02194,0.15636,0.31830,0.00149,0.52385
63.70000,1.02194,0.15907,0.28069,0.00118,0.55907
63.84000,1.02194,0.14066,0.28201,0.00238,0.57494
63.98000,1.02194,0.13574,0.42802,0.00187,0.43437
64.12000,1.02193,0.12133,0.56522,0.00198,0.31146
64.26000,1.02193,0.09336,0.76545,0.00149,0.13970
64.40000,1.02193,0.05509,0.90301,0.00095,0.04095
64.54000,1.02193,0.10893,0.70361,0.00169,0.18577
64.68000,1.02193,0.14083,0.18602,0.00198,0.67117
64.82000,1.02193,0.14275,0.29644,0.00180,0.55901
64.96000,1.02194,0.16953,0.17751,0.00258,0.65038
65.10000,1.02194,0.10922,0.05768,0.00127,0.83182
65.24000,1.02194,0.06639,0.01516,0.00055,0.91790
65.38000,1.02194,0.07819,0.01694,0.00147,0.90341
65.52000,1.02194,0.13128,0.14214,0.00086,0.72573
65.66000,1.02193,0.11769,0.08643,0.00115,0.79473
65.80000,1.02193,0.10777,0.05393,0.00107,0.83723
65.94000,1.02193,0.11961,0.10508,0.00113,0.77418
66.08000,1.02193,0.12504,0.09155,0.00105,0.78237
66.22000,1.02193,0.11695,0.10739,0.00115,0.77451
66.36000,1.02193,0.10594,0.07584,0.00103,0.81719
66.50000,1.02193,0.09524,0.06173,0.00093,0.84209
66.64000,1.02193,0.10039,0.05041,0.00110,0.84810
66.78000,1.02194,0.14129,0.11686,0.00133,0.74052
66.92000,1.02194,0.11577,0.09670,0.00088,0.78665
67.06000,1.02194,0.12448,0.06886,0.00108,0.80557
67.20000,1.02194,0.18635,0.21819,0.00172,0.59374
67.34000,1.02194,0.16680,0.30520,0.00208,0.52592
67.48000,1.02193,0.11531,0.16346,0.00106,0.72017
67.62000,1.02193,0.13632,0.12058,0.00104,0.74206
67.76000,1.02193,0.09766,0.07028,0.00093,0.83113
67.90000,1.02193,0.07702,0.05837,0.00074,0.86387
68.04000,1.02193,0.04805,0.01367,0.00052,0.93775
68.18000,1.02193,0.03903,0.00459,0.00031,0.95607
68.32000,1.02193,0.04164,0.00438,0.00028,0.95370
68.46000,1.02194,0.04181,0.00322,0.00066,0.95431
68.60000,1.02194,0.05163,0.00738,0.00037,0.94062
68.74000,1.02194,0.03128,0.00237,0.00014,0.96620
68.88000,1.02194,0.05524,0.00388,0.00042,0.94046
69.02000,1.02194,0.06440,0.00804,0.00043,0.92714
69.16000,1.02193,0.04608,0.00571,0.00042,0.94779
69.30000,1.02193,0.02671,0.00064,0.00015,0.97250
69.44000,1.02193,0.05211,0.00937,0.00031,0.93821
69.58000,1.02193,0.04976,0.00957,0.00050,0.94016
69.72000,1.02193,0.04060,0.00613,0.00028,0.95299
69.86000,1.02193,0.04774,0.00637,0.00067,0.94522
70.00000,1.02193,0.07151,0.00582,0.00034,0.92233
70.14000,1.02193,0.09291,0.00638,0.00058,0.90014
70.28000,1.02194,0.03617,0.00035,0.00009,0.96339
70.42000,1.02194,0.04673,0.00039,0.00020,0.95269
70.56000,1.02194,0.05814,0.00197,0.00035,0.93954
70.70000,1.02194,0.04947,0.00066,0.00033,0.94954
70.84000,1.02194,0.06789,0.00040,0.00264,0.92907
70.98000,1.02193,0.04205,0.00521,0.00052,0.95222
71.12000,1.02193,0.05036,0.01436,0.00038,0.93490
71.26000,1.02193,0.03879,0.00484,0.00026,0.95611
71.40000,1.02193,0.04694,0.01061,0.00056,0.94188
71.54000,1.02193,0.06892,0.01331,0.00045,0.91732
71.68000,1.02193,0.04058,0.00605,0.00027,0.95310
71.82000,1.02193,0.04403,0.00575,0.00038,0.94984
71.96000,1.02194,0.06326,0.01314,0.00056,0.92304
72.10000,1.02194,0.04786,0.00719,0.00063,0.94432
72.24000,1.02194,0.05294,0.00669,0.00063,0.93974
72.38000,1.02194,0.04796,0.00377,0.00065,0.94762
72.52000,1.02194,0.06496,0.00776,0.00069,0.92658
72.66000,1.02193,0.07819,0.01091,0.00130,0.90960
72.80000,1.02193,0.11638,0.02087,0.00116,0.86160
72.94000,1.02193,0.08783,0.00762,0.00051,0.90404
73.08000,1.02193,0.12246,0.04813,0.00269,0.82672
73.22000,1.02193,0.11687,0.11865,0.00121,0.76327
73.36000,1.02193,0.09349,0.07511,0.00064,0.83075
73.50000,1.02193,0.07996,0.03826,0.00080,0.88099
73.64000,1.02193,0.08659,0.04576,0.00068,0.86697
73.78000,1.02194,0.05096,0.01416,0.00033,0.93456
73.92000,1.02194,0.06867,0.04146,0.00080,0.88907
74.06000,1.02194,0.08971,0.05199,0.00121,0.85710
74.20000,1.02194,0.07537,0.03176,0.00113,0.89173
74.34000,1.02194,0.05855,0.02654,0.00049,0.91442
74.48000,1.02193,0.04621,0.00679,0.00054,0.94646
74.62000,1.02193,0.05049,0.02103,0.00054,0.92794
74.76000,1.02193,0.04177,0.01027,0.00046,0.94750
74.90000,1.02193,0.03427,0.00219,0.00039,0.96315
75.04000,1.02193,0.04489,0.00804,0.00034,0.94673
75.18000,1.02193,0.03763,0.00532,0.00038,0.95667
75.32000,1.02193,0.04228,0.00693,0.00027,0.95052
75.46000,1.02194,0.02655,0.00307,0.00015,0.97022
75.60000,1.02194,0.03546,0.00260,0.00043,0.96152
75.74000,1.02194,0.04206,0.00834,0.00036,0.94924
75.88000,1.02194,0.03843,0.00398,0.00031,0.95728
76.02000,1.02194,0.03042,0.00170,0.00022,0.96765
76.16000,1.02193,0.04743,0.01065,0.00056,0.94136
76.30000,1.02193,0.04481,0.00712,0.00048,0.94759
76.44000,1.02193,0.04170,0.00729,0.00028,0.95073
76.58000,1.02193,0.03575,0.00488,0.00024,0.95913
76.72000,1.02193,0.04681,0.00849,0.00037,0.94433
76.86000,1.02193,0.05698,0.01356,0.00046,0.92900
77.00000,1.02193,0.03976,0.00823,0.00025,0.95176
77.14000,1.02193,0.05239,0.00729,0.00056,0.93977
77.28000,1.02194,0.04139,0.00617,0.00034,0.95210
77.42000,1.02194,0.04865,0.00737,0.00027,0.94372
77.56000,1.02194,0.06151,0.02006,0.00056,0.91787
77.70000,1.02194,0.06323,0.00932,0.00038,0.92707
77.84000,1.02194,0.03890,0.00345,0.00043,0.95722
77.98000,1.02193,0.03799,0.00129,0.00021,0.96051
78.12000,1.02193,0.07817,0.01132,0.00091,0.90960
78.26000,1.02193,0.08992,0.01404,0.00058,0.89546
78.40000,1.02193,0.06011,0.00540,0.00052,0.93396
78.54000,1.02193,0.08963,0.01959,0.00103,0.88974
78.68000,1.02193,0.09692,0.06524,0.00063,0.83722
78.82000,1.02193,0.08738,0.03007,0.00068,0.88187
78.96000,1.02194,0.09524,0.04240,0.00069,0.86166
79.10000,1.02194,0.07530,0.02660,0.00058,0.89751
79.24000,1.02194,0.11753,0.04761,0.00138,0.83348
79.38000,1.02194,0.09658,0.04151,0.00085,0.86106
79.52000,1.02194,0.08189,0.03780,0.00058,0.87973
79.66000,1.02193,0.07213,0.02141,0.00057,0.90589
79.80000,1.02193,0.06855,0.01454,0.00050,0.91641
79.94000,1.02193,0.04892,0.01108,0.00037,0.93962
80.08000,1.02193,0.07159,0.01892,0.00070,0.90879
80.22000,1.02193,0.11216,0.04100,0.00072,0.84612
80.36000,1.02193,0.11269,0.03767,0.00080,0.84884
80.50000,1.02193,0.11001,0.05920,0.00069,0.83010
80.64000,1.02193,0.21312,0.03386,0.00127,0.75175
80.78000,1.02194,0.14218,0.14960,0.00123,0.70698
80.92000,1.02194,0.11216,0.13234,0.00108,0.75442
81.06000,1.02194,0.09626,0.08827,0.00092,0.81455
81.20000,1.02194,0.08727,0.04473,0.00059,0.86742
81.34000,1.02194,0.06320,0.01331,0.00051,0.92298
81.48000,1.02193,0.04076,0.00373,0.00018,0.95533
81.62000,1.02193,0.03936,0.00315,0.00018,0.95732
81.76000,1.02193,0.04434,0.00229,0.00021,0.95317
81.90000,1.02193,0.04117,0.00153,0.00039,0.95691
82.04000,1.02193,0.03708,0.00067,0.00036,0.96189
82.18000,1.02193,0.03727,0.00235,0.00017,0.96021
82.32000,1.02193,0.03403,0.00182,0.00030,0.96385
82.46000,1.02194,0.05681,0.01484,0.00058,0.92778
82.60000,1.02194,0.05412,0.00828,0.00057,0.93704
82.74000,1.02194,0.04919,0.00877,0.00028,0.94175
82.88000,1.02194,0.06479,0.01765,0.00086,0.91670
83.02000,1.02194,0.09691,0.04539,0.00114,0.85656
83.16000,1.02193,0.05917,0.02339,0.00048,0.91696
83.30000,1.02193,0.04381,0.00717,0.00039,0.94863
83.44000,1.02193,0.04919,0.00920,0.00027,0.94133
83.58000,1.02193,0.06754,0.01624,0.00049,0.91572
83.72000,1.02193,0.05466,0.01164,0.00042,0.93327
83.86000,1.02193,0.09076,0.02765,0.00090,0.88070
84.00000,1.02193,0.11993,0.09066,0.00134,0.78808
84.14000,1.02193,0.14174,0.19369,0.00233,0.66224
84.28000,1.02194,0.13725,0.34771,0.00313,0.51191
84.42000,1.02194,0.09239,0.72090,0.00187,0.18485
84.56000,1.02194,0.09616,0.68276,0.00186,0.21922
84.70000,1.02194,0.11919,0.48043,0.00162,0.39876
84.84000,1.02194,0.10262,0.41639,0.00208,0.47891
84.98000,1.02193,0.10628,0.11754,0.00171,0.77447
85.12000,1.02193,0.10378,0.15171,0.00077,0.74374
85.26000,1.02193,0.07299,0.03013,0.00063,0.89624
85.40000,1.02193,0.07183,0.03620,0.00063,0.89134
85.54000,1.02193,0.05505,0.01523,0.00051,0.92921
85.68000,1.02193,0.05656,0.00999,0.00061,0.93284
85.82000,1.02193,0.06485,0.02776,0.00058,0.90681
85.96000,1.02194,0.06796,0.02103,0.00068,0.91033
86.10000,1.02194,0.05543,0.01579,0.00047,0.92831
86.24000,1.02194,0.05647,0.01761,0.00043,0.92548
86.38000,1.02194,0.05801,0.01200,0.00049,0.92950
86.52000,1.02194,0.07242,0.01915,0.00049,0.90795
86.66000,1.02193,0.07306,0.02228,0.00065,0.90402
86.80000,1.02193,0.08047,0.02749,0.00069,0.89135
86.94000,1.02193,0.16049,0.12308,0.00121,0.71522
87.08000,1.02193,0.12060,0.08498,0.00156,0.79286
87.22000,1.02193,0.14508,0.07550,0.00110,0.77832
87.36000,1.02193,0.11031,0.11260,0.00092,0.77617
87.50000,1.02193,0.11829,0.10102,0.00092,0.77977
87.64000,1.02193,0.10996,0.11510,0.00093,0.77400
87.78000,1.02194,0.11460,0.08324,0.00103,0.80114
87.92000,1.02194,0.16694,0.11498,0.00143,0.71665
88.06000,1.02194,0.14008,0.13196,0.00123,0.72673
88.20000,1.02194,0.10869,0.06085,0.00102,0.82944
88.34000,1.02194,0.11556,0.04397,0.00084,0.83962
88.48000,1.02193,0.10342,0.06976,0.00058,0.82623
88.62000,1.02193,0.14072,0.06075,0.00104,0.79749
88.76000,1.02193,0.10128,0.05302,0.00073,0.84498
88.90000,1.02193,0.06629,0.02151,0.00039,0.91180
89.04000,1.02193,0.05413,0.00958,0.00048,0.93581
89.18000,1.02193,0.10742,0.03160,0.00068,0.86029
89.32000,1.02193,0.08471,0.06254,0.00077,0.85198
89.46000,1.02194,0.07210,0.02731,0.00064,0.89995
89.60000,1.02194,0.05547,0.01990,0.00047,0.92416
89.74000,1.02194,0.07176,0.03238,0.00066,0.89520
89.88000,1.02194,0.11041,0.08552,0.00138,0.80270
90.02000,1.02194,0.07420,0.05179,0.00078,0.87324
90.16000,1.02193,0.06235,0.02745,0.00086,0.90934
90.30000,1.02193,0.08583,0.05663,0.00094,0.85659
90.44000,1.02193,0.07010,0.05166,0.00078,0.87746
90.58000,1.02193,0.05484,0.01975,0.00047,0.92493
90.72000,1.02193,0.05186,0.01583,0.00039,0.93192
90.86000,1.02193,0.06008,0.01625,0.00053,0.92314
91.00000,1.02193,0.06277,0.01803,0.00052,0.91868
91.14000,1.02193,0.07368,0.01726,0.00065,0.90840
91.28000,1.02194,0.07445,0.01550,0.00059,0.90946
91.42000,1.02194,0.10060,0.05328,0.00105,0.84507
91.56000,1.02194,0.14097,0.04922,0.00123,0.80859
91.70000,1.02194,0.10509,0.07044,0.00099,0.82348
91.84000,1.02194,0.09290,0.04578,0.00101,0.86032
91.98000,1.02193,0.08115,0.03648,0.00066,0.88172
92.12000,1.02193,0.07092,0.02120,0.00048,0.90740
92.26000,1.02193,0.06520,0.01658,0.00045,0.91778
92.40000,1.02193,0.06514,0.01951,0.00055,0.91480
92.54000,1.02193,0.05642,0.01300,0.00046,0.93013
92.68000,1.02193,0.07336,0.01396,0.00052,0.91215
92.82000,1.02193,0.05723,0.01654,0.00044,0.92579
92.96000,1.02194,0.06160,0.01784,0.00047,0.92009
93.10000,1.02194,0.06556,0.02152,0.00051,0.91240
93.24000,1.02194,0.06160,0.01855,0.00046,0.91938
93.38000,1.02194,0.06936,0.01728,0.00057,0.91279
93.52000,1.02194,0.07499,0.02363,0.00060,0.90079
93.66000,1.02193,0.07307,0.02891,0.00060,0.89742
93.80000,1.02193,0.07952,0.01680,0.00062,0.90305
93.94000,1.02193,0.05629,0.01258,0.00053,0.93060
94.08000,1.02193,0.04721,0.00922,0.00027,0.94329
94.22000,1.02193,0.05686,0.01070,0.00036,0.93208
94.36000,1.02193,0.08826,0.01946,0.00049,0.89179
94.50000,1.02193,0.14061,0.09981,0.00115,0.75844
94.64000,1.02193,0.08830,0.03595,0.00095,0.87479
94.78000,1.02194,0.08667,0.04517,0.00084,0.86732
94.92000,1.02194,0.09328,0.05753,0.00068,0.84851
95.06000,1.02194,0.09461,0.08494,0.00067,0.81978
95.20000,1.02194,0.06912,0.03533,0.00045,0.89510
95.34000,1.02194,0.04808,0.01170,0.00036,0.93986
95.48000,1.02193,0.05500,0.01292,0.00047,0.93161
95.62000,1.02193,0.06378,0.01694,0.00050,0.91878
95.76000,1.02193,0.08547,0.02058,0.00050,0.89346
95.90000,1.02193,0.05957,0.01147,0.00087,0.92809
96.04000,1.02193,0.07834,0.01234,0.00080,0.90852
96.18000,1.02193,0.04162,0.00513,0.00015,0.95310
96.32000,1.02193,0.04373,0.00368,0.00022,0.95236
96.46000,1.02194,0.04119,0.00340,0.00015,0.95525
96.60000,1.02194,0.03658,0.00189,0.00042,0.96111
96.74000,1.02194,0.03913,0.00088,0.00064,0.95935
96.88000,1.02194,0.06208,0.01336,0.00053,0.92403
97.02000,1.02194,0.05764,0.01279,0.00054,0.92903
97.16000,1.02193,0.07242,0.02453,0.00056,0.90249
97.30000,1.02193,0.07500,0.03108,0.00064,0.89328
97.44000,1.02193,0.10421,0.07589,0.00099,0.81891
97.58000,1.02193,0.09865,0.09347,0.00104,0.80684
97.72000,1.02193,0.08107,0.03991,0.00076,0.87826
97.86000,1.02193,0.10364,0.11338,0.00088,0.78211
98.00000,1.02193,0.13422,0.21306,0.00142,0.65130
98.14000,1.02193,0.13164,0.30192,0.00114,0.56530
98.28000,1.02194,0.11609,0.30744,0.00168,0.57479
98.42000,1.02194,0.08963,0.07805,0.00162,0.83070
98.56000,1.02194,0.11683,0.18892,0.00133,0.69292
98.70000,1.02194,0.12040,0.24685,0.00199,0.63077
98.84000,1.02194,0.13430,0.58552,0.00152,0.27865
98.98000,1.02193,0.18567,0.29812,0.00251,0.51371
99.12000,1.02193,0.21714,0.33794,0.00666,0.43826
99.26000,1.02193,0.12711,0.66456,0.00120,0.20713
99.40000,1.02193,0.15403,0.23601,0.00230,0.60766
99.54000,1.02193,0.14600,0.20577,0.00093,0.64730
99.68000,1.02193,0.13380,0.15606,0.00095,0.70918
99.82000,1.02193,0.09138,0.03845,0.00078,0.86939
99.96000,1.02194,0.08428,0.03570,0.00052,0.87950
100.10000,1.02194,0.05552,0.01419,0.00080,0.92948
100.24000,1.02194,0.09235,0.05008,0.00109,0.85648
100.38000,1.02194,0.05959,0.02331,0.00049,0.91661
100.52000,1.02194,0.06248,0.03376,0.00087,0.90289
100.66000,1.02193,0.08511,0.03774,0.00120,0.87595
100.80000,1.02193,0.08708,0.05996,0.00149,0.85147
100.94000,1.02193,0.07152,0.04748,0.00097,0.88002
101.08000,1.02193,0.05731,0.02584,0.00107,0.91579
101.22000,1.02193,0.05304,0.01770,0.00107,0.92819
101.36000,1.02193,0.05272,0.01565,0.00067,0.93096
101.50000,1.02193,0.08347,0.03015,0.00095,0.88543
101.64000,1.02193,0.05825,0.01381,0.00072,0.92722
101.78000,1.02194,0.05380,0.00808,0.00048,0.93765
101.92000,1.02194,0.04928,0.00624,0.00052,0.94397
102.06000,1.02194,0.04626,0.00482,0.00063,0.94829
102.20000,1.02194,0.07031,0.02150,0.00044,0.90775
102.34000,1.02194,0.05906,0.01000,0.00058,0.93036
102.48000,1.02193,0.06776,0.02320,0.00055,0.90849
102.62000,1.02193,0.07627,0.02339,0.00065,0.89969
102.76000,1.02193,0.09241,0.02605,0.00083,0.88071
102.90000,1.02193,0.08357,0.02553,0.00094,0.88995
103.04000,1.02193,0.08688,0.01522,0.00087,0.89703
103.18000,1.02193,0.06225,0.01727,0.00027,0.92021
103.32000,1.02193,0.07218,0.00677,0.00040,0.92065
103.46000,1.02194,0.06013,0.00725,0.00031,0.93231
103.60000,1.02194,0.03847,0.00572,0.00027,0.95555
103.74000,1.02194,0.04100,0.00545,0.00033,0.95322
103.88000,1.02194,0.04328,0.00527,0.00030,0.95114
104.02000,1.02194,0.03437,0.00324,0.00015,0.96224
104.16000,1.02193,0.04879,0.00501,0.00034,0.94586
104.30000,1.02193,0.06160,0.00720,0.00051,0.93069
104.44000,1.02193,0.03793,0.00467,0.00025,0.95715
104.58000,1.02193,0.05726,0.00717,0.00071,0.93485
104.72000,1.02193,0.08631,0.01465,0.00061,0.89843
104.86000,1.02193,0.04478,0.01202,0.00031,0.94289
105.00000,1.02193,0.04587,0.00730,0.00056,0.94627
105.14000,1.02193,0.05535,0.02371,0.00083,0.92011
105.28000,1.02194,0.04571,0.01448,0.00032,0.93948
105.42000,1.02194,0.04288,0.00614,0.00039,0.95058
105.56000,1.02194,0.05679,0.01014,0.00044,0.93263
105.70000,1.02194,0.06809,0.00426,0.00032,0.92733
105.84000,1.02194,0.03233,0.00213,0.00014,0.96540
105.98000,1.02193,0.04723,0.00335,0.00027,0.94915
106.12000,1.02193,0.04387,0.00603,0.00025,0.94985
106.26000,1.02193,0.03495,0.00240,0.00027,0.96239
106.40000,1.02193,0.06940,0.00356,0.00148,0.92557
106.54000,1.02193,0.06955,0.01659,0.00092,0.91294
106.68000,1.02193,0.05425,0.01506,0.00051,0.93018
106.82000,1.02193,0.05753,0.00864,0.00122,0.93262
106.96000,1.02194,0.07358,0.03164,0.00064,0.89414
107.10000,1.02194,0.09760,0.05643,0.00093,0.84504
107.24000,1.02194,0.11494,0.06313,0.00125,0.82068
107.38000,1.02194,0.08534,0.04682,0.00082,0.86702
107.52000,1.02194,0.10013,0.05728,0.00119,0.84140
107.66000,1.02193,0.13114,0.14539,0.00136,0.72211
107.80000,1.02193,0.11801,0.08965,0.00193,0.79040
107.94000,1.02193,0.09134,0.05211,0.00078,0.85576
108.08000,1.02193,0.08691,0.03420,0.00038,0.87852
108.22000,1.02193,0.06118,0.01533,0.00038,0.92311
108.36000,1.02193,0.06430,0.01709,0.00038,0.91824
108.50000,1.02193,0.04369,0.01042,0.00027,0.94562
108.64000,1.02193,0.05294,0.00674,0.00058,0.93974
108.78000,1.02194,0.05252,0.01237,0.00043,0.93468
108.92000,1.02194,0.05718,0.01267,0.00056,0.92959
109.06000,1.02194,0.05970,0.00812,0.00050,0.93167
109.20000,1.02194,0.06207,0.02278,0.00048,0.91468
109.34000,1.02194,0.05102,0.00922,0.00056,0.93919
109.48000,1.02193,0.05628,0.01010,0.00060,0.93302
109.62000,1.02193,0.03423,0.00498,0.00029,0.96050
109.76000,1.02193,0.04111,0.00287,0.00051,0.95551
109.90000,1.02193,0.05860,0.00734,0.00042,0.93364
110.04000,1.02193,0.04778,0.00867,0.00042,0.94312
110.18000,1.02193,0.05082,0.00518,0.00082,0.94319
110.32000,1.02193,0.05360,0.00918,0.00079,0.93642
110.46000,1.02194,0.05859,0.01215,0.00065,0.92861
110.60000,1.02194,0.05324,0.00829,0.00076,0.93771
110.74000,1.02194,0.05553,0.01355,0.00039,0.93053
110.88000,1.02194,0.07143,0.01703,0.00067,0.91087
111.02000,1.02194,0.05099,0.00620,0.00055,0.94226
111.16000,1.02193,0.04488,0.01106,0.00027,0.94379
111.30000,1.02193,0.03447,0.00389,0.00036,0.96129
111.44000,1.02193,0.05078,0.00434,0.00022,0.94467
111.58000,1.02193,0.04292,0.00775,0.00034,0.94899
111.72000,1.02193,0.03231,0.00160,0.00029,0.96580
111.86000,1.02193,0.05903,0.00344,0.00048,0.93705
112.00000,1.02193,0.02923,0.00150,0.00019,0.96909
112.14000,1.02193,0.07123,0.00367,0.00061,0.92449
112.28000,1.02194,0.07887,0.01540,0.00111,0.90462
112.42000,1.02194,0.07688,0.02063,0.00076,0.90173
112.56000,1.02194,0.07226,0.00354,0.00095,0.92325
112.70000,1.02194,0.08215,0.04471,0.00084,0.87230
112.84000,1.02194,0.07720,0.01919,0.00065,0.90297
112.98000,1.02193,0.06196,0.02218,0.00043,0.91543
113.12000,1.02193,0.05534,0.01206,0.00043,0.93218
113.26000,1.02193,0.05453,0.00964,0.00046,0.93538
113.40000,1.02193,0.04825,0.00918,0.00036,0.94221
113.54000,1.02193,0.05861,0.00924,0.00045,0.93170
113.68000,1.02193,0.08418,0.02247,0.00069,0.89266
113.82000,1.02193,0.19388,0.11608,0.00115,0.68889
113.96000,1.02194,0.21271,0.17026,0.00111,0.61592
114.10000,1.02194,0.15415,0.10079,0.00138,0.74367
114.24000,1.02194,0.27360,0.09529,0.00091,0.63020
114.38000,1.02194,0.16717,0.37069,0.00108,0.46107
114.52000,1.02194,0.17265,0.30623,0.00137,0.51975
114.66000,1.02193,0.13018,0.15098,0.00111,0.71773
114.80000,1.02193,0.09673,0.06708,0.00082,0.83536
114.94000,1.02193,0.11648,0.02744,0.00067,0.85541
115.08000,1.02193,0.08702,0.05378,0.00065,0.85855
115.22000,1.02193,0.05684,0.01292,0.00045,0.92980
115.36000,1.02193,0.05390,0.01124,0.00033,0.93453
115.50000,1.02193,0.05650,0.01644,0.00053,0.92653
115.64000,1.02193,0.05702,0.00983,0.00041,0.93274
115.78000,1.02194,0.05243,0.00924,0.00046,0.93787
115.92000,1.02194,0.05073,0.01371,0.00051,0.93504
116.06000,1.02194,0.04957,0.00614,0.00045,0.94384
116.20000,1.02194,0.06077,0.01405,0.00043,0.92475
116.34000,1.02194,0.05118,0.00581,0.00044,0.94257
116.48000,1.02193,0.05948,0.00419,0.00060,0.93573
116.62000,1.02193,0.04387,0.00392,0.00033,0.95188
116.76000,1.02193,0.08404,0.00842,0.00087,0.90667
116.90000,1.02193,0.06751,0.00833,0.00036,0.92379
117.04000,1.02193,0.06436,0.01379,0.00065,0.92120
117.18000,1.02193,0.11210,0.03017,0.00114,0.85659
117.32000,1.02193,0.10953,0.08150,0.00093,0.80804
117.46000,1.02194,0.10554,0.06974,0.00099,0.82373
117.60000,1.02194,0.10213,0.06516,0.00096,0.83175
117.74000,1.02194,0.09572,0.05429,0.00085,0.84914
117.88000,1.02194,0.07312,0.02938,0.00054,0.89696
118.02000,1.02194,0.08929,0.03853,0.00065,0.87153
118.16000,1.02193,0.08452,0.03020,0.00074,0.88454
118.30000,1.02193,0.06744,0.02537,0.00059,0.90660
118.44000,1.02193,0.07336,0.02137,0.00065,0.90461
118.58000,1.02193,0.07076,0.02264,0.00070,0.90590
118.72000,1.02193,0.12614,0.05018,0.00115,0.82253
118.86000,1.02193,0.21148,0.18362,0.00135,0.60355
119.00000,1.02193,0.23615,0.46512,0.00104,0.29770
119.14000,1.02193,0.18136,0.50611,0.00135,0.31118
119.28000,1.02194,0.17321,0.42717,0.00139,0.39823
119.42000,1.02194,0.20795,0.30680,0.00134,0.48391
119.56000,1.02194,0.15837,0.32098,0.00093,0.51972
119.70000,1.02194,0.12009,0.08398,0.00090,0.79503
119.84000,1.02194,0.07420,0.02974,0.00048,0.89558
119.98000,1.02193,0.04676,0.00627,0.00036,0.94660
120.12000,1.02193,0.05114,0.00545,0.00048,0.94293
120.26000,1.02193,0.06061,0.00829,0.00050,0.93061
120.40000,1.02193,0.09509,0.01319,0.00086,0.89087
120.54000,1.02193,0.08804,0.00895,0.00051,0.90250
120.68000,1.02193,0.08130,0.01863,0.00118,0.89889
120.82000,1.02193,0.11528,0.06725,0.00118,0.81629
120.96000,1.02194,0.12324,0.07094,0.00123,0.80459
121.10000,1.02194,0.10224,0.03856,0.00097,0.85822
121.24000,1.02194,0.09071,0.04211,0.00096,0.86622
121.38000,1.02194,0.14280,0.09207,0.00115,0.76398
121.52000,1.02194,0.12980,0.09173,0.00150,0.77698
121.66000,1.02193,0.11681,0.05655,0.00100,0.82564
121.80000,1.02193,0.12873,0.10286,0.00174,0.76666
121.94000,1.02193,0.13121,0.14385,0.00161,0.72333
122.08000,1.02193,0.15423,0.19764,0.00201,0.64613
122.22000,1.02193,0.09213,0.08303,0.00115,0.82369
122.36000,1.02193,0.10681,0.07890,0.00092,0.81336
122.50000,1.02193,0.08363,0.08609,0.00099,0.82929
122.64000,1.02193,0.09488,0.08441,0.00109,0.81962
122.78000,1.02194,0.11088,0.09259,0.00131,0.79522
122.92000,1.02194,0.07274,0.01726,0.00110,0.90890
123.06000,1.02194,0.06646,0.00758,0.00066,0.92530
123.20000,1.02194,0.05141,0.00428,0.00022,0.94409
123.34000,1.02194,0.07506,0.01211,0.00053,0.91230
123.48000,1.02193,0.06373,0.01256,0.00040,0.92331
123.62000,1.02193,0.04478,0.00455,0.00036,0.95031
123.76000,1.02193,0.08460,0.02939,0.00109,0.88492
123.90000,1.02193,0.09645,0.05662,0.00111,0.84582
124.04000,1.02193,0.06107,0.01882,0.00051,0.91960
124.18000,1.02193,0.04328,0.00978,0.00035,0.94659
124.32000,1.02193,0.04831,0.01015,0.00038,0.94116
124.46000,1.02194,0.06559,0.01629,0.00044,0.91767
124.60000,1.02194,0.04997,0.00838,0.00031,0.94134
124.74000,1.02194,0.04145,0.00335,0.00031,0.95488
124.88000,1.02194,0.05494,0.01038,0.00038,0.93431
125.02000,1.02194,0.05827,0.01076,0.00039,0.93058
125.16000,1.02193,0.06046,0.00906,0.00036,0.93012
125.30000,1.02193,0.05471,0.01167,0.00040,0.93322
125.44000,1.02193,0.05922,0.01386,0.00050,0.92642
125.58000,1.02193,0.10068,0.01700,0.00086,0.88146
125.72000,1.02193,0.09032,0.04530,0.00099,0.86338
125.86000,1.02193,0.13584,0.13413,0.00144,0.72858
126.00000,1.02193,0.15890,0.30968,0.00161,0.52981
126.14000,1.02193,0.11013,0.10176,0.00193,0.78618
126.28000,1.02194,0.09711,0.07042,0.00083,0.83163
126.42000,1.02194,0.10982,0.13769,0.00097,0.75152
126.56000,1.02194,0.10604,0.08143,0.00079,0.81173
126.70000,1.02194,0.10303,0.06322,0.00116,0.83260
126.84000,1.02194,0.08781,0.03388,0.00077,0.87753
126.98000,1.02193,0.15107,0.05336,0.00165,0.79393
127.12000,1.02193,0.11198,0.07833,0.00133,0.80835
127.26000,1.02193,0.09984,0.02469,0.00073,0.87474
127.40000,1.02193,0.13251,0.08955,0.00246,0.77548
127.54000,1.02193,0.19873,0.21230,0.00270,0.58626
127.68000,1.02193,0.21095,0.31879,0.00477,0.46549
127.82000,1.02193,0.26927,0.32733,0.00227,0.40113
127.96000,1.02193,0.16166,0.64215,0.00694,0.18925
128.10001,1.02193,0.10256,0.73634,0.00165,0.15944
128.24001,1.02193,0.12987,0.64868,0.00106,0.22038
128.38000,1.02193,0.18847,0.44848,0.00102,0.36202
128.52000,1.02193,0.18037,0.24111,0.00149,0.57702
128.66000,1.02193,0.14305,0.12938,0.00100,0.72657
128.80000,1.02193,0.13504,0.11265,0.00118,0.75113
128.94000,1.02194,0.28781,0.43949,0.00165,0.27106
129.08000,1.02194,0.14166,0.78060,0.00073,0.07700
129.22000,1.02194,0.11146,0.76659,0.00092,0.12104
129.36000,1.02194,0.17833,0.59388,0.00121,0.22658
129.50000,1.02194,0.19253,0.64127,0.00074,0.16546
129.64000,1.02194,0.06452,0.88810,0.00060,0.04678
129.78000,1.02194,0.10983,0.71140,0.00107,0.17770
129.92000,1.02194,0.14905,0.38903,0.00110,0.46082
130.06000,1.02194,0.15248,0.20401,0.00109,0.64242
130.20000,1.02194,0.13357,0.24625,0.00111,0.61907
130.34000,1.02194,0.12676,0.21441,0.00118,0.65766
130.48000,1.02194,0.09927,0.06982,0.00121,0.82970
130.62000,1.02194,0.07075,0.03449,0.00048,0.89428
130.75999,1.02194,0.04916,0.01167,0.00038,0.93879
130.89999,1.02194,0.04975,0.01302,0.00035,0.93689
131.03999,1.02194,0.04484,0.00673,0.00044,0.94799
131.17999,1.02194,0.04978,0.00681,0.00053,0.94288
131.32001,1.02193,0.05159,0.00671,0.00042,0.94128
131.46001,1.02193,0.04690,0.00387,0.00041,0.94881
131.60001,1.02193,0.04558,0.00710,0.00100,0.94631
131.74001,1.02193,0.06432,0.01974,0.00068,0.91526
131.88000,1.02193,0.06079,0.01427,0.00082,0.92412
132.02000,1.02193,0.05976,0.01717,0.00095,0.92212
132.16000,1.02193,0.07382,0.02319,0.00103,0.90196
132.30000,1.02193,0.05793,0.01475,0.00126,0.92606
132.44000,1.02194,0.05740,0.02294,0.00054,0.91912
132.58000,1.02194,0.04240,0.01443,0.00034,0.94283
132.72000,1.02194,0.04226,0.01000,0.00055,0.94720
132.86000,1.02194,0.03304,0.00577,0.00026,0.96093
133.00000,1.02194,0.02800,0.00256,0.00026,0.96917
133.14000,1.02194,0.03226,0.00170,0.00021,0.96584
133.28000,1.02194,0.04867,0.00465,0.00106,0.94563
133.42000,1.02194,0.04774,0.00559,0.00038,0.94629
133.56000,1.02194,0.04892,0.00887,0.00035,0.94186
133.70000,1.02194,0.06310,0.00246,0.00177,0.93267
133.84000,1.02194,0.06270,0.01990,0.00123,0.91617
133.98000,1.02194,0.05780,0.01635,0.00052,0.92533
134.12000,1.02194,0.06518,0.02503,0.00072,0.90907
134.25999,1.02194,0.06868,0.03227,0.00074,0.89831
134.39999,1.02194,0.07071,0.03720,0.00151,0.89057
134.53999,1.02194,0.07336,0.03250,0.00084,0.89329
134.67999,1.02194,0.07295,0.04602,0.00074,0.88028
134.82001,1.02193,0.06696,0.03415,0.00075,0.89813
134.96001,1.02193,0.06263,0.02796,0.00071,0.90870
135.10001,1.02193,0.05726,0.02764,0.00062,0.91447
135.24001,1.02193,0.05938,0.02131,0.00067,0.91865
135.38000,1.02193,0.04961,0.01127,0.00034,0.93877
135.52000,1.02193,0.05544,0.01164,0.00037,0.93255
135.66000,1.02193,0.04844,0.00952,0.00050,0.94154
135.80000,1.02193,0.06743,0.01098,0.00064,0.92095
135.94000,1.02194,0.09635,0.02140,0.00071,0.88153
136.08000,1.02194,0.08221,0.01477,0.00253,0.90049
136.22000,1.02194,0.08238,0.05142,0.00096,0.86525
136.36000,1.02194,0.07072,0.02251,0.00081,0.90596
136.50000,1.02194,0.08633,0.04119,0.00087,0.87161
136.64000,1.02194,0.07364,0.02188,0.00064,0.90385
136.78000,1.02194,0.05454,0.01669,0.00049,0.92828
136.92000,1.02194,0.04500,0.00712,0.00043,0.94744
137.06000,1.02194,0.05441,0.00841,0.00063,0.93655
137.20000,1.02194,0.05216,0.00890,0.00052,0.93842
137.34000,1.02194,0.07159,0.02715,0.00097,0.90029
137.48000,1.02194,0.08312,0.02300,0.00072,0.89317
137.62000,1.02194,0.06501,0.02171,0.00122,0.91206
137.75999,1.02194,0.08310,0.09886,0.00087,0.81717
137.89999,1.02194,0.09770,0.10035,0.00110,0.80086
138.03999,1.02194,0.08067,0.05483,0.00099,0.86350
138.17999,1.02194,0.06932,0.04814,0.00055,0.88199
138.32001,1.02193,0.05176,0.00832,0.00050,0.93942
138.46001,1.02193,0.05720,0.01625,0.00039,0.92616
138.60001,1.02193,0.05498,0.01429,0.00036,0.93037
138.74001,1.02193,0.05557,0.01246,0.00055,0.93141
138.88000,1.02193,0.04638,0.00866,0.00035,0.94461
139.02000,1.02193,0.05527,0.00947,0.00085,0.93441
139.16000,1.02193,0.06142,0.02502,0.00052,0.91305
139.30000,1.02193,0.05921,0.01112,0.00066,0.92901
139.44000,1.02194,0.03681,0.00540,0.00028,0.95752
139.58000,1.02194,0.05087,0.00776,0.00050,0.94087
139.72000,1.02194,0.04437,0.00452,0.00029,0.95082
139.86000,1.02194,0.03991,0.00422,0.00036,0.95551
140.00000,1.02194,0.03896,0.00227,0.00042,0.95836
140.14000,1.02194,0.05765,0.02262,0.00048,0.91924
140.28000,1.02194,0.04335,0.00339,0.00023,0.95303
140.42000,1.02194,0.04141,0.00180,0.00021,0.95659
140.56000,1.02194,0.04119,0.00143,0.00020,0.95718
140.70000,1.02194,0.05894,0.00110,0.00024,0.93972
140.84000,1.02194,0.06055,0.00127,0.00015,0.93803
140.98000,1.02194,0.04908,0.00117,0.00097,0.94878
141.12000,1.02194,0.04661,0.00905,0.00036,0.94398
141.25999,1.02194,0.05102,0.00622,0.00061,0.94215
141.39999,1.02194,0.05593,0.00774,0.00034,0.93598
141.53999,1.02194,0.05671,0.01066,0.00063,0.93200
141.67999,1.02194,0.09312,0.03342,0.00089,0.87258
141.82001,1.02193,0.07634,0.03547,0.00069,0.88750
141.96001,1.02193,0.09571,0.03755,0.00114,0.86560
142.10001,1.02193,0.15008,0.18367,0.00141,0.66483
142.24001,1.02193,0.13650,0.22919,0.00220,0.63211
142.38000,1.02193,0.10798,0.10710,0.00144,0.78348
142.52000,1.02193,0.09318,0.09432,0.00149,0.81101
142.66000,1.02193,0.12091,0.18142,0.00150,0.69617
142.80000,1.02193,0.12526,0.16645,0.00083,0.70746
142.94000,1.02194,0.09923,0.07056,0.00089,0.82932
143.08000,1.02194,0.10136,0.04757,0.00115,0.84992
143.22000,1.02194,0.12204,0.06444,0.00112,0.81240
143.36000,1.02194,0.08433,0.05249,0.00063,0.86255
143.50000,1.02194,0.08497,0.03712,0.00065,0.87726
143.64000,1.02194,0.08282,0.02365,0.00068,0.89286
143.78000,1.02194,0.05368,0.01864,0.00034,0.92735
143.92000,1.02194,0.03432,0.00315,0.00020,0.96233
144.06000,1.02194,0.03387,0.00273,0.00016,0.96324
144.20000,1.02194,0.04479,0.00479,0.00031,0.95010
144.34000,1.02194,0.03321,0.00157,0.00028,0.96493
144.48000,1.02194,0.03383,0.00226,0.00015,0.96376
144.62000,1.02194,0.04014,0.00176,0.00047,0.95763
144.75999,1.02194,0.07303,0.00906,0.00067,0.91724
144.89999,1.02194,0.05311,0.00638,0.00036,0.94015
145.03999,1.02194,0.05241,0.00818,0.00034,0.93906
145.17999,1.02194,0.07435,0.02139,0.00068,0.90358
145.32001,1.02193,0.08671,0.02815,0.00080,0.88434
145.46001,1.02193,0.06931,0.02321,0.00057,0.90690
145.60001,1.02193,0.07738,0.03335,0.00070,0.88856
145.74001,1.02193,0.06886,0.02803,0.00063,0.90247
145.88000,1.02193,0.07035,0.02814,0.00050,0.90101
146.02000,1.02193,0.08109,0.02482,0.00059,0.89349
146.16000,1.02193,0.07308,0.02495,0.00059,0.90137
146.30000,1.02193,0.05901,0.01234,0.00055,0.92810
146.44000,1.02194,0.05214,0.01074,0.00035,0.93677
146.58000,1.02194,0.07300,0.02492,0.00070,0.90137
146.72000,1.02194,0.08452,0.02777,0.00076,0.88695
146.86000,1.02194,0.07449,0.02662,0.00050,0.89839
147.00000,1.02194,0.06626,0.01784,0.00076,0.91515
147.14000,1.02194,0.09579,0.02982,0.00111,0.87328
147.28000,1.02194,0.13775,0.08180,0.00114,0.77931
147.42000,1.02194,0.12097,0.09286,0.00112,0.78506
147.56000,1.02194,0.10533,0.03468,0.00098,0.85901
147.70000,1.02194,0.08345,0.04082,0.00060,0.87513
147.84000,1.02194,0.08633,0.04407,0.00071,0.86889
147.98000,1.02194,0.11963,0.07277,0.00097,0.80664
148.12000,1.02194,0.09397,0.05556,0.00070,0.84977
148.25999,1.02194,0.07524,0.02790,0.00068,0.89618
148.39999,1.02194,0.07372,0.01405,0.00085,0.91138
148.53999,1.02194,0.09431,0.04655,0.00058,0.85857
148.67999,1.02194,0.08105,0.02595,0.00061,0.89240
148.82001,1.02193,0.08959,0.04316,0.00078,0.86648
148.96001,1.02193,0.08587,0.03046,0.00092,0.88276
149.10001,1.02193,0.09826,0.04236,0.00113,0.85826
149.24001,1.02193,0.10241,0.06264,0.00104,0.83390
149.38000,1.02193,0.10832,0.06825,0.00098,0.82245
149.52000,1.02193,0.22364,0.19342,0.00181,0.58113
149.66000,1.02193,0.17165,0.37622,0.00144,0.45070
149.80000,1.02193,0.12858,0.13742,0.00119,0.73280
149.94000,1.02194,0.10654,0.09288,0.00080,0.79978
150.08000,1.02194,0.14078,0.11183,0.00085,0.74654
150.22000,1.02194,0.11820,0.14182,0.00099,0.73900
150.36000,1.02194,0.10066,0.06739,0.00074,0.83121
150.50000,1.02194,0.06817,0.02901,0.00048,0.90234
150.64000,1.02194,0.07382,0.01999,0.00063,0.90556
150.78000,1.02194,0.11096,0.05279,0.00097,0.83527
150.92000,1.02194,0.11896,0.06652,0.00109,0.81343
151.06000,1.02194,0.09420,0.03159,0.00083,0.87338
151.20000,1.02194,0.11195,0.06208,0.00104,0.82494
151.34000,1.02194,0.08995,0.04146,0.00116,0.86743
151.48000,1.02194,0.10248,0.04805,0.00097,0.84849
151.62000,1.02194,0.08670,0.03564,0.00075,0.87691
151.75999,1.02194,0.07038,0.02470,0.00048,0.90444
151.89999,1.02194,0.10531,0.01775,0.00071,0.87623
152.03999,1.02194,0.06728,0.02584,0.00066,0.90622
152.17999,1.02194,0.06981,0.02539,0.00065,0.90414
152.32001,1.02193,0.08222,0.02462,0.00086,0.89230
152.46001,1.02193,0.09054,0.04392,0.00121,0.86434
152.60001,1.02193,0.08382,0.03695,0.00107,0.87817
152.74001,1.02193,0.06671,0.01751,0.00075,0.91502
152.88000,1.02193,0.06556,0.02319,0.00064,0.91061
153.02000,1.02193,0.07627,0.02159,0.00069,0.90145
153.16000,1.02193,0.08076,0.02536,0.00056,0.89332
153.30000,1.02193,0.05776,0.01293,0.00051,0.92880
153.44000,1.02194,0.04664,0.00716,0.00025,0.94596
153.58000,1.02194,0.05280,0.00806,0.00049,0.93865
153.72000,1.02194,0.04784,0.00871,0.00041,0.94304
153.86000,1.02194,0.05079,0.00875,0.00045,0.94001
154.00000,1.02194,0.04766,0.00443,0.00049,0.94741
154.14000,1.02194,0.08525,0.03468,0.00078,0.87930
154.28000,1.02194,0.09564,0.02691,0.00106,0.87639
154.42000,1.02194,0.07875,0.01945,0.00071,0.90109
154.56000,1.02194,0.06351,0.01327,0.00063,0.92258
154.70000,1.02194,0.08436,0.01511,0.00040,0.90014
154.84000,1.02194,0.10920,0.01739,0.00074,0.87266
154.98000,1.02194,0.09006,0.03002,0.00063,0.87929
155.12000,1.02194,0.08115,0.02078,0.00091,0.89716
155.25999,1.02194,0.12212,0.10956,0.00201,0.76632
155.39999,1.02194,0.15149,0.16025,0.00142,0.68685
155.53999,1.02194,0.19236,0.22496,0.00156,0.58112
155.67999,1.02194,0.20874,0.25497,0.00151,0.53478
155.82001,1.02193,0.18316,0.40455,0.00171,0.41058
155.96001,1.02193,0.17085,0.27859,0.00170,0.54885
156.10001,1.02193,0.16816,0.28336,0.00146,0.54702
156.24001,1.02193,0.15991,0.20924,0.00120,0.62965
156.38000,1.02193,0.17860,0.15581,0.00152,0.66407
156.52000,1.02193,0.21913,0.48032,0.00165,0.29890
156.66000,1.02193,0.16152,0.30993,0.00136,0.52720
156.80000,1.02193,0.12061,0.08395,0.00194,0.79350
156.94000,1.02194,0.09499,0.04720,0.00068,0.85712
157.08000,1.02194,0.11322,0.08368,0.00058,0.80252
157.22000,1.02194,0.09854,0.04351,0.00066,0.85729
157.36000,1.02194,0.08391,0.03460,0.00060,0.88089
157.50000,1.02194,0.06881,0.01531,0.00074,0.91514
157.64000,1.02194,0.10928,0.05274,0.00104,0.83694
157.78000,1.02194,0.07638,0.03947,0.00108,0.88307
157.92000,1.02194,0.05972,0.01140,0.00051,0.92837
158.06000,1.02194,0.04662,0.00970,0.00020,0.94347
158.20000,1.02194,0.06341,0.00986,0.00035,0.92637
158.34000,1.02194,0.04909,0.00645,0.00025,0.94421
158.48000,1.02194,0.05711,0.00940,0.00041,0.93309
158.62000,1.02194,0.05895,0.00661,0.00060,0.93384
158.75999,1.02194,0.14776,0.10119,0.00123,0.74982
158.89999,1.02194,0.16703,0.18129,0.00167,0.65001
159.03999,1.02194,0.16040,0.17229,0.00134,0.66597
159.17999,1.02194,0.11174,0.13074,0.00147,0.75605
159.32001,1.02193,0.11389,0.19804,0.00131,0.68676
159.46001,1.02193,0.12117,0.18525,0.00120,0.69238
159.60001,1.02193,0.11708,0.11200,0.00116,0.76975
159.74001,1.02193,0.09250,0.06261,0.00076,0.84413
159.88000,1.02193,0.07445,0.02892,0.00072,0.89591
160.02000,1.02193,0.10096,0.04987,0.00089,0.84827
160.16000,1.02193,0.12453,0.07324,0.00107,0.80116
160.30000,1.02193,0.18336,0.12002,0.00124,0.69538
160.44000,1.02194,0.20923,0.12253,0.00127,0.66697
160.58000,1.02194,0.27308,0.45607,0.00170,0.26914
160.72000,1.02194,0.29916,0.40545,0.00174,0.29364
160.86000,1.02194,0.18254,0.52798,0.00102,0.28846
161.00000,1.02194,0.23743,0.38107,0.00098,0.38052
161.14000,1.02194,0.13072,0.74166,0.00100,0.12661
161.28000,1.02194,0.15982,0.54492,0.00126,0.29399
161.42000,1.02194,0.14762,0.25776,0.00093,0.59370
161.56000,1.02194,0.12660,0.09961,0.00106,0.77273
161.70000,1.02194,0.13241,0.11289,0.00117,0.75353
161.84000,1.02194,0.09616,0.09252,0.00065,0.81067
161.98000,1.02194,0.05201,0.01096,0.00043,0.93661
162.12000,1.02194,0.07904,0.01017,0.00054,0.91025
162.25999,1.02194,0.05925,0.01809,0.00059,0.92207
162.39999,1.02194,0.05073,0.00802,0.00064,0.94061
162.53999,1.02194,0.06241,0.01253,0.00076,0.92430
162.67999,1.02194,0.05862,0.01051,0.00101,0.92985
162.82001,1.02193,0.06322,0.01872,0.00065,0.91740
162.96001,1.02193,0.06367,0.01246,0.00100,0.92287
163.10001,1.02193,0.06112,0.00652,0.00093,0.93144
163.24001,1.02193,0.04405,0.00595,0.00028,0.94971
163.38000,1.02193,0.06560,0.01037,0.00112,0.92290
163.52000,1.02193,0.07388,0.01480,0.00054,0.91078
163.66000,1.02193,0.06728,0.02062,0.00122,0.91088
163.80000,1.02193,0.06768,0.01761,0.00111,0.91360
163.94000,1.02194,0.08509,0.07433,0.00196,0.83862
164.08000,1.02194,0.09239,0.09529,0.00153,0.81079
164.22000,1.02194,0.07787,0.04725,0.00122,0.87366
164.36000,1.02194,0.05561,0.01954,0.00058,0.92427
164.50000,1.02194,0.06087,0.01740,0.00066,0.92107
164.64000,1.02194,0.05507,0.01057,0.00042,0.93393
164.78000,1.02194,0.05910,0.01507,0.00096,0.92486
164.92000,1.02194,0.05199,0.00980,0.00059,0.93761
165.06000,1.02194,0.07092,0.00982,0.00050,0.91875
165.20000,1.02194,0.06715,0.01414,0.00303,0.91569
165.34000,1.02194,0.07220,0.05640,0.00067,0.87073
165.48000,1.02194,0.04309,0.00566,0.00070,0.95055
165.62000,1.02194,0.05584,0.01723,0.00108,0.92585
165.75999,1.02194,0.08268,0.06801,0.00138,0.84793
165.89999,1.02194,0.06412,0.03690,0.00126,0.89773
166.03999,1.02194,0.06048,0.01197,0.00153,0.92602
166.17999,1.02194,0.05929,0.01492,0.00111,0.92468
166.32001,1.02193,0.07497,0.04479,0.00097,0.87927
166.46001,1.02193,0.04777,0.00788,0.00074,0.94362
166.60001,1.02193,0.04660,0.01044,0.00044,0.94253
166.74001,1.02193,0.04951,0.00721,0.00040,0.94288
166.88000,1.02193,0.05693,0.00949,0.00036,0.93321
167.02000,1.02193,0.04797,0.00306,0.00047,0.94849
167.16000,1.02193,0.03609,0.00201,0.00019,0.96172
167.30000,1.02193,0.06716,0.00842,0.00057,0.92385
167.44000,1.02194,0.07631,0.00720,0.00074,0.91575
167.58000,1.02194,0.04738,0.00612,0.00025,0.94625
167.72000,1.02194,0.04915,0.00582,0.00077,0.94427
167.86000,1.02194,0.06885,0.00616,0.00053,0.92446
168.00000,1.02194,0.06240,0.00307,0.00032,0.93422
168.14000,1.02194,0.03365,0.00093,0.00010,0.96532
168.28000,1.02194,0.04946,0.00157,0.00022,0.94875
168.42000,1.02194,0.04721,0.00200,0.00019,0.95060
168.56000,1.02194,0.04475,0.00110,0.00052,0.95362
168.70000,1.02194,0.05297,0.00449,0.00076,0.94177
168.84000,1.02194,0.05655,0.01845,0.00040,0.92459
168.98000,1.02194,0.07059,0.03213,0.00058,0.89670
169.12000,1.02194,0.07845,0.03099,0.00076,0.88980
169.25999,1.02194,0.08602,0.03687,0.00107,0.87604
169.39999,1.02194,0.09348,0.07286,0.00102,0.83264
169.53999,1.02194,0.19163,0.18151,0.00177,0.62509
169.67999,1.02194,0.19408,0.44897,0.00146,0.35549
169.82001,1.02193,0.17728,0.32581,0.00163,0.49529
169.96001,1.02193,0.16324,0.33284,0.00199,0.50193
170.10001,1.02193,0.14474,0.36867,0.00187,0.48472
170.24001,1.02193,0.14913,0.19928,0.00133,0.65027
170.38000,1.02193,0.10874,0.11935,0.00101,0.77090
170.52000,1.02193,0.09026,0.04213,0.00082,0.86679
170.66000,1.02193,0.08304,0.02475,0.00101,0.89120
170.80000,1.02193,0.05322,0.01228,0.00035,0.93415
170.94000,1.02194,0.06153,0.00882,0.00052,0.92913
171.08000,1.02194,0.05778,0.01482,0.00054,0.92686
171.22000,1.02194,0.04915,0.01189,0.00041,0.93855
171.36000,1.02194,0.08309,0.01951,0.00109,0.89631
171.50000,1.02194,0.09015,0.03591,0.00106,0.87289
171.64000,1.02194,0.08386,0.02711,0.00076,0.88827
171.78000,1.02194,0.06314,0.01687,0.00091,0.91909
171.92000,1.02194,0.09204,0.07907,0.00091,0.82797
172.06000,1.02194,0.08124,0.03646,0.00087,0.88143
172.20000,1.02194,0.07553,0.03118,0.00063,0.89266
172.34000,1.02194,0.06455,0.01899,0.00055,0.91590
172.48000,1.02194,0.05852,0.01118,0.00048,0.92983
172.62000,1.02194,0.07509,0.01745,0.00044,0.90702
172.75999,1.02194,0.06026,0.01150,0.00068,0.92755
172.89999,1.02194,0.04740,0.00960,0.00032,0.94269
173.03999,1.02194,0.05851,0.02210,0.00063,0.91877
173.17999,1.02194,0.08495,0.01729,0.00101,0.89674
173.32001,1.02193,0.06872,0.02577,0.00065,0.90486
173.46001,1.02193,0.06402,0.01884,0.00080,0.91634
173.60001,1.02193,0.08278,0.02687,0.00109,0.88926
173.74001,1.02193,0.05694,0.02130,0.00052,0.92125
173.88000,1.02193,0.04471,0.00886,0.00035,0.94609
174.02000,1.02193,0.04964,0.00838,0.00033,0.94165
174.16000,1.02193,0.06104,0.01235,0.00056,0.92605
174.30000,1.02193,0.06107,0.01378,0.00059,0.92456
174.44000,1.02194,0.04722,0.00665,0.00051,0.94561
174.58000,1.02194,0.06248,0.00778,0.00057,0.92917
174.72000,1.02194,0.05200,0.00947,0.00038,0.93814
174.86000,1.02194,0.04818,0.01414,0.00040,0.93728
175.00000,1.02194,0.05143,0.00705,0.00073,0.94078
175.14000,1.02194,0.04336,0.00467,0.00039,0.95158
175.28000,1.02194,0.03911,0.00405,0.00049,0.95634
175.42000,1.02194,0.05514,0.00201,0.00033,0.94252
175.56000,1.02194,0.05969,0.00154,0.00044,0.93833
175.70000,1.02194,0.03965,0.00090,0.00019,0.95926
175.84000,1.02194,0.04778,0.00043,0.00030,0.95148
175.98000,1.02194,0.05540,0.00089,0.00024,0.94347
176.12000,1.02194,0.05147,0.00060,0.00048,0.94746
176.25999,1.02194,0.06339,0.00067,0.00248,0.93346
176.39999,1.02194,0.07433,0.01291,0.00048,0.91228
176.53999,1.02194,0.07134,0.01468,0.00095,0.91303
176.67999,1.02194,0.11372,0.06180,0.00100,0.82349
176.82001,1.02193,0.11524,0.05263,0.00113,0.83100
176.96001,1.02193,0.16772,0.06933,0.00126,0.76170
177.10001,1.02193,0.15402,0.15522,0.00157,0.68920
177.24001,1.02193,0.16261,0.09732,0.00117,0.73889
177.38000,1.02193,0.15399,0.09409,0.00100,0.75092
177.52000,1.02193,0.07597,0.01987,0.00049,0.90367
177.66000,1.02193,0.06385,0.01782,0.00037,0.91796
177.80000,1.02193,0.05588,0.00366,0.00034,0.94011
177.94000,1.02194,0.06468,0.00636,0.00054,0.92843
178.08000,1.02194,0.06100,0.00421,0.00031,0.93447
178.22000,1.02194,0.05627,0.00329,0.00093,0.93950
178.36000,1.02194,0.06730,0.01052,0.00074,0.92145
178.50000,1.02194,0.07655,0.01948,0.00126,0.90271
178.64000,1.02194,0.08765,0.05089,0.00084,0.86062
178.78000,1.02194,0.12878,0.07552,0.00141,0.79429
178.92000,1.02194,0.13757,0.09420,0.00175,0.76648
179.06000,1.02194,0.11695,0.12050,0.00104,0.76151
179.20000,1.02194,0.09061,0.04247,0.00133,0.86560
179.34000,1.02194,0.11766,0.08866,0.00107,0.79260
179.48000,1.02194,0.10212,0.07960,0.00085,0.81743
179.62000,1.02194,0.08319,0.06020,0.00074,0.85587
179.75999,1.02194,0.06870,0.01468,0.00042,0.91620
179.89999,1.02194,0.04793,0.00812,0.00040,0.94355
180.03999,1.02194,0.04561,0.00545,0.00048,0.94846
180.17999,1.02194,0.04400,0.00355,0.00024,0.95222
180.32001,1.02193,0.04880,0.00232,0.00024,0.94863
180.46001,1.02193,0.03198,0.00155,0.00036,0.96612
180.60001,1.02193,0.05504,0.00767,0.00056,0.93672
180.74001,1.02193,0.04845,0.00567,0.00042,0.94547
180.88000,1.02193,0.06810,0.00980,0.00053,0.92157
181.02000,1.02193,0.04208,0.00293,0.00042,0.95456
181.16000,1.02193,0.04163,0.00365,0.00021,0.95452
181.30000,1.02193,0.03189,0.00264,0.00013,0.96535
181.44000,1.02194,0.05114,0.00214,0.00020,0.94653
181.58000,1.02194,0.06407,0.00346,0.00022,0.93225
181.72000,1.02194,0.06720,0.00480,0.00043,0.92756
181.86000,1.02194,0.07927,0.00711,0.00062,0.91300
182.00000,1.02194,0.11108,0.05397,0.00096,0.83400
182.14000,1.02194,0.14219,0.08502,0.00135,0.77144
182.28000,1.02194,0.11534,0.06191,0.00114,0.82161
182.42000,1.02194,0.07659,0.02847,0.00065,0.89429
182.56000,1.02194,0.07550,0.02675,0.00051,0.89724
182.70000,1.02194,0.09501,0.07324,0.00080,0.83094
182.84000,1.02194,0.06566,0.01459,0.00053,0.91922
182.98000,1.02194,0.05160,0.01233,0.00049,0.93558
183.12000,1.02194,0.06024,0.01778,0.00078,0.92120
183.25999,1.02194,0.07587,0.03002,0.00098,0.89313
183.39999,1.02194,0.05355,0.01629,0.00042,0.92973
183.53999,1.02194,0.05807,0.01652,0.00071,0.92471
183.67999,1.02194,0.09817,0.03537,0.00119,0.86528
183.82001,1.02193,0.09993,0.06525,0.00111,0.83372
183.96001,1.02193,0.04841,0.00596,0.00019,0.94545
184.10001,1.02193,0.06513,0.00289,0.00025,0.93173
184.24001,1.02193,0.06331,0.00390,0.00028,0.93251
184.38000,1.02193,0.07501,0.00311,0.00040,0.92149
184.52000,1.02193,0.07942,0.00170,0.00052,0.91837
184.66000,1.02193,0.08456,0.00064,0.00018,0.91462
184.80000,1.02193,0.06325,0.00186,0.00254,0.93234
184.94000,1.02194,0.05296,0.01784,0.00069,0.92851
185.08000,1.02194,0.05634,0.02627,0.00055,0.91684
185.22000,1.02194,0.04221,0.00601,0.00041,0.95137
185.36000,1.02194,0.03807,0.00355,0.00032,0.95806
185.50000,1.02194,0.10012,0.02483,0.00072,0.87433
185.64000,1.02194,0.10118,0.02088,0.00068,0.87726
185.78000,1.02194,0.22294,0.21011,0.00117,0.56577
185.92000,1.02194,0.23039,0.14296,0.00219,0.62447
186.06000,1.02194,0.17764,0.18391,0.00145,0.63700
186.20000,1.02194,0.15244,0.16401,0.00102,0.68253
186.34000,1.02194,0.12463,0.10968,0.00105,0.76464
186.48000,1.02194,0.11246,0.08497,0.00105,0.80152
186.62000,1.02194,0.08498,0.03251,0.00060,0.88191
186.75999,1.02194,0.07294,0.02428,0.00098,0.90180
186.89999,1.02194,0.08300,0.04680,0.00070,0.86950
187.03999,1.02194,0.06729,0.02610,0.00059,0.90602
187.17999,1.02194,0.04996,0.01046,0.00034,0.93924
187.32001,1.02193,0.03821,0.00447,0.00015,0.95717
187.46001,1.02193,0.07564,0.00719,0.00049,0.91668
187.60001,1.02193,0.07453,0.01291,0.00061,0.91195
187.74001,1.02193,0.07433,0.01032,0.00031,0.91505
187.88000,1.02193,0.07184,0.00892,0.00092,0.91833
188.02000,1.02193,0.14018,0.07168,0.00109,0.78705
188.16000,1.02193,0.09981,0.06107,0.00089,0.83824
188.30000,1.02193,0.06636,0.01157,0.00050,0.92157
188.44000,1.02194,0.05325,0.00943,0.00021,0.93712
188.58000,1.02194,0.05020,0.00405,0.00031,0.94544
188.72000,1.02194,0.07574,0.00428,0.00034,0.91964
188.86000,1.02194,0.04406,0.00386,0.00028,0.95179
189.00000,1.02194,0.06690,0.01402,0.00081,0.91827
189.14000,1.02194,0.09234,0.02294,0.00068,0.88405
189.28000,1.02194,0.13735,0.07897,0.00114,0.78253
189.42000,1.02194,0.10910,0.05436,0.00137,0.83517
189.56000,1.02194,0.08379,0.04973,0.00080,0.86567
189.70000,1.02194,0.08350,0.04846,0.00086,0.86717
189.84000,1.02194,0.10967,0.11151,0.00104,0.77778
189.98000,1.02194,0.06990,0.02783,0.00074,0.90154
190.12000,1.02194,0.06008,0.00807,0.00054,0.93131
190.25999,1.02194,0.11521,0.02922,0.00122,0.85434
190.39999,1.02194,0.20403,0.09580,0.00187,0.69830
190.53999,1.02194,0.17018,0.06916,0.00091,0.75974
190.67999,1.02194,0.17949,0.05987,0.00418,0.75645
190.82001,1.02193,0.15698,0.65430,0.00123,0.18749
190.96001,1.02193,0.17741,0.44745,0.00135,0.37379
191.10001,1.02193,0.14801,0.22834,0.00156,0.62210
191.24001,1.02193,0.10459,0.06534,0.00086,0.82921
191.38000,1.02193,0.07481,0.04022,0.00072,0.88425
191.52000,1.02193,0.05219,0.00782,0.00025,0.93974
191.66000,1.02193,0.03493,0.00314,0.00016,0.96176
191.80000,1.02193,0.03405,0.00179,0.00027,0.96388
191.94000,1.02194,0.03694,0.00240,0.00023,0.96043
192.08000,1.02194,0.05752,0.00670,0.00056,0.93523
192.22000,1.02194,0.09863,0.01509,0.00111,0.88517
192.36000,1.02194,0.07374,0.02751,0.00058,0.89817
192.50000,1.02194,0.06326,0.01298,0.00070,0.92306
192.64000,1.02194,0.07653,0.02241,0.00060,0.90046
192.78000,1.02194,0.19779,0.05027,0.00108,0.75086
192.92000,1.02194,0.26900,0.16613,0.00148,0.56339
193.06000,1.02194,0.26899,0.27845,0.00106,0.45151
193.20000,1.02194,0.20338,0.29937,0.00245,0.49481
193.34000,1.02194,0.15886,0.62464,0.00125,0.21525
193.48000,1.02194,0.12425,0.66047,0.00150,0.21379
193.62000,1.02194,0.14540,0.39943,0.00112,0.45405
193.75999,1.02194,0.13806,0.17313,0.00154,0.68727
193.89999,1.02194,0.08935,0.04994,0.00078,0.85993
194.03999,1.02194,0.12511,0.07983,0.00129,0.79377
194.17999,1.02194,0.07843,0.01507,0.00129,0.90521
194.32001,1.02193,0.08647,0.03772,0.00119,0.87463
194.46001,1.02193,0.10427,0.04407,0.00159,0.85006
194.60001,1.02193,0.16272,0.22617,0.00141,0.60970
194.74001,1.02193,0.16796,0.29403,0.00141,0.53661
194.88000,1.02193,0.17367,0.40178,0.00151,0.42304
195.02000,1.02193,0.16556,0.33503,0.00161,0.49779
195.16000,1.02193,0.17700,0.40500,0.00150,0.41650
195.30000,1.02193,0.18867,0.39388,0.00147,0.41598
195.44000,1.02194,0.13873,0.48522,0.00130,0.37474
195.58000,1.02194,0.13812,0.19812,0.00150,0.66226
195.72000,1.02194,0.11527,0.14592,0.00114,0.73767
195.86000,1.02194,0.09918,0.06127,0.00095,0.83859
196.00000,1.02194,0.07834,0.01795,0.00076,0.90295
196.14000,1.02194,0.06775,0.01607,0.00037,0.91581
196.28000,1.02194,0.05232,0.00647,0.00055,0.94065
196.42000,1.02194,0.06514,0.00448,0.00038,0.93000
196.56000,1.02194,0.04330,0.00388,0.00031,0.95250
196.70000,1.02194,0.05308,0.01327,0.00051,0.93314
196.84000,1.02194,0.06653,0.00890,0.00049,0.92409
196.98000,1.02194,0.04301,0.00535,0.00029,0.95134
197.12000,1.02194,0.06857,0.01563,0.00061,0.91519
197.25999,1.02194,0.11546,0.03482,0.00100,0.84872
197.39999,1.02194,0.11929,0.04591,0.00106,0.83374
197.53999,1.02194,0.15507,0.04487,0.00114,0.79893
197.67999,1.02194,0.16061,0.13985,0.00154,0.69799
197.82001,1.02193,0.17218,0.08177,0.00181,0.74424
197.96001,1.02193,0.18407,0.06443,0.00143,0.75007
198.10001,1.02193,0.13524,0.13802,0.00100,0.72574
198.24001,1.02193,0.22672,0.25348,0.00224,0.51756
198.38000,1.02193,0.12287,0.18657,0.00144,0.68912
198.52000,1.02193,0.12929,0.50884,0.00251,0.35936
198.66000,1.02193,0.11711,0.73444,0.00255,0.14590
198.80000,1.02193,0.07652,0.80695,0.00145,0.11508
198.94000,1.02194,0.07425,0.79434,0.00173,0.12968
199.08000,1.02194,0.09238,0.72192,0.00144,0.18426
199.22000,1.02194,0.09493,0.68256,0.00150,0.22101
199.36000,1.02194,0.12480,0.44365,0.00145,0.43010
199.50000,1.02194,0.10728,0.15890,0.00133,0.73248
199.64000,1.02194,0.09276,0.05581,0.00092,0.85050
199.78000,1.02194,0.06939,0.03466,0.00059,0.89537
199.92000,1.02194,0.06319,0.02026,0.00058,0.91597
200.06000,1.02194,0.04789,0.01071,0.00034,0.94106
200.20000,1.02194,0.03137,0.00239,0.00025,0.96599
200.34000,1.02194,0.03792,0.00457,0.00034,0.95716
200.48000,1.02194,0.05412,0.00537,0.00091,0.93961
200.62000,1.02194,0.04541,0.00524,0.00056,0.94879
200.75999,1.02194,0.11630,0.02703,0.00090,0.85576
200.89999,1.02194,0.11940,0.01661,0.00149,0.86250
201.03999,1.02194,0.08812,0.08217,0.00093,0.82879
201.17999,1.02194,0.06698,0.03491,0.00245,0.89565
201.32001,1.02193,0.08160,0.07375,0.00100,0.84365
201.46001,1.02193,0.07524,0.06317,0.00049,0.86109
201.60001,1.02193,0.07367,0.04216,0.00078,0.88339
201.74001,1.02193,0.06678,0.01812,0.00115,0.91395
201.88000,1.02193,0.07304,0.01927,0.00109,0.90660
202.02000,1.02193,0.09823,0.04155,0.00210,0.85812
202.16000,1.02193,0.10065,0.08601,0.00124,0.81211
202.30000,1.02193,0.13069,0.25313,0.00163,0.61455
202.44000,1.02194,0.09771,0.05741,0.00153,0.84335
202.58000,1.02194,0.08654,0.04538,0.00067,0.86742
202.72000,1.02194,0.05760,0.02051,0.00028,0.92161
202.86000,1.02194,0.06337,0.02283,0.00033,0.91347
203.00000,1.02194,0.05249,0.01038,0.00043,0.93670
203.14000,1.02194,0.04916,0.01045,0.00037,0.94002
203.28000,1.02194,0.04211,0.00491,0.00040,0.95258
203.42000,1.02194,0.07001,0.03749,0.00113,0.89137
203.56000,1.02194,0.07156,0.02561,0.00087,0.90196
203.70000,1.02194,0.05796,0.03006,0.00073,0.91125
203.84000,1.02194,0.03917,0.00835,0.00039,0.95209
203.98000,1.02194,0.04492,0.01346,0.00043,0.94118
204.12000,1.02194,0.04964,0.01085,0.00063,0.93887
204.25999,1.02194,0.04063,0.00426,0.00029,0.95482
204.39999,1.02194,0.03955,0.00440,0.00022,0.95583
204.53999,1.02194,0.03610,0.00269,0.00033,0.96088
204.67999,1.02194,0.04912,0.00997,0.00038,0.94053
204.82001,1.02193,0.06970,0.01338,0.00081,0.91611
204.96001,1.02193,0.05450,0.00679,0.00077,0.93794
205.10001,1.02193,0.05801,0.01877,0.00048,0.92274
205.24001,1.02193,0.04996,0.01260,0.00064,0.93681
205.38000,1.02193,0.07060,0.01947,0.00052,0.90941
205.52000,1.02193,0.05204,0.01854,0.00049,0.92893
205.66000,1.02193,0.04385,0.00743,0.00057,0.94815
205.80000,1.02193,0.03478,0.00356,0.00019,0.96147
205.94000,1.02194,0.03160,0.00202,0.00019,0.96619
206.08000,1.02194,0.03954,0.00229,0.00035,0.95782
206.22000,1.02194,0.06320,0.00527,0.00034,0.93119
206.36000,1.02194,0.06143,0.00498,0.00050,0.93308
206.50000,1.02194,0.10237,0.03861,0.00179,0.85722
206.64000,1.02194,0.13606,0.17668,0.00141,0.68585
206.78000,1.02194,0.12792,0.59382,0.00303,0.27523
206.92000,1.02194,0.11558,0.70794,0.00148,0.17501
207.06000,1.02194,0.03735,0.93544,0.00116,0.02606
207.20000,1.02194,0.11395,0.68466,0.00912,0.19228
207.34000,1.02194,0.08764,0.71572,0.00141,0.19523
207.48000,1.02194,0.10931,0.63406,0.00110,0.25553
207.62000,1.02194,0.14590,0.33506,0.00095,0.51808
207.75999,1.02194,0.12574,0.10646,0.00099,0.76681
207.89999,1.02194,0.06147,0.01908,0.00042,0.91903
208.03999,1.02194,0.05448,0.00337,0.00038,0.94177
208.17999,1.02194,0.06463,0.00358,0.00028,0.93152
208.32001,1.02193,0.04506,0.00333,0.00032,0.95129
208.46001,1.02193,0.03966,0.00303,0.00040,0.95690
208.60001,1.02193,0.05223,0.00577,0.00048,0.94152
208.74001,1.02193,0.04664,0.00467,0.00059,0.94810
208.88000,1.02193,0.05677,0.01737,0.00047,0.92539
209.02000,1.02193,0.04606,0.01444,0.00034,0.93916
209.16000,1.02193,0.04483,0.01084,0.00034,0.94399
209.30000,1.02193,0.05397,0.01044,0.00036,0.93523
209.44000,1.02194,0.03468,0.00395,0.00021,0.96116
209.58000,1.02194,0.03395,0.00221,0.00029,0.96355
209.72000,1.02194,0.03788,0.00163,0.00019,0.96030
209.86000,1.02194,0.05146,0.00194,0.00055,0.94606
210.00000,1.02194,0.11228,0.00874,0.00075,0.87824
210.14000,1.02194,0.18156,0.01968,0.00073,0.79804
210.28000,1.02194,0.17546,0.02474,0.00129,0.79851
210.42000,1.02194,0.30154,0.31444,0.00152,0.38250
210.56000,1.02194,0.30683,0.36356,0.00157,0.32804
210.70000,1.02194,0.36529,0.20722,0.00148,0.42601
210.84000,1.02194,0.22473,0.43887,0.00120,0.33520
210.98000,1.02194,0.30275,0.38019,0.00160,0.31546
211.12000,1.02194,0.30148,0.28854,0.00154,0.40844
211.25999,1.02194,0.16189,0.59108,0.00143,0.24560
211.39999,1.02194,0.24045,0.35216,0.00219,0.40519
211.53999,1.02194,0.18951,0.34973,0.00139,0.45937
211.67999,1.02194,0.14698,0.60202,0.00133,0.24966
211.82001,1.02193,0.15026,0.60438,0.00165,0.24370
211.96001,1.02193,0.14145,0.56706,0.00144,0.29005
212.10001,1.02193,0.14206,0.21732,0.00108,0.63954
212.24001,1.02193,0.15516,0.45184,0.00116,0.39184
212.38000,1.02193,0.13808,0.11195,0.00140,0.74857
212.52000,1.02193,0.10092,0.02683,0.00068,0.87157
212.66000,1.02193,0.06319,0.01438,0.00020,0.92223
212.80000,1.02193,0.05556,0.00420,0.00035,0.93989
212.94000,1.02194,0.05065,0.00407,0.00024,0.94504
213.08000,1.02194,0.04633,0.00392,0.00049,0.94926
213.22000,1.02194,0.14662,0.05867,0.00172,0.79299
213.36000,1.02194,0.16008,0.29329,0.00123,0.54541
213.50000,1.02194,0.11642,0.18420,0.00255,0.69683
213.64000,1.02194,0.12051,0.11311,0.00079,0.76559
213.78000,1.02194,0.09410,0.15445,0.00081,0.75064
213.92000,1.02194,0.09159,0.12472,0.00056,0.78313
214.06000,1.02194,0.07396,0.05575,0.00055,0.86974
214.20000,1.02194,0.04751,0.01046,0.00034,0.94169
214.34000,1.02194,0.04362,0.00640,0.00027,0.94970
214.48000,1.02194,0.10425,0.03477,0.00086,0.86012
214.62000,1.02194,0.20556,0.10309,0.00102,0.69034
214.75999,1.02194,0.13872,0.10368,0.00080,0.75679
214.89999,1.02194,0.13902,0.16689,0.00189,0.69220
215.03999,1.02194,0.16916,0.27994,0.00230,0.54861
215.17999,1.02194,0.11186,0.53199,0.00108,0.35507
215.32001,1.02193,0.10845,0.15147,0.00139,0.73869
215.46001,1.02193,0.11146,0.25248,0.00130,0.63476
215.60001,1.02193,0.11016,0.37447,0.00172,0.51365
215.74001,1.02193,0.09878,0.11573,0.00175,0.78374
215.88000,1.02193,0.11900,0.15895,0.00166,0.72039
216.02000,1.02193,0.11333,0.17577,0.00138,0.70951
216.16000,1.02193,0.09263,0.08939,0.00087,0.81711
216.30000,1.02193,0.08967,0.07333,0.00072,0.83628
216.44000,1.02194,0.08588,0.04164,0.00096,0.87152
216.58000,1.02194,0.07441,0.03576,0.00056,0.88927
216.72000,1.02194,0.07531,0.02663,0.00059,0.89747
216.86000,1.02194,0.07964,0.02506,0.00090,0.89440
217.00000,1.02194,0.13348,0.07776,0.00096,0.78780
217.14000,1.02194,0.11425,0.10228,0.00106,0.78241
217.28000,1.02194,0.12498,0.09083,0.00109,0.78310
217.42000,1.02194,0.17515,0.09574,0.00123,0.72788
217.56000,1.02194,0.10567,0.08928,0.00113,0.80392
217.70000,1.02194,0.07951,0.06989,0.00072,0.84989
217.84000,1.02194,0.06180,0.02334,0.00044,0.91441
217.98000,1.02194,0.05218,0.01783,0.00040,0.92959
218.12000,1.02194,0.05271,0.01103,0.00044,0.93582
218.25999,1.02194,0.05703,0.00526,0.00048,0.93724
218.39999,1.02194,0.07492,0.01784,0.00100,0.90624
218.53999,1.02194,0.07051,0.01486,0.00079,0.91384
218.67999,1.02194,0.08723,0.03446,0.00111,0.87720
218.82001,1.02193,0.07794,0.01757,0.00119,0.90331
218.96001,1.02193,0.14096,0.13422,0.00109,0.72374
219.10001,1.02193,0.17673,0.12758,0.00138,0.69431
219.24001,1.02193,0.17879,0.13672,0.00160,0.68290
219.38000,1.02193,0.10712,0.05197,0.00093,0.83997
219.52000,1.02193,0.07403,0.01392,0.00051,0.91154
219.66000,1.02193,0.08824,0.02490,0.00035,0.88651
219.80000,1.02193,0.07052,0.01253,0.00044,0.91651
219.94000,1.02194,0.06223,0.00459,0.00038,0.93279
220.08000,1.02194,0.05041,0.00345,0.00031,0.94583
220.22000,1.02194,0.11149,0.02220,0.00112,0.86518
220.36000,1.02194,0.08333,0.02216,0.00106,0.89345
220.50000,1.02194,0.12627,0.09845,0.00146,0.77382
220.64000,1.02194,0.12800,0.06074,0.00155,0.80971
220.78000,1.02194,0.11133,0.06643,0.00103,0.82120
220.92000,1.02194,0.06262,0.00669,0.00025,0.93043
221.06000,1.02194,0.04450,0.00382,0.00022,0.95146
221.20000,1.02194,0.04972,0.00168,0.00021,0.94839
221.34000,1.02194,0.05023,0.00084,0.00039,0.94854
221.48000,1.02194,0.03663,0.00035,0.00022,0.96281
221.62000,1.02194,0.05191,0.00053,0.00029,0.94727
221.75999,1.02194,0.05602,0.00042,0.00077,0.94280
221.89999,1.02194,0.06325,0.01161,0.00051,0.92463
222.03999,1.02194,0.06259,0.00935,0.00055,0.92751
222.17999,1.02194,0.06856,0.01984,0.00057,0.91103
222.32001,1.02193,0.07551,0.01624,0.00065,0.90759
222.46001,1.02193,0.10724,0.03611,0.00077,0.85588
222.60001,1.02193,0.08110,0.03422,0.00070,0.88399
222.74001,1.02193,0.08995,0.01546,0.00044,0.89416
222.88000,1.02193,0.07180,0.03165,0.00069,0.89586
223.02000,1.02193,0.06834,0.02168,0.00072,0.90926
223.16000,1.02193,0.09618,0.04584,0.00077,0.85721
223.30000,1.02193,0.08879,0.01167,0.00070,0.89883
223.44000,1.02194,0.08322,0.00994,0.00061,0.90624
223.58000,1.02194,0.05142,0.00323,0.00018,0.94517
223.72000,1.02194,0.05941,0.00199,0.00041,0.93819
223.86000,1.02194,0.07048,0.00645,0.00040,0.92268
224.00000,1.02194,0.12197,0.03132,0.00161,0.84510
224.14000,1.02194,0.14399,0.02969,0.00255,0.82377
224.28000,1.02194,0.11097,0.09822,0.00238,0.78843
224.42000,1.02194,0.10889,0.18595,0.00231,0.70285
224.56000,1.02194,0.11626,0.21102,0.00136,0.67136
224.70000,1.02194,0.14531,0.30483,0.00157,0.54829
224.84000,1.02194,0.17778,0.18035,0.00133,0.64054
224.98000,1.02194,0.15298,0.11699,0.00115,0.72888
225.12000,1.02194,0.11854,0.05755,0.00144,0.82247
225.25999,1.02194,0.22820,0.23808,0.00161,0.53211
225.39999,1.02194,0.19821,0.44939,0.00153,0.35086
225.53999,1.02194,0.19943,0.21707,0.00160,0.58191
225.67999,1.02194,0.13504,0.15897,0.00107,0.70492
225.82001,1.02193,0.11013,0.05369,0.00084,0.83535
225.96001,1.02193,0.11873,0.04077,0.00070,0.83981
226.10001,1.02193,0.08084,0.04899,0.00062,0.86956
226.24001,1.02193,0.09202,0.04452,0.00109,0.86237
226.38000,1.02193,0.08346,0.04729,0.00112,0.86813
226.52000,1.02193,0.06534,0.01910,0.00083,0.91473
226.66000,1.02193,0.12392,0.05758,0.00111,0.81739
226.80000,1.02193,0.18381,0.18452,0.00188,0.62979
226.94000,1.02194,0.14027,0.24207,0.00118,0.61648
227.08000,1.02194,0.11005,0.13150,0.00107,0.75737
227.22000,1.02194,0.13370,0.08616,0.00123,0.77891
227.36000,1.02194,0.12607,0.21263,0.00112,0.66018
227.50000,1.02194,0.12049,0.24094,0.00141,0.63716
227.64000,1.02194,0.09108,0.06791,0.00121,0.83980
227.78000,1.02194,0.08396,0.03334,0.00085,0.88184
227.92000,1.02194,0.08161,0.10239,0.00080,0.81520
228.06000,1.02194,0.09935,0.11534,0.00121,0.78410
228.20000,1.02194,0.12529,0.14480,0.00164,0.72826
228.34000,1.02194,0.08028,0.01947,0.00182,0.89843
228.48000,1.02194,0.06733,0.01512,0.00134,0.91621
228.62000,1.02194,0.07256,0.02285,0.00046,0.90413
228.75999,1.02194,0.07273,0.02334,0.00060,0.90332
228.89999,1.02194,0.07282,0.01957,0.00038,0.90722
229.03999,1.02194,0.04849,0.00880,0.00050,0.94220
229.17999,1.02194,0.06008,0.01336,0.00072,0.92584
229.32001,1.02193,0.06453,0.01889,0.00056,0.91602
229.46001,1.02193,0.07366,0.03276,0.00062,0.89296
229.60001,1.02193,0.09041,0.03287,0.00081,0.87591
229.74001,1.02193,0.08989,0.04645,0.00104,0.86263
229.88000,1.02193,0.09381,0.05800,0.00113,0.84706
230.02000,1.02193,0.09898,0.04837,0.00213,0.85052
230.16000,1.02193,0.12635,0.16558,0.00197,0.70610
230.30000,1.02193,0.10584,0.20517,0.00147,0.68752
230.44000,1.02194,0.09226,0.08214,0.00130,0.82430
230.58000,1.02194,0.09219,0.06365,0.00121,0.84296
230.72000,1.02194,0.13988,0.18790,0.00207,0.67014
230.86000,1.02194,0.18248,0.19898,0.00227,0.61628
231.00000,1.02194,0.20497,0.30649,0.00213,0.48640
231.14000,1.02194,0.15423,0.30817,0.00324,0.53436
231.28000,1.02194,0.12941,0.28568,0.00150,0.58341
231.42000,1.02194,0.12623,0.30131,0.00103,0.57143
231.56000,1.02194,0.12918,0.23133,0.00091,0.63859
231.70000,1.02194,0.11140,0.14121,0.00083,0.74656
231.84000,1.02194,0.08446,0.05803,0.00064,0.85687
231.98000,1.02194,0.06018,0.01122,0.00047,0.92813
232.12000,1.02194,0.06332,0.01171,0.00042,0.92454
232.25999,1.02194,0.06068,0.01614,0.00059,0.92259
232.39999,1.02194,0.06250,0.01664,0.00049,0.92036
232.53999,1.02194,0.04763,0.00549,0.00057,0.94632
232.67999,1.02194,0.06485,0.01012,0.00105,0.92398
232.82001,1.02193,0.09068,0.03979,0.00067,0.86886
232.96001,1.02193,0.06780,0.03144,0.00070,0.90006
233.10001,1.02193,0.08146,0.02672,0.00071,0.89110
233.24001,1.02193,0.06637,0.02019,0.00071,0.91274
233.38000,1.02193,0.05333,0.02111,0.00033,0.92523
233.52000,1.02193,0.04227,0.00827,0.00025,0.94920
233.66000,1.02193,0.04871,0.00786,0.00037,0.94307
233.80000,1.02193,0.03022,0.00369,0.00016,0.96593
233.94000,1.02194,0.04137,0.00189,0.00035,0.95639
234.08000,1.02194,0.06098,0.00980,0.00057,0.92865
234.22000,1.02194,0.15240,0.04272,0.00133,0.80354
234.36000,1.02194,0.10264,0.02274,0.00139,0.87323
234.50000,1.02194,0.14408,0.15886,0.00212,0.69494
234.64000,1.02194,0.17216,0.35189,0.00176,0.47419
234.78000,1.02194,0.14417,0.29238,0.00142,0.56203
234.92000,1.02194,0.10932,0.08873,0.00116,0.80079
235.06000,1.02194,0.09959,0.07569,0.00064,0.82407
235.20000,1.02194,0.09992,0.07475,0.00086,0.82446
235.34000,1.02194,0.11705,0.07053,0.00093,0.81149
235.48000,1.02194,0.11164,0.05036,0.00083,0.83717
235.62000,1.02194,0.14500,0.06984,0.00128,0.78388
235.75999,1.02194,0.18877,0.05928,0.00190,0.75005
235.89999,1.02194,0.13055,0.06836,0.00102,0.80006
236.03999,1.02194,0.14305,0.14969,0.00126,0.70600
236.17999,1.02194,0.22861,0.38538,0.00141,0.38460
236.32001,1.02193,0.17778,0.11555,0.00092,0.70575
236.46001,1.02193,0.11612,0.03182,0.00121,0.85085
236.60001,1.02193,0.11820,0.01954,0.00045,0.86181
236.74001,1.02193,0.16690,0.01958,0.00094,0.81258
236.88000,1.02193,0.10437,0.04538,0.00079,0.84946
237.02000,1.02193,0.08511,0.02479,0.00093,0.88916
237.16000,1.02193,0.10572,0.03279,0.00120,0.86029
237.30000,1.02193,0.08368,0.03127,0.00072,0.88433
237.44000,1.02194,0.08922,0.03994,0.00070,0.87014
237.58000,1.02194,0.07676,0.04440,0.00057,0.87827
237.72000,1.02194,0.06938,0.01195,0.00071,0.91796
237.86000,1.02194,0.06181,0.01662,0.00041,0.92116
238.00000,1.02194,0.04708,0.00949,0.00053,0.94290
238.14000,1.02194,0.06545,0.01534,0.00052,0.91870
238.28000,1.02194,0.06813,0.02937,0.00090,0.90161
238.42000,1.02194,0.05856,0.01372,0.00078,0.92694
238.56000,1.02194,0.07950,0.01256,0.00074,0.90720
238.70000,1.02194,0.11046,0.04691,0.00175,0.84088
238.84000,1.02194,0.11392,0.04288,0.00118,0.84202
238.98000,1.02194,0.13149,0.08305,0.00165,0.78382
239.12000,1.02194,0.18547,0.21095,0.00238,0.60120
239.25999,1.02194,0.15485,0.16235,0.00156,0.68124
239.39999,1.02194,0.15289,0.18814,0.00119,0.65778
239.53999,1.02194,0.13934,0.12147,0.00140,0.73779
239.67999,1.02194,0.12995,0.16966,0.00118,0.69921
239.82001,1.02193,0.14158,0.16391,0.00145,0.69306
239.96001,1.02193,0.10235,0.05218,0.00147,0.84400
240.10001,1.02193,0.08652,0.02211,0.00059,0.89078
240.24001,1.02193,0.07955,0.04443,0.00078,0.87524
240.38000,1.02193,0.10194,0.02073,0.00129,0.87604
240.52000,1.02193,0.15762,0.07336,0.00178,0.76725
240.66000,1.02193,0.13030,0.02245,0.00139,0.84587
240.80000,1.02193,0.12576,0.03666,0.00159,0.83598
240.94000,1.02194,0.09654,0.04134,0.00093,0.86120
241.08000,1.02194,0.13632,0.11209,0.00130,0.75029
241.22000,1.02194,0.09819,0.06850,0.00092,0.83240
241.36000,1.02194,0.08369,0.05236,0.00092,0.86302
241.50000,1.02194,0.05433,0.01560,0.00076,0.92931
241.64000,1.02194,0.07405,0.03388,0.00058,0.89149
241.78000,1.02194,0.04192,0.00749,0.00035,0.95023
241.92000,1.02194,0.04767,0.00910,0.00039,0.94284
242.06000,1.02194,0.05840,0.01066,0.00079,0.93015
242.20000,1.02194,0.08154,0.01376,0.00088,0.90382
242.34000,1.02194,0.13020,0.04432,0.00151,0.82398
242.48000,1.02194,0.15877,0.09143,0.00202,0.74779
242.62000,1.02194,0.12958,0.09716,0.00216,0.77110
242.75999,1.02194,0.12096,0.15078,0.00100,0.72725
242.89999,1.02194,0.13257,0.12943,0.00113,0.73687
243.03999,1.02194,0.12031,0.18278,0.00124,0.69566
243.17999,1.02194,0.10018,0.07576,0.00109,0.82297
243.32001,1.02193,0.06678,0.02209,0.00067,0.91045
243.46001,1.02193,0.05791,0.02173,0.00039,0.91997
243.60001,1.02193,0.04875,0.01149,0.00036,0.93939
243.74001,1.02193,0.06076,0.01740,0.00048,0.92137
243.88000,1.02193,0.04791,0.01130,0.00035,0.94045
244.02000,1.02193,0.06212,0.00796,0.00065,0.92927
244.16000,1.02193,0.06837,0.02117,0.00064,0.90982
244.30000,1.02193,0.08348,0.03044,0.00069,0.88539
244.44000,1.02194,0.11113,0.05492,0.00096,0.83299
244.58000,1.02194,0.12929,0.04892,0.00143,0.82036
244.72000,1.02194,0.17452,0.10866,0.00112,0.71569
244.86000,1.02194,0.14864,0.07078,0.00115,0.77943
245.00000,1.02194,0.16224,0.02761,0.00109,0.80906
245.14000,1.02194,0.10378,0.02607,0.00072,0.86943
245.28000,1.02194,0.14192,0.07630,0.00102,0.78077
245.42000,1.02194,0.12281,0.00540,0.00127,0.87052
245.56000,1.02194,0.05970,0.00815,0.00034,0.93180
245.70000,1.02194,0.05193,0.00713,0.00142,0.93952
245.84000,1.02194,0.11947,0.16930,0.00155,0.70968
245.98000,1.02194,0.07016,0.04996,0.00116,0.87872
246.12000,1.02194,0.06668,0.01702,0.00132,0.91499
246.25999,1.02194,0.10643,0.15656,0.00142,0.73558
246.39999,1.02194,0.10831,0.14812,0.00174,0.74183
246.53999,1.02194,0.12620,0.32385,0.00210,0.54785
246.67999,1.02194,0.12013,0.30393,0.00231,0.57363
246.82001,1.02193,0.12439,0.29811,0.00264,0.57486
246.96001,1.02193,0.11660,0.26847,0.00186,0.61307
247.10001,1.02193,0.09682,0.12645,0.00125,0.77548
247.24001,1.02193,0.09173,0.04014,0.00053,0.86760
247.38000,1.02193,0.08203,0.02678,0.00056,0.89064
247.52000,1.02193,0.08907,0.01696,0.00076,0.89321
247.66000,1.02193,0.09872,0.01273,0.00090,0.88765
247.80000,1.02193,0.07965,0.00697,0.00028,0.91310
247.94000,1.02194,0.07344,0.01349,0.00327,0.90980
248.08000,1.02194,0.07780,0.13152,0.00139,0.78929
248.22000,1.02194,0.08356,0.08652,0.00111,0.82880
248.36000,1.02194,0.05833,0.01831,0.00092,0.92244
248.50000,1.02194,0.06599,0.04131,0.00107,0.89163
248.64000,1.02194,0.05495,0.01985,0.00083,0.92437
248.78000,1.02194,0.06783,0.01284,0.00156,0.91777
248.92000,1.02194,0.05648,0.01090,0.00168,0.93094
249.06000,1.02194,0.05668,0.00912,0.00166,0.93254
249.20000,1.02194,0.09036,0.04296,0.00108,0.86560
249.34000,1.02194,0.15365,0.22628,0.00246,0.61761
249.48000,1.02194,0.15747,0.10750,0.00124,0.73379
249.62000,1.02194,0.13530,0.19988,0.00311,0.66171
249.75999,1.02194,0.11538,0.11843,0.00289,0.76331
249.89999,1.02194,0.10547,0.15064,0.00103,0.74287
250.03999,1.02194,0.09611,0.07288,0.00089,0.83012
250.17999,1.02194,0.07077,0.01785,0.00060,0.91078
250.32001,1.02193,0.04171,0.00594,0.00023,0.95212
250.46001,1.02193,0.05002,0.00627,0.00096,0.94275
250.60001,1.02193,0.06426,0.02413,0.00063,0.91098
250.74001,1.02193,0.06914,0.03257,0.00057,0.89772
250.88000,1.02193,0.06050,0.01943,0.00085,0.91922
251.02000,1.02193,0.12082,0.15901,0.00139,0.71877
251.16000,1.02193,0.10342,0.17387,0.00187,0.72085
251.30000,1.02193,0.08502,0.09037,0.00151,0.82310
251.44000,1.02194,0.06932,0.06325,0.00158,0.86586
251.58000,1.02194,0.06399,0.04582,0.00065,0.88954
251.72000,1.02194,0.05826,0.03749,0.00119,0.90305
251.86000,1.02194,0.05380,0.01618,0.00058,0.92944
252.00000,1.02194,0.06579,0.01617,0.00084,0.91720
252.14000,1.02194,0.06207,0.01216,0.00061,0.92515
252.28000,1.02194,0.08385,0.03329,0.00118,0.88168
252.42000,1.02194,0.06946,0.02096,0.00083,0.90875
252.56000,1.02194,0.08142,0.03241,0.00057,0.88561
252.70000,1.02194,0.08184,0.02098,0.00078,0.89640
252.84000,1.02194,0.07694,0.02380,0.00057,0.89869
252.98000,1.02194,0.06716,0.02233,0.00064,0.90986
253.12000,1.02194,0.06507,0.01787,0.00072,0.91634
253.25999,1.02194,0.07803,0.03261,0.00069,0.88866
253.39999,1.02194,0.08052,0.03622,0.00068,0.88258
253.53999,1.02194,0.06852,0.02145,0.00074,0.90928
253.67999,1.02194,0.06443,0.00967,0.00048,0.92542
253.82001,1.02193,0.04951,0.00698,0.00022,0.94329
253.96001,1.02193,0.04705,0.00616,0.00036,0.94642
254.10001,1.02193,0.06661,0.01131,0.00043,0.92165
254.24001,1.02193,0.04350,0.00467,0.00038,0.95145
254.38000,1.02193,0.06581,0.01705,0.00071,0.91643
254.52000,1.02193,0.07106,0.02084,0.00091,0.90718
254.66000,1.02193,0.06874,0.02757,0.00068,0.90301
254.80000,1.02193,0.06685,0.01866,0.00083,0.91366
254.94000,1.02194,0.05104,0.01371,0.00054,0.93472
255.08000,1.02193,0.09115,0.07838,0.00110,0.82936
255.22000,1.02194,0.06167,0.01741,0.00069,0.92023
255.36000,1.02193,0.07066,0.02841,0.00064,0.90030
255.50000,1.02194,0.06236,0.01862,0.00181,0.91721
255.64000,1.02193,0.08584,0.05479,0.00126,0.85811
255.78000,1.02194,0.10628,0.11376,0.00184,0.77812
255.92000,1.02193,0.13516,0.12351,0.00331,0.73802
256.06000,1.02194,0.14750,0.17956,0.00122,0.67172
256.20001,1.02191,0.11977,0.49142,0.00363,0.38518
256.34000,1.02194,0.12092,0.26826,0.00635,0.60447
256.48001,1.02191,0.09808,0.41144,0.00122,0.48926
256.62000,1.02194,0.11223,0.19651,0.00147,0.68979
256.76001,1.02194,0.10881,0.15731,0.00121,0.73267
256.89999,1.02194,0.09553,0.13243,0.00100,0.77105
257.04001,1.02194,0.07988,0.04189,0.00150,0.87674
257.17999,1.02194,0.08840,0.04533,0.00084,0.86543
257.32001,1.02194,0.05414,0.01411,0.00033,0.93142
257.45999,1.02194,0.03920,0.00210,0.00021,0.95848
257.60001,1.02194,0.05378,0.00401,0.00022,0.94199
257.73999,1.02194,0.04296,0.00077,0.00015,0.95612
257.88000,1.02194,0.04086,0.00036,0.00027,0.95851
258.01999,1.02194,0.05113,0.00026,0.00011,0.94850
258.16000,1.02194,0.05540,0.00078,0.00176,0.94206
258.29999,1.02194,0.04762,0.00424,0.00025,0.94790
258.44000,1.02194,0.09889,0.00942,0.00071,0.89098
258.57999,1.02194,0.21586,0.05189,0.00086,0.73139
258.72000,1.02194,0.19835,0.07078,0.00119,0.72968
258.85999,1.02194,0.12823,0.04866,0.00261,0.82050
259.00000,1.02194,0.17393,0.13883,0.00090,0.68634
259.14001,1.02191,0.12525,0.05162,0.00094,0.82219
259.28000,1.02194,0.09748,0.01833,0.00073,0.88346
259.42001,1.02191,0.06624,0.00589,0.00062,0.92725
259.56000,1.02194,0.06349,0.00116,0.00132,0.93403
259.70001,1.02191,0.04936,0.00084,0.00017,0.94963
259.84000,1.02194,0.06179,0.00365,0.00176,0.93281
259.98001,1.02191,0.08896,0.01789,0.00116,0.89200
260.12000,1.02194,0.05538,0.01336,0.00043,0.93083
260.26001,1.02194,0.04567,0.00606,0.00028,0.94799
260.39999,1.02194,0.05505,0.00894,0.00054,0.93547
260.54001,1.02194,0.06061,0.00733,0.00044,0.93163
260.67999,1.02194,0.04007,0.00389,0.00021,0.95583
260.82001,1.02194,0.05569,0.00581,0.00063,0.93786
260.95999,1.02194,0.07534,0.00489,0.00041,0.91937
261.10001,1.02194,0.06463,0.00897,0.00070,0.92570
261.23999,1.02194,0.07961,0.02500,0.00086,0.89453
261.38000,1.02194,0.07142,0.02400,0.00059,0.90399
261.51999,1.02194,0.06554,0.01884,0.00058,0.91505
261.66000,1.02194,0.10615,0.04374,0.00087,0.84925
261.79999,1.02194,0.09033,0.05547,0.00083,0.85338
261.94000,1.02194,0.09957,0.05004,0.00090,0.84949
262.07999,1.02194,0.08758,0.03071,0.00064,0.88107
262.22000,1.02194,0.07445,0.03317,0.00058,0.89179
262.35999,1.02194,0.07746,0.02365,0.00060,0.89829
262.50000,1.02194,0.06640,0.02614,0.00057,0.90690
262.64001,1.02191,0.05219,0.00772,0.00049,0.93960
262.78000,1.02194,0.06080,0.00966,0.00048,0.92905
262.92001,1.02191,0.04596,0.00596,0.00036,0.94772
263.06000,1.02194,0.05811,0.00455,0.00033,0.93701
263.20001,1.02191,0.03586,0.00336,0.00027,0.96051
263.34000,1.02194,0.04799,0.00364,0.00061,0.94776
263.48001,1.02191,0.05574,0.01251,0.00056,0.93118
263.62000,1.02194,0.03642,0.00464,0.00027,0.95866
263.76001,1.02194,0.04094,0.00305,0.00045,0.95556
263.89999,1.02194,0.05712,0.02344,0.00054,0.91890
264.04001,1.02194,0.04125,0.00592,0.00039,0.95244
264.17999,1.02194,0.04555,0.00523,0.00041,0.94881
264.32001,1.02194,0.05769,0.01352,0.00042,0.92836
264.45999,1.02194,0.06224,0.01261,0.00054,0.92461
264.60001,1.02194,0.05310,0.01086,0.00051,0.93554
264.73999,1.02194,0.06183,0.01943,0.00058,0.91816
264.88000,1.02194,0.06046,0.01385,0.00052,0.92518
265.01999,1.02194,0.04617,0.00735,0.00031,0.94617
265.16000,1.02194,0.07131,0.00476,0.00056,0.92337
265.29999,1.02194,0.04421,0.00545,0.00047,0.94987
265.44000,1.02194,0.05165,0.00733,0.00051,0.94052
265.57999,1.02194,0.06689,0.01008,0.00070,0.92233
265.72000,1.02194,0.06508,0.02388,0.00085,0.91019
265.85999,1.02194,0.07922,0.03238,0.00101,0.88739
266.00000,1.02194,0.07363,0.03197,0.00063,0.89378
266.14001,1.02191,0.08821,0.03857,0.00093,0.87228
266.28000,1.02194,0.08965,0.03688,0.00098,0.87249
266.42001,1.02191,0.07367,0.03176,0.00080,0.89378
266.56000,1.02194,0.10115,0.07360,0.00095,0.82431
266.70001,1.02191,0.10260,0.07470,0.00102,0.82168
266.84000,1.02194,0.08891,0.05858,0.00067,0.85185
266.98001,1.02191,0.10114,0.05334,0.00114,0.84437
267.12000,1.02194,0.09237,0.03374,0.00065,0.87324
267.26001,1.02194,0.07765,0.03264,0.00090,0.88880
267.39999,1.02194,0.06652,0.02018,0.00059,0.91272
267.54001,1.02194,0.04965,0.01732,0.00052,0.93251
267.67999,1.02194,0.04624,0.00611,0.00063,0.94702
267.82001,1.02194,0.10585,0.04715,0.00188,0.84511
267.95999,1.02194,0.07575,0.02473,0.00116,0.89836
268.10001,1.02194,0.07803,0.02134,0.00094,0.89968
268.23999,1.02194,0.19943,0.13171,0.00271,0.66615
268.38000,1.02194,0.18521,0.49346,0.00143,0.31990
268.51999,1.02194,0.15959,0.56580,0.00131,0.27330
268.66000,1.02194,0.13589,0.64012,0.00288,0.22110
268.79999,1.02194,0.06197,0.90239,0.00083,0.03481
268.94000,1.02194,0.05547,0.88890,0.00091,0.05472
269.07999,1.02194,0.08573,0.73487,0.00166,0.17774
269.22000,1.02194,0.10329,0.49532,0.00127,0.40012
269.35999,1.02194,0.11193,0.65986,0.00156,0.22665
269.50000,1.02194,0.13525,0.37801,0.00146,0.48529
269.64001,1.02191,0.10262,0.13107,0.00134,0.76497
269.78000,1.02194,0.08408,0.03809,0.00128,0.87656
269.92001,1.02191,0.14354,0.43829,0.00137,0.41680
270.06000,1.02194,0.15416,0.45601,0.00140,0.38842
270.20001,1.02191,0.15016,0.23860,0.00107,0.61016
270.34000,1.02194,0.11092,0.13025,0.00126,0.75756
270.48001,1.02191,0.13731,0.15929,0.00136,0.70204
270.62000,1.02194,0.11116,0.11273,0.00120,0.77492
270.76001,1.02194,0.06862,0.01950,0.00042,0.91146
270.89999,1.02194,0.04334,0.00771,0.00026,0.94869
271.04001,1.02194,0.04811,0.00466,0.00049,0.94674
271.17999,1.02194,0.04448,0.00235,0.00027,0.95290
271.32001,1.02194,0.04127,0.00147,0.00034,0.95692
271.45999,1.02194,0.04051,0.00196,0.00022,0.95731
271.60001,1.02194,0.04245,0.00354,0.00048,0.95353
271.73999,1.02194,0.06451,0.00980,0.00043,0.92527
271.88000,1.02194,0.05086,0.00540,0.00050,0.94324
272.01999,1.02194,0.04700,0.00828,0.00065,0.94407
272.16000,1.02194,0.06343,0.01807,0.00050,0.91801
272.29999,1.02194,0.05820,0.01311,0.00062,0.92807
272.44000,1.02194,0.03624,0.00621,0.00026,0.95729
272.57999,1.02194,0.03442,0.00265,0.00020,0.96273
272.72000,1.02194,0.04758,0.00660,0.00030,0.94552
272.85999,1.02194,0.04210,0.00396,0.00026,0.95367
273.00000,1.02194,0.03441,0.00183,0.00023,0.96353
273.14001,1.02191,0.04859,0.00974,0.00029,0.94139
273.28000,1.02194,0.10987,0.03155,0.00069,0.85788
273.42001,1.02191,0.07184,0.02015,0.00052,0.90750
273.56000,1.02194,0.05399,0.01105,0.00042,0.93454
273.70001,1.02191,0.11998,0.04513,0.00162,0.83327
273.84000,1.02194,0.19092,0.39384,0.00217,0.41307
273.98001,1.02191,0.14699,0.66268,0.00125,0.18908
274.12000,1.02194,0.10867,0.76792,0.00310,0.12032
274.26001,1.02194,0.03058,0.95433,0.00058,0.01451
274.39999,1.02194,0.02755,0.95754,0.00072,0.01419
274.54001,1.02194,0.03023,0.94784,0.00073,0.02120
274.67999,1.02194,0.06933,0.81831,0.00080,0.11156
274.82001,1.02194,0.10687,0.61685,0.00141,0.27486
274.95999,1.02194,0.11101,0.38263,0.00107,0.50529
275.10001,1.02194,0.13254,0.36112,0.00150,0.50485
275.23999,1.02194,0.13002,0.43031,0.00232,0.43736
275.38000,1.02194,0.11667,0.60370,0.00230,0.27733
275.51999,1.02194,0.10881,0.70516,0.00443,0.18160
275.66000,1.02194,0.02490,0.96136,0.00095,0.01279
275.79999,1.02194,0.02840,0.94786,0.00168,0.02207
275.94000,1.02194,0.04819,0.88721,0.00152,0.06308
276.07999,1.02194,0.07411,0.78524,0.00095,0.13970
276.22000,1.02194,0.13640,0.33149,0.00111,0.53100
276.35999,1.02194,0.12363,0.16952,0.00094,0.70591
276.50000,1.02194,0.11128,0.08107,0.00109,0.80656
276.64001,1.02191,0.13381,0.04683,0.00131,0.81805
276.78000,1.02194,0.10704,0.02983,0.00077,0.86235
276.92001,1.02191,0.07519,0.03129,0.00090,0.89262
277.06000,1.02194,0.13084,0.06172,0.00135,0.80610
277.20001,1.02191,0.10359,0.07212,0.00126,0.82303
277.34000,1.02194,0.10321,0.12103,0.00099,0.77476
277.48001,1.02191,0.12778,0.15489,0.00145,0.71588
277.62000,1.02194,0.15891,0.22995,0.00176,0.60939
277.76001,1.02194,0.12542,0.16077,0.00224,0.71157
277.89999,1.02194,0.14135,0.14374,0.00217,0.71274
278.04001,1.02194,0.13225,0.44732,0.00171,0.41872
278.17999,1.02194,0.13787,0.28490,0.00179,0.57545
278.32001,1.02194,0.13153,0.21664,0.00146,0.65036
278.45999,1.02194,0.12006,0.14737,0.00117,0.73140
278.60001,1.02194,0.19221,0.28751,0.00174,0.51854
278.73999,1.02194,0.19218,0.47890,0.00121,0.32770
278.88000,1.02194,0.16318,0.21312,0.00175,0.62196
279.01999,1.02194,0.12103,0.11600,0.00108,0.76189
279.16000,1.02194,0.14340,0.11872,0.00084,0.73704
279.29999,1.02194,0.15556,0.28432,0.00120,0.55892
279.44000,1.02194,0.13285,0.13633,0.00121,0.72961
279.57999,1.02194,0.09818,0.05757,0.00094,0.84331
279.72000,1.02194,0.08586,0.05272,0.00066,0.86076
279.85999,1.02194,0.14352,0.08718,0.00139,0.76792
280.00000,1.02194,0.13549,0.08857,0.00134,0.77459
280.14001,1.02191,0.08736,0.05852,0.00067,0.85345
280.28000,1.02194,0.10701,0.06148,0.00085,0.83066
280.42001,1.02191,0.13509,0.06622,0.00138,0.79731
280.56000,1.02194,0.08301,0.05170,0.00067,0.86463
280.70001,1.02191,0.07463,0.02913,0.00072,0.89552
280.84000,1.02194,0.07937,0.01337,0.00045,0.90681
280.98001,1.02191,0.05937,0.01114,0.00035,0.92914
281.12000,1.02194,0.03738,0.00327,0.00018,0.95917
281.26001,1.02194,0.04318,0.00217,0.00020,0.95445
281.39999,1.02194,0.05069,0.00258,0.00024,0.94649
281.54001,1.02194,0.10732,0.00892,0.00071,0.88305
281.67999,1.02194,0.12071,0.00312,0.00095,0.87523
281.82001,1.02194,0.07919,0.00229,0.00059,0.91793
281.95999,1.02194,0.09171,0.00113,0.00018,0.90698
282.10001,1.02194,0.11240,0.00119,0.00036,0.88606
282.23999,1.02194,0.05274,0.00474,0.00021,0.94230
282.38000,1.02194,0.04125,0.00194,0.00035,0.95647
282.51999,1.02194,0.04898,0.00327,0.00040,0.94735
282.66000,1.02194,0.08386,0.00458,0.00050,0.91106
282.79999,1.02194,0.13817,0.00474,0.00108,0.85601
282.94000,1.02194,0.15345,0.00731,0.00083,0.83841
283.07999,1.02194,0.06852,0.02382,0.00059,0.90707
283.22000,1.02194,0.06435,0.01107,0.00053,0.92405
283.35999,1.02194,0.06601,0.01708,0.00042,0.91650
283.50000,1.02194,0.04291,0.00682,0.00028,0.94999
283.64001,1.02191,0.03790,0.00299,0.00022,0.95889
283.78000,1.02194,0.04936,0.00423,0.00035,0.94606
283.92001,1.02191,0.04934,0.00557,0.00045,0.94465
284.06000,1.02194,0.05636,0.00572,0.00036,0.93756
284.20001,1.02191,0.05270,0.00608,0.00037,0.94085
284.34000,1.02194,0.04381,0.00555,0.00022,0.95042
284.48001,1.02191,0.05336,0.00568,0.00033,0.94062
284.62000,1.02194,0.03693,0.00328,0.00021,0.95958
284.76001,1.02194,0.03642,0.00383,0.00017,0.95957
284.89999,1.02194,0.03084,0.00184,0.00024,0.96708
285.04001,1.02194,0.05018,0.00190,0.00025,0.94767
285.17999,1.02194,0.02887,0.00207,0.00021,0.96885
285.32001,1.02194,0.03196,0.00101,0.00021,0.96681
285.45999,1.02194,0.03588,0.00053,0.00011,0.96348
285.60001,1.02194,0.03326,0.00112,0.00023,0.96539
285.73999,1.02194,0.04269,0.00083,0.00015,0.95633
285.88000,1.02194,0.02789,0.00091,0.00015,0.97104
286.01999,1.02194,0.04666,0.00242,0.00067,0.95025
286.16000,1.02194,0.04114,0.00513,0.00033,0.95339
286.29999,1.02194,0.03829,0.00199,0.00018,0.95954
286.44000,1.02194,0.02276,0.00054,0.00013,0.97657
286.57999,1.02194,0.03937,0.00117,0.00016,0.95929
286.72000,1.02194,0.02589,0.00047,0.00010,0.97354
286.85999,1.02194,0.02598,0.00037,0.00014,0.97352
287.00000,1.02194,0.02935,0.00022,0.00002,0.97042
287.14001,1.02191,0.02730,0.00020,0.00027,0.97223
287.28000,1.02194,0.02091,0.00034,0.00011,0.97864
287.42001,1.02191,0.03334,0.00024,0.00014,0.96628
287.56000,1.02194,0.03448,0.00043,0.00018,0.96491
287.70001,1.02191,0.06353,0.00066,0.00012,0.93569
287.84000,1.02194,0.04413,0.00097,0.00066,0.95423
287.98001,1.02191,0.02695,0.00154,0.00014,0.97137
288.12000,1.02194,0.03820,0.00089,0.00086,0.96005
288.26001,1.02194,0.04815,0.00737,0.00045,0.94403
288.39999,1.02194,0.02715,0.00320,0.00020,0.96945
288.54001,1.02194,0.02618,0.00032,0.00030,0.97319
288.67999,1.02194,0.03738,0.00415,0.00021,0.95826
288.82001,1.02194,0.03674,0.00262,0.00024,0.96040
288.95999,1.02194,0.03898,0.00159,0.00034,0.95909
289.10001,1.02194,0.02718,0.00149,0.00015,0.97118
289.23999,1.02194,0.03204,0.00322,0.00023,0.96451
289.38000,1.02194,0.03111,0.00159,0.00017,0.96714
289.51999,1.02194,0.03120,0.00198,0.00015,0.96667
289.66000,1.02194,0.02153,0.00043,0.00013,0.97792
289.79999,1.02194,0.03300,0.00046,0.00010,0.96644
289.94000,1.02194,0.03608,0.00128,0.00040,0.96224
290.07999,1.02194,0.03550,0.00054,0.00026,0.96370
290.22000,1.02194,0.03066,0.00016,0.00007,0.96911
290.35999,1.02194,0.02657,0.00013,0.00028,0.97302
290.50000,1.02194,0.04074,0.00051,0.00012,0.95863
290.64001,1.02191,0.02851,0.00042,0.00027,0.97079
290.78000,1.02194,0.03566,0.00004,0.00080,0.96350
290.92001,1.02191,0.03396,0.00136,0.00018,0.96449
291.06000,1.02194,0.02881,0.00170,0.00019,0.96930
291.20001,1.02191,0.02429,0.00171,0.00010,0.97391
291.34000,1.02194,0.02013,0.00033,0.00012,0.97942
291.48001,1.02191,0.02464,0.00103,0.00008,0.97426
291.62000,1.02194,0.02431,0.00051,0.00009,0.97510
291.76001,1.02194,0.02457,0.00033,0.00011,0.97499
291.89999,1.02194,0.02447,0.00019,0.00008,0.97526
292.04001,1.02194,0.03622,0.00033,0.00011,0.96334
292.17999,1.02194,0.03982,0.00051,0.00010,0.95957
292.32001,1.02194,0.02747,0.00027,0.00041,0.97185
292.45999,1.02194,0.04665,0.00165,0.00057,0.95113
292.60001,1.02194,0.01775,0.00021,0.00002,0.98201
292.73999,1.02194,0.02387,0.00066,0.00012,0.97535
292.88000,1.02194,0.03957,0.00154,0.00019,0.95870
293.01999,1.02194,0.04254,0.00317,0.00038,0.95390
293.16000,1.02194,0.02870,0.00084,0.00022,0.97024
293.29999,1.02194,0.03056,0.00114,0.00015,0.96815
293.44000,1.02194,0.05657,0.00180,0.00021,0.94142
293.57999,1.02194,0.08118,0.00141,0.00031,0.91709
293.72000,1.02194,0.04796,0.00101,0.00011,0.95092
293.85999,1.02194,0.03427,0.00065,0.00027,0.96480
294.00000,1.02194,0.06565,0.00031,0.00020,0.93384
294.14001,1.02191,0.06191,0.00011,0.00084,0.93714
294.28000,1.02194,0.04201,0.00002,0.00026,0.95771
294.42001,1.02191,0.05324,0.00001,0.00133,0.94542
294.56000,1.02194,0.04912,0.00011,0.00080,0.94997
294.70001,1.02191,0.04353,0.00018,0.00052,0.95577
294.84000,1.02194,0.05379,0.00044,0.00088,0.94489
294.98001,1.02191,0.07106,0.00577,0.00047,0.92269
295.12000,1.02194,0.04240,0.00568,0.00027,0.95164
295.26001,1.02194,0.06529,0.00583,0.00044,0.92845
295.39999,1.02194,0.06593,0.00539,0.00045,0.92823
295.54001,1.02194,0.08305,0.00827,0.00051,0.90817
295.67999,1.02194,0.05342,0.00597,0.00066,0.93995
295.82001,1.02194,0.05216,0.00570,0.00031,0.94183
295.95999,1.02194,0.03113,0.00155,0.00012,0.96720
296.10001,1.02194,0.05199,0.00359,0.00025,0.94417
296.23999,1.02194,0.04678,0.00076,0.00013,0.95232
296.38000,1.02194,0.02807,0.00055,0.00013,0.97124
296.51999,1.02194,0.03024,0.00047,0.00025,0.96904
296.66000,1.02194,0.04922,0.00260,0.00029,0.94789
296.79999,1.02194,0.03547,0.00174,0.00045,0.96235
296.94000,1.02194,0.03348,0.00054,0.00067,0.96531
297.07999,1.02194,0.05060,0.00345,0.00051,0.94544
297.22000,1.02194,0.04023,0.00379,0.00044,0.95554
297.35999,1.02194,0.04707,0.00541,0.00040,0.94712
297.50000,1.02194,0.03539,0.00113,0.00041,0.96308
297.64001,1.02191,0.02953,0.00192,0.00017,0.96837
297.78000,1.02194,0.02971,0.00073,0.00022,0.96934
297.92001,1.02191,0.03799,0.00026,0.00008,0.96167
298.06000,1.02194,0.02111,0.00028,0.00005,0.97856
298.20001,1.02191,0.02601,0.00028,0.00020,0.97351
298.34000,1.02194,0.03235,0.00055,0.00008,0.96703
298.48001,1.02191,0.02277,0.00037,0.00010,0.97676
298.62000,1.02194,0.02531,0.00045,0.00020,0.97404
298.76001,1.02194,0.02731,0.00077,0.00009,0.97182
298.89999,1.02194,0.03156,0.00071,0.00017,0.96757
299.04001,1.02194,0.04346,0.00243,0.00027,0.95384
