Time (seconds), Duration (seconds),pred_(unlabeled),pred_brushing_teeth,pred_hair_drying,pred_showering
0.00000,1.05394,0.98522,0.00031,0.00242,0.01205
0.10000,1.05394,0.98041,0.00035,0.00321,0.01603
0.20000,1.05394,0.97142,0.00045,0.00403,0.02410
0.30000,1.05394,0.97438,0.00044,0.00401,0.02117
0.40000,1.05394,0.97655,0.00037,0.00411,0.01897
0.50000,1.05394,0.97852,0.00032,0.00390,0.01726
0.60000,1.05394,0.98171,0.00027,0.00276,0.01526
0.70000,1.05394,0.98078,0.00031,0.00319,0.01572
0.80000,1.05394,0.97997,0.00034,0.00349,0.01621
0.90000,1.05394,0.98189,0.00029,0.00341,0.01441
1.00000,1.05394,0.98325,0.00032,0.00302,0.01341
1.10000,1.05394,0.98539,0.00026,0.00305,0.01130
1.20000,1.05394,0.98605,0.00026,0.00272,0.01097
1.30000,1.05394,0.98484,0.00039,0.00336,0.01141
1.40000,1.05394,0.98511,0.00037,0.00289,0.01163
1.50000,1.05394,0.98688,0.00040,0.00274,0.00998
1.60000,1.05394,0.98854,0.00034,0.00233,0.00879
1.70000,1.05394,0.98828,0.00035,0.00279,0.00858
1.80000,1.05394,0.99074,0.00030,0.00202,0.00695
1.90000,1.05394,0.99029,0.00036,0.00223,0.00712
2.00000,1.05394,0.99099,0.00033,0.00200,0.00667
2.10000,1.05394,0.98850,0.00043,0.00258,0.00849
2.20000,1.05394,0.99058,0.00043,0.00207,0.00692
2.30000,1.05394,0.99028,0.00048,0.00230,0.00694
2.40000,1.05394,0.99208,0.00037,0.00192,0.00563
2.50000,1.05394,0.99228,0.00036,0.00191,0.00545
2.60000,1.05394,0.99310,0.00039,0.00184,0.00467
2.70000,1.05394,0.99287,0.00034,0.00165,0.00515
2.80000,1.05394,0.99265,0.00033,0.00191,0.00511
2.90000,1.05394,0.99368,0.00030,0.00161,0.00441
3.00000,1.05394,0.99519,0.00030,0.00142,0.00309
3.10000,1.05394,0.99531,0.00026,0.00135,0.00307
3.20000,1.05394,0.99488,0.00026,0.00145,0.00341
3.30000,1.05394,0.99408,0.00029,0.00166,0.00397
3.40000,1.05394,0.99227,0.00033,0.00201,0.00538
3.50000,1.05394,0.99189,0.00030,0.00188,0.00593
3.60000,1.05394,0.99224,0.00035,0.00200,0.00541
3.70000,1.05394,0.99257,0.00032,0.00188,0.00522
3.80000,1.05394,0.99226,0.00035,0.00194,0.00545
3.90000,1.05394,0.99082,0.00036,0.00228,0.00655
4.00000,1.05394,0.99075,0.00033,0.00219,0.00673
4.10000,1.05394,0.99159,0.00027,0.00199,0.00614
4.20000,1.05394,0.99120,0.00027,0.00209,0.00644
4.30000,1.05394,0.99335,0.00020,0.00159,0.00486
4.40000,1.05394,0.99363,0.00023,0.00165,0.00450
4.50000,1.05394,0.99188,0.00023,0.00204,0.00585
4.60000,1.05394,0.99129,0.00021,0.00199,0.00651
4.70000,1.05394,0.99044,0.00026,0.00222,0.00708
4.80000,1.05394,0.98876,0.00035,0.00273,0.00815
4.90000,1.05394,0.98893,0.00029,0.00249,0.00830
5.00000,1.05394,0.98775,0.00031,0.00262,0.00932
5.10000,1.05394,0.98705,0.00032,0.00297,0.00967
5.20000,1.05394,0.98804,0.00030,0.00269,0.00897
5.30000,1.05394,0.98712,0.00032,0.00285,0.00971
5.40000,1.05394,0.98681,0.00034,0.00281,0.01004
5.50000,1.05394,0.98783,0.00032,0.00254,0.00931
5.60000,1.05394,0.98796,0.00031,0.00265,0.00908
5.70000,1.05394,0.98824,0.00029,0.00241,0.00905
5.80000,1.05394,0.98787,0.00031,0.00246,0.00936
5.90000,1.05394,0.98851,0.00030,0.00256,0.00863
6.00000,1.05394,0.98995,0.00028,0.00224,0.00754
6.10000,1.05394,0.99073,0.00026,0.00205,0.00696
6.20000,1.05394,0.99012,0.00026,0.00226,0.00736
6.30000,1.05394,0.99186,0.00019,0.00181,0.00614
6.40000,1.05394,0.99122,0.00021,0.00217,0.00639
6.50000,1.05394,0.98877,0.00036,0.00245,0.00843
6.60000,1.05394,0.98363,0.00138,0.00341,0.01158
6.70000,1.05394,0.97277,0.00539,0.00423,0.01762
6.80000,1.05394,0.95104,0.01466,0.00513,0.02917
6.90000,1.05394,0.89402,0.05443,0.00683,0.04473
7.00000,1.05394,0.73716,0.20164,0.00750,0.05370
7.10000,1.05394,0.45412,0.49876,0.00529,0.04182
7.20000,1.05394,0.17960,0.79543,0.00237,0.02260
7.30000,1.05394,0.04778,0.94174,0.00088,0.00960
7.40000,1.05394,0.01334,0.98294,0.00033,0.00339
7.50000,1.05394,0.00616,0.99175,0.00023,0.00186
7.60000,1.05394,0.00551,0.99274,0.00019,0.00157
7.70000,1.05394,0.00506,0.99324,0.00019,0.00151
7.80000,1.05394,0.00471,0.99408,0.00013,0.00109
7.90000,1.05394,0.00430,0.99465,0.00013,0.00092
8.00000,1.05394,0.00449,0.99421,0.00014,0.00115
8.10000,1.05394,0.00493,0.99370,0.00016,0.00121
8.20000,1.05394,0.00420,0.99445,0.00014,0.00121
8.30000,1.05394,0.00499,0.99330,0.00018,0.00154
8.40000,1.05394,0.00420,0.99445,0.00013,0.00121
8.50000,1.05394,0.00511,0.99345,0.00016,0.00128
8.60000,1.05394,0.00377,0.99496,0.00013,0.00113
8.70000,1.05394,0.00417,0.99448,0.00015,0.00121
8.80000,1.05394,0.00360,0.99487,0.00014,0.00140
8.90000,1.05394,0.00415,0.99388,0.00019,0.00178
9.00000,1.05394,0.00340,0.99494,0.00013,0.00153
9.10000,1.05394,0.00414,0.99347,0.00021,0.00219
9.20000,1.05394,0.00371,0.99387,0.00017,0.00225
9.30000,1.05394,0.00470,0.99189,0.00025,0.00316
9.40000,1.05394,0.00451,0.99201,0.00026,0.00322
9.50000,1.05394,0.00433,0.99261,0.00021,0.00285
9.60000,1.05394,0.00463,0.99175,0.00026,0.00337
9.70000,1.05394,0.00446,0.99208,0.00021,0.00326
9.80000,1.05394,0.00446,0.99178,0.00024,0.00351
9.90000,1.05394,0.00515,0.99087,0.00024,0.00374
10.00000,1.05394,0.00438,0.99162,0.00025,0.00376
10.10000,1.05394,0.00425,0.99270,0.00020,0.00285
10.20000,1.05394,0.00434,0.99314,0.00018,0.00233
10.30000,1.05394,0.00426,0.99378,0.00015,0.00181
10.40000,1.05394,0.00397,0.99418,0.00013,0.00172
10.50000,1.05394,0.00413,0.99388,0.00014,0.00185
10.60000,1.05394,0.00417,0.99397,0.00012,0.00175
10.70000,1.05394,0.00418,0.99428,0.00011,0.00143
10.80000,1.05394,0.00395,0.99465,0.00009,0.00131
10.90000,1.05394,0.00453,0.99386,0.00012,0.00149
11.00000,1.05394,0.00511,0.99301,0.00012,0.00176
11.10000,1.05394,0.00542,0.99192,0.00019,0.00247
11.20000,1.05394,0.00581,0.99193,0.00017,0.00210
11.30000,1.05394,0.00560,0.99188,0.00021,0.00231
11.40000,1.05394,0.00832,0.98817,0.00025,0.00326
11.50000,1.05394,0.01310,0.98051,0.00048,0.00591
11.60000,1.05394,0.01553,0.97600,0.00059,0.00787
11.70000,1.05394,0.01888,0.96924,0.00081,0.01107
11.80000,1.05394,0.02455,0.96284,0.00095,0.01165
11.90000,1.05394,0.02760,0.96009,0.00114,0.01117
12.00000,1.05394,0.02983,0.95305,0.00160,0.01552
12.10000,1.05394,0.04138,0.93139,0.00201,0.02522
12.20000,1.05394,0.04971,0.91849,0.00283,0.02897
12.30000,1.05394,0.05867,0.89913,0.00341,0.03879
12.40000,1.05394,0.06024,0.89925,0.00377,0.03674
12.50000,1.05394,0.04113,0.93008,0.00281,0.02598
12.60000,1.05394,0.04376,0.93269,0.00249,0.02106
12.70000,1.05394,0.02504,0.96106,0.00123,0.01267
12.80000,1.05394,0.02312,0.96496,0.00110,0.01082
12.90000,1.05394,0.03100,0.95120,0.00139,0.01641
13.00000,1.05394,0.03416,0.94685,0.00128,0.01771
13.10000,1.05394,0.02468,0.96096,0.00112,0.01325
13.20000,1.05394,0.02568,0.96197,0.00090,0.01145
13.30000,1.05394,0.02231,0.96695,0.00080,0.00993
13.40000,1.05394,0.02746,0.95975,0.00086,0.01193
13.50000,1.05394,0.03055,0.95273,0.00126,0.01546
13.60000,1.05394,0.03955,0.94130,0.00171,0.01744
13.70000,1.05394,0.03191,0.95264,0.00167,0.01378
13.80000,1.05394,0.02429,0.96723,0.00091,0.00757
13.90000,1.05394,0.01257,0.98310,0.00051,0.00382
14.00000,1.05394,0.01271,0.98363,0.00052,0.00315
14.10000,1.05394,0.00975,0.98751,0.00044,0.00230
14.20000,1.05394,0.00768,0.99032,0.00036,0.00164
14.30000,1.05394,0.00630,0.99240,0.00025,0.00105
14.40000,1.05394,0.00554,0.99331,0.00022,0.00094
14.50000,1.05394,0.00418,0.99492,0.00018,0.00072
14.60000,1.05394,0.00391,0.99511,0.00016,0.00082
14.70000,1.05394,0.00599,0.99262,0.00026,0.00113
14.80000,1.05394,0.00646,0.99137,0.00032,0.00184
14.90000,1.05394,0.00951,0.98757,0.00050,0.00242
15.00000,1.05394,0.00970,0.98676,0.00047,0.00307
15.10000,1.05394,0.01458,0.98027,0.00074,0.00441
15.20000,1.05394,0.01416,0.97871,0.00080,0.00633
15.30000,1.05394,0.01709,0.97343,0.00109,0.00838
15.40000,1.05394,0.01586,0.97353,0.00119,0.00942
15.50000,1.05394,0.02019,0.96953,0.00116,0.00911
15.60000,1.05394,0.01489,0.97724,0.00095,0.00691
15.70000,1.05394,0.01397,0.97973,0.00078,0.00552
15.80000,1.05394,0.01382,0.98008,0.00075,0.00535
15.90000,1.05394,0.01537,0.97906,0.00070,0.00487
16.00000,1.05394,0.01084,0.98488,0.00058,0.00370
16.10000,1.05394,0.01300,0.98309,0.00058,0.00333
16.20000,1.05394,0.00955,0.98729,0.00049,0.00267
16.30000,1.05394,0.01056,0.98633,0.00054,0.00257
16.40000,1.05394,0.00990,0.98721,0.00037,0.00252
16.50000,1.05394,0.01064,0.98654,0.00044,0.00238
16.60000,1.05394,0.01018,0.98597,0.00042,0.00343
16.70000,1.05394,0.01020,0.98634,0.00045,0.00302
16.80000,1.05394,0.00979,0.98647,0.00041,0.00333
16.90000,1.05394,0.00889,0.98806,0.00041,0.00265
17.00000,1.05394,0.00762,0.98902,0.00034,0.00302
17.10000,1.05394,0.00644,0.99075,0.00032,0.00248
17.20000,1.05394,0.00850,0.98789,0.00036,0.00324
17.30000,1.05394,0.00719,0.98996,0.00031,0.00254
17.40000,1.05394,0.00707,0.99015,0.00030,0.00248
17.50000,1.05394,0.00607,0.99136,0.00026,0.00231
17.60000,1.05394,0.00639,0.99072,0.00030,0.00258
17.70000,1.05394,0.00795,0.98836,0.00035,0.00334
17.80000,1.05394,0.00811,0.98856,0.00035,0.00298
17.90000,1.05394,0.00851,0.98771,0.00038,0.00340
18.00000,1.05394,0.00747,0.98885,0.00033,0.00335
18.10000,1.05394,0.00746,0.98911,0.00031,0.00312
18.20000,1.05394,0.00809,0.98830,0.00032,0.00329
18.30000,1.05394,0.00910,0.98690,0.00034,0.00366
18.40000,1.05394,0.00902,0.98706,0.00037,0.00354
18.50000,1.05394,0.00875,0.98670,0.00041,0.00414
18.60000,1.05394,0.00829,0.98808,0.00034,0.00329
18.70000,1.05394,0.00856,0.98777,0.00035,0.00332
18.80000,1.05394,0.00794,0.98865,0.00035,0.00306
18.90000,1.05394,0.00822,0.98790,0.00039,0.00350
19.00000,1.05394,0.00824,0.98789,0.00041,0.00346
19.10000,1.05394,0.00794,0.98883,0.00037,0.00286
19.20000,1.05394,0.00642,0.99094,0.00031,0.00233
19.30000,1.05394,0.00584,0.99198,0.00029,0.00190
19.40000,1.05394,0.00519,0.99265,0.00027,0.00189
19.50000,1.05394,0.00652,0.99147,0.00028,0.00172
19.60000,1.05394,0.00527,0.99291,0.00024,0.00158
19.70000,1.05394,0.00500,0.99334,0.00024,0.00142
19.80000,1.05394,0.00455,0.99402,0.00020,0.00123
19.90000,1.05394,0.00519,0.99331,0.00022,0.00127
20.00000,1.05394,0.00498,0.99359,0.00021,0.00122
20.10000,1.05394,0.00502,0.99356,0.00020,0.00123
20.20000,1.05394,0.00754,0.98960,0.00035,0.00251
20.30000,1.05394,0.00656,0.99076,0.00031,0.00237
20.40000,1.05394,0.00701,0.99034,0.00030,0.00235
20.50000,1.05394,0.00619,0.99109,0.00027,0.00245
20.60000,1.05394,0.00661,0.99057,0.00033,0.00248
20.70000,1.05394,0.00735,0.98934,0.00037,0.00295
20.80000,1.05394,0.00791,0.98847,0.00043,0.00319
20.90000,1.05394,0.00719,0.98949,0.00038,0.00294
21.00000,1.05394,0.00784,0.98872,0.00043,0.00300
21.10000,1.05394,0.00632,0.99121,0.00031,0.00216
21.20000,1.05394,0.00541,0.99242,0.00033,0.00184
21.30000,1.05394,0.00597,0.99158,0.00034,0.00211
21.40000,1.05394,0.00762,0.98972,0.00043,0.00224
21.50000,1.05394,0.00694,0.99054,0.00043,0.00209
21.60000,1.05394,0.00865,0.98789,0.00051,0.00295
21.70000,1.05394,0.00623,0.99110,0.00037,0.00230
21.80000,1.05394,0.00655,0.99128,0.00033,0.00183
21.90000,1.05394,0.00592,0.99205,0.00028,0.00175
22.00000,1.05394,0.00654,0.99147,0.00030,0.00169
22.10000,1.05394,0.00618,0.99174,0.00030,0.00177
22.20000,1.05394,0.00546,0.99263,0.00027,0.00165
22.30000,1.05394,0.00501,0.99343,0.00019,0.00137
22.40000,1.05394,0.00387,0.99527,0.00012,0.00074
22.50000,1.05394,0.00317,0.99607,0.00010,0.00066
22.60000,1.05394,0.00313,0.99614,0.00009,0.00063
22.70000,1.05394,0.00323,0.99608,0.00010,0.00059
22.80000,1.05394,0.00308,0.99623,0.00009,0.00059
22.90000,1.05394,0.00318,0.99601,0.00010,0.00072
23.00000,1.05394,0.00305,0.99618,0.00010,0.00068
23.10000,1.05394,0.00290,0.99645,0.00008,0.00057
23.20000,1.05394,0.00277,0.99653,0.00008,0.00062
23.30000,1.05394,0.00338,0.99547,0.00012,0.00104
23.40000,1.05394,0.00376,0.99505,0.00014,0.00104
23.50000,1.05394,0.00439,0.99391,0.00019,0.00151
23.60000,1.05394,0.00469,0.99346,0.00023,0.00162
23.70000,1.05394,0.00427,0.99399,0.00018,0.00155
23.80000,1.05394,0.00499,0.99307,0.00022,0.00171
23.90000,1.05394,0.00462,0.99349,0.00020,0.00169
24.00000,1.05394,0.00534,0.99254,0.00024,0.00188
24.10000,1.05394,0.00541,0.99240,0.00023,0.00196
24.20000,1.05394,0.00564,0.99237,0.00023,0.00176
24.30000,1.05394,0.00440,0.99393,0.00018,0.00148
24.40000,1.05394,0.00458,0.99372,0.00019,0.00151
24.50000,1.05394,0.00375,0.99465,0.00018,0.00142
24.60000,1.05394,0.00456,0.99361,0.00021,0.00162
24.70000,1.05394,0.00444,0.99391,0.00020,0.00145
24.80000,1.05394,0.00399,0.99457,0.00019,0.00126
24.90000,1.05394,0.00365,0.99487,0.00020,0.00128
25.00000,1.05394,0.00357,0.99512,0.00016,0.00115
25.10000,1.05394,0.00341,0.99548,0.00015,0.00095
25.20000,1.05394,0.00361,0.99529,0.00016,0.00095
25.30000,1.05394,0.00409,0.99462,0.00017,0.00113
25.40000,1.05394,0.00399,0.99486,0.00016,0.00100
25.50000,1.05394,0.00357,0.99504,0.00017,0.00122
25.60000,1.05394,0.00418,0.99431,0.00021,0.00131
25.70000,1.05394,0.00464,0.99356,0.00022,0.00158
25.80000,1.05394,0.00518,0.99287,0.00028,0.00168
25.90000,1.05394,0.00515,0.99308,0.00025,0.00152
26.00000,1.05394,0.00668,0.99108,0.00033,0.00192
26.10000,1.05394,0.00603,0.99148,0.00034,0.00215
26.20000,1.05394,0.00658,0.99081,0.00034,0.00228
26.30000,1.05394,0.00605,0.99155,0.00030,0.00210
26.40000,1.05394,0.00528,0.99254,0.00028,0.00190
26.50000,1.05394,0.00518,0.99266,0.00028,0.00188
26.60000,1.05394,0.00474,0.99357,0.00021,0.00147
26.70000,1.05394,0.00405,0.99462,0.00018,0.00115
26.80000,1.05394,0.00434,0.99429,0.00018,0.00119
26.90000,1.05394,0.00376,0.99502,0.00016,0.00106
27.00000,1.05394,0.00370,0.99505,0.00016,0.00108
27.10000,1.05394,0.00350,0.99529,0.00018,0.00103
27.20000,1.05394,0.00408,0.99474,0.00018,0.00100
27.30000,1.05394,0.00375,0.99524,0.00017,0.00085
27.40000,1.05394,0.00456,0.99412,0.00022,0.00109
27.50000,1.05394,0.00510,0.99324,0.00027,0.00139
27.60000,1.05394,0.00584,0.99196,0.00034,0.00186
27.70000,1.05394,0.00701,0.99029,0.00043,0.00228
27.80000,1.05394,0.00768,0.98888,0.00055,0.00289
27.90000,1.05394,0.00806,0.98874,0.00052,0.00268
28.00000,1.05394,0.00687,0.99012,0.00047,0.00254
28.10000,1.05394,0.00778,0.98896,0.00051,0.00275
28.20000,1.05394,0.00683,0.99050,0.00041,0.00225
28.30000,1.05394,0.00773,0.98932,0.00043,0.00253
28.40000,1.05394,0.00578,0.99209,0.00029,0.00185
28.50000,1.05394,0.00574,0.99246,0.00028,0.00153
28.60000,1.05394,0.00441,0.99415,0.00020,0.00124
28.70000,1.05394,0.00376,0.99504,0.00017,0.00103
28.80000,1.05394,0.00358,0.99530,0.00015,0.00097
28.90000,1.05394,0.00439,0.99420,0.00021,0.00120
29.00000,1.05394,0.00523,0.99292,0.00029,0.00156
29.10000,1.05394,0.00538,0.99256,0.00030,0.00177
29.20000,1.05394,0.00534,0.99272,0.00029,0.00166
29.30000,1.05394,0.00475,0.99346,0.00028,0.00151
29.40000,1.05394,0.00511,0.99307,0.00030,0.00151
29.50000,1.05394,0.00430,0.99407,0.00023,0.00140
29.60000,1.05394,0.00455,0.99387,0.00027,0.00131
29.70000,1.05394,0.00564,0.99256,0.00028,0.00152
29.80000,1.05394,0.00473,0.99392,0.00021,0.00114
29.90000,1.05394,0.00427,0.99445,0.00019,0.00108
30.00000,1.05394,0.00432,0.99438,0.00018,0.00112
30.10000,1.05394,0.00399,0.99484,0.00018,0.00099
30.20000,1.05394,0.00337,0.99537,0.00017,0.00109
30.30000,1.05394,0.00472,0.99354,0.00026,0.00148
30.40000,1.05394,0.00436,0.99401,0.00021,0.00142
30.50000,1.05394,0.00504,0.99344,0.00024,0.00129
30.60000,1.05394,0.00389,0.99480,0.00019,0.00113
30.70000,1.05394,0.00401,0.99447,0.00022,0.00130
30.80000,1.05394,0.00337,0.99549,0.00016,0.00098
30.90000,1.05394,0.00340,0.99547,0.00017,0.00097
31.00000,1.05394,0.00329,0.99570,0.00016,0.00085
31.10000,1.05394,0.00354,0.99539,0.00015,0.00092
31.20000,1.05394,0.00320,0.99591,0.00014,0.00075
31.30000,1.05394,0.00346,0.99564,0.00013,0.00076
31.40000,1.05394,0.00402,0.99503,0.00016,0.00079
31.50000,1.05394,0.00378,0.99489,0.00021,0.00111
31.60000,1.05394,0.00394,0.99482,0.00020,0.00104
31.70000,1.05394,0.00442,0.99443,0.00020,0.00095
31.80000,1.05394,0.00475,0.99383,0.00023,0.00119
31.90000,1.05394,0.00582,0.99203,0.00035,0.00180
32.00000,1.05394,0.00595,0.99174,0.00036,0.00195
32.10000,1.05394,0.00748,0.98986,0.00043,0.00222
32.20000,1.05394,0.00682,0.99020,0.00047,0.00252
32.30000,1.05394,0.00864,0.98801,0.00053,0.00283
32.40000,1.05394,0.00664,0.99083,0.00039,0.00215
32.50000,1.05394,0.00745,0.98979,0.00043,0.00233
32.60000,1.05394,0.00848,0.98825,0.00053,0.00275
32.70000,1.05394,0.00905,0.98727,0.00056,0.00311
32.80000,1.05394,0.00706,0.99041,0.00043,0.00210
32.90000,1.05394,0.00659,0.99060,0.00042,0.00238
33.00000,1.05394,0.00841,0.98913,0.00036,0.00210
33.10000,1.05394,0.00783,0.98929,0.00041,0.00247
33.20000,1.05394,0.00722,0.99025,0.00036,0.00217
33.30000,1.05394,0.00727,0.98984,0.00042,0.00246
33.40000,1.05394,0.00905,0.98738,0.00051,0.00306
33.50000,1.05394,0.00724,0.98933,0.00048,0.00295
33.60000,1.05394,0.00873,0.98815,0.00046,0.00266
33.70000,1.05394,0.00678,0.98990,0.00040,0.00291
33.80000,1.05394,0.00724,0.98979,0.00042,0.00256
33.90000,1.05394,0.00690,0.98960,0.00047,0.00303
34.00000,1.05394,0.00705,0.99016,0.00045,0.00234
34.10000,1.05394,0.00818,0.98764,0.00055,0.00363
34.20000,1.05394,0.00650,0.99066,0.00045,0.00239
34.30000,1.05394,0.00645,0.99046,0.00040,0.00269
34.40000,1.05394,0.00580,0.99182,0.00032,0.00206
34.50000,1.05394,0.00618,0.99050,0.00042,0.00290
34.60000,1.05394,0.00617,0.99092,0.00037,0.00253
34.70000,1.05394,0.00782,0.98965,0.00034,0.00219
34.80000,1.05394,0.00598,0.99199,0.00028,0.00174
34.90000,1.05394,0.00648,0.99138,0.00029,0.00186
35.00000,1.05394,0.00499,0.99334,0.00022,0.00145
35.10000,1.05394,0.00490,0.99362,0.00019,0.00129
35.20000,1.05394,0.00506,0.99351,0.00020,0.00124
35.30000,1.05394,0.00481,0.99396,0.00017,0.00105
35.40000,1.05394,0.00527,0.99328,0.00020,0.00125
35.50000,1.05394,0.00599,0.99258,0.00020,0.00122
35.60000,1.05394,0.00527,0.99324,0.00020,0.00130
35.70000,1.05394,0.00515,0.99322,0.00023,0.00140
35.80000,1.05394,0.00515,0.99319,0.00022,0.00144
35.90000,1.05394,0.00523,0.99292,0.00024,0.00161
36.00000,1.05394,0.00497,0.99346,0.00021,0.00136
36.10000,1.05394,0.00542,0.99293,0.00023,0.00142
36.20000,1.05394,0.00650,0.99154,0.00024,0.00171
36.30000,1.05394,0.00630,0.99129,0.00030,0.00211
36.40000,1.05394,0.00501,0.99325,0.00022,0.00152
36.50000,1.05394,0.00567,0.99227,0.00027,0.00179
36.60000,1.05394,0.00714,0.99110,0.00022,0.00155
36.70000,1.05394,0.01140,0.98599,0.00030,0.00230
36.80000,1.05394,0.00805,0.98950,0.00026,0.00218
36.90000,1.05394,0.01673,0.98029,0.00033,0.00265
37.00000,1.05394,0.01513,0.98125,0.00039,0.00323
37.10000,1.05394,0.01821,0.97803,0.00045,0.00331
37.20000,1.05394,0.01325,0.98377,0.00036,0.00262
37.30000,1.05394,0.01729,0.97951,0.00040,0.00280
37.40000,1.05394,0.01409,0.98294,0.00037,0.00260
37.50000,1.05394,0.01783,0.97876,0.00040,0.00301
37.60000,1.05394,0.01243,0.98450,0.00034,0.00273
37.70000,1.05394,0.00899,0.98854,0.00030,0.00217
37.80000,1.05394,0.01002,0.98716,0.00030,0.00252
37.90000,1.05394,0.00659,0.99147,0.00026,0.00167
38.00000,1.05394,0.00559,0.99224,0.00028,0.00189
38.10000,1.05394,0.00566,0.99219,0.00032,0.00183
38.20000,1.05394,0.00593,0.99153,0.00034,0.00220
38.30000,1.05394,0.00518,0.99286,0.00027,0.00169
38.40000,1.05394,0.00584,0.99154,0.00033,0.00228
38.50000,1.05394,0.00559,0.99227,0.00031,0.00182
38.60000,1.05394,0.00570,0.99206,0.00035,0.00190
38.70000,1.05394,0.00656,0.99145,0.00034,0.00166
38.80000,1.05394,0.00584,0.99211,0.00033,0.00172
38.90000,1.05394,0.00543,0.99296,0.00028,0.00132
39.00000,1.05394,0.00522,0.99301,0.00030,0.00147
39.10000,1.05394,0.00488,0.99380,0.00023,0.00110
39.20000,1.05394,0.00481,0.99368,0.00024,0.00126
39.30000,1.05394,0.00491,0.99377,0.00022,0.00109
39.40000,1.05394,0.00496,0.99374,0.00022,0.00108
39.50000,1.05394,0.00437,0.99455,0.00019,0.00090
39.60000,1.05394,0.00453,0.99408,0.00020,0.00118
39.70000,1.05394,0.00525,0.99308,0.00021,0.00145
39.80000,1.05394,0.00695,0.99031,0.00037,0.00238
39.90000,1.05394,0.00556,0.99248,0.00027,0.00169
40.00000,1.05394,0.00556,0.99236,0.00028,0.00181
40.10000,1.05394,0.00601,0.99187,0.00029,0.00183
40.20000,1.05394,0.00718,0.99031,0.00030,0.00220
40.30000,1.05394,0.00672,0.99087,0.00036,0.00205
40.40000,1.05394,0.00734,0.98995,0.00040,0.00231
40.50000,1.05394,0.00734,0.98969,0.00045,0.00252
40.60000,1.05394,0.00707,0.99059,0.00039,0.00195
40.70000,1.05394,0.00578,0.99244,0.00029,0.00149
40.80000,1.05394,0.00730,0.99067,0.00041,0.00162
40.90000,1.05394,0.00717,0.99081,0.00039,0.00163
41.00000,1.05394,0.00827,0.98914,0.00048,0.00211
41.10000,1.05394,0.00682,0.99094,0.00040,0.00184
41.20000,1.05394,0.00695,0.99096,0.00037,0.00172
41.30000,1.05394,0.00655,0.99171,0.00032,0.00142
41.40000,1.05394,0.00556,0.99285,0.00024,0.00135
41.50000,1.05394,0.00564,0.99252,0.00029,0.00155
41.60000,1.05394,0.00520,0.99310,0.00024,0.00145
41.70000,1.05394,0.00531,0.99248,0.00031,0.00190
41.80000,1.05394,0.00416,0.99446,0.00017,0.00120
41.90000,1.05394,0.00439,0.99394,0.00020,0.00147
42.00000,1.05394,0.00377,0.99477,0.00018,0.00128
42.10000,1.05394,0.00464,0.99386,0.00019,0.00131
42.20000,1.05394,0.00457,0.99390,0.00019,0.00133
42.30000,1.05394,0.00516,0.99274,0.00025,0.00186
42.40000,1.05394,0.00436,0.99398,0.00021,0.00144
42.50000,1.05394,0.00513,0.99287,0.00026,0.00174
42.60000,1.05394,0.00490,0.99341,0.00021,0.00148
42.70000,1.05394,0.00617,0.99173,0.00025,0.00185
42.80000,1.05394,0.00600,0.99194,0.00027,0.00179
42.90000,1.05394,0.00708,0.98987,0.00036,0.00269
43.00000,1.05394,0.00642,0.99063,0.00033,0.00261
43.10000,1.05394,0.00899,0.98710,0.00050,0.00342
43.20000,1.05394,0.00702,0.99006,0.00033,0.00259
43.30000,1.05394,0.00834,0.98701,0.00049,0.00416
43.40000,1.05394,0.00955,0.98627,0.00049,0.00369
43.50000,1.05394,0.00905,0.98715,0.00046,0.00335
43.60000,1.05394,0.00869,0.98755,0.00044,0.00331
43.70000,1.05394,0.00896,0.98698,0.00049,0.00358
43.80000,1.05394,0.00877,0.98757,0.00048,0.00318
43.90000,1.05394,0.00867,0.98736,0.00049,0.00348
44.00000,1.05394,0.00880,0.98799,0.00040,0.00281
44.10000,1.05394,0.00968,0.98678,0.00045,0.00308
44.20000,1.05394,0.00881,0.98820,0.00041,0.00258
44.30000,1.05394,0.00684,0.99075,0.00030,0.00211
44.40000,1.05394,0.00833,0.98877,0.00037,0.00253
44.50000,1.05394,0.00771,0.98910,0.00036,0.00283
44.60000,1.05394,0.01018,0.98645,0.00047,0.00290
44.70000,1.05394,0.00947,0.98735,0.00044,0.00274
44.80000,1.05394,0.01051,0.98556,0.00062,0.00331
44.90000,1.05394,0.00852,0.98765,0.00048,0.00335
45.00000,1.05394,0.00843,0.98757,0.00060,0.00340
45.10000,1.05394,0.00902,0.98747,0.00058,0.00293
45.20000,1.05394,0.01071,0.98558,0.00063,0.00308
45.30000,1.05394,0.00976,0.98654,0.00065,0.00305
45.40000,1.05394,0.00926,0.98671,0.00073,0.00331
45.50000,1.05394,0.00844,0.98940,0.00042,0.00174
45.60000,1.05394,0.00729,0.99080,0.00035,0.00155
45.70000,1.05394,0.00653,0.99166,0.00033,0.00148
45.80000,1.05394,0.00652,0.99162,0.00032,0.00154
45.90000,1.05394,0.00637,0.99200,0.00031,0.00132
46.00000,1.05394,0.00602,0.99258,0.00024,0.00116
46.10000,1.05394,0.00615,0.99230,0.00029,0.00126
46.20000,1.05394,0.00490,0.99411,0.00016,0.00083
46.30000,1.05394,0.00524,0.99358,0.00021,0.00097
46.40000,1.05394,0.00486,0.99386,0.00020,0.00107
46.50000,1.05394,0.00569,0.99283,0.00028,0.00120
46.60000,1.05394,0.00617,0.99262,0.00021,0.00100
46.70000,1.05394,0.00508,0.99390,0.00018,0.00085
46.80000,1.05394,0.00478,0.99427,0.00016,0.00080
46.90000,1.05394,0.00466,0.99461,0.00013,0.00060
47.00000,1.05394,0.00452,0.99468,0.00014,0.00066
47.10000,1.05394,0.00430,0.99498,0.00012,0.00059
47.20000,1.05394,0.00433,0.99506,0.00011,0.00050
47.30000,1.05394,0.00363,0.99587,0.00009,0.00041
47.40000,1.05394,0.00362,0.99592,0.00009,0.00038
47.50000,1.05394,0.00317,0.99640,0.00007,0.00036
47.60000,1.05394,0.00326,0.99620,0.00010,0.00045
47.70000,1.05394,0.00367,0.99573,0.00012,0.00048
47.80000,1.05394,0.00335,0.99612,0.00010,0.00042
47.90000,1.05394,0.00330,0.99612,0.00011,0.00047
48.00000,1.05394,0.00372,0.99571,0.00011,0.00046
48.10000,1.05394,0.00352,0.99586,0.00013,0.00050
48.20000,1.05394,0.00391,0.99544,0.00013,0.00052
48.30000,1.05394,0.00444,0.99464,0.00017,0.00075
48.40000,1.05394,0.00406,0.99518,0.00015,0.00061
48.50000,1.05394,0.00309,0.99641,0.00009,0.00041
48.60000,1.05394,0.00306,0.99645,0.00009,0.00040
48.70000,1.05394,0.00306,0.99632,0.00011,0.00052
48.80000,1.05394,0.00376,0.99552,0.00013,0.00060
48.90000,1.05394,0.00330,0.99603,0.00011,0.00055
49.00000,1.05394,0.00413,0.99519,0.00013,0.00055
49.10000,1.05394,0.00348,0.99590,0.00011,0.00051
49.20000,1.05394,0.00411,0.99526,0.00012,0.00051
49.30000,1.05394,0.00399,0.99538,0.00011,0.00051
49.40000,1.05394,0.00477,0.99453,0.00015,0.00055
49.50000,1.05394,0.00356,0.99590,0.00011,0.00043
49.60000,1.05394,0.00424,0.99521,0.00011,0.00044
49.70000,1.05394,0.00334,0.99622,0.00009,0.00035
49.80000,1.05394,0.00337,0.99613,0.00010,0.00040
49.90000,1.05394,0.00341,0.99617,0.00009,0.00032
50.00000,1.05394,0.00314,0.99647,0.00008,0.00032
50.10000,1.05394,0.00323,0.99641,0.00007,0.00029
50.20000,1.05394,0.00291,0.99673,0.00007,0.00029
50.30000,1.05394,0.00291,0.99666,0.00009,0.00034
50.40000,1.05394,0.00316,0.99637,0.00009,0.00038
50.50000,1.05394,0.00331,0.99614,0.00010,0.00044
50.60000,1.05394,0.00326,0.99618,0.00010,0.00046
50.70000,1.05394,0.00340,0.99601,0.00011,0.00047
50.80000,1.05394,0.00312,0.99637,0.00009,0.00043
50.90000,1.05394,0.00378,0.99557,0.00012,0.00053
51.00000,1.05394,0.00371,0.99559,0.00013,0.00057
51.10000,1.05394,0.00405,0.99507,0.00016,0.00072
51.20000,1.05394,0.00401,0.99515,0.00016,0.00068
51.30000,1.05394,0.00452,0.99458,0.00017,0.00073
51.40000,1.05394,0.00510,0.99404,0.00018,0.00067
51.50000,1.05394,0.00440,0.99485,0.00015,0.00060
51.60000,1.05394,0.00486,0.99431,0.00017,0.00065
51.70000,1.05394,0.00567,0.99334,0.00020,0.00079
51.80000,1.05394,0.00800,0.99080,0.00028,0.00092
51.90000,1.05394,0.00761,0.99117,0.00026,0.00096
52.00000,1.05394,0.00818,0.99055,0.00029,0.00098
52.10000,1.05394,0.00897,0.98973,0.00031,0.00099
52.20000,1.05394,0.00779,0.99102,0.00028,0.00091
52.30000,1.05394,0.00814,0.99065,0.00030,0.00091
52.40000,1.05394,0.00674,0.99186,0.00031,0.00109
52.50000,1.05394,0.00875,0.98979,0.00037,0.00109
52.60000,1.05394,0.00808,0.99021,0.00038,0.00133
52.70000,1.05394,0.00638,0.99247,0.00028,0.00087
52.80000,1.05394,0.00515,0.99367,0.00027,0.00092
52.90000,1.05394,0.00494,0.99398,0.00025,0.00083
53.00000,1.05394,0.00505,0.99381,0.00026,0.00088
53.10000,1.05394,0.00468,0.99431,0.00023,0.00078
53.20000,1.05394,0.00538,0.99361,0.00024,0.00078
53.30000,1.05394,0.00479,0.99431,0.00021,0.00069
53.40000,1.05394,0.00415,0.99512,0.00015,0.00058
53.50000,1.05394,0.00353,0.99586,0.00012,0.00049
53.60000,1.05394,0.00347,0.99601,0.00009,0.00043
53.70000,1.05394,0.00297,0.99651,0.00009,0.00044
53.80000,1.05394,0.00284,0.99672,0.00007,0.00037
53.90000,1.05394,0.00278,0.99680,0.00007,0.00035
54.00000,1.05394,0.00281,0.99675,0.00007,0.00037
54.10000,1.05394,0.00232,0.99733,0.00005,0.00030
54.20000,1.05394,0.00231,0.99734,0.00005,0.00029
54.30000,1.05394,0.00239,0.99719,0.00006,0.00037
54.40000,1.05394,0.00274,0.99677,0.00008,0.00041
54.50000,1.05394,0.00274,0.99669,0.00008,0.00049
54.60000,1.05394,0.00321,0.99620,0.00010,0.00048
54.70000,1.05394,0.00288,0.99654,0.00009,0.00049
54.80000,1.05394,0.00287,0.99661,0.00009,0.00043
54.90000,1.05394,0.00260,0.99689,0.00008,0.00044
55.00000,1.05394,0.00325,0.99607,0.00011,0.00057
55.10000,1.05394,0.00313,0.99622,0.00011,0.00055
55.20000,1.05394,0.00319,0.99615,0.00011,0.00055
55.30000,1.05394,0.00299,0.99637,0.00011,0.00052
55.40000,1.05394,0.00297,0.99634,0.00011,0.00058
55.50000,1.05394,0.00296,0.99641,0.00010,0.00053
55.60000,1.05394,0.00315,0.99605,0.00013,0.00067
55.70000,1.05394,0.00317,0.99610,0.00012,0.00062
55.80000,1.05394,0.00328,0.99602,0.00011,0.00059
55.90000,1.05394,0.00383,0.99536,0.00013,0.00067
56.00000,1.05394,0.00381,0.99528,0.00015,0.00076
56.10000,1.05394,0.00484,0.99399,0.00019,0.00098
56.20000,1.05394,0.00534,0.99344,0.00022,0.00101
56.30000,1.05394,0.00546,0.99341,0.00020,0.00093
56.40000,1.05394,0.00592,0.99282,0.00022,0.00104
56.50000,1.05394,0.00644,0.99219,0.00026,0.00111
56.60000,1.05394,0.00655,0.99187,0.00030,0.00128
56.70000,1.05394,0.00832,0.98948,0.00044,0.00177
56.80000,1.05394,0.00741,0.99050,0.00039,0.00170
56.90000,1.05394,0.00683,0.99128,0.00033,0.00156
57.00000,1.05394,0.00683,0.99142,0.00030,0.00145
57.10000,1.05394,0.00671,0.99152,0.00032,0.00145
57.20000,1.05394,0.00572,0.99260,0.00030,0.00138
57.30000,1.05394,0.00506,0.99366,0.00023,0.00105
57.40000,1.05394,0.00494,0.99379,0.00022,0.00105
57.50000,1.05394,0.00506,0.99352,0.00023,0.00118
57.60000,1.05394,0.00439,0.99455,0.00019,0.00087
57.70000,1.05394,0.00426,0.99461,0.00019,0.00094
57.80000,1.05394,0.00414,0.99491,0.00016,0.00078
57.90000,1.05394,0.00455,0.99416,0.00021,0.00109
58.00000,1.05394,0.00431,0.99459,0.00016,0.00094
58.10000,1.05394,0.00386,0.99504,0.00016,0.00094
58.20000,1.05394,0.00423,0.99456,0.00017,0.00103
58.30000,1.05394,0.00412,0.99477,0.00017,0.00093
58.40000,1.05394,0.00433,0.99443,0.00016,0.00108
58.50000,1.05394,0.00461,0.99411,0.00020,0.00108
58.60000,1.05394,0.00467,0.99407,0.00019,0.00107
58.70000,1.05394,0.00464,0.99388,0.00023,0.00124
58.80000,1.05394,0.00472,0.99394,0.00023,0.00111
58.90000,1.05394,0.00462,0.99413,0.00023,0.00102
59.00000,1.05394,0.00511,0.99374,0.00023,0.00092
59.10000,1.05394,0.00488,0.99379,0.00024,0.00108
59.20000,1.05394,0.00534,0.99341,0.00025,0.00101
59.30000,1.05394,0.00437,0.99458,0.00019,0.00086
59.40000,1.05394,0.00387,0.99531,0.00015,0.00067
59.50000,1.05394,0.00330,0.99594,0.00013,0.00063
59.60000,1.05394,0.00360,0.99555,0.00016,0.00069
59.70000,1.05394,0.00396,0.99514,0.00016,0.00073
59.80000,1.05394,0.00340,0.99586,0.00013,0.00061
59.90000,1.05394,0.00336,0.99587,0.00012,0.00065
60.00000,1.05394,0.00337,0.99587,0.00013,0.00062
60.10000,1.05394,0.00347,0.99562,0.00014,0.00076
60.20000,1.05394,0.00392,0.99512,0.00016,0.00080
60.30000,1.05394,0.00367,0.99541,0.00015,0.00077
60.40000,1.05394,0.00420,0.99474,0.00019,0.00088
60.50000,1.05394,0.00427,0.99459,0.00019,0.00096
60.60000,1.05394,0.00444,0.99434,0.00020,0.00101
60.70000,1.05394,0.00398,0.99485,0.00018,0.00100
60.80000,1.05394,0.00462,0.99399,0.00024,0.00115
60.90000,1.05394,0.00467,0.99397,0.00022,0.00115
61.00000,1.05394,0.00447,0.99429,0.00022,0.00101
61.10000,1.05394,0.00502,0.99367,0.00022,0.00109
61.20000,1.05394,0.00430,0.99448,0.00023,0.00100
61.30000,1.05394,0.00538,0.99311,0.00029,0.00122
61.40000,1.05394,0.00482,0.99392,0.00022,0.00104
61.50000,1.05394,0.00479,0.99406,0.00023,0.00092
61.60000,1.05394,0.00423,0.99478,0.00018,0.00080
61.70000,1.05394,0.00510,0.99389,0.00021,0.00080
61.80000,1.05394,0.00424,0.99479,0.00017,0.00080
61.90000,1.05394,0.00540,0.99354,0.00022,0.00084
62.00000,1.05394,0.00553,0.99336,0.00020,0.00090
62.10000,1.05394,0.00548,0.99325,0.00025,0.00102
62.20000,1.05394,0.00518,0.99370,0.00022,0.00090
62.30000,1.05394,0.00586,0.99306,0.00022,0.00086
62.40000,1.05394,0.00560,0.99312,0.00026,0.00102
62.50000,1.05394,0.00619,0.99234,0.00030,0.00117
62.60000,1.05394,0.00530,0.99331,0.00026,0.00113
62.70000,1.05394,0.00545,0.99303,0.00030,0.00122
62.80000,1.05394,0.00544,0.99290,0.00031,0.00135
62.90000,1.05394,0.00634,0.99209,0.00032,0.00125
63.00000,1.05394,0.00472,0.99386,0.00028,0.00114
63.10000,1.05394,0.00575,0.99271,0.00033,0.00121
63.20000,1.05394,0.00520,0.99291,0.00033,0.00157
63.30000,1.05394,0.00619,0.99240,0.00030,0.00111
63.40000,1.05393,0.00451,0.99411,0.00026,0.00111
63.50000,1.05394,0.00576,0.99274,0.00033,0.00117
63.60000,1.05394,0.00572,0.99281,0.00031,0.00116
63.70000,1.05394,0.00594,0.99288,0.00029,0.00089
63.80000,1.05394,0.00539,0.99333,0.00026,0.00103
63.90000,1.05393,0.00587,0.99304,0.00025,0.00084
64.00000,1.05394,0.00502,0.99390,0.00022,0.00086
64.10000,1.05394,0.00443,0.99456,0.00019,0.00081
64.20000,1.05394,0.00415,0.99509,0.00013,0.00062
64.30000,1.05393,0.00360,0.99571,0.00012,0.00057
64.40000,1.05393,0.00352,0.99578,0.00012,0.00058
64.50000,1.05394,0.00380,0.99540,0.00013,0.00067
64.60000,1.05394,0.00391,0.99530,0.00013,0.00066
64.70000,1.05394,0.00343,0.99575,0.00014,0.00068
64.80000,1.05393,0.00359,0.99569,0.00012,0.00060
64.90000,1.05393,0.00328,0.99603,0.00011,0.00057
65.00000,1.05394,0.00383,0.99539,0.00013,0.00064
65.10000,1.05394,0.00365,0.99536,0.00016,0.00082
65.20000,1.05394,0.00390,0.99511,0.00017,0.00082
65.30000,1.05393,0.00344,0.99573,0.00013,0.00069
65.40000,1.05393,0.00334,0.99595,0.00012,0.00059
65.50000,1.05394,0.00304,0.99628,0.00010,0.00058
65.60000,1.05394,0.00292,0.99634,0.00011,0.00062
65.70000,1.05394,0.00256,0.99673,0.00009,0.00062
65.80000,1.05393,0.00346,0.99579,0.00012,0.00063
65.90000,1.05393,0.00283,0.99652,0.00010,0.00055
66.00000,1.05394,0.00250,0.99697,0.00008,0.00045
66.10000,1.05394,0.00312,0.99608,0.00010,0.00070
66.20000,1.05394,0.00328,0.99600,0.00010,0.00062
66.30000,1.05393,0.00309,0.99609,0.00012,0.00070
66.40000,1.05393,0.00338,0.99569,0.00014,0.00078
66.50000,1.05394,0.00361,0.99530,0.00016,0.00093
66.60000,1.05394,0.00594,0.99269,0.00020,0.00116
66.70000,1.05394,0.00746,0.99102,0.00020,0.00132
66.80000,1.05393,0.00923,0.98839,0.00032,0.00206
66.90000,1.05393,0.01219,0.98465,0.00039,0.00277
67.00000,1.05394,0.02164,0.97419,0.00055,0.00361
67.10000,1.05394,0.02531,0.96956,0.00062,0.00451
67.20000,1.05394,0.03299,0.96084,0.00099,0.00519
67.30000,1.05393,0.02454,0.97013,0.00068,0.00464
67.40000,1.05393,0.02866,0.96610,0.00084,0.00440
67.50000,1.05394,0.02983,0.96374,0.00088,0.00554
67.60000,1.05394,0.02563,0.96914,0.00071,0.00452
67.70000,1.05394,0.01390,0.98281,0.00049,0.00279
67.80000,1.05393,0.01299,0.98404,0.00045,0.00252
67.90000,1.05393,0.01050,0.98695,0.00035,0.00220
68.00000,1.05394,0.00639,0.99180,0.00026,0.00156
68.10000,1.05394,0.00404,0.99473,0.00017,0.00105
68.20000,1.05394,0.00389,0.99496,0.00017,0.00098
68.30000,1.05393,0.00399,0.99442,0.00021,0.00138
68.40000,1.05393,0.00381,0.99492,0.00016,0.00112
68.50000,1.05394,0.00378,0.99489,0.00017,0.00116
68.60000,1.05394,0.00408,0.99464,0.00017,0.00111
68.70000,1.05394,0.00405,0.99453,0.00017,0.00124
68.80000,1.05393,0.00459,0.99402,0.00020,0.00118
68.90000,1.05393,0.00478,0.99349,0.00024,0.00149
69.00000,1.05394,0.00620,0.99194,0.00031,0.00154
69.10000,1.05394,0.00666,0.99099,0.00038,0.00197
69.20000,1.05394,0.00761,0.99033,0.00042,0.00164
69.30000,1.05393,0.00698,0.99063,0.00044,0.00196
69.40000,1.05393,0.00896,0.98821,0.00064,0.00219
69.50000,1.05394,0.00845,0.98878,0.00059,0.00218
69.60000,1.05394,0.00889,0.98840,0.00057,0.00213
69.70000,1.05394,0.00701,0.99019,0.00055,0.00225
69.80000,1.05393,0.00619,0.99137,0.00046,0.00199
69.90000,1.05393,0.00499,0.99293,0.00035,0.00173
70.00000,1.05394,0.00507,0.99296,0.00034,0.00163
70.10000,1.05394,0.00413,0.99426,0.00026,0.00135
70.20000,1.05394,0.00384,0.99464,0.00023,0.00128
70.30000,1.05393,0.00351,0.99517,0.00019,0.00113
70.40000,1.05393,0.00453,0.99376,0.00028,0.00143
70.50000,1.05394,0.00405,0.99454,0.00023,0.00118
70.60000,1.05394,0.00402,0.99460,0.00024,0.00114
70.70000,1.05394,0.00390,0.99473,0.00023,0.00113
70.80000,1.05393,0.00426,0.99434,0.00025,0.00115
70.90000,1.05393,0.00435,0.99448,0.00022,0.00095
71.00000,1.05394,0.00476,0.99398,0.00027,0.00099
71.10000,1.05394,0.00459,0.99424,0.00024,0.00093
71.20000,1.05394,0.00403,0.99501,0.00020,0.00075
71.30000,1.05393,0.00435,0.99462,0.00022,0.00081
71.40000,1.05393,0.00384,0.99525,0.00018,0.00074
71.50000,1.05394,0.00415,0.99482,0.00019,0.00084
71.60000,1.05394,0.00391,0.99509,0.00019,0.00081
71.70000,1.05394,0.00479,0.99377,0.00026,0.00118
71.80000,1.05393,0.00395,0.99483,0.00022,0.00100
71.90000,1.05393,0.00522,0.99312,0.00030,0.00135
72.00000,1.05394,0.00483,0.99381,0.00025,0.00111
72.10000,1.05394,0.00496,0.99335,0.00030,0.00140
72.20000,1.05394,0.00485,0.99361,0.00028,0.00126
72.30000,1.05393,0.00490,0.99339,0.00031,0.00140
72.40000,1.05393,0.00629,0.99168,0.00043,0.00160
72.50000,1.05394,0.00745,0.99006,0.00055,0.00195
72.60000,1.05394,0.01007,0.98690,0.00072,0.00232
72.70000,1.05394,0.00852,0.98857,0.00068,0.00224
72.80000,1.05393,0.00955,0.98718,0.00078,0.00249
72.90000,1.05393,0.00860,0.98820,0.00077,0.00243
73.00000,1.05394,0.01022,0.98624,0.00088,0.00266
73.10000,1.05394,0.00948,0.98710,0.00090,0.00252
73.20000,1.05394,0.00959,0.98735,0.00074,0.00232
73.30000,1.05393,0.00870,0.98843,0.00075,0.00212
73.40000,1.05393,0.00653,0.99161,0.00044,0.00142
73.50000,1.05394,0.00570,0.99265,0.00040,0.00124
73.60000,1.05394,0.00454,0.99410,0.00028,0.00108
73.70000,1.05394,0.00556,0.99292,0.00036,0.00117
73.80000,1.05393,0.00567,0.99267,0.00036,0.00130
73.90000,1.05393,0.00556,0.99298,0.00031,0.00116
74.00000,1.05394,0.00439,0.99462,0.00020,0.00080
74.10000,1.05394,0.00477,0.99411,0.00023,0.00088
74.20000,1.05394,0.00485,0.99417,0.00019,0.00078
74.30000,1.05393,0.00505,0.99369,0.00025,0.00100
74.40000,1.05393,0.00590,0.99268,0.00030,0.00112
74.50000,1.05394,0.00914,0.98883,0.00049,0.00154
74.60000,1.05394,0.01051,0.98732,0.00052,0.00165
74.70000,1.05394,0.00906,0.98888,0.00047,0.00158
74.80000,1.05393,0.00822,0.98965,0.00044,0.00169
74.90000,1.05393,0.00933,0.98839,0.00052,0.00176
75.00000,1.05394,0.00852,0.98872,0.00062,0.00215
75.10000,1.05394,0.00890,0.98859,0.00060,0.00192
75.20000,1.05394,0.00902,0.98853,0.00058,0.00187
75.30000,1.05393,0.00795,0.98993,0.00049,0.00163
75.40000,1.05393,0.00708,0.99098,0.00042,0.00153
75.50000,1.05394,0.00600,0.99231,0.00035,0.00134
75.60000,1.05394,0.00536,0.99307,0.00030,0.00127
75.70000,1.05394,0.00449,0.99417,0.00025,0.00109
75.80000,1.05393,0.00428,0.99444,0.00022,0.00106
75.90000,1.05393,0.00452,0.99422,0.00024,0.00102
76.00000,1.05394,0.00467,0.99387,0.00027,0.00120
76.10000,1.05394,0.00481,0.99373,0.00027,0.00119
76.20000,1.05394,0.00474,0.99379,0.00027,0.00120
76.30000,1.05393,0.00492,0.99371,0.00027,0.00111
76.40000,1.05393,0.00529,0.99282,0.00033,0.00157
76.50000,1.05394,0.00470,0.99387,0.00026,0.00118
76.60000,1.05394,0.00515,0.99310,0.00032,0.00143
76.70000,1.05394,0.00575,0.99222,0.00039,0.00164
76.80000,1.05393,0.00512,0.99326,0.00030,0.00132
76.90000,1.05393,0.00440,0.99410,0.00024,0.00126
77.00000,1.05394,0.00362,0.99518,0.00018,0.00103
77.10000,1.05394,0.00380,0.99467,0.00022,0.00132
77.20000,1.05394,0.00332,0.99556,0.00015,0.00097
77.30000,1.05393,0.00307,0.99581,0.00016,0.00097
77.40000,1.05393,0.00288,0.99615,0.00012,0.00084
77.50000,1.05394,0.00284,0.99630,0.00012,0.00073
77.60000,1.05394,0.00254,0.99659,0.00011,0.00076
77.70000,1.05394,0.00279,0.99621,0.00013,0.00087
77.80000,1.05393,0.00332,0.99554,0.00016,0.00099
77.90000,1.05393,0.00386,0.99488,0.00020,0.00106
78.00000,1.05394,0.00421,0.99446,0.00021,0.00112
78.10000,1.05394,0.00443,0.99425,0.00019,0.00113
78.20000,1.05394,0.00418,0.99453,0.00019,0.00109
78.30000,1.05393,0.00391,0.99500,0.00016,0.00093
78.40000,1.05393,0.00382,0.99532,0.00012,0.00074
78.50000,1.05394,0.00405,0.99511,0.00013,0.00071
78.60000,1.05394,0.00492,0.99410,0.00015,0.00083
78.70000,1.05394,0.00460,0.99448,0.00012,0.00079
78.80000,1.05393,0.00549,0.99324,0.00016,0.00110
78.90000,1.05393,0.00484,0.99401,0.00015,0.00100
79.00000,1.05394,0.00487,0.99389,0.00016,0.00109
79.10000,1.05394,0.00461,0.99432,0.00015,0.00092
79.20000,1.05394,0.00580,0.99286,0.00020,0.00114
79.30000,1.05393,0.00549,0.99312,0.00020,0.00119
79.40000,1.05393,0.00671,0.99122,0.00030,0.00178
79.50000,1.05394,0.00633,0.99174,0.00032,0.00161
79.60000,1.05394,0.00623,0.99196,0.00032,0.00150
79.70000,1.05394,0.00526,0.99362,0.00021,0.00090
79.80000,1.05393,0.00540,0.99319,0.00025,0.00116
79.90000,1.05393,0.00551,0.99321,0.00022,0.00106
80.00000,1.05394,0.00604,0.99240,0.00027,0.00129
80.10000,1.05394,0.00512,0.99370,0.00019,0.00098
80.20000,1.05394,0.00572,0.99317,0.00018,0.00093
80.30000,1.05393,0.00416,0.99498,0.00014,0.00073
80.40000,1.05393,0.00438,0.99474,0.00015,0.00073
80.50000,1.05394,0.00368,0.99537,0.00014,0.00082
80.60000,1.05394,0.00435,0.99473,0.00015,0.00077
80.70000,1.05394,0.00388,0.99532,0.00012,0.00067
80.80000,1.05393,0.00439,0.99485,0.00013,0.00063
80.90000,1.05393,0.00356,0.99589,0.00010,0.00045
81.00000,1.05394,0.00515,0.99417,0.00011,0.00057
81.10000,1.05394,0.00730,0.99188,0.00015,0.00067
81.20000,1.05394,0.00882,0.99007,0.00019,0.00092
81.30000,1.05393,0.01012,0.98887,0.00022,0.00080
81.40000,1.05393,0.01105,0.98792,0.00018,0.00085
81.50000,1.05394,0.01558,0.98324,0.00023,0.00095
81.60000,1.05394,0.01481,0.98399,0.00019,0.00102
81.70000,1.05394,0.01482,0.98397,0.00020,0.00100
81.80000,1.05393,0.01386,0.98486,0.00016,0.00112
81.90000,1.05393,0.01302,0.98571,0.00019,0.00109
82.00000,1.05394,0.01191,0.98712,0.00013,0.00083
82.10000,1.05394,0.00993,0.98932,0.00012,0.00063
82.20000,1.05394,0.00891,0.99050,0.00008,0.00051
82.30000,1.05393,0.00925,0.99002,0.00010,0.00063
82.40000,1.05393,0.00876,0.99056,0.00010,0.00058
82.50000,1.05394,0.00842,0.99099,0.00009,0.00050
82.60000,1.05394,0.00837,0.99090,0.00011,0.00062
82.70000,1.05394,0.00686,0.99251,0.00010,0.00054
82.80000,1.05393,0.00780,0.99166,0.00009,0.00044
82.90000,1.05393,0.00744,0.99188,0.00011,0.00057
83.00000,1.05394,0.00735,0.99197,0.00011,0.00057
83.10000,1.05394,0.00627,0.99310,0.00009,0.00053
83.20000,1.05394,0.00672,0.99266,0.00009,0.00053
83.30000,1.05393,0.00587,0.99353,0.00008,0.00052
83.40000,1.05393,0.00496,0.99458,0.00006,0.00041
83.50000,1.05394,0.00468,0.99491,0.00005,0.00035
83.60000,1.05394,0.00443,0.99524,0.00005,0.00028
83.70000,1.05394,0.00513,0.99447,0.00006,0.00033
83.80000,1.05393,0.00420,0.99549,0.00004,0.00026
83.90000,1.05393,0.00469,0.99500,0.00005,0.00026
84.00000,1.05394,0.00489,0.99487,0.00004,0.00020
84.10000,1.05394,0.00499,0.99479,0.00004,0.00017
84.20000,1.05394,0.00433,0.99547,0.00004,0.00016
84.30000,1.05393,0.00520,0.99459,0.00004,0.00016
84.40000,1.05393,0.00488,0.99492,0.00004,0.00016
84.50000,1.05394,0.00460,0.99525,0.00003,0.00012
84.60000,1.05394,0.00409,0.99575,0.00003,0.00012
84.70000,1.05394,0.00464,0.99521,0.00003,0.00012
84.80000,1.05393,0.00512,0.99470,0.00004,0.00014
84.90000,1.05393,0.00447,0.99535,0.00003,0.00014
85.00000,1.05394,0.00564,0.99408,0.00005,0.00022
85.10000,1.05394,0.00444,0.99533,0.00005,0.00018
85.20000,1.05394,0.00480,0.99496,0.00005,0.00019
85.30000,1.05393,0.00362,0.99619,0.00004,0.00015
85.40000,1.05393,0.00398,0.99581,0.00004,0.00017
85.50000,1.05394,0.00414,0.99563,0.00004,0.00018
85.60000,1.05394,0.00414,0.99561,0.00005,0.00020
85.70000,1.05394,0.00365,0.99611,0.00005,0.00019
85.80000,1.05393,0.00397,0.99580,0.00005,0.00018
85.90000,1.05393,0.00351,0.99626,0.00004,0.00019
86.00000,1.05394,0.00430,0.99542,0.00006,0.00022
86.10000,1.05394,0.00430,0.99538,0.00006,0.00026
86.20000,1.05394,0.00529,0.99439,0.00007,0.00025
86.30000,1.05393,0.00519,0.99449,0.00007,0.00026
86.40000,1.05393,0.00611,0.99347,0.00008,0.00034
86.50000,1.05394,0.00672,0.99280,0.00009,0.00039
86.60000,1.05394,0.00658,0.99277,0.00012,0.00053
86.70000,1.05394,0.00683,0.99253,0.00012,0.00052
86.80000,1.05393,0.00729,0.99184,0.00015,0.00072
86.90000,1.05393,0.00728,0.99178,0.00015,0.00079
87.00000,1.05394,0.00686,0.99231,0.00014,0.00070
87.10000,1.05394,0.00622,0.99299,0.00013,0.00066
87.20000,1.05394,0.00692,0.99194,0.00018,0.00096
87.30000,1.05393,0.00765,0.99097,0.00021,0.00117
87.40000,1.05393,0.00707,0.99149,0.00022,0.00122
87.50000,1.05394,0.00650,0.99219,0.00021,0.00111
87.60000,1.05394,0.00761,0.99123,0.00018,0.00098
87.70000,1.05394,0.00641,0.99215,0.00021,0.00123
87.80000,1.05393,0.00759,0.99057,0.00023,0.00161
87.90000,1.05393,0.00857,0.98973,0.00028,0.00142
88.00000,1.05394,0.00832,0.98948,0.00029,0.00190
88.10000,1.05394,0.00707,0.99045,0.00031,0.00216
88.20000,1.05394,0.00622,0.99206,0.00022,0.00151
88.30000,1.05393,0.00777,0.99054,0.00023,0.00145
88.40000,1.05393,0.00730,0.99069,0.00024,0.00176
88.50000,1.05394,0.00698,0.99101,0.00025,0.00176
88.60000,1.05394,0.00717,0.99108,0.00026,0.00149
88.70000,1.05394,0.00579,0.99266,0.00020,0.00135
88.80000,1.05393,0.00652,0.99194,0.00021,0.00133
88.90000,1.05393,0.00611,0.99249,0.00018,0.00121
89.00000,1.05394,0.00660,0.99226,0.00017,0.00097
89.10000,1.05394,0.00511,0.99367,0.00015,0.00107
89.20000,1.05394,0.00611,0.99196,0.00020,0.00173
89.30000,1.05393,0.00563,0.99271,0.00016,0.00150
89.40000,1.05393,0.00660,0.99051,0.00022,0.00267
89.50000,1.05394,0.00721,0.98949,0.00024,0.00306
89.60000,1.05394,0.00713,0.98903,0.00027,0.00358
89.70000,1.05394,0.00670,0.98977,0.00025,0.00328
89.80000,1.05393,0.00684,0.98918,0.00024,0.00375
89.90000,1.05393,0.00758,0.98679,0.00031,0.00532
90.00000,1.05394,0.00867,0.98361,0.00040,0.00732
90.10000,1.05394,0.00892,0.98273,0.00046,0.00789
90.20000,1.05394,0.00783,0.98463,0.00038,0.00716
90.30000,1.05393,0.00894,0.98413,0.00033,0.00660
90.40000,1.05393,0.00787,0.98504,0.00033,0.00676
90.50000,1.05394,0.00941,0.98320,0.00039,0.00700
90.60000,1.05394,0.00766,0.98471,0.00040,0.00723
90.70000,1.05394,0.00809,0.98517,0.00035,0.00640
90.80000,1.05393,0.00753,0.98638,0.00032,0.00577
90.90000,1.05393,0.00773,0.98615,0.00034,0.00578
91.00000,1.05394,0.00732,0.98637,0.00035,0.00595
91.10000,1.05394,0.00782,0.98660,0.00034,0.00525
91.20000,1.05394,0.00648,0.98963,0.00025,0.00363
91.30000,1.05393,0.00557,0.99200,0.00018,0.00225
91.40000,1.05393,0.00480,0.99370,0.00012,0.00137
91.50000,1.05394,0.00392,0.99470,0.00010,0.00128
91.60000,1.05394,0.00391,0.99456,0.00012,0.00141
91.70000,1.05394,0.00392,0.99469,0.00010,0.00128
91.80000,1.05393,0.00388,0.99478,0.00010,0.00124
91.90000,1.05393,0.00368,0.99532,0.00008,0.00093
92.00000,1.05394,0.00337,0.99550,0.00009,0.00103
92.10000,1.05394,0.00321,0.99584,0.00008,0.00088
92.20000,1.05394,0.00304,0.99596,0.00008,0.00092
92.30000,1.05393,0.00364,0.99489,0.00010,0.00137
92.40000,1.05393,0.00392,0.99419,0.00014,0.00175
92.50000,1.05394,0.00376,0.99474,0.00011,0.00138
92.60000,1.05394,0.00368,0.99491,0.00012,0.00130
92.70000,1.05394,0.00360,0.99523,0.00009,0.00108
92.80000,1.05393,0.00376,0.99494,0.00011,0.00119
92.90000,1.05393,0.00366,0.99495,0.00011,0.00127
93.00000,1.05394,0.00361,0.99535,0.00009,0.00095
93.10000,1.05394,0.00343,0.99543,0.00009,0.00104
93.20000,1.05394,0.00383,0.99493,0.00011,0.00114
93.30000,1.05393,0.00388,0.99468,0.00013,0.00131
93.40000,1.05393,0.00373,0.99479,0.00011,0.00136
93.50000,1.05394,0.00395,0.99421,0.00016,0.00168
93.60000,1.05394,0.00393,0.99416,0.00014,0.00177
93.70000,1.05394,0.00442,0.99371,0.00015,0.00172
93.80000,1.05393,0.00371,0.99451,0.00013,0.00165
93.90000,1.05393,0.00478,0.99292,0.00018,0.00213
94.00000,1.05394,0.00401,0.99389,0.00015,0.00195
94.10000,1.05394,0.00419,0.99395,0.00014,0.00171
94.20000,1.05394,0.00357,0.99425,0.00013,0.00205
94.30000,1.05393,0.00459,0.99287,0.00016,0.00237
94.40000,1.05393,0.00417,0.99299,0.00017,0.00267
94.50000,1.05394,0.00468,0.99281,0.00016,0.00234
94.60000,1.05394,0.00410,0.99362,0.00015,0.00213
94.70000,1.05394,0.00407,0.99381,0.00015,0.00197
94.80000,1.05393,0.00483,0.99243,0.00018,0.00257
94.90000,1.05393,0.00411,0.99275,0.00020,0.00295
95.00000,1.05394,0.00558,0.99081,0.00024,0.00336
95.10000,1.05394,0.00529,0.99212,0.00019,0.00240
95.20000,1.05394,0.00579,0.99175,0.00020,0.00225
95.30000,1.05393,0.00427,0.99413,0.00013,0.00147
95.40000,1.05393,0.00373,0.99489,0.00012,0.00126
95.50000,1.05394,0.00402,0.99438,0.00013,0.00147
95.60000,1.05394,0.00379,0.99455,0.00014,0.00152
95.70000,1.05394,0.00417,0.99452,0.00011,0.00120
95.80000,1.05393,0.00302,0.99603,0.00008,0.00087
95.90000,1.05393,0.00279,0.99651,0.00006,0.00064
96.00000,1.05394,0.00296,0.99599,0.00008,0.00098
96.10000,1.05394,0.00307,0.99567,0.00010,0.00116
96.20000,1.05394,0.00396,0.99438,0.00011,0.00154
96.30000,1.05393,0.00324,0.99550,0.00010,0.00116
96.40000,1.05393,0.00302,0.99548,0.00011,0.00139
96.50000,1.05394,0.00379,0.99428,0.00013,0.00180
96.60000,1.05394,0.00395,0.99362,0.00017,0.00225
96.70000,1.05394,0.00479,0.99291,0.00016,0.00213
96.80000,1.05393,0.00513,0.99258,0.00017,0.00212
96.90000,1.05393,0.00412,0.99443,0.00011,0.00134
97.00000,1.05394,0.00658,0.99216,0.00011,0.00115
97.10000,1.05394,0.00642,0.99228,0.00011,0.00119
97.20000,1.05394,0.00754,0.99115,0.00011,0.00120
97.30000,1.05393,0.00628,0.99231,0.00011,0.00130
97.40000,1.05393,0.00764,0.99091,0.00012,0.00133
97.50000,1.05394,0.00660,0.99238,0.00010,0.00092
97.60000,1.05394,0.00639,0.99257,0.00009,0.00095
97.70000,1.05394,0.00479,0.99403,0.00010,0.00109
97.80000,1.05393,0.00545,0.99293,0.00013,0.00148
97.90000,1.05393,0.00638,0.99197,0.00013,0.00152
98.00000,1.05394,0.00330,0.99548,0.00010,0.00112
98.10000,1.05394,0.00288,0.99595,0.00010,0.00107
98.20000,1.05394,0.00290,0.99601,0.00011,0.00098
98.30000,1.05393,0.00264,0.99620,0.00011,0.00104
98.40000,1.05393,0.00296,0.99590,0.00010,0.00104
98.50000,1.05394,0.00316,0.99562,0.00011,0.00110
98.60000,1.05394,0.00343,0.99510,0.00015,0.00132
98.70000,1.05394,0.00328,0.99528,0.00014,0.00130
98.80000,1.05393,0.00350,0.99501,0.00015,0.00134
98.90000,1.05393,0.00377,0.99504,0.00012,0.00107
99.00000,1.05394,0.00324,0.99589,0.00009,0.00078
99.10000,1.05394,0.00302,0.99602,0.00010,0.00087
99.20000,1.05394,0.00269,0.99638,0.00009,0.00085
99.30000,1.05393,0.00271,0.99639,0.00008,0.00082
99.40000,1.05393,0.00272,0.99638,0.00008,0.00081
99.50000,1.05394,0.00309,0.99581,0.00011,0.00100
99.60000,1.05394,0.00307,0.99599,0.00009,0.00085
99.70000,1.05394,0.00299,0.99611,0.00008,0.00081
99.80000,1.05393,0.00306,0.99602,0.00009,0.00083
99.90000,1.05393,0.00301,0.99603,0.00009,0.00088
100.00000,1.05394,0.00357,0.99524,0.00012,0.00106
100.10000,1.05394,0.00350,0.99534,0.00011,0.00105
100.20000,1.05394,0.00355,0.99527,0.00011,0.00107
100.30000,1.05393,0.00395,0.99480,0.00011,0.00114
100.40000,1.05393,0.00406,0.99465,0.00011,0.00118
100.50000,1.05394,0.00379,0.99515,0.00009,0.00097
100.60000,1.05394,0.00288,0.99627,0.00007,0.00078
100.70000,1.05394,0.00294,0.99611,0.00008,0.00086
100.80000,1.05393,0.00424,0.99443,0.00013,0.00121
100.90000,1.05393,0.00348,0.99550,0.00009,0.00093
101.00000,1.05394,0.00366,0.99519,0.00010,0.00105
101.10000,1.05394,0.00333,0.99568,0.00009,0.00090
101.20000,1.05394,0.00380,0.99481,0.00013,0.00126
101.30000,1.05393,0.00354,0.99523,0.00012,0.00111
101.40000,1.05393,0.00404,0.99463,0.00012,0.00121
101.50000,1.05394,0.00347,0.99525,0.00012,0.00116
101.60000,1.05394,0.00464,0.99332,0.00018,0.00185
101.70000,1.05394,0.00431,0.99415,0.00014,0.00140
101.80000,1.05393,0.00392,0.99456,0.00013,0.00140
101.90000,1.05393,0.00425,0.99423,0.00015,0.00137
102.00000,1.05394,0.00417,0.99441,0.00012,0.00130
102.10000,1.05394,0.00383,0.99475,0.00013,0.00129
102.20000,1.05394,0.00327,0.99575,0.00009,0.00090
102.30000,1.05393,0.00389,0.99484,0.00013,0.00114
102.40000,1.05393,0.00292,0.99639,0.00007,0.00063
102.50000,1.05394,0.00340,0.99572,0.00009,0.00078
102.60000,1.05394,0.00267,0.99665,0.00007,0.00061
102.70000,1.05394,0.00339,0.99583,0.00009,0.00069
102.80000,1.05393,0.00253,0.99691,0.00006,0.00051
102.90000,1.05393,0.00298,0.99620,0.00009,0.00073
103.00000,1.05394,0.00274,0.99656,0.00008,0.00062
103.10000,1.05394,0.00299,0.99628,0.00008,0.00065
103.20000,1.05394,0.00296,0.99631,0.00008,0.00064
103.30000,1.05393,0.00339,0.99562,0.00010,0.00089
103.40000,1.05393,0.00390,0.99509,0.00012,0.00089
103.50000,1.05394,0.00356,0.99552,0.00011,0.00081
103.60000,1.05394,0.00349,0.99564,0.00010,0.00077
103.70000,1.05394,0.00378,0.99536,0.00011,0.00076
103.80000,1.05393,0.00349,0.99564,0.00010,0.00077
103.90000,1.05393,0.00373,0.99548,0.00009,0.00069
104.00000,1.05394,0.00327,0.99588,0.00009,0.00076
104.10000,1.05394,0.00292,0.99645,0.00007,0.00056
104.20000,1.05394,0.00257,0.99681,0.00006,0.00056
104.30000,1.05393,0.00245,0.99689,0.00007,0.00059
104.40000,1.05393,0.00251,0.99690,0.00006,0.00053
104.50000,1.05394,0.00250,0.99688,0.00007,0.00055
104.60000,1.05394,0.00231,0.99708,0.00005,0.00056
104.70000,1.05394,0.00231,0.99709,0.00006,0.00054
104.80000,1.05393,0.00216,0.99733,0.00005,0.00045
104.90000,1.05393,0.00211,0.99736,0.00005,0.00048
105.00000,1.05394,0.00215,0.99731,0.00005,0.00048
105.10000,1.05394,0.00230,0.99711,0.00006,0.00053
105.20000,1.05394,0.00247,0.99703,0.00005,0.00045
105.30000,1.05393,0.00240,0.99714,0.00004,0.00041
105.40000,1.05393,0.00241,0.99714,0.00005,0.00040
105.50000,1.05394,0.00288,0.99646,0.00006,0.00060
105.60000,1.05394,0.00321,0.99620,0.00006,0.00053
105.70000,1.05394,0.00380,0.99541,0.00007,0.00072
105.80000,1.05393,0.00428,0.99479,0.00009,0.00084
105.90000,1.05393,0.00492,0.99406,0.00010,0.00093
106.00000,1.05394,0.00474,0.99404,0.00012,0.00111
106.10000,1.05394,0.00567,0.99296,0.00015,0.00122
106.20000,1.05394,0.00628,0.99180,0.00022,0.00169
106.30000,1.05393,0.00585,0.99207,0.00025,0.00183
106.40000,1.05393,0.00680,0.99060,0.00033,0.00227
106.50000,1.05394,0.00664,0.99121,0.00029,0.00185
106.60000,1.05394,0.00863,0.98866,0.00041,0.00230
106.70000,1.05394,0.00782,0.98989,0.00039,0.00191
106.80000,1.05393,0.00728,0.99053,0.00039,0.00180
106.90000,1.05393,0.00699,0.99108,0.00037,0.00155
107.00000,1.05394,0.00741,0.99046,0.00044,0.00169
107.10000,1.05394,0.00644,0.99176,0.00036,0.00143
107.20000,1.05394,0.00677,0.99134,0.00038,0.00151
107.30000,1.05393,0.00725,0.99035,0.00045,0.00195
107.40000,1.05393,0.00994,0.98690,0.00069,0.00247
107.50000,1.05394,0.00836,0.98880,0.00062,0.00221
107.60000,1.05394,0.00920,0.98802,0.00062,0.00217
107.70000,1.05394,0.00885,0.98779,0.00075,0.00262
107.80000,1.05393,0.00865,0.98807,0.00074,0.00254
107.90000,1.05393,0.00819,0.98831,0.00073,0.00277
108.00000,1.05394,0.00956,0.98646,0.00095,0.00303
108.10000,1.05394,0.00941,0.98651,0.00092,0.00316
108.20000,1.05394,0.00749,0.98961,0.00067,0.00223
108.30000,1.05393,0.00578,0.99191,0.00048,0.00182
108.40000,1.05393,0.00635,0.99126,0.00049,0.00190
108.50000,1.05394,0.00677,0.99074,0.00055,0.00194
108.60000,1.05394,0.00737,0.98953,0.00071,0.00240
108.70000,1.05394,0.00826,0.98880,0.00066,0.00228
108.80000,1.05393,0.00784,0.98923,0.00069,0.00224
108.90000,1.05393,0.00765,0.98910,0.00075,0.00250
109.00000,1.05394,0.00794,0.98845,0.00079,0.00283
109.10000,1.05394,0.00847,0.98815,0.00076,0.00262
109.20000,1.05394,0.01084,0.98472,0.00114,0.00329
109.30000,1.05393,0.00939,0.98638,0.00099,0.00324
109.40000,1.05393,0.00790,0.98902,0.00067,0.00241
109.50000,1.05394,0.00727,0.98970,0.00063,0.00240
109.60000,1.05394,0.00648,0.99117,0.00049,0.00186
109.70000,1.05394,0.00649,0.99069,0.00052,0.00230
109.80000,1.05393,0.00686,0.99038,0.00054,0.00223
109.90000,1.05393,0.00652,0.99018,0.00054,0.00276
110.00000,1.05394,0.00650,0.99063,0.00050,0.00236
110.10000,1.05394,0.00583,0.99103,0.00048,0.00265
110.20000,1.05394,0.00517,0.99237,0.00039,0.00207
110.30000,1.05393,0.00687,0.98973,0.00060,0.00280
110.40000,1.05393,0.00839,0.98741,0.00079,0.00342
110.50000,1.05394,0.00880,0.98692,0.00089,0.00339
110.60000,1.05394,0.00831,0.98791,0.00084,0.00294
110.70000,1.05394,0.01006,0.98565,0.00106,0.00324
110.80000,1.05393,0.01084,0.98411,0.00120,0.00384
110.90000,1.05393,0.00917,0.98679,0.00095,0.00309
111.00000,1.05394,0.01120,0.98374,0.00125,0.00381
111.10000,1.05394,0.01287,0.98154,0.00139,0.00419
111.20000,1.05394,0.01662,0.97589,0.00191,0.00557
111.30000,1.05393,0.01437,0.97834,0.00158,0.00571
111.40000,1.05393,0.01554,0.97712,0.00176,0.00558
111.50000,1.05394,0.01437,0.97779,0.00166,0.00619
111.60000,1.05394,0.01465,0.97778,0.00162,0.00596
111.70000,1.05394,0.01352,0.97936,0.00157,0.00556
111.80000,1.05393,0.01470,0.97837,0.00172,0.00522
111.90000,1.05393,0.01483,0.97898,0.00142,0.00476
112.00000,1.05394,0.01300,0.98096,0.00151,0.00452
112.10000,1.05394,0.01128,0.98283,0.00135,0.00453
112.20000,1.05394,0.00990,0.98572,0.00109,0.00330
112.30000,1.05393,0.00935,0.98669,0.00094,0.00303
112.40000,1.05393,0.00967,0.98558,0.00108,0.00367
112.50000,1.05394,0.00982,0.98602,0.00105,0.00311
112.60000,1.05394,0.00946,0.98712,0.00090,0.00252
112.70000,1.05394,0.01036,0.98479,0.00114,0.00371
112.80000,1.05393,0.01027,0.98578,0.00106,0.00288
112.90000,1.05393,0.01196,0.98349,0.00117,0.00338
113.00000,1.05394,0.00975,0.98657,0.00095,0.00273
113.10000,1.05394,0.00913,0.98724,0.00080,0.00283
113.20000,1.05394,0.00888,0.98762,0.00086,0.00264
113.30000,1.05393,0.00894,0.98791,0.00076,0.00239
113.40000,1.05393,0.00772,0.98986,0.00059,0.00183
113.50000,1.05394,0.00901,0.98827,0.00069,0.00204
113.60000,1.05394,0.00722,0.99056,0.00054,0.00167
113.70000,1.05394,0.00706,0.99082,0.00050,0.00162
113.80000,1.05393,0.00605,0.99226,0.00038,0.00131
113.90000,1.05393,0.00642,0.99192,0.00037,0.00129
114.00000,1.05394,0.00560,0.99287,0.00036,0.00117
114.10000,1.05394,0.00561,0.99259,0.00038,0.00143
114.20000,1.05394,0.00545,0.99305,0.00034,0.00116
114.30000,1.05393,0.00615,0.99223,0.00034,0.00128
114.40000,1.05393,0.00558,0.99271,0.00036,0.00135
114.50000,1.05394,0.00616,0.99170,0.00040,0.00174
114.60000,1.05394,0.00865,0.98853,0.00068,0.00214
114.70000,1.05394,0.00889,0.98801,0.00073,0.00238
114.80000,1.05393,0.00908,0.98784,0.00079,0.00230
114.90000,1.05393,0.00881,0.98824,0.00068,0.00227
115.00000,1.05394,0.01020,0.98579,0.00104,0.00298
115.10000,1.05394,0.00895,0.98789,0.00078,0.00239
115.20000,1.05394,0.00953,0.98726,0.00082,0.00238
115.30000,1.05393,0.00882,0.98831,0.00071,0.00215
115.40000,1.05393,0.00963,0.98664,0.00103,0.00270
115.50000,1.05394,0.00847,0.98886,0.00065,0.00202
115.60000,1.05394,0.00846,0.98834,0.00084,0.00237
115.70000,1.05394,0.01084,0.98575,0.00099,0.00242
115.80000,1.05393,0.01411,0.98115,0.00156,0.00318
115.90000,1.05393,0.01336,0.98238,0.00142,0.00284
116.00000,1.05394,0.01348,0.98192,0.00151,0.00308
116.10000,1.05394,0.01534,0.97967,0.00173,0.00326
116.20000,1.05394,0.01482,0.97979,0.00180,0.00359
116.30000,1.05393,0.01242,0.98336,0.00141,0.00281
116.40000,1.05393,0.01223,0.98363,0.00128,0.00286
116.50000,1.05394,0.01003,0.98705,0.00088,0.00204
116.60000,1.05394,0.00974,0.98709,0.00083,0.00234
116.70000,1.05394,0.00868,0.98862,0.00075,0.00195
116.80000,1.05393,0.00716,0.99075,0.00054,0.00154
116.90000,1.05393,0.00696,0.99093,0.00054,0.00157
117.00000,1.05394,0.00625,0.99199,0.00039,0.00137
117.10000,1.05394,0.00600,0.99243,0.00040,0.00117
117.20000,1.05394,0.00691,0.99146,0.00038,0.00126
117.30000,1.05393,0.00677,0.99108,0.00051,0.00164
117.40000,1.05393,0.00781,0.99000,0.00052,0.00166
117.50000,1.05394,0.00834,0.98922,0.00066,0.00179
117.60000,1.05394,0.00758,0.99014,0.00058,0.00169
117.70000,1.05394,0.00678,0.99097,0.00053,0.00172
117.80000,1.05393,0.00658,0.99128,0.00050,0.00164
117.90000,1.05393,0.00773,0.98924,0.00073,0.00230
118.00000,1.05394,0.00840,0.98894,0.00066,0.00200
118.10000,1.05394,0.00853,0.98841,0.00077,0.00228
118.20000,1.05394,0.00707,0.99004,0.00066,0.00223
118.30000,1.05393,0.00835,0.98883,0.00066,0.00217
118.40000,1.05393,0.00683,0.99073,0.00058,0.00186
118.50000,1.05394,0.00692,0.99061,0.00060,0.00187
118.60000,1.05394,0.00893,0.98793,0.00082,0.00232
118.70000,1.05394,0.01053,0.98570,0.00108,0.00270
118.80000,1.05393,0.01136,0.98498,0.00108,0.00257
118.90000,1.05393,0.01197,0.98447,0.00111,0.00245
119.00000,1.05394,0.01361,0.98198,0.00146,0.00295
119.10000,1.05394,0.01333,0.98186,0.00165,0.00317
119.20000,1.05394,0.01716,0.97738,0.00196,0.00349
119.30000,1.05393,0.01547,0.97900,0.00195,0.00358
119.40000,1.05393,0.01565,0.97948,0.00174,0.00312
119.50000,1.05394,0.01178,0.98418,0.00120,0.00283
119.60000,1.05394,0.00998,0.98673,0.00098,0.00231
119.70000,1.05394,0.01051,0.98590,0.00108,0.00251
119.80000,1.05393,0.01177,0.98427,0.00114,0.00282
119.90000,1.05393,0.01157,0.98427,0.00116,0.00300
120.00000,1.05394,0.00916,0.98733,0.00094,0.00257
120.10000,1.05394,0.00920,0.98729,0.00088,0.00262
120.20000,1.05394,0.00935,0.98734,0.00085,0.00245
120.30000,1.05393,0.00907,0.98793,0.00083,0.00218
120.40000,1.05393,0.01016,0.98580,0.00105,0.00299
120.50000,1.05394,0.01089,0.98524,0.00111,0.00276
120.60000,1.05394,0.00941,0.98700,0.00092,0.00267
120.70000,1.05394,0.00879,0.98812,0.00083,0.00226
120.80000,1.05393,0.00742,0.98976,0.00064,0.00217
120.90000,1.05393,0.00716,0.99044,0.00061,0.00179
121.00000,1.05394,0.00695,0.99042,0.00062,0.00202
121.10000,1.05394,0.00664,0.99108,0.00057,0.00171
121.20000,1.05394,0.00739,0.98992,0.00061,0.00208
121.30000,1.05393,0.00748,0.98974,0.00063,0.00215
121.40000,1.05393,0.00766,0.98955,0.00063,0.00216
121.50000,1.05394,0.00754,0.98986,0.00059,0.00201
121.60000,1.05394,0.00826,0.98863,0.00080,0.00231
121.70000,1.05394,0.00751,0.98974,0.00065,0.00210
121.80000,1.05393,0.00811,0.98892,0.00075,0.00222
121.90000,1.05393,0.00712,0.99016,0.00063,0.00208
122.00000,1.05394,0.00848,0.98862,0.00070,0.00220
122.10000,1.05394,0.00819,0.98882,0.00073,0.00226
122.20000,1.05394,0.00852,0.98878,0.00071,0.00199
122.30000,1.05393,0.00670,0.99087,0.00052,0.00192
122.40000,1.05393,0.00651,0.99111,0.00051,0.00187
122.50000,1.05394,0.00554,0.99250,0.00040,0.00156
122.60000,1.05394,0.00776,0.98959,0.00059,0.00206
122.70000,1.05394,0.00750,0.98961,0.00063,0.00227
122.80000,1.05393,0.00815,0.98838,0.00082,0.00265
122.90000,1.05393,0.00849,0.98861,0.00064,0.00226
123.00000,1.05394,0.00723,0.99038,0.00054,0.00186
123.10000,1.05394,0.00698,0.99045,0.00056,0.00201
123.20000,1.05394,0.00868,0.98825,0.00079,0.00229
123.30000,1.05393,0.00883,0.98832,0.00074,0.00210
123.40000,1.05393,0.00872,0.98814,0.00081,0.00233
123.50000,1.05394,0.00965,0.98708,0.00082,0.00246
123.60000,1.05394,0.00931,0.98719,0.00088,0.00262
123.70000,1.05394,0.00790,0.98918,0.00067,0.00225
123.80000,1.05393,0.00868,0.98796,0.00085,0.00250
123.90000,1.05393,0.00715,0.99002,0.00068,0.00215
124.00000,1.05394,0.00712,0.99018,0.00062,0.00207
124.10000,1.05394,0.00682,0.99064,0.00053,0.00201
124.20000,1.05394,0.00688,0.99030,0.00062,0.00221
124.30000,1.05393,0.00566,0.99200,0.00048,0.00186
124.40000,1.05393,0.00572,0.99226,0.00040,0.00161
124.50000,1.05394,0.00460,0.99364,0.00031,0.00145
124.60000,1.05394,0.00399,0.99441,0.00030,0.00130
124.70000,1.05394,0.00485,0.99327,0.00032,0.00156
124.80000,1.05393,0.00522,0.99282,0.00037,0.00158
124.90000,1.05393,0.00466,0.99342,0.00031,0.00160
125.00000,1.05394,0.00448,0.99400,0.00029,0.00123
125.10000,1.05394,0.00426,0.99429,0.00025,0.00120
125.20000,1.05394,0.00439,0.99410,0.00030,0.00121
125.30000,1.05393,0.00436,0.99427,0.00026,0.00111
125.40000,1.05393,0.00443,0.99405,0.00031,0.00121
125.50000,1.05394,0.00462,0.99380,0.00030,0.00128
125.60000,1.05394,0.00575,0.99243,0.00039,0.00142
125.70000,1.05394,0.00488,0.99364,0.00031,0.00117
125.80000,1.05393,0.00651,0.99128,0.00048,0.00172
125.90000,1.05393,0.00600,0.99184,0.00045,0.00171
126.00000,1.05394,0.00743,0.98982,0.00058,0.00217
126.10000,1.05394,0.00681,0.99056,0.00055,0.00208
126.20000,1.05394,0.00740,0.98959,0.00064,0.00238
126.30000,1.05393,0.00712,0.98989,0.00061,0.00238
126.40000,1.05393,0.00744,0.98972,0.00061,0.00224
126.50000,1.05394,0.00666,0.99022,0.00062,0.00251
126.60000,1.05394,0.00706,0.98992,0.00062,0.00239
126.70000,1.05394,0.00699,0.99066,0.00042,0.00193
126.80000,1.05393,0.01707,0.97955,0.00061,0.00278
126.90000,1.05393,0.01869,0.97606,0.00085,0.00441
127.00000,1.05394,0.02117,0.97293,0.00084,0.00506
127.10000,1.05393,0.03359,0.95925,0.00103,0.00612
127.20000,1.05394,0.06762,0.92199,0.00146,0.00893
127.30000,1.05394,0.07897,0.90453,0.00200,0.01451
127.40000,1.05393,0.08012,0.89823,0.00244,0.01921
127.50000,1.05394,0.14400,0.82902,0.00250,0.02448
127.60000,1.05393,0.25877,0.67672,0.00443,0.06009
127.70000,1.05394,0.31235,0.60323,0.00635,0.07807
127.80000,1.05394,0.18205,0.72303,0.00630,0.08862
127.90000,1.05393,0.19743,0.75234,0.00394,0.04629
128.00000,1.05394,0.37295,0.54380,0.00560,0.07765
128.10001,1.05392,0.26991,0.66556,0.00435,0.06018
128.20000,1.05394,0.16370,0.78431,0.00407,0.04792
128.30000,1.05394,0.09001,0.87985,0.00301,0.02713
128.39999,1.05394,0.10277,0.86602,0.00345,0.02776
128.50000,1.05394,0.08068,0.89999,0.00257,0.01676
128.60001,1.05392,0.03405,0.95697,0.00141,0.00757
128.70000,1.05394,0.02227,0.97191,0.00106,0.00475
128.80000,1.05394,0.02554,0.96834,0.00102,0.00510
128.89999,1.05394,0.01520,0.98049,0.00074,0.00357
129.00000,1.05394,0.00750,0.98935,0.00060,0.00256
129.10001,1.05392,0.00612,0.99122,0.00051,0.00215
129.20000,1.05394,0.00734,0.99000,0.00050,0.00216
129.30000,1.05394,0.00466,0.99343,0.00034,0.00158
129.39999,1.05394,0.00561,0.99238,0.00034,0.00167
129.50000,1.05394,0.00466,0.99353,0.00029,0.00152
129.60001,1.05392,0.00556,0.99253,0.00032,0.00160
129.70000,1.05394,0.00441,0.99389,0.00028,0.00142
129.80000,1.05394,0.00425,0.99446,0.00021,0.00108
129.89999,1.05394,0.00407,0.99478,0.00021,0.00095
130.00000,1.05394,0.00404,0.99469,0.00022,0.00105
130.10001,1.05392,0.00447,0.99438,0.00022,0.00093
130.20000,1.05394,0.00482,0.99391,0.00027,0.00100
130.30000,1.05394,0.00507,0.99348,0.00029,0.00116
130.39999,1.05394,0.00441,0.99422,0.00026,0.00110
130.50000,1.05394,0.00484,0.99394,0.00025,0.00097
130.60001,1.05392,0.00461,0.99396,0.00029,0.00113
130.70000,1.05394,0.00456,0.99406,0.00028,0.00110
130.80000,1.05394,0.00466,0.99386,0.00031,0.00117
130.89999,1.05394,0.00442,0.99398,0.00031,0.00129
131.00000,1.05394,0.00384,0.99482,0.00024,0.00110
131.10001,1.05392,0.00375,0.99485,0.00024,0.00116
131.20000,1.05394,0.00410,0.99455,0.00025,0.00109
131.30000,1.05394,0.00374,0.99501,0.00022,0.00103
131.39999,1.05394,0.00393,0.99469,0.00024,0.00114
131.50000,1.05394,0.00394,0.99477,0.00024,0.00106
131.60001,1.05392,0.00496,0.99348,0.00031,0.00125
131.70000,1.05394,0.00529,0.99298,0.00032,0.00141
131.80000,1.05394,0.00535,0.99289,0.00033,0.00143
131.89999,1.05394,0.00613,0.99180,0.00043,0.00163
132.00000,1.05394,0.00607,0.99182,0.00045,0.00166
132.10001,1.05392,0.00559,0.99250,0.00041,0.00151
132.20000,1.05394,0.00541,0.99269,0.00037,0.00153
132.30000,1.05394,0.00514,0.99310,0.00036,0.00139
132.39999,1.05394,0.00541,0.99268,0.00036,0.00155
132.50000,1.05394,0.00504,0.99343,0.00029,0.00125
132.60001,1.05392,0.00527,0.99297,0.00035,0.00142
132.70000,1.05394,0.00503,0.99331,0.00033,0.00134
132.80000,1.05394,0.00513,0.99297,0.00037,0.00153
132.89999,1.05394,0.00383,0.99474,0.00023,0.00120
133.00000,1.05394,0.00491,0.99334,0.00033,0.00143
133.10001,1.05392,0.00492,0.99334,0.00032,0.00143
133.20000,1.05394,0.00524,0.99283,0.00035,0.00158
133.30000,1.05394,0.00495,0.99352,0.00027,0.00125
133.39999,1.05394,0.00530,0.99283,0.00038,0.00149
133.50000,1.05394,0.00468,0.99396,0.00026,0.00110
133.60001,1.05392,0.00565,0.99307,0.00028,0.00100
133.70000,1.05394,0.00540,0.99322,0.00030,0.00109
133.80000,1.05394,0.00693,0.99123,0.00044,0.00140
133.89999,1.05394,0.00648,0.99193,0.00036,0.00122
134.00000,1.05394,0.00689,0.99135,0.00043,0.00133
134.10001,1.05392,0.00598,0.99253,0.00035,0.00113
134.20000,1.05394,0.00637,0.99187,0.00038,0.00137
134.30000,1.05394,0.00586,0.99234,0.00041,0.00140
134.39999,1.05394,0.00541,0.99275,0.00038,0.00147
134.50000,1.05394,0.00627,0.99177,0.00044,0.00152
134.60001,1.05392,0.00551,0.99232,0.00037,0.00179
134.70000,1.05394,0.00473,0.99363,0.00030,0.00134
134.80000,1.05394,0.00518,0.99301,0.00033,0.00147
134.89999,1.05394,0.00523,0.99305,0.00033,0.00139
135.00000,1.05394,0.00574,0.99248,0.00037,0.00141
135.10001,1.05392,0.00662,0.99123,0.00048,0.00167
135.20000,1.05394,0.00720,0.99021,0.00063,0.00196
135.30000,1.05394,0.00893,0.98796,0.00081,0.00230
135.39999,1.05394,0.00785,0.98981,0.00065,0.00169
135.50000,1.05394,0.00931,0.98794,0.00073,0.00202
135.60001,1.05392,0.00739,0.99038,0.00060,0.00164
135.70000,1.05394,0.00850,0.98921,0.00062,0.00167
135.80000,1.05394,0.00883,0.98863,0.00072,0.00182
135.89999,1.05394,0.01130,0.98538,0.00101,0.00231
136.00000,1.05394,0.00892,0.98833,0.00078,0.00197
136.10001,1.05392,0.00789,0.98990,0.00059,0.00161
136.20000,1.05394,0.00694,0.99112,0.00050,0.00145
136.30000,1.05394,0.00678,0.99124,0.00047,0.00150
136.39999,1.05394,0.00644,0.99173,0.00048,0.00136
136.50000,1.05394,0.00756,0.99022,0.00059,0.00163
136.60001,1.05392,0.00767,0.99011,0.00060,0.00161
136.70000,1.05394,0.00760,0.99019,0.00056,0.00164
136.80000,1.05394,0.00608,0.99231,0.00040,0.00121
136.89999,1.05394,0.00658,0.99133,0.00055,0.00155
137.00000,1.05394,0.00711,0.99088,0.00053,0.00148
137.10001,1.05392,0.00827,0.98919,0.00067,0.00188
137.20000,1.05394,0.00673,0.99125,0.00051,0.00152
137.30000,1.05394,0.00917,0.98791,0.00074,0.00218
137.39999,1.05394,0.00924,0.98838,0.00060,0.00178
137.50000,1.05394,0.00861,0.98852,0.00071,0.00216
137.60001,1.05392,0.00704,0.99128,0.00038,0.00130
137.70000,1.05394,0.00648,0.99170,0.00042,0.00140
137.80000,1.05394,0.00627,0.99224,0.00033,0.00116
137.89999,1.05394,0.00495,0.99378,0.00026,0.00101
138.00000,1.05394,0.00531,0.99346,0.00024,0.00098
138.10001,1.05392,0.00454,0.99421,0.00024,0.00101
138.20000,1.05394,0.00462,0.99424,0.00022,0.00093
138.30000,1.05394,0.00346,0.99569,0.00015,0.00069
138.39999,1.05394,0.00331,0.99598,0.00013,0.00059
138.50000,1.05394,0.00353,0.99571,0.00014,0.00063
138.60001,1.05392,0.00436,0.99471,0.00017,0.00076
138.70000,1.05394,0.00494,0.99380,0.00026,0.00100
138.80000,1.05394,0.00522,0.99372,0.00021,0.00085
138.89999,1.05394,0.00612,0.99260,0.00029,0.00099
139.00000,1.05394,0.00486,0.99402,0.00023,0.00089
139.10001,1.05392,0.00668,0.99191,0.00031,0.00110
139.20000,1.05394,0.00668,0.99168,0.00038,0.00127
139.30000,1.05394,0.01004,0.98740,0.00067,0.00190
139.39999,1.05394,0.00918,0.98829,0.00067,0.00186
139.50000,1.05394,0.01140,0.98587,0.00078,0.00195
139.60001,1.05392,0.00936,0.98804,0.00069,0.00191
139.70000,1.05394,0.01368,0.98291,0.00111,0.00231
139.80000,1.05394,0.01185,0.98489,0.00097,0.00229
139.89999,1.05394,0.01323,0.98336,0.00104,0.00237
140.00000,1.05394,0.01149,0.98488,0.00118,0.00245
140.10001,1.05392,0.01065,0.98555,0.00120,0.00260
140.20000,1.05394,0.01057,0.98686,0.00073,0.00185
140.30000,1.05394,0.00821,0.98948,0.00061,0.00170
140.39999,1.05394,0.00653,0.99154,0.00048,0.00144
140.50000,1.05394,0.00536,0.99286,0.00036,0.00141
140.60001,1.05392,0.00529,0.99327,0.00029,0.00114
140.70000,1.05394,0.00454,0.99372,0.00030,0.00144
140.80000,1.05394,0.00444,0.99406,0.00024,0.00126
140.89999,1.05394,0.00416,0.99427,0.00025,0.00132
141.00000,1.05394,0.00355,0.99522,0.00017,0.00105
141.10001,1.05392,0.00318,0.99576,0.00015,0.00091
141.20000,1.05394,0.00291,0.99609,0.00014,0.00086
141.30000,1.05394,0.00308,0.99578,0.00016,0.00097
141.39999,1.05394,0.00293,0.99611,0.00014,0.00083
141.50000,1.05394,0.00330,0.99562,0.00014,0.00093
141.60001,1.05392,0.00263,0.99646,0.00012,0.00079
141.70000,1.05394,0.00321,0.99584,0.00014,0.00081
141.80000,1.05394,0.00252,0.99668,0.00011,0.00069
141.89999,1.05394,0.00299,0.99610,0.00013,0.00079
142.00000,1.05394,0.00302,0.99593,0.00015,0.00090
142.10001,1.05392,0.00355,0.99518,0.00019,0.00108
142.20000,1.05394,0.00360,0.99511,0.00019,0.00109
142.30000,1.05394,0.00389,0.99477,0.00022,0.00113
142.39999,1.05394,0.00390,0.99456,0.00024,0.00129
142.50000,1.05394,0.00341,0.99537,0.00018,0.00104
142.60001,1.05392,0.00353,0.99520,0.00019,0.00108
142.70000,1.05394,0.00320,0.99565,0.00016,0.00098
142.80000,1.05394,0.00297,0.99589,0.00015,0.00099
142.89999,1.05394,0.00266,0.99629,0.00012,0.00093
143.00000,1.05394,0.00251,0.99655,0.00012,0.00083
143.10001,1.05392,0.00206,0.99713,0.00009,0.00072
143.20000,1.05394,0.00205,0.99722,0.00009,0.00064
143.30000,1.05394,0.00202,0.99720,0.00008,0.00069
143.39999,1.05394,0.00211,0.99704,0.00009,0.00076
143.50000,1.05394,0.00209,0.99703,0.00009,0.00079
143.60001,1.05392,0.00218,0.99701,0.00009,0.00073
143.70000,1.05394,0.00296,0.99588,0.00014,0.00102
143.80000,1.05394,0.00273,0.99629,0.00012,0.00087
143.89999,1.05394,0.00265,0.99639,0.00011,0.00084
144.00000,1.05394,0.00295,0.99599,0.00013,0.00093
144.10001,1.05392,0.00311,0.99580,0.00014,0.00096
144.20000,1.05394,0.00310,0.99586,0.00014,0.00090
144.30000,1.05394,0.00315,0.99587,0.00013,0.00085
144.39999,1.05394,0.00304,0.99602,0.00013,0.00082
144.50000,1.05394,0.00275,0.99648,0.00011,0.00067
144.60001,1.05392,0.00276,0.99649,0.00010,0.00064
144.70000,1.05394,0.00272,0.99647,0.00010,0.00071
144.80000,1.05394,0.00254,0.99669,0.00010,0.00067
144.89999,1.05394,0.00249,0.99673,0.00009,0.00069
145.00000,1.05394,0.00233,0.99706,0.00007,0.00054
145.10001,1.05392,0.00217,0.99722,0.00007,0.00054
145.20000,1.05394,0.00207,0.99726,0.00007,0.00060
145.30000,1.05394,0.00199,0.99728,0.00007,0.00066
145.39999,1.05394,0.00202,0.99725,0.00008,0.00066
145.50000,1.05394,0.00242,0.99659,0.00011,0.00089
145.60001,1.05392,0.00246,0.99665,0.00009,0.00079
145.70000,1.05394,0.00210,0.99716,0.00008,0.00067
145.80000,1.05394,0.00203,0.99723,0.00008,0.00067
145.89999,1.05394,0.00220,0.99703,0.00008,0.00068
146.00000,1.05394,0.00222,0.99701,0.00008,0.00069
146.10001,1.05392,0.00230,0.99692,0.00009,0.00069
146.20000,1.05394,0.00237,0.99684,0.00009,0.00071
146.30000,1.05394,0.00247,0.99680,0.00010,0.00063
146.39999,1.05394,0.00207,0.99727,0.00007,0.00059
146.50000,1.05394,0.00237,0.99687,0.00009,0.00066
146.60001,1.05392,0.00208,0.99728,0.00008,0.00057
146.70000,1.05394,0.00263,0.99661,0.00011,0.00065
146.80000,1.05394,0.00245,0.99679,0.00010,0.00066
146.89999,1.05394,0.00275,0.99633,0.00013,0.00079
147.00000,1.05394,0.00228,0.99703,0.00008,0.00061
147.10001,1.05392,0.00248,0.99673,0.00010,0.00068
147.20000,1.05394,0.00281,0.99638,0.00010,0.00072
147.30000,1.05394,0.00291,0.99608,0.00014,0.00087
147.39999,1.05394,0.00365,0.99496,0.00019,0.00120
147.50000,1.05394,0.00408,0.99438,0.00020,0.00135
147.60001,1.05392,0.00343,0.99534,0.00016,0.00106
147.70000,1.05394,0.00311,0.99574,0.00013,0.00102
147.80000,1.05394,0.00323,0.99575,0.00013,0.00089
147.89999,1.05394,0.00316,0.99566,0.00014,0.00104
148.00000,1.05394,0.00395,0.99462,0.00019,0.00124
148.10001,1.05392,0.00348,0.99526,0.00014,0.00112
148.20000,1.05394,0.00375,0.99488,0.00018,0.00119
148.30000,1.05394,0.00298,0.99591,0.00012,0.00099
148.39999,1.05394,0.00294,0.99623,0.00010,0.00073
148.50000,1.05394,0.00248,0.99689,0.00007,0.00057
148.60001,1.05392,0.00342,0.99579,0.00010,0.00068
148.70000,1.05394,0.00320,0.99598,0.00010,0.00072
148.80000,1.05394,0.00360,0.99546,0.00011,0.00082
148.89999,1.05394,0.00284,0.99631,0.00011,0.00074
149.00000,1.05394,0.00330,0.99581,0.00012,0.00077
149.10001,1.05392,0.00322,0.99592,0.00011,0.00074
149.20000,1.05394,0.00294,0.99622,0.00010,0.00073
149.30000,1.05394,0.00305,0.99596,0.00012,0.00088
149.39999,1.05394,0.00359,0.99534,0.00013,0.00094
149.50000,1.05394,0.00332,0.99555,0.00015,0.00098
149.60001,1.05392,0.00269,0.99650,0.00009,0.00072
149.70000,1.05394,0.00334,0.99559,0.00014,0.00093
149.80000,1.05394,0.00300,0.99608,0.00012,0.00081
149.89999,1.05394,0.00287,0.99627,0.00011,0.00074
150.00000,1.05394,0.00314,0.99597,0.00011,0.00079
150.10001,1.05392,0.00357,0.99541,0.00015,0.00087
150.20000,1.05394,0.00340,0.99554,0.00013,0.00092
150.30000,1.05394,0.00305,0.99611,0.00011,0.00073
150.39999,1.05394,0.00303,0.99613,0.00012,0.00072
150.50000,1.05394,0.00320,0.99581,0.00014,0.00086
150.60001,1.05392,0.00351,0.99541,0.00015,0.00094
150.70000,1.05394,0.00336,0.99557,0.00016,0.00091
150.80000,1.05394,0.00411,0.99469,0.00019,0.00101
150.89999,1.05394,0.00383,0.99486,0.00019,0.00112
151.00000,1.05394,0.00368,0.99518,0.00017,0.00097
151.10001,1.05392,0.00330,0.99567,0.00014,0.00089
151.20000,1.05394,0.00337,0.99544,0.00015,0.00104
151.30000,1.05394,0.00347,0.99527,0.00017,0.00109
151.39999,1.05394,0.00317,0.99556,0.00016,0.00110
151.50000,1.05394,0.00359,0.99531,0.00016,0.00094
151.60001,1.05392,0.00335,0.99541,0.00016,0.00109
151.70000,1.05394,0.00311,0.99586,0.00013,0.00089
151.80000,1.05394,0.00290,0.99611,0.00013,0.00086
151.89999,1.05394,0.00294,0.99603,0.00013,0.00089
152.00000,1.05394,0.00296,0.99603,0.00013,0.00088
152.10001,1.05392,0.00315,0.99591,0.00013,0.00081
152.20000,1.05394,0.00323,0.99575,0.00015,0.00087
152.30000,1.05394,0.00358,0.99532,0.00016,0.00095
152.39999,1.05394,0.00377,0.99511,0.00018,0.00094
152.50000,1.05394,0.00331,0.99548,0.00017,0.00104
152.60001,1.05392,0.00316,0.99564,0.00016,0.00104
152.70000,1.05394,0.00318,0.99567,0.00015,0.00099
152.80000,1.05394,0.00279,0.99622,0.00013,0.00086
152.89999,1.05394,0.00303,0.99603,0.00013,0.00081
153.00000,1.05394,0.00262,0.99642,0.00012,0.00084
153.10001,1.05392,0.00273,0.99633,0.00012,0.00081
153.20000,1.05394,0.00210,0.99725,0.00008,0.00058
153.30000,1.05394,0.00229,0.99700,0.00009,0.00062
153.39999,1.05394,0.00206,0.99728,0.00007,0.00059
153.50000,1.05394,0.00268,0.99658,0.00010,0.00065
153.60001,1.05392,0.00248,0.99674,0.00010,0.00069
153.70000,1.05394,0.00298,0.99617,0.00012,0.00074
153.80000,1.05394,0.00274,0.99636,0.00012,0.00078
153.89999,1.05394,0.00335,0.99548,0.00016,0.00101
154.00000,1.05394,0.00311,0.99587,0.00013,0.00088
154.10001,1.05392,0.00305,0.99594,0.00014,0.00087
154.20000,1.05394,0.00321,0.99567,0.00015,0.00097
154.30000,1.05394,0.00339,0.99559,0.00014,0.00089
154.39999,1.05394,0.00318,0.99580,0.00014,0.00088
154.50000,1.05394,0.00245,0.99670,0.00010,0.00075
154.60001,1.05392,0.00343,0.99537,0.00016,0.00103
154.70000,1.05394,0.00304,0.99594,0.00013,0.00089
154.80000,1.05394,0.00324,0.99567,0.00016,0.00093
154.89999,1.05394,0.00277,0.99631,0.00012,0.00080
155.00000,1.05394,0.00364,0.99514,0.00018,0.00104
155.10001,1.05392,0.00280,0.99633,0.00011,0.00075
155.20000,1.05394,0.00377,0.99506,0.00017,0.00099
155.30000,1.05394,0.00324,0.99575,0.00013,0.00087
155.39999,1.05394,0.00260,0.99659,0.00011,0.00070
155.50000,1.05394,0.00258,0.99653,0.00011,0.00078
155.60001,1.05392,0.00228,0.99700,0.00009,0.00063
155.70000,1.05394,0.00215,0.99711,0.00009,0.00065
155.80000,1.05394,0.00226,0.99703,0.00009,0.00063
155.89999,1.05394,0.00221,0.99699,0.00009,0.00070
156.00000,1.05394,0.00229,0.99703,0.00009,0.00059
156.10001,1.05392,0.00269,0.99642,0.00012,0.00078
156.20000,1.05394,0.00242,0.99684,0.00009,0.00065
156.30000,1.05394,0.00240,0.99678,0.00011,0.00071
156.39999,1.05394,0.00260,0.99640,0.00012,0.00087
156.50000,1.05394,0.00247,0.99673,0.00011,0.00070
156.60001,1.05392,0.00257,0.99649,0.00012,0.00081
156.70000,1.05394,0.00253,0.99656,0.00012,0.00078
156.80000,1.05394,0.00379,0.99532,0.00011,0.00079
156.89999,1.05394,0.00417,0.99492,0.00011,0.00080
157.00000,1.05394,0.00544,0.99317,0.00018,0.00121
157.10001,1.05392,0.01213,0.98601,0.00025,0.00161
157.20000,1.05394,0.01488,0.98251,0.00037,0.00224
157.30000,1.05394,0.01606,0.98131,0.00037,0.00226
157.39999,1.05394,0.01531,0.98190,0.00039,0.00240
157.50000,1.05394,0.02020,0.97643,0.00050,0.00288
157.60001,1.05392,0.01807,0.97853,0.00054,0.00287
157.70000,1.05394,0.02757,0.96825,0.00072,0.00345
157.80000,1.05394,0.01966,0.97621,0.00067,0.00345
157.89999,1.05394,0.01520,0.98143,0.00062,0.00275
158.00000,1.05394,0.01128,0.98663,0.00033,0.00176
158.10001,1.05392,0.00791,0.99037,0.00033,0.00138
158.20000,1.05394,0.00608,0.99239,0.00031,0.00122
158.30000,1.05394,0.00737,0.99096,0.00042,0.00125
158.39999,1.05394,0.00789,0.99005,0.00052,0.00154
158.50000,1.05394,0.00956,0.98801,0.00065,0.00178
158.60001,1.05392,0.00850,0.98958,0.00049,0.00144
158.70000,1.05394,0.00867,0.98929,0.00053,0.00150
158.80000,1.05394,0.00919,0.98860,0.00056,0.00164
158.89999,1.05394,0.01078,0.98639,0.00073,0.00210
159.00000,1.05394,0.00956,0.98794,0.00062,0.00189
159.10001,1.05392,0.00807,0.98935,0.00066,0.00191
159.20000,1.05394,0.01016,0.98685,0.00078,0.00221
159.30000,1.05394,0.00938,0.98730,0.00085,0.00247
159.39999,1.05394,0.00920,0.98767,0.00079,0.00233
159.50000,1.05394,0.00893,0.98820,0.00074,0.00214
159.60001,1.05392,0.01160,0.98417,0.00115,0.00307
159.70000,1.05394,0.00966,0.98703,0.00087,0.00244
159.80000,1.05394,0.01050,0.98643,0.00082,0.00225
159.89999,1.05394,0.00836,0.98909,0.00065,0.00190
160.00000,1.05394,0.00678,0.99106,0.00049,0.00168
160.10001,1.05392,0.00557,0.99273,0.00034,0.00136
160.20000,1.05394,0.00455,0.99408,0.00026,0.00111
160.30000,1.05394,0.00383,0.99505,0.00021,0.00091
160.39999,1.05394,0.00309,0.99602,0.00014,0.00074
160.50000,1.05394,0.00279,0.99642,0.00012,0.00067
160.60001,1.05392,0.00221,0.99716,0.00009,0.00055
160.70000,1.05394,0.00269,0.99657,0.00011,0.00062
160.80000,1.05394,0.00249,0.99671,0.00012,0.00068
160.89999,1.05394,0.00295,0.99617,0.00014,0.00074
161.00000,1.05394,0.00345,0.99563,0.00018,0.00074
161.10001,1.05392,0.00459,0.99422,0.00027,0.00092
161.20000,1.05394,0.00592,0.99233,0.00041,0.00134
161.30000,1.05394,0.00564,0.99290,0.00034,0.00112
161.39999,1.05394,0.00787,0.99004,0.00056,0.00153
161.50000,1.05394,0.00816,0.98980,0.00058,0.00146
161.60001,1.05392,0.01021,0.98701,0.00079,0.00198
161.70000,1.05394,0.01090,0.98617,0.00092,0.00201
161.80000,1.05394,0.01193,0.98443,0.00109,0.00256
161.89999,1.05394,0.01117,0.98563,0.00105,0.00215
162.00000,1.05394,0.00973,0.98736,0.00078,0.00213
162.10001,1.05392,0.00904,0.98817,0.00079,0.00200
162.20000,1.05394,0.00806,0.98911,0.00074,0.00209
162.30000,1.05394,0.00766,0.98967,0.00071,0.00197
162.39999,1.05394,0.00890,0.98872,0.00068,0.00170
162.50000,1.05394,0.00989,0.98751,0.00081,0.00179
162.60001,1.05392,0.00864,0.98936,0.00059,0.00141
162.70000,1.05394,0.00822,0.98953,0.00063,0.00163
162.80000,1.05394,0.00998,0.98765,0.00078,0.00159
162.89999,1.05394,0.01092,0.98646,0.00085,0.00177
163.00000,1.05394,0.01018,0.98752,0.00074,0.00157
163.10001,1.05392,0.01170,0.98543,0.00102,0.00185
163.20000,1.05394,0.01344,0.98368,0.00108,0.00180
163.30000,1.05394,0.01360,0.98335,0.00106,0.00199
163.39999,1.05394,0.01122,0.98571,0.00096,0.00210
163.50000,1.05394,0.01395,0.98256,0.00116,0.00233
163.60001,1.05392,0.01383,0.98300,0.00107,0.00210
163.70000,1.05394,0.01251,0.98453,0.00101,0.00194
163.80000,1.05394,0.01379,0.98318,0.00107,0.00195
163.89999,1.05394,0.01217,0.98483,0.00095,0.00206
164.00000,1.05394,0.01260,0.98442,0.00095,0.00204
164.10001,1.05392,0.01086,0.98641,0.00082,0.00190
164.20000,1.05394,0.00909,0.98867,0.00064,0.00160
164.30000,1.05394,0.00965,0.98756,0.00078,0.00201
164.39999,1.05394,0.00924,0.98877,0.00056,0.00143
164.50000,1.05394,0.00927,0.98841,0.00067,0.00165
164.60001,1.05392,0.00826,0.98971,0.00056,0.00146
164.70000,1.05394,0.00896,0.98863,0.00068,0.00173
164.80000,1.05394,0.00900,0.98895,0.00059,0.00146
164.89999,1.05394,0.00818,0.98983,0.00056,0.00143
165.00000,1.05394,0.00781,0.99029,0.00052,0.00138
165.10001,1.05392,0.00751,0.99030,0.00052,0.00166
165.20000,1.05394,0.00746,0.99079,0.00049,0.00126
165.30000,1.05394,0.00652,0.99189,0.00040,0.00119
165.39999,1.05394,0.00634,0.99188,0.00045,0.00133
165.50000,1.05394,0.00578,0.99250,0.00040,0.00132
165.60001,1.05392,0.00657,0.99173,0.00039,0.00131
165.70000,1.05394,0.00642,0.99192,0.00041,0.00125
165.80000,1.05394,0.00676,0.99136,0.00045,0.00143
165.89999,1.05394,0.00624,0.99206,0.00041,0.00130
166.00000,1.05394,0.00687,0.99128,0.00045,0.00140
166.10001,1.05392,0.00607,0.99229,0.00038,0.00126
166.20000,1.05394,0.00573,0.99272,0.00036,0.00120
166.30000,1.05394,0.00564,0.99288,0.00033,0.00115
166.39999,1.05394,0.00573,0.99281,0.00032,0.00114
166.50000,1.05394,0.00615,0.99239,0.00035,0.00111
166.60001,1.05392,0.00680,0.99140,0.00039,0.00141
166.70000,1.05394,0.00681,0.99135,0.00038,0.00146
166.80000,1.05394,0.00858,0.98868,0.00056,0.00218
166.89999,1.05394,0.00916,0.98790,0.00063,0.00230
167.00000,1.05394,0.00972,0.98759,0.00062,0.00208
167.10001,1.05392,0.00960,0.98769,0.00066,0.00205
167.20000,1.05394,0.00886,0.98803,0.00065,0.00246
167.30000,1.05394,0.00750,0.99010,0.00051,0.00189
167.39999,1.05394,0.00743,0.99059,0.00038,0.00161
167.50000,1.05394,0.00739,0.99042,0.00042,0.00177
167.60001,1.05392,0.00738,0.99033,0.00045,0.00185
167.70000,1.05394,0.00705,0.99090,0.00043,0.00162
167.80000,1.05394,0.00630,0.99201,0.00031,0.00138
167.89999,1.05394,0.00568,0.99266,0.00032,0.00135
168.00000,1.05394,0.00561,0.99228,0.00037,0.00174
168.10001,1.05392,0.00649,0.99124,0.00045,0.00182
168.20000,1.05394,0.00781,0.98970,0.00051,0.00198
168.30000,1.05394,0.00805,0.98908,0.00059,0.00228
168.39999,1.05394,0.00683,0.99035,0.00049,0.00234
168.50000,1.05394,0.00565,0.99217,0.00040,0.00177
168.60001,1.05392,0.00487,0.99333,0.00033,0.00148
168.70000,1.05394,0.00494,0.99317,0.00035,0.00153
168.80000,1.05394,0.00466,0.99368,0.00032,0.00134
168.89999,1.05394,0.00597,0.99192,0.00043,0.00168
169.00000,1.05394,0.00545,0.99282,0.00032,0.00140
169.10001,1.05392,0.00487,0.99356,0.00030,0.00127
169.20000,1.05394,0.00494,0.99358,0.00030,0.00119
169.30000,1.05394,0.00592,0.99239,0.00038,0.00132
169.39999,1.05394,0.00508,0.99344,0.00031,0.00117
169.50000,1.05394,0.00657,0.99174,0.00040,0.00129
169.60001,1.05392,0.00636,0.99182,0.00037,0.00145
169.70000,1.05394,0.00630,0.99204,0.00035,0.00131
169.80000,1.05394,0.00616,0.99231,0.00032,0.00121
169.89999,1.05394,0.00571,0.99300,0.00028,0.00102
170.00000,1.05394,0.00695,0.99141,0.00041,0.00123
170.10001,1.05392,0.00608,0.99236,0.00036,0.00120
170.20000,1.05394,0.00705,0.99136,0.00040,0.00119
170.30000,1.05394,0.00617,0.99241,0.00032,0.00110
170.39999,1.05394,0.00649,0.99216,0.00033,0.00101
170.50000,1.05394,0.00536,0.99342,0.00026,0.00096
170.60001,1.05392,0.00520,0.99361,0.00027,0.00092
170.70000,1.05394,0.00530,0.99351,0.00025,0.00094
170.80000,1.05394,0.00548,0.99317,0.00030,0.00105
170.89999,1.05394,0.00530,0.99330,0.00029,0.00110
171.00000,1.05394,0.00466,0.99397,0.00028,0.00109
171.10001,1.05392,0.00596,0.99247,0.00032,0.00125
171.20000,1.05394,0.00547,0.99273,0.00036,0.00145
171.30000,1.05394,0.00590,0.99223,0.00043,0.00144
171.39999,1.05394,0.00608,0.99206,0.00042,0.00145
171.50000,1.05394,0.00773,0.99027,0.00052,0.00148
171.60001,1.05392,0.00720,0.99069,0.00054,0.00157
171.70000,1.05394,0.00810,0.98938,0.00066,0.00185
171.80000,1.05394,0.00748,0.99049,0.00054,0.00149
171.89999,1.05394,0.00742,0.99059,0.00052,0.00146
172.00000,1.05394,0.00724,0.99102,0.00045,0.00129
172.10001,1.05392,0.00809,0.98961,0.00063,0.00167
172.20000,1.05394,0.00898,0.98882,0.00063,0.00157
172.30000,1.05394,0.01067,0.98650,0.00082,0.00202
172.39999,1.05394,0.00923,0.98816,0.00078,0.00183
172.50000,1.05394,0.00876,0.98841,0.00075,0.00208
172.60001,1.05392,0.00754,0.99019,0.00058,0.00169
172.70000,1.05394,0.00729,0.99041,0.00056,0.00173
172.80000,1.05394,0.00632,0.99134,0.00053,0.00182
172.89999,1.05394,0.00672,0.99138,0.00041,0.00149
173.00000,1.05394,0.00597,0.99175,0.00047,0.00181
173.10001,1.05392,0.00543,0.99280,0.00033,0.00144
173.20000,1.05394,0.00457,0.99394,0.00028,0.00121
173.30000,1.05394,0.00509,0.99324,0.00030,0.00137
173.39999,1.05394,0.00536,0.99287,0.00037,0.00141
173.50000,1.05394,0.00600,0.99217,0.00041,0.00143
173.60001,1.05392,0.00641,0.99200,0.00039,0.00120
173.70000,1.05394,0.00672,0.99153,0.00041,0.00135
173.80000,1.05394,0.00787,0.99058,0.00038,0.00117
173.89999,1.05394,0.00668,0.99167,0.00041,0.00124
174.00000,1.05394,0.00619,0.99240,0.00035,0.00105
174.10001,1.05392,0.00774,0.99064,0.00043,0.00119
174.20000,1.05394,0.00741,0.99102,0.00043,0.00114
174.30000,1.05394,0.00820,0.98998,0.00051,0.00131
174.39999,1.05394,0.00824,0.99005,0.00048,0.00123
174.50000,1.05394,0.00797,0.99019,0.00052,0.00132
174.60001,1.05392,0.00764,0.99080,0.00045,0.00111
174.70000,1.05394,0.00833,0.99013,0.00046,0.00108
174.80000,1.05394,0.00863,0.98936,0.00056,0.00144
174.89999,1.05394,0.00782,0.99044,0.00051,0.00123
175.00000,1.05394,0.00799,0.99046,0.00047,0.00108
175.10001,1.05392,0.00615,0.99238,0.00036,0.00112
175.20000,1.05394,0.00608,0.99267,0.00032,0.00093
175.30000,1.05394,0.00588,0.99275,0.00032,0.00105
175.39999,1.05394,0.00622,0.99226,0.00036,0.00116
175.50000,1.05394,0.00750,0.99057,0.00049,0.00144
175.60001,1.05392,0.00966,0.98799,0.00056,0.00178
175.70000,1.05394,0.01009,0.98705,0.00068,0.00218
175.80000,1.05394,0.00812,0.98955,0.00051,0.00182
175.89999,1.05394,0.00751,0.99016,0.00049,0.00184
176.00000,1.05394,0.00636,0.99153,0.00041,0.00170
176.10001,1.05392,0.00907,0.98798,0.00066,0.00229
176.20000,1.05394,0.00939,0.98753,0.00076,0.00232
176.30000,1.05394,0.00901,0.98800,0.00071,0.00228
176.39999,1.05394,0.00890,0.98859,0.00064,0.00187
176.50000,1.05394,0.00790,0.98983,0.00054,0.00174
176.60001,1.05392,0.00749,0.99059,0.00049,0.00143
176.70000,1.05394,0.00736,0.99078,0.00045,0.00141
176.80000,1.05394,0.00911,0.98849,0.00066,0.00174
176.89999,1.05394,0.01071,0.98633,0.00083,0.00214
177.00000,1.05394,0.01104,0.98608,0.00086,0.00202
177.10001,1.05392,0.00911,0.98828,0.00070,0.00192
177.20000,1.05394,0.00856,0.98913,0.00060,0.00171
177.30000,1.05394,0.00842,0.98931,0.00060,0.00168
177.39999,1.05394,0.00790,0.98986,0.00052,0.00172
177.50000,1.05394,0.00879,0.98871,0.00065,0.00186
177.60001,1.05392,0.00888,0.98857,0.00066,0.00188
177.70000,1.05394,0.01025,0.98657,0.00090,0.00229
177.80000,1.05394,0.00823,0.98966,0.00051,0.00159
177.89999,1.05394,0.00831,0.98951,0.00056,0.00162
178.00000,1.05394,0.00755,0.99044,0.00051,0.00150
178.10001,1.05392,0.00766,0.99020,0.00055,0.00159
178.20000,1.05394,0.00805,0.98964,0.00059,0.00173
178.30000,1.05394,0.00774,0.98982,0.00063,0.00181
178.39999,1.05394,0.00655,0.99143,0.00048,0.00153
178.50000,1.05394,0.00646,0.99172,0.00042,0.00141
178.60001,1.05392,0.00623,0.99184,0.00042,0.00151
178.70000,1.05394,0.00642,0.99171,0.00044,0.00142
178.80000,1.05394,0.00606,0.99233,0.00036,0.00126
178.89999,1.05394,0.00454,0.99399,0.00028,0.00119
179.00000,1.05394,0.00525,0.99318,0.00030,0.00127
179.10001,1.05392,0.00544,0.99298,0.00032,0.00126
179.20000,1.05394,0.00595,0.99233,0.00035,0.00137
179.30000,1.05394,0.00495,0.99356,0.00029,0.00120
179.39999,1.05394,0.00503,0.99348,0.00030,0.00119
179.50000,1.05394,0.00562,0.99253,0.00039,0.00147
179.60001,1.05392,0.00676,0.99166,0.00036,0.00122
179.70000,1.05394,0.00563,0.99267,0.00039,0.00131
179.80000,1.05394,0.00641,0.99155,0.00047,0.00157
179.89999,1.05394,0.00650,0.99143,0.00046,0.00161
180.00000,1.05394,0.00684,0.99144,0.00044,0.00127
180.10001,1.05392,0.00650,0.99161,0.00044,0.00145
180.20000,1.05394,0.00591,0.99265,0.00034,0.00110
180.30000,1.05394,0.00589,0.99228,0.00043,0.00140
180.39999,1.05394,0.00607,0.99248,0.00036,0.00108
180.50000,1.05394,0.00587,0.99266,0.00035,0.00113
180.60001,1.05392,0.00684,0.99132,0.00049,0.00135
180.70000,1.05394,0.00726,0.99059,0.00055,0.00160
180.80000,1.05394,0.00872,0.98901,0.00062,0.00165
180.89999,1.05394,0.01045,0.98694,0.00079,0.00183
181.00000,1.05394,0.00945,0.98767,0.00082,0.00207
181.10001,1.05392,0.01025,0.98658,0.00094,0.00224
181.20000,1.05394,0.01279,0.98373,0.00113,0.00235
181.30000,1.05394,0.01530,0.98062,0.00144,0.00263
181.39999,1.05394,0.01862,0.97690,0.00176,0.00272
181.50000,1.05394,0.01548,0.98047,0.00142,0.00262
181.60001,1.05392,0.01705,0.97876,0.00164,0.00255
181.70000,1.05394,0.01913,0.97633,0.00187,0.00268
181.80000,1.05394,0.01513,0.98146,0.00133,0.00208
181.89999,1.05394,0.01144,0.98602,0.00092,0.00162
182.00000,1.05394,0.01211,0.98545,0.00089,0.00156
182.10001,1.05392,0.01179,0.98574,0.00080,0.00167
182.20000,1.05394,0.01034,0.98774,0.00065,0.00127
182.30000,1.05394,0.00848,0.98956,0.00055,0.00140
182.39999,1.05394,0.00663,0.99185,0.00043,0.00109
182.50000,1.05394,0.00533,0.99338,0.00030,0.00099
182.60001,1.05392,0.00448,0.99453,0.00021,0.00077
182.70000,1.05394,0.00487,0.99398,0.00023,0.00092
182.80000,1.05394,0.00460,0.99420,0.00025,0.00095
182.89999,1.05394,0.00654,0.99206,0.00031,0.00108
183.00000,1.05394,0.00591,0.99272,0.00032,0.00105
183.10001,1.05392,0.00643,0.99207,0.00038,0.00112
183.20000,1.05394,0.00613,0.99256,0.00031,0.00100
183.30000,1.05394,0.00783,0.99053,0.00045,0.00119
183.39999,1.05394,0.00980,0.98783,0.00068,0.00169
183.50000,1.05394,0.01269,0.98445,0.00091,0.00195
183.60001,1.05392,0.01243,0.98474,0.00087,0.00195
183.70000,1.05394,0.01233,0.98491,0.00087,0.00189
183.80000,1.05394,0.01097,0.98638,0.00074,0.00191
183.89999,1.05394,0.01009,0.98740,0.00069,0.00182
184.00000,1.05394,0.01015,0.98719,0.00073,0.00193
184.10001,1.05392,0.01028,0.98675,0.00086,0.00212
184.20000,1.05394,0.00974,0.98731,0.00074,0.00220
184.30000,1.05394,0.00918,0.98815,0.00068,0.00199
184.39999,1.05394,0.00682,0.99075,0.00054,0.00189
184.50000,1.05394,0.00725,0.99038,0.00053,0.00185
184.60001,1.05392,0.00679,0.99091,0.00049,0.00181
184.70000,1.05394,0.00773,0.98948,0.00065,0.00214
184.80000,1.05394,0.00643,0.99116,0.00051,0.00190
184.89999,1.05394,0.00630,0.99146,0.00048,0.00175
185.00000,1.05394,0.00662,0.99063,0.00055,0.00220
185.10001,1.05392,0.00865,0.98855,0.00065,0.00215
185.20000,1.05394,0.00792,0.98954,0.00064,0.00190
185.30000,1.05394,0.00847,0.98917,0.00063,0.00174
185.39999,1.05394,0.00873,0.98836,0.00076,0.00214
185.50000,1.05394,0.00872,0.98840,0.00077,0.00211
185.60001,1.05392,0.00767,0.98974,0.00064,0.00195
185.70000,1.05394,0.00803,0.98959,0.00063,0.00176
185.80000,1.05394,0.00764,0.98993,0.00059,0.00184
185.89999,1.05394,0.00750,0.99034,0.00055,0.00161
186.00000,1.05394,0.00662,0.99153,0.00043,0.00142
186.10001,1.05392,0.00536,0.99304,0.00038,0.00122
186.20000,1.05394,0.00514,0.99307,0.00035,0.00144
186.30000,1.05394,0.00546,0.99272,0.00039,0.00144
186.39999,1.05394,0.00533,0.99287,0.00037,0.00142
186.50000,1.05394,0.00585,0.99213,0.00041,0.00161
186.60001,1.05392,0.00620,0.99191,0.00041,0.00148
186.70000,1.05394,0.00655,0.99127,0.00051,0.00168
186.80000,1.05394,0.00749,0.99037,0.00048,0.00166
186.89999,1.05394,0.01353,0.98320,0.00062,0.00266
187.00000,1.05394,0.01909,0.97493,0.00111,0.00488
187.10001,1.05392,0.02732,0.96530,0.00147,0.00591
187.20000,1.05394,0.03970,0.95227,0.00135,0.00668
187.30000,1.05394,0.03667,0.95407,0.00152,0.00774
187.39999,1.05394,0.03302,0.95723,0.00136,0.00840
187.50000,1.05394,0.03090,0.96127,0.00112,0.00671
187.60001,1.05392,0.02944,0.96396,0.00102,0.00557
187.70000,1.05394,0.02551,0.96761,0.00086,0.00602
187.80000,1.05394,0.02082,0.97414,0.00066,0.00439
187.89999,1.05394,0.01173,0.98521,0.00044,0.00262
188.00000,1.05394,0.00869,0.98912,0.00038,0.00181
188.10001,1.05392,0.00768,0.99043,0.00028,0.00161
188.20000,1.05394,0.00491,0.99389,0.00021,0.00099
188.30000,1.05394,0.00401,0.99496,0.00020,0.00083
188.39999,1.05394,0.00421,0.99482,0.00020,0.00076
188.50000,1.05394,0.00528,0.99348,0.00027,0.00097
188.60001,1.05392,0.00530,0.99343,0.00027,0.00100
188.70000,1.05394,0.00527,0.99339,0.00027,0.00108
188.80000,1.05394,0.00504,0.99362,0.00028,0.00105
188.89999,1.05394,0.00568,0.99287,0.00032,0.00113
189.00000,1.05394,0.00559,0.99289,0.00032,0.00119
189.10001,1.05392,0.00628,0.99216,0.00033,0.00122
189.20000,1.05394,0.00630,0.99177,0.00044,0.00148
189.30000,1.05394,0.00638,0.99199,0.00036,0.00127
189.39999,1.05394,0.00656,0.99159,0.00044,0.00141
189.50000,1.05394,0.00629,0.99192,0.00041,0.00137
189.60001,1.05392,0.00600,0.99234,0.00040,0.00126
189.70000,1.05394,0.00603,0.99215,0.00040,0.00142
189.80000,1.05394,0.00523,0.99328,0.00030,0.00119
189.89999,1.05394,0.00490,0.99376,0.00027,0.00107
190.00000,1.05394,0.00469,0.99407,0.00025,0.00099
190.10001,1.05392,0.00397,0.99491,0.00021,0.00091
190.20000,1.05394,0.00427,0.99471,0.00020,0.00082
190.30000,1.05394,0.00406,0.99487,0.00020,0.00086
190.39999,1.05394,0.00415,0.99477,0.00021,0.00086
190.50000,1.05394,0.00420,0.99469,0.00021,0.00090
190.60001,1.05392,0.00386,0.99516,0.00018,0.00079
190.70000,1.05394,0.00334,0.99581,0.00015,0.00070
190.80000,1.05394,0.00326,0.99589,0.00014,0.00071
190.89999,1.05394,0.00326,0.99582,0.00016,0.00077
191.00000,1.05394,0.00363,0.99532,0.00017,0.00088
191.10001,1.05392,0.00352,0.99549,0.00018,0.00081
191.20000,1.05394,0.00312,0.99598,0.00014,0.00075
191.30000,1.05394,0.00273,0.99656,0.00011,0.00060
191.39999,1.05394,0.00265,0.99656,0.00012,0.00066
191.50000,1.05394,0.00277,0.99645,0.00013,0.00065
191.60001,1.05392,0.00304,0.99615,0.00014,0.00068
191.70000,1.05394,0.00316,0.99597,0.00015,0.00072
191.80000,1.05394,0.00314,0.99610,0.00013,0.00062
191.89999,1.05394,0.00292,0.99639,0.00012,0.00056
192.00000,1.05394,0.00272,0.99660,0.00011,0.00057
192.10001,1.05392,0.00254,0.99682,0.00011,0.00054
192.20000,1.05394,0.00274,0.99657,0.00012,0.00057
192.30000,1.05394,0.00261,0.99682,0.00010,0.00047
192.39999,1.05394,0.00269,0.99672,0.00010,0.00049
192.50000,1.05394,0.00337,0.99586,0.00014,0.00063
192.60001,1.05392,0.00363,0.99552,0.00017,0.00068
192.70000,1.05394,0.00328,0.99594,0.00014,0.00064
192.80000,1.05394,0.00334,0.99590,0.00014,0.00062
192.89999,1.05394,0.00323,0.99595,0.00014,0.00067
193.00000,1.05394,0.00404,0.99503,0.00017,0.00076
193.10001,1.05392,0.00359,0.99540,0.00017,0.00084
193.20000,1.05394,0.00409,0.99478,0.00020,0.00093
193.30000,1.05394,0.00358,0.99537,0.00017,0.00087
193.39999,1.05394,0.00326,0.99587,0.00014,0.00072
193.50000,1.05394,0.00358,0.99531,0.00018,0.00093
193.60001,1.05392,0.00355,0.99537,0.00017,0.00090
193.70000,1.05394,0.00442,0.99433,0.00023,0.00102
193.80000,1.05394,0.00436,0.99444,0.00023,0.00098
193.89999,1.05394,0.00500,0.99351,0.00028,0.00121
194.00000,1.05394,0.00403,0.99470,0.00022,0.00106
194.10001,1.05392,0.00501,0.99342,0.00029,0.00128
194.20000,1.05394,0.00557,0.99251,0.00035,0.00157
194.30000,1.05394,0.00536,0.99289,0.00033,0.00142
194.39999,1.05394,0.00469,0.99369,0.00029,0.00133
194.50000,1.05394,0.00456,0.99381,0.00030,0.00133
194.60001,1.05392,0.00404,0.99450,0.00022,0.00124
194.70000,1.05394,0.00356,0.99516,0.00020,0.00108
194.80000,1.05394,0.00343,0.99530,0.00019,0.00108
194.89999,1.05394,0.00364,0.99516,0.00019,0.00101
195.00000,1.05394,0.00319,0.99577,0.00016,0.00088
195.10001,1.05392,0.00272,0.99630,0.00014,0.00084
195.20000,1.05394,0.00291,0.99620,0.00013,0.00077
195.30000,1.05394,0.00355,0.99531,0.00019,0.00094
195.39999,1.05394,0.00332,0.99564,0.00018,0.00086
195.50000,1.05394,0.00341,0.99559,0.00017,0.00083
195.60001,1.05392,0.00335,0.99565,0.00017,0.00083
195.70000,1.05394,0.00320,0.99577,0.00018,0.00086
195.80000,1.05394,0.00345,0.99553,0.00017,0.00085
195.89999,1.05394,0.00288,0.99621,0.00015,0.00077
196.00000,1.05394,0.00318,0.99587,0.00016,0.00079
196.10001,1.05392,0.00256,0.99668,0.00011,0.00064
196.20000,1.05394,0.00289,0.99622,0.00014,0.00076
196.30000,1.05394,0.00226,0.99707,0.00010,0.00057
196.39999,1.05394,0.00256,0.99677,0.00010,0.00057
196.50000,1.05394,0.00236,0.99693,0.00011,0.00060
196.60001,1.05392,0.00266,0.99650,0.00012,0.00072
196.70000,1.05394,0.00282,0.99629,0.00014,0.00075
196.80000,1.05394,0.00318,0.99588,0.00016,0.00079
196.89999,1.05394,0.00321,0.99583,0.00017,0.00080
197.00000,1.05394,0.00300,0.99607,0.00015,0.00078
197.10001,1.05392,0.00336,0.99567,0.00017,0.00080
197.20000,1.05394,0.00349,0.99556,0.00017,0.00077
197.30000,1.05394,0.00318,0.99594,0.00015,0.00074
197.39999,1.05394,0.00323,0.99579,0.00016,0.00082
197.50000,1.05394,0.00334,0.99561,0.00018,0.00087
197.60001,1.05392,0.00310,0.99607,0.00014,0.00069
197.70000,1.05394,0.00299,0.99616,0.00014,0.00072
197.80000,1.05394,0.00325,0.99578,0.00016,0.00081
197.89999,1.05394,0.00320,0.99592,0.00013,0.00075
198.00000,1.05394,0.00347,0.99562,0.00014,0.00076
198.10001,1.05392,0.00388,0.99520,0.00014,0.00078
198.20000,1.05394,0.00423,0.99478,0.00017,0.00082
198.30000,1.05394,0.00435,0.99464,0.00017,0.00085
198.39999,1.05394,0.00384,0.99525,0.00017,0.00075
198.50000,1.05394,0.00424,0.99493,0.00015,0.00068
198.60001,1.05392,0.00382,0.99537,0.00015,0.00065
198.70000,1.05394,0.00393,0.99524,0.00015,0.00068
198.80000,1.05394,0.00436,0.99475,0.00017,0.00072
198.89999,1.05394,0.00422,0.99490,0.00017,0.00070
199.00000,1.05394,0.00415,0.99504,0.00016,0.00065
199.10001,1.05392,0.00339,0.99583,0.00014,0.00064
199.20000,1.05394,0.00333,0.99602,0.00013,0.00053
199.30000,1.05394,0.00306,0.99625,0.00013,0.00057
199.39999,1.05394,0.00339,0.99565,0.00016,0.00079
199.50000,1.05394,0.00357,0.99546,0.00017,0.00080
199.60001,1.05392,0.00314,0.99601,0.00014,0.00072
199.70000,1.05394,0.00306,0.99612,0.00012,0.00069
199.80000,1.05394,0.00332,0.99573,0.00014,0.00081
199.89999,1.05394,0.00352,0.99539,0.00017,0.00093
200.00000,1.05394,0.00345,0.99540,0.00018,0.00097
200.10001,1.05392,0.00386,0.99503,0.00019,0.00093
200.20000,1.05394,0.00449,0.99422,0.00024,0.00105
200.30000,1.05394,0.00432,0.99450,0.00022,0.00096
200.39999,1.05394,0.00372,0.99537,0.00017,0.00074
200.50000,1.05394,0.00417,0.99473,0.00021,0.00090
200.60001,1.05392,0.00437,0.99451,0.00022,0.00090
200.70000,1.05394,0.00507,0.99380,0.00024,0.00088
200.80000,1.05394,0.00464,0.99437,0.00021,0.00078
200.89999,1.05394,0.00467,0.99433,0.00021,0.00080
201.00000,1.05394,0.00479,0.99416,0.00022,0.00083
201.10001,1.05392,0.00434,0.99465,0.00019,0.00082
201.20000,1.05394,0.00496,0.99394,0.00022,0.00087
201.30000,1.05394,0.00478,0.99419,0.00021,0.00082
201.39999,1.05394,0.00463,0.99416,0.00024,0.00096
201.50000,1.05394,0.00553,0.99319,0.00027,0.00102
201.60001,1.05392,0.00540,0.99314,0.00030,0.00116
201.70000,1.05394,0.00449,0.99420,0.00025,0.00106
201.80000,1.05394,0.00477,0.99369,0.00029,0.00125
201.89999,1.05394,0.00415,0.99458,0.00024,0.00102
202.00000,1.05394,0.00476,0.99377,0.00029,0.00118
202.10001,1.05392,0.00406,0.99475,0.00020,0.00099
202.20000,1.05394,0.00486,0.99391,0.00025,0.00098
202.30000,1.05394,0.00382,0.99501,0.00022,0.00096
202.39999,1.05394,0.00424,0.99438,0.00023,0.00115
202.50000,1.05394,0.00373,0.99516,0.00020,0.00091
202.60001,1.05392,0.00386,0.99501,0.00020,0.00093
202.70000,1.05394,0.00362,0.99541,0.00017,0.00081
202.80000,1.05394,0.00350,0.99551,0.00017,0.00082
202.89999,1.05394,0.00398,0.99484,0.00022,0.00096
203.00000,1.05394,0.00376,0.99528,0.00016,0.00080
203.10001,1.05392,0.00358,0.99551,0.00016,0.00075
203.20000,1.05394,0.00360,0.99529,0.00018,0.00093
203.30000,1.05394,0.00343,0.99567,0.00014,0.00076
203.39999,1.05394,0.00390,0.99527,0.00014,0.00069
203.50000,1.05394,0.00379,0.99531,0.00017,0.00073
203.60001,1.05392,0.00379,0.99529,0.00017,0.00075
203.70000,1.05394,0.00395,0.99502,0.00019,0.00084
203.80000,1.05394,0.00388,0.99518,0.00018,0.00077
203.89999,1.05394,0.00367,0.99530,0.00018,0.00085
204.00000,1.05394,0.00428,0.99468,0.00018,0.00086
204.10001,1.05392,0.00379,0.99513,0.00019,0.00089
204.20000,1.05394,0.00377,0.99532,0.00017,0.00074
204.30000,1.05394,0.00364,0.99547,0.00015,0.00074
204.39999,1.05394,0.00282,0.99648,0.00011,0.00059
204.50000,1.05394,0.00311,0.99602,0.00014,0.00073
204.60001,1.05392,0.00273,0.99657,0.00010,0.00060
204.70000,1.05394,0.00312,0.99614,0.00012,0.00062
204.80000,1.05394,0.00285,0.99641,0.00010,0.00064
204.89999,1.05394,0.00307,0.99608,0.00014,0.00071
205.00000,1.05394,0.00255,0.99674,0.00011,0.00060
205.10001,1.05392,0.00319,0.99609,0.00013,0.00059
205.20000,1.05394,0.00325,0.99591,0.00015,0.00069
205.30000,1.05394,0.00371,0.99545,0.00015,0.00068
205.39999,1.05394,0.00364,0.99555,0.00014,0.00067
205.50000,1.05394,0.00442,0.99451,0.00019,0.00087
205.60001,1.05392,0.00404,0.99507,0.00016,0.00073
205.70000,1.05394,0.00384,0.99528,0.00015,0.00073
205.80000,1.05394,0.00393,0.99519,0.00017,0.00072
205.89999,1.05394,0.00360,0.99556,0.00015,0.00068
206.00000,1.05394,0.00381,0.99534,0.00015,0.00070
206.10001,1.05392,0.00324,0.99591,0.00014,0.00070
206.20000,1.05394,0.00376,0.99531,0.00017,0.00076
206.30000,1.05394,0.00401,0.99499,0.00018,0.00082
206.39999,1.05394,0.00391,0.99503,0.00019,0.00087
206.50000,1.05394,0.00370,0.99539,0.00017,0.00074
206.60001,1.05392,0.00343,0.99570,0.00014,0.00073
206.70000,1.05394,0.00411,0.99483,0.00019,0.00087
206.80000,1.05394,0.00333,0.99573,0.00016,0.00078
206.89999,1.05394,0.00447,0.99449,0.00021,0.00083
207.00000,1.05394,0.00356,0.99560,0.00014,0.00069
207.10001,1.05392,0.00395,0.99518,0.00016,0.00071
207.20000,1.05394,0.00446,0.99471,0.00015,0.00067
207.30000,1.05394,0.00408,0.99505,0.00016,0.00071
207.39999,1.05394,0.00391,0.99531,0.00014,0.00064
207.50000,1.05394,0.00432,0.99485,0.00016,0.00067
207.60001,1.05392,0.00443,0.99481,0.00015,0.00061
207.70000,1.05394,0.00460,0.99458,0.00017,0.00065
207.80000,1.05394,0.00509,0.99397,0.00016,0.00078
207.89999,1.05394,0.00442,0.99480,0.00013,0.00065
208.00000,1.05394,0.00456,0.99460,0.00014,0.00070
208.10001,1.05392,0.00329,0.99599,0.00011,0.00062
208.20000,1.05394,0.00353,0.99566,0.00012,0.00070
208.30000,1.05394,0.00306,0.99633,0.00009,0.00052
208.39999,1.05394,0.00292,0.99642,0.00009,0.00057
208.50000,1.05394,0.00271,0.99664,0.00008,0.00057
208.60001,1.05392,0.00290,0.99633,0.00010,0.00067
208.70000,1.05394,0.00272,0.99640,0.00012,0.00076
208.80000,1.05394,0.00301,0.99617,0.00012,0.00070
208.89999,1.05394,0.00272,0.99655,0.00012,0.00062
209.00000,1.05394,0.00279,0.99648,0.00011,0.00062
209.10001,1.05392,0.00269,0.99659,0.00011,0.00061
209.20000,1.05394,0.00266,0.99659,0.00011,0.00064
209.30000,1.05394,0.00314,0.99593,0.00014,0.00079
209.39999,1.05394,0.00273,0.99655,0.00010,0.00063
209.50000,1.05394,0.00251,0.99684,0.00009,0.00057
209.60001,1.05392,0.00233,0.99709,0.00008,0.00049
209.70000,1.05394,0.00281,0.99651,0.00010,0.00058
209.80000,1.05394,0.00254,0.99684,0.00009,0.00052
209.89999,1.05394,0.00264,0.99662,0.00010,0.00063
210.00000,1.05394,0.00271,0.99659,0.00010,0.00060
210.10001,1.05392,0.00296,0.99640,0.00010,0.00053
210.20000,1.05394,0.00272,0.99647,0.00011,0.00070
210.30000,1.05394,0.00285,0.99637,0.00012,0.00066
210.39999,1.05394,0.00319,0.99608,0.00012,0.00060
210.50000,1.05394,0.00307,0.99618,0.00011,0.00064
210.60001,1.05392,0.00301,0.99627,0.00011,0.00061
210.70000,1.05394,0.00247,0.99695,0.00009,0.00049
210.80000,1.05394,0.00238,0.99706,0.00008,0.00048
210.89999,1.05394,0.00250,0.99701,0.00007,0.00042
211.00000,1.05394,0.00259,0.99680,0.00009,0.00052
211.10001,1.05392,0.00230,0.99713,0.00008,0.00049
211.20000,1.05394,0.00203,0.99743,0.00007,0.00047
211.30000,1.05394,0.00267,0.99668,0.00009,0.00055
211.39999,1.05394,0.00265,0.99658,0.00010,0.00067
211.50000,1.05394,0.00248,0.99693,0.00009,0.00050
211.60001,1.05392,0.00243,0.99688,0.00009,0.00059
211.70000,1.05394,0.00276,0.99648,0.00011,0.00065
211.80000,1.05394,0.00270,0.99646,0.00012,0.00072
211.89999,1.05394,0.00266,0.99662,0.00011,0.00062
212.00000,1.05394,0.00270,0.99646,0.00012,0.00072
212.10001,1.05392,0.00275,0.99645,0.00012,0.00069
212.20000,1.05394,0.00297,0.99628,0.00012,0.00063
212.30000,1.05394,0.00220,0.99725,0.00007,0.00047
212.39999,1.05394,0.00229,0.99710,0.00009,0.00052
212.50000,1.05394,0.00223,0.99721,0.00007,0.00048
212.60001,1.05392,0.00219,0.99722,0.00008,0.00051
212.70000,1.05394,0.00284,0.99653,0.00009,0.00054
212.80000,1.05394,0.00218,0.99728,0.00008,0.00046
212.89999,1.05394,0.00248,0.99699,0.00008,0.00045
213.00000,1.05394,0.00238,0.99715,0.00007,0.00039
213.10001,1.05392,0.00255,0.99693,0.00008,0.00044
213.20000,1.05394,0.00280,0.99657,0.00011,0.00052
213.30000,1.05394,0.00309,0.99619,0.00013,0.00059
213.39999,1.05394,0.00286,0.99657,0.00010,0.00048
213.50000,1.05394,0.00280,0.99660,0.00010,0.00051
213.60001,1.05392,0.00321,0.99602,0.00013,0.00064
213.70000,1.05394,0.00287,0.99640,0.00012,0.00061
213.80000,1.05394,0.00317,0.99592,0.00015,0.00076
213.89999,1.05394,0.00308,0.99610,0.00012,0.00069
214.00000,1.05394,0.00292,0.99619,0.00013,0.00076
214.10001,1.05392,0.00288,0.99628,0.00013,0.00071
214.20000,1.05394,0.00303,0.99598,0.00015,0.00084
214.30000,1.05394,0.00369,0.99512,0.00018,0.00100
214.39999,1.05394,0.00375,0.99485,0.00022,0.00118
214.50000,1.05394,0.00380,0.99509,0.00018,0.00092
214.60001,1.05392,0.00289,0.99627,0.00011,0.00072
214.70000,1.05394,0.00268,0.99653,0.00012,0.00067
214.80000,1.05394,0.00286,0.99629,0.00012,0.00073
214.89999,1.05394,0.00243,0.99691,0.00009,0.00057
215.00000,1.05394,0.00227,0.99707,0.00009,0.00058
215.10001,1.05392,0.00232,0.99708,0.00009,0.00051
215.20000,1.05394,0.00188,0.99768,0.00006,0.00038
215.30000,1.05394,0.00220,0.99739,0.00007,0.00035
215.39999,1.05394,0.00193,0.99767,0.00006,0.00034
215.50000,1.05394,0.00251,0.99707,0.00007,0.00034
215.60001,1.05392,0.00258,0.99696,0.00008,0.00039
215.70000,1.05394,0.00285,0.99664,0.00009,0.00042
215.80000,1.05394,0.00338,0.99607,0.00011,0.00044
215.89999,1.05394,0.00317,0.99626,0.00012,0.00046
216.00000,1.05394,0.00337,0.99599,0.00013,0.00051
216.10001,1.05392,0.00376,0.99544,0.00017,0.00064
216.20000,1.05394,0.00430,0.99474,0.00019,0.00077
216.30000,1.05394,0.00420,0.99466,0.00020,0.00094
216.39999,1.05394,0.00444,0.99430,0.00023,0.00103
216.50000,1.05394,0.00468,0.99374,0.00026,0.00132
216.60001,1.05392,0.00432,0.99440,0.00020,0.00108
216.70000,1.05394,0.00521,0.99299,0.00024,0.00156
216.80000,1.05394,0.00596,0.99224,0.00027,0.00153
216.89999,1.05394,0.01014,0.98733,0.00040,0.00212
217.00000,1.05394,0.01554,0.98080,0.00054,0.00311
217.10001,1.05392,0.01715,0.97875,0.00061,0.00348
217.20000,1.05394,0.05273,0.94020,0.00100,0.00608
217.30000,1.05394,0.05904,0.93265,0.00126,0.00705
217.39999,1.05394,0.07475,0.91099,0.00176,0.01250
217.50000,1.05394,0.09916,0.88264,0.00210,0.01610
217.60001,1.05392,0.11685,0.85739,0.00289,0.02287
217.70000,1.05394,0.10172,0.87809,0.00253,0.01766
217.80000,1.05394,0.08540,0.89228,0.00248,0.01983
217.89999,1.05394,0.05753,0.92735,0.00160,0.01352
218.00000,1.05394,0.03449,0.95663,0.00089,0.00798
218.10001,1.05392,0.03429,0.95757,0.00072,0.00743
218.20000,1.05394,0.00986,0.98598,0.00036,0.00380
218.30000,1.05394,0.00932,0.98700,0.00036,0.00332
218.39999,1.05394,0.00551,0.99243,0.00021,0.00185
218.50000,1.05394,0.00468,0.99357,0.00018,0.00156
218.60001,1.05392,0.00360,0.99472,0.00017,0.00151
218.70000,1.05394,0.00435,0.99387,0.00020,0.00159
218.80000,1.05394,0.00452,0.99347,0.00019,0.00182
218.89999,1.05394,0.00622,0.99066,0.00029,0.00283
219.00000,1.05394,0.00653,0.99012,0.00036,0.00299
219.10001,1.05392,0.00666,0.98919,0.00036,0.00379
219.20000,1.05394,0.01037,0.98343,0.00051,0.00569
219.30000,1.05394,0.01139,0.97977,0.00064,0.00820
219.39999,1.05394,0.01566,0.97627,0.00069,0.00737
219.50000,1.05394,0.01196,0.97836,0.00072,0.00895
219.60001,1.05392,0.01173,0.97981,0.00066,0.00779
219.70000,1.05394,0.01430,0.97297,0.00066,0.01207
219.80000,1.05394,0.01725,0.96999,0.00077,0.01199
219.89999,1.05394,0.01674,0.96816,0.00089,0.01421
220.00000,1.05394,0.01878,0.96284,0.00116,0.01722
220.10001,1.05392,0.01331,0.97449,0.00073,0.01146
220.20000,1.05394,0.01253,0.97734,0.00067,0.00945
220.30000,1.05394,0.01111,0.97833,0.00065,0.00991
220.39999,1.05394,0.01307,0.97312,0.00081,0.01300
220.50000,1.05394,0.01349,0.97188,0.00091,0.01372
220.60001,1.05392,0.01259,0.97523,0.00079,0.01139
220.70000,1.05394,0.00945,0.98091,0.00065,0.00900
220.80000,1.05394,0.00924,0.98199,0.00056,0.00822
220.89999,1.05394,0.00915,0.98343,0.00045,0.00697
221.00000,1.05394,0.00838,0.98530,0.00039,0.00594
221.10001,1.05392,0.00806,0.98597,0.00037,0.00559
221.20000,1.05394,0.01073,0.97914,0.00052,0.00960
221.30000,1.05394,0.01205,0.97545,0.00064,0.01187
221.39999,1.05394,0.01304,0.97045,0.00064,0.01586
221.50000,1.05394,0.01635,0.96160,0.00084,0.02122
221.60001,1.05392,0.01421,0.96171,0.00090,0.02317
221.70000,1.05394,0.01465,0.96253,0.00081,0.02202
221.80000,1.05394,0.01352,0.96374,0.00075,0.02199
221.89999,1.05394,0.01788,0.95403,0.00103,0.02706
222.00000,1.05394,0.01738,0.95674,0.00095,0.02492
222.10001,1.05392,0.01851,0.95090,0.00106,0.02953
222.20000,1.05394,0.01458,0.96432,0.00096,0.02014
222.30000,1.05394,0.01150,0.97519,0.00073,0.01258
222.39999,1.05394,0.01110,0.97817,0.00066,0.01008
222.50000,1.05394,0.01011,0.98109,0.00055,0.00825
222.60001,1.05392,0.01040,0.98046,0.00062,0.00852
222.70000,1.05394,0.01054,0.98041,0.00061,0.00845
222.80000,1.05394,0.01014,0.98213,0.00052,0.00721
222.89999,1.05394,0.00960,0.98289,0.00043,0.00709
223.00000,1.05394,0.00746,0.98692,0.00035,0.00528
223.10001,1.05392,0.00640,0.98974,0.00024,0.00362
223.20000,1.05394,0.00665,0.98957,0.00024,0.00355
223.30000,1.05394,0.00788,0.98686,0.00030,0.00497
223.39999,1.05394,0.00649,0.98913,0.00027,0.00411
223.50000,1.05394,0.00695,0.98854,0.00028,0.00423
223.60001,1.05392,0.00663,0.98884,0.00026,0.00428
223.70000,1.05394,0.00676,0.98815,0.00029,0.00479
223.80000,1.05394,0.00618,0.98937,0.00026,0.00419
223.89999,1.05394,0.00766,0.98724,0.00029,0.00481
224.00000,1.05394,0.00804,0.98627,0.00027,0.00543
224.10001,1.05392,0.00735,0.98771,0.00025,0.00469
224.20000,1.05394,0.00697,0.98841,0.00022,0.00439
224.30000,1.05394,0.00627,0.98941,0.00023,0.00408
224.39999,1.05394,0.00552,0.99001,0.00021,0.00425
224.50000,1.05394,0.00565,0.99076,0.00021,0.00338
224.60001,1.05392,0.00545,0.99123,0.00017,0.00315
224.70000,1.05394,0.00528,0.99144,0.00019,0.00308
224.80000,1.05394,0.00518,0.99164,0.00017,0.00301
224.89999,1.05394,0.00548,0.99179,0.00017,0.00256
225.00000,1.05394,0.00480,0.99259,0.00015,0.00246
225.10001,1.05392,0.00483,0.99274,0.00017,0.00227
225.20000,1.05394,0.00435,0.99295,0.00016,0.00253
225.30000,1.05394,0.00476,0.99291,0.00014,0.00219
225.39999,1.05394,0.00420,0.99405,0.00012,0.00162
225.50000,1.05394,0.00458,0.99302,0.00014,0.00226
225.60001,1.05392,0.00499,0.99206,0.00020,0.00274
225.70000,1.05394,0.00523,0.99175,0.00020,0.00282
225.80000,1.05394,0.00590,0.99056,0.00022,0.00331
225.89999,1.05394,0.00579,0.99064,0.00024,0.00333
226.00000,1.05394,0.00661,0.98912,0.00029,0.00399
226.10001,1.05392,0.00629,0.98953,0.00028,0.00390
226.20000,1.05394,0.00643,0.98947,0.00028,0.00382
226.30000,1.05394,0.00608,0.99010,0.00025,0.00357
226.39999,1.05394,0.00739,0.98805,0.00029,0.00426
226.50000,1.05394,0.00649,0.99015,0.00023,0.00314
226.60001,1.05392,0.00804,0.98709,0.00034,0.00453
226.70000,1.05394,0.00690,0.98950,0.00024,0.00336
226.80000,1.05394,0.00840,0.98702,0.00031,0.00427
226.89999,1.05394,0.00780,0.98867,0.00026,0.00327
227.00000,1.05394,0.00653,0.98985,0.00027,0.00334
227.10001,1.05392,0.00689,0.98972,0.00023,0.00316
227.20000,1.05394,0.00871,0.98689,0.00032,0.00408
227.30000,1.05394,0.00934,0.98536,0.00042,0.00488
227.39999,1.05394,0.00939,0.98573,0.00037,0.00451
227.50000,1.05394,0.00788,0.98793,0.00028,0.00391
227.60001,1.05392,0.00789,0.98828,0.00026,0.00357
227.70000,1.05394,0.00781,0.98860,0.00023,0.00335
227.80000,1.05394,0.00587,0.99168,0.00018,0.00227
227.89999,1.05394,0.00607,0.99058,0.00020,0.00314
228.00000,1.05394,0.00604,0.99038,0.00020,0.00338
228.10001,1.05392,0.00722,0.98775,0.00026,0.00477
228.20000,1.05394,0.00581,0.99003,0.00024,0.00391
228.30000,1.05394,0.00585,0.98992,0.00021,0.00402
228.39999,1.05394,0.00480,0.99184,0.00020,0.00315
228.50000,1.05394,0.00554,0.99043,0.00022,0.00381
228.60001,1.05392,0.00518,0.99139,0.00021,0.00322
228.70000,1.05394,0.00520,0.99092,0.00021,0.00366
228.80000,1.05394,0.00574,0.99030,0.00024,0.00373
228.89999,1.05394,0.00535,0.99138,0.00018,0.00310
229.00000,1.05394,0.00435,0.99374,0.00013,0.00178
229.10001,1.05392,0.00396,0.99436,0.00012,0.00156
229.20000,1.05394,0.00451,0.99375,0.00013,0.00161
229.30000,1.05394,0.00516,0.99330,0.00013,0.00141
229.39999,1.05394,0.00518,0.99297,0.00014,0.00171
229.50000,1.05394,0.00622,0.99187,0.00017,0.00173
229.60001,1.05392,0.00572,0.99237,0.00015,0.00177
229.70000,1.05394,0.00746,0.99001,0.00023,0.00231
229.80000,1.05394,0.00629,0.99093,0.00021,0.00257
229.89999,1.05394,0.00632,0.99115,0.00022,0.00232
230.00000,1.05394,0.00517,0.99269,0.00018,0.00196
230.10001,1.05392,0.00612,0.99135,0.00021,0.00232
230.20000,1.05394,0.00621,0.99066,0.00021,0.00292
230.30000,1.05394,0.00547,0.99163,0.00022,0.00269
230.39999,1.05394,0.00546,0.99097,0.00025,0.00332
230.50000,1.05394,0.00564,0.99019,0.00027,0.00391
230.60001,1.05392,0.00750,0.98722,0.00036,0.00492
230.70000,1.05394,0.00633,0.98839,0.00034,0.00493
230.80000,1.05394,0.00829,0.98462,0.00048,0.00661
230.89999,1.05394,0.00739,0.98605,0.00040,0.00617
231.00000,1.05394,0.00946,0.98182,0.00053,0.00819
231.10001,1.05392,0.00834,0.98492,0.00041,0.00633
231.20000,1.05394,0.00779,0.98618,0.00037,0.00566
231.30000,1.05394,0.00742,0.98815,0.00027,0.00416
231.39999,1.05394,0.00684,0.98813,0.00030,0.00473
231.50000,1.05394,0.00586,0.99064,0.00021,0.00329
231.60001,1.05392,0.00536,0.99074,0.00026,0.00364
231.70000,1.05394,0.00494,0.99218,0.00018,0.00270
231.80000,1.05394,0.00457,0.99237,0.00019,0.00287
231.89999,1.05394,0.01089,0.98431,0.00024,0.00456
232.00000,1.05394,0.03593,0.95029,0.00067,0.01311
232.10001,1.05392,0.11041,0.86051,0.00188,0.02720
232.20000,1.05394,0.34942,0.58261,0.00496,0.06301
232.30000,1.05394,0.63838,0.29352,0.00678,0.06132
232.39999,1.05394,0.83970,0.10427,0.00632,0.04971
232.50000,1.05394,0.92323,0.03645,0.00601,0.03431
232.60001,1.05392,0.95382,0.00805,0.00569,0.03245
232.70000,1.05394,0.97036,0.00229,0.00500,0.02235
232.80000,1.05394,0.98550,0.00044,0.00288,0.01118
232.89999,1.05394,0.98902,0.00024,0.00227,0.00847
233.00000,1.05394,0.99149,0.00020,0.00184,0.00647
233.10001,1.05392,0.99217,0.00022,0.00177,0.00585
233.20000,1.05394,0.99395,0.00019,0.00145,0.00440
233.30000,1.05394,0.99441,0.00018,0.00143,0.00398
233.39999,1.05394,0.99372,0.00024,0.00153,0.00451
233.50000,1.05394,0.98714,0.00106,0.00282,0.00898
233.60001,1.05392,0.98406,0.00352,0.00297,0.00945
233.70000,1.05394,0.97617,0.00982,0.00286,0.01115
233.80000,1.05394,0.96631,0.01935,0.00259,0.01175
