Time (seconds), Duration (seconds),pred_(unlabeled),pred_brushing_teeth,pred_hair_drying,pred_showering,pred_air,pred_plastic,pred_plastic_out,pred_wood,pred_wood_out
0.00000,1.02194,0.96299,0.00176,0.00112,0.03396,0.00003,0.00000,0.00001,0.00000,0.00013
0.14000,1.02194,0.94745,0.00240,0.00114,0.04877,0.00002,0.00000,0.00003,0.00000,0.00020
0.28000,1.02194,0.92055,0.00552,0.00227,0.07132,0.00003,0.00000,0.00004,0.00000,0.00026
0.42000,1.02194,0.95507,0.00530,0.00112,0.03817,0.00002,0.00000,0.00004,0.00000,0.00028
0.56000,1.02194,0.94551,0.00512,0.00086,0.04804,0.00002,0.00000,0.00005,0.00000,0.00040
0.70000,1.02194,0.69891,0.00560,0.00431,0.29091,0.00002,0.00000,0.00003,0.00000,0.00022
0.84000,1.02194,0.67445,0.00543,0.01211,0.30759,0.00013,0.00000,0.00003,0.00001,0.00023
0.98000,1.02194,0.73602,0.00543,0.01114,0.24709,0.00011,0.00000,0.00002,0.00001,0.00018
1.12000,1.02194,0.82155,0.00250,0.00852,0.16715,0.00010,0.00000,0.00002,0.00001,0.00015
1.26000,1.02194,0.89750,0.00190,0.00648,0.09391,0.00008,0.00000,0.00001,0.00000,0.00011
1.40000,1.02194,0.82561,0.00136,0.00885,0.16398,0.00009,0.00000,0.00001,0.00000,0.00010
1.54000,1.02194,0.87176,0.00112,0.00671,0.12019,0.00010,0.00000,0.00001,0.00000,0.00010
1.68000,1.02194,0.83482,0.00163,0.00946,0.15387,0.00011,0.00000,0.00001,0.00000,0.00009
1.82000,1.02194,0.86129,0.00188,0.00715,0.12942,0.00012,0.00000,0.00001,0.00001,0.00011
1.96000,1.02194,0.88701,0.00391,0.00726,0.10152,0.00013,0.00000,0.00001,0.00001,0.00014
2.10000,1.02194,0.92480,0.00506,0.00452,0.06532,0.00011,0.00000,0.00002,0.00001,0.00017
2.24000,1.02194,0.92070,0.00733,0.00476,0.06688,0.00012,0.00000,0.00002,0.00001,0.00019
2.38000,1.02194,0.92786,0.00734,0.00377,0.06067,0.00011,0.00000,0.00002,0.00001,0.00022
2.52000,1.02194,0.92823,0.00623,0.00375,0.06143,0.00012,0.00000,0.00002,0.00001,0.00021
2.66000,1.02194,0.89720,0.00375,0.00363,0.09504,0.00013,0.00000,0.00002,0.00001,0.00022
2.80000,1.02194,0.83487,0.00155,0.00348,0.15980,0.00009,0.00000,0.00003,0.00000,0.00019
2.94000,1.02194,0.96190,0.00014,0.00075,0.03703,0.00005,0.00000,0.00002,0.00000,0.00011
3.08000,1.02194,0.97667,0.00006,0.00070,0.02241,0.00006,0.00000,0.00002,0.00000,0.00008
3.22000,1.02194,0.92939,0.00021,0.00450,0.06575,0.00009,0.00000,0.00001,0.00000,0.00005
3.36000,1.02194,0.96146,0.00035,0.00265,0.03543,0.00005,0.00000,0.00001,0.00000,0.00006
3.50000,1.02194,0.88330,0.00047,0.00366,0.11244,0.00003,0.00000,0.00001,0.00000,0.00009
3.64000,1.02194,0.82985,0.00100,0.00913,0.15987,0.00006,0.00000,0.00001,0.00000,0.00008
3.78000,1.02194,0.75151,0.00977,0.01504,0.22334,0.00009,0.00000,0.00002,0.00001,0.00022
3.92000,1.02194,0.71768,0.03044,0.01847,0.23312,0.00006,0.00000,0.00002,0.00001,0.00021
4.06000,1.02194,0.70089,0.07145,0.01818,0.20909,0.00009,0.00001,0.00002,0.00003,0.00025
4.20000,1.02194,0.57739,0.02758,0.00995,0.38477,0.00007,0.00000,0.00003,0.00001,0.00020
4.34000,1.02194,0.73809,0.01203,0.00825,0.24132,0.00006,0.00000,0.00003,0.00001,0.00021
4.48000,1.02194,0.66246,0.01841,0.00575,0.31317,0.00004,0.00000,0.00003,0.00000,0.00015
4.62000,1.02194,0.61303,0.02682,0.00306,0.35685,0.00003,0.00000,0.00004,0.00000,0.00017
4.76000,1.02194,0.44588,0.05294,0.00475,0.49621,0.00004,0.00000,0.00004,0.00001,0.00013
4.90000,1.02194,0.62580,0.00720,0.00203,0.36476,0.00001,0.00000,0.00004,0.00000,0.00016
5.04000,1.02194,0.56070,0.00546,0.00186,0.43165,0.00003,0.00000,0.00006,0.00000,0.00023
5.18000,1.02194,0.30828,0.01605,0.00745,0.66803,0.00004,0.00000,0.00003,0.00001,0.00011
5.32000,1.02194,0.22327,0.05897,0.32307,0.39414,0.00013,0.00019,0.00001,0.00017,0.00004
5.46000,1.02194,0.38995,0.00228,0.02054,0.58703,0.00001,0.00000,0.00002,0.00000,0.00015
5.60000,1.02194,0.71866,0.00038,0.00657,0.27403,0.00002,0.00000,0.00006,0.00000,0.00028
5.74000,1.02194,0.94033,0.00017,0.00333,0.05581,0.00002,0.00000,0.00005,0.00000,0.00028
5.88000,1.02194,0.89601,0.00022,0.00901,0.09454,0.00003,0.00000,0.00003,0.00000,0.00016
6.02000,1.02194,0.83431,0.00011,0.00806,0.15736,0.00002,0.00000,0.00002,0.00000,0.00013
6.16000,1.02194,0.76239,0.00006,0.01437,0.22308,0.00004,0.00000,0.00001,0.00000,0.00005
6.30000,1.02194,0.88857,0.00006,0.00484,0.10642,0.00006,0.00000,0.00001,0.00000,0.00005
6.44000,1.02194,0.67866,0.00034,0.00287,0.31799,0.00005,0.00000,0.00001,0.00000,0.00007
6.58000,1.02194,0.79349,0.00129,0.00225,0.20276,0.00005,0.00000,0.00003,0.00000,0.00014
6.72000,1.02194,0.66948,0.00574,0.00590,0.31863,0.00008,0.00000,0.00003,0.00000,0.00014
6.86000,1.02194,0.40126,0.00480,0.00410,0.58971,0.00002,0.00000,0.00002,0.00000,0.00009
7.00000,1.02194,0.43660,0.00496,0.00498,0.55322,0.00004,0.00000,0.00003,0.00000,0.00015
7.14000,1.02194,0.45926,0.01396,0.00782,0.51871,0.00005,0.00000,0.00003,0.00001,0.00017
7.28000,1.02194,0.63324,0.01327,0.01033,0.34288,0.00007,0.00000,0.00003,0.00001,0.00016
7.42000,1.02194,0.59731,0.00881,0.01011,0.38353,0.00005,0.00000,0.00002,0.00001,0.00016
7.56000,1.02194,0.33151,0.00541,0.01200,0.65092,0.00006,0.00000,0.00001,0.00001,0.00008
7.70000,1.02194,0.38682,0.00560,0.01528,0.59212,0.00006,0.00000,0.00002,0.00001,0.00009
7.84000,1.02194,0.53705,0.00760,0.00762,0.44753,0.00003,0.00000,0.00003,0.00000,0.00013
7.98000,1.02194,0.76407,0.00533,0.00355,0.22661,0.00004,0.00000,0.00008,0.00000,0.00032
8.12000,1.02194,0.84497,0.00703,0.00184,0.14580,0.00002,0.00000,0.00006,0.00000,0.00028
8.26000,1.02194,0.83270,0.00228,0.00141,0.16327,0.00001,0.00000,0.00006,0.00000,0.00027
8.40000,1.02194,0.77891,0.00135,0.00201,0.21745,0.00002,0.00000,0.00005,0.00000,0.00021
8.54000,1.02194,0.83322,0.00107,0.00348,0.16206,0.00003,0.00000,0.00002,0.00000,0.00012
8.68000,1.02194,0.85794,0.00106,0.00446,0.13631,0.00007,0.00000,0.00002,0.00000,0.00013
8.82000,1.02194,0.75595,0.00097,0.00630,0.23656,0.00008,0.00000,0.00001,0.00000,0.00012
8.96000,1.02194,0.67786,0.00126,0.01336,0.30724,0.00016,0.00000,0.00001,0.00001,0.00010
9.10000,1.02194,0.82344,0.00113,0.00778,0.16742,0.00011,0.00000,0.00001,0.00000,0.00011
9.24000,1.02194,0.76469,0.00229,0.01678,0.21602,0.00011,0.00000,0.00001,0.00001,0.00010
9.38000,1.02194,0.57971,0.00458,0.03811,0.37739,0.00010,0.00001,0.00001,0.00002,0.00008
9.52000,1.02194,0.87925,0.00157,0.00640,0.11260,0.00004,0.00000,0.00001,0.00000,0.00012
9.66000,1.02194,0.86376,0.00137,0.00561,0.12907,0.00004,0.00000,0.00001,0.00000,0.00014
9.80000,1.02194,0.84799,0.00156,0.00743,0.14274,0.00008,0.00000,0.00002,0.00000,0.00017
9.94000,1.02194,0.83716,0.00235,0.01078,0.14947,0.00008,0.00000,0.00001,0.00000,0.00014
10.08000,1.02194,0.85330,0.00138,0.00572,0.13937,0.00006,0.00000,0.00002,0.00000,0.00015
10.22000,1.02194,0.81796,0.00132,0.00845,0.17196,0.00015,0.00000,0.00002,0.00001,0.00013
10.36000,1.02194,0.90576,0.00110,0.00505,0.08786,0.00011,0.00000,0.00001,0.00000,0.00011
10.50000,1.02194,0.91456,0.00102,0.00426,0.07993,0.00010,0.00000,0.00001,0.00000,0.00011
10.64000,1.02194,0.89877,0.00085,0.00479,0.09538,0.00010,0.00000,0.00001,0.00000,0.00010
10.78000,1.02194,0.89290,0.00064,0.00455,0.10170,0.00010,0.00000,0.00001,0.00000,0.00010
10.92000,1.02194,0.89720,0.00060,0.00449,0.09749,0.00011,0.00000,0.00001,0.00000,0.00009
11.06000,1.02194,0.90322,0.00068,0.00406,0.09184,0.00010,0.00000,0.00001,0.00000,0.00009
11.20000,1.02194,0.88907,0.00062,0.00444,0.10567,0.00010,0.00000,0.00001,0.00000,0.00009
11.34000,1.02194,0.91208,0.00060,0.00448,0.08265,0.00009,0.00000,0.00001,0.00000,0.00008
11.48000,1.02194,0.92484,0.00053,0.00347,0.07098,0.00009,0.00000,0.00001,0.00000,0.00009
11.62000,1.02194,0.91171,0.00054,0.00392,0.08361,0.00010,0.00000,0.00001,0.00000,0.00009
11.76000,1.02194,0.92089,0.00058,0.00391,0.07443,0.00010,0.00000,0.00001,0.00000,0.00009
11.90000,1.02194,0.92876,0.00054,0.00375,0.06677,0.00009,0.00000,0.00001,0.00000,0.00008
12.04000,1.02194,0.94191,0.00059,0.00309,0.05422,0.00009,0.00000,0.00001,0.00000,0.00009
12.18000,1.02194,0.93074,0.00084,0.00373,0.06448,0.00009,0.00000,0.00001,0.00000,0.00009
12.32000,1.02194,0.88015,0.00084,0.00520,0.11357,0.00012,0.00000,0.00001,0.00000,0.00011
12.46000,1.02194,0.90238,0.00094,0.00491,0.09154,0.00011,0.00000,0.00001,0.00000,0.00011
12.60000,1.02194,0.88721,0.00137,0.00588,0.10530,0.00011,0.00000,0.00001,0.00000,0.00011
12.74000,1.02194,0.85450,0.00131,0.00625,0.13770,0.00011,0.00000,0.00001,0.00000,0.00012
12.88000,1.02194,0.65140,0.00183,0.01299,0.33356,0.00011,0.00000,0.00001,0.00001,0.00009
13.02000,1.02194,0.68806,0.00108,0.00923,0.30143,0.00009,0.00000,0.00001,0.00000,0.00009
13.16000,1.02194,0.69370,0.00093,0.00441,0.30080,0.00005,0.00000,0.00002,0.00000,0.00009
13.30000,1.02194,0.78929,0.00451,0.00610,0.19992,0.00004,0.00000,0.00002,0.00000,0.00012
13.44000,1.02194,0.87165,0.00606,0.00319,0.11886,0.00004,0.00000,0.00002,0.00000,0.00018
13.58000,1.02194,0.78039,0.01248,0.00573,0.20114,0.00004,0.00000,0.00002,0.00000,0.00019
13.72000,1.02194,0.74090,0.01266,0.00401,0.24207,0.00005,0.00000,0.00004,0.00000,0.00027
13.86000,1.02194,0.61872,0.02913,0.00762,0.34419,0.00005,0.00000,0.00003,0.00001,0.00025
14.00000,1.02194,0.63813,0.02539,0.01201,0.32400,0.00014,0.00001,0.00004,0.00002,0.00026
14.14000,1.02194,0.85418,0.03550,0.00711,0.10268,0.00019,0.00001,0.00005,0.00003,0.00025
14.28000,1.02194,0.84534,0.01969,0.00301,0.13141,0.00005,0.00000,0.00008,0.00001,0.00043
14.42000,1.02194,0.91234,0.00269,0.00031,0.08373,0.00001,0.00000,0.00024,0.00000,0.00068
14.56000,1.02194,0.92410,0.00684,0.00106,0.06678,0.00003,0.00000,0.00031,0.00000,0.00089
14.70000,1.02194,0.88455,0.01412,0.00095,0.09886,0.00003,0.00000,0.00039,0.00000,0.00110
14.84000,1.02194,0.82236,0.01577,0.00053,0.15972,0.00001,0.00000,0.00047,0.00000,0.00114
14.98000,1.02194,0.57932,0.09679,0.01004,0.31306,0.00007,0.00001,0.00017,0.00002,0.00052
15.12000,1.02194,0.56307,0.10619,0.01495,0.31513,0.00015,0.00002,0.00009,0.00004,0.00037
15.26000,1.02194,0.46150,0.12831,0.00969,0.39992,0.00015,0.00001,0.00006,0.00004,0.00032
15.40000,1.02194,0.50899,0.18504,0.00892,0.29659,0.00010,0.00001,0.00004,0.00003,0.00028
15.54000,1.02194,0.64264,0.04966,0.00480,0.30227,0.00012,0.00000,0.00008,0.00001,0.00042
15.68000,1.02194,0.76639,0.03949,0.00507,0.18846,0.00011,0.00001,0.00010,0.00002,0.00037
15.82000,1.02194,0.86757,0.00913,0.00065,0.12154,0.00003,0.00000,0.00024,0.00000,0.00084
15.96000,1.02194,0.95166,0.00080,0.00003,0.04506,0.00001,0.00000,0.00073,0.00000,0.00172
16.10000,1.02194,0.92582,0.00153,0.00012,0.07006,0.00001,0.00000,0.00077,0.00000,0.00168
16.24000,1.02194,0.91224,0.00101,0.00015,0.08472,0.00001,0.00000,0.00062,0.00000,0.00124
16.38000,1.02194,0.86848,0.00067,0.00039,0.12891,0.00001,0.00000,0.00048,0.00000,0.00105
16.52000,1.02194,0.57210,0.00072,0.00970,0.41709,0.00010,0.00000,0.00006,0.00001,0.00023
16.66000,1.02194,0.76574,0.00011,0.00591,0.22803,0.00007,0.00000,0.00003,0.00000,0.00011
16.80000,1.02194,0.83577,0.00001,0.00081,0.16324,0.00001,0.00000,0.00002,0.00000,0.00013
16.94000,1.02194,0.95542,0.00001,0.00019,0.04418,0.00001,0.00000,0.00004,0.00000,0.00016
17.08000,1.02194,0.98964,0.00000,0.00009,0.01010,0.00000,0.00000,0.00003,0.00000,0.00014
17.22000,1.02194,0.96901,0.00002,0.00065,0.03021,0.00000,0.00000,0.00001,0.00000,0.00009
17.36000,1.02194,0.96355,0.00004,0.00034,0.03590,0.00000,0.00000,0.00003,0.00000,0.00015
17.50000,1.02194,0.97930,0.00031,0.00033,0.01991,0.00000,0.00000,0.00002,0.00000,0.00012
17.64000,1.02194,0.96665,0.00091,0.00231,0.02993,0.00002,0.00000,0.00002,0.00000,0.00016
17.78000,1.02194,0.94469,0.00133,0.00162,0.05210,0.00001,0.00000,0.00002,0.00000,0.00021
17.92000,1.02194,0.86153,0.00302,0.00307,0.13210,0.00001,0.00000,0.00002,0.00000,0.00024
18.06000,1.02194,0.91015,0.00125,0.00484,0.08357,0.00002,0.00000,0.00002,0.00000,0.00014
18.20000,1.02194,0.94018,0.00029,0.00343,0.05593,0.00007,0.00000,0.00001,0.00000,0.00010
18.34000,1.02194,0.92384,0.00023,0.00265,0.07312,0.00007,0.00000,0.00001,0.00000,0.00008
18.48000,1.02194,0.81064,0.00106,0.01085,0.17726,0.00012,0.00000,0.00001,0.00001,0.00006
18.62000,1.02194,0.54929,0.00904,0.02177,0.41980,0.00007,0.00001,0.00001,0.00001,0.00002
18.76000,1.02194,0.27555,0.00462,0.00157,0.71816,0.00004,0.00000,0.00002,0.00000,0.00003
18.90000,1.02194,0.23897,0.02209,0.00094,0.73787,0.00004,0.00000,0.00005,0.00001,0.00004
19.04000,1.02194,0.12481,0.04176,0.00028,0.83304,0.00002,0.00000,0.00006,0.00000,0.00003
19.18000,1.02194,0.05498,0.03875,0.00015,0.90606,0.00001,0.00000,0.00004,0.00000,0.00001
19.32000,1.02194,0.05137,0.01762,0.00003,0.93084,0.00000,0.00000,0.00011,0.00000,0.00001
19.46000,1.02194,0.03922,0.01004,0.00015,0.95049,0.00001,0.00000,0.00008,0.00000,0.00001
19.60000,1.02194,0.03860,0.00163,0.00019,0.95952,0.00001,0.00000,0.00004,0.00000,0.00001
19.74000,1.02194,0.05650,0.00156,0.00038,0.94150,0.00001,0.00000,0.00004,0.00000,0.00001
19.88000,1.02194,0.09501,0.00124,0.00084,0.90282,0.00001,0.00000,0.00004,0.00000,0.00002
20.02000,1.02194,0.13376,0.00079,0.00159,0.86379,0.00002,0.00000,0.00003,0.00000,0.00003
20.16000,1.02194,0.15829,0.00043,0.00150,0.83969,0.00002,0.00000,0.00003,0.00000,0.00004
20.30000,1.02194,0.12177,0.00052,0.00194,0.87571,0.00002,0.00000,0.00002,0.00000,0.00003
20.44000,1.02194,0.15438,0.00038,0.00179,0.84338,0.00002,0.00000,0.00002,0.00000,0.00003
20.58000,1.02194,0.17579,0.00028,0.00225,0.82158,0.00003,0.00000,0.00003,0.00000,0.00004
20.72000,1.02194,0.26040,0.00014,0.00120,0.73813,0.00003,0.00000,0.00005,0.00000,0.00005
20.86000,1.02194,0.31457,0.00008,0.00139,0.68381,0.00004,0.00000,0.00005,0.00000,0.00006
21.00000,1.02194,0.34908,0.00005,0.00092,0.64980,0.00003,0.00000,0.00006,0.00000,0.00006
21.14000,1.02194,0.39407,0.00004,0.00089,0.60484,0.00004,0.00000,0.00006,0.00000,0.00006
21.28000,1.02194,0.23834,0.00005,0.00093,0.76059,0.00002,0.00000,0.00004,0.00000,0.00004
21.42000,1.02194,0.16256,0.00012,0.00131,0.83595,0.00002,0.00000,0.00003,0.00000,0.00002
21.56000,1.02194,0.09815,0.00022,0.00078,0.90080,0.00001,0.00000,0.00003,0.00000,0.00001
21.70000,1.02194,0.07665,0.00053,0.00096,0.92179,0.00001,0.00000,0.00004,0.00000,0.00001
21.84000,1.02194,0.06333,0.00080,0.00081,0.93497,0.00001,0.00000,0.00006,0.00000,0.00002
21.98000,1.02194,0.04639,0.00119,0.00065,0.95168,0.00001,0.00000,0.00007,0.00000,0.00001
22.12000,1.02194,0.04198,0.00092,0.00050,0.95650,0.00001,0.00000,0.00008,0.00000,0.00001
22.26000,1.02194,0.05399,0.00086,0.00055,0.94447,0.00001,0.00000,0.00011,0.00000,0.00001
22.40000,1.02194,0.10775,0.00043,0.00067,0.89096,0.00002,0.00000,0.00015,0.00000,0.00002
22.54000,1.02194,0.11849,0.00041,0.00100,0.87997,0.00002,0.00000,0.00009,0.00000,0.00002
22.68000,1.02194,0.13095,0.00042,0.00097,0.86758,0.00002,0.00000,0.00005,0.00000,0.00001
22.82000,1.02194,0.16061,0.00017,0.00056,0.83859,0.00001,0.00000,0.00005,0.00000,0.00002
22.96000,1.02194,0.24015,0.00013,0.00104,0.75859,0.00002,0.00000,0.00004,0.00000,0.00003
23.10000,1.02194,0.21407,0.00013,0.00096,0.78476,0.00002,0.00000,0.00003,0.00000,0.00003
23.24000,1.02194,0.21246,0.00014,0.00103,0.78629,0.00002,0.00000,0.00003,0.00000,0.00003
23.38000,1.02194,0.30638,0.00012,0.00118,0.69220,0.00003,0.00000,0.00005,0.00000,0.00005
23.52000,1.02194,0.27183,0.00006,0.00107,0.72694,0.00003,0.00000,0.00004,0.00000,0.00004
23.66000,1.02194,0.24492,0.00006,0.00104,0.75388,0.00003,0.00000,0.00004,0.00000,0.00003
23.80000,1.02194,0.21187,0.00009,0.00138,0.78656,0.00003,0.00000,0.00004,0.00000,0.00004
23.94000,1.02194,0.26291,0.00007,0.00130,0.73561,0.00003,0.00000,0.00004,0.00000,0.00004
24.08000,1.02194,0.28027,0.00007,0.00097,0.71855,0.00003,0.00000,0.00006,0.00000,0.00005
24.22000,1.02194,0.22667,0.00008,0.00112,0.77201,0.00003,0.00000,0.00005,0.00000,0.00004
24.36000,1.02194,0.29268,0.00007,0.00106,0.70605,0.00004,0.00000,0.00006,0.00000,0.00004
24.50000,1.02194,0.33095,0.00004,0.00097,0.66790,0.00004,0.00000,0.00005,0.00000,0.00004
24.64000,1.02194,0.29480,0.00006,0.00109,0.70393,0.00004,0.00000,0.00004,0.00000,0.00004
24.78000,1.02194,0.28627,0.00008,0.00146,0.71208,0.00004,0.00000,0.00004,0.00000,0.00004
24.92000,1.02194,0.22526,0.00008,0.00123,0.77334,0.00002,0.00000,0.00003,0.00000,0.00003
25.06000,1.02194,0.23326,0.00011,0.00183,0.76471,0.00003,0.00000,0.00002,0.00000,0.00003
25.20000,1.02194,0.27110,0.00015,0.00179,0.72684,0.00004,0.00000,0.00003,0.00000,0.00004
25.34000,1.02194,0.18322,0.00023,0.00228,0.81419,0.00003,0.00000,0.00002,0.00000,0.00003
25.48000,1.02194,0.19466,0.00018,0.00162,0.80347,0.00002,0.00000,0.00002,0.00000,0.00003
25.62000,1.02194,0.22897,0.00013,0.00168,0.76914,0.00003,0.00000,0.00003,0.00000,0.00003
25.76000,1.02194,0.24055,0.00010,0.00140,0.75786,0.00003,0.00000,0.00003,0.00000,0.00004
25.90000,1.02194,0.24201,0.00014,0.00197,0.75577,0.00004,0.00000,0.00003,0.00000,0.00004
26.04000,1.02194,0.29518,0.00009,0.00166,0.70295,0.00004,0.00000,0.00004,0.00000,0.00004
26.18000,1.02194,0.32633,0.00004,0.00141,0.67209,0.00005,0.00000,0.00004,0.00000,0.00004
26.32000,1.02194,0.36211,0.00003,0.00118,0.63655,0.00005,0.00000,0.00004,0.00000,0.00004
26.46000,1.02194,0.34022,0.00004,0.00139,0.65824,0.00004,0.00000,0.00004,0.00000,0.00004
26.60000,1.02194,0.33980,0.00004,0.00152,0.65852,0.00005,0.00000,0.00003,0.00000,0.00003
26.74000,1.02194,0.30995,0.00005,0.00141,0.68850,0.00004,0.00000,0.00003,0.00000,0.00003
26.88000,1.02194,0.31345,0.00004,0.00126,0.68516,0.00003,0.00000,0.00003,0.00000,0.00003
27.02000,1.02194,0.27167,0.00007,0.00169,0.72648,0.00004,0.00000,0.00003,0.00000,0.00003
27.16000,1.02194,0.29593,0.00006,0.00140,0.70250,0.00004,0.00000,0.00003,0.00000,0.00004
27.30000,1.02194,0.26967,0.00007,0.00132,0.72882,0.00004,0.00000,0.00003,0.00000,0.00004
27.44000,1.02194,0.25018,0.00011,0.00160,0.74801,0.00003,0.00000,0.00003,0.00000,0.00003
27.58000,1.02194,0.22276,0.00012,0.00150,0.77553,0.00003,0.00000,0.00003,0.00000,0.00003
27.72000,1.02194,0.17919,0.00019,0.00131,0.81923,0.00002,0.00000,0.00003,0.00000,0.00003
27.86000,1.02194,0.16243,0.00025,0.00141,0.83582,0.00002,0.00000,0.00003,0.00000,0.00003
28.00000,1.02194,0.19850,0.00021,0.00138,0.79982,0.00002,0.00000,0.00004,0.00000,0.00003
28.14000,1.02194,0.18504,0.00029,0.00187,0.81271,0.00003,0.00000,0.00003,0.00000,0.00003
28.28000,1.02194,0.19635,0.00017,0.00093,0.80246,0.00002,0.00000,0.00004,0.00000,0.00003
28.42000,1.02194,0.18684,0.00015,0.00123,0.81170,0.00002,0.00000,0.00003,0.00000,0.00002
28.56000,1.02194,0.19675,0.00010,0.00095,0.80212,0.00002,0.00000,0.00003,0.00000,0.00002
28.70000,1.02194,0.18275,0.00013,0.00118,0.81587,0.00002,0.00000,0.00003,0.00000,0.00002
28.84000,1.02194,0.18822,0.00013,0.00089,0.81068,0.00002,0.00000,0.00003,0.00000,0.00003
28.98000,1.02194,0.19873,0.00014,0.00096,0.80008,0.00002,0.00000,0.00004,0.00000,0.00003
29.12000,1.02194,0.19549,0.00014,0.00097,0.80330,0.00002,0.00000,0.00005,0.00000,0.00003
29.26000,1.02194,0.15683,0.00022,0.00115,0.84171,0.00002,0.00000,0.00004,0.00000,0.00003
29.40000,1.02194,0.17890,0.00017,0.00097,0.81988,0.00002,0.00000,0.00004,0.00000,0.00003
29.54000,1.02194,0.17894,0.00018,0.00091,0.81988,0.00002,0.00000,0.00004,0.00000,0.00003
29.68000,1.02194,0.17074,0.00027,0.00125,0.82765,0.00003,0.00000,0.00004,0.00000,0.00002
29.82000,1.02194,0.13929,0.00031,0.00113,0.85919,0.00002,0.00000,0.00003,0.00000,0.00002
29.96000,1.02194,0.12200,0.00037,0.00098,0.87658,0.00002,0.00000,0.00003,0.00000,0.00002
30.10000,1.02194,0.12392,0.00028,0.00079,0.87494,0.00002,0.00000,0.00003,0.00000,0.00002
30.24000,1.02194,0.11226,0.00038,0.00108,0.88622,0.00002,0.00000,0.00003,0.00000,0.00002
30.38000,1.02194,0.10281,0.00032,0.00059,0.89623,0.00001,0.00000,0.00003,0.00000,0.00002
30.52000,1.02194,0.08110,0.00047,0.00054,0.91784,0.00001,0.00000,0.00003,0.00000,0.00001
30.66000,1.02194,0.11829,0.00027,0.00051,0.88086,0.00001,0.00000,0.00004,0.00000,0.00002
30.80000,1.02194,0.12525,0.00022,0.00045,0.87400,0.00002,0.00000,0.00004,0.00000,0.00002
30.94000,1.02194,0.12219,0.00017,0.00046,0.87711,0.00001,0.00000,0.00004,0.00000,0.00002
31.08000,1.02194,0.13105,0.00023,0.00061,0.86803,0.00002,0.00000,0.00004,0.00000,0.00002
31.22000,1.02194,0.11857,0.00018,0.00071,0.88047,0.00002,0.00000,0.00003,0.00000,0.00002
31.36000,1.02194,0.11471,0.00017,0.00039,0.88466,0.00001,0.00000,0.00004,0.00000,0.00002
31.50000,1.02194,0.12803,0.00023,0.00068,0.87098,0.00002,0.00000,0.00004,0.00000,0.00002
31.64000,1.02194,0.13081,0.00020,0.00056,0.86834,0.00001,0.00000,0.00005,0.00000,0.00002
31.78000,1.02194,0.12796,0.00032,0.00088,0.87075,0.00002,0.00000,0.00005,0.00000,0.00002
31.92000,1.02194,0.18121,0.00024,0.00097,0.81748,0.00002,0.00000,0.00005,0.00000,0.00003
32.06000,1.02193,0.18044,0.00020,0.00119,0.81810,0.00002,0.00000,0.00003,0.00000,0.00002
32.20000,1.02194,0.19532,0.00023,0.00153,0.80283,0.00003,0.00000,0.00003,0.00000,0.00003
32.34000,1.02194,0.14483,0.00040,0.00185,0.85286,0.00002,0.00000,0.00002,0.00000,0.00002
32.48000,1.02194,0.16502,0.00040,0.00191,0.83259,0.00002,0.00000,0.00002,0.00000,0.00003
32.62000,1.02194,0.14062,0.00050,0.00158,0.85723,0.00002,0.00000,0.00002,0.00000,0.00003
32.76000,1.02194,0.11308,0.00043,0.00128,0.88515,0.00002,0.00000,0.00002,0.00000,0.00002
32.90000,1.02193,0.10656,0.00044,0.00091,0.89204,0.00001,0.00000,0.00002,0.00000,0.00002
33.04000,1.02194,0.11036,0.00037,0.00072,0.88850,0.00001,0.00000,0.00003,0.00000,0.00002
33.18000,1.02194,0.11841,0.00026,0.00059,0.88068,0.00001,0.00000,0.00004,0.00000,0.00002
33.32000,1.02194,0.10603,0.00032,0.00073,0.89285,0.00001,0.00000,0.00003,0.00000,0.00002
33.46000,1.02194,0.08890,0.00025,0.00045,0.91035,0.00001,0.00000,0.00003,0.00000,0.00001
33.60000,1.02194,0.10196,0.00025,0.00045,0.89729,0.00001,0.00000,0.00003,0.00000,0.00001
33.74000,1.02193,0.11389,0.00043,0.00115,0.88446,0.00001,0.00000,0.00003,0.00000,0.00002
33.88000,1.02194,0.14601,0.00051,0.00148,0.85190,0.00002,0.00000,0.00004,0.00000,0.00003
34.02000,1.02194,0.12020,0.00044,0.00121,0.87809,0.00002,0.00000,0.00003,0.00000,0.00002
34.16000,1.02194,0.12583,0.00042,0.00123,0.87245,0.00002,0.00000,0.00003,0.00000,0.00002
34.30000,1.02194,0.17288,0.00058,0.00184,0.82460,0.00003,0.00000,0.00004,0.00000,0.00003
34.44000,1.02194,0.13064,0.00050,0.00141,0.86738,0.00002,0.00000,0.00003,0.00000,0.00002
34.58000,1.02193,0.11769,0.00063,0.00169,0.87992,0.00002,0.00000,0.00002,0.00000,0.00002
34.72000,1.02193,0.09600,0.00084,0.00111,0.90198,0.00001,0.00000,0.00003,0.00000,0.00002
34.86000,1.02194,0.08807,0.00067,0.00083,0.91037,0.00001,0.00000,0.00003,0.00000,0.00002
35.00000,1.02194,0.10286,0.00079,0.00108,0.89519,0.00002,0.00000,0.00004,0.00000,0.00002
35.14000,1.02194,0.09102,0.00112,0.00144,0.90635,0.00002,0.00000,0.00003,0.00000,0.00002
35.28000,1.02194,0.07647,0.00087,0.00094,0.92167,0.00001,0.00000,0.00003,0.00000,0.00001
35.42000,1.02194,0.09185,0.00153,0.00147,0.90509,0.00001,0.00000,0.00003,0.00000,0.00002
35.56000,1.02193,0.11232,0.00078,0.00107,0.88575,0.00002,0.00000,0.00003,0.00000,0.00002
35.70000,1.02194,0.08862,0.00092,0.00117,0.90923,0.00001,0.00000,0.00002,0.00000,0.00002
35.84000,1.02194,0.10486,0.00102,0.00153,0.89252,0.00002,0.00000,0.00003,0.00000,0.00003
35.98000,1.02194,0.12151,0.00075,0.00133,0.87634,0.00002,0.00000,0.00003,0.00000,0.00003
36.12000,1.02194,0.10983,0.00098,0.00200,0.88711,0.00002,0.00000,0.00003,0.00000,0.00002
36.26000,1.02194,0.12462,0.00064,0.00145,0.87319,0.00002,0.00000,0.00003,0.00000,0.00003
36.40000,1.02193,0.13455,0.00047,0.00161,0.86329,0.00002,0.00000,0.00004,0.00000,0.00003
36.54000,1.02194,0.14546,0.00037,0.00161,0.85248,0.00002,0.00000,0.00003,0.00000,0.00003
36.68000,1.02194,0.13092,0.00037,0.00128,0.86735,0.00002,0.00000,0.00003,0.00000,0.00003
36.82000,1.02194,0.16293,0.00043,0.00201,0.83454,0.00003,0.00000,0.00003,0.00000,0.00003
36.96000,1.02194,0.12579,0.00050,0.00179,0.87185,0.00002,0.00000,0.00002,0.00000,0.00002
37.10000,1.02194,0.15776,0.00054,0.00192,0.83970,0.00002,0.00000,0.00003,0.00000,0.00003
37.24000,1.02193,0.11498,0.00097,0.00242,0.88157,0.00002,0.00000,0.00002,0.00000,0.00002
37.38000,1.02194,0.10671,0.00101,0.00208,0.89014,0.00002,0.00000,0.00002,0.00000,0.00002
37.52000,1.02194,0.10365,0.00123,0.00190,0.89315,0.00002,0.00000,0.00002,0.00000,0.00003
37.66000,1.02194,0.12519,0.00163,0.00247,0.87063,0.00002,0.00000,0.00003,0.00000,0.00003
37.80000,1.02194,0.13845,0.00124,0.00213,0.85809,0.00003,0.00000,0.00003,0.00000,0.00004
37.94000,1.02194,0.11884,0.00136,0.00257,0.87717,0.00002,0.00000,0.00002,0.00000,0.00003
38.08000,1.02193,0.13276,0.00087,0.00220,0.86410,0.00002,0.00000,0.00002,0.00000,0.00003
38.22000,1.02193,0.14263,0.00066,0.00213,0.85451,0.00002,0.00000,0.00002,0.00000,0.00003
38.36000,1.02194,0.13361,0.00048,0.00176,0.86408,0.00002,0.00000,0.00002,0.00000,0.00003
38.50000,1.02194,0.13319,0.00058,0.00211,0.86405,0.00003,0.00000,0.00002,0.00000,0.00003
38.64000,1.02194,0.16486,0.00042,0.00173,0.83290,0.00002,0.00000,0.00003,0.00000,0.00003
38.78000,1.02194,0.13992,0.00044,0.00193,0.85763,0.00002,0.00000,0.00003,0.00000,0.00003
38.92000,1.02194,0.15902,0.00049,0.00237,0.83803,0.00003,0.00000,0.00003,0.00000,0.00003
39.06000,1.02193,0.14598,0.00044,0.00192,0.85158,0.00002,0.00000,0.00003,0.00000,0.00003
39.20000,1.02194,0.15997,0.00028,0.00160,0.83806,0.00002,0.00000,0.00003,0.00000,0.00003
39.34000,1.02194,0.16100,0.00029,0.00146,0.83717,0.00002,0.00000,0.00003,0.00000,0.00003
39.48000,1.02194,0.17613,0.00023,0.00157,0.82199,0.00002,0.00000,0.00003,0.00000,0.00003
39.62000,1.02194,0.17466,0.00023,0.00148,0.82354,0.00003,0.00000,0.00003,0.00000,0.00003
39.76000,1.02194,0.18396,0.00017,0.00098,0.81480,0.00002,0.00000,0.00004,0.00000,0.00003
39.90000,1.02193,0.15279,0.00025,0.00115,0.84572,0.00002,0.00000,0.00003,0.00000,0.00003
40.04000,1.02194,0.15652,0.00027,0.00138,0.84175,0.00002,0.00000,0.00003,0.00000,0.00003
40.18000,1.02194,0.12498,0.00031,0.00126,0.87338,0.00001,0.00000,0.00003,0.00000,0.00002
40.32000,1.02194,0.11072,0.00055,0.00185,0.88682,0.00002,0.00000,0.00002,0.00000,0.00002
40.46000,1.02194,0.09457,0.00046,0.00101,0.90390,0.00001,0.00000,0.00003,0.00000,0.00002
40.60000,1.02194,0.07822,0.00055,0.00144,0.91973,0.00001,0.00000,0.00003,0.00000,0.00001
40.74000,1.02193,0.06150,0.00051,0.00087,0.93706,0.00001,0.00000,0.00003,0.00000,0.00001
40.88000,1.02194,0.04606,0.00044,0.00050,0.95294,0.00001,0.00000,0.00004,0.00000,0.00001
41.02000,1.02194,0.03287,0.00063,0.00061,0.96585,0.00001,0.00000,0.00003,0.00000,0.00000
41.16000,1.02194,0.02865,0.00039,0.00029,0.97063,0.00000,0.00000,0.00004,0.00000,0.00000
41.30000,1.02194,0.02650,0.00043,0.00029,0.97273,0.00000,0.00000,0.00004,0.00000,0.00000
41.44000,1.02194,0.02291,0.00053,0.00023,0.97628,0.00000,0.00000,0.00004,0.00000,0.00000
41.58000,1.02193,0.03289,0.00037,0.00016,0.96650,0.00000,0.00000,0.00007,0.00000,0.00000
41.72000,1.02193,0.03912,0.00037,0.00035,0.96008,0.00001,0.00000,0.00006,0.00000,0.00000
41.86000,1.02194,0.03498,0.00035,0.00024,0.96437,0.00000,0.00000,0.00005,0.00000,0.00000
42.00000,1.02194,0.03390,0.00032,0.00027,0.96546,0.00000,0.00000,0.00005,0.00000,0.00000
42.14000,1.02194,0.03937,0.00036,0.00033,0.95988,0.00001,0.00000,0.00005,0.00000,0.00000
42.28000,1.02194,0.04060,0.00035,0.00037,0.95862,0.00001,0.00000,0.00006,0.00000,0.00000
42.42000,1.02194,0.04078,0.00029,0.00026,0.95859,0.00000,0.00000,0.00006,0.00000,0.00001
42.56000,1.02193,0.02865,0.00061,0.00040,0.97029,0.00001,0.00000,0.00004,0.00000,0.00000
42.70000,1.02194,0.02452,0.00065,0.00037,0.97442,0.00000,0.00000,0.00004,0.00000,0.00000
42.84000,1.02194,0.02398,0.00046,0.00019,0.97534,0.00000,0.00000,0.00004,0.00000,0.00000
42.98000,1.02194,0.02402,0.00035,0.00017,0.97542,0.00000,0.00000,0.00004,0.00000,0.00000
43.12000,1.02194,0.02053,0.00036,0.00025,0.97883,0.00000,0.00000,0.00003,0.00000,0.00000
43.26000,1.02194,0.02377,0.00027,0.00012,0.97580,0.00000,0.00000,0.00004,0.00000,0.00000
43.40000,1.02193,0.02351,0.00051,0.00026,0.97569,0.00000,0.00000,0.00002,0.00000,0.00000
43.54000,1.02194,0.02216,0.00056,0.00017,0.97707,0.00000,0.00000,0.00003,0.00000,0.00000
43.68000,1.02194,0.02885,0.00039,0.00017,0.97055,0.00000,0.00000,0.00003,0.00000,0.00000
43.82000,1.02194,0.03474,0.00047,0.00024,0.96450,0.00000,0.00000,0.00004,0.00000,0.00000
43.96000,1.02194,0.04567,0.00037,0.00021,0.95367,0.00000,0.00000,0.00006,0.00000,0.00001
44.10000,1.02194,0.03584,0.00054,0.00037,0.96321,0.00000,0.00000,0.00003,0.00000,0.00000
44.24000,1.02193,0.02499,0.00049,0.00020,0.97430,0.00000,0.00000,0.00003,0.00000,0.00000
44.38000,1.02194,0.02085,0.00028,0.00011,0.97873,0.00000,0.00000,0.00002,0.00000,0.00000
44.52000,1.02194,0.01720,0.00023,0.00009,0.98247,0.00000,0.00000,0.00001,0.00000,0.00000
44.66000,1.02194,0.01637,0.00029,0.00010,0.98322,0.00000,0.00000,0.00002,0.00000,0.00000
44.80000,1.02194,0.01522,0.00025,0.00007,0.98445,0.00000,0.00000,0.00002,0.00000,0.00000
44.94000,1.02194,0.01772,0.00047,0.00012,0.98166,0.00000,0.00000,0.00002,0.00000,0.00000
45.08000,1.02193,0.02480,0.00031,0.00014,0.97471,0.00000,0.00000,0.00004,0.00000,0.00000
45.22000,1.02193,0.03510,0.00023,0.00015,0.96445,0.00000,0.00000,0.00006,0.00000,0.00000
45.36000,1.02194,0.03583,0.00019,0.00025,0.96368,0.00000,0.00000,0.00005,0.00000,0.00000
45.50000,1.02194,0.02663,0.00018,0.00018,0.97298,0.00000,0.00000,0.00003,0.00000,0.00000
45.64000,1.02194,0.01865,0.00018,0.00017,0.98098,0.00000,0.00000,0.00002,0.00000,0.00000
45.78000,1.02194,0.01754,0.00017,0.00011,0.98216,0.00000,0.00000,0.00002,0.00000,0.00000
45.92000,1.02194,0.01577,0.00018,0.00014,0.98390,0.00000,0.00000,0.00002,0.00000,0.00000
46.06000,1.02193,0.01259,0.00022,0.00010,0.98708,0.00000,0.00000,0.00001,0.00000,0.00000
46.20000,1.02194,0.01184,0.00024,0.00007,0.98784,0.00000,0.00000,0.00001,0.00000,0.00000
46.34000,1.02194,0.01342,0.00031,0.00010,0.98615,0.00000,0.00000,0.00002,0.00000,0.00000
46.48000,1.02194,0.01480,0.00038,0.00017,0.98463,0.00000,0.00000,0.00002,0.00000,0.00000
46.62000,1.02194,0.01576,0.00028,0.00014,0.98380,0.00000,0.00000,0.00002,0.00000,0.00000
46.76000,1.02194,0.01058,0.00024,0.00006,0.98911,0.00000,0.00000,0.00001,0.00000,0.00000
46.90000,1.02193,0.01035,0.00028,0.00007,0.98929,0.00000,0.00000,0.00001,0.00000,0.00000
47.04000,1.02194,0.01328,0.00022,0.00006,0.98642,0.00000,0.00000,0.00001,0.00000,0.00000
47.18000,1.02194,0.01677,0.00037,0.00014,0.98270,0.00000,0.00000,0.00002,0.00000,0.00000
47.32000,1.02194,0.01761,0.00032,0.00009,0.98195,0.00000,0.00000,0.00002,0.00000,0.00000
47.46000,1.02194,0.02736,0.00039,0.00017,0.97203,0.00000,0.00000,0.00004,0.00000,0.00000
47.60000,1.02194,0.03853,0.00062,0.00062,0.96015,0.00001,0.00000,0.00005,0.00000,0.00000
47.74000,1.02193,0.03591,0.00040,0.00027,0.96336,0.00000,0.00000,0.00005,0.00000,0.00000
47.88000,1.02194,0.04413,0.00034,0.00026,0.95521,0.00000,0.00000,0.00005,0.00000,0.00001
48.02000,1.02194,0.04729,0.00036,0.00024,0.95202,0.00001,0.00000,0.00007,0.00000,0.00001
48.16000,1.02194,0.05379,0.00036,0.00044,0.94531,0.00001,0.00000,0.00007,0.00000,0.00001
48.30000,1.02194,0.05197,0.00028,0.00031,0.94736,0.00001,0.00000,0.00007,0.00000,0.00001
48.44000,1.02194,0.06299,0.00046,0.00050,0.93592,0.00001,0.00000,0.00009,0.00000,0.00001
48.58000,1.02193,0.08739,0.00033,0.00083,0.91129,0.00001,0.00000,0.00012,0.00000,0.00002
48.72000,1.02193,0.10368,0.00018,0.00082,0.89515,0.00001,0.00000,0.00013,0.00000,0.00002
48.86000,1.02194,0.12621,0.00015,0.00077,0.87265,0.00001,0.00000,0.00017,0.00000,0.00003
49.00000,1.02194,0.11906,0.00024,0.00105,0.87947,0.00002,0.00000,0.00013,0.00000,0.00002
49.14000,1.02194,0.12762,0.00023,0.00141,0.87054,0.00002,0.00000,0.00014,0.00000,0.00003
49.28000,1.02194,0.09974,0.00024,0.00085,0.89902,0.00002,0.00000,0.00011,0.00000,0.00002
49.42000,1.02194,0.11174,0.00029,0.00118,0.88661,0.00002,0.00000,0.00012,0.00000,0.00003
49.56000,1.02193,0.08777,0.00030,0.00081,0.91097,0.00001,0.00000,0.00011,0.00000,0.00002
49.70000,1.02194,0.08712,0.00032,0.00055,0.91186,0.00001,0.00000,0.00012,0.00000,0.00002
49.84000,1.02194,0.07038,0.00055,0.00095,0.92800,0.00001,0.00000,0.00010,0.00000,0.00002
49.98000,1.02194,0.06424,0.00080,0.00150,0.93334,0.00002,0.00000,0.00008,0.00000,0.00001
50.12000,1.02194,0.06329,0.00054,0.00072,0.93534,0.00001,0.00000,0.00009,0.00000,0.00002
50.26000,1.02194,0.06714,0.00052,0.00056,0.93164,0.00001,0.00000,0.00010,0.00000,0.00002
50.40000,1.02193,0.04248,0.00075,0.00084,0.95586,0.00001,0.00000,0.00006,0.00000,0.00001
50.54000,1.02194,0.02268,0.00075,0.00062,0.97592,0.00000,0.00000,0.00002,0.00000,0.00000
50.68000,1.02194,0.00803,0.00036,0.00009,0.99151,0.00000,0.00000,0.00001,0.00000,0.00000
50.82000,1.02194,0.00764,0.00020,0.00002,0.99212,0.00000,0.00000,0.00001,0.00000,0.00000
50.96000,1.02194,0.00683,0.00015,0.00002,0.99299,0.00000,0.00000,0.00001,0.00000,0.00000
51.10000,1.02194,0.00568,0.00012,0.00001,0.99418,0.00000,0.00000,0.00000,0.00000,0.00000
51.24000,1.02193,0.00561,0.00007,0.00001,0.99431,0.00000,0.00000,0.00000,0.00000,0.00000
51.38000,1.02194,0.01045,0.00018,0.00003,0.98933,0.00000,0.00000,0.00001,0.00000,0.00000
51.52000,1.02194,0.01711,0.00019,0.00005,0.98264,0.00000,0.00000,0.00001,0.00000,0.00000
51.66000,1.02194,0.01725,0.00014,0.00004,0.98256,0.00000,0.00000,0.00001,0.00000,0.00000
51.80000,1.02194,0.02119,0.00024,0.00011,0.97845,0.00000,0.00000,0.00001,0.00000,0.00000
51.94000,1.02194,0.02433,0.00015,0.00004,0.97546,0.00000,0.00000,0.00002,0.00000,0.00000
52.08000,1.02193,0.03485,0.00008,0.00005,0.96500,0.00000,0.00000,0.00002,0.00000,0.00000
52.22000,1.02193,0.03847,0.00008,0.00005,0.96137,0.00000,0.00000,0.00002,0.00000,0.00000
52.36000,1.02194,0.05408,0.00009,0.00009,0.94572,0.00000,0.00000,0.00002,0.00000,0.00000
52.50000,1.02194,0.10901,0.00004,0.00010,0.89079,0.00001,0.00000,0.00004,0.00000,0.00001
52.64000,1.02194,0.18363,0.00003,0.00021,0.81604,0.00002,0.00000,0.00006,0.00000,0.00001
52.78000,1.02194,0.27667,0.00001,0.00018,0.72304,0.00001,0.00000,0.00007,0.00000,0.00002
52.92000,1.02194,0.36230,0.00001,0.00016,0.63738,0.00002,0.00000,0.00010,0.00000,0.00003
53.06000,1.02193,0.47962,0.00000,0.00029,0.51995,0.00002,0.00000,0.00008,0.00000,0.00003
53.20000,1.02194,0.54064,0.00000,0.00012,0.45912,0.00002,0.00000,0.00008,0.00000,0.00002
53.34000,1.02194,0.47570,0.00000,0.00015,0.52406,0.00002,0.00000,0.00005,0.00000,0.00001
53.48000,1.02194,0.34307,0.00000,0.00012,0.65674,0.00001,0.00000,0.00004,0.00000,0.00001
53.62000,1.02194,0.24451,0.00001,0.00019,0.75524,0.00001,0.00000,0.00003,0.00000,0.00001
53.76000,1.02194,0.16811,0.00004,0.00024,0.83156,0.00001,0.00000,0.00003,0.00000,0.00001
53.90000,1.02193,0.07451,0.00009,0.00014,0.92524,0.00000,0.00000,0.00002,0.00000,0.00001
54.04000,1.02194,0.03990,0.00019,0.00017,0.95972,0.00000,0.00000,0.00001,0.00000,0.00000
54.18000,1.02194,0.03227,0.00022,0.00008,0.96741,0.00000,0.00000,0.00002,0.00000,0.00000
54.32000,1.02194,0.02440,0.00075,0.00019,0.97465,0.00000,0.00000,0.00001,0.00000,0.00000
54.46000,1.02194,0.02538,0.00044,0.00009,0.97407,0.00000,0.00000,0.00002,0.00000,0.00000
54.60000,1.02194,0.02483,0.00043,0.00008,0.97463,0.00000,0.00000,0.00002,0.00000,0.00000
54.74000,1.02193,0.04178,0.00010,0.00006,0.95803,0.00000,0.00000,0.00002,0.00000,0.00000
54.88000,1.02194,0.05414,0.00008,0.00008,0.94567,0.00000,0.00000,0.00002,0.00000,0.00000
55.02000,1.02194,0.07042,0.00010,0.00011,0.92934,0.00000,0.00000,0.00003,0.00000,0.00000
55.16000,1.02194,0.07707,0.00011,0.00015,0.92262,0.00001,0.00000,0.00003,0.00000,0.00001
55.30000,1.02194,0.09598,0.00010,0.00023,0.90365,0.00001,0.00000,0.00003,0.00000,0.00001
55.44000,1.02194,0.12831,0.00006,0.00017,0.87139,0.00001,0.00000,0.00004,0.00000,0.00001
55.58000,1.02193,0.13678,0.00005,0.00011,0.86299,0.00001,0.00000,0.00005,0.00000,0.00001
55.72000,1.02193,0.09900,0.00007,0.00019,0.90071,0.00001,0.00000,0.00002,0.00000,0.00000
55.86000,1.02194,0.10065,0.00003,0.00006,0.89922,0.00000,0.00000,0.00003,0.00000,0.00001
56.00000,1.02194,0.09668,0.00003,0.00007,0.90318,0.00000,0.00000,0.00002,0.00000,0.00000
56.14000,1.02194,0.09303,0.00002,0.00007,0.90685,0.00000,0.00000,0.00002,0.00000,0.00000
56.28000,1.02194,0.07877,0.00005,0.00012,0.92103,0.00001,0.00000,0.00002,0.00000,0.00000
56.42000,1.02194,0.06922,0.00005,0.00010,0.93060,0.00000,0.00000,0.00002,0.00000,0.00000
56.56000,1.02193,0.07797,0.00013,0.00023,0.92163,0.00001,0.00000,0.00003,0.00000,0.00001
56.70000,1.02194,0.10943,0.00010,0.00029,0.89012,0.00001,0.00000,0.00005,0.00000,0.00001
56.84000,1.02194,0.12997,0.00008,0.00038,0.86950,0.00001,0.00000,0.00004,0.00000,0.00001
56.98000,1.02194,0.11076,0.00014,0.00051,0.88853,0.00001,0.00000,0.00003,0.00000,0.00001
57.12000,1.02194,0.11380,0.00015,0.00044,0.88555,0.00001,0.00000,0.00004,0.00000,0.00002
57.26000,1.02194,0.14730,0.00015,0.00068,0.85180,0.00002,0.00000,0.00004,0.00000,0.00002
57.40000,1.02193,0.15732,0.00016,0.00080,0.84164,0.00002,0.00000,0.00004,0.00000,0.00002
57.54000,1.02194,0.18002,0.00009,0.00070,0.81911,0.00002,0.00000,0.00004,0.00000,0.00003
57.68000,1.02194,0.17880,0.00010,0.00075,0.82027,0.00002,0.00000,0.00004,0.00000,0.00002
57.82000,1.02194,0.19113,0.00006,0.00050,0.80824,0.00002,0.00000,0.00004,0.00000,0.00002
57.96000,1.02194,0.18053,0.00004,0.00037,0.81900,0.00001,0.00000,0.00003,0.00000,0.00001
58.10000,1.02194,0.21264,0.00006,0.00040,0.78685,0.00002,0.00000,0.00003,0.00000,0.00001
58.24000,1.02193,0.12256,0.00013,0.00031,0.87697,0.00001,0.00000,0.00002,0.00000,0.00001
58.38000,1.02194,0.07128,0.00010,0.00013,0.92847,0.00000,0.00000,0.00001,0.00000,0.00000
58.52000,1.02194,0.04309,0.00016,0.00014,0.95659,0.00000,0.00000,0.00001,0.00000,0.00000
58.66000,1.02194,0.03097,0.00025,0.00006,0.96871,0.00000,0.00000,0.00001,0.00000,0.00000
58.80000,1.02194,0.01862,0.00033,0.00005,0.98098,0.00000,0.00000,0.00001,0.00000,0.00000
58.94000,1.02194,0.02062,0.00054,0.00005,0.97877,0.00000,0.00000,0.00001,0.00000,0.00000
59.08000,1.02193,0.02477,0.00027,0.00005,0.97488,0.00000,0.00000,0.00002,0.00000,0.00000
59.22000,1.02193,0.02276,0.00019,0.00004,0.97698,0.00000,0.00000,0.00001,0.00000,0.00000
59.36000,1.02194,0.01797,0.00035,0.00007,0.98159,0.00000,0.00000,0.00001,0.00000,0.00000
59.50000,1.02194,0.02199,0.00024,0.00005,0.97770,0.00000,0.00000,0.00002,0.00000,0.00000
59.64000,1.02194,0.02709,0.00025,0.00009,0.97255,0.00000,0.00000,0.00002,0.00000,0.00000
59.78000,1.02194,0.02728,0.00025,0.00011,0.97234,0.00000,0.00000,0.00002,0.00000,0.00000
59.92000,1.02194,0.03485,0.00024,0.00012,0.96477,0.00000,0.00000,0.00002,0.00000,0.00000
60.06000,1.02193,0.04513,0.00029,0.00017,0.95435,0.00000,0.00000,0.00004,0.00000,0.00001
60.20000,1.02194,0.03813,0.00045,0.00029,0.96108,0.00001,0.00000,0.00003,0.00000,0.00000
60.34000,1.02194,0.06470,0.00033,0.00028,0.93462,0.00001,0.00000,0.00005,0.00000,0.00001
60.48000,1.02194,0.07268,0.00019,0.00033,0.92674,0.00001,0.00000,0.00004,0.00000,0.00001
60.62000,1.02194,0.09466,0.00009,0.00017,0.90502,0.00001,0.00000,0.00004,0.00000,0.00001
60.76000,1.02194,0.03994,0.00013,0.00017,0.95974,0.00000,0.00000,0.00001,0.00000,0.00000
60.90000,1.02193,0.03313,0.00009,0.00004,0.96673,0.00000,0.00000,0.00001,0.00000,0.00000
61.04000,1.02194,0.03026,0.00009,0.00004,0.96960,0.00000,0.00000,0.00001,0.00000,0.00000
61.18000,1.02194,0.02836,0.00011,0.00003,0.97149,0.00000,0.00000,0.00001,0.00000,0.00000
61.32000,1.02194,0.01204,0.00019,0.00005,0.98772,0.00000,0.00000,0.00000,0.00000,0.00000
61.46000,1.02194,0.01215,0.00008,0.00001,0.98775,0.00000,0.00000,0.00001,0.00000,0.00000
61.60000,1.02194,0.01118,0.00020,0.00003,0.98859,0.00000,0.00000,0.00001,0.00000,0.00000
61.74000,1.02193,0.01292,0.00022,0.00004,0.98681,0.00000,0.00000,0.00001,0.00000,0.00000
61.88000,1.02194,0.01634,0.00017,0.00003,0.98345,0.00000,0.00000,0.00001,0.00000,0.00000
62.02000,1.02194,0.02701,0.00012,0.00003,0.97282,0.00000,0.00000,0.00002,0.00000,0.00000
62.16000,1.02194,0.03951,0.00020,0.00012,0.96014,0.00000,0.00000,0.00002,0.00000,0.00000
62.30000,1.02194,0.04947,0.00016,0.00013,0.95021,0.00000,0.00000,0.00002,0.00000,0.00000
62.44000,1.02194,0.03617,0.00022,0.00014,0.96346,0.00000,0.00000,0.00001,0.00000,0.00000
62.58000,1.02193,0.04208,0.00041,0.00020,0.95729,0.00001,0.00000,0.00002,0.00000,0.00000
62.72000,1.02193,0.04634,0.00029,0.00018,0.95316,0.00001,0.00000,0.00002,0.00000,0.00000
62.86000,1.02194,0.03713,0.00031,0.00021,0.96233,0.00000,0.00000,0.00001,0.00000,0.00000
63.00000,1.02193,0.03225,0.00057,0.00019,0.96697,0.00000,0.00000,0.00002,0.00000,0.00000
63.14000,1.02193,0.05162,0.00106,0.00044,0.94683,0.00001,0.00000,0.00003,0.00000,0.00001
63.28000,1.02194,0.06165,0.00102,0.00064,0.93663,0.00001,0.00000,0.00003,0.00000,0.00001
63.42000,1.02194,0.06699,0.00298,0.00255,0.92742,0.00002,0.00000,0.00002,0.00000,0.00001
63.56000,1.02194,0.03712,0.00205,0.00097,0.95982,0.00001,0.00000,0.00001,0.00000,0.00001
63.70000,1.02194,0.04821,0.00152,0.00063,0.94960,0.00001,0.00000,0.00003,0.00000,0.00001
63.84000,1.02194,0.03656,0.00313,0.00134,0.95892,0.00001,0.00000,0.00003,0.00000,0.00000
63.98000,1.02194,0.01709,0.00438,0.00050,0.97800,0.00000,0.00000,0.00002,0.00000,0.00000
64.12000,1.02193,0.00694,0.00096,0.00006,0.99204,0.00000,0.00000,0.00001,0.00000,0.00000
64.26000,1.02193,0.00424,0.00140,0.00003,0.99432,0.00000,0.00000,0.00000,0.00000,0.00000
64.40000,1.02193,0.00130,0.00046,0.00002,0.99823,0.00000,0.00000,0.00000,0.00000,0.00000
64.54000,1.02193,0.00089,0.00009,0.00000,0.99902,0.00000,0.00000,0.00000,0.00000,0.00000
64.68000,1.02193,0.00091,0.00037,0.00000,0.99872,0.00000,0.00000,0.00000,0.00000,0.00000
64.82000,1.02193,0.00050,0.00007,0.00000,0.99943,0.00000,0.00000,0.00000,0.00000,0.00000
64.96000,1.02194,0.00060,0.00010,0.00000,0.99931,0.00000,0.00000,0.00000,0.00000,0.00000
65.10000,1.02194,0.00085,0.00009,0.00000,0.99905,0.00000,0.00000,0.00000,0.00000,0.00000
65.24000,1.02194,0.00181,0.00009,0.00000,0.99810,0.00000,0.00000,0.00000,0.00000,0.00000
65.38000,1.02194,0.00264,0.00012,0.00000,0.99723,0.00000,0.00000,0.00000,0.00000,0.00000
65.52000,1.02194,0.00197,0.00016,0.00000,0.99786,0.00000,0.00000,0.00000,0.00000,0.00000
65.66000,1.02193,0.00060,0.00004,0.00000,0.99935,0.00000,0.00000,0.00000,0.00000,0.00000
65.80000,1.02193,0.00041,0.00007,0.00000,0.99951,0.00000,0.00000,0.00000,0.00000,0.00000
65.94000,1.02193,0.00046,0.00004,0.00000,0.99950,0.00000,0.00000,0.00000,0.00000,0.00000
66.08000,1.02193,0.00047,0.00004,0.00000,0.99950,0.00000,0.00000,0.00000,0.00000,0.00000
66.22000,1.02193,0.00035,0.00002,0.00000,0.99963,0.00000,0.00000,0.00000,0.00000,0.00000
66.36000,1.02193,0.00019,0.00005,0.00000,0.99976,0.00000,0.00000,0.00000,0.00000,0.00000
66.50000,1.02193,0.00017,0.00003,0.00000,0.99980,0.00000,0.00000,0.00000,0.00000,0.00000
66.64000,1.02193,0.00025,0.00004,0.00000,0.99971,0.00000,0.00000,0.00000,0.00000,0.00000
66.78000,1.02194,0.00028,0.00002,0.00000,0.99970,0.00000,0.00000,0.00000,0.00000,0.00000
66.92000,1.02194,0.00020,0.00002,0.00000,0.99978,0.00000,0.00000,0.00000,0.00000,0.00000
67.06000,1.02194,0.00018,0.00002,0.00000,0.99980,0.00000,0.00000,0.00000,0.00000,0.00000
67.20000,1.02194,0.00023,0.00007,0.00000,0.99969,0.00000,0.00000,0.00000,0.00000,0.00000
67.34000,1.02194,0.00047,0.00007,0.00000,0.99946,0.00000,0.00000,0.00000,0.00000,0.00000
67.48000,1.02193,0.00072,0.00007,0.00000,0.99920,0.00000,0.00000,0.00000,0.00000,0.00000
67.62000,1.02193,0.00078,0.00007,0.00000,0.99914,0.00000,0.00000,0.00000,0.00000,0.00000
67.76000,1.02193,0.00037,0.00010,0.00000,0.99952,0.00000,0.00000,0.00000,0.00000,0.00000
67.90000,1.02193,0.00030,0.00003,0.00000,0.99967,0.00000,0.00000,0.00000,0.00000,0.00000
68.04000,1.02193,0.00023,0.00004,0.00000,0.99972,0.00000,0.00000,0.00000,0.00000,0.00000
68.18000,1.02193,0.00024,0.00003,0.00000,0.99973,0.00000,0.00000,0.00000,0.00000,0.00000
68.32000,1.02193,0.00019,0.00003,0.00000,0.99978,0.00000,0.00000,0.00000,0.00000,0.00000
68.46000,1.02194,0.00016,0.00006,0.00000,0.99978,0.00000,0.00000,0.00000,0.00000,0.00000
68.60000,1.02194,0.00021,0.00014,0.00000,0.99964,0.00000,0.00000,0.00000,0.00000,0.00000
68.74000,1.02194,0.00038,0.00017,0.00000,0.99944,0.00000,0.00000,0.00000,0.00000,0.00000
68.88000,1.02194,0.00036,0.00012,0.00000,0.99952,0.00000,0.00000,0.00000,0.00000,0.00000
69.02000,1.02194,0.00033,0.00036,0.00000,0.99931,0.00000,0.00000,0.00000,0.00000,0.00000
69.16000,1.02193,0.00022,0.00014,0.00000,0.99964,0.00000,0.00000,0.00000,0.00000,0.00000
69.30000,1.02193,0.00013,0.00010,0.00000,0.99977,0.00000,0.00000,0.00000,0.00000,0.00000
69.44000,1.02193,0.00011,0.00008,0.00000,0.99981,0.00000,0.00000,0.00000,0.00000,0.00000
69.58000,1.02193,0.00015,0.00033,0.00000,0.99952,0.00000,0.00000,0.00000,0.00000,0.00000
69.72000,1.02193,0.00029,0.00004,0.00000,0.99967,0.00000,0.00000,0.00000,0.00000,0.00000
69.86000,1.02193,0.00048,0.00004,0.00000,0.99948,0.00000,0.00000,0.00000,0.00000,0.00000
70.00000,1.02193,0.00074,0.00005,0.00000,0.99921,0.00000,0.00000,0.00000,0.00000,0.00000
70.14000,1.02193,0.00153,0.00017,0.00000,0.99830,0.00000,0.00000,0.00000,0.00000,0.00000
70.28000,1.02194,0.00404,0.00020,0.00000,0.99576,0.00000,0.00000,0.00000,0.00000,0.00000
70.42000,1.02194,0.00461,0.00025,0.00000,0.99514,0.00000,0.00000,0.00000,0.00000,0.00000
70.56000,1.02194,0.00375,0.00017,0.00000,0.99608,0.00000,0.00000,0.00000,0.00000,0.00000
70.70000,1.02194,0.00449,0.00019,0.00000,0.99531,0.00000,0.00000,0.00001,0.00000,0.00000
70.84000,1.02194,0.00254,0.00051,0.00002,0.99693,0.00000,0.00000,0.00000,0.00000,0.00000
70.98000,1.02193,0.00208,0.00024,0.00000,0.99768,0.00000,0.00000,0.00000,0.00000,0.00000
71.12000,1.02193,0.00300,0.00024,0.00000,0.99676,0.00000,0.00000,0.00000,0.00000,0.00000
71.26000,1.02193,0.00263,0.00009,0.00000,0.99727,0.00000,0.00000,0.00000,0.00000,0.00000
71.40000,1.02193,0.00115,0.00009,0.00000,0.99876,0.00000,0.00000,0.00000,0.00000,0.00000
71.54000,1.02193,0.00118,0.00006,0.00000,0.99876,0.00000,0.00000,0.00000,0.00000,0.00000
71.68000,1.02193,0.00246,0.00056,0.00002,0.99696,0.00000,0.00000,0.00000,0.00000,0.00000
71.82000,1.02193,0.00231,0.00040,0.00001,0.99728,0.00000,0.00000,0.00000,0.00000,0.00000
71.96000,1.02194,0.00235,0.00017,0.00000,0.99747,0.00000,0.00000,0.00000,0.00000,0.00000
72.10000,1.02194,0.00312,0.00046,0.00001,0.99640,0.00000,0.00000,0.00000,0.00000,0.00000
72.24000,1.02194,0.00818,0.00062,0.00002,0.99117,0.00000,0.00000,0.00001,0.00000,0.00000
72.38000,1.02194,0.01407,0.00125,0.00005,0.98461,0.00000,0.00000,0.00002,0.00000,0.00000
72.52000,1.02194,0.02715,0.00317,0.00028,0.96932,0.00001,0.00000,0.00006,0.00000,0.00001
72.66000,1.02193,0.03277,0.00300,0.00056,0.96359,0.00001,0.00000,0.00005,0.00000,0.00001
72.80000,1.02193,0.02263,0.00286,0.00097,0.97350,0.00001,0.00000,0.00002,0.00000,0.00000
72.94000,1.02193,0.01583,0.00064,0.00010,0.98342,0.00000,0.00000,0.00002,0.00000,0.00000
73.08000,1.02193,0.01040,0.00054,0.00009,0.98897,0.00000,0.00000,0.00001,0.00000,0.00000
73.22000,1.02193,0.00764,0.00053,0.00004,0.99178,0.00000,0.00000,0.00001,0.00000,0.00000
73.36000,1.02193,0.00600,0.00050,0.00003,0.99346,0.00000,0.00000,0.00000,0.00000,0.00000
73.50000,1.02193,0.00652,0.00085,0.00003,0.99259,0.00000,0.00000,0.00001,0.00000,0.00000
73.64000,1.02193,0.00598,0.00066,0.00001,0.99334,0.00000,0.00000,0.00000,0.00000,0.00000
73.78000,1.02194,0.00560,0.00094,0.00002,0.99344,0.00000,0.00000,0.00000,0.00000,0.00000
73.92000,1.02194,0.00435,0.00204,0.00004,0.99357,0.00000,0.00000,0.00000,0.00000,0.00000
74.06000,1.02194,0.00321,0.00138,0.00002,0.99539,0.00000,0.00000,0.00000,0.00000,0.00000
74.20000,1.02194,0.00344,0.00071,0.00000,0.99584,0.00000,0.00000,0.00000,0.00000,0.00000
74.34000,1.02194,0.00264,0.00022,0.00000,0.99714,0.00000,0.00000,0.00000,0.00000,0.00000
74.48000,1.02193,0.00184,0.00024,0.00000,0.99792,0.00000,0.00000,0.00000,0.00000,0.00000
74.62000,1.02193,0.00157,0.00019,0.00000,0.99824,0.00000,0.00000,0.00000,0.00000,0.00000
74.76000,1.02193,0.00258,0.00032,0.00000,0.99710,0.00000,0.00000,0.00000,0.00000,0.00000
74.90000,1.02193,0.00209,0.00045,0.00001,0.99745,0.00000,0.00000,0.00000,0.00000,0.00000
75.04000,1.02193,0.00309,0.00022,0.00000,0.99668,0.00000,0.00000,0.00000,0.00000,0.00000
75.18000,1.02193,0.00358,0.00022,0.00001,0.99619,0.00000,0.00000,0.00000,0.00000,0.00000
75.32000,1.02193,0.00200,0.00057,0.00004,0.99739,0.00000,0.00000,0.00000,0.00000,0.00000
75.46000,1.02194,0.00239,0.00008,0.00000,0.99754,0.00000,0.00000,0.00000,0.00000,0.00000
75.60000,1.02194,0.00172,0.00009,0.00000,0.99819,0.00000,0.00000,0.00000,0.00000,0.00000
75.74000,1.02194,0.00160,0.00016,0.00000,0.99824,0.00000,0.00000,0.00000,0.00000,0.00000
75.88000,1.02194,0.00183,0.00015,0.00000,0.99802,0.00000,0.00000,0.00000,0.00000,0.00000
76.02000,1.02194,0.00131,0.00014,0.00000,0.99855,0.00000,0.00000,0.00000,0.00000,0.00000
76.16000,1.02193,0.00127,0.00198,0.00000,0.99675,0.00000,0.00000,0.00000,0.00000,0.00000
76.30000,1.02193,0.00094,0.00042,0.00000,0.99864,0.00000,0.00000,0.00000,0.00000,0.00000
76.44000,1.02193,0.00098,0.00078,0.00000,0.99823,0.00000,0.00000,0.00000,0.00000,0.00000
76.58000,1.02193,0.00105,0.00045,0.00000,0.99850,0.00000,0.00000,0.00000,0.00000,0.00000
76.72000,1.02193,0.00064,0.00075,0.00000,0.99861,0.00000,0.00000,0.00000,0.00000,0.00000
76.86000,1.02193,0.00049,0.00017,0.00000,0.99933,0.00000,0.00000,0.00000,0.00000,0.00000
77.00000,1.02193,0.00059,0.00028,0.00000,0.99913,0.00000,0.00000,0.00000,0.00000,0.00000
77.14000,1.02193,0.00075,0.00039,0.00000,0.99886,0.00000,0.00000,0.00000,0.00000,0.00000
77.28000,1.02194,0.00297,0.00464,0.00001,0.99239,0.00000,0.00000,0.00000,0.00000,0.00000
77.42000,1.02194,0.00306,0.00165,0.00000,0.99529,0.00000,0.00000,0.00000,0.00000,0.00000
77.56000,1.02194,0.00200,0.00502,0.00002,0.99295,0.00000,0.00000,0.00000,0.00000,0.00000
77.70000,1.02194,0.00193,0.00193,0.00001,0.99611,0.00000,0.00000,0.00000,0.00000,0.00000
77.84000,1.02194,0.00176,0.00076,0.00000,0.99747,0.00000,0.00000,0.00001,0.00000,0.00000
77.98000,1.02193,0.00193,0.00017,0.00000,0.99789,0.00000,0.00000,0.00001,0.00000,0.00000
78.12000,1.02193,0.00090,0.00011,0.00000,0.99899,0.00000,0.00000,0.00000,0.00000,0.00000
78.26000,1.02193,0.00040,0.00004,0.00000,0.99956,0.00000,0.00000,0.00000,0.00000,0.00000
78.40000,1.02193,0.00044,0.00005,0.00000,0.99951,0.00000,0.00000,0.00000,0.00000,0.00000
78.54000,1.02193,0.00051,0.00035,0.00000,0.99913,0.00000,0.00000,0.00000,0.00000,0.00000
78.68000,1.02193,0.00068,0.00033,0.00000,0.99898,0.00000,0.00000,0.00000,0.00000,0.00000
78.82000,1.02193,0.00102,0.00029,0.00000,0.99869,0.00000,0.00000,0.00000,0.00000,0.00000
78.96000,1.02194,0.00326,0.00119,0.00002,0.99553,0.00000,0.00000,0.00001,0.00000,0.00000
79.10000,1.02194,0.00605,0.00196,0.00006,0.99192,0.00000,0.00000,0.00001,0.00000,0.00000
79.24000,1.02194,0.01164,0.00131,0.00010,0.98693,0.00000,0.00000,0.00002,0.00000,0.00000
79.38000,1.02194,0.02159,0.00116,0.00019,0.97702,0.00000,0.00000,0.00003,0.00000,0.00000
79.52000,1.02194,0.00764,0.00119,0.00028,0.99087,0.00000,0.00000,0.00001,0.00000,0.00000
79.66000,1.02193,0.00404,0.00071,0.00011,0.99513,0.00000,0.00000,0.00000,0.00000,0.00000
79.80000,1.02193,0.00369,0.00012,0.00001,0.99618,0.00000,0.00000,0.00000,0.00000,0.00000
79.94000,1.02193,0.00117,0.00011,0.00001,0.99871,0.00000,0.00000,0.00000,0.00000,0.00000
80.08000,1.02193,0.00073,0.00001,0.00000,0.99927,0.00000,0.00000,0.00000,0.00000,0.00000
80.22000,1.02193,0.00049,0.00001,0.00000,0.99951,0.00000,0.00000,0.00000,0.00000,0.00000
80.36000,1.02193,0.00092,0.00002,0.00000,0.99906,0.00000,0.00000,0.00000,0.00000,0.00000
80.50000,1.02193,0.00077,0.00008,0.00000,0.99916,0.00000,0.00000,0.00000,0.00000,0.00000
80.64000,1.02193,0.00077,0.00001,0.00000,0.99922,0.00000,0.00000,0.00000,0.00000,0.00000
80.78000,1.02194,0.00073,0.00009,0.00000,0.99918,0.00000,0.00000,0.00000,0.00000,0.00000
80.92000,1.02194,0.00155,0.00004,0.00000,0.99841,0.00000,0.00000,0.00000,0.00000,0.00000
81.06000,1.02194,0.00102,0.00007,0.00000,0.99891,0.00000,0.00000,0.00000,0.00000,0.00000
81.20000,1.02194,0.00085,0.00003,0.00000,0.99912,0.00000,0.00000,0.00000,0.00000,0.00000
81.34000,1.02194,0.00052,0.00008,0.00000,0.99939,0.00000,0.00000,0.00000,0.00000,0.00000
81.48000,1.02193,0.00101,0.00007,0.00000,0.99891,0.00000,0.00000,0.00000,0.00000,0.00000
81.62000,1.02193,0.00093,0.00005,0.00000,0.99902,0.00000,0.00000,0.00000,0.00000,0.00000
81.76000,1.02193,0.00068,0.00003,0.00000,0.99930,0.00000,0.00000,0.00000,0.00000,0.00000
81.90000,1.02193,0.00088,0.00003,0.00000,0.99909,0.00000,0.00000,0.00000,0.00000,0.00000
82.04000,1.02193,0.00058,0.00009,0.00000,0.99933,0.00000,0.00000,0.00000,0.00000,0.00000
82.18000,1.02193,0.00041,0.00006,0.00000,0.99953,0.00000,0.00000,0.00000,0.00000,0.00000
82.32000,1.02193,0.00037,0.00003,0.00000,0.99960,0.00000,0.00000,0.00000,0.00000,0.00000
82.46000,1.02194,0.00037,0.00006,0.00000,0.99957,0.00000,0.00000,0.00000,0.00000,0.00000
82.60000,1.02194,0.00022,0.00009,0.00000,0.99969,0.00000,0.00000,0.00000,0.00000,0.00000
82.74000,1.02194,0.00023,0.00001,0.00000,0.99976,0.00000,0.00000,0.00000,0.00000,0.00000
82.88000,1.02194,0.00014,0.00001,0.00000,0.99984,0.00000,0.00000,0.00000,0.00000,0.00000
83.02000,1.02194,0.00017,0.00001,0.00000,0.99982,0.00000,0.00000,0.00000,0.00000,0.00000
83.16000,1.02193,0.00035,0.00002,0.00000,0.99964,0.00000,0.00000,0.00000,0.00000,0.00000
83.30000,1.02193,0.00031,0.00002,0.00000,0.99967,0.00000,0.00000,0.00000,0.00000,0.00000
83.44000,1.02193,0.00046,0.00003,0.00000,0.99951,0.00000,0.00000,0.00000,0.00000,0.00000
83.58000,1.02193,0.00066,0.00001,0.00000,0.99933,0.00000,0.00000,0.00000,0.00000,0.00000
83.72000,1.02193,0.00060,0.00009,0.00000,0.99931,0.00000,0.00000,0.00000,0.00000,0.00000
83.86000,1.02193,0.00053,0.00015,0.00000,0.99932,0.00000,0.00000,0.00000,0.00000,0.00000
84.00000,1.02193,0.00033,0.00005,0.00000,0.99963,0.00000,0.00000,0.00000,0.00000,0.00000
84.14000,1.02193,0.00022,0.00005,0.00000,0.99973,0.00000,0.00000,0.00000,0.00000,0.00000
84.28000,1.02194,0.00043,0.00003,0.00000,0.99953,0.00000,0.00000,0.00000,0.00000,0.00000
84.42000,1.02194,0.00023,0.00008,0.00000,0.99969,0.00000,0.00000,0.00000,0.00000,0.00000
84.56000,1.02194,0.00015,0.00002,0.00000,0.99984,0.00000,0.00000,0.00000,0.00000,0.00000
84.70000,1.02194,0.00009,0.00003,0.00000,0.99988,0.00000,0.00000,0.00000,0.00000,0.00000
84.84000,1.02194,0.00009,0.00001,0.00000,0.99991,0.00000,0.00000,0.00000,0.00000,0.00000
84.98000,1.02193,0.00015,0.00001,0.00000,0.99984,0.00000,0.00000,0.00000,0.00000,0.00000
85.12000,1.02193,0.00018,0.00001,0.00000,0.99981,0.00000,0.00000,0.00000,0.00000,0.00000
85.26000,1.02193,0.00017,0.00004,0.00000,0.99978,0.00000,0.00000,0.00000,0.00000,0.00000
85.40000,1.02193,0.00028,0.00001,0.00000,0.99970,0.00000,0.00000,0.00000,0.00000,0.00000
85.54000,1.02193,0.00032,0.00002,0.00000,0.99965,0.00000,0.00000,0.00000,0.00000,0.00000
85.68000,1.02193,0.00029,0.00002,0.00000,0.99970,0.00000,0.00000,0.00000,0.00000,0.00000
85.82000,1.02193,0.00021,0.00001,0.00000,0.99978,0.00000,0.00000,0.00000,0.00000,0.00000
85.96000,1.02194,0.00011,0.00002,0.00000,0.99987,0.00000,0.00000,0.00000,0.00000,0.00000
86.10000,1.02194,0.00013,0.00000,0.00000,0.99986,0.00000,0.00000,0.00000,0.00000,0.00000
86.24000,1.02194,0.00013,0.00002,0.00000,0.99986,0.00000,0.00000,0.00000,0.00000,0.00000
86.38000,1.02194,0.00007,0.00001,0.00000,0.99993,0.00000,0.00000,0.00000,0.00000,0.00000
86.52000,1.02194,0.00009,0.00001,0.00000,0.99990,0.00000,0.00000,0.00000,0.00000,0.00000
86.66000,1.02193,0.00009,0.00005,0.00000,0.99985,0.00000,0.00000,0.00000,0.00000,0.00000
86.80000,1.02193,0.00029,0.00009,0.00000,0.99962,0.00000,0.00000,0.00000,0.00000,0.00000
86.94000,1.02193,0.00045,0.00007,0.00000,0.99948,0.00000,0.00000,0.00000,0.00000,0.00000
87.08000,1.02193,0.00062,0.00029,0.00000,0.99909,0.00000,0.00000,0.00000,0.00000,0.00000
87.22000,1.02193,0.00118,0.00027,0.00000,0.99855,0.00000,0.00000,0.00000,0.00000,0.00000
87.36000,1.02193,0.00190,0.00065,0.00001,0.99744,0.00000,0.00000,0.00000,0.00000,0.00000
87.50000,1.02193,0.00232,0.00067,0.00001,0.99700,0.00000,0.00000,0.00000,0.00000,0.00000
87.64000,1.02193,0.00306,0.00085,0.00003,0.99605,0.00000,0.00000,0.00000,0.00000,0.00000
87.78000,1.02194,0.00288,0.00064,0.00001,0.99646,0.00000,0.00000,0.00000,0.00000,0.00000
87.92000,1.02194,0.00298,0.00097,0.00002,0.99603,0.00000,0.00000,0.00000,0.00000,0.00000
88.06000,1.02194,0.00196,0.00171,0.00006,0.99625,0.00000,0.00000,0.00000,0.00000,0.00000
88.20000,1.02194,0.00221,0.00026,0.00000,0.99752,0.00000,0.00000,0.00000,0.00000,0.00000
88.34000,1.02194,0.00188,0.00033,0.00001,0.99778,0.00000,0.00000,0.00000,0.00000,0.00000
88.48000,1.02193,0.00087,0.00040,0.00000,0.99872,0.00000,0.00000,0.00000,0.00000,0.00000
88.62000,1.02193,0.00087,0.00008,0.00000,0.99905,0.00000,0.00000,0.00000,0.00000,0.00000
88.76000,1.02193,0.00068,0.00006,0.00000,0.99926,0.00000,0.00000,0.00000,0.00000,0.00000
88.90000,1.02193,0.00042,0.00008,0.00000,0.99950,0.00000,0.00000,0.00000,0.00000,0.00000
89.04000,1.02193,0.00023,0.00002,0.00000,0.99975,0.00000,0.00000,0.00000,0.00000,0.00000
89.18000,1.02193,0.00012,0.00007,0.00000,0.99980,0.00000,0.00000,0.00000,0.00000,0.00000
89.32000,1.02193,0.00012,0.00006,0.00000,0.99982,0.00000,0.00000,0.00000,0.00000,0.00000
89.46000,1.02194,0.00010,0.00002,0.00000,0.99988,0.00000,0.00000,0.00000,0.00000,0.00000
89.60000,1.02194,0.00008,0.00004,0.00000,0.99988,0.00000,0.00000,0.00000,0.00000,0.00000
89.74000,1.02194,0.00011,0.00003,0.00000,0.99987,0.00000,0.00000,0.00000,0.00000,0.00000
89.88000,1.02194,0.00015,0.00005,0.00000,0.99981,0.00000,0.00000,0.00000,0.00000,0.00000
90.02000,1.02194,0.00018,0.00010,0.00000,0.99972,0.00000,0.00000,0.00000,0.00000,0.00000
90.16000,1.02193,0.00021,0.00041,0.00001,0.99937,0.00000,0.00000,0.00000,0.00000,0.00000
90.30000,1.02193,0.00011,0.00030,0.00000,0.99959,0.00000,0.00000,0.00000,0.00000,0.00000
90.44000,1.02193,0.00018,0.00012,0.00000,0.99970,0.00000,0.00000,0.00000,0.00000,0.00000
90.58000,1.02193,0.00033,0.00022,0.00000,0.99946,0.00000,0.00000,0.00000,0.00000,0.00000
90.72000,1.02193,0.00025,0.00016,0.00000,0.99959,0.00000,0.00000,0.00000,0.00000,0.00000
90.86000,1.02193,0.00030,0.00012,0.00000,0.99958,0.00000,0.00000,0.00000,0.00000,0.00000
91.00000,1.02193,0.00024,0.00012,0.00000,0.99964,0.00000,0.00000,0.00000,0.00000,0.00000
91.14000,1.02193,0.00043,0.00173,0.00000,0.99784,0.00000,0.00000,0.00000,0.00000,0.00000
91.28000,1.02194,0.00033,0.00047,0.00000,0.99919,0.00000,0.00000,0.00000,0.00000,0.00000
91.42000,1.02194,0.00028,0.00023,0.00000,0.99949,0.00000,0.00000,0.00000,0.00000,0.00000
91.56000,1.02194,0.00025,0.00018,0.00000,0.99958,0.00000,0.00000,0.00000,0.00000,0.00000
91.70000,1.02194,0.00041,0.00008,0.00000,0.99950,0.00000,0.00000,0.00000,0.00000,0.00000
91.84000,1.02194,0.00049,0.00021,0.00000,0.99930,0.00000,0.00000,0.00000,0.00000,0.00000
91.98000,1.02193,0.00063,0.00059,0.00001,0.99877,0.00000,0.00000,0.00000,0.00000,0.00000
92.12000,1.02193,0.00062,0.00013,0.00000,0.99925,0.00000,0.00000,0.00000,0.00000,0.00000
92.26000,1.02193,0.00065,0.00018,0.00000,0.99916,0.00000,0.00000,0.00000,0.00000,0.00000
92.40000,1.02193,0.00047,0.00018,0.00000,0.99935,0.00000,0.00000,0.00000,0.00000,0.00000
92.54000,1.02193,0.00050,0.00061,0.00000,0.99888,0.00000,0.00000,0.00000,0.00000,0.00000
92.68000,1.02193,0.00045,0.00012,0.00000,0.99943,0.00000,0.00000,0.00000,0.00000,0.00000
92.82000,1.02193,0.00076,0.00012,0.00000,0.99912,0.00000,0.00000,0.00000,0.00000,0.00000
92.96000,1.02194,0.00094,0.00013,0.00000,0.99893,0.00000,0.00000,0.00000,0.00000,0.00000
93.10000,1.02194,0.00156,0.00050,0.00000,0.99793,0.00000,0.00000,0.00000,0.00000,0.00000
93.24000,1.02194,0.00290,0.00137,0.00001,0.99572,0.00000,0.00000,0.00000,0.00000,0.00000
93.38000,1.02194,0.00327,0.00075,0.00001,0.99596,0.00000,0.00000,0.00000,0.00000,0.00000
93.52000,1.02194,0.00375,0.00022,0.00001,0.99601,0.00000,0.00000,0.00000,0.00000,0.00000
93.66000,1.02193,0.00410,0.00025,0.00002,0.99562,0.00000,0.00000,0.00000,0.00000,0.00000
93.80000,1.02193,0.00412,0.00023,0.00001,0.99563,0.00000,0.00000,0.00000,0.00000,0.00000
93.94000,1.02193,0.00480,0.00034,0.00002,0.99484,0.00000,0.00000,0.00000,0.00000,0.00000
94.08000,1.02193,0.00573,0.00033,0.00002,0.99392,0.00000,0.00000,0.00001,0.00000,0.00000
94.22000,1.02193,0.00635,0.00060,0.00004,0.99300,0.00000,0.00000,0.00001,0.00000,0.00000
94.36000,1.02193,0.00425,0.00115,0.00008,0.99451,0.00000,0.00000,0.00000,0.00000,0.00000
94.50000,1.02193,0.00719,0.00106,0.00003,0.99172,0.00000,0.00000,0.00001,0.00000,0.00000
94.64000,1.02193,0.00594,0.00105,0.00004,0.99296,0.00000,0.00000,0.00001,0.00000,0.00000
94.78000,1.02194,0.00252,0.00154,0.00006,0.99588,0.00000,0.00000,0.00000,0.00000,0.00000
94.92000,1.02194,0.00140,0.00028,0.00000,0.99832,0.00000,0.00000,0.00000,0.00000,0.00000
95.06000,1.02194,0.00138,0.00030,0.00000,0.99831,0.00000,0.00000,0.00000,0.00000,0.00000
95.20000,1.02194,0.00137,0.00026,0.00000,0.99837,0.00000,0.00000,0.00000,0.00000,0.00000
95.34000,1.02194,0.00153,0.00025,0.00000,0.99822,0.00000,0.00000,0.00000,0.00000,0.00000
95.48000,1.02193,0.00201,0.00085,0.00002,0.99711,0.00000,0.00000,0.00000,0.00000,0.00000
95.62000,1.02193,0.00256,0.00124,0.00002,0.99617,0.00000,0.00000,0.00000,0.00000,0.00000
95.76000,1.02193,0.00834,0.00298,0.00005,0.98862,0.00000,0.00000,0.00000,0.00000,0.00000
95.90000,1.02193,0.00581,0.00267,0.00004,0.99148,0.00000,0.00000,0.00000,0.00000,0.00000
96.04000,1.02193,0.00782,0.00579,0.00006,0.98632,0.00000,0.00000,0.00000,0.00000,0.00000
96.18000,1.02193,0.00997,0.00471,0.00003,0.98528,0.00000,0.00000,0.00001,0.00000,0.00000
96.32000,1.02193,0.00691,0.00800,0.00004,0.98504,0.00000,0.00000,0.00001,0.00000,0.00000
96.46000,1.02194,0.00457,0.00815,0.00003,0.98724,0.00000,0.00000,0.00000,0.00000,0.00000
96.60000,1.02194,0.00361,0.00432,0.00001,0.99205,0.00000,0.00000,0.00001,0.00000,0.00000
96.74000,1.02194,0.00174,0.00117,0.00001,0.99708,0.00000,0.00000,0.00000,0.00000,0.00000
96.88000,1.02194,0.00179,0.00060,0.00000,0.99760,0.00000,0.00000,0.00000,0.00000,0.00000
97.02000,1.02194,0.00180,0.00028,0.00000,0.99791,0.00000,0.00000,0.00000,0.00000,0.00000
97.16000,1.02193,0.00082,0.00088,0.00001,0.99828,0.00000,0.00000,0.00000,0.00000,0.00000
97.30000,1.02193,0.00072,0.00014,0.00000,0.99914,0.00000,0.00000,0.00000,0.00000,0.00000
97.44000,1.02193,0.00061,0.00008,0.00000,0.99930,0.00000,0.00000,0.00000,0.00000,0.00000
97.58000,1.02193,0.00076,0.00008,0.00000,0.99916,0.00000,0.00000,0.00000,0.00000,0.00000
97.72000,1.02193,0.00076,0.00007,0.00000,0.99917,0.00000,0.00000,0.00000,0.00000,0.00000
97.86000,1.02193,0.00045,0.00018,0.00000,0.99936,0.00000,0.00000,0.00000,0.00000,0.00000
98.00000,1.02193,0.00057,0.00070,0.00000,0.99873,0.00000,0.00000,0.00000,0.00000,0.00000
98.14000,1.02193,0.00060,0.00012,0.00000,0.99928,0.00000,0.00000,0.00000,0.00000,0.00000
98.28000,1.02194,0.00071,0.00013,0.00000,0.99916,0.00000,0.00000,0.00000,0.00000,0.00000
98.42000,1.02194,0.00063,0.00010,0.00000,0.99927,0.00000,0.00000,0.00000,0.00000,0.00000
98.56000,1.02194,0.00061,0.00022,0.00000,0.99917,0.00000,0.00000,0.00000,0.00000,0.00000
98.70000,1.02194,0.00067,0.00025,0.00000,0.99908,0.00000,0.00000,0.00000,0.00000,0.00000
98.84000,1.02194,0.00085,0.00024,0.00000,0.99890,0.00000,0.00000,0.00000,0.00000,0.00000
98.98000,1.02193,0.00091,0.00010,0.00000,0.99899,0.00000,0.00000,0.00000,0.00000,0.00000
99.12000,1.02193,0.00096,0.00006,0.00000,0.99898,0.00000,0.00000,0.00000,0.00000,0.00000
99.26000,1.02193,0.00107,0.00006,0.00000,0.99887,0.00000,0.00000,0.00000,0.00000,0.00000
99.40000,1.02193,0.00100,0.00015,0.00000,0.99884,0.00000,0.00000,0.00000,0.00000,0.00000
99.54000,1.02193,0.00088,0.00007,0.00000,0.99905,0.00000,0.00000,0.00000,0.00000,0.00000
99.68000,1.02193,0.00121,0.00007,0.00000,0.99872,0.00000,0.00000,0.00000,0.00000,0.00000
99.82000,1.02193,0.00192,0.00035,0.00001,0.99772,0.00000,0.00000,0.00000,0.00000,0.00000
99.96000,1.02194,0.00147,0.00036,0.00002,0.99816,0.00000,0.00000,0.00000,0.00000,0.00000
100.10000,1.02194,0.00102,0.00019,0.00000,0.99878,0.00000,0.00000,0.00000,0.00000,0.00000
100.24000,1.02194,0.00055,0.00073,0.00002,0.99870,0.00000,0.00000,0.00000,0.00000,0.00000
100.38000,1.02194,0.00042,0.00025,0.00000,0.99933,0.00000,0.00000,0.00000,0.00000,0.00000
100.52000,1.02194,0.00041,0.00018,0.00000,0.99941,0.00000,0.00000,0.00000,0.00000,0.00000
100.66000,1.02193,0.00039,0.00018,0.00000,0.99943,0.00000,0.00000,0.00000,0.00000,0.00000
100.80000,1.02193,0.00042,0.00020,0.00000,0.99938,0.00000,0.00000,0.00000,0.00000,0.00000
100.94000,1.02193,0.00064,0.00023,0.00000,0.99913,0.00000,0.00000,0.00000,0.00000,0.00000
101.08000,1.02193,0.00123,0.00030,0.00000,0.99846,0.00000,0.00000,0.00000,0.00000,0.00000
101.22000,1.02193,0.00125,0.00049,0.00002,0.99824,0.00000,0.00000,0.00000,0.00000,0.00000
101.36000,1.02193,0.00142,0.00034,0.00001,0.99823,0.00000,0.00000,0.00000,0.00000,0.00000
101.50000,1.02193,0.00186,0.00023,0.00000,0.99791,0.00000,0.00000,0.00000,0.00000,0.00000
101.64000,1.02193,0.00174,0.00021,0.00001,0.99804,0.00000,0.00000,0.00000,0.00000,0.00000
101.78000,1.02194,0.00106,0.00007,0.00000,0.99886,0.00000,0.00000,0.00000,0.00000,0.00000
101.92000,1.02194,0.00098,0.00002,0.00000,0.99901,0.00000,0.00000,0.00000,0.00000,0.00000
102.06000,1.02194,0.00078,0.00003,0.00000,0.99919,0.00000,0.00000,0.00000,0.00000,0.00000
102.20000,1.02194,0.00113,0.00006,0.00000,0.99881,0.00000,0.00000,0.00000,0.00000,0.00000
102.34000,1.02194,0.00118,0.00002,0.00000,0.99879,0.00000,0.00000,0.00000,0.00000,0.00000
102.48000,1.02193,0.00202,0.00005,0.00000,0.99792,0.00000,0.00000,0.00000,0.00000,0.00000
102.62000,1.02193,0.00341,0.00016,0.00002,0.99641,0.00000,0.00000,0.00000,0.00000,0.00000
102.76000,1.02193,0.00423,0.00022,0.00002,0.99553,0.00000,0.00000,0.00000,0.00000,0.00000
102.90000,1.02193,0.00269,0.00021,0.00002,0.99708,0.00000,0.00000,0.00000,0.00000,0.00000
103.04000,1.02193,0.00235,0.00046,0.00003,0.99716,0.00000,0.00000,0.00000,0.00000,0.00000
103.18000,1.02193,0.00380,0.00036,0.00001,0.99582,0.00000,0.00000,0.00000,0.00000,0.00000
103.32000,1.02193,0.00487,0.00037,0.00002,0.99474,0.00000,0.00000,0.00000,0.00000,0.00000
103.46000,1.02194,0.00463,0.00041,0.00001,0.99495,0.00000,0.00000,0.00000,0.00000,0.00000
103.60000,1.02194,0.00407,0.00061,0.00004,0.99528,0.00000,0.00000,0.00000,0.00000,0.00000
103.74000,1.02194,0.00469,0.00076,0.00002,0.99452,0.00000,0.00000,0.00000,0.00000,0.00000
103.88000,1.02194,0.00613,0.00041,0.00001,0.99344,0.00000,0.00000,0.00001,0.00000,0.00000
104.02000,1.02194,0.00815,0.00047,0.00003,0.99135,0.00000,0.00000,0.00001,0.00000,0.00000
104.16000,1.02193,0.00669,0.00054,0.00002,0.99274,0.00000,0.00000,0.00001,0.00000,0.00000
104.30000,1.02193,0.00539,0.00109,0.00003,0.99349,0.00000,0.00000,0.00000,0.00000,0.00000
104.44000,1.02193,0.00564,0.00092,0.00001,0.99342,0.00000,0.00000,0.00001,0.00000,0.00000
104.58000,1.02193,0.00977,0.00163,0.00003,0.98854,0.00000,0.00000,0.00001,0.00000,0.00000
104.72000,1.02193,0.01058,0.00205,0.00009,0.98727,0.00000,0.00000,0.00001,0.00000,0.00000
104.86000,1.02193,0.01017,0.00145,0.00003,0.98833,0.00000,0.00000,0.00001,0.00000,0.00000
105.00000,1.02193,0.00852,0.00138,0.00004,0.99005,0.00000,0.00000,0.00001,0.00000,0.00000
105.14000,1.02193,0.00870,0.00183,0.00007,0.98939,0.00000,0.00000,0.00001,0.00000,0.00000
105.28000,1.02194,0.00773,0.00062,0.00004,0.99160,0.00000,0.00000,0.00001,0.00000,0.00000
105.42000,1.02194,0.00914,0.00042,0.00003,0.99040,0.00000,0.00000,0.00001,0.00000,0.00000
105.56000,1.02194,0.00942,0.00087,0.00012,0.98958,0.00000,0.00000,0.00001,0.00000,0.00000
105.70000,1.02194,0.00815,0.00063,0.00006,0.99114,0.00000,0.00000,0.00001,0.00000,0.00000
105.84000,1.02194,0.00613,0.00066,0.00006,0.99314,0.00000,0.00000,0.00001,0.00000,0.00000
105.98000,1.02193,0.00465,0.00044,0.00004,0.99486,0.00000,0.00000,0.00000,0.00000,0.00000
106.12000,1.02193,0.00318,0.00042,0.00003,0.99637,0.00000,0.00000,0.00000,0.00000,0.00000
106.26000,1.02193,0.00244,0.00018,0.00001,0.99737,0.00000,0.00000,0.00000,0.00000,0.00000
106.40000,1.02193,0.00264,0.00021,0.00001,0.99714,0.00000,0.00000,0.00000,0.00000,0.00000
106.54000,1.02193,0.00306,0.00034,0.00001,0.99659,0.00000,0.00000,0.00000,0.00000,0.00000
106.68000,1.02193,0.00365,0.00038,0.00001,0.99596,0.00000,0.00000,0.00000,0.00000,0.00000
106.82000,1.02193,0.00657,0.00056,0.00002,0.99283,0.00000,0.00000,0.00001,0.00000,0.00000
106.96000,1.02194,0.01527,0.00134,0.00008,0.98328,0.00000,0.00000,0.00002,0.00000,0.00000
107.10000,1.02194,0.01625,0.00104,0.00010,0.98258,0.00000,0.00000,0.00002,0.00000,0.00000
107.24000,1.02194,0.01680,0.00073,0.00006,0.98239,0.00000,0.00000,0.00002,0.00000,0.00000
107.38000,1.02194,0.01626,0.00143,0.00013,0.98215,0.00000,0.00000,0.00002,0.00000,0.00000
107.52000,1.02194,0.01849,0.00169,0.00016,0.97964,0.00000,0.00000,0.00002,0.00000,0.00000
107.66000,1.02193,0.01429,0.00244,0.00028,0.98297,0.00000,0.00000,0.00001,0.00000,0.00000
107.80000,1.02193,0.01193,0.00191,0.00012,0.98603,0.00000,0.00000,0.00001,0.00000,0.00000
107.94000,1.02193,0.00748,0.00151,0.00006,0.99094,0.00000,0.00000,0.00001,0.00000,0.00000
108.08000,1.02193,0.00733,0.00146,0.00005,0.99115,0.00000,0.00000,0.00001,0.00000,0.00000
108.22000,1.02193,0.00367,0.00144,0.00005,0.99484,0.00000,0.00000,0.00000,0.00000,0.00000
108.36000,1.02193,0.00208,0.00058,0.00001,0.99732,0.00000,0.00000,0.00000,0.00000,0.00000
108.50000,1.02193,0.00118,0.00078,0.00003,0.99800,0.00000,0.00000,0.00000,0.00000,0.00000
108.64000,1.02193,0.00116,0.00019,0.00000,0.99864,0.00000,0.00000,0.00000,0.00000,0.00000
108.78000,1.02194,0.00076,0.00019,0.00000,0.99904,0.00000,0.00000,0.00000,0.00000,0.00000
108.92000,1.02194,0.00088,0.00004,0.00000,0.99907,0.00000,0.00000,0.00000,0.00000,0.00000
109.06000,1.02194,0.00098,0.00008,0.00000,0.99893,0.00000,0.00000,0.00000,0.00000,0.00000
109.20000,1.02194,0.00149,0.00011,0.00000,0.99840,0.00000,0.00000,0.00000,0.00000,0.00000
109.34000,1.02194,0.00125,0.00040,0.00001,0.99835,0.00000,0.00000,0.00000,0.00000,0.00000
109.48000,1.02193,0.00208,0.00011,0.00000,0.99780,0.00000,0.00000,0.00000,0.00000,0.00000
109.62000,1.02193,0.00208,0.00054,0.00001,0.99737,0.00000,0.00000,0.00000,0.00000,0.00000
109.76000,1.02193,0.00178,0.00024,0.00000,0.99797,0.00000,0.00000,0.00000,0.00000,0.00000
109.90000,1.02193,0.00164,0.00028,0.00001,0.99807,0.00000,0.00000,0.00000,0.00000,0.00000
110.04000,1.02193,0.00099,0.00023,0.00000,0.99877,0.00000,0.00000,0.00000,0.00000,0.00000
110.18000,1.02193,0.00066,0.00025,0.00000,0.99909,0.00000,0.00000,0.00000,0.00000,0.00000
110.32000,1.02193,0.00039,0.00024,0.00000,0.99937,0.00000,0.00000,0.00000,0.00000,0.00000
110.46000,1.02194,0.00044,0.00015,0.00000,0.99941,0.00000,0.00000,0.00000,0.00000,0.00000
110.60000,1.02194,0.00030,0.00005,0.00000,0.99966,0.00000,0.00000,0.00000,0.00000,0.00000
110.74000,1.02194,0.00030,0.00016,0.00000,0.99953,0.00000,0.00000,0.00000,0.00000,0.00000
110.88000,1.02194,0.00053,0.00007,0.00000,0.99940,0.00000,0.00000,0.00000,0.00000,0.00000
111.02000,1.02194,0.00080,0.00011,0.00000,0.99908,0.00000,0.00000,0.00000,0.00000,0.00000
111.16000,1.02193,0.00157,0.00014,0.00000,0.99829,0.00000,0.00000,0.00000,0.00000,0.00000
111.30000,1.02193,0.00145,0.00022,0.00001,0.99831,0.00000,0.00000,0.00000,0.00000,0.00000
111.44000,1.02193,0.00206,0.00007,0.00000,0.99787,0.00000,0.00000,0.00000,0.00000,0.00000
111.58000,1.02193,0.00284,0.00024,0.00001,0.99690,0.00000,0.00000,0.00000,0.00000,0.00000
111.72000,1.02193,0.00428,0.00035,0.00002,0.99535,0.00000,0.00000,0.00000,0.00000,0.00000
111.86000,1.02193,0.00537,0.00021,0.00001,0.99440,0.00000,0.00000,0.00001,0.00000,0.00000
112.00000,1.02193,0.00638,0.00024,0.00002,0.99334,0.00000,0.00000,0.00001,0.00000,0.00000
112.14000,1.02193,0.00943,0.00086,0.00006,0.98963,0.00000,0.00000,0.00001,0.00000,0.00000
112.28000,1.02194,0.01342,0.00165,0.00018,0.98472,0.00000,0.00000,0.00002,0.00000,0.00000
112.42000,1.02194,0.02027,0.00128,0.00019,0.97822,0.00000,0.00000,0.00004,0.00000,0.00000
112.56000,1.02194,0.00859,0.00240,0.00059,0.98840,0.00000,0.00001,0.00001,0.00000,0.00000
112.70000,1.02194,0.00431,0.00079,0.00006,0.99484,0.00000,0.00000,0.00001,0.00000,0.00000
112.84000,1.02194,0.00438,0.00067,0.00002,0.99492,0.00000,0.00000,0.00001,0.00000,0.00000
112.98000,1.02193,0.00268,0.00028,0.00000,0.99704,0.00000,0.00000,0.00001,0.00000,0.00000
113.12000,1.02193,0.00470,0.00249,0.00016,0.99264,0.00000,0.00000,0.00001,0.00000,0.00000
113.26000,1.02193,0.00807,0.00072,0.00003,0.99114,0.00000,0.00000,0.00004,0.00000,0.00000
113.40000,1.02193,0.01081,0.00123,0.00002,0.98788,0.00000,0.00000,0.00006,0.00000,0.00000
113.54000,1.02193,0.00762,0.00235,0.00006,0.98994,0.00000,0.00000,0.00002,0.00000,0.00000
113.68000,1.02193,0.00723,0.00132,0.00002,0.99140,0.00000,0.00000,0.00003,0.00000,0.00000
113.82000,1.02193,0.00427,0.00112,0.00005,0.99456,0.00000,0.00000,0.00001,0.00000,0.00000
113.96000,1.02194,0.00226,0.00026,0.00000,0.99747,0.00000,0.00000,0.00000,0.00000,0.00000
114.10000,1.02194,0.00107,0.00012,0.00000,0.99881,0.00000,0.00000,0.00000,0.00000,0.00000
114.24000,1.02194,0.00161,0.00007,0.00000,0.99832,0.00000,0.00000,0.00000,0.00000,0.00000
114.38000,1.02194,0.00300,0.00011,0.00000,0.99688,0.00000,0.00000,0.00000,0.00000,0.00000
114.52000,1.02194,0.00674,0.00009,0.00001,0.99315,0.00000,0.00000,0.00001,0.00000,0.00000
114.66000,1.02193,0.00605,0.00090,0.00009,0.99295,0.00000,0.00000,0.00001,0.00000,0.00000
114.80000,1.02193,0.00851,0.00506,0.00146,0.98490,0.00001,0.00005,0.00001,0.00001,0.00000
114.94000,1.02193,0.01307,0.00084,0.00005,0.98600,0.00000,0.00000,0.00003,0.00000,0.00000
115.08000,1.02193,0.02014,0.00022,0.00000,0.97950,0.00000,0.00000,0.00013,0.00000,0.00001
115.22000,1.02193,0.02448,0.00029,0.00000,0.97498,0.00000,0.00000,0.00024,0.00000,0.00001
115.36000,1.02193,0.01048,0.00100,0.00002,0.98842,0.00000,0.00000,0.00008,0.00000,0.00000
115.50000,1.02193,0.01152,0.00011,0.00000,0.98829,0.00000,0.00000,0.00007,0.00000,0.00000
115.64000,1.02193,0.01281,0.00005,0.00000,0.98707,0.00000,0.00000,0.00006,0.00000,0.00000
115.78000,1.02194,0.01005,0.00027,0.00001,0.98966,0.00000,0.00000,0.00001,0.00000,0.00000
115.92000,1.02194,0.00330,0.00019,0.00002,0.99649,0.00000,0.00000,0.00000,0.00000,0.00000
116.06000,1.02194,0.00115,0.00007,0.00000,0.99878,0.00000,0.00000,0.00000,0.00000,0.00000
116.20000,1.02194,0.00096,0.00006,0.00000,0.99899,0.00000,0.00000,0.00000,0.00000,0.00000
116.34000,1.02194,0.00115,0.00009,0.00000,0.99875,0.00000,0.00000,0.00000,0.00000,0.00000
116.48000,1.02193,0.00065,0.00019,0.00000,0.99915,0.00000,0.00000,0.00000,0.00000,0.00000
116.62000,1.02193,0.00064,0.00031,0.00000,0.99906,0.00000,0.00000,0.00000,0.00000,0.00000
116.76000,1.02193,0.00083,0.00011,0.00000,0.99905,0.00000,0.00000,0.00000,0.00000,0.00000
116.90000,1.02193,0.00353,0.00179,0.00001,0.99467,0.00000,0.00000,0.00001,0.00000,0.00000
117.04000,1.02193,0.01106,0.00184,0.00002,0.98706,0.00000,0.00000,0.00003,0.00000,0.00000
117.18000,1.02193,0.00773,0.00024,0.00000,0.99200,0.00000,0.00000,0.00003,0.00000,0.00000
117.32000,1.02193,0.00413,0.00023,0.00000,0.99563,0.00000,0.00000,0.00001,0.00000,0.00000
117.46000,1.02194,0.00792,0.00426,0.00012,0.98768,0.00000,0.00000,0.00001,0.00000,0.00000
117.60000,1.02194,0.02310,0.00355,0.00029,0.97301,0.00000,0.00000,0.00003,0.00000,0.00000
117.74000,1.02194,0.01789,0.00826,0.00202,0.97179,0.00000,0.00001,0.00002,0.00001,0.00000
117.88000,1.02194,0.00944,0.00450,0.00022,0.98580,0.00000,0.00001,0.00002,0.00000,0.00000
118.02000,1.02194,0.02759,0.00488,0.00028,0.96714,0.00000,0.00000,0.00008,0.00000,0.00000
118.16000,1.02193,0.09812,0.01128,0.00103,0.88895,0.00001,0.00001,0.00051,0.00001,0.00008
118.30000,1.02193,0.06481,0.01697,0.00401,0.91388,0.00004,0.00005,0.00019,0.00003,0.00003
118.44000,1.02193,0.02254,0.00602,0.00016,0.97120,0.00000,0.00000,0.00008,0.00000,0.00000
118.58000,1.02193,0.01056,0.01202,0.00034,0.97705,0.00000,0.00001,0.00001,0.00001,0.00000
118.72000,1.02193,0.00654,0.00300,0.00004,0.99040,0.00000,0.00000,0.00001,0.00000,0.00000
118.86000,1.02193,0.00243,0.00174,0.00001,0.99582,0.00000,0.00000,0.00000,0.00000,0.00000
119.00000,1.02193,0.00095,0.00124,0.00001,0.99780,0.00000,0.00000,0.00000,0.00000,0.00000
119.14000,1.02193,0.00058,0.00050,0.00000,0.99892,0.00000,0.00000,0.00000,0.00000,0.00000
119.28000,1.02194,0.00120,0.00022,0.00000,0.99858,0.00000,0.00000,0.00000,0.00000,0.00000
119.42000,1.02194,0.00068,0.00053,0.00001,0.99878,0.00000,0.00000,0.00000,0.00000,0.00000
119.56000,1.02194,0.00087,0.00006,0.00000,0.99907,0.00000,0.00000,0.00000,0.00000,0.00000
119.70000,1.02194,0.00119,0.00006,0.00000,0.99875,0.00000,0.00000,0.00000,0.00000,0.00000
119.84000,1.02194,0.00172,0.00012,0.00000,0.99816,0.00000,0.00000,0.00000,0.00000,0.00000
119.98000,1.02193,0.00250,0.00017,0.00000,0.99732,0.00000,0.00000,0.00000,0.00000,0.00000
120.12000,1.02193,0.00456,0.00009,0.00000,0.99534,0.00000,0.00000,0.00000,0.00000,0.00000
120.26000,1.02193,0.00733,0.00042,0.00003,0.99221,0.00000,0.00000,0.00001,0.00000,0.00000
120.40000,1.02193,0.00768,0.00048,0.00007,0.99176,0.00000,0.00000,0.00001,0.00000,0.00000
120.54000,1.02193,0.00455,0.00023,0.00001,0.99520,0.00000,0.00000,0.00000,0.00000,0.00000
120.68000,1.02193,0.00320,0.00034,0.00002,0.99643,0.00000,0.00000,0.00000,0.00000,0.00000
120.82000,1.02193,0.00271,0.00014,0.00001,0.99714,0.00000,0.00000,0.00000,0.00000,0.00000
120.96000,1.02194,0.00129,0.00012,0.00001,0.99858,0.00000,0.00000,0.00000,0.00000,0.00000
121.10000,1.02194,0.00069,0.00005,0.00000,0.99926,0.00000,0.00000,0.00000,0.00000,0.00000
121.24000,1.02194,0.00048,0.00010,0.00000,0.99942,0.00000,0.00000,0.00000,0.00000,0.00000
121.38000,1.02194,0.00078,0.00004,0.00000,0.99917,0.00000,0.00000,0.00000,0.00000,0.00000
121.52000,1.02194,0.00077,0.00006,0.00000,0.99917,0.00000,0.00000,0.00000,0.00000,0.00000
121.66000,1.02193,0.00076,0.00006,0.00000,0.99918,0.00000,0.00000,0.00000,0.00000,0.00000
121.80000,1.02193,0.00066,0.00003,0.00000,0.99931,0.00000,0.00000,0.00000,0.00000,0.00000
121.94000,1.02193,0.00062,0.00005,0.00000,0.99933,0.00000,0.00000,0.00000,0.00000,0.00000
122.08000,1.02193,0.00039,0.00005,0.00000,0.99956,0.00000,0.00000,0.00000,0.00000,0.00000
122.22000,1.02193,0.00032,0.00004,0.00000,0.99964,0.00000,0.00000,0.00000,0.00000,0.00000
122.36000,1.02193,0.00052,0.00016,0.00000,0.99933,0.00000,0.00000,0.00000,0.00000,0.00000
122.50000,1.02193,0.00049,0.00015,0.00000,0.99935,0.00000,0.00000,0.00000,0.00000,0.00000
122.64000,1.02193,0.00068,0.00013,0.00000,0.99919,0.00000,0.00000,0.00000,0.00000,0.00000
122.78000,1.02194,0.00093,0.00024,0.00000,0.99883,0.00000,0.00000,0.00000,0.00000,0.00000
122.92000,1.02194,0.00079,0.00039,0.00000,0.99881,0.00000,0.00000,0.00000,0.00000,0.00000
123.06000,1.02194,0.00054,0.00033,0.00000,0.99912,0.00000,0.00000,0.00000,0.00000,0.00000
123.20000,1.02194,0.00064,0.00015,0.00000,0.99920,0.00000,0.00000,0.00000,0.00000,0.00000
123.34000,1.02194,0.00057,0.00012,0.00000,0.99931,0.00000,0.00000,0.00000,0.00000,0.00000
123.48000,1.02193,0.00047,0.00026,0.00001,0.99926,0.00000,0.00000,0.00000,0.00000,0.00000
123.62000,1.02193,0.00037,0.00015,0.00000,0.99948,0.00000,0.00000,0.00000,0.00000,0.00000
123.76000,1.02193,0.00055,0.00114,0.00001,0.99831,0.00000,0.00000,0.00000,0.00000,0.00000
123.90000,1.02193,0.00055,0.00043,0.00000,0.99903,0.00000,0.00000,0.00000,0.00000,0.00000
124.04000,1.02193,0.00084,0.00020,0.00000,0.99896,0.00000,0.00000,0.00000,0.00000,0.00000
124.18000,1.02193,0.00058,0.00018,0.00000,0.99924,0.00000,0.00000,0.00000,0.00000,0.00000
124.32000,1.02193,0.00027,0.00018,0.00000,0.99955,0.00000,0.00000,0.00000,0.00000,0.00000
124.46000,1.02194,0.00034,0.00015,0.00000,0.99951,0.00000,0.00000,0.00000,0.00000,0.00000
124.60000,1.02194,0.00041,0.00019,0.00000,0.99941,0.00000,0.00000,0.00000,0.00000,0.00000
124.74000,1.02194,0.00032,0.00003,0.00000,0.99965,0.00000,0.00000,0.00000,0.00000,0.00000
124.88000,1.02194,0.00025,0.00003,0.00000,0.99972,0.00000,0.00000,0.00000,0.00000,0.00000
125.02000,1.02194,0.00032,0.00006,0.00000,0.99962,0.00000,0.00000,0.00000,0.00000,0.00000
125.16000,1.02193,0.00050,0.00008,0.00000,0.99942,0.00000,0.00000,0.00000,0.00000,0.00000
125.30000,1.02193,0.00054,0.00010,0.00000,0.99936,0.00000,0.00000,0.00000,0.00000,0.00000
125.44000,1.02193,0.00040,0.00011,0.00000,0.99949,0.00000,0.00000,0.00000,0.00000,0.00000
125.58000,1.02193,0.00041,0.00025,0.00001,0.99933,0.00000,0.00000,0.00000,0.00000,0.00000
125.72000,1.02193,0.00042,0.00008,0.00000,0.99950,0.00000,0.00000,0.00000,0.00000,0.00000
125.86000,1.02193,0.00043,0.00008,0.00000,0.99949,0.00000,0.00000,0.00000,0.00000,0.00000
126.00000,1.02193,0.00036,0.00005,0.00000,0.99959,0.00000,0.00000,0.00000,0.00000,0.00000
126.14000,1.02193,0.00029,0.00006,0.00000,0.99964,0.00000,0.00000,0.00000,0.00000,0.00000
126.28000,1.02194,0.00024,0.00014,0.00000,0.99962,0.00000,0.00000,0.00000,0.00000,0.00000
126.42000,1.02194,0.00027,0.00020,0.00000,0.99953,0.00000,0.00000,0.00000,0.00000,0.00000
126.56000,1.02194,0.00023,0.00006,0.00000,0.99971,0.00000,0.00000,0.00000,0.00000,0.00000
126.70000,1.02194,0.00024,0.00017,0.00000,0.99959,0.00000,0.00000,0.00000,0.00000,0.00000
126.84000,1.02194,0.00036,0.00003,0.00000,0.99961,0.00000,0.00000,0.00000,0.00000,0.00000
126.98000,1.02193,0.00039,0.00007,0.00000,0.99954,0.00000,0.00000,0.00000,0.00000,0.00000
127.12000,1.02193,0.00036,0.00009,0.00000,0.99955,0.00000,0.00000,0.00000,0.00000,0.00000
127.26000,1.02193,0.00050,0.00009,0.00000,0.99941,0.00000,0.00000,0.00000,0.00000,0.00000
127.40000,1.02193,0.00047,0.00015,0.00000,0.99938,0.00000,0.00000,0.00000,0.00000,0.00000
127.54000,1.02193,0.00079,0.00017,0.00000,0.99904,0.00000,0.00000,0.00000,0.00000,0.00000
127.68000,1.02193,0.00072,0.00009,0.00000,0.99919,0.00000,0.00000,0.00000,0.00000,0.00000
127.82000,1.02193,0.00112,0.00013,0.00000,0.99875,0.00000,0.00000,0.00000,0.00000,0.00000
127.96000,1.02193,0.00079,0.00016,0.00000,0.99904,0.00000,0.00000,0.00000,0.00000,0.00000
128.10001,1.02193,0.00085,0.00013,0.00000,0.99901,0.00000,0.00000,0.00000,0.00000,0.00000
128.24001,1.02193,0.00095,0.00010,0.00000,0.99895,0.00000,0.00000,0.00000,0.00000,0.00000
128.38000,1.02193,0.00100,0.00003,0.00000,0.99897,0.00000,0.00000,0.00000,0.00000,0.00000
128.52000,1.02193,0.00112,0.00008,0.00000,0.99879,0.00000,0.00000,0.00000,0.00000,0.00000
128.66000,1.02193,0.00165,0.00011,0.00000,0.99824,0.00000,0.00000,0.00000,0.00000,0.00000
128.80000,1.02193,0.00202,0.00011,0.00000,0.99787,0.00000,0.00000,0.00000,0.00000,0.00000
128.94000,1.02194,0.00185,0.00015,0.00001,0.99799,0.00000,0.00000,0.00000,0.00000,0.00000
129.08000,1.02194,0.00224,0.00016,0.00001,0.99758,0.00000,0.00000,0.00000,0.00000,0.00000
129.22000,1.02194,0.00212,0.00010,0.00001,0.99777,0.00000,0.00000,0.00000,0.00000,0.00000
129.36000,1.02194,0.00136,0.00012,0.00000,0.99852,0.00000,0.00000,0.00000,0.00000,0.00000
129.50000,1.02194,0.00140,0.00007,0.00000,0.99854,0.00000,0.00000,0.00000,0.00000,0.00000
129.64000,1.02194,0.00153,0.00008,0.00000,0.99838,0.00000,0.00000,0.00000,0.00000,0.00000
129.78000,1.02194,0.00163,0.00007,0.00000,0.99831,0.00000,0.00000,0.00000,0.00000,0.00000
129.92000,1.02194,0.00111,0.00016,0.00000,0.99872,0.00000,0.00000,0.00000,0.00000,0.00000
130.06000,1.02194,0.00108,0.00011,0.00000,0.99881,0.00000,0.00000,0.00000,0.00000,0.00000
130.20000,1.02194,0.00137,0.00020,0.00000,0.99842,0.00000,0.00000,0.00000,0.00000,0.00000
130.34000,1.02194,0.00111,0.00006,0.00000,0.99883,0.00000,0.00000,0.00000,0.00000,0.00000
130.48000,1.02194,0.00096,0.00006,0.00000,0.99898,0.00000,0.00000,0.00000,0.00000,0.00000
130.62000,1.02194,0.00061,0.00005,0.00000,0.99933,0.00000,0.00000,0.00000,0.00000,0.00000
130.75999,1.02194,0.00048,0.00003,0.00000,0.99949,0.00000,0.00000,0.00000,0.00000,0.00000
130.89999,1.02194,0.00055,0.00003,0.00000,0.99943,0.00000,0.00000,0.00000,0.00000,0.00000
131.03999,1.02194,0.00045,0.00007,0.00000,0.99948,0.00000,0.00000,0.00000,0.00000,0.00000
131.17999,1.02194,0.00037,0.00004,0.00000,0.99959,0.00000,0.00000,0.00000,0.00000,0.00000
131.32001,1.02193,0.00058,0.00005,0.00000,0.99937,0.00000,0.00000,0.00000,0.00000,0.00000
131.46001,1.02193,0.00129,0.00015,0.00000,0.99856,0.00000,0.00000,0.00000,0.00000,0.00000
131.60001,1.02193,0.00250,0.00032,0.00001,0.99717,0.00000,0.00000,0.00000,0.00000,0.00000
131.74001,1.02193,0.00334,0.00035,0.00001,0.99630,0.00000,0.00000,0.00000,0.00000,0.00000
131.88000,1.02193,0.00538,0.00052,0.00003,0.99407,0.00000,0.00000,0.00001,0.00000,0.00000
132.02000,1.02193,0.01413,0.00073,0.00009,0.98502,0.00000,0.00000,0.00002,0.00000,0.00000
132.16000,1.02193,0.01998,0.00042,0.00010,0.97948,0.00000,0.00000,0.00003,0.00000,0.00000
132.30000,1.02193,0.02466,0.00042,0.00010,0.97478,0.00000,0.00000,0.00003,0.00000,0.00000
132.44000,1.02194,0.02198,0.00049,0.00018,0.97732,0.00000,0.00000,0.00002,0.00000,0.00000
132.58000,1.02194,0.01503,0.00038,0.00014,0.98444,0.00000,0.00000,0.00001,0.00000,0.00000
132.72000,1.02194,0.00940,0.00007,0.00002,0.99050,0.00000,0.00000,0.00001,0.00000,0.00000
132.86000,1.02194,0.00670,0.00004,0.00000,0.99326,0.00000,0.00000,0.00001,0.00000,0.00000
133.00000,1.02194,0.00483,0.00003,0.00000,0.99514,0.00000,0.00000,0.00000,0.00000,0.00000
133.14000,1.02194,0.00319,0.00009,0.00000,0.99671,0.00000,0.00000,0.00000,0.00000,0.00000
133.28000,1.02194,0.00171,0.00011,0.00000,0.99817,0.00000,0.00000,0.00000,0.00000,0.00000
133.42000,1.02194,0.00161,0.00028,0.00000,0.99811,0.00000,0.00000,0.00000,0.00000,0.00000
133.56000,1.02194,0.00164,0.00054,0.00000,0.99781,0.00000,0.00000,0.00000,0.00000,0.00000
133.70000,1.02194,0.00246,0.00596,0.00002,0.99156,0.00000,0.00000,0.00000,0.00000,0.00000
133.84000,1.02194,0.00151,0.00167,0.00001,0.99681,0.00000,0.00000,0.00000,0.00000,0.00000
133.98000,1.02194,0.00167,0.00595,0.00002,0.99235,0.00000,0.00000,0.00000,0.00000,0.00000
134.12000,1.02194,0.00085,0.00103,0.00000,0.99812,0.00000,0.00000,0.00000,0.00000,0.00000
134.25999,1.02194,0.00061,0.00157,0.00001,0.99781,0.00000,0.00000,0.00000,0.00000,0.00000
134.39999,1.02194,0.00052,0.00029,0.00000,0.99919,0.00000,0.00000,0.00000,0.00000,0.00000
134.53999,1.02194,0.00029,0.00031,0.00000,0.99939,0.00000,0.00000,0.00000,0.00000,0.00000
134.67999,1.02194,0.00017,0.00006,0.00000,0.99976,0.00000,0.00000,0.00000,0.00000,0.00000
134.82001,1.02193,0.00017,0.00013,0.00000,0.99971,0.00000,0.00000,0.00000,0.00000,0.00000
134.96001,1.02193,0.00014,0.00018,0.00000,0.99968,0.00000,0.00000,0.00000,0.00000,0.00000
135.10001,1.02193,0.00016,0.00029,0.00000,0.99955,0.00000,0.00000,0.00000,0.00000,0.00000
135.24001,1.02193,0.00018,0.00014,0.00000,0.99969,0.00000,0.00000,0.00000,0.00000,0.00000
135.38000,1.02193,0.00022,0.00049,0.00000,0.99929,0.00000,0.00000,0.00000,0.00000,0.00000
135.52000,1.02193,0.00018,0.00057,0.00000,0.99925,0.00000,0.00000,0.00000,0.00000,0.00000
135.66000,1.02193,0.00017,0.00081,0.00000,0.99901,0.00000,0.00000,0.00000,0.00000,0.00000
135.80000,1.02193,0.00022,0.00034,0.00000,0.99944,0.00000,0.00000,0.00000,0.00000,0.00000
135.94000,1.02194,0.00028,0.00187,0.00000,0.99785,0.00000,0.00000,0.00000,0.00000,0.00000
136.08000,1.02194,0.00026,0.00155,0.00000,0.99819,0.00000,0.00000,0.00000,0.00000,0.00000
136.22000,1.02194,0.00033,0.00069,0.00000,0.99898,0.00000,0.00000,0.00000,0.00000,0.00000
136.36000,1.02194,0.00045,0.00169,0.00000,0.99785,0.00000,0.00000,0.00000,0.00000,0.00000
136.50000,1.02194,0.00037,0.00051,0.00000,0.99911,0.00000,0.00000,0.00000,0.00000,0.00000
136.64000,1.02194,0.00028,0.00020,0.00000,0.99951,0.00000,0.00000,0.00000,0.00000,0.00000
136.78000,1.02194,0.00028,0.00026,0.00000,0.99946,0.00000,0.00000,0.00000,0.00000,0.00000
136.92000,1.02194,0.00026,0.00012,0.00000,0.99962,0.00000,0.00000,0.00000,0.00000,0.00000
137.06000,1.02194,0.00022,0.00016,0.00000,0.99961,0.00000,0.00000,0.00000,0.00000,0.00000
137.20000,1.02194,0.00025,0.00003,0.00000,0.99972,0.00000,0.00000,0.00000,0.00000,0.00000
137.34000,1.02194,0.00032,0.00002,0.00000,0.99965,0.00000,0.00000,0.00000,0.00000,0.00000
137.48000,1.02194,0.00024,0.00011,0.00000,0.99965,0.00000,0.00000,0.00000,0.00000,0.00000
137.62000,1.02194,0.00022,0.00013,0.00000,0.99965,0.00000,0.00000,0.00000,0.00000,0.00000
137.75999,1.02194,0.00051,0.00002,0.00000,0.99947,0.00000,0.00000,0.00000,0.00000,0.00000
137.89999,1.02194,0.00088,0.00002,0.00000,0.99909,0.00000,0.00000,0.00000,0.00000,0.00000
138.03999,1.02194,0.00068,0.00002,0.00000,0.99929,0.00000,0.00000,0.00000,0.00000,0.00000
138.17999,1.02194,0.00087,0.00002,0.00000,0.99911,0.00000,0.00000,0.00000,0.00000,0.00000
138.32001,1.02193,0.00172,0.00002,0.00000,0.99826,0.00000,0.00000,0.00000,0.00000,0.00000
138.46001,1.02193,0.00384,0.00001,0.00000,0.99614,0.00000,0.00000,0.00001,0.00000,0.00000
138.60001,1.02193,0.00137,0.00021,0.00000,0.99842,0.00000,0.00000,0.00000,0.00000,0.00000
138.74001,1.02193,0.00156,0.00024,0.00000,0.99820,0.00000,0.00000,0.00000,0.00000,0.00000
138.88000,1.02193,0.00189,0.00009,0.00000,0.99801,0.00000,0.00000,0.00000,0.00000,0.00000
139.02000,1.02193,0.00372,0.00019,0.00001,0.99608,0.00000,0.00000,0.00000,0.00000,0.00000
139.16000,1.02193,0.00383,0.00012,0.00000,0.99604,0.00000,0.00000,0.00000,0.00000,0.00000
139.30000,1.02193,0.00413,0.00017,0.00000,0.99569,0.00000,0.00000,0.00000,0.00000,0.00000
139.44000,1.02194,0.00476,0.00038,0.00001,0.99485,0.00000,0.00000,0.00000,0.00000,0.00000
139.58000,1.02194,0.00430,0.00081,0.00003,0.99486,0.00000,0.00000,0.00000,0.00000,0.00000
139.72000,1.02194,0.00508,0.00031,0.00002,0.99458,0.00000,0.00000,0.00000,0.00000,0.00000
139.86000,1.02194,0.00520,0.00032,0.00001,0.99446,0.00000,0.00000,0.00000,0.00000,0.00000
140.00000,1.02194,0.00507,0.00033,0.00002,0.99457,0.00000,0.00000,0.00000,0.00000,0.00000
140.14000,1.02194,0.00514,0.00025,0.00001,0.99459,0.00000,0.00000,0.00001,0.00000,0.00000
140.28000,1.02194,0.00176,0.00089,0.00011,0.99724,0.00000,0.00000,0.00000,0.00000,0.00000
140.42000,1.02194,0.00276,0.00022,0.00000,0.99701,0.00000,0.00000,0.00000,0.00000,0.00000
140.56000,1.02194,0.00276,0.00011,0.00000,0.99712,0.00000,0.00000,0.00000,0.00000,0.00000
140.70000,1.02194,0.00182,0.00010,0.00000,0.99807,0.00000,0.00000,0.00000,0.00000,0.00000
140.84000,1.02194,0.00110,0.00014,0.00000,0.99876,0.00000,0.00000,0.00000,0.00000,0.00000
140.98000,1.02194,0.00078,0.00006,0.00000,0.99916,0.00000,0.00000,0.00000,0.00000,0.00000
141.12000,1.02194,0.00133,0.00036,0.00000,0.99830,0.00000,0.00000,0.00000,0.00000,0.00000
141.25999,1.02194,0.00122,0.00038,0.00001,0.99839,0.00000,0.00000,0.00000,0.00000,0.00000
141.39999,1.02194,0.00094,0.00009,0.00000,0.99897,0.00000,0.00000,0.00000,0.00000,0.00000
141.53999,1.02194,0.00125,0.00013,0.00000,0.99861,0.00000,0.00000,0.00000,0.00000,0.00000
141.67999,1.02194,0.00142,0.00019,0.00000,0.99838,0.00000,0.00000,0.00000,0.00000,0.00000
141.82001,1.02193,0.00103,0.00018,0.00001,0.99878,0.00000,0.00000,0.00000,0.00000,0.00000
141.96001,1.02193,0.00144,0.00009,0.00000,0.99847,0.00000,0.00000,0.00000,0.00000,0.00000
142.10001,1.02193,0.00206,0.00024,0.00001,0.99769,0.00000,0.00000,0.00000,0.00000,0.00000
142.24001,1.02193,0.00212,0.00021,0.00001,0.99766,0.00000,0.00000,0.00000,0.00000,0.00000
142.38000,1.02193,0.00120,0.00008,0.00000,0.99872,0.00000,0.00000,0.00000,0.00000,0.00000
142.52000,1.02193,0.00120,0.00009,0.00000,0.99870,0.00000,0.00000,0.00000,0.00000,0.00000
142.66000,1.02193,0.00153,0.00037,0.00001,0.99809,0.00000,0.00000,0.00000,0.00000,0.00000
142.80000,1.02193,0.00174,0.00018,0.00000,0.99808,0.00000,0.00000,0.00000,0.00000,0.00000
142.94000,1.02194,0.00208,0.00009,0.00000,0.99783,0.00000,0.00000,0.00000,0.00000,0.00000
143.08000,1.02194,0.00970,0.00020,0.00000,0.99009,0.00000,0.00000,0.00001,0.00000,0.00000
143.22000,1.02194,0.00977,0.00010,0.00000,0.99009,0.00000,0.00000,0.00003,0.00000,0.00000
143.36000,1.02194,0.00635,0.00005,0.00000,0.99357,0.00000,0.00000,0.00004,0.00000,0.00000
143.50000,1.02194,0.00543,0.00004,0.00000,0.99451,0.00000,0.00000,0.00003,0.00000,0.00000
143.64000,1.02194,0.00570,0.00003,0.00000,0.99425,0.00000,0.00000,0.00003,0.00000,0.00000
143.78000,1.02194,0.00553,0.00003,0.00000,0.99443,0.00000,0.00000,0.00001,0.00000,0.00000
143.92000,1.02194,0.00132,0.00077,0.00000,0.99791,0.00000,0.00000,0.00000,0.00000,0.00000
144.06000,1.02194,0.00119,0.00039,0.00000,0.99841,0.00000,0.00000,0.00000,0.00000,0.00000
144.20000,1.02194,0.00118,0.00019,0.00000,0.99863,0.00000,0.00000,0.00000,0.00000,0.00000
144.34000,1.02194,0.00103,0.00008,0.00000,0.99889,0.00000,0.00000,0.00000,0.00000,0.00000
144.48000,1.02194,0.00108,0.00016,0.00000,0.99875,0.00000,0.00000,0.00000,0.00000,0.00000
144.62000,1.02194,0.00190,0.00017,0.00000,0.99792,0.00000,0.00000,0.00000,0.00000,0.00000
144.75999,1.02194,0.00137,0.00022,0.00001,0.99840,0.00000,0.00000,0.00000,0.00000,0.00000
144.89999,1.02194,0.00105,0.00013,0.00000,0.99881,0.00000,0.00000,0.00000,0.00000,0.00000
145.03999,1.02194,0.00078,0.00066,0.00001,0.99854,0.00000,0.00000,0.00000,0.00000,0.00000
145.17999,1.02194,0.00107,0.00050,0.00000,0.99843,0.00000,0.00000,0.00000,0.00000,0.00000
145.32001,1.02193,0.00211,0.00095,0.00000,0.99694,0.00000,0.00000,0.00000,0.00000,0.00000
145.46001,1.02193,0.00171,0.00052,0.00000,0.99776,0.00000,0.00000,0.00001,0.00000,0.00000
145.60001,1.02193,0.00222,0.00218,0.00000,0.99559,0.00000,0.00000,0.00001,0.00000,0.00000
145.74001,1.02193,0.00338,0.00020,0.00000,0.99637,0.00000,0.00000,0.00005,0.00000,0.00000
145.88000,1.02193,0.00603,0.00093,0.00000,0.99300,0.00000,0.00000,0.00004,0.00000,0.00000
146.02000,1.02193,0.00386,0.00038,0.00000,0.99575,0.00000,0.00000,0.00001,0.00000,0.00000
146.16000,1.02193,0.00358,0.00042,0.00000,0.99599,0.00000,0.00000,0.00001,0.00000,0.00000
146.30000,1.02193,0.00317,0.00017,0.00001,0.99664,0.00000,0.00000,0.00000,0.00000,0.00000
146.44000,1.02194,0.00286,0.00206,0.00016,0.99491,0.00000,0.00001,0.00000,0.00000,0.00000
146.58000,1.02194,0.00500,0.00039,0.00001,0.99458,0.00000,0.00000,0.00001,0.00000,0.00000
146.72000,1.02194,0.00917,0.00074,0.00006,0.99000,0.00000,0.00000,0.00003,0.00000,0.00000
146.86000,1.02194,0.03536,0.00172,0.00027,0.96250,0.00000,0.00000,0.00013,0.00000,0.00001
147.00000,1.02194,0.04499,0.00106,0.00010,0.95334,0.00000,0.00000,0.00048,0.00000,0.00002
147.14000,1.02194,0.03075,0.00125,0.00009,0.96748,0.00000,0.00000,0.00041,0.00000,0.00001
147.28000,1.02194,0.01673,0.00298,0.00011,0.98009,0.00000,0.00000,0.00008,0.00000,0.00000
147.42000,1.02194,0.00846,0.00047,0.00002,0.99102,0.00000,0.00000,0.00003,0.00000,0.00000
147.56000,1.02194,0.00252,0.00050,0.00002,0.99696,0.00000,0.00000,0.00000,0.00000,0.00000
147.70000,1.02194,0.00077,0.00021,0.00000,0.99902,0.00000,0.00000,0.00000,0.00000,0.00000
147.84000,1.02194,0.00038,0.00015,0.00000,0.99947,0.00000,0.00000,0.00000,0.00000,0.00000
147.98000,1.02194,0.00036,0.00017,0.00000,0.99947,0.00000,0.00000,0.00000,0.00000,0.00000
148.12000,1.02194,0.00089,0.00021,0.00000,0.99890,0.00000,0.00000,0.00000,0.00000,0.00000
148.25999,1.02194,0.00081,0.00021,0.00000,0.99897,0.00000,0.00000,0.00000,0.00000,0.00000
148.39999,1.02194,0.00079,0.00033,0.00000,0.99887,0.00000,0.00000,0.00000,0.00000,0.00000
148.53999,1.02194,0.00111,0.00027,0.00000,0.99862,0.00000,0.00000,0.00000,0.00000,0.00000
148.67999,1.02194,0.00141,0.00023,0.00000,0.99836,0.00000,0.00000,0.00000,0.00000,0.00000
148.82001,1.02193,0.00105,0.00039,0.00001,0.99855,0.00000,0.00000,0.00000,0.00000,0.00000
148.96001,1.02193,0.00107,0.00020,0.00000,0.99872,0.00000,0.00000,0.00000,0.00000,0.00000
149.10001,1.02193,0.00137,0.00038,0.00001,0.99823,0.00000,0.00000,0.00000,0.00000,0.00000
149.24001,1.02193,0.00189,0.00056,0.00002,0.99753,0.00000,0.00000,0.00000,0.00000,0.00000
149.38000,1.02193,0.00189,0.00053,0.00002,0.99755,0.00000,0.00000,0.00000,0.00000,0.00000
149.52000,1.02193,0.00172,0.00027,0.00000,0.99800,0.00000,0.00000,0.00000,0.00000,0.00000
149.66000,1.02193,0.00264,0.00064,0.00002,0.99670,0.00000,0.00000,0.00000,0.00000,0.00000
149.80000,1.02193,0.00335,0.00100,0.00006,0.99558,0.00000,0.00000,0.00000,0.00000,0.00000
149.94000,1.02194,0.00255,0.00045,0.00001,0.99699,0.00000,0.00000,0.00000,0.00000,0.00000
150.08000,1.02194,0.00238,0.00041,0.00001,0.99720,0.00000,0.00000,0.00000,0.00000,0.00000
150.22000,1.02194,0.00248,0.00087,0.00004,0.99660,0.00000,0.00000,0.00000,0.00000,0.00000
150.36000,1.02194,0.00281,0.00046,0.00001,0.99672,0.00000,0.00000,0.00000,0.00000,0.00000
150.50000,1.02194,0.00200,0.00032,0.00001,0.99766,0.00000,0.00000,0.00000,0.00000,0.00000
150.64000,1.02194,0.00172,0.00062,0.00001,0.99765,0.00000,0.00000,0.00000,0.00000,0.00000
150.78000,1.02194,0.00172,0.00025,0.00000,0.99803,0.00000,0.00000,0.00000,0.00000,0.00000
150.92000,1.02194,0.00199,0.00018,0.00000,0.99782,0.00000,0.00000,0.00000,0.00000,0.00000
151.06000,1.02194,0.00138,0.00030,0.00001,0.99831,0.00000,0.00000,0.00000,0.00000,0.00000
151.20000,1.02194,0.00131,0.00023,0.00000,0.99846,0.00000,0.00000,0.00000,0.00000,0.00000
151.34000,1.02194,0.00152,0.00055,0.00001,0.99792,0.00000,0.00000,0.00000,0.00000,0.00000
151.48000,1.02194,0.00201,0.00040,0.00001,0.99759,0.00000,0.00000,0.00000,0.00000,0.00000
151.62000,1.02194,0.00180,0.00029,0.00001,0.99790,0.00000,0.00000,0.00000,0.00000,0.00000
151.75999,1.02194,0.00180,0.00023,0.00001,0.99796,0.00000,0.00000,0.00000,0.00000,0.00000
151.89999,1.02194,0.00119,0.00029,0.00000,0.99851,0.00000,0.00000,0.00000,0.00000,0.00000
152.03999,1.02194,0.00097,0.00019,0.00000,0.99883,0.00000,0.00000,0.00000,0.00000,0.00000
152.17999,1.02194,0.00074,0.00010,0.00000,0.99916,0.00000,0.00000,0.00000,0.00000,0.00000
152.32001,1.02193,0.00029,0.00007,0.00000,0.99963,0.00000,0.00000,0.00000,0.00000,0.00000
152.46001,1.02193,0.00021,0.00002,0.00000,0.99977,0.00000,0.00000,0.00000,0.00000,0.00000
152.60001,1.02193,0.00024,0.00004,0.00000,0.99972,0.00000,0.00000,0.00000,0.00000,0.00000
152.74001,1.02193,0.00036,0.00005,0.00000,0.99959,0.00000,0.00000,0.00000,0.00000,0.00000
152.88000,1.02193,0.00060,0.00016,0.00000,0.99925,0.00000,0.00000,0.00000,0.00000,0.00000
153.02000,1.02193,0.00067,0.00014,0.00000,0.99918,0.00000,0.00000,0.00000,0.00000,0.00000
153.16000,1.02193,0.00103,0.00125,0.00000,0.99772,0.00000,0.00000,0.00000,0.00000,0.00000
153.30000,1.02193,0.00169,0.00097,0.00001,0.99733,0.00000,0.00000,0.00000,0.00000,0.00000
153.44000,1.02194,0.00152,0.00057,0.00001,0.99790,0.00000,0.00000,0.00000,0.00000,0.00000
153.58000,1.02194,0.00144,0.00049,0.00000,0.99806,0.00000,0.00000,0.00000,0.00000,0.00000
153.72000,1.02194,0.00139,0.00088,0.00001,0.99772,0.00000,0.00000,0.00000,0.00000,0.00000
153.86000,1.02194,0.00142,0.00086,0.00001,0.99770,0.00000,0.00000,0.00000,0.00000,0.00000
154.00000,1.02194,0.00165,0.00034,0.00000,0.99800,0.00000,0.00000,0.00000,0.00000,0.00000
154.14000,1.02194,0.00196,0.00047,0.00001,0.99756,0.00000,0.00000,0.00000,0.00000,0.00000
154.28000,1.02194,0.00255,0.00114,0.00002,0.99628,0.00000,0.00000,0.00000,0.00000,0.00000
154.42000,1.02194,0.00398,0.00116,0.00003,0.99482,0.00000,0.00000,0.00000,0.00000,0.00000
154.56000,1.02194,0.00548,0.00117,0.00005,0.99330,0.00000,0.00000,0.00001,0.00000,0.00000
154.70000,1.02194,0.00970,0.00122,0.00008,0.98898,0.00000,0.00000,0.00001,0.00000,0.00000
154.84000,1.02194,0.01645,0.00160,0.00023,0.98170,0.00000,0.00000,0.00002,0.00000,0.00000
154.98000,1.02194,0.01469,0.00198,0.00027,0.98303,0.00000,0.00000,0.00002,0.00000,0.00000
155.12000,1.02194,0.01826,0.00114,0.00014,0.98043,0.00000,0.00000,0.00003,0.00000,0.00000
155.25999,1.02194,0.02110,0.00143,0.00024,0.97720,0.00000,0.00000,0.00002,0.00000,0.00000
155.39999,1.02194,0.01849,0.00166,0.00023,0.97960,0.00000,0.00000,0.00002,0.00000,0.00000
155.53999,1.02194,0.01604,0.00155,0.00016,0.98223,0.00000,0.00000,0.00002,0.00000,0.00000
155.67999,1.02194,0.01860,0.00230,0.00017,0.97890,0.00000,0.00000,0.00002,0.00000,0.00000
155.82001,1.02193,0.02256,0.00414,0.00038,0.97288,0.00000,0.00000,0.00003,0.00000,0.00001
155.96001,1.02193,0.01657,0.00385,0.00040,0.97916,0.00000,0.00000,0.00001,0.00000,0.00000
156.10001,1.02193,0.01518,0.00365,0.00025,0.98089,0.00000,0.00000,0.00002,0.00000,0.00000
156.24001,1.02193,0.01443,0.00212,0.00011,0.98331,0.00000,0.00000,0.00002,0.00000,0.00000
156.38000,1.02193,0.01057,0.00136,0.00019,0.98786,0.00000,0.00000,0.00001,0.00000,0.00000
156.52000,1.02193,0.00612,0.00144,0.00014,0.99229,0.00000,0.00000,0.00000,0.00000,0.00000
156.66000,1.02193,0.00355,0.00059,0.00002,0.99584,0.00000,0.00000,0.00000,0.00000,0.00000
156.80000,1.02193,0.00399,0.00043,0.00001,0.99556,0.00000,0.00000,0.00000,0.00000,0.00000
156.94000,1.02194,0.00376,0.00064,0.00002,0.99557,0.00000,0.00000,0.00000,0.00000,0.00000
157.08000,1.02194,0.00375,0.00036,0.00001,0.99589,0.00000,0.00000,0.00000,0.00000,0.00000
157.22000,1.02194,0.00219,0.00148,0.00005,0.99629,0.00000,0.00000,0.00000,0.00000,0.00000
157.36000,1.02194,0.00247,0.00039,0.00000,0.99713,0.00000,0.00000,0.00000,0.00000,0.00000
157.50000,1.02194,0.00148,0.00067,0.00002,0.99783,0.00000,0.00000,0.00000,0.00000,0.00000
157.64000,1.02194,0.00147,0.00019,0.00000,0.99834,0.00000,0.00000,0.00000,0.00000,0.00000
157.78000,1.02194,0.00232,0.00019,0.00000,0.99749,0.00000,0.00000,0.00000,0.00000,0.00000
157.92000,1.02194,0.00154,0.00032,0.00001,0.99814,0.00000,0.00000,0.00000,0.00000,0.00000
158.06000,1.02194,0.00224,0.00055,0.00000,0.99721,0.00000,0.00000,0.00000,0.00000,0.00000
158.20000,1.02194,0.00334,0.00035,0.00000,0.99631,0.00000,0.00000,0.00000,0.00000,0.00000
158.34000,1.02194,0.00382,0.00509,0.00004,0.99104,0.00000,0.00000,0.00000,0.00000,0.00000
158.48000,1.02194,0.00351,0.00256,0.00001,0.99390,0.00000,0.00000,0.00000,0.00000,0.00000
158.62000,1.02194,0.00377,0.00148,0.00001,0.99474,0.00000,0.00000,0.00001,0.00000,0.00000
158.75999,1.02194,0.00638,0.00389,0.00002,0.98969,0.00000,0.00000,0.00001,0.00000,0.00000
158.89999,1.02194,0.00612,0.00496,0.00010,0.98881,0.00000,0.00000,0.00001,0.00000,0.00000
159.03999,1.02194,0.00535,0.00106,0.00001,0.99357,0.00000,0.00000,0.00001,0.00000,0.00000
159.17999,1.02194,0.00613,0.00087,0.00001,0.99298,0.00000,0.00000,0.00001,0.00000,0.00000
159.32001,1.02193,0.00817,0.00087,0.00003,0.99093,0.00000,0.00000,0.00001,0.00000,0.00000
159.46001,1.02193,0.00944,0.00062,0.00003,0.98990,0.00000,0.00000,0.00001,0.00000,0.00000
159.60001,1.02193,0.00861,0.00033,0.00002,0.99103,0.00000,0.00000,0.00001,0.00000,0.00000
159.74001,1.02193,0.00535,0.00125,0.00006,0.99334,0.00000,0.00000,0.00000,0.00000,0.00000
159.88000,1.02193,0.00686,0.00745,0.00019,0.98549,0.00000,0.00000,0.00000,0.00000,0.00000
160.02000,1.02193,0.00448,0.00097,0.00001,0.99453,0.00000,0.00000,0.00001,0.00000,0.00000
160.16000,1.02193,0.01068,0.00783,0.00041,0.98106,0.00000,0.00000,0.00001,0.00000,0.00000
160.30000,1.02193,0.01579,0.01242,0.00055,0.97121,0.00000,0.00000,0.00002,0.00000,0.00000
160.44000,1.02194,0.01135,0.00503,0.00013,0.98347,0.00000,0.00000,0.00001,0.00000,0.00000
160.58000,1.02194,0.00971,0.00455,0.00009,0.98563,0.00000,0.00000,0.00002,0.00000,0.00000
160.72000,1.02194,0.01248,0.00277,0.00007,0.98465,0.00000,0.00000,0.00002,0.00000,0.00000
160.86000,1.02194,0.01252,0.00231,0.00019,0.98497,0.00000,0.00000,0.00001,0.00000,0.00000
161.00000,1.02194,0.00710,0.00081,0.00006,0.99202,0.00000,0.00000,0.00000,0.00000,0.00000
161.14000,1.02194,0.00288,0.00095,0.00001,0.99616,0.00000,0.00000,0.00000,0.00000,0.00000
161.28000,1.02194,0.00153,0.00030,0.00000,0.99817,0.00000,0.00000,0.00000,0.00000,0.00000
161.42000,1.02194,0.00196,0.00015,0.00000,0.99788,0.00000,0.00000,0.00000,0.00000,0.00000
161.56000,1.02194,0.00375,0.00062,0.00000,0.99563,0.00000,0.00000,0.00000,0.00000,0.00000
161.70000,1.02194,0.00260,0.00071,0.00000,0.99668,0.00000,0.00000,0.00001,0.00000,0.00000
161.84000,1.02194,0.00176,0.00064,0.00000,0.99759,0.00000,0.00000,0.00000,0.00000,0.00000
161.98000,1.02194,0.00210,0.00088,0.00000,0.99702,0.00000,0.00000,0.00000,0.00000,0.00000
162.12000,1.02194,0.00087,0.00068,0.00000,0.99845,0.00000,0.00000,0.00000,0.00000,0.00000
162.25999,1.02194,0.00066,0.00124,0.00000,0.99809,0.00000,0.00000,0.00000,0.00000,0.00000
162.39999,1.02194,0.00130,0.00242,0.00000,0.99628,0.00000,0.00000,0.00000,0.00000,0.00000
162.53999,1.02194,0.00053,0.00034,0.00000,0.99913,0.00000,0.00000,0.00000,0.00000,0.00000
162.67999,1.02194,0.00071,0.00057,0.00000,0.99872,0.00000,0.00000,0.00000,0.00000,0.00000
162.82001,1.02193,0.00091,0.00012,0.00000,0.99896,0.00000,0.00000,0.00000,0.00000,0.00000
162.96001,1.02193,0.00076,0.00019,0.00000,0.99904,0.00000,0.00000,0.00000,0.00000,0.00000
163.10001,1.02193,0.00062,0.00168,0.00001,0.99768,0.00000,0.00000,0.00000,0.00000,0.00000
163.24001,1.02193,0.00028,0.00011,0.00000,0.99961,0.00000,0.00000,0.00000,0.00000,0.00000
163.38000,1.02193,0.00011,0.00005,0.00000,0.99984,0.00000,0.00000,0.00000,0.00000,0.00000
163.52000,1.02193,0.00008,0.00003,0.00000,0.99989,0.00000,0.00000,0.00000,0.00000,0.00000
163.66000,1.02193,0.00012,0.00002,0.00000,0.99986,0.00000,0.00000,0.00000,0.00000,0.00000
163.80000,1.02193,0.00021,0.00005,0.00000,0.99973,0.00000,0.00000,0.00000,0.00000,0.00000
163.94000,1.02194,0.00027,0.00047,0.00000,0.99926,0.00000,0.00000,0.00000,0.00000,0.00000
164.08000,1.02194,0.00078,0.00030,0.00000,0.99892,0.00000,0.00000,0.00000,0.00000,0.00000
164.22000,1.02194,0.00145,0.00107,0.00000,0.99748,0.00000,0.00000,0.00000,0.00000,0.00000
164.36000,1.02194,0.00255,0.00121,0.00001,0.99623,0.00000,0.00000,0.00000,0.00000,0.00000
164.50000,1.02194,0.00331,0.00054,0.00001,0.99615,0.00000,0.00000,0.00000,0.00000,0.00000
164.64000,1.02194,0.00537,0.00064,0.00001,0.99397,0.00000,0.00000,0.00001,0.00000,0.00000
164.78000,1.02194,0.01008,0.00090,0.00002,0.98899,0.00000,0.00000,0.00002,0.00000,0.00000
164.92000,1.02194,0.01100,0.00083,0.00005,0.98810,0.00000,0.00000,0.00001,0.00000,0.00000
165.06000,1.02194,0.00778,0.00062,0.00006,0.99153,0.00000,0.00000,0.00001,0.00000,0.00000
165.20000,1.02194,0.00799,0.00112,0.00009,0.99079,0.00000,0.00000,0.00001,0.00000,0.00000
165.34000,1.02194,0.00627,0.00054,0.00004,0.99314,0.00000,0.00000,0.00001,0.00000,0.00000
165.48000,1.02194,0.00482,0.00065,0.00004,0.99448,0.00000,0.00000,0.00000,0.00000,0.00000
165.62000,1.02194,0.00237,0.00018,0.00001,0.99745,0.00000,0.00000,0.00000,0.00000,0.00000
165.75999,1.02194,0.00099,0.00010,0.00000,0.99891,0.00000,0.00000,0.00000,0.00000,0.00000
165.89999,1.02194,0.00135,0.00003,0.00000,0.99862,0.00000,0.00000,0.00000,0.00000,0.00000
166.03999,1.02194,0.00120,0.00003,0.00000,0.99877,0.00000,0.00000,0.00000,0.00000,0.00000
166.17999,1.02194,0.00061,0.00006,0.00000,0.99933,0.00000,0.00000,0.00000,0.00000,0.00000
166.32001,1.02193,0.00070,0.00005,0.00000,0.99924,0.00000,0.00000,0.00000,0.00000,0.00000
166.46001,1.02193,0.00131,0.00003,0.00000,0.99866,0.00000,0.00000,0.00000,0.00000,0.00000
166.60001,1.02193,0.00069,0.00043,0.00000,0.99887,0.00000,0.00000,0.00000,0.00000,0.00000
166.74001,1.02193,0.00054,0.00017,0.00000,0.99928,0.00000,0.00000,0.00000,0.00000,0.00000
166.88000,1.02193,0.00044,0.00028,0.00000,0.99928,0.00000,0.00000,0.00000,0.00000,0.00000
167.02000,1.02193,0.00033,0.00052,0.00000,0.99915,0.00000,0.00000,0.00000,0.00000,0.00000
167.16000,1.02193,0.00028,0.00020,0.00000,0.99952,0.00000,0.00000,0.00000,0.00000,0.00000
167.30000,1.02193,0.00029,0.00013,0.00000,0.99958,0.00000,0.00000,0.00000,0.00000,0.00000
167.44000,1.02194,0.00041,0.00016,0.00000,0.99943,0.00000,0.00000,0.00000,0.00000,0.00000
167.58000,1.02194,0.00051,0.00035,0.00000,0.99914,0.00000,0.00000,0.00000,0.00000,0.00000
167.72000,1.02194,0.00088,0.00100,0.00001,0.99811,0.00000,0.00000,0.00000,0.00000,0.00000
167.86000,1.02194,0.00117,0.00022,0.00000,0.99860,0.00000,0.00000,0.00000,0.00000,0.00000
168.00000,1.02194,0.00082,0.00019,0.00000,0.99898,0.00000,0.00000,0.00000,0.00000,0.00000
168.14000,1.02194,0.00100,0.00014,0.00000,0.99886,0.00000,0.00000,0.00000,0.00000,0.00000
168.28000,1.02194,0.00114,0.00015,0.00000,0.99871,0.00000,0.00000,0.00000,0.00000,0.00000
168.42000,1.02194,0.00084,0.00022,0.00000,0.99894,0.00000,0.00000,0.00000,0.00000,0.00000
168.56000,1.02194,0.00089,0.00173,0.00000,0.99737,0.00000,0.00000,0.00000,0.00000,0.00000
168.70000,1.02194,0.00090,0.00059,0.00000,0.99851,0.00000,0.00000,0.00000,0.00000,0.00000
168.84000,1.02194,0.00062,0.00153,0.00000,0.99784,0.00000,0.00000,0.00000,0.00000,0.00000
168.98000,1.02194,0.00072,0.00223,0.00000,0.99704,0.00000,0.00000,0.00000,0.00000,0.00000
169.12000,1.02194,0.00049,0.00047,0.00000,0.99903,0.00000,0.00000,0.00000,0.00000,0.00000
169.25999,1.02194,0.00063,0.00097,0.00000,0.99840,0.00000,0.00000,0.00000,0.00000,0.00000
169.39999,1.02194,0.00065,0.00030,0.00000,0.99906,0.00000,0.00000,0.00000,0.00000,0.00000
169.53999,1.02194,0.00094,0.00015,0.00000,0.99891,0.00000,0.00000,0.00000,0.00000,0.00000
169.67999,1.02194,0.00161,0.00022,0.00000,0.99816,0.00000,0.00000,0.00001,0.00000,0.00000
169.82001,1.02193,0.00245,0.00034,0.00000,0.99720,0.00000,0.00000,0.00001,0.00000,0.00000
169.96001,1.02193,0.00121,0.00036,0.00000,0.99842,0.00000,0.00000,0.00000,0.00000,0.00000
170.10001,1.02193,0.00101,0.00016,0.00000,0.99883,0.00000,0.00000,0.00000,0.00000,0.00000
170.24001,1.02193,0.00067,0.00040,0.00000,0.99892,0.00000,0.00000,0.00000,0.00000,0.00000
170.38000,1.02193,0.00047,0.00028,0.00000,0.99925,0.00000,0.00000,0.00000,0.00000,0.00000
170.52000,1.02193,0.00049,0.00021,0.00000,0.99930,0.00000,0.00000,0.00000,0.00000,0.00000
170.66000,1.02193,0.00066,0.00008,0.00000,0.99926,0.00000,0.00000,0.00000,0.00000,0.00000
170.80000,1.02193,0.00036,0.00039,0.00000,0.99925,0.00000,0.00000,0.00000,0.00000,0.00000
170.94000,1.02194,0.00044,0.00012,0.00000,0.99944,0.00000,0.00000,0.00000,0.00000,0.00000
171.08000,1.02194,0.00051,0.00028,0.00000,0.99921,0.00000,0.00000,0.00000,0.00000,0.00000
171.22000,1.02194,0.00065,0.00033,0.00000,0.99902,0.00000,0.00000,0.00000,0.00000,0.00000
171.36000,1.02194,0.00091,0.00011,0.00000,0.99898,0.00000,0.00000,0.00000,0.00000,0.00000
171.50000,1.02194,0.00122,0.00009,0.00000,0.99869,0.00000,0.00000,0.00000,0.00000,0.00000
171.64000,1.02194,0.00118,0.00018,0.00000,0.99864,0.00000,0.00000,0.00000,0.00000,0.00000
171.78000,1.02194,0.00170,0.00016,0.00000,0.99814,0.00000,0.00000,0.00000,0.00000,0.00000
171.92000,1.02194,0.00183,0.00017,0.00000,0.99799,0.00000,0.00000,0.00000,0.00000,0.00000
172.06000,1.02194,0.00144,0.00019,0.00001,0.99837,0.00000,0.00000,0.00000,0.00000,0.00000
172.20000,1.02194,0.00134,0.00010,0.00000,0.99856,0.00000,0.00000,0.00000,0.00000,0.00000
172.34000,1.02194,0.00097,0.00086,0.00002,0.99815,0.00000,0.00000,0.00000,0.00000,0.00000
172.48000,1.02194,0.00105,0.00013,0.00000,0.99882,0.00000,0.00000,0.00000,0.00000,0.00000
172.62000,1.02194,0.00152,0.00020,0.00000,0.99828,0.00000,0.00000,0.00000,0.00000,0.00000
172.75999,1.02194,0.00312,0.00028,0.00000,0.99659,0.00000,0.00000,0.00000,0.00000,0.00000
172.89999,1.02194,0.00474,0.00070,0.00001,0.99454,0.00000,0.00000,0.00001,0.00000,0.00000
173.03999,1.02194,0.00966,0.00092,0.00003,0.98937,0.00000,0.00000,0.00002,0.00000,0.00000
173.17999,1.02194,0.00753,0.00459,0.00034,0.98752,0.00001,0.00001,0.00001,0.00000,0.00000
173.32001,1.02193,0.00975,0.00069,0.00003,0.98951,0.00000,0.00000,0.00002,0.00000,0.00000
173.46001,1.02193,0.01044,0.00065,0.00004,0.98886,0.00000,0.00000,0.00001,0.00000,0.00000
173.60001,1.02193,0.00897,0.00054,0.00004,0.99043,0.00000,0.00000,0.00001,0.00000,0.00000
173.74001,1.02193,0.00955,0.00049,0.00003,0.98992,0.00000,0.00000,0.00001,0.00000,0.00000
173.88000,1.02193,0.00808,0.00065,0.00003,0.99123,0.00000,0.00000,0.00001,0.00000,0.00000
174.02000,1.02193,0.00752,0.00150,0.00008,0.99089,0.00000,0.00000,0.00001,0.00000,0.00000
174.16000,1.02193,0.01165,0.00906,0.00056,0.97871,0.00001,0.00001,0.00001,0.00000,0.00000
174.30000,1.02193,0.00599,0.00093,0.00002,0.99304,0.00000,0.00000,0.00001,0.00000,0.00000
174.44000,1.02194,0.00507,0.00107,0.00003,0.99382,0.00000,0.00000,0.00000,0.00000,0.00000
174.58000,1.02194,0.00369,0.00239,0.00006,0.99386,0.00000,0.00000,0.00000,0.00000,0.00000
174.72000,1.02194,0.00266,0.00069,0.00001,0.99664,0.00000,0.00000,0.00000,0.00000,0.00000
174.86000,1.02194,0.00272,0.00040,0.00000,0.99687,0.00000,0.00000,0.00000,0.00000,0.00000
175.00000,1.02194,0.00104,0.00131,0.00001,0.99763,0.00000,0.00000,0.00000,0.00000,0.00000
175.14000,1.02194,0.00070,0.00011,0.00000,0.99919,0.00000,0.00000,0.00000,0.00000,0.00000
175.28000,1.02194,0.00055,0.00021,0.00000,0.99924,0.00000,0.00000,0.00000,0.00000,0.00000
175.42000,1.02194,0.00059,0.00011,0.00000,0.99930,0.00000,0.00000,0.00000,0.00000,0.00000
175.56000,1.02194,0.00051,0.00028,0.00000,0.99921,0.00000,0.00000,0.00000,0.00000,0.00000
175.70000,1.02194,0.00057,0.00008,0.00000,0.99934,0.00000,0.00000,0.00000,0.00000,0.00000
175.84000,1.02194,0.00110,0.00015,0.00000,0.99875,0.00000,0.00000,0.00000,0.00000,0.00000
175.98000,1.02194,0.00214,0.00017,0.00000,0.99769,0.00000,0.00000,0.00000,0.00000,0.00000
176.12000,1.02194,0.00261,0.00070,0.00001,0.99668,0.00000,0.00000,0.00000,0.00000,0.00000
176.25999,1.02194,0.00649,0.00162,0.00003,0.99186,0.00000,0.00000,0.00001,0.00000,0.00000
176.39999,1.02194,0.00459,0.00077,0.00001,0.99463,0.00000,0.00000,0.00000,0.00000,0.00000
176.53999,1.02194,0.00478,0.00044,0.00001,0.99477,0.00000,0.00000,0.00000,0.00000,0.00000
176.67999,1.02194,0.00721,0.00067,0.00002,0.99210,0.00000,0.00000,0.00001,0.00000,0.00000
176.82001,1.02193,0.01099,0.00167,0.00004,0.98729,0.00000,0.00000,0.00001,0.00000,0.00000
176.96001,1.02193,0.01225,0.00183,0.00005,0.98585,0.00000,0.00000,0.00001,0.00000,0.00000
177.10001,1.02193,0.01874,0.00321,0.00021,0.97779,0.00001,0.00000,0.00004,0.00000,0.00000
177.24001,1.02193,0.00789,0.00222,0.00029,0.98959,0.00000,0.00000,0.00001,0.00000,0.00000
177.38000,1.02193,0.00838,0.00015,0.00000,0.99146,0.00000,0.00000,0.00001,0.00000,0.00000
177.52000,1.02193,0.00834,0.00017,0.00000,0.99147,0.00000,0.00000,0.00001,0.00000,0.00000
177.66000,1.02193,0.00903,0.00019,0.00000,0.99077,0.00000,0.00000,0.00001,0.00000,0.00000
177.80000,1.02193,0.00416,0.00047,0.00002,0.99534,0.00000,0.00000,0.00000,0.00000,0.00000
177.94000,1.02194,0.00486,0.00004,0.00000,0.99509,0.00000,0.00000,0.00001,0.00000,0.00000
178.08000,1.02194,0.00527,0.00081,0.00001,0.99391,0.00000,0.00000,0.00001,0.00000,0.00000
178.22000,1.02194,0.00722,0.00056,0.00002,0.99220,0.00000,0.00000,0.00001,0.00000,0.00000
178.36000,1.02194,0.00715,0.00053,0.00002,0.99229,0.00000,0.00000,0.00001,0.00000,0.00000
178.50000,1.02194,0.00329,0.00063,0.00002,0.99606,0.00000,0.00000,0.00000,0.00000,0.00000
178.64000,1.02194,0.00215,0.00019,0.00000,0.99766,0.00000,0.00000,0.00000,0.00000,0.00000
178.78000,1.02194,0.00342,0.00004,0.00000,0.99653,0.00000,0.00000,0.00001,0.00000,0.00000
178.92000,1.02194,0.00271,0.00009,0.00000,0.99720,0.00000,0.00000,0.00000,0.00000,0.00000
179.06000,1.02194,0.00257,0.00004,0.00000,0.99738,0.00000,0.00000,0.00000,0.00000,0.00000
179.20000,1.02194,0.00224,0.00003,0.00000,0.99773,0.00000,0.00000,0.00000,0.00000,0.00000
179.34000,1.02194,0.00239,0.00027,0.00000,0.99734,0.00000,0.00000,0.00000,0.00000,0.00000
179.48000,1.02194,0.00365,0.00017,0.00001,0.99617,0.00000,0.00000,0.00000,0.00000,0.00000
179.62000,1.02194,0.00293,0.00033,0.00003,0.99671,0.00000,0.00000,0.00000,0.00000,0.00000
179.75999,1.02194,0.00324,0.00019,0.00000,0.99656,0.00000,0.00000,0.00000,0.00000,0.00000
179.89999,1.02194,0.00400,0.00023,0.00001,0.99576,0.00000,0.00000,0.00000,0.00000,0.00000
180.03999,1.02194,0.00975,0.00037,0.00002,0.98985,0.00000,0.00000,0.00001,0.00000,0.00000
180.17999,1.02194,0.01647,0.00037,0.00006,0.98309,0.00000,0.00000,0.00002,0.00000,0.00000
180.32001,1.02193,0.02132,0.00022,0.00004,0.97839,0.00000,0.00000,0.00002,0.00000,0.00000
180.46001,1.02193,0.02075,0.00069,0.00016,0.97837,0.00000,0.00000,0.00002,0.00000,0.00000
180.60001,1.02193,0.02770,0.00046,0.00022,0.97157,0.00000,0.00000,0.00003,0.00000,0.00000
180.74001,1.02193,0.02561,0.00046,0.00021,0.97369,0.00000,0.00000,0.00002,0.00000,0.00000
180.88000,1.02193,0.02221,0.00047,0.00015,0.97715,0.00000,0.00000,0.00002,0.00000,0.00000
181.02000,1.02193,0.02035,0.00043,0.00011,0.97908,0.00000,0.00000,0.00002,0.00000,0.00000
181.16000,1.02193,0.02445,0.00059,0.00015,0.97479,0.00000,0.00000,0.00003,0.00000,0.00000
181.30000,1.02193,0.01263,0.00051,0.00009,0.98676,0.00000,0.00000,0.00001,0.00000,0.00000
181.44000,1.02194,0.00668,0.00088,0.00014,0.99229,0.00000,0.00000,0.00000,0.00000,0.00000
181.58000,1.02194,0.00467,0.00014,0.00001,0.99517,0.00000,0.00000,0.00000,0.00000,0.00000
181.72000,1.02194,0.00357,0.00007,0.00000,0.99635,0.00000,0.00000,0.00000,0.00000,0.00000
181.86000,1.02194,0.00171,0.00009,0.00001,0.99820,0.00000,0.00000,0.00000,0.00000,0.00000
182.00000,1.02194,0.00080,0.00004,0.00000,0.99916,0.00000,0.00000,0.00000,0.00000,0.00000
182.14000,1.02194,0.00090,0.00004,0.00000,0.99906,0.00000,0.00000,0.00000,0.00000,0.00000
182.28000,1.02194,0.00094,0.00011,0.00000,0.99895,0.00000,0.00000,0.00000,0.00000,0.00000
182.42000,1.02194,0.00078,0.00011,0.00000,0.99911,0.00000,0.00000,0.00000,0.00000,0.00000
182.56000,1.02194,0.00069,0.00020,0.00000,0.99911,0.00000,0.00000,0.00000,0.00000,0.00000
182.70000,1.02194,0.00051,0.00037,0.00000,0.99911,0.00000,0.00000,0.00000,0.00000,0.00000
182.84000,1.02194,0.00049,0.00050,0.00000,0.99900,0.00000,0.00000,0.00000,0.00000,0.00000
182.98000,1.02194,0.00060,0.00044,0.00000,0.99896,0.00000,0.00000,0.00000,0.00000,0.00000
183.12000,1.02194,0.00077,0.00038,0.00000,0.99885,0.00000,0.00000,0.00000,0.00000,0.00000
183.25999,1.02194,0.00109,0.00076,0.00000,0.99815,0.00000,0.00000,0.00000,0.00000,0.00000
183.39999,1.02194,0.00216,0.00109,0.00001,0.99673,0.00000,0.00000,0.00000,0.00000,0.00000
183.53999,1.02194,0.00319,0.00347,0.00007,0.99326,0.00000,0.00000,0.00000,0.00000,0.00000
183.67999,1.02194,0.00598,0.00220,0.00002,0.99179,0.00000,0.00000,0.00001,0.00000,0.00000
183.82001,1.02193,0.00620,0.00067,0.00002,0.99311,0.00000,0.00000,0.00001,0.00000,0.00000
183.96001,1.02193,0.00847,0.00039,0.00002,0.99111,0.00000,0.00000,0.00001,0.00000,0.00000
184.10001,1.02193,0.01212,0.00041,0.00003,0.98743,0.00000,0.00000,0.00001,0.00000,0.00000
184.24001,1.02193,0.01479,0.00018,0.00001,0.98499,0.00000,0.00000,0.00002,0.00000,0.00000
184.38000,1.02193,0.01074,0.00074,0.00005,0.98844,0.00000,0.00000,0.00002,0.00000,0.00000
184.52000,1.02193,0.00762,0.00053,0.00007,0.99176,0.00000,0.00000,0.00001,0.00000,0.00000
184.66000,1.02193,0.00387,0.00022,0.00003,0.99587,0.00000,0.00000,0.00000,0.00000,0.00000
184.80000,1.02193,0.00344,0.00025,0.00003,0.99628,0.00000,0.00000,0.00000,0.00000,0.00000
184.94000,1.02194,0.00186,0.00018,0.00001,0.99795,0.00000,0.00000,0.00000,0.00000,0.00000
185.08000,1.02194,0.00183,0.00004,0.00000,0.99814,0.00000,0.00000,0.00000,0.00000,0.00000
185.22000,1.02194,0.00200,0.00009,0.00000,0.99790,0.00000,0.00000,0.00000,0.00000,0.00000
185.36000,1.02194,0.00253,0.00010,0.00000,0.99737,0.00000,0.00000,0.00000,0.00000,0.00000
185.50000,1.02194,0.00233,0.00010,0.00001,0.99756,0.00000,0.00000,0.00000,0.00000,0.00000
185.64000,1.02194,0.00169,0.00020,0.00001,0.99809,0.00000,0.00000,0.00000,0.00000,0.00000
185.78000,1.02194,0.00263,0.00061,0.00004,0.99672,0.00000,0.00000,0.00000,0.00000,0.00000
185.92000,1.02194,0.00299,0.00012,0.00001,0.99688,0.00000,0.00000,0.00000,0.00000,0.00000
186.06000,1.02194,0.00202,0.00023,0.00001,0.99774,0.00000,0.00000,0.00000,0.00000,0.00000
186.20000,1.02194,0.00190,0.00009,0.00000,0.99801,0.00000,0.00000,0.00000,0.00000,0.00000
186.34000,1.02194,0.00263,0.00012,0.00000,0.99725,0.00000,0.00000,0.00000,0.00000,0.00000
186.48000,1.02194,0.00585,0.00087,0.00003,0.99324,0.00000,0.00000,0.00000,0.00000,0.00000
186.62000,1.02194,0.01053,0.00134,0.00005,0.98806,0.00000,0.00000,0.00002,0.00000,0.00000
186.75999,1.02194,0.01200,0.00059,0.00005,0.98733,0.00000,0.00000,0.00002,0.00000,0.00000
186.89999,1.02194,0.01023,0.00171,0.00022,0.98782,0.00000,0.00000,0.00001,0.00000,0.00000
187.03999,1.02194,0.01891,0.00088,0.00011,0.98006,0.00000,0.00000,0.00003,0.00000,0.00000
187.17999,1.02194,0.01633,0.00125,0.00019,0.98220,0.00000,0.00000,0.00002,0.00000,0.00000
187.32001,1.02193,0.01176,0.00093,0.00007,0.98723,0.00000,0.00000,0.00002,0.00000,0.00000
187.46001,1.02193,0.00931,0.00127,0.00011,0.98931,0.00000,0.00000,0.00001,0.00000,0.00000
187.60001,1.02193,0.01022,0.00078,0.00005,0.98894,0.00000,0.00000,0.00001,0.00000,0.00000
187.74001,1.02193,0.00934,0.00154,0.00013,0.98898,0.00000,0.00000,0.00001,0.00000,0.00000
187.88000,1.02193,0.01342,0.00074,0.00003,0.98580,0.00000,0.00000,0.00002,0.00000,0.00000
188.02000,1.02193,0.01074,0.00138,0.00007,0.98780,0.00000,0.00000,0.00001,0.00000,0.00000
188.16000,1.02193,0.01625,0.00154,0.00012,0.98208,0.00000,0.00000,0.00002,0.00000,0.00000
188.30000,1.02193,0.02082,0.00132,0.00010,0.97773,0.00000,0.00000,0.00002,0.00000,0.00000
188.44000,1.02194,0.02734,0.00124,0.00013,0.97126,0.00000,0.00000,0.00003,0.00000,0.00000
188.58000,1.02194,0.02476,0.00468,0.00036,0.97016,0.00001,0.00000,0.00003,0.00000,0.00001
188.72000,1.02194,0.03519,0.00457,0.00047,0.95970,0.00001,0.00000,0.00005,0.00000,0.00001
188.86000,1.02194,0.02669,0.00598,0.00090,0.96639,0.00001,0.00000,0.00003,0.00000,0.00001
189.00000,1.02194,0.01770,0.00725,0.00062,0.97439,0.00001,0.00000,0.00002,0.00000,0.00000
189.14000,1.02194,0.01907,0.00497,0.00035,0.97558,0.00000,0.00000,0.00002,0.00000,0.00000
189.28000,1.02194,0.01603,0.00411,0.00029,0.97954,0.00000,0.00000,0.00002,0.00000,0.00000
189.42000,1.02194,0.01415,0.00268,0.00024,0.98290,0.00000,0.00000,0.00002,0.00000,0.00000
189.56000,1.02194,0.01296,0.00192,0.00012,0.98499,0.00000,0.00000,0.00002,0.00000,0.00000
189.70000,1.02194,0.00750,0.00193,0.00014,0.99042,0.00000,0.00000,0.00001,0.00000,0.00000
189.84000,1.02194,0.00584,0.00195,0.00019,0.99201,0.00000,0.00000,0.00001,0.00000,0.00000
189.98000,1.02194,0.00320,0.00047,0.00002,0.99631,0.00000,0.00000,0.00000,0.00000,0.00000
190.12000,1.02194,0.00293,0.00032,0.00001,0.99674,0.00000,0.00000,0.00000,0.00000,0.00000
190.25999,1.02194,0.00151,0.00044,0.00001,0.99804,0.00000,0.00000,0.00000,0.00000,0.00000
190.39999,1.02194,0.00121,0.00032,0.00000,0.99846,0.00000,0.00000,0.00000,0.00000,0.00000
190.53999,1.02194,0.00156,0.00030,0.00000,0.99813,0.00000,0.00000,0.00000,0.00000,0.00000
190.67999,1.02194,0.00152,0.00109,0.00002,0.99738,0.00000,0.00000,0.00000,0.00000,0.00000
190.82001,1.02193,0.00195,0.00059,0.00000,0.99745,0.00000,0.00000,0.00000,0.00000,0.00000
190.96001,1.02193,0.00229,0.00072,0.00002,0.99698,0.00000,0.00000,0.00000,0.00000,0.00000
191.10001,1.02193,0.00460,0.00063,0.00001,0.99475,0.00000,0.00000,0.00001,0.00000,0.00000
191.24001,1.02193,0.00801,0.00120,0.00005,0.99073,0.00000,0.00000,0.00001,0.00000,0.00000
191.38000,1.02193,0.01136,0.00083,0.00004,0.98776,0.00000,0.00000,0.00002,0.00000,0.00000
191.52000,1.02193,0.01395,0.00204,0.00013,0.98386,0.00000,0.00000,0.00002,0.00000,0.00000
191.66000,1.02193,0.02142,0.00183,0.00020,0.97651,0.00000,0.00000,0.00003,0.00000,0.00000
191.80000,1.02193,0.02848,0.00405,0.00051,0.96690,0.00001,0.00000,0.00004,0.00000,0.00001
191.94000,1.02194,0.03685,0.00912,0.00123,0.95274,0.00001,0.00000,0.00004,0.00000,0.00001
192.08000,1.02194,0.03410,0.00663,0.00069,0.95852,0.00001,0.00000,0.00003,0.00000,0.00001
192.22000,1.02194,0.03221,0.00957,0.00091,0.95726,0.00001,0.00000,0.00003,0.00000,0.00001
192.36000,1.02194,0.03298,0.00670,0.00054,0.95974,0.00000,0.00000,0.00003,0.00000,0.00001
192.50000,1.02194,0.02967,0.00640,0.00044,0.96345,0.00000,0.00000,0.00003,0.00000,0.00001
192.64000,1.02194,0.02134,0.01162,0.00082,0.96619,0.00001,0.00000,0.00002,0.00000,0.00001
192.78000,1.02194,0.01618,0.00880,0.00049,0.97451,0.00000,0.00000,0.00002,0.00000,0.00000
192.92000,1.02194,0.00641,0.01150,0.00107,0.98098,0.00000,0.00002,0.00000,0.00001,0.00000
193.06000,1.02194,0.00282,0.00132,0.00002,0.99583,0.00000,0.00000,0.00000,0.00000,0.00000
193.20000,1.02194,0.00164,0.00056,0.00001,0.99779,0.00000,0.00000,0.00000,0.00000,0.00000
193.34000,1.02194,0.00171,0.00035,0.00000,0.99793,0.00000,0.00000,0.00000,0.00000,0.00000
193.48000,1.02194,0.00110,0.00052,0.00001,0.99837,0.00000,0.00000,0.00000,0.00000,0.00000
193.62000,1.02194,0.00097,0.00013,0.00000,0.99890,0.00000,0.00000,0.00000,0.00000,0.00000
193.75999,1.02194,0.00122,0.00049,0.00001,0.99828,0.00000,0.00000,0.00000,0.00000,0.00000
193.89999,1.02194,0.00211,0.00027,0.00000,0.99761,0.00000,0.00000,0.00000,0.00000,0.00000
194.03999,1.02194,0.00312,0.00020,0.00000,0.99667,0.00000,0.00000,0.00000,0.00000,0.00000
194.17999,1.02194,0.00446,0.00035,0.00001,0.99518,0.00000,0.00000,0.00000,0.00000,0.00000
194.32001,1.02193,0.00587,0.00071,0.00003,0.99338,0.00000,0.00000,0.00001,0.00000,0.00000
194.46001,1.02193,0.00659,0.00054,0.00002,0.99284,0.00000,0.00000,0.00001,0.00000,0.00000
194.60001,1.02193,0.01085,0.00299,0.00029,0.98584,0.00000,0.00000,0.00001,0.00000,0.00000
194.74001,1.02193,0.02860,0.00563,0.00038,0.96532,0.00000,0.00000,0.00006,0.00000,0.00000
194.88000,1.02193,0.01723,0.00281,0.00012,0.97981,0.00000,0.00000,0.00003,0.00000,0.00000
195.02000,1.02193,0.01608,0.00205,0.00009,0.98175,0.00000,0.00000,0.00002,0.00000,0.00000
195.16000,1.02193,0.01101,0.00183,0.00005,0.98709,0.00000,0.00000,0.00002,0.00000,0.00000
195.30000,1.02193,0.01422,0.00661,0.00013,0.97902,0.00000,0.00000,0.00001,0.00000,0.00000
195.44000,1.02194,0.00875,0.00076,0.00002,0.99046,0.00000,0.00000,0.00001,0.00000,0.00000
195.58000,1.02194,0.00379,0.00044,0.00000,0.99576,0.00000,0.00000,0.00000,0.00000,0.00000
195.72000,1.02194,0.00446,0.00028,0.00001,0.99525,0.00000,0.00000,0.00001,0.00000,0.00000
195.86000,1.02194,0.00355,0.00046,0.00001,0.99597,0.00000,0.00000,0.00000,0.00000,0.00000
196.00000,1.02194,0.00744,0.00107,0.00004,0.99144,0.00000,0.00000,0.00001,0.00000,0.00000
196.14000,1.02194,0.01323,0.00137,0.00009,0.98528,0.00000,0.00000,0.00002,0.00000,0.00000
196.28000,1.02194,0.00751,0.00090,0.00021,0.99138,0.00000,0.00000,0.00000,0.00000,0.00000
196.42000,1.02194,0.00449,0.00031,0.00001,0.99518,0.00000,0.00000,0.00000,0.00000,0.00000
196.56000,1.02194,0.00344,0.00023,0.00001,0.99631,0.00000,0.00000,0.00000,0.00000,0.00000
196.70000,1.02194,0.00453,0.00023,0.00001,0.99522,0.00000,0.00000,0.00001,0.00000,0.00000
196.84000,1.02194,0.00330,0.00031,0.00001,0.99638,0.00000,0.00000,0.00000,0.00000,0.00000
196.98000,1.02194,0.00113,0.00008,0.00000,0.99879,0.00000,0.00000,0.00000,0.00000,0.00000
197.12000,1.02194,0.00149,0.00012,0.00000,0.99839,0.00000,0.00000,0.00000,0.00000,0.00000
197.25999,1.02194,0.00145,0.00007,0.00000,0.99847,0.00000,0.00000,0.00000,0.00000,0.00000
197.39999,1.02194,0.00097,0.00018,0.00000,0.99885,0.00000,0.00000,0.00000,0.00000,0.00000
197.53999,1.02194,0.00116,0.00015,0.00000,0.99868,0.00000,0.00000,0.00000,0.00000,0.00000
197.67999,1.02194,0.00161,0.00046,0.00000,0.99792,0.00000,0.00000,0.00000,0.00000,0.00000
197.82001,1.02193,0.00062,0.00046,0.00000,0.99891,0.00000,0.00000,0.00000,0.00000,0.00000
197.96001,1.02193,0.00039,0.00010,0.00000,0.99951,0.00000,0.00000,0.00000,0.00000,0.00000
198.10001,1.02193,0.00071,0.00031,0.00000,0.99898,0.00000,0.00000,0.00000,0.00000,0.00000
198.24001,1.02193,0.00125,0.00039,0.00000,0.99835,0.00000,0.00000,0.00000,0.00000,0.00000
198.38000,1.02193,0.00165,0.00026,0.00000,0.99809,0.00000,0.00000,0.00000,0.00000,0.00000
198.52000,1.02193,0.00251,0.00033,0.00000,0.99715,0.00000,0.00000,0.00000,0.00000,0.00000
198.66000,1.02193,0.00617,0.00302,0.00005,0.99074,0.00000,0.00000,0.00001,0.00000,0.00000
198.80000,1.02193,0.01488,0.00231,0.00019,0.98259,0.00000,0.00000,0.00003,0.00000,0.00000
198.94000,1.02194,0.02051,0.00317,0.00070,0.97556,0.00001,0.00001,0.00005,0.00000,0.00000
199.08000,1.02194,0.05776,0.00168,0.00051,0.93981,0.00001,0.00000,0.00020,0.00000,0.00002
199.22000,1.02194,0.08941,0.00117,0.00072,0.90840,0.00001,0.00000,0.00025,0.00000,0.00003
199.36000,1.02194,0.09791,0.00115,0.00070,0.89990,0.00001,0.00000,0.00027,0.00000,0.00005
199.50000,1.02194,0.09221,0.00177,0.00117,0.90459,0.00001,0.00000,0.00021,0.00000,0.00004
199.64000,1.02194,0.08668,0.00198,0.00079,0.91024,0.00001,0.00000,0.00025,0.00000,0.00006
199.78000,1.02194,0.07729,0.00251,0.00087,0.91912,0.00001,0.00000,0.00015,0.00000,0.00004
199.92000,1.02194,0.04032,0.00169,0.00054,0.95735,0.00001,0.00000,0.00006,0.00000,0.00001
200.06000,1.02194,0.01661,0.00217,0.00038,0.98081,0.00000,0.00000,0.00002,0.00000,0.00000
200.20000,1.02194,0.01357,0.00099,0.00012,0.98529,0.00000,0.00000,0.00002,0.00000,0.00000
200.34000,1.02194,0.00611,0.00105,0.00018,0.99265,0.00000,0.00000,0.00000,0.00000,0.00000
200.48000,1.02194,0.00218,0.00054,0.00002,0.99726,0.00000,0.00000,0.00000,0.00000,0.00000
200.62000,1.02194,0.00130,0.00052,0.00002,0.99816,0.00000,0.00000,0.00000,0.00000,0.00000
200.75999,1.02194,0.00061,0.00014,0.00000,0.99924,0.00000,0.00000,0.00000,0.00000,0.00000
200.89999,1.02194,0.00047,0.00013,0.00000,0.99939,0.00000,0.00000,0.00000,0.00000,0.00000
201.03999,1.02194,0.00042,0.00006,0.00000,0.99951,0.00000,0.00000,0.00000,0.00000,0.00000
201.17999,1.02194,0.00044,0.00014,0.00000,0.99941,0.00000,0.00000,0.00000,0.00000,0.00000
201.32001,1.02193,0.00061,0.00017,0.00000,0.99922,0.00000,0.00000,0.00000,0.00000,0.00000
201.46001,1.02193,0.00074,0.00022,0.00000,0.99904,0.00000,0.00000,0.00000,0.00000,0.00000
201.60001,1.02193,0.00109,0.00042,0.00001,0.99849,0.00000,0.00000,0.00000,0.00000,0.00000
201.74001,1.02193,0.00199,0.00069,0.00002,0.99730,0.00000,0.00000,0.00000,0.00000,0.00000
201.88000,1.02193,0.00144,0.00058,0.00001,0.99798,0.00000,0.00000,0.00000,0.00000,0.00000
202.02000,1.02193,0.00127,0.00019,0.00000,0.99854,0.00000,0.00000,0.00000,0.00000,0.00000
202.16000,1.02193,0.00055,0.00019,0.00000,0.99925,0.00000,0.00000,0.00000,0.00000,0.00000
202.30000,1.02193,0.00029,0.00004,0.00000,0.99967,0.00000,0.00000,0.00000,0.00000,0.00000
202.44000,1.02194,0.00011,0.00002,0.00000,0.99986,0.00000,0.00000,0.00000,0.00000,0.00000
202.58000,1.02194,0.00006,0.00007,0.00000,0.99987,0.00000,0.00000,0.00000,0.00000,0.00000
202.72000,1.02194,0.00005,0.00014,0.00000,0.99982,0.00000,0.00000,0.00000,0.00000,0.00000
202.86000,1.02194,0.00009,0.00060,0.00000,0.99930,0.00000,0.00000,0.00000,0.00000,0.00000
203.00000,1.02194,0.00044,0.00257,0.00000,0.99695,0.00000,0.00002,0.00000,0.00002,0.00000
203.14000,1.02194,0.00041,0.00062,0.00000,0.99896,0.00000,0.00000,0.00000,0.00000,0.00000
203.28000,1.02194,0.00055,0.00107,0.00000,0.99837,0.00000,0.00000,0.00000,0.00000,0.00000
203.42000,1.02194,0.00050,0.00073,0.00000,0.99875,0.00000,0.00001,0.00000,0.00001,0.00000
203.56000,1.02194,0.00051,0.00021,0.00000,0.99928,0.00000,0.00000,0.00000,0.00000,0.00000
203.70000,1.02194,0.00030,0.00123,0.00000,0.99842,0.00000,0.00003,0.00000,0.00002,0.00000
203.84000,1.02194,0.00006,0.00016,0.00000,0.99978,0.00000,0.00000,0.00000,0.00000,0.00000
203.98000,1.02194,0.00005,0.00005,0.00000,0.99990,0.00000,0.00000,0.00000,0.00000,0.00000
204.12000,1.02194,0.00005,0.00006,0.00000,0.99989,0.00000,0.00000,0.00000,0.00000,0.00000
204.25999,1.02194,0.00003,0.00008,0.00000,0.99989,0.00000,0.00000,0.00000,0.00000,0.00000
204.39999,1.02194,0.00003,0.00007,0.00000,0.99990,0.00000,0.00000,0.00000,0.00000,0.00000
204.53999,1.02194,0.00007,0.00003,0.00000,0.99990,0.00000,0.00000,0.00000,0.00000,0.00000
204.67999,1.02194,0.00011,0.00002,0.00000,0.99988,0.00000,0.00000,0.00000,0.00000,0.00000
204.82001,1.02193,0.00014,0.00001,0.00000,0.99985,0.00000,0.00000,0.00000,0.00000,0.00000
204.96001,1.02193,0.00008,0.00001,0.00000,0.99991,0.00000,0.00000,0.00000,0.00000,0.00000
205.10001,1.02193,0.00018,0.00001,0.00000,0.99981,0.00000,0.00000,0.00000,0.00000,0.00000
205.24001,1.02193,0.00013,0.00006,0.00000,0.99981,0.00000,0.00000,0.00000,0.00000,0.00000
205.38000,1.02193,0.00008,0.00001,0.00000,0.99991,0.00000,0.00000,0.00000,0.00000,0.00000
205.52000,1.02193,0.00012,0.00001,0.00000,0.99987,0.00000,0.00000,0.00000,0.00000,0.00000
205.66000,1.02193,0.00037,0.00002,0.00000,0.99961,0.00000,0.00000,0.00000,0.00000,0.00000
205.80000,1.02193,0.00134,0.00051,0.00000,0.99815,0.00000,0.00000,0.00000,0.00000,0.00000
205.94000,1.02194,0.00261,0.00050,0.00000,0.99689,0.00000,0.00000,0.00000,0.00000,0.00000
206.08000,1.02194,0.00662,0.00095,0.00004,0.99237,0.00000,0.00000,0.00001,0.00000,0.00000
206.22000,1.02194,0.01425,0.00093,0.00013,0.98467,0.00000,0.00000,0.00002,0.00000,0.00000
206.36000,1.02194,0.01260,0.00085,0.00014,0.98638,0.00000,0.00000,0.00002,0.00000,0.00000
206.50000,1.02194,0.01037,0.00049,0.00007,0.98907,0.00000,0.00000,0.00001,0.00000,0.00000
206.64000,1.02194,0.00489,0.00050,0.00008,0.99452,0.00000,0.00000,0.00000,0.00000,0.00000
206.78000,1.02194,0.00207,0.00045,0.00005,0.99743,0.00000,0.00000,0.00000,0.00000,0.00000
206.92000,1.02194,0.00054,0.00010,0.00000,0.99935,0.00000,0.00000,0.00000,0.00000,0.00000
207.06000,1.02194,0.00044,0.00003,0.00000,0.99954,0.00000,0.00000,0.00000,0.00000,0.00000
207.20000,1.02194,0.00013,0.00006,0.00000,0.99981,0.00000,0.00000,0.00000,0.00000,0.00000
207.34000,1.02194,0.00005,0.00004,0.00000,0.99991,0.00000,0.00000,0.00000,0.00000,0.00000
207.48000,1.02194,0.00005,0.00016,0.00000,0.99979,0.00000,0.00000,0.00000,0.00000,0.00000
207.62000,1.02194,0.00004,0.00022,0.00000,0.99974,0.00000,0.00000,0.00000,0.00000,0.00000
207.75999,1.02194,0.00006,0.00017,0.00000,0.99977,0.00000,0.00000,0.00000,0.00000,0.00000
207.89999,1.02194,0.00007,0.00019,0.00000,0.99974,0.00000,0.00000,0.00000,0.00000,0.00000
208.03999,1.02194,0.00008,0.00146,0.00000,0.99846,0.00000,0.00000,0.00000,0.00000,0.00000
208.17999,1.02194,0.00013,0.00070,0.00000,0.99917,0.00000,0.00000,0.00000,0.00000,0.00000
208.32001,1.02193,0.00014,0.00044,0.00000,0.99942,0.00000,0.00000,0.00000,0.00000,0.00000
208.46001,1.02193,0.00010,0.00016,0.00000,0.99974,0.00000,0.00000,0.00000,0.00000,0.00000
208.60001,1.02193,0.00014,0.00004,0.00000,0.99982,0.00000,0.00000,0.00000,0.00000,0.00000
208.74001,1.02193,0.00013,0.00012,0.00000,0.99975,0.00000,0.00000,0.00000,0.00000,0.00000
208.88000,1.02193,0.00020,0.00009,0.00000,0.99971,0.00000,0.00000,0.00000,0.00000,0.00000
209.02000,1.02193,0.00016,0.00007,0.00000,0.99977,0.00000,0.00000,0.00000,0.00000,0.00000
209.16000,1.02193,0.00023,0.00054,0.00000,0.99923,0.00000,0.00000,0.00000,0.00000,0.00000
209.30000,1.02193,0.00018,0.00005,0.00000,0.99977,0.00000,0.00000,0.00000,0.00000,0.00000
209.44000,1.02194,0.00022,0.00003,0.00000,0.99976,0.00000,0.00000,0.00000,0.00000,0.00000
209.58000,1.02194,0.00020,0.00006,0.00000,0.99974,0.00000,0.00000,0.00000,0.00000,0.00000
209.72000,1.02194,0.00021,0.00008,0.00000,0.99970,0.00000,0.00000,0.00000,0.00000,0.00000
209.86000,1.02194,0.00017,0.00006,0.00000,0.99977,0.00000,0.00000,0.00000,0.00000,0.00000
210.00000,1.02194,0.00024,0.00012,0.00000,0.99964,0.00000,0.00000,0.00000,0.00000,0.00000
210.14000,1.02194,0.00020,0.00005,0.00000,0.99975,0.00000,0.00000,0.00000,0.00000,0.00000
210.28000,1.02194,0.00019,0.00009,0.00000,0.99972,0.00000,0.00000,0.00000,0.00000,0.00000
210.42000,1.02194,0.00018,0.00012,0.00000,0.99969,0.00000,0.00000,0.00000,0.00000,0.00000
210.56000,1.02194,0.00014,0.00007,0.00000,0.99978,0.00000,0.00000,0.00000,0.00000,0.00000
210.70000,1.02194,0.00017,0.00008,0.00000,0.99975,0.00000,0.00000,0.00000,0.00000,0.00000
210.84000,1.02194,0.00018,0.00003,0.00000,0.99979,0.00000,0.00000,0.00000,0.00000,0.00000
210.98000,1.02194,0.00014,0.00003,0.00000,0.99982,0.00000,0.00000,0.00000,0.00000,0.00000
211.12000,1.02194,0.00013,0.00003,0.00000,0.99984,0.00000,0.00000,0.00000,0.00000,0.00000
211.25999,1.02194,0.00011,0.00012,0.00000,0.99977,0.00000,0.00000,0.00000,0.00000,0.00000
211.39999,1.02194,0.00009,0.00005,0.00000,0.99986,0.00000,0.00000,0.00000,0.00000,0.00000
211.53999,1.02194,0.00010,0.00002,0.00000,0.99988,0.00000,0.00000,0.00000,0.00000,0.00000
211.67999,1.02194,0.00012,0.00004,0.00000,0.99984,0.00000,0.00000,0.00000,0.00000,0.00000
211.82001,1.02193,0.00014,0.00004,0.00000,0.99983,0.00000,0.00000,0.00000,0.00000,0.00000
211.96001,1.02193,0.00013,0.00007,0.00000,0.99980,0.00000,0.00000,0.00000,0.00000,0.00000
212.10001,1.02193,0.00018,0.00007,0.00000,0.99975,0.00000,0.00000,0.00000,0.00000,0.00000
212.24001,1.02193,0.00028,0.00005,0.00000,0.99966,0.00000,0.00000,0.00000,0.00000,0.00000
212.38000,1.02193,0.00038,0.00004,0.00000,0.99957,0.00000,0.00000,0.00000,0.00000,0.00000
212.52000,1.02193,0.00040,0.00006,0.00000,0.99954,0.00000,0.00000,0.00000,0.00000,0.00000
212.66000,1.02193,0.00045,0.00007,0.00000,0.99948,0.00000,0.00000,0.00000,0.00000,0.00000
212.80000,1.02193,0.00042,0.00025,0.00001,0.99933,0.00000,0.00000,0.00000,0.00000,0.00000
212.94000,1.02194,0.00045,0.00003,0.00000,0.99953,0.00000,0.00000,0.00000,0.00000,0.00000
213.08000,1.02194,0.00040,0.00006,0.00000,0.99954,0.00000,0.00000,0.00000,0.00000,0.00000
213.22000,1.02194,0.00030,0.00014,0.00000,0.99956,0.00000,0.00000,0.00000,0.00000,0.00000
213.36000,1.02194,0.00014,0.00003,0.00000,0.99983,0.00000,0.00000,0.00000,0.00000,0.00000
213.50000,1.02194,0.00014,0.00003,0.00000,0.99983,0.00000,0.00000,0.00000,0.00000,0.00000
213.64000,1.02194,0.00016,0.00004,0.00000,0.99980,0.00000,0.00000,0.00000,0.00000,0.00000
213.78000,1.02194,0.00014,0.00001,0.00000,0.99985,0.00000,0.00000,0.00000,0.00000,0.00000
213.92000,1.02194,0.00013,0.00003,0.00000,0.99984,0.00000,0.00000,0.00000,0.00000,0.00000
214.06000,1.02194,0.00012,0.00015,0.00000,0.99973,0.00000,0.00000,0.00000,0.00000,0.00000
214.20000,1.02194,0.00024,0.00006,0.00000,0.99970,0.00000,0.00000,0.00000,0.00000,0.00000
214.34000,1.02194,0.00019,0.00014,0.00000,0.99967,0.00000,0.00000,0.00000,0.00000,0.00000
214.48000,1.02194,0.00020,0.00004,0.00000,0.99975,0.00000,0.00000,0.00000,0.00000,0.00000
214.62000,1.02194,0.00023,0.00002,0.00000,0.99975,0.00000,0.00000,0.00000,0.00000,0.00000
214.75999,1.02194,0.00027,0.00001,0.00000,0.99972,0.00000,0.00000,0.00000,0.00000,0.00000
214.89999,1.02194,0.00026,0.00007,0.00000,0.99967,0.00000,0.00000,0.00000,0.00000,0.00000
215.03999,1.02194,0.00027,0.00001,0.00000,0.99972,0.00000,0.00000,0.00000,0.00000,0.00000
215.17999,1.02194,0.00035,0.00004,0.00000,0.99961,0.00000,0.00000,0.00000,0.00000,0.00000
215.32001,1.02193,0.00034,0.00012,0.00000,0.99954,0.00000,0.00000,0.00000,0.00000,0.00000
215.46001,1.02193,0.00021,0.00018,0.00000,0.99961,0.00000,0.00000,0.00000,0.00000,0.00000
215.60001,1.02193,0.00015,0.00003,0.00000,0.99982,0.00000,0.00000,0.00000,0.00000,0.00000
215.74001,1.02193,0.00006,0.00009,0.00000,0.99985,0.00000,0.00000,0.00000,0.00000,0.00000
215.88000,1.02193,0.00005,0.00002,0.00000,0.99994,0.00000,0.00000,0.00000,0.00000,0.00000
216.02000,1.02193,0.00004,0.00002,0.00000,0.99994,0.00000,0.00000,0.00000,0.00000,0.00000
216.16000,1.02193,0.00005,0.00002,0.00000,0.99993,0.00000,0.00000,0.00000,0.00000,0.00000
216.30000,1.02193,0.00007,0.00003,0.00000,0.99989,0.00000,0.00000,0.00000,0.00000,0.00000
216.44000,1.02194,0.00017,0.00004,0.00000,0.99979,0.00000,0.00000,0.00000,0.00000,0.00000
216.58000,1.02194,0.00046,0.00016,0.00000,0.99938,0.00000,0.00000,0.00000,0.00000,0.00000
216.72000,1.02194,0.00071,0.00015,0.00000,0.99914,0.00000,0.00000,0.00000,0.00000,0.00000
216.86000,1.02194,0.00058,0.00027,0.00001,0.99914,0.00000,0.00000,0.00000,0.00000,0.00000
217.00000,1.02194,0.00073,0.00024,0.00001,0.99902,0.00000,0.00000,0.00000,0.00000,0.00000
217.14000,1.02194,0.00054,0.00005,0.00000,0.99941,0.00000,0.00000,0.00000,0.00000,0.00000
217.28000,1.02194,0.00043,0.00003,0.00000,0.99954,0.00000,0.00000,0.00000,0.00000,0.00000
217.42000,1.02194,0.00030,0.00004,0.00000,0.99966,0.00000,0.00000,0.00000,0.00000,0.00000
217.56000,1.02194,0.00050,0.00006,0.00000,0.99944,0.00000,0.00000,0.00000,0.00000,0.00000
217.70000,1.02194,0.00088,0.00007,0.00000,0.99905,0.00000,0.00000,0.00000,0.00000,0.00000
217.84000,1.02194,0.00078,0.00005,0.00000,0.99916,0.00000,0.00000,0.00000,0.00000,0.00000
217.98000,1.02194,0.00122,0.00009,0.00000,0.99868,0.00000,0.00000,0.00000,0.00000,0.00000
218.12000,1.02194,0.00168,0.00039,0.00003,0.99789,0.00000,0.00000,0.00000,0.00000,0.00000
218.25999,1.02194,0.00175,0.00023,0.00001,0.99801,0.00000,0.00000,0.00000,0.00000,0.00000
218.39999,1.02194,0.00179,0.00018,0.00001,0.99803,0.00000,0.00000,0.00000,0.00000,0.00000
218.53999,1.02194,0.00210,0.00015,0.00000,0.99775,0.00000,0.00000,0.00000,0.00000,0.00000
218.67999,1.02194,0.00256,0.00028,0.00001,0.99715,0.00000,0.00000,0.00000,0.00000,0.00000
218.82001,1.02193,0.00316,0.00034,0.00001,0.99648,0.00000,0.00000,0.00000,0.00000,0.00000
218.96001,1.02193,0.00281,0.00063,0.00002,0.99655,0.00000,0.00000,0.00000,0.00000,0.00000
219.10001,1.02193,0.00277,0.00051,0.00001,0.99671,0.00000,0.00000,0.00000,0.00000,0.00000
219.24001,1.02193,0.00199,0.00044,0.00001,0.99756,0.00000,0.00000,0.00000,0.00000,0.00000
219.38000,1.02193,0.00096,0.00023,0.00000,0.99881,0.00000,0.00000,0.00000,0.00000,0.00000
219.52000,1.02193,0.00082,0.00008,0.00000,0.99910,0.00000,0.00000,0.00000,0.00000,0.00000
219.66000,1.02193,0.00031,0.00009,0.00000,0.99960,0.00000,0.00000,0.00000,0.00000,0.00000
219.80000,1.02193,0.00009,0.00008,0.00000,0.99983,0.00000,0.00000,0.00000,0.00000,0.00000
219.94000,1.02194,0.00009,0.00004,0.00000,0.99987,0.00000,0.00000,0.00000,0.00000,0.00000
220.08000,1.02194,0.00005,0.00003,0.00000,0.99992,0.00000,0.00000,0.00000,0.00000,0.00000
220.22000,1.02194,0.00003,0.00003,0.00000,0.99994,0.00000,0.00000,0.00000,0.00000,0.00000
220.36000,1.02194,0.00002,0.00001,0.00000,0.99996,0.00000,0.00000,0.00000,0.00000,0.00000
220.50000,1.02194,0.00002,0.00003,0.00000,0.99994,0.00000,0.00000,0.00000,0.00000,0.00000
220.64000,1.02194,0.00005,0.00008,0.00000,0.99987,0.00000,0.00000,0.00000,0.00000,0.00000
220.78000,1.02194,0.00005,0.00011,0.00000,0.99984,0.00000,0.00000,0.00000,0.00000,0.00000
220.92000,1.02194,0.00007,0.00010,0.00000,0.99983,0.00000,0.00000,0.00000,0.00000,0.00000
221.06000,1.02194,0.00011,0.00014,0.00000,0.99975,0.00000,0.00000,0.00000,0.00000,0.00000
221.20000,1.02194,0.00012,0.00007,0.00000,0.99981,0.00000,0.00000,0.00000,0.00000,0.00000
221.34000,1.02194,0.00017,0.00005,0.00000,0.99978,0.00000,0.00000,0.00000,0.00000,0.00000
221.48000,1.02194,0.00018,0.00023,0.00000,0.99959,0.00000,0.00000,0.00000,0.00000,0.00000
221.62000,1.02194,0.00016,0.00013,0.00000,0.99970,0.00000,0.00000,0.00000,0.00000,0.00000
221.75999,1.02194,0.00022,0.00007,0.00000,0.99971,0.00000,0.00000,0.00000,0.00000,0.00000
221.89999,1.02194,0.00032,0.00027,0.00000,0.99941,0.00000,0.00000,0.00000,0.00000,0.00000
222.03999,1.02194,0.00025,0.00031,0.00000,0.99944,0.00000,0.00000,0.00000,0.00000,0.00000
222.17999,1.02194,0.00016,0.00011,0.00000,0.99974,0.00000,0.00000,0.00000,0.00000,0.00000
222.32001,1.02193,0.00014,0.00016,0.00000,0.99970,0.00000,0.00000,0.00000,0.00000,0.00000
222.46001,1.02193,0.00023,0.00007,0.00000,0.99970,0.00000,0.00000,0.00000,0.00000,0.00000
222.60001,1.02193,0.00019,0.00007,0.00000,0.99973,0.00000,0.00000,0.00000,0.00000,0.00000
222.74001,1.02193,0.00018,0.00007,0.00000,0.99976,0.00000,0.00000,0.00000,0.00000,0.00000
222.88000,1.02193,0.00034,0.00078,0.00000,0.99888,0.00000,0.00000,0.00000,0.00000,0.00000
223.02000,1.02193,0.00038,0.00029,0.00000,0.99933,0.00000,0.00000,0.00000,0.00000,0.00000
223.16000,1.02193,0.00090,0.00043,0.00000,0.99866,0.00000,0.00000,0.00000,0.00000,0.00000
223.30000,1.02193,0.00142,0.00075,0.00001,0.99782,0.00000,0.00000,0.00000,0.00000,0.00000
223.44000,1.02194,0.00221,0.00181,0.00001,0.99597,0.00000,0.00000,0.00000,0.00000,0.00000
223.58000,1.02194,0.00294,0.00368,0.00004,0.99333,0.00000,0.00000,0.00000,0.00000,0.00000
223.72000,1.02194,0.00306,0.00133,0.00001,0.99560,0.00000,0.00000,0.00000,0.00000,0.00000
223.86000,1.02194,0.00322,0.00070,0.00001,0.99607,0.00000,0.00000,0.00000,0.00000,0.00000
224.00000,1.02194,0.00217,0.00172,0.00004,0.99606,0.00000,0.00000,0.00000,0.00000,0.00000
224.14000,1.02194,0.00100,0.00041,0.00000,0.99859,0.00000,0.00000,0.00000,0.00000,0.00000
224.28000,1.02194,0.00061,0.00014,0.00000,0.99924,0.00000,0.00000,0.00000,0.00000,0.00000
224.42000,1.02194,0.00031,0.00030,0.00000,0.99940,0.00000,0.00000,0.00000,0.00000,0.00000
224.56000,1.02194,0.00014,0.00009,0.00000,0.99977,0.00000,0.00000,0.00000,0.00000,0.00000
224.70000,1.02194,0.00012,0.00003,0.00000,0.99984,0.00000,0.00000,0.00000,0.00000,0.00000
224.84000,1.02194,0.00015,0.00014,0.00000,0.99972,0.00000,0.00000,0.00000,0.00000,0.00000
224.98000,1.02194,0.00014,0.00010,0.00000,0.99976,0.00000,0.00000,0.00000,0.00000,0.00000
225.12000,1.02194,0.00027,0.00010,0.00000,0.99963,0.00000,0.00000,0.00000,0.00000,0.00000
225.25999,1.02194,0.00041,0.00025,0.00000,0.99933,0.00000,0.00000,0.00000,0.00000,0.00000
225.39999,1.02194,0.00093,0.00020,0.00000,0.99887,0.00000,0.00000,0.00000,0.00000,0.00000
225.53999,1.02194,0.00195,0.00027,0.00000,0.99777,0.00000,0.00000,0.00000,0.00000,0.00000
225.67999,1.02194,0.00202,0.00024,0.00000,0.99773,0.00000,0.00000,0.00000,0.00000,0.00000
225.82001,1.02193,0.00175,0.00048,0.00000,0.99777,0.00000,0.00000,0.00000,0.00000,0.00000
225.96001,1.02193,0.00160,0.00105,0.00000,0.99735,0.00000,0.00000,0.00000,0.00000,0.00000
226.10001,1.02193,0.00192,0.00057,0.00000,0.99751,0.00000,0.00000,0.00000,0.00000,0.00000
226.24001,1.02193,0.00412,0.00404,0.00000,0.99183,0.00000,0.00000,0.00001,0.00000,0.00000
226.38000,1.02193,0.00288,0.00103,0.00000,0.99608,0.00000,0.00000,0.00002,0.00000,0.00000
226.52000,1.02193,0.00301,0.00096,0.00000,0.99601,0.00000,0.00000,0.00002,0.00000,0.00000
226.66000,1.02193,0.00378,0.01347,0.00000,0.98272,0.00000,0.00000,0.00002,0.00000,0.00000
226.80000,1.02193,0.00423,0.00610,0.00001,0.98964,0.00000,0.00000,0.00001,0.00000,0.00000
226.94000,1.02194,0.00653,0.00412,0.00001,0.98932,0.00000,0.00000,0.00001,0.00000,0.00000
227.08000,1.02194,0.00226,0.00094,0.00001,0.99678,0.00000,0.00000,0.00000,0.00000,0.00000
227.22000,1.02194,0.00130,0.00039,0.00002,0.99830,0.00000,0.00000,0.00000,0.00000,0.00000
227.36000,1.02194,0.00157,0.00019,0.00001,0.99823,0.00000,0.00000,0.00000,0.00000,0.00000
227.50000,1.02194,0.00207,0.00016,0.00001,0.99776,0.00000,0.00000,0.00000,0.00000,0.00000
227.64000,1.02194,0.00167,0.00076,0.00004,0.99752,0.00000,0.00000,0.00000,0.00000,0.00000
227.78000,1.02194,0.00266,0.00241,0.00003,0.99490,0.00000,0.00000,0.00000,0.00000,0.00000
227.92000,1.02194,0.00909,0.01527,0.00006,0.97557,0.00000,0.00000,0.00001,0.00000,0.00000
228.06000,1.02194,0.00832,0.00885,0.00003,0.98278,0.00000,0.00000,0.00001,0.00000,0.00000
228.20000,1.02194,0.00838,0.01791,0.00008,0.97360,0.00000,0.00000,0.00001,0.00000,0.00000
228.34000,1.02194,0.01072,0.00236,0.00000,0.98689,0.00000,0.00000,0.00003,0.00000,0.00000
228.48000,1.02194,0.01399,0.01346,0.00001,0.97247,0.00000,0.00000,0.00006,0.00000,0.00000
228.62000,1.02194,0.01741,0.02056,0.00003,0.96196,0.00000,0.00000,0.00003,0.00000,0.00000
228.75999,1.02194,0.01017,0.00481,0.00002,0.98498,0.00000,0.00000,0.00001,0.00000,0.00000
228.89999,1.02194,0.00832,0.00140,0.00004,0.99023,0.00000,0.00000,0.00001,0.00000,0.00000
229.03999,1.02194,0.01242,0.00257,0.00011,0.98487,0.00000,0.00000,0.00002,0.00000,0.00000
229.17999,1.02194,0.01591,0.00123,0.00013,0.98270,0.00000,0.00000,0.00002,0.00000,0.00000
229.32001,1.02193,0.01349,0.00182,0.00030,0.98437,0.00000,0.00000,0.00002,0.00000,0.00000
229.46001,1.02193,0.01170,0.00128,0.00016,0.98685,0.00000,0.00000,0.00002,0.00000,0.00000
229.60001,1.02193,0.01151,0.00072,0.00010,0.98766,0.00000,0.00000,0.00001,0.00000,0.00000
229.74001,1.02193,0.00911,0.00058,0.00005,0.99025,0.00000,0.00000,0.00001,0.00000,0.00000
229.88000,1.02193,0.00649,0.00037,0.00002,0.99311,0.00000,0.00000,0.00001,0.00000,0.00000
230.02000,1.02193,0.00722,0.00031,0.00002,0.99245,0.00000,0.00000,0.00001,0.00000,0.00000
230.16000,1.02193,0.00767,0.00031,0.00002,0.99200,0.00000,0.00000,0.00001,0.00000,0.00000
230.30000,1.02193,0.00902,0.00037,0.00003,0.99057,0.00000,0.00000,0.00001,0.00000,0.00000
230.44000,1.02194,0.00926,0.00048,0.00005,0.99020,0.00000,0.00000,0.00001,0.00000,0.00000
230.58000,1.02194,0.00666,0.00052,0.00005,0.99276,0.00000,0.00000,0.00001,0.00000,0.00000
230.72000,1.02194,0.00510,0.00074,0.00012,0.99404,0.00000,0.00000,0.00000,0.00000,0.00000
230.86000,1.02194,0.00317,0.00081,0.00007,0.99595,0.00000,0.00000,0.00000,0.00000,0.00000
231.00000,1.02194,0.00137,0.00022,0.00000,0.99841,0.00000,0.00000,0.00000,0.00000,0.00000
231.14000,1.02194,0.00127,0.00011,0.00000,0.99862,0.00000,0.00000,0.00000,0.00000,0.00000
231.28000,1.02194,0.00111,0.00030,0.00000,0.99859,0.00000,0.00000,0.00000,0.00000,0.00000
231.42000,1.02194,0.00135,0.00010,0.00000,0.99855,0.00000,0.00000,0.00000,0.00000,0.00000
231.56000,1.02194,0.00080,0.00037,0.00001,0.99881,0.00000,0.00000,0.00000,0.00000,0.00000
231.70000,1.02194,0.00082,0.00030,0.00000,0.99887,0.00000,0.00000,0.00000,0.00000,0.00000
231.84000,1.02194,0.00073,0.00006,0.00000,0.99921,0.00000,0.00000,0.00000,0.00000,0.00000
231.98000,1.02194,0.00071,0.00007,0.00000,0.99922,0.00000,0.00000,0.00000,0.00000,0.00000
232.12000,1.02194,0.00068,0.00004,0.00000,0.99928,0.00000,0.00000,0.00000,0.00000,0.00000
232.25999,1.02194,0.00051,0.00002,0.00000,0.99947,0.00000,0.00000,0.00000,0.00000,0.00000
232.39999,1.02194,0.00049,0.00002,0.00000,0.99949,0.00000,0.00000,0.00000,0.00000,0.00000
232.53999,1.02194,0.00080,0.00003,0.00000,0.99917,0.00000,0.00000,0.00000,0.00000,0.00000
232.67999,1.02194,0.00114,0.00003,0.00000,0.99883,0.00000,0.00000,0.00000,0.00000,0.00000
232.82001,1.02193,0.00069,0.00010,0.00000,0.99921,0.00000,0.00000,0.00000,0.00000,0.00000
232.96001,1.02193,0.00074,0.00001,0.00000,0.99925,0.00000,0.00000,0.00000,0.00000,0.00000
233.10001,1.02193,0.00095,0.00001,0.00000,0.99903,0.00000,0.00000,0.00000,0.00000,0.00000
233.24001,1.02193,0.00110,0.00025,0.00001,0.99864,0.00000,0.00000,0.00000,0.00000,0.00000
233.38000,1.02193,0.00145,0.00009,0.00000,0.99845,0.00000,0.00000,0.00000,0.00000,0.00000
233.52000,1.02193,0.00256,0.00010,0.00000,0.99734,0.00000,0.00000,0.00000,0.00000,0.00000
233.66000,1.02193,0.00652,0.00033,0.00001,0.99313,0.00000,0.00000,0.00001,0.00000,0.00000
233.80000,1.02193,0.01249,0.00028,0.00003,0.98719,0.00000,0.00000,0.00001,0.00000,0.00000
233.94000,1.02194,0.01833,0.00037,0.00007,0.98121,0.00000,0.00000,0.00001,0.00000,0.00000
234.08000,1.02194,0.02968,0.00131,0.00025,0.96872,0.00001,0.00000,0.00004,0.00000,0.00000
234.22000,1.02194,0.05909,0.00086,0.00047,0.93949,0.00001,0.00000,0.00006,0.00000,0.00002
234.36000,1.02194,0.05912,0.00084,0.00062,0.93934,0.00001,0.00000,0.00006,0.00000,0.00002
234.50000,1.02194,0.05316,0.00070,0.00058,0.94549,0.00001,0.00000,0.00005,0.00000,0.00001
234.64000,1.02194,0.05308,0.00111,0.00067,0.94506,0.00001,0.00000,0.00006,0.00000,0.00002
234.78000,1.02194,0.05250,0.00145,0.00090,0.94508,0.00001,0.00000,0.00005,0.00000,0.00001
234.92000,1.02194,0.05215,0.00110,0.00058,0.94609,0.00001,0.00000,0.00005,0.00000,0.00001
235.06000,1.02194,0.04695,0.00192,0.00089,0.95016,0.00001,0.00000,0.00005,0.00000,0.00001
235.20000,1.02194,0.03827,0.00151,0.00056,0.95960,0.00001,0.00000,0.00004,0.00000,0.00001
235.34000,1.02194,0.01984,0.00236,0.00102,0.97674,0.00001,0.00000,0.00001,0.00000,0.00000
235.48000,1.02194,0.01761,0.00615,0.00056,0.97567,0.00000,0.00000,0.00001,0.00000,0.00000
235.62000,1.02194,0.00599,0.00039,0.00001,0.99360,0.00000,0.00000,0.00000,0.00000,0.00000
235.75999,1.02194,0.00489,0.00029,0.00001,0.99481,0.00000,0.00000,0.00000,0.00000,0.00000
235.89999,1.02194,0.00267,0.00022,0.00000,0.99711,0.00000,0.00000,0.00000,0.00000,0.00000
236.03999,1.02194,0.00192,0.00008,0.00000,0.99799,0.00000,0.00000,0.00000,0.00000,0.00000
236.17999,1.02194,0.00155,0.00018,0.00000,0.99826,0.00000,0.00000,0.00000,0.00000,0.00000
236.32001,1.02193,0.00191,0.00040,0.00001,0.99768,0.00000,0.00000,0.00000,0.00000,0.00000
236.46001,1.02193,0.00553,0.00118,0.00002,0.99327,0.00000,0.00000,0.00000,0.00000,0.00000
236.60001,1.02193,0.00347,0.00031,0.00000,0.99622,0.00000,0.00000,0.00000,0.00000,0.00000
236.74001,1.02193,0.00435,0.00032,0.00000,0.99532,0.00000,0.00000,0.00000,0.00000,0.00000
236.88000,1.02193,0.00576,0.00329,0.00002,0.99092,0.00000,0.00000,0.00000,0.00000,0.00000
237.02000,1.02193,0.00259,0.00024,0.00000,0.99716,0.00000,0.00000,0.00000,0.00000,0.00000
237.16000,1.02193,0.00310,0.00036,0.00000,0.99653,0.00000,0.00000,0.00000,0.00000,0.00000
237.30000,1.02193,0.00316,0.00366,0.00002,0.99316,0.00000,0.00000,0.00000,0.00000,0.00000
237.44000,1.02194,0.00177,0.00027,0.00000,0.99796,0.00000,0.00000,0.00000,0.00000,0.00000
237.58000,1.02194,0.00201,0.00023,0.00000,0.99775,0.00000,0.00000,0.00000,0.00000,0.00000
237.72000,1.02194,0.00286,0.00048,0.00000,0.99666,0.00000,0.00000,0.00000,0.00000,0.00000
237.86000,1.02194,0.00261,0.00036,0.00001,0.99702,0.00000,0.00000,0.00000,0.00000,0.00000
238.00000,1.02194,0.00352,0.00032,0.00000,0.99615,0.00000,0.00000,0.00000,0.00000,0.00000
238.14000,1.02194,0.00625,0.00118,0.00001,0.99255,0.00000,0.00000,0.00001,0.00000,0.00000
238.28000,1.02194,0.00676,0.00118,0.00003,0.99203,0.00000,0.00000,0.00001,0.00000,0.00000
238.42000,1.02194,0.00938,0.00224,0.00010,0.98827,0.00000,0.00000,0.00001,0.00000,0.00000
238.56000,1.02194,0.00808,0.00443,0.00012,0.98736,0.00000,0.00000,0.00001,0.00000,0.00000
238.70000,1.02194,0.01363,0.01011,0.00024,0.97600,0.00000,0.00000,0.00001,0.00000,0.00000
238.84000,1.02194,0.00932,0.00152,0.00003,0.98911,0.00000,0.00000,0.00001,0.00000,0.00000
238.98000,1.02194,0.00808,0.00147,0.00004,0.99040,0.00000,0.00000,0.00001,0.00000,0.00000
239.12000,1.02194,0.00639,0.00094,0.00001,0.99265,0.00000,0.00000,0.00001,0.00000,0.00000
239.25999,1.02194,0.00594,0.00264,0.00005,0.99136,0.00000,0.00000,0.00001,0.00000,0.00000
239.39999,1.02194,0.00327,0.00081,0.00001,0.99591,0.00000,0.00000,0.00000,0.00000,0.00000
239.53999,1.02194,0.00239,0.00078,0.00001,0.99682,0.00000,0.00000,0.00000,0.00000,0.00000
239.67999,1.02194,0.00218,0.00039,0.00001,0.99742,0.00000,0.00000,0.00000,0.00000,0.00000
239.82001,1.02193,0.00236,0.00044,0.00000,0.99720,0.00000,0.00000,0.00000,0.00000,0.00000
239.96001,1.02193,0.00344,0.00039,0.00001,0.99616,0.00000,0.00000,0.00000,0.00000,0.00000
240.10001,1.02193,0.00246,0.00193,0.00003,0.99556,0.00000,0.00000,0.00000,0.00000,0.00000
240.24001,1.02193,0.00257,0.00225,0.00002,0.99515,0.00000,0.00000,0.00000,0.00000,0.00000
240.38000,1.02193,0.00305,0.00182,0.00002,0.99510,0.00000,0.00000,0.00000,0.00000,0.00000
240.52000,1.02193,0.00420,0.00066,0.00001,0.99511,0.00000,0.00000,0.00001,0.00000,0.00000
240.66000,1.02193,0.00305,0.00041,0.00001,0.99653,0.00000,0.00000,0.00000,0.00000,0.00000
240.80000,1.02193,0.00301,0.00027,0.00000,0.99672,0.00000,0.00000,0.00001,0.00000,0.00000
240.94000,1.02194,0.00258,0.00082,0.00000,0.99659,0.00000,0.00000,0.00000,0.00000,0.00000
241.08000,1.02194,0.00353,0.00102,0.00001,0.99543,0.00000,0.00000,0.00001,0.00000,0.00000
241.22000,1.02194,0.00330,0.00204,0.00003,0.99462,0.00000,0.00000,0.00000,0.00000,0.00000
241.36000,1.02194,0.00229,0.00047,0.00000,0.99724,0.00000,0.00000,0.00000,0.00000,0.00000
241.50000,1.02194,0.00210,0.00068,0.00001,0.99721,0.00000,0.00000,0.00000,0.00000,0.00000
241.64000,1.02194,0.00179,0.00030,0.00000,0.99791,0.00000,0.00000,0.00000,0.00000,0.00000
241.78000,1.02194,0.00253,0.00044,0.00000,0.99702,0.00000,0.00000,0.00000,0.00000,0.00000
241.92000,1.02194,0.00208,0.00073,0.00001,0.99717,0.00000,0.00000,0.00000,0.00000,0.00000
242.06000,1.02194,0.00132,0.00112,0.00001,0.99756,0.00000,0.00000,0.00000,0.00000,0.00000
242.20000,1.02194,0.00125,0.00035,0.00000,0.99839,0.00000,0.00000,0.00000,0.00000,0.00000
242.34000,1.02194,0.00108,0.00150,0.00001,0.99741,0.00000,0.00000,0.00000,0.00000,0.00000
242.48000,1.02194,0.00106,0.00091,0.00001,0.99802,0.00000,0.00000,0.00000,0.00000,0.00000
242.62000,1.02194,0.00069,0.00096,0.00000,0.99834,0.00000,0.00000,0.00000,0.00000,0.00000
242.75999,1.02194,0.00072,0.00209,0.00001,0.99718,0.00000,0.00000,0.00000,0.00000,0.00000
242.89999,1.02194,0.00116,0.00267,0.00001,0.99616,0.00000,0.00000,0.00000,0.00000,0.00000
243.03999,1.02194,0.00088,0.00247,0.00001,0.99664,0.00000,0.00000,0.00000,0.00000,0.00000
243.17999,1.02194,0.00089,0.00481,0.00002,0.99427,0.00000,0.00000,0.00000,0.00000,0.00000
243.32001,1.02193,0.00069,0.00224,0.00001,0.99706,0.00000,0.00000,0.00000,0.00000,0.00000
243.46001,1.02193,0.00073,0.00196,0.00001,0.99730,0.00000,0.00000,0.00000,0.00000,0.00000
243.60001,1.02193,0.00081,0.00056,0.00000,0.99862,0.00000,0.00000,0.00000,0.00000,0.00000
243.74001,1.02193,0.00090,0.00049,0.00000,0.99860,0.00000,0.00000,0.00000,0.00000,0.00000
243.88000,1.02193,0.00158,0.00057,0.00001,0.99783,0.00000,0.00000,0.00000,0.00000,0.00000
244.02000,1.02193,0.00143,0.00067,0.00002,0.99788,0.00000,0.00000,0.00000,0.00000,0.00000
244.16000,1.02193,0.00225,0.00018,0.00000,0.99756,0.00000,0.00000,0.00000,0.00000,0.00000
244.30000,1.02193,0.00256,0.00026,0.00001,0.99716,0.00000,0.00000,0.00000,0.00000,0.00000
244.44000,1.02194,0.00316,0.00018,0.00001,0.99665,0.00000,0.00000,0.00000,0.00000,0.00000
244.58000,1.02194,0.00384,0.00016,0.00001,0.99599,0.00000,0.00000,0.00000,0.00000,0.00000
244.72000,1.02194,0.00404,0.00054,0.00002,0.99540,0.00000,0.00000,0.00000,0.00000,0.00000
244.86000,1.02194,0.00288,0.00059,0.00001,0.99652,0.00000,0.00000,0.00000,0.00000,0.00000
245.00000,1.02194,0.00479,0.00067,0.00001,0.99453,0.00000,0.00000,0.00001,0.00000,0.00000
245.14000,1.02194,0.00551,0.00090,0.00001,0.99357,0.00000,0.00000,0.00001,0.00000,0.00000
245.28000,1.02194,0.00549,0.00084,0.00001,0.99366,0.00000,0.00000,0.00001,0.00000,0.00000
245.42000,1.02194,0.00571,0.00093,0.00002,0.99333,0.00000,0.00000,0.00001,0.00000,0.00000
245.56000,1.02194,0.00742,0.00167,0.00002,0.99088,0.00000,0.00000,0.00001,0.00000,0.00000
245.70000,1.02194,0.00536,0.00081,0.00004,0.99378,0.00000,0.00000,0.00001,0.00000,0.00000
245.84000,1.02194,0.00355,0.00056,0.00002,0.99587,0.00000,0.00000,0.00000,0.00000,0.00000
245.98000,1.02194,0.00292,0.00026,0.00001,0.99681,0.00000,0.00000,0.00000,0.00000,0.00000
246.12000,1.02194,0.00351,0.00031,0.00001,0.99617,0.00000,0.00000,0.00000,0.00000,0.00000
246.25999,1.02194,0.00454,0.00038,0.00001,0.99506,0.00000,0.00000,0.00000,0.00000,0.00000
246.39999,1.02194,0.00499,0.00052,0.00002,0.99447,0.00000,0.00000,0.00000,0.00000,0.00000
246.53999,1.02194,0.00739,0.00055,0.00003,0.99203,0.00000,0.00000,0.00001,0.00000,0.00000
246.67999,1.02194,0.00919,0.00136,0.00009,0.98935,0.00000,0.00000,0.00001,0.00000,0.00000
246.82001,1.02193,0.00835,0.00048,0.00003,0.99112,0.00000,0.00000,0.00001,0.00000,0.00000
246.96001,1.02193,0.00491,0.00030,0.00002,0.99476,0.00000,0.00000,0.00000,0.00000,0.00000
247.10001,1.02193,0.00217,0.00045,0.00001,0.99737,0.00000,0.00000,0.00000,0.00000,0.00000
247.24001,1.02193,0.00117,0.00008,0.00000,0.99874,0.00000,0.00000,0.00000,0.00000,0.00000
247.38000,1.02193,0.00131,0.00011,0.00000,0.99858,0.00000,0.00000,0.00000,0.00000,0.00000
247.52000,1.02193,0.00148,0.00012,0.00000,0.99840,0.00000,0.00000,0.00000,0.00000,0.00000
247.66000,1.02193,0.00147,0.00014,0.00000,0.99839,0.00000,0.00000,0.00000,0.00000,0.00000
247.80000,1.02193,0.00276,0.00071,0.00001,0.99652,0.00000,0.00000,0.00000,0.00000,0.00000
247.94000,1.02194,0.00210,0.00166,0.00006,0.99617,0.00000,0.00000,0.00000,0.00000,0.00000
248.08000,1.02194,0.00256,0.00015,0.00000,0.99729,0.00000,0.00000,0.00000,0.00000,0.00000
248.22000,1.02194,0.00246,0.00016,0.00000,0.99737,0.00000,0.00000,0.00000,0.00000,0.00000
248.36000,1.02194,0.00243,0.00013,0.00000,0.99743,0.00000,0.00000,0.00000,0.00000,0.00000
248.50000,1.02194,0.00196,0.00016,0.00000,0.99788,0.00000,0.00000,0.00000,0.00000,0.00000
248.64000,1.02194,0.00225,0.00010,0.00000,0.99765,0.00000,0.00000,0.00000,0.00000,0.00000
248.78000,1.02194,0.00208,0.00086,0.00004,0.99702,0.00000,0.00000,0.00000,0.00000,0.00000
248.92000,1.02194,0.00194,0.00029,0.00001,0.99776,0.00000,0.00000,0.00000,0.00000,0.00000
249.06000,1.02194,0.00149,0.00016,0.00000,0.99834,0.00000,0.00000,0.00000,0.00000,0.00000
249.20000,1.02194,0.00084,0.00023,0.00001,0.99891,0.00000,0.00000,0.00000,0.00000,0.00000
249.34000,1.02194,0.00102,0.00005,0.00000,0.99893,0.00000,0.00000,0.00000,0.00000,0.00000
249.48000,1.02194,0.00123,0.00004,0.00000,0.99873,0.00000,0.00000,0.00000,0.00000,0.00000
249.62000,1.02194,0.00130,0.00018,0.00000,0.99853,0.00000,0.00000,0.00000,0.00000,0.00000
249.75999,1.02194,0.00220,0.00013,0.00000,0.99766,0.00000,0.00000,0.00000,0.00000,0.00000
249.89999,1.02194,0.00313,0.00009,0.00000,0.99677,0.00000,0.00000,0.00000,0.00000,0.00000
250.03999,1.02194,0.00619,0.00069,0.00002,0.99309,0.00000,0.00000,0.00001,0.00000,0.00000
250.17999,1.02194,0.01165,0.00048,0.00003,0.98782,0.00000,0.00000,0.00002,0.00000,0.00000
250.32001,1.02193,0.00632,0.00039,0.00004,0.99324,0.00000,0.00000,0.00001,0.00000,0.00000
250.46001,1.02193,0.00486,0.00030,0.00002,0.99481,0.00000,0.00000,0.00000,0.00000,0.00000
250.60001,1.02193,0.00770,0.00073,0.00003,0.99152,0.00000,0.00000,0.00001,0.00000,0.00000
250.74001,1.02193,0.00806,0.00087,0.00004,0.99102,0.00000,0.00000,0.00001,0.00000,0.00000
250.88000,1.02193,0.00738,0.00062,0.00003,0.99196,0.00000,0.00000,0.00001,0.00000,0.00000
251.02000,1.02193,0.00641,0.00056,0.00002,0.99301,0.00000,0.00000,0.00001,0.00000,0.00000
251.16000,1.02193,0.00542,0.00156,0.00007,0.99294,0.00000,0.00000,0.00000,0.00000,0.00000
251.30000,1.02193,0.00592,0.00105,0.00003,0.99299,0.00000,0.00000,0.00001,0.00000,0.00000
251.44000,1.02194,0.00476,0.00094,0.00003,0.99427,0.00000,0.00000,0.00001,0.00000,0.00000
251.58000,1.02194,0.00424,0.00073,0.00002,0.99501,0.00000,0.00000,0.00001,0.00000,0.00000
251.72000,1.02194,0.00653,0.00069,0.00002,0.99275,0.00000,0.00000,0.00001,0.00000,0.00000
251.86000,1.02194,0.00442,0.00074,0.00003,0.99481,0.00000,0.00000,0.00000,0.00000,0.00000
252.00000,1.02194,0.00416,0.00073,0.00002,0.99509,0.00000,0.00000,0.00001,0.00000,0.00000
252.14000,1.02194,0.00529,0.00084,0.00004,0.99383,0.00000,0.00000,0.00001,0.00000,0.00000
252.28000,1.02194,0.00612,0.00139,0.00011,0.99237,0.00000,0.00000,0.00001,0.00000,0.00000
252.42000,1.02194,0.00779,0.00082,0.00004,0.99134,0.00000,0.00000,0.00001,0.00000,0.00000
252.56000,1.02194,0.00430,0.00065,0.00006,0.99498,0.00000,0.00000,0.00000,0.00000,0.00000
252.70000,1.02194,0.00326,0.00019,0.00000,0.99655,0.00000,0.00000,0.00000,0.00000,0.00000
252.84000,1.02194,0.00338,0.00011,0.00000,0.99651,0.00000,0.00000,0.00000,0.00000,0.00000
252.98000,1.02194,0.00305,0.00017,0.00001,0.99677,0.00000,0.00000,0.00000,0.00000,0.00000
253.12000,1.02194,0.00138,0.00014,0.00000,0.99849,0.00000,0.00000,0.00000,0.00000,0.00000
253.25999,1.02194,0.00134,0.00003,0.00000,0.99863,0.00000,0.00000,0.00000,0.00000,0.00000
253.39999,1.02194,0.00170,0.00004,0.00000,0.99826,0.00000,0.00000,0.00000,0.00000,0.00000
253.53999,1.02194,0.00268,0.00008,0.00000,0.99724,0.00000,0.00000,0.00000,0.00000,0.00000
253.67999,1.02194,0.00273,0.00014,0.00000,0.99713,0.00000,0.00000,0.00000,0.00000,0.00000
253.82001,1.02193,0.00630,0.00065,0.00000,0.99303,0.00000,0.00000,0.00001,0.00000,0.00000
253.96001,1.02193,0.01220,0.00072,0.00001,0.98706,0.00000,0.00000,0.00001,0.00000,0.00000
254.10001,1.02193,0.01967,0.00057,0.00001,0.97973,0.00000,0.00000,0.00002,0.00000,0.00000
254.24001,1.02193,0.01610,0.00918,0.00034,0.97435,0.00000,0.00000,0.00002,0.00000,0.00000
254.38000,1.02193,0.02265,0.07454,0.00234,0.90040,0.00001,0.00003,0.00001,0.00001,0.00000
254.52000,1.02193,0.00824,0.01550,0.00015,0.97608,0.00000,0.00001,0.00001,0.00001,0.00000
254.66000,1.02193,0.00733,0.00339,0.00002,0.98924,0.00000,0.00000,0.00001,0.00000,0.00000
254.80000,1.02193,0.00498,0.00309,0.00002,0.99190,0.00000,0.00000,0.00001,0.00000,0.00000
254.94000,1.02194,0.00570,0.00097,0.00000,0.99332,0.00000,0.00000,0.00002,0.00000,0.00000
255.08000,1.02193,0.00422,0.00187,0.00001,0.99389,0.00000,0.00000,0.00001,0.00000,0.00000
255.22000,1.02194,0.00516,0.00721,0.00002,0.98760,0.00000,0.00000,0.00001,0.00000,0.00000
255.36000,1.02193,0.00496,0.00091,0.00001,0.99410,0.00000,0.00000,0.00001,0.00000,0.00000
255.50000,1.02194,0.00863,0.00086,0.00002,0.99048,0.00000,0.00000,0.00001,0.00000,0.00000
255.64000,1.02193,0.00696,0.00111,0.00002,0.99189,0.00000,0.00000,0.00001,0.00000,0.00000
255.78000,1.02194,0.00468,0.00028,0.00001,0.99503,0.00000,0.00000,0.00001,0.00000,0.00000
255.92000,1.02193,0.00348,0.00070,0.00002,0.99579,0.00000,0.00000,0.00000,0.00000,0.00000
256.06000,1.02194,0.00218,0.00179,0.00006,0.99597,0.00000,0.00000,0.00000,0.00000,0.00000
256.20001,1.02191,0.00149,0.00054,0.00002,0.99795,0.00000,0.00000,0.00000,0.00000,0.00000
256.34000,1.02194,0.00120,0.00039,0.00000,0.99841,0.00000,0.00000,0.00000,0.00000,0.00000
256.48001,1.02191,0.00110,0.00017,0.00000,0.99873,0.00000,0.00000,0.00000,0.00000,0.00000
256.62000,1.02194,0.00112,0.00008,0.00000,0.99880,0.00000,0.00000,0.00000,0.00000,0.00000
256.76001,1.02194,0.00054,0.00043,0.00000,0.99903,0.00000,0.00000,0.00000,0.00000,0.00000
256.89999,1.02194,0.00054,0.00039,0.00000,0.99907,0.00000,0.00000,0.00000,0.00000,0.00000
257.04001,1.02194,0.00055,0.00084,0.00000,0.99861,0.00000,0.00000,0.00000,0.00000,0.00000
257.17999,1.02194,0.00110,0.00090,0.00000,0.99800,0.00000,0.00000,0.00000,0.00000,0.00000
257.32001,1.02194,0.00107,0.00137,0.00001,0.99755,0.00000,0.00000,0.00000,0.00000,0.00000
257.45999,1.02194,0.00132,0.00034,0.00000,0.99835,0.00000,0.00000,0.00000,0.00000,0.00000
257.60001,1.02194,0.00156,0.00168,0.00001,0.99676,0.00000,0.00000,0.00000,0.00000,0.00000
257.73999,1.02194,0.00171,0.00192,0.00002,0.99634,0.00000,0.00000,0.00000,0.00000,0.00000
257.88000,1.02194,0.00228,0.00045,0.00000,0.99726,0.00000,0.00000,0.00000,0.00000,0.00000
258.01999,1.02194,0.00229,0.00253,0.00005,0.99513,0.00000,0.00000,0.00000,0.00000,0.00000
258.16000,1.02194,0.00370,0.00177,0.00000,0.99452,0.00000,0.00000,0.00000,0.00000,0.00000
258.29999,1.02194,0.00260,0.00054,0.00000,0.99685,0.00000,0.00000,0.00000,0.00000,0.00000
258.44000,1.02194,0.00329,0.00118,0.00001,0.99552,0.00000,0.00000,0.00000,0.00000,0.00000
258.57999,1.02194,0.00609,0.00092,0.00000,0.99298,0.00000,0.00000,0.00001,0.00000,0.00000
258.72000,1.02194,0.00382,0.00026,0.00000,0.99591,0.00000,0.00000,0.00000,0.00000,0.00000
258.85999,1.02194,0.00515,0.00068,0.00000,0.99416,0.00000,0.00000,0.00001,0.00000,0.00000
259.00000,1.02194,0.00336,0.00093,0.00001,0.99570,0.00000,0.00000,0.00000,0.00000,0.00000
259.14001,1.02191,0.00225,0.00017,0.00000,0.99758,0.00000,0.00000,0.00000,0.00000,0.00000
259.28000,1.02194,0.00253,0.00032,0.00000,0.99714,0.00000,0.00000,0.00000,0.00000,0.00000
259.42001,1.02191,0.00258,0.00009,0.00000,0.99733,0.00000,0.00000,0.00000,0.00000,0.00000
259.56000,1.02194,0.00227,0.00005,0.00000,0.99767,0.00000,0.00000,0.00000,0.00000,0.00000
259.70001,1.02191,0.00351,0.00015,0.00000,0.99633,0.00000,0.00000,0.00000,0.00000,0.00000
259.84000,1.02194,0.00301,0.00048,0.00001,0.99650,0.00000,0.00000,0.00000,0.00000,0.00000
259.98001,1.02191,0.00182,0.00019,0.00001,0.99798,0.00000,0.00000,0.00000,0.00000,0.00000
260.12000,1.02194,0.00223,0.00004,0.00000,0.99773,0.00000,0.00000,0.00000,0.00000,0.00000
260.26001,1.02194,0.00242,0.00005,0.00000,0.99753,0.00000,0.00000,0.00000,0.00000,0.00000
260.39999,1.02194,0.00129,0.00004,0.00000,0.99866,0.00000,0.00000,0.00000,0.00000,0.00000
260.54001,1.02194,0.00095,0.00007,0.00000,0.99898,0.00000,0.00000,0.00000,0.00000,0.00000
260.67999,1.02194,0.00151,0.00007,0.00000,0.99842,0.00000,0.00000,0.00000,0.00000,0.00000
260.82001,1.02194,0.00143,0.00017,0.00000,0.99840,0.00000,0.00000,0.00000,0.00000,0.00000
260.95999,1.02194,0.00116,0.00022,0.00001,0.99861,0.00000,0.00000,0.00000,0.00000,0.00000
261.10001,1.02194,0.00137,0.00032,0.00001,0.99830,0.00000,0.00000,0.00000,0.00000,0.00000
261.23999,1.02194,0.00266,0.00072,0.00001,0.99661,0.00000,0.00000,0.00000,0.00000,0.00000
261.38000,1.02194,0.00348,0.00036,0.00000,0.99616,0.00000,0.00000,0.00000,0.00000,0.00000
261.51999,1.02194,0.00313,0.00024,0.00000,0.99663,0.00000,0.00000,0.00000,0.00000,0.00000
261.66000,1.02194,0.00218,0.00024,0.00000,0.99758,0.00000,0.00000,0.00000,0.00000,0.00000
261.79999,1.02194,0.00104,0.00023,0.00000,0.99872,0.00000,0.00000,0.00000,0.00000,0.00000
261.94000,1.02194,0.00056,0.00005,0.00000,0.99940,0.00000,0.00000,0.00000,0.00000,0.00000
262.07999,1.02194,0.00058,0.00007,0.00000,0.99934,0.00000,0.00000,0.00000,0.00000,0.00000
262.22000,1.02194,0.00055,0.00008,0.00000,0.99937,0.00000,0.00000,0.00000,0.00000,0.00000
262.35999,1.02194,0.00058,0.00006,0.00000,0.99936,0.00000,0.00000,0.00000,0.00000,0.00000
262.50000,1.02194,0.00078,0.00007,0.00000,0.99915,0.00000,0.00000,0.00000,0.00000,0.00000
262.64001,1.02191,0.00103,0.00023,0.00000,0.99874,0.00000,0.00000,0.00000,0.00000,0.00000
262.78000,1.02194,0.00141,0.00026,0.00001,0.99832,0.00000,0.00000,0.00000,0.00000,0.00000
262.92001,1.02191,0.00198,0.00026,0.00001,0.99775,0.00000,0.00000,0.00000,0.00000,0.00000
263.06000,1.02194,0.00288,0.00015,0.00000,0.99697,0.00000,0.00000,0.00000,0.00000,0.00000
263.20001,1.02191,0.00364,0.00015,0.00000,0.99620,0.00000,0.00000,0.00000,0.00000,0.00000
263.34000,1.02194,0.00355,0.00058,0.00003,0.99583,0.00000,0.00000,0.00000,0.00000,0.00000
263.48001,1.02191,0.01208,0.00019,0.00001,0.98769,0.00000,0.00000,0.00004,0.00000,0.00000
263.62000,1.02194,0.01944,0.00012,0.00001,0.98037,0.00000,0.00000,0.00006,0.00000,0.00000
263.76001,1.02194,0.01553,0.00012,0.00001,0.98432,0.00000,0.00000,0.00003,0.00000,0.00000
263.89999,1.02194,0.00967,0.00034,0.00006,0.98992,0.00000,0.00000,0.00001,0.00000,0.00000
264.04001,1.02194,0.00720,0.00018,0.00001,0.99260,0.00000,0.00000,0.00001,0.00000,0.00000
264.17999,1.02194,0.00563,0.00039,0.00002,0.99396,0.00000,0.00000,0.00000,0.00000,0.00000
264.32001,1.02194,0.00369,0.00021,0.00001,0.99609,0.00000,0.00000,0.00000,0.00000,0.00000
264.45999,1.02194,0.00250,0.00020,0.00000,0.99730,0.00000,0.00000,0.00000,0.00000,0.00000
264.60001,1.02194,0.00255,0.00016,0.00000,0.99728,0.00000,0.00000,0.00000,0.00000,0.00000
264.73999,1.02194,0.00278,0.00055,0.00001,0.99665,0.00000,0.00000,0.00000,0.00000,0.00000
264.88000,1.02194,0.00498,0.00111,0.00003,0.99387,0.00000,0.00000,0.00001,0.00000,0.00000
265.01999,1.02194,0.01100,0.00113,0.00006,0.98780,0.00000,0.00000,0.00002,0.00000,0.00000
265.16000,1.02194,0.01418,0.00156,0.00025,0.98398,0.00000,0.00000,0.00001,0.00000,0.00000
265.29999,1.02194,0.00902,0.00313,0.00042,0.98741,0.00000,0.00000,0.00001,0.00000,0.00000
265.44000,1.02194,0.01276,0.00185,0.00008,0.98530,0.00000,0.00000,0.00001,0.00000,0.00000
265.57999,1.02194,0.01286,0.00305,0.00012,0.98395,0.00000,0.00000,0.00001,0.00000,0.00000
265.72000,1.02194,0.00982,0.00191,0.00007,0.98819,0.00000,0.00000,0.00001,0.00000,0.00000
265.85999,1.02194,0.00666,0.00199,0.00004,0.99131,0.00000,0.00000,0.00001,0.00000,0.00000
266.00000,1.02194,0.00840,0.00475,0.00003,0.98682,0.00000,0.00000,0.00001,0.00000,0.00000
266.14001,1.02191,0.00619,0.00316,0.00002,0.99061,0.00000,0.00000,0.00001,0.00000,0.00000
266.28000,1.02194,0.00518,0.00140,0.00002,0.99339,0.00000,0.00000,0.00001,0.00000,0.00000
266.42001,1.02191,0.00729,0.00046,0.00000,0.99223,0.00000,0.00000,0.00002,0.00000,0.00000
266.56000,1.02194,0.00607,0.00009,0.00000,0.99380,0.00000,0.00000,0.00003,0.00000,0.00000
266.70001,1.02191,0.00516,0.00038,0.00000,0.99444,0.00000,0.00000,0.00002,0.00000,0.00000
266.84000,1.02194,0.00824,0.00029,0.00000,0.99142,0.00000,0.00000,0.00005,0.00000,0.00000
266.98001,1.02191,0.00603,0.00004,0.00000,0.99392,0.00000,0.00000,0.00002,0.00000,0.00000
267.12000,1.02194,0.00570,0.00004,0.00000,0.99424,0.00000,0.00000,0.00001,0.00000,0.00000
267.26001,1.02194,0.00440,0.00050,0.00002,0.99507,0.00000,0.00000,0.00000,0.00000,0.00000
267.39999,1.02194,0.00460,0.00033,0.00003,0.99505,0.00000,0.00000,0.00000,0.00000,0.00000
267.54001,1.02194,0.00386,0.00018,0.00002,0.99595,0.00000,0.00000,0.00000,0.00000,0.00000
267.67999,1.02194,0.00455,0.00023,0.00001,0.99520,0.00000,0.00000,0.00000,0.00000,0.00000
267.82001,1.02194,0.00525,0.00192,0.00008,0.99275,0.00000,0.00000,0.00000,0.00000,0.00000
267.95999,1.02194,0.00834,0.00160,0.00004,0.99002,0.00000,0.00000,0.00001,0.00000,0.00000
268.10001,1.02194,0.01159,0.00150,0.00007,0.98681,0.00000,0.00000,0.00001,0.00000,0.00000
268.23999,1.02194,0.01332,0.00179,0.00012,0.98475,0.00000,0.00000,0.00002,0.00000,0.00000
268.38000,1.02194,0.01828,0.00236,0.00020,0.97913,0.00000,0.00000,0.00002,0.00000,0.00000
268.51999,1.02194,0.02612,0.00182,0.00017,0.97184,0.00000,0.00000,0.00004,0.00000,0.00001
268.66000,1.02194,0.02649,0.00207,0.00033,0.97107,0.00001,0.00000,0.00004,0.00000,0.00000
268.79999,1.02194,0.02696,0.00135,0.00029,0.97136,0.00001,0.00000,0.00003,0.00000,0.00000
268.94000,1.02194,0.01985,0.00127,0.00017,0.97869,0.00000,0.00000,0.00002,0.00000,0.00000
269.07999,1.02194,0.01795,0.00124,0.00015,0.98064,0.00000,0.00000,0.00002,0.00000,0.00000
269.22000,1.02194,0.02244,0.00150,0.00019,0.97584,0.00000,0.00000,0.00002,0.00000,0.00000
269.35999,1.02194,0.01565,0.00123,0.00016,0.98294,0.00000,0.00000,0.00001,0.00000,0.00000
269.50000,1.02194,0.00844,0.00214,0.00034,0.98906,0.00000,0.00000,0.00001,0.00000,0.00000
269.64001,1.02191,0.01174,0.00064,0.00002,0.98759,0.00000,0.00000,0.00002,0.00000,0.00000
269.78000,1.02194,0.01231,0.00053,0.00003,0.98711,0.00000,0.00000,0.00002,0.00000,0.00000
269.92001,1.02191,0.01372,0.00063,0.00006,0.98557,0.00000,0.00000,0.00002,0.00000,0.00000
270.06000,1.02194,0.01161,0.00044,0.00003,0.98790,0.00000,0.00000,0.00002,0.00000,0.00000
270.20001,1.02191,0.00913,0.00035,0.00003,0.99049,0.00000,0.00000,0.00001,0.00000,0.00000
270.34000,1.02194,0.00743,0.00097,0.00008,0.99151,0.00000,0.00000,0.00001,0.00000,0.00000
270.48001,1.02191,0.01027,0.00066,0.00007,0.98899,0.00000,0.00000,0.00001,0.00000,0.00000
270.62000,1.02194,0.00955,0.00055,0.00009,0.98980,0.00000,0.00000,0.00001,0.00000,0.00000
270.76001,1.02194,0.00815,0.00058,0.00008,0.99118,0.00000,0.00000,0.00001,0.00000,0.00000
270.89999,1.02194,0.01228,0.00045,0.00006,0.98719,0.00000,0.00000,0.00001,0.00000,0.00000
271.04001,1.02194,0.02004,0.00099,0.00018,0.97875,0.00000,0.00000,0.00003,0.00000,0.00000
271.17999,1.02194,0.02934,0.00126,0.00032,0.96903,0.00000,0.00000,0.00005,0.00000,0.00000
271.32001,1.02194,0.03323,0.00151,0.00055,0.96465,0.00001,0.00000,0.00004,0.00000,0.00001
271.45999,1.02194,0.04241,0.00203,0.00068,0.95482,0.00001,0.00000,0.00005,0.00000,0.00001
271.60001,1.02194,0.05909,0.00329,0.00133,0.93620,0.00001,0.00000,0.00006,0.00000,0.00002
271.73999,1.02194,0.05379,0.00218,0.00099,0.94296,0.00001,0.00000,0.00005,0.00000,0.00002
271.88000,1.02194,0.03031,0.00313,0.00140,0.96512,0.00001,0.00000,0.00002,0.00000,0.00001
272.01999,1.02194,0.02166,0.00126,0.00020,0.97685,0.00000,0.00000,0.00003,0.00000,0.00000
272.16000,1.02194,0.01753,0.00144,0.00030,0.98071,0.00000,0.00000,0.00002,0.00000,0.00000
272.29999,1.02194,0.01388,0.00142,0.00019,0.98450,0.00000,0.00000,0.00001,0.00000,0.00000
272.44000,1.02194,0.01642,0.00149,0.00013,0.98195,0.00000,0.00000,0.00002,0.00000,0.00000
272.57999,1.02194,0.02014,0.00093,0.00009,0.97882,0.00000,0.00000,0.00002,0.00000,0.00000
272.72000,1.02194,0.03461,0.00083,0.00022,0.96432,0.00000,0.00000,0.00002,0.00000,0.00000
272.85999,1.02194,0.11588,0.00043,0.00029,0.88336,0.00001,0.00000,0.00003,0.00000,0.00001
273.00000,1.02194,0.14573,0.00052,0.00097,0.85270,0.00002,0.00000,0.00003,0.00000,0.00002
273.14001,1.02191,0.16250,0.00046,0.00177,0.83519,0.00003,0.00000,0.00002,0.00000,0.00002
273.28000,1.02194,0.27563,0.00023,0.00222,0.72181,0.00004,0.00000,0.00003,0.00000,0.00003
273.42001,1.02191,0.26988,0.00022,0.00213,0.72768,0.00004,0.00000,0.00002,0.00000,0.00003
273.56000,1.02194,0.24639,0.00031,0.00225,0.75095,0.00004,0.00000,0.00002,0.00000,0.00003
273.70001,1.02191,0.28739,0.00037,0.00214,0.70998,0.00003,0.00000,0.00003,0.00000,0.00006
273.84000,1.02194,0.29811,0.00038,0.00247,0.69895,0.00003,0.00000,0.00002,0.00000,0.00004
273.98001,1.02191,0.24787,0.00031,0.00360,0.74813,0.00004,0.00000,0.00001,0.00000,0.00003
274.12000,1.02194,0.40849,0.00022,0.00098,0.59021,0.00002,0.00000,0.00003,0.00000,0.00005
274.26001,1.02194,0.41735,0.00044,0.00294,0.57916,0.00004,0.00000,0.00002,0.00000,0.00005
274.39999,1.02194,0.37111,0.00026,0.00122,0.62729,0.00002,0.00000,0.00003,0.00000,0.00007
274.54001,1.02194,0.32224,0.00030,0.00113,0.67620,0.00002,0.00000,0.00003,0.00000,0.00007
274.67999,1.02194,0.36235,0.00040,0.00106,0.63607,0.00002,0.00000,0.00003,0.00000,0.00007
274.82001,1.02194,0.24925,0.00071,0.00255,0.74741,0.00002,0.00000,0.00002,0.00000,0.00004
274.95999,1.02194,0.27540,0.00086,0.00398,0.71963,0.00004,0.00000,0.00002,0.00000,0.00006
275.10001,1.02194,0.28958,0.00085,0.00384,0.70562,0.00003,0.00000,0.00002,0.00000,0.00005
275.23999,1.02194,0.33161,0.00034,0.00352,0.66442,0.00004,0.00000,0.00002,0.00000,0.00005
275.38000,1.02194,0.27623,0.00104,0.00896,0.71366,0.00006,0.00000,0.00001,0.00000,0.00003
275.51999,1.02194,0.31722,0.00040,0.00081,0.68144,0.00001,0.00000,0.00004,0.00000,0.00007
275.66000,1.02194,0.32731,0.00108,0.00155,0.66991,0.00002,0.00000,0.00004,0.00000,0.00008
275.79999,1.02194,0.22297,0.00129,0.00102,0.77460,0.00001,0.00000,0.00004,0.00000,0.00007
275.94000,1.02194,0.20615,0.00270,0.00236,0.78864,0.00003,0.00000,0.00005,0.00000,0.00007
276.07999,1.02194,0.15525,0.00159,0.00099,0.84209,0.00001,0.00000,0.00003,0.00000,0.00005
276.22000,1.02194,0.19179,0.00252,0.00305,0.80254,0.00003,0.00000,0.00003,0.00000,0.00004
276.35999,1.02194,0.37592,0.00101,0.00245,0.62043,0.00006,0.00000,0.00005,0.00000,0.00007
276.50000,1.02194,0.36366,0.00088,0.00059,0.63465,0.00005,0.00000,0.00011,0.00000,0.00007
276.64001,1.02191,0.39095,0.00035,0.00005,0.60814,0.00001,0.00000,0.00033,0.00000,0.00017
276.78000,1.02194,0.32977,0.00049,0.00003,0.66907,0.00000,0.00000,0.00042,0.00000,0.00021
276.92001,1.02191,0.33121,0.00037,0.00001,0.66748,0.00000,0.00000,0.00072,0.00000,0.00021
277.06000,1.02194,0.35471,0.00080,0.00001,0.64289,0.00000,0.00000,0.00134,0.00000,0.00025
277.20001,1.02191,0.15247,0.00074,0.00001,0.84641,0.00000,0.00000,0.00032,0.00000,0.00005
277.34000,1.02194,0.10502,0.01023,0.00198,0.88268,0.00001,0.00000,0.00005,0.00000,0.00003
277.48001,1.02191,0.14171,0.00557,0.00267,0.84996,0.00001,0.00000,0.00003,0.00000,0.00003
277.62000,1.02194,0.17079,0.00420,0.00388,0.82104,0.00003,0.00000,0.00002,0.00000,0.00004
277.76001,1.02194,0.14810,0.00126,0.00146,0.84911,0.00001,0.00000,0.00002,0.00000,0.00003
277.89999,1.02194,0.18014,0.00098,0.00285,0.81595,0.00001,0.00000,0.00001,0.00000,0.00004
278.04001,1.02194,0.39451,0.00123,0.00313,0.60094,0.00003,0.00000,0.00004,0.00000,0.00012
278.17999,1.02194,0.44381,0.00091,0.00297,0.55212,0.00004,0.00000,0.00003,0.00000,0.00012
278.32001,1.02194,0.71745,0.00987,0.00458,0.26798,0.00002,0.00000,0.00002,0.00000,0.00007
278.45999,1.02194,0.36866,0.00598,0.00088,0.62434,0.00001,0.00000,0.00003,0.00000,0.00009
278.60001,1.02194,0.49612,0.00910,0.00294,0.49166,0.00004,0.00000,0.00003,0.00000,0.00009
278.73999,1.02194,0.66728,0.00316,0.00040,0.32876,0.00001,0.00000,0.00008,0.00000,0.00032
278.88000,1.02194,0.90322,0.00117,0.00005,0.09472,0.00000,0.00000,0.00020,0.00000,0.00064
279.01999,1.02194,0.90822,0.00077,0.00007,0.09025,0.00000,0.00000,0.00016,0.00000,0.00052
279.16000,1.02194,0.94648,0.00153,0.00040,0.05115,0.00001,0.00000,0.00008,0.00000,0.00034
279.29999,1.02194,0.90053,0.00045,0.00066,0.09798,0.00001,0.00000,0.00006,0.00000,0.00031
279.44000,1.02194,0.71046,0.00021,0.00076,0.28837,0.00000,0.00000,0.00003,0.00000,0.00016
279.57999,1.02194,0.62898,0.00093,0.01435,0.35553,0.00010,0.00000,0.00002,0.00001,0.00009
279.72000,1.02194,0.49663,0.01135,0.06214,0.42969,0.00010,0.00001,0.00001,0.00002,0.00005
279.85999,1.02194,0.66552,0.02061,0.02691,0.28676,0.00008,0.00000,0.00001,0.00001,0.00010
280.00000,1.02194,0.66672,0.03617,0.00856,0.28827,0.00005,0.00000,0.00002,0.00001,0.00020
280.14001,1.02191,0.69291,0.01756,0.00507,0.28410,0.00004,0.00000,0.00003,0.00000,0.00028
280.28000,1.02194,0.79609,0.01078,0.00492,0.18784,0.00004,0.00000,0.00003,0.00000,0.00030
280.42001,1.02191,0.80741,0.00291,0.00468,0.18476,0.00002,0.00000,0.00002,0.00000,0.00020
280.56000,1.02194,0.94769,0.00063,0.00403,0.04753,0.00002,0.00000,0.00001,0.00000,0.00008
280.70001,1.02191,0.74577,0.00014,0.01057,0.24343,0.00004,0.00000,0.00001,0.00000,0.00005
280.84000,1.02194,0.83992,0.00001,0.00763,0.15237,0.00004,0.00000,0.00000,0.00000,0.00003
280.98001,1.02191,0.73251,0.00001,0.01817,0.24921,0.00006,0.00000,0.00000,0.00000,0.00003
281.12000,1.02194,0.79392,0.00001,0.01188,0.19413,0.00003,0.00000,0.00000,0.00000,0.00002
281.26001,1.02194,0.72901,0.00001,0.01479,0.25610,0.00006,0.00000,0.00000,0.00000,0.00003
281.39999,1.02194,0.72957,0.00008,0.01315,0.25710,0.00005,0.00000,0.00000,0.00000,0.00004
281.54001,1.02194,0.49105,0.00015,0.01774,0.49095,0.00007,0.00000,0.00001,0.00000,0.00004
281.67999,1.02194,0.47817,0.00039,0.02077,0.50059,0.00003,0.00000,0.00000,0.00000,0.00004
281.82001,1.02194,0.47863,0.00018,0.02945,0.49161,0.00008,0.00000,0.00000,0.00000,0.00005
281.95999,1.02194,0.52474,0.00025,0.03653,0.43838,0.00006,0.00000,0.00000,0.00000,0.00004
282.10001,1.02194,0.61034,0.00022,0.03853,0.35080,0.00005,0.00000,0.00000,0.00000,0.00005
282.23999,1.02194,0.63554,0.00014,0.02837,0.33585,0.00004,0.00000,0.00000,0.00000,0.00004
282.38000,1.02194,0.51301,0.00011,0.02686,0.45995,0.00003,0.00000,0.00000,0.00000,0.00003
282.51999,1.02194,0.52551,0.00012,0.03857,0.43570,0.00004,0.00000,0.00000,0.00000,0.00004
282.66000,1.02194,0.44432,0.00017,0.06085,0.49458,0.00004,0.00000,0.00000,0.00000,0.00003
282.79999,1.02194,0.40702,0.00023,0.04024,0.55241,0.00005,0.00000,0.00000,0.00000,0.00004
282.94000,1.02194,0.48015,0.00022,0.02185,0.49769,0.00004,0.00000,0.00000,0.00000,0.00005
283.07999,1.02194,0.47210,0.00014,0.02123,0.50641,0.00006,0.00000,0.00001,0.00000,0.00005
283.22000,1.02194,0.49092,0.00019,0.02228,0.48652,0.00004,0.00000,0.00000,0.00000,0.00004
283.35999,1.02194,0.69957,0.00014,0.01522,0.28495,0.00005,0.00000,0.00001,0.00000,0.00006
283.50000,1.02194,0.82288,0.00021,0.01654,0.16026,0.00004,0.00000,0.00000,0.00000,0.00005
283.64001,1.02191,0.87580,0.00008,0.00563,0.11839,0.00004,0.00000,0.00001,0.00000,0.00006
283.78000,1.02194,0.94945,0.00016,0.00334,0.04692,0.00004,0.00000,0.00001,0.00000,0.00007
283.92001,1.02191,0.94337,0.00024,0.00351,0.05278,0.00003,0.00000,0.00001,0.00000,0.00007
284.06000,1.02194,0.94958,0.00045,0.00410,0.04570,0.00007,0.00000,0.00001,0.00000,0.00008
284.20001,1.02191,0.95514,0.00075,0.00384,0.04012,0.00007,0.00000,0.00001,0.00000,0.00009
284.34000,1.02194,0.97783,0.00088,0.00159,0.01950,0.00007,0.00000,0.00001,0.00000,0.00011
284.48001,1.02191,0.97653,0.00126,0.00161,0.02040,0.00007,0.00000,0.00001,0.00000,0.00011
284.62000,1.02194,0.97935,0.00137,0.00134,0.01774,0.00007,0.00000,0.00001,0.00000,0.00012
284.76001,1.02194,0.97412,0.00149,0.00167,0.02252,0.00007,0.00000,0.00001,0.00000,0.00012
284.89999,1.02194,0.96856,0.00127,0.00185,0.02810,0.00008,0.00000,0.00001,0.00000,0.00012
285.04001,1.02194,0.96789,0.00136,0.00224,0.02830,0.00008,0.00000,0.00001,0.00000,0.00011
285.17999,1.02194,0.97645,0.00111,0.00176,0.02050,0.00007,0.00000,0.00001,0.00000,0.00010
285.32001,1.02194,0.97882,0.00118,0.00163,0.01820,0.00006,0.00000,0.00001,0.00000,0.00010
285.45999,1.02194,0.97536,0.00119,0.00175,0.02151,0.00007,0.00000,0.00001,0.00000,0.00011
285.60001,1.02194,0.97638,0.00114,0.00173,0.02056,0.00007,0.00000,0.00001,0.00000,0.00011
285.73999,1.02194,0.98004,0.00098,0.00143,0.01737,0.00006,0.00000,0.00001,0.00000,0.00011
285.88000,1.02194,0.98361,0.00073,0.00104,0.01442,0.00006,0.00000,0.00001,0.00000,0.00011
286.01999,1.02194,0.96620,0.00089,0.00215,0.03056,0.00009,0.00000,0.00001,0.00000,0.00011
286.16000,1.02194,0.97247,0.00077,0.00183,0.02477,0.00007,0.00000,0.00001,0.00000,0.00009
286.29999,1.02194,0.98329,0.00054,0.00120,0.01483,0.00006,0.00000,0.00001,0.00000,0.00008
286.44000,1.02194,0.98503,0.00133,0.00155,0.01195,0.00006,0.00000,0.00001,0.00000,0.00007
286.57999,1.02194,0.98199,0.00266,0.00121,0.01398,0.00005,0.00000,0.00001,0.00000,0.00010
286.72000,1.02194,0.98068,0.00252,0.00108,0.01550,0.00006,0.00000,0.00001,0.00000,0.00014
286.85999,1.02194,0.97473,0.00271,0.00129,0.02104,0.00007,0.00000,0.00001,0.00000,0.00015
287.00000,1.02194,0.96307,0.00213,0.00143,0.03311,0.00008,0.00000,0.00001,0.00000,0.00017
287.14001,1.02191,0.95128,0.00098,0.00128,0.04623,0.00006,0.00000,0.00002,0.00000,0.00017
287.28000,1.02194,0.93547,0.00043,0.00191,0.06201,0.00007,0.00000,0.00001,0.00000,0.00010
287.42001,1.02191,0.93218,0.00011,0.00202,0.06555,0.00007,0.00000,0.00001,0.00000,0.00006
287.56000,1.02194,0.89812,0.00008,0.00281,0.09887,0.00007,0.00000,0.00001,0.00000,0.00005
287.70001,1.02191,0.83744,0.00007,0.00389,0.15847,0.00008,0.00000,0.00001,0.00000,0.00004
287.84000,1.02194,0.72463,0.00007,0.00577,0.26941,0.00008,0.00000,0.00001,0.00000,0.00004
287.98001,1.02191,0.78918,0.00010,0.00516,0.20542,0.00008,0.00000,0.00001,0.00000,0.00005
288.12000,1.02194,0.76439,0.00020,0.00691,0.22832,0.00010,0.00000,0.00001,0.00000,0.00007
288.26001,1.02194,0.73511,0.00041,0.00925,0.25506,0.00010,0.00000,0.00001,0.00000,0.00007
288.39999,1.02194,0.80924,0.00038,0.00676,0.18344,0.00008,0.00000,0.00001,0.00000,0.00008
288.54001,1.02194,0.74310,0.00037,0.00831,0.24804,0.00009,0.00000,0.00001,0.00000,0.00007
288.67999,1.02194,0.72473,0.00035,0.00869,0.26603,0.00010,0.00000,0.00001,0.00000,0.00007
288.82001,1.02194,0.77225,0.00039,0.00725,0.21994,0.00008,0.00000,0.00001,0.00000,0.00008
288.95999,1.02194,0.76652,0.00027,0.00703,0.22602,0.00009,0.00000,0.00001,0.00000,0.00007
289.10001,1.02194,0.77356,0.00020,0.00647,0.21959,0.00010,0.00000,0.00001,0.00000,0.00007
289.23999,1.02194,0.71496,0.00019,0.00754,0.27715,0.00009,0.00000,0.00001,0.00000,0.00006
289.38000,1.02194,0.71853,0.00017,0.00788,0.27327,0.00009,0.00000,0.00001,0.00000,0.00006
289.51999,1.02194,0.68984,0.00015,0.00661,0.30325,0.00008,0.00000,0.00001,0.00000,0.00005
289.66000,1.02194,0.69285,0.00014,0.00630,0.30055,0.00009,0.00000,0.00001,0.00000,0.00006
289.79999,1.02194,0.72510,0.00017,0.00650,0.26806,0.00009,0.00000,0.00001,0.00000,0.00006
289.94000,1.02194,0.73164,0.00016,0.00573,0.26232,0.00008,0.00000,0.00001,0.00000,0.00006
290.07999,1.02194,0.69421,0.00016,0.00663,0.29883,0.00009,0.00000,0.00001,0.00000,0.00006
290.22000,1.02194,0.67365,0.00018,0.00715,0.31886,0.00009,0.00000,0.00001,0.00000,0.00006
290.35999,1.02194,0.65631,0.00021,0.00808,0.33525,0.00009,0.00000,0.00001,0.00000,0.00005
290.50000,1.02194,0.67112,0.00017,0.00694,0.32161,0.00009,0.00000,0.00001,0.00000,0.00006
290.64001,1.02191,0.68106,0.00017,0.00671,0.31190,0.00009,0.00000,0.00001,0.00000,0.00006
290.78000,1.02194,0.75100,0.00013,0.00585,0.24286,0.00009,0.00000,0.00001,0.00000,0.00006
290.92001,1.02191,0.78564,0.00014,0.00585,0.20822,0.00009,0.00000,0.00001,0.00000,0.00005
291.06000,1.02194,0.70793,0.00016,0.00661,0.28516,0.00008,0.00000,0.00001,0.00000,0.00005
291.20001,1.02191,0.74588,0.00015,0.00566,0.24817,0.00008,0.00000,0.00001,0.00000,0.00005
291.34000,1.02194,0.73388,0.00018,0.00631,0.25947,0.00009,0.00000,0.00001,0.00000,0.00005
291.48001,1.02191,0.70035,0.00017,0.00580,0.29349,0.00009,0.00000,0.00001,0.00000,0.00007
291.62000,1.02194,0.65503,0.00029,0.00521,0.33934,0.00005,0.00000,0.00001,0.00000,0.00006
291.76001,1.02194,0.80657,0.00027,0.00278,0.19022,0.00004,0.00000,0.00002,0.00000,0.00011
291.89999,1.02194,0.73068,0.00126,0.00998,0.25796,0.00004,0.00000,0.00001,0.00000,0.00007
292.04001,1.02194,0.89632,0.00273,0.00375,0.09702,0.00002,0.00000,0.00002,0.00000,0.00014
292.17999,1.02194,0.94408,0.00338,0.00103,0.05116,0.00001,0.00000,0.00003,0.00000,0.00030
292.32001,1.02194,0.90413,0.00421,0.00100,0.09023,0.00001,0.00000,0.00004,0.00000,0.00037
292.45999,1.02194,0.88729,0.00437,0.00187,0.10601,0.00003,0.00000,0.00005,0.00000,0.00037
292.60001,1.02194,0.80208,0.00659,0.00565,0.18537,0.00003,0.00000,0.00003,0.00000,0.00025
292.73999,1.02194,0.83467,0.01397,0.01294,0.13821,0.00004,0.00000,0.00002,0.00001,0.00014
292.88000,1.02194,0.95054,0.00154,0.00176,0.04600,0.00001,0.00000,0.00002,0.00000,0.00013
293.01999,1.02194,0.93755,0.00077,0.00149,0.05996,0.00002,0.00000,0.00002,0.00000,0.00018
293.16000,1.02194,0.85961,0.00085,0.00168,0.13759,0.00002,0.00000,0.00003,0.00000,0.00021
293.29999,1.02194,0.88214,0.00157,0.00204,0.11401,0.00002,0.00000,0.00002,0.00000,0.00020
293.44000,1.02194,0.81806,0.00167,0.00570,0.17431,0.00003,0.00000,0.00002,0.00000,0.00020
293.57999,1.02194,0.66886,0.00084,0.00995,0.32017,0.00006,0.00000,0.00002,0.00000,0.00011
293.72000,1.02194,0.83101,0.00035,0.00354,0.16491,0.00004,0.00000,0.00002,0.00000,0.00013
293.85999,1.02194,0.87433,0.00037,0.00317,0.12196,0.00004,0.00000,0.00001,0.00000,0.00011
294.00000,1.02194,0.82064,0.00046,0.00576,0.17297,0.00007,0.00000,0.00001,0.00000,0.00009
294.14001,1.02191,0.86721,0.00040,0.00406,0.12817,0.00005,0.00000,0.00001,0.00000,0.00010
294.28000,1.02194,0.57293,0.00055,0.00863,0.41778,0.00004,0.00000,0.00001,0.00000,0.00007
294.42001,1.02191,0.51229,0.00449,0.04134,0.44167,0.00011,0.00001,0.00001,0.00002,0.00007
294.56000,1.02194,0.52562,0.01117,0.05214,0.41086,0.00009,0.00001,0.00001,0.00002,0.00009
294.70001,1.02191,0.59448,0.02007,0.04742,0.33779,0.00007,0.00000,0.00001,0.00002,0.00013
294.84000,1.02194,0.61056,0.03104,0.04424,0.31388,0.00007,0.00001,0.00001,0.00002,0.00017
294.98001,1.02191,0.61448,0.03569,0.03979,0.30970,0.00007,0.00000,0.00002,0.00002,0.00023
295.12000,1.02194,0.60711,0.05660,0.03946,0.29647,0.00007,0.00001,0.00002,0.00003,0.00024
295.26001,1.02194,0.58332,0.06269,0.04021,0.31340,0.00008,0.00001,0.00002,0.00003,0.00024
295.39999,1.02194,0.63537,0.04554,0.03491,0.28378,0.00010,0.00001,0.00002,0.00003,0.00024
295.54001,1.02194,0.60724,0.03360,0.02700,0.33174,0.00011,0.00001,0.00002,0.00003,0.00025
295.67999,1.02194,0.63621,0.02147,0.02117,0.32072,0.00012,0.00001,0.00003,0.00002,0.00026
295.82001,1.02194,0.56383,0.01673,0.02205,0.39700,0.00013,0.00001,0.00003,0.00002,0.00022
295.95999,1.02194,0.52927,0.01201,0.02157,0.43679,0.00012,0.00001,0.00002,0.00002,0.00019
296.10001,1.02194,0.46209,0.00663,0.02810,0.50290,0.00010,0.00001,0.00001,0.00002,0.00014
296.23999,1.02194,0.75605,0.00189,0.01187,0.22996,0.00007,0.00000,0.00002,0.00000,0.00013
296.38000,1.02194,0.74481,0.00080,0.01052,0.24367,0.00008,0.00000,0.00001,0.00000,0.00010
296.51999,1.02194,0.71515,0.00047,0.00955,0.27467,0.00008,0.00000,0.00001,0.00000,0.00008
296.66000,1.02194,0.62197,0.00185,0.03377,0.34220,0.00015,0.00001,0.00000,0.00001,0.00004
296.79999,1.02194,0.76126,0.00126,0.00275,0.23463,0.00003,0.00000,0.00001,0.00000,0.00006
296.94000,1.02194,0.70991,0.00123,0.00312,0.28556,0.00007,0.00000,0.00002,0.00000,0.00009
297.07999,1.02194,0.81783,0.00165,0.00180,0.17853,0.00005,0.00000,0.00002,0.00000,0.00012
297.22000,1.02194,0.84122,0.00128,0.00128,0.15603,0.00004,0.00000,0.00002,0.00000,0.00012
297.35999,1.02194,0.88252,0.00140,0.00103,0.11480,0.00005,0.00000,0.00003,0.00000,0.00017
297.50000,1.02194,0.77153,0.00271,0.00354,0.22199,0.00007,0.00000,0.00002,0.00000,0.00012
297.64001,1.02191,0.82275,0.00056,0.00559,0.17091,0.00009,0.00000,0.00001,0.00000,0.00009
297.78000,1.02194,0.83208,0.00035,0.00581,0.16158,0.00010,0.00000,0.00001,0.00000,0.00007
297.92001,1.02191,0.79864,0.00024,0.00538,0.19554,0.00010,0.00000,0.00001,0.00000,0.00008
298.06000,1.02194,0.85529,0.00024,0.00456,0.13975,0.00008,0.00000,0.00001,0.00000,0.00007
298.20001,1.02191,0.85919,0.00019,0.00433,0.13612,0.00008,0.00000,0.00001,0.00000,0.00006
298.34000,1.02194,0.84800,0.00021,0.00474,0.14690,0.00009,0.00000,0.00001,0.00000,0.00006
298.48001,1.02191,0.83725,0.00026,0.00534,0.15699,0.00009,0.00000,0.00001,0.00000,0.00006
298.62000,1.02194,0.80933,0.00016,0.00387,0.18648,0.00008,0.00000,0.00001,0.00000,0.00007
298.76001,1.02194,0.69294,0.00015,0.00563,0.30111,0.00010,0.00000,0.00001,0.00000,0.00006
298.89999,1.02194,0.81626,0.00013,0.00377,0.17967,0.00009,0.00000,0.00001,0.00000,0.00007
