Loading the ModusToolbox Technology Packs and Early Access Packs
Finished loading the ModusToolbox Technology Packs and Early Access Packs (9 ms)
Loading the tools information
Finished loading the tools information (52 ms)
From ModusToolbox Tools version 3.7.0.0 installed at C:/Users/rock4/ModusToolbox/tools_3.7, using
 airoc-tools version 5.0.1.207
 bsp-assistant version 1.60.0.3073
 bt-configurator version 3.50.0.3524
 cymcuelftool version 1.0.0.62
 dashboard version 3.7.0.373
 device-configurator version 5.60.0.3965
 dfuh-tool version 2.100.0.3412
 ez-pd-configurator version 2.30.0.2541
 hardware-config-server version 1.6.0.2414
 lcs-manager-cli version 1.50.0.377
 library-manager version 2.60.0.4669
 lin-configurator version 1.80.0.2471
 make version 2.6.1.8029
 memoryreport version 1.0.0.435
 modus-shell version 1.5.0.123
 mtb-settings version 1.20.0.327
 mtbarchive version 1.7.0.4336
 mtbgetlibs version 1.7.0.4336
 mtbideexport version 1.5.0.363
 mtblaunch version 1.7.0.4336
 mtbninja version 1.7.0.4336
 mtbquery version 1.7.0.4336
 mtbsearch version 1.7.0.4336
 ninja version 1.12.1
 project-creator version 2.60.0.5260
 proxy-helper version 1.90.0.463
 qspi-configurator version 4.70.0.2834
 seglcd-configurator version 1.100.0.2367
 signcombinemkgen version 1.2.0.363
 smartio-configurator version 4.60.0.1953
 srecord version 1.64.0.15
 usbdev-configurator version 3.10.0.2433
From ModusToolbox Pack ModusToolbox Machine Learning Pack version 3.0.1.2552 installed at C:/Users/rock4/ModusToolbox/packs/ModusToolbox-Machine-Learning-Pack, using
 ml-configurator version 3.0.1.2853
 ml-coretools version 3.0.1.9040
Using ModusToolbox Pack ModusToolbox Audio SW Codecs Tech Pack version 1.0.2.37 installed at C:/Users/rock4/ModusToolbox/packs/Audio-SW-Codecs-Tech-Pack
From ModusToolbox Pack ModusToolbox CAPSENSE and Multi-Sense Pack version 1.3.0.537 installed at C:/Users/rock4/ModusToolbox/packs/ModusToolbox-Multi-Sense-Pack, using
 capsense-configurator version 10.0.0.11479
 sensor-designer-tool version 1.20.0.1218
From ModusToolbox Pack ModusToolbox Industrial MCU Pack version 2.1.0.193 installed at C:/Users/rock4/ModusToolbox/packs/ModusToolbox-Industrial-MCU-Pack, using
 power-conversion-configurator version 1.1.0.2085
From ModusToolbox Pack DEEPCRAFT™ Audio Enhancement Tech Pack version 1.1.0.169 installed at C:/Users/rock4/ModusToolbox/packs/DEEPCRAFT-Audio-Enhancement-Tech-Pack, using
 audio-fe-configurator version 1.60.0.2795
Loading the manifest data
Online Content mode has been enabled by default.
Loading super manfiest files from all sources
Processing manifest pack file 'C:/Users/rock4/ModusToolbox/packs/Audio-SW-Codecs-Tech-Pack/manifest.xml'
Downloading super manifest file 'file:///C:/Users/rock4/ModusToolbox/packs/Audio-SW-Codecs-Tech-Pack/manifest.xml'
Getting manifests from remote and/or local sources
Processing system manifest 'https://modustoolbox.infineon.com/manifests/mtb-super-manifest/v2.X/mtb-super-manifest-fv2.xml'
Downloading super manifest file 'https://modustoolbox.infineon.com/manifests/mtb-super-manifest/v2.X/mtb-super-manifest-fv2.xml'
Finished loading super manifest files from all sources
Finished download of file 'file:///C:/Users/rock4/ModusToolbox/packs/Audio-SW-Codecs-Tech-Pack/manifest.xml'
Starting to parse super manifest with URL 'file:///C:/Users/rock4/ModusToolbox/packs/Audio-SW-Codecs-Tech-Pack/manifest.xml'
Finished parsing super manifest with URL 'file:///C:/Users/rock4/ModusToolbox/packs/Audio-SW-Codecs-Tech-Pack/manifest.xml'
Downloading manifest file 'file:///C:/Users/rock4/ModusToolbox/packs/Audio-SW-Codecs-Tech-Pack/manifests/mw-manifest.xml'
Downloading manifest file 'file:///C:/Users/rock4/ModusToolbox/packs/Audio-SW-Codecs-Tech-Pack/manifests/mw-dependencies-manifest.xml'
Finished download of file 'https://modustoolbox.infineon.com/manifests/mtb-super-manifest/v2.X/mtb-super-manifest-fv2.xml'
Starting to parse super manifest with URL 'https://modustoolbox.infineon.com/manifests/mtb-super-manifest/v2.X/mtb-super-manifest-fv2.xml'
Finished parsing super manifest with URL 'https://modustoolbox.infineon.com/manifests/mtb-super-manifest/v2.X/mtb-super-manifest-fv2.xml'
Downloading manifest file 'https://github.com/Infineon/mtb-sdk-list-manifest/raw/main/mtb-sdk-list-manifest.xml'
Downloading manifest file 'https://github.com/Infineon/mtb-ce-manifest/raw/v2.X/mtb-ce-manifest.xml'
Downloading manifest file 'https://github.com/Infineon/mtb-ce-manifest/raw/v2.X/mtb-ce-manifest-fv2.xml'
Downloading manifest file 'https://github.com/Infineon/mtb-t2g-ce-manifest/raw/main/mtb-ce-manifest-fv2.xml'
Downloading manifest file 'https://github.com/Infineon/mtb-bt-app-manifest/raw/v2.X/mtb-bt-app-manifest.xml'
Downloading manifest file 'https://github.com/Infineon/mtb-bt-app-manifest/raw/v2.X/mtb-bt-app-manifest-fv2.xml'
Downloading manifest file 'https://github.com/Infineon/cce-app-manifest/raw/v2.X/cce-app-manifest-fv2.xml'
Downloading manifest file 'https://github.com/Altia-Marketing/altia-ce-manifest/raw/main/altia-ce-manifest-fv2.xml'
Downloading manifest file 'https://github.com/avnet-iotconnect/avnet-iotc-mtb-ce-manifest/raw/main/avnet-iotc-mtb-ce-manifest-fv2.xml'
Downloading manifest file 'https://github.com/CyberonEBU/cyberon-mtb-ce-manifest/raw/main/cyberon-mtb-ce-manifest-fv2.xml'
Downloading manifest file 'https://github.com/golioth/mtb-golioth-ce-manifest/raw/main/mtb-golioth-ce-manifest-fv2.xml'
Downloading manifest file 'https://github.com/rtlabs-com/mtb-rtlabs-manifest/raw/main/mtb-ce-manifest-fv2-rtlabs.xml'
Downloading manifest file 'https://github.com/RutronikSystemSolutions/rutronik-ce-manifest/raw/main/rutronik-ce-manifest-fv2.xml'
Downloading manifest file 'https://github.com/Infineon/mtb-bsp-manifest/raw/v2.X/mtb-bsp-manifest.xml'
Downloading manifest file 'https://github.com/Infineon/mtb-bsp-manifest/raw/v2.X/mtb-bsp-capabilities-manifest.json'
Downloading manifest file 'https://github.com/Infineon/mtb-bsp-manifest/raw/v2.X/mtb-bsp-manifest-fv2.xml'
Downloading manifest file 'https://github.com/Infineon/mtb-bsp-manifest/raw/v2.X/mtb-bsp-dependencies-manifest.xml'
Downloading manifest file 'https://github.com/Infineon/mtb-bt-bsp-manifest/raw/v2.X/mtb-bt-bsp-manifest.xml'
Downloading manifest file 'https://github.com/Infineon/mtb-bt-bsp-manifest/raw/v2.X/mtb-bt-bsp-manifest-fv2.xml'
Downloading manifest file 'https://github.com/Infineon/mtb-bt-bsp-manifest/raw/v2.X/mtb-bt-bsp-dependencies-manifest.xml'
Downloading manifest file 'https://github.com/Inventek/inventek-bsp-manifest/raw/main/inventek-bsp-manifest-fv2.xml'
Downloading manifest file 'https://github.com/Inventek/inventek-bsp-manifest/raw/main/inventek-bsp-dependencies-manifest.xml'
Downloading manifest file 'https://github.com/RutronikSystemSolutions/rutronik-bsp-manifest/raw/main/rutronik-bsp-manifest-fv2.xml'
Downloading manifest file 'https://github.com/RutronikSystemSolutions/rutronik-bsp-manifest/raw/main/rutronik-bsp-dependencies-manifest.xml'
Downloading manifest file 'https://github.com/Infineon/mtb-mw-manifest/raw/v2.X/mtb-mw-manifest.xml'
Downloading manifest file 'https://github.com/Infineon/mtb-mw-manifest/raw/v2.X/mtb-mw-manifest-fv2.xml'
Downloading manifest file 'https://github.com/Infineon/mtb-mw-manifest/raw/v2.X/mtb-mw-dependencies-manifest.xml'
Downloading manifest file 'https://github.com/Infineon/mtb-t2g-mw-manifest/raw/main/mtb-t2g-mw-manifest-fv2.xml'
Downloading manifest file 'https://github.com/Infineon/mtb-t2g-mw-manifest/raw/main/mtb-t2g-mw-dependencies-manifest.xml'
Downloading manifest file 'https://github.com/Infineon/mtb-bt-mw-manifest/raw/v2.X/mtb-bt-mw-manifest.xml'
Downloading manifest file 'https://github.com/Infineon/mtb-bt-mw-manifest/raw/v2.X/mtb-bt-mw-manifest-fv2.xml'
Downloading manifest file 'https://github.com/Infineon/mtb-bt-mw-manifest/raw/v2.X/mtb-bt-mw-dependencies-manifest.xml'
Downloading manifest file 'https://github.com/Infineon/mtb-wifi-mw-manifest/raw/v2.X/mtb-wifi-mw-manifest.xml'
Downloading manifest file 'https://github.com/Infineon/mtb-wifi-mw-manifest/raw/v2.X/mtb-wifi-mw-manifest-fv2.xml'
Downloading manifest file 'https://github.com/Infineon/mtb-wifi-mw-manifest/raw/v2.X/mtb-wifi-mw-dependencies-manifest.xml'
Downloading manifest file 'https://github.com/avnet-iotconnect/avnet-iotc-mtb-mw-manifest/raw/main/avnet-iotc-mtb-mw-manifest-fv2.xml'
Downloading manifest file 'https://github.com/CyberonEBU/cyberon-mtb-mw-manifest/raw/main/cyberon-mtb-mw-manifest-fv2.xml'
Downloading manifest file 'https://github.com/golioth/mtb-golioth-mw-manifest/raw/main/mtb-golioth-mw-manifest-fv2.xml'
Downloading manifest file 'https://github.com/rtlabs-com/mtb-rtlabs-manifest/raw/main/rtlabs-mtb-mw-manifest-fw2-rtlabs.xml'
Finished download of file 'file:///C:/Users/rock4/ModusToolbox/packs/Audio-SW-Codecs-Tech-Pack/manifests/mw-manifest.xml'
Finished download of file 'file:///C:/Users/rock4/ModusToolbox/packs/Audio-SW-Codecs-Tech-Pack/manifests/mw-dependencies-manifest.xml'
Finished download of file 'https://github.com/Infineon/mtb-sdk-list-manifest/raw/main/mtb-sdk-list-manifest.xml'
Starting to parse SDK list manifest with URL 'https://github.com/Infineon/mtb-sdk-list-manifest/raw/main/mtb-sdk-list-manifest.xml'
Finished parsing SDK list manifest with URL 'https://github.com/Infineon/mtb-sdk-list-manifest/raw/main/mtb-sdk-list-manifest.xml'
Downloading manifest file 'https://github.com/Infineon/mtb-sdk-20829-json/raw/main/mtb-sdk-manifest-20829b1.json'
Finished download of file 'https://github.com/Infineon/mtb-ce-manifest/raw/v2.X/mtb-ce-manifest.xml'
Finished download of file 'https://github.com/Infineon/mtb-ce-manifest/raw/v2.X/mtb-ce-manifest-fv2.xml'
Finished download of file 'https://github.com/Infineon/mtb-t2g-ce-manifest/raw/main/mtb-ce-manifest-fv2.xml'
Finished download of file 'https://github.com/Infineon/mtb-bt-app-manifest/raw/v2.X/mtb-bt-app-manifest.xml'
Finished download of file 'https://github.com/Infineon/mtb-bt-app-manifest/raw/v2.X/mtb-bt-app-manifest-fv2.xml'
Finished download of file 'https://github.com/Infineon/cce-app-manifest/raw/v2.X/cce-app-manifest-fv2.xml'
Finished download of file 'https://github.com/Altia-Marketing/altia-ce-manifest/raw/main/altia-ce-manifest-fv2.xml'
Finished download of file 'https://github.com/avnet-iotconnect/avnet-iotc-mtb-ce-manifest/raw/main/avnet-iotc-mtb-ce-manifest-fv2.xml'
Finished download of file 'https://github.com/CyberonEBU/cyberon-mtb-ce-manifest/raw/main/cyberon-mtb-ce-manifest-fv2.xml'
Finished download of file 'https://github.com/golioth/mtb-golioth-ce-manifest/raw/main/mtb-golioth-ce-manifest-fv2.xml'
Finished download of file 'https://github.com/rtlabs-com/mtb-rtlabs-manifest/raw/main/mtb-ce-manifest-fv2-rtlabs.xml'
Finished download of file 'https://github.com/RutronikSystemSolutions/rutronik-ce-manifest/raw/main/rutronik-ce-manifest-fv2.xml'
Finished download of file 'https://github.com/Infineon/mtb-bsp-manifest/raw/v2.X/mtb-bsp-manifest.xml'
Finished download of file 'https://github.com/Infineon/mtb-bsp-manifest/raw/v2.X/mtb-bsp-capabilities-manifest.json'
Finished download of file 'https://github.com/Infineon/mtb-bsp-manifest/raw/v2.X/mtb-bsp-manifest-fv2.xml'
Finished download of file 'https://github.com/Infineon/mtb-bsp-manifest/raw/v2.X/mtb-bsp-dependencies-manifest.xml'
Finished download of file 'https://github.com/Infineon/mtb-bt-bsp-manifest/raw/v2.X/mtb-bt-bsp-manifest.xml'
Finished download of file 'https://github.com/Infineon/mtb-bt-bsp-manifest/raw/v2.X/mtb-bt-bsp-manifest-fv2.xml'
Finished download of file 'https://github.com/Infineon/mtb-bt-bsp-manifest/raw/v2.X/mtb-bt-bsp-dependencies-manifest.xml'
Finished download of file 'https://github.com/Inventek/inventek-bsp-manifest/raw/main/inventek-bsp-manifest-fv2.xml'
Finished download of file 'https://github.com/Inventek/inventek-bsp-manifest/raw/main/inventek-bsp-dependencies-manifest.xml'
Finished download of file 'https://github.com/RutronikSystemSolutions/rutronik-bsp-manifest/raw/main/rutronik-bsp-manifest-fv2.xml'
Finished download of file 'https://github.com/RutronikSystemSolutions/rutronik-bsp-manifest/raw/main/rutronik-bsp-dependencies-manifest.xml'
Finished download of file 'https://github.com/Infineon/mtb-mw-manifest/raw/v2.X/mtb-mw-manifest.xml'
Finished download of file 'https://github.com/Infineon/mtb-mw-manifest/raw/v2.X/mtb-mw-manifest-fv2.xml'
Finished download of file 'https://github.com/Infineon/mtb-mw-manifest/raw/v2.X/mtb-mw-dependencies-manifest.xml'
Finished download of file 'https://github.com/Infineon/mtb-t2g-mw-manifest/raw/main/mtb-t2g-mw-manifest-fv2.xml'
Finished download of file 'https://github.com/Infineon/mtb-t2g-mw-manifest/raw/main/mtb-t2g-mw-dependencies-manifest.xml'
Finished download of file 'https://github.com/Infineon/mtb-bt-mw-manifest/raw/v2.X/mtb-bt-mw-manifest.xml'
Finished download of file 'https://github.com/Infineon/mtb-bt-mw-manifest/raw/v2.X/mtb-bt-mw-manifest-fv2.xml'
Finished download of file 'https://github.com/Infineon/mtb-bt-mw-manifest/raw/v2.X/mtb-bt-mw-dependencies-manifest.xml'
Finished download of file 'https://github.com/Infineon/mtb-wifi-mw-manifest/raw/v2.X/mtb-wifi-mw-manifest.xml'
Finished download of file 'https://github.com/Infineon/mtb-wifi-mw-manifest/raw/v2.X/mtb-wifi-mw-manifest-fv2.xml'
Finished download of file 'https://github.com/Infineon/mtb-wifi-mw-manifest/raw/v2.X/mtb-wifi-mw-dependencies-manifest.xml'
Finished download of file 'https://github.com/avnet-iotconnect/avnet-iotc-mtb-mw-manifest/raw/main/avnet-iotc-mtb-mw-manifest-fv2.xml'
Finished download of file 'https://github.com/CyberonEBU/cyberon-mtb-mw-manifest/raw/main/cyberon-mtb-mw-manifest-fv2.xml'
Finished download of file 'https://github.com/golioth/mtb-golioth-mw-manifest/raw/main/mtb-golioth-mw-manifest-fv2.xml'
Finished download of file 'https://github.com/rtlabs-com/mtb-rtlabs-manifest/raw/main/rtlabs-mtb-mw-manifest-fw2-rtlabs.xml'
Finished download of file 'https://github.com/Infineon/mtb-sdk-20829-json/raw/main/mtb-sdk-manifest-20829b1.json'
Starting to parse SDK manifest with URL 'https://github.com/Infineon/mtb-sdk-20829-json/raw/main/mtb-sdk-manifest-20829b1.json'
Finished parsing SDK manifest with URL 'https://github.com/Infineon/mtb-sdk-20829-json/raw/main/mtb-sdk-manifest-20829b1.json'
Finished loading the manifest data (1389 ms)
No SDK-based filtering is applied to the manifest database contents.
For dependency records within the same domain, with the same depender ID, version, and dependee ID, the dependee with the highest version takes precedence. Discarded record(s): "ml-middleware(release-v2.0.1) depends on ml-tflite-micro(release-v2.0.0)[SYSTEM]". Retained record: "ml-middleware(release-v2.0.1) depends on ml-tflite-micro(release-v2.0.1)[SYSTEM]".
We've detected that some local repositories related to ModusToolbox packs are not marked as safe in your global Git configuration. 
To prevent potential issues when running Git commands on these repositories, we've created a temporary Git configuration that marks them as safe.
Your original global Git configuration has not been changed.
You can disable the use of this temporary configuration by turning off the 'Git safe.directory configuration' ModusToolbox setting.
The following Git repositories from installed ModusToolbox packs have been marked as safe in this temporary configuration:
 - C:/Users/rock4/ModusToolbox/packs/Audio-SW-Codecs-Tech-Pack/libs/mtb-pack-audio-sw-codecs/.git
This temporary Git configuration will only apply for as long as this program is running. If you would like to permanently add these repos to your Git configuration you can run the following commands:
git config --global --add safe.directory C:/Users/rock4/ModusToolbox/packs/Audio-SW-Codecs-Tech-Pack/libs/mtb-pack-audio-sw-codecs/.git

0 error(s), 0 warning(s)

Summary: 

BSP: CY8CKIT-062S2-AI
Template Application(s): DEEPCRAFT Deploy Model Audio
Application(s) Root Path: C:/Users/rock4/GitHub/384.068-infineon/project/c-deployment

Press "Create" to create the selected application(s).

Collecting application data...

Info: The following entered on the command line will create the exact same project as that created with the GUI tool:
C:/Users/rock4/ModusToolbox/tools_3.7/project-creator/project-creator-cli.exe --board-id CY8CKIT-062S2-AI --board-uri https://github.com/Infineon/TARGET_CY8CKIT-062S2-AI --board-commit latest-v4.X --app-id mtb-example-ml-deepcraft-deploy-audio --app-uri https://github.com/Infineon/mtb-example-ml-deepcraft-deploy-audio --app-commit latest-v1.X --target-dir C:/Users/rock4/GitHub/384.068-infineon/project/c-deployment --user-app-name BathroomPro2000 --use-modus-shell
Starting application creation for 'C:/Users/rock4/GitHub/384.068-infineon/project/c-deployment/BathroomPro2000'.
Acquiring the application source 'https://github.com/Infineon/mtb-example-ml-deepcraft-deploy-audio'.
Git#0>Cloning into 'BathroomPro2000'...
Git#0>remote: Enumerating objects: 5, done.        
Git#0>remote: Counting objects:  20% (1/5)        
Git#0>remote: Counting objects:  40% (2/5)        
Git#0>remote: Counting objects:  60% (3/5)        
Git#0>remote: Counting objects:  80% (4/5)        
Git#0>remote: Counting objects: 100% (5/5)        
Git#0>remote: Counting objects: 100% (5/5), done.        
Git#0>remote: Compressing objects:  25% (1/4)        
Git#0>remote: Compressing objects:  50% (2/4)        
Git#0>remote: Compressing objects:  75% (3/4)        
Git#0>remote: Compressing objects: 100% (4/4)        
Git#0>remote: Compressing objects: 100% (4/4), done.        
Git#0>remote: Total 5 (delta 0), reused 5 (delta 0), pack-reused 0 (from 0)        
Git#0>Receiving objects:  20% (1/5)
Git#0>Receiving objects:  40% (2/5)
Git#0>Receiving objects:  60% (3/5)
Git#0>Receiving objects:  80% (4/5)
Git#0>Receiving objects: 100% (5/5)
Git#0>Receiving objects: 100% (5/5), done.
Git#1>HEAD is now at 18c282c Upload mtb-example-ml-deepcraft-deploy-audio [3309]
Acquired application source successfully.
Loading the application.
Loaded the application successfully.
Processing project 'BathroomPro2000'.
Starting to commit changes to the filesystem and project 'mtb-example-ml-deepcraft-deploy-audio'.
Writing mtb file for asset 'CY8CKIT-062S2-AI' to the folder 'C:/Users/rock4/GitHub/384.068-infineon/project/c-deployment/BathroomPro2000/deps'.
Writing mtb file for asset 'cat1cm0p' to the folder 'C:/Users/rock4/GitHub/384.068-infineon/project/c-deployment/BathroomPro2000/libs'.
Writing mtb file for asset 'core-lib' to the folder 'C:/Users/rock4/GitHub/384.068-infineon/project/c-deployment/BathroomPro2000/libs'.
Writing mtb file for asset 'core-make' to the folder 'C:/Users/rock4/GitHub/384.068-infineon/project/c-deployment/BathroomPro2000/libs'.
Writing mtb file for asset 'mtb-hal-cat1' to the folder 'C:/Users/rock4/GitHub/384.068-infineon/project/c-deployment/BathroomPro2000/libs'.
Writing mtb file for asset 'mtb-pdl-cat1' to the folder 'C:/Users/rock4/GitHub/384.068-infineon/project/c-deployment/BathroomPro2000/libs'.
Writing mtb file for asset 'recipe-make-cat1a' to the folder 'C:/Users/rock4/GitHub/384.068-infineon/project/c-deployment/BathroomPro2000/libs'.
Writing mtb file for asset 'device-db' to the folder 'C:/Users/rock4/GitHub/384.068-infineon/project/c-deployment/BathroomPro2000/libs'.
Writing mtb file for asset 'cmsis' to the folder 'C:/Users/rock4/GitHub/384.068-infineon/project/c-deployment/BathroomPro2000/deps'.
Writing mtb file for asset 'ml-middleware' to the folder 'C:/Users/rock4/GitHub/384.068-infineon/project/c-deployment/BathroomPro2000/deps'.
Writing mtb file for asset 'ml-tflite-micro' to the folder 'C:/Users/rock4/GitHub/384.068-infineon/project/c-deployment/BathroomPro2000/deps'.
Writing mtb file for asset 'retarget-io' to the folder 'C:/Users/rock4/GitHub/384.068-infineon/project/c-deployment/BathroomPro2000/deps'.
Git#2>Starting: git -C C:/Users/rock4/GitHub/384.068-infineon/project/c-deployment/BathroomPro2000/libs clone --progress --origin cypress --no-checkout --filter=blob:none https://github.com/Infineon/TARGET_CY8CKIT-062S2-AI TARGET_CY8CKIT-062S2-AI
Git#3>Starting: git -C C:/Users/rock4/GitHub/384.068-infineon/project/c-deployment/mtb_shared/cmsis clone --progress --origin cypress --no-checkout --filter=blob:none https://github.com/Infineon/cmsis release-v5.8.2
Git#4>Starting: git -C C:/Users/rock4/GitHub/384.068-infineon/project/c-deployment/mtb_shared/ml-middleware clone --progress --origin cypress --no-checkout --filter=blob:none https://github.com/Infineon/ml-middleware release-v3.1.0
Git#5>Starting: git -C C:/Users/rock4/GitHub/384.068-infineon/project/c-deployment/mtb_shared/ml-tflite-micro clone --progress --origin cypress --no-checkout --filter=blob:none https://github.com/Infineon/ml-tflite-micro release-v3.1.0
Git#2>Cloning into 'TARGET_CY8CKIT-062S2-AI'...
Git#3>Cloning into 'release-v5.8.2'...
Git#4>Cloning into 'release-v3.1.0'...
Git#5>Cloning into 'release-v3.1.0'...
Git#3>remote: Enumerating objects: 100, done.        
Git#3>remote: Counting objects:   1% (1/100)        
Git#3>remote: Counting objects:   2% (2/100)        
Git#3>remote: Counting objects:   3% (3/100)        
Git#3>remote: Counting objects:   4% (4/100)        
Git#3>remote: Counting objects:   5% (5/100)        
Git#3>remote: Counting objects:   6% (6/100)        
Git#3>remote: Counting objects:   7% (7/100)        
Git#3>remote: Counting objects:   8% (8/100)        
Git#3>remote: Counting objects:   9% (9/100)        
Git#3>remote: Counting objects:  10% (10/100)        
Git#3>remote: Counting objects:  11% (11/100)        
Git#3>remote: Counting objects:  12% (12/100)        
Git#3>remote: Counting objects:  13% (13/100)        
Git#3>remote: Counting objects:  14% (14/100)        
Git#3>remote: Counting objects:  15% (15/100)        
Git#3>remote: Counting objects:  16% (16/100)        
Git#3>remote: Counting objects:  17% (17/100)        
Git#3>remote: Counting objects:  18% (18/100)        
Git#3>remote: Counting objects:  19% (19/100)        
Git#3>remote: Counting objects:  20% (20/100)        
Git#3>remote: Counting objects:  21% (21/100)        
Git#3>remote: Counting objects:  22% (22/100)        
Git#3>remote: Counting objects:  23% (23/100)        
Git#3>remote: Counting objects:  24% (24/100)        
Git#3>remote: Counting objects:  25% (25/100)        
Git#3>remote: Counting objects:  26% (26/100)        
Git#3>remote: Counting objects:  27% (27/100)        
Git#3>remote: Counting objects:  28% (28/100)        
Git#3>remote: Counting objects:  29% (29/100)        
Git#3>remote: Counting objects:  30% (30/100)        
Git#3>remote: Counting objects:  31% (31/100)        
Git#3>remote: Counting objects:  32% (32/100)        
Git#3>remote: Counting objects:  33% (33/100)        
Git#3>remote: Counting objects:  34% (34/100)        
Git#3>remote: Counting objects:  35% (35/100)        
Git#3>remote: Counting objects:  36% (36/100)        
Git#3>remote: Counting objects:  37% (37/100)        
Git#3>remote: Counting objects:  38% (38/100)        
Git#3>remote: Counting objects:  39% (39/100)        
Git#3>remote: Counting objects:  40% (40/100)        
Git#3>remote: Counting objects:  41% (41/100)        
Git#3>remote: Counting objects:  42% (42/100)        
Git#3>remote: Counting objects:  43% (43/100)        
Git#3>remote: Counting objects:  44% (44/100)        
Git#3>remote: Counting objects:  45% (45/100)        
Git#3>remote: Counting objects:  46% (46/100)        
Git#3>remote: Counting objects:  47% (47/100)        
Git#3>remote: Counting objects:  48% (48/100)        
Git#3>remote: Counting objects:  49% (49/100)        
Git#3>remote: Counting objects:  50% (50/100)        
Git#3>remote: Counting objects:  51% (51/100)        
Git#3>remote: Counting objects:  52% (52/100)        
Git#3>remote: Counting objects:  53% (53/100)        
Git#3>remote: Counting objects:  54% (54/100)        
Git#3>remote: Counting objects:  55% (55/100)        
Git#3>remote: Counting objects:  56% (56/100)        
Git#3>remote: Counting objects:  57% (57/100)        
Git#3>remote: Counting objects:  58% (58/100)        
Git#3>remote: Counting objects:  59% (59/100)        
Git#3>remote: Counting objects:  60% (60/100)        
Git#3>remote: Counting objects:  61% (61/100)        
Git#3>remote: Counting objects:  62% (62/100)        
Git#3>remote: Counting objects:  63% (63/100)        
Git#3>remote: Counting objects:  64% (64/100)        
Git#3>remote: Counting objects:  65% (65/100)        
Git#3>remote: Counting objects:  66% (66/100)        
Git#3>remote: Counting objects:  67% (67/100)        
Git#3>remote: Counting objects:  68% (68/100)        
Git#3>remote: Counting objects:  69% (69/100)        
Git#3>remote: Counting objects:  70% (70/100)        
Git#3>remote: Counting objects:  71% (71/100)        
Git#3>remote: Counting objects:  72% (72/100)        
Git#3>remote: Counting objects:  73% (73/100)        
Git#3>remote: Counting objects:  74% (74/100)        
Git#3>remote: Counting objects:  75% (75/100)        
Git#3>remote: Counting objects:  76% (76/100)        
Git#3>remote: Counting objects:  77% (77/100)        
Git#3>remote: Counting objects:  78% (78/100)        
Git#3>remote: Counting objects:  79% (79/100)        
Git#3>remote: Counting objects:  80% (80/100)        
Git#3>remote: Counting objects:  81% (81/100)        
Git#3>remote: Counting objects:  82% (82/100)        
Git#3>remote: Counting objects:  83% (83/100)        
Git#3>remote: Counting objects:  84% (84/100)        
Git#3>remote: Counting objects:  85% (85/100)        
Git#3>remote: Counting objects:  86% (86/100)        
Git#3>remote: Counting objects:  87% (87/100)        
Git#3>remote: Counting objects:  88% (88/100)        
Git#3>remote: Counting objects:  89% (89/100)        
Git#3>remote: Counting objects:  90% (90/100)        
Git#3>remote: Counting objects:  91% (91/100)        
Git#3>remote: Counting objects:  92% (92/100)        
Git#3>remote: Counting objects:  93% (93/100)        
Git#3>remote: Counting objects:  94% (94/100)        
Git#3>remote: Counting objects:  95% (95/100)        
Git#3>remote: Counting objects:  96% (96/100)        
Git#3>remote: Counting objects:  97% (97/100)        
Git#3>remote: Counting objects:  98% (98/100)        
Git#3>remote: Counting objects:  99% (99/100)        
Git#3>remote: Counting objects: 100% (100/100)        
Git#3>remote: Counting objects: 100% (100/100), done.        
Git#3>remote: Compressing objects:   1% (1/82)        
Git#3>remote: Compressing objects:   2% (2/82)        
Git#3>remote: Compressing objects:   3% (3/82)        
Git#3>remote: Compressing objects:   4% (4/82)        
Git#3>remote: Compressing objects:   6% (5/82)        
Git#3>remote: Compressing objects:   7% (6/82)        
Git#3>remote: Compressing objects:   8% (7/82)        
Git#3>remote: Compressing objects:   9% (8/82)        
Git#3>remote: Compressing objects:  10% (9/82)        
Git#3>remote: Compressing objects:  12% (10/82)        
Git#3>remote: Compressing objects:  13% (11/82)        
Git#3>remote: Compressing objects:  14% (12/82)        
Git#3>remote: Compressing objects:  15% (13/82)        
Git#3>remote: Compressing objects:  17% (14/82)        
Git#3>remote: Compressing objects:  18% (15/82)        
Git#3>remote: Compressing objects:  19% (16/82)        
Git#3>remote: Compressing objects:  20% (17/82)        
Git#3>remote: Compressing objects:  21% (18/82)        
Git#3>remote: Compressing objects:  23% (19/82)        
Git#3>remote: Compressing objects:  24% (20/82)        
Git#3>remote: Compressing objects:  25% (21/82)        
Git#3>remote: Compressing objects:  26% (22/82)        
Git#3>remote: Compressing objects:  28% (23/82)        
Git#3>remote: Compressing objects:  29% (24/82)        
Git#3>remote: Compressing objects:  30% (25/82)        
Git#3>remote: Compressing objects:  31% (26/82)        
Git#3>remote: Compressing objects:  32% (27/82)        
Git#3>remote: Compressing objects:  34% (28/82)        
Git#3>remote: Compressing objects:  35% (29/82)        
Git#3>remote: Compressing objects:  36% (30/82)        
Git#3>remote: Compressing objects:  37% (31/82)        
Git#3>remote: Compressing objects:  39% (32/82)        
Git#3>remote: Compressing objects:  40% (33/82)        
Git#3>remote: Compressing objects:  41% (34/82)        
Git#3>remote: Compressing objects:  42% (35/82)        
Git#3>remote: Compressing objects:  43% (36/82)        
Git#3>remote: Compressing objects:  45% (37/82)        
Git#3>remote: Compressing objects:  46% (38/82)        
Git#3>remote: Compressing objects:  47% (39/82)        
Git#3>remote: Compressing objects:  48% (40/82)        
Git#3>remote: Compressing objects:  50% (41/82)        
Git#3>remote: Compressing objects:  51% (42/82)        
Git#3>remote: Compressing objects:  52% (43/82)        
Git#3>remote: Compressing objects:  53% (44/82)        
Git#3>remote: Compressing objects:  54% (45/82)        
Git#3>remote: Compressing objects:  56% (46/82)        
Git#3>remote: Compressing objects:  57% (47/82)        
Git#3>remote: Compressing objects:  58% (48/82)        
Git#3>remote: Compressing objects:  59% (49/82)        
Git#3>remote: Compressing objects:  60% (50/82)        
Git#3>remote: Compressing objects:  62% (51/82)        
Git#3>remote: Compressing objects:  63% (52/82)        
Git#3>remote: Compressing objects:  64% (53/82)        
Git#3>remote: Compressing objects:  65% (54/82)        
Git#3>remote: Compressing objects:  67% (55/82)        
Git#3>remote: Compressing objects:  68% (56/82)        
Git#3>remote: Compressing objects:  69% (57/82)        
Git#3>remote: Compressing objects:  70% (58/82)        
Git#3>remote: Compressing objects:  71% (59/82)        
Git#3>remote: Compressing objects:  73% (60/82)        
Git#3>remote: Compressing objects:  74% (61/82)        
Git#3>remote: Compressing objects:  75% (62/82)        
Git#3>remote: Compressing objects:  76% (63/82)        
Git#3>remote: Compressing objects:  78% (64/82)        
Git#3>remote: Compressing objects:  79% (65/82)        
Git#3>remote: Compressing objects:  80% (66/82)        
Git#3>remote: Compressing objects:  81% (67/82)        
Git#3>remote: Compressing objects:  82% (68/82)        
Git#3>remote: Compressing objects:  84% (69/82)        
Git#3>remote: Compressing objects:  85% (70/82)        
Git#3>remote: Compressing objects:  86% (71/82)        
Git#3>remote: Compressing objects:  87% (72/82)        
Git#3>remote: Compressing objects:  89% (73/82)        
Git#3>remote: Compressing objects:  90% (74/82)        
Git#3>remote: Compressing objects:  91% (75/82)        
Git#3>remote: Compressing objects:  92% (76/82)        
Git#3>remote: Compressing objects:  93% (77/82)        
Git#3>remote: Compressing objects:  95% (78/82)        
Git#3>remote: Compressing objects:  96% (79/82)        
Git#3>remote: Compressing objects:  97% (80/82)        
Git#3>remote: Compressing objects:  98% (81/82)        
Git#3>remote: Compressing objects: 100% (82/82)        
Git#3>remote: Compressing objects: 100% (82/82), done.        
Git#2>remote: Enumerating objects: 37, done.        
Git#2>remote: Counting objects:   2% (1/37)        
Git#2>remote: Counting objects:   5% (2/37)        
Git#2>remote: Counting objects:   8% (3/37)        
Git#2>remote: Counting objects:  10% (4/37)        
Git#2>remote: Counting objects:  13% (5/37)        
Git#2>remote: Counting objects:  16% (6/37)        
Git#2>remote: Counting objects:  18% (7/37)        
Git#2>remote: Counting objects:  21% (8/37)        
Git#2>remote: Counting objects:  24% (9/37)        
Git#2>remote: Counting objects:  27% (10/37)        
Git#2>remote: Counting objects:  29% (11/37)        
Git#2>remote: Counting objects:  32% (12/37)        
Git#2>remote: Counting objects:  35% (13/37)        
Git#2>remote: Counting objects:  37% (14/37)        
Git#2>remote: Counting objects:  40% (15/37)        
Git#2>remote: Counting objects:  43% (16/37)        
Git#2>remote: Counting objects:  45% (17/37)        
Git#2>remote: Counting objects:  48% (18/37)        
Git#2>remote: Counting objects:  51% (19/37)        
Git#2>remote: Counting objects:  54% (20/37)        
Git#2>remote: Counting objects:  56% (21/37)        
Git#2>remote: Counting objects:  59% (22/37)        
Git#2>remote: Counting objects:  62% (23/37)        
Git#2>remote: Counting objects:  64% (24/37)        
Git#2>remote: Counting objects:  67% (25/37)        
Git#2>remote: Counting objects:  70% (26/37)        
Git#2>remote: Counting objects:  72% (27/37)        
Git#2>remote: Counting objects:  75% (28/37)        
Git#2>remote: Counting objects:  78% (29/37)        
Git#2>remote: Counting objects:  81% (30/37)        
Git#2>remote: Counting objects:  83% (31/37)        
Git#2>remote: Counting objects:  86% (32/37)        
Git#2>remote: Counting objects:  89% (33/37)        
Git#2>remote: Counting objects:  91% (34/37)        
Git#2>remote: Counting objects:  94% (35/37)        
Git#2>remote: Counting objects:  97% (36/37)        
Git#2>remote: Counting objects: 100% (37/37)        
Git#2>remote: Counting objects: 100% (37/37), done.        
Git#2>remote: Compressing objects:   3% (1/28)        
Git#2>remote: Compressing objects:   7% (2/28)        
Git#2>remote: Compressing objects:  10% (3/28)        
Git#2>remote: Compressing objects:  14% (4/28)        
Git#2>remote: Compressing objects:  17% (5/28)        
Git#2>remote: Compressing objects:  21% (6/28)        
Git#2>remote: Compressing objects:  25% (7/28)        
Git#2>remote: Compressing objects:  28% (8/28)        
Git#2>remote: Compressing objects:  32% (9/28)        
Git#2>remote: Compressing objects:  35% (10/28)        
Git#2>remote: Compressing objects:  39% (11/28)        
Git#2>remote: Compressing objects:  42% (12/28)        
Git#2>remote: Compressing objects:  46% (13/28)        
Git#2>remote: Compressing objects:  50% (14/28)        
Git#2>remote: Compressing objects:  53% (15/28)        
Git#2>remote: Compressing objects:  57% (16/28)        
Git#2>remote: Compressing objects:  60% (17/28)        
Git#2>remote: Compressing objects:  64% (18/28)        
Git#2>remote: Compressing objects:  67% (19/28)        
Git#2>remote: Compressing objects:  71% (20/28)        
Git#2>remote: Compressing objects:  75% (21/28)        
Git#2>remote: Compressing objects:  78% (22/28)        
Git#2>remote: Compressing objects:  82% (23/28)        
Git#2>remote: Compressing objects:  85% (24/28)        
Git#2>remote: Compressing objects:  89% (25/28)        
Git#2>remote: Compressing objects:  92% (26/28)        
Git#2>remote: Compressing objects:  96% (27/28)        
Git#2>remote: Compressing objects: 100% (28/28)        
Git#2>remote: Compressing objects: 100% (28/28), done.        
Git#5>remote: Enumerating objects: 202, done.        
Git#5>remote: Counting objects:   0% (1/202)        
Git#5>remote: Counting objects:   1% (3/202)        
Git#5>remote: Counting objects:   2% (5/202)        
Git#5>remote: Counting objects:   3% (7/202)        
Git#5>remote: Counting objects:   4% (9/202)        
Git#5>remote: Counting objects:   5% (11/202)        
Git#5>remote: Counting objects:   6% (13/202)        
Git#5>remote: Counting objects:   7% (15/202)        
Git#5>remote: Counting objects:   8% (17/202)        
Git#5>remote: Counting objects:   9% (19/202)        
Git#5>remote: Counting objects:  10% (21/202)        
Git#5>remote: Counting objects:  11% (23/202)        
Git#5>remote: Counting objects:  12% (25/202)        
Git#5>remote: Counting objects:  13% (27/202)        
Git#5>remote: Counting objects:  14% (29/202)        
Git#5>remote: Counting objects:  15% (31/202)        
Git#5>remote: Counting objects:  16% (33/202)        
Git#5>remote: Counting objects:  17% (35/202)        
Git#5>remote: Counting objects:  18% (37/202)        
Git#5>remote: Counting objects:  19% (39/202)        
Git#5>remote: Counting objects:  20% (41/202)        
Git#5>remote: Counting objects:  21% (43/202)        
Git#5>remote: Counting objects:  22% (45/202)        
Git#5>remote: Counting objects:  23% (47/202)        
Git#5>remote: Counting objects:  24% (49/202)        
Git#5>remote: Counting objects:  25% (51/202)        
Git#5>remote: Counting objects:  26% (53/202)        
Git#5>remote: Counting objects:  27% (55/202)        
Git#5>remote: Counting objects:  28% (57/202)        
Git#5>remote: Counting objects:  29% (59/202)        
Git#5>remote: Counting objects:  30% (61/202)        
Git#5>remote: Counting objects:  31% (63/202)        
Git#5>remote: Counting objects:  32% (65/202)        
Git#5>remote: Counting objects:  33% (67/202)        
Git#5>remote: Counting objects:  34% (69/202)        
Git#5>remote: Counting objects:  35% (71/202)        
Git#5>remote: Counting objects:  36% (73/202)        
Git#5>remote: Counting objects:  37% (75/202)        
Git#5>remote: Counting objects:  38% (77/202)        
Git#5>remote: Counting objects:  39% (79/202)        
Git#5>remote: Counting objects:  40% (81/202)        
Git#5>remote: Counting objects:  41% (83/202)        
Git#5>remote: Counting objects:  42% (85/202)        
Git#5>remote: Counting objects:  43% (87/202)        
Git#5>remote: Counting objects:  44% (89/202)        
Git#5>remote: Counting objects:  45% (91/202)        
Git#5>remote: Counting objects:  46% (93/202)        
Git#5>remote: Counting objects:  47% (95/202)        
Git#5>remote: Counting objects:  48% (97/202)        
Git#5>remote: Counting objects:  49% (99/202)        
Git#5>remote: Counting objects:  50% (101/202)        
Git#5>remote: Counting objects:  51% (104/202)        
Git#5>remote: Counting objects:  52% (106/202)        
Git#5>remote: Counting objects:  53% (108/202)        
Git#5>remote: Counting objects:  54% (110/202)        
Git#5>remote: Counting objects:  55% (112/202)        
Git#5>remote: Counting objects:  56% (114/202)        
Git#5>remote: Counting objects:  57% (116/202)        
Git#5>remote: Counting objects:  58% (118/202)        
Git#5>remote: Counting objects:  59% (120/202)        
Git#5>remote: Counting objects:  60% (122/202)        
Git#5>remote: Counting objects:  61% (124/202)        
Git#5>remote: Counting objects:  62% (126/202)        
Git#5>remote: Counting objects:  63% (128/202)        
Git#5>remote: Counting objects:  64% (130/202)        
Git#5>remote: Counting objects:  65% (132/202)        
Git#5>remote: Counting objects:  66% (134/202)        
Git#5>remote: Counting objects:  67% (136/202)        
Git#5>remote: Counting objects:  68% (138/202)        
Git#5>remote: Counting objects:  69% (140/202)        
Git#5>remote: Counting objects:  70% (142/202)        
Git#5>remote: Counting objects:  71% (144/202)        
Git#5>remote: Counting objects:  72% (146/202)        
Git#5>remote: Counting objects:  73% (148/202)        
Git#5>remote: Counting objects:  74% (150/202)        
Git#5>remote: Counting objects:  75% (152/202)        
Git#5>remote: Counting objects:  76% (154/202)        
Git#5>remote: Counting objects:  77% (156/202)        
Git#5>remote: Counting objects:  78% (158/202)        
Git#5>remote: Counting objects:  79% (160/202)        
Git#5>remote: Counting objects:  80% (162/202)        
Git#5>remote: Counting objects:  81% (164/202)        
Git#5>remote: Counting objects:  82% (166/202)        
Git#5>remote: Counting objects:  83% (168/202)        
Git#5>remote: Counting objects:  84% (170/202)        
Git#5>remote: Counting objects:  85% (172/202)        
Git#5>remote: Counting objects:  86% (174/202)        
Git#5>remote: Counting objects:  87% (176/202)        
Git#5>remote: Counting objects:  88% (178/202)        
Git#5>remote: Counting objects:  89% (180/202)        
Git#5>remote: Counting objects:  90% (182/202)        
Git#5>remote: Counting objects:  91% (184/202)        
Git#5>remote: Counting objects:  92% (186/202)        
Git#5>remote: Counting objects:  93% (188/202)        
Git#5>remote: Counting objects:  94% (190/202)        
Git#5>remote: Counting objects:  95% (192/202)        
Git#5>remote: Counting objects:  96% (194/202)        
Git#5>remote: Counting objects:  97% (196/202)        
Git#5>remote: Counting objects:  98% (198/202)        
Git#5>remote: Counting objects:  99% (200/202)        
Git#5>remote: Counting objects: 100% (202/202)        
Git#5>remote: Counting objects: 100% (202/202), done.        
Git#5>remote: Compressing objects:   0% (1/175)        
Git#5>remote: Compressing objects:   1% (2/175)        
Git#5>remote: Compressing objects:   2% (4/175)        
Git#5>remote: Compressing objects:   3% (6/175)        
Git#5>remote: Compressing objects:   4% (7/175)        
Git#5>remote: Compressing objects:   5% (9/175)        
Git#5>remote: Compressing objects:   6% (11/175)        
Git#5>remote: Compressing objects:   7% (13/175)        
Git#5>remote: Compressing objects:   8% (14/175)        
Git#5>remote: Compressing objects:   9% (16/175)        
Git#5>remote: Compressing objects:  10% (18/175)        
Git#5>remote: Compressing objects:  11% (20/175)        
Git#5>remote: Compressing objects:  12% (21/175)        
Git#5>remote: Compressing objects:  13% (23/175)        
Git#5>remote: Compressing objects:  14% (25/175)        
Git#5>remote: Compressing objects:  15% (27/175)        
Git#5>remote: Compressing objects:  16% (28/175)        
Git#5>remote: Compressing objects:  17% (30/175)        
Git#5>remote: Compressing objects:  18% (32/175)        
Git#5>remote: Compressing objects:  19% (34/175)        
Git#5>remote: Compressing objects:  20% (35/175)        
Git#5>remote: Compressing objects:  21% (37/175)        
Git#5>remote: Compressing objects:  22% (39/175)        
Git#5>remote: Compressing objects:  23% (41/175)        
Git#5>remote: Compressing objects:  24% (42/175)        
Git#5>remote: Compressing objects:  25% (44/175)        
Git#5>remote: Compressing objects:  26% (46/175)        
Git#5>remote: Compressing objects:  27% (48/175)        
Git#5>remote: Compressing objects:  28% (49/175)        
Git#5>remote: Compressing objects:  29% (51/175)        
Git#5>remote: Compressing objects:  30% (53/175)        
Git#5>remote: Compressing objects:  31% (55/175)        
Git#5>remote: Compressing objects:  32% (56/175)        
Git#5>remote: Compressing objects:  33% (58/175)        
Git#5>remote: Compressing objects:  34% (60/175)        
Git#5>remote: Compressing objects:  35% (62/175)        
Git#5>remote: Compressing objects:  36% (63/175)        
Git#5>remote: Compressing objects:  37% (65/175)        
Git#5>remote: Compressing objects:  38% (67/175)        
Git#5>remote: Compressing objects:  39% (69/175)        
Git#5>remote: Compressing objects:  40% (70/175)        
Git#5>remote: Compressing objects:  41% (72/175)        
Git#5>remote: Compressing objects:  42% (74/175)        
Git#5>remote: Compressing objects:  43% (76/175)        
Git#5>remote: Compressing objects:  44% (77/175)        
Git#5>remote: Compressing objects:  45% (79/175)        
Git#5>remote: Compressing objects:  46% (81/175)        
Git#5>remote: Compressing objects:  47% (83/175)        
Git#5>remote: Compressing objects:  48% (84/175)        
Git#5>remote: Compressing objects:  49% (86/175)        
Git#5>remote: Compressing objects:  50% (88/175)        
Git#5>remote: Compressing objects:  51% (90/175)        
Git#5>remote: Compressing objects:  52% (91/175)        
Git#5>remote: Compressing objects:  53% (93/175)        
Git#5>remote: Compressing objects:  54% (95/175)        
Git#5>remote: Compressing objects:  55% (97/175)        
Git#5>remote: Compressing objects:  56% (98/175)        
Git#5>remote: Compressing objects:  57% (100/175)        
Git#5>remote: Compressing objects:  58% (102/175)        
Git#5>remote: Compressing objects:  59% (104/175)        
Git#5>remote: Compressing objects:  60% (105/175)        
Git#5>remote: Compressing objects:  61% (107/175)        
Git#5>remote: Compressing objects:  62% (109/175)        
Git#5>remote: Compressing objects:  63% (111/175)        
Git#5>remote: Compressing objects:  64% (112/175)        
Git#5>remote: Compressing objects:  65% (114/175)        
Git#5>remote: Compressing objects:  66% (116/175)        
Git#5>remote: Compressing objects:  67% (118/175)        
Git#5>remote: Compressing objects:  68% (119/175)        
Git#5>remote: Compressing objects:  69% (121/175)        
Git#5>remote: Compressing objects:  70% (123/175)        
Git#5>remote: Compressing objects:  71% (125/175)        
Git#5>remote: Compressing objects:  72% (126/175)        
Git#5>remote: Compressing objects:  73% (128/175)        
Git#5>remote: Compressing objects:  74% (130/175)        
Git#5>remote: Compressing objects:  75% (132/175)        
Git#5>remote: Compressing objects:  76% (133/175)        
Git#5>remote: Compressing objects:  77% (135/175)        
Git#5>remote: Compressing objects:  78% (137/175)        
Git#5>remote: Compressing objects:  79% (139/175)        
Git#5>remote: Compressing objects:  80% (140/175)        
Git#5>remote: Compressing objects:  81% (142/175)        
Git#5>remote: Compressing objects:  82% (144/175)        
Git#5>remote: Compressing objects:  83% (146/175)        
Git#5>remote: Compressing objects:  84% (147/175)        
Git#5>remote: Compressing objects:  85% (149/175)        
Git#5>remote: Compressing objects:  86% (151/175)        
Git#5>remote: Compressing objects:  87% (153/175)        
Git#5>remote: Compressing objects:  88% (154/175)        
Git#5>remote: Compressing objects:  89% (156/175)        
Git#5>remote: Compressing objects:  90% (158/175)        
Git#5>remote: Compressing objects:  91% (160/175)        
Git#5>remote: Compressing objects:  92% (161/175)        
Git#5>remote: Compressing objects:  93% (163/175)        
Git#5>remote: Compressing objects:  94% (165/175)        
Git#5>remote: Compressing objects:  95% (167/175)        
Git#5>remote: Compressing objects:  96% (168/175)        
Git#5>remote: Compressing objects:  97% (170/175)        
Git#5>remote: Compressing objects:  98% (172/175)        
Git#5>remote: Compressing objects:  99% (174/175)        
Git#5>remote: Compressing objects: 100% (175/175)        
Git#5>remote: Compressing objects: 100% (175/175), done.        
Git#3>remote: Total 100 (delta 18), reused 94 (delta 14), pack-reused 0 (from 0)        
Git#3>Receiving objects:   1% (1/100)
Git#3>Receiving objects:   2% (2/100)
Git#3>Receiving objects:   3% (3/100)
Git#3>Receiving objects:   4% (4/100)
Git#3>Receiving objects:   5% (5/100)
Git#3>Receiving objects:   6% (6/100)
Git#2>remote: Total 37 (delta 12), reused 34 (delta 9), pack-reused 0 (from 0)        
Git#3>Receiving objects:   7% (7/100)
Git#3>Receiving objects:   8% (8/100)
Git#3>Receiving objects:   9% (9/100)
Git#3>Receiving objects:  10% (10/100)
Git#3>Receiving objects:  11% (11/100)
Git#3>Receiving objects:  12% (12/100)
Git#3>Receiving objects:  13% (13/100)
Git#3>Receiving objects:  14% (14/100)
Git#3>Receiving objects:  15% (15/100)
Git#3>Receiving objects:  16% (16/100)
Git#3>Receiving objects:  17% (17/100)
Git#3>Receiving objects:  18% (18/100)
Git#3>Receiving objects:  19% (19/100)
Git#3>Receiving objects:  20% (20/100)
Git#3>Receiving objects:  21% (21/100)
Git#3>Receiving objects:  22% (22/100)
Git#3>Receiving objects:  23% (23/100)
Git#3>Receiving objects:  24% (24/100)
Git#3>Receiving objects:  25% (25/100)
Git#3>Receiving objects:  26% (26/100)
Git#3>Receiving objects:  27% (27/100)
Git#3>Receiving objects:  28% (28/100)
Git#3>Receiving objects:  29% (29/100)
Git#3>Receiving objects:  30% (30/100)
Git#3>Receiving objects:  31% (31/100)
Git#3>Receiving objects:  32% (32/100)
Git#3>Receiving objects:  33% (33/100)
Git#3>Receiving objects:  34% (34/100)
Git#3>Receiving objects:  35% (35/100)
Git#3>Receiving objects:  36% (36/100)
Git#3>Receiving objects:  37% (37/100)
Git#3>Receiving objects:  38% (38/100)
Git#3>Receiving objects:  39% (39/100)
Git#3>Receiving objects:  40% (40/100)
Git#3>Receiving objects:  41% (41/100)
Git#3>Receiving objects:  42% (42/100)
Git#3>Receiving objects:  43% (43/100)
Git#3>Receiving objects:  44% (44/100)
Git#3>Receiving objects:  45% (45/100)
Git#3>Receiving objects:  46% (46/100)
Git#3>Receiving objects:  47% (47/100)
Git#3>Receiving objects:  48% (48/100)
Git#3>Receiving objects:  49% (49/100)
Git#3>Receiving objects:  50% (50/100)
Git#3>Receiving objects:  51% (51/100)
Git#3>Receiving objects:  52% (52/100)
Git#3>Receiving objects:  53% (53/100)
Git#3>Receiving objects:  54% (54/100)
Git#3>Receiving objects:  55% (55/100)
Git#3>Receiving objects:  56% (56/100)
Git#3>Receiving objects:  57% (57/100)
Git#3>Receiving objects:  58% (58/100)
Git#3>Receiving objects:  59% (59/100)
Git#3>Receiving objects:  60% (60/100)
Git#3>Receiving objects:  61% (61/100)
Git#3>Receiving objects:  62% (62/100)
Git#3>Receiving objects:  63% (63/100)
Git#3>Receiving objects:  64% (64/100)
Git#3>Receiving objects:  65% (65/100)
Git#3>Receiving objects:  66% (66/100)
Git#3>Receiving objects:  67% (67/100)
Git#3>Receiving objects:  68% (68/100)
Git#3>Receiving objects:  69% (69/100)
Git#3>Receiving objects:  70% (70/100)
Git#3>Receiving objects:  71% (71/100)
Git#3>Receiving objects:  72% (72/100)
Git#3>Receiving objects:  73% (73/100)
Git#3>Receiving objects:  74% (74/100)
Git#3>Receiving objects:  75% (75/100)
Git#3>Receiving objects:  76% (76/100)
Git#3>Receiving objects:  77% (77/100)
Git#3>Receiving objects:  78% (78/100)
Git#3>Receiving objects:  79% (79/100)
Git#3>Receiving objects:  80% (80/100)
Git#3>Receiving objects:  81% (81/100)
Git#3>Receiving objects:  82% (82/100)
Git#3>Receiving objects:  83% (83/100)
Git#3>Receiving objects:  84% (84/100)
Git#3>Receiving objects:  85% (85/100)
Git#3>Receiving objects:  86% (86/100)
Git#3>Receiving objects:  87% (87/100)
Git#3>Receiving objects:  88% (88/100)
Git#3>Receiving objects:  89% (89/100)
Git#3>Receiving objects:  90% (90/100)
Git#3>Receiving objects:  91% (91/100)
Git#3>Receiving objects:  92% (92/100)
Git#3>Receiving objects:  93% (93/100)
Git#3>Receiving objects:  94% (94/100)
Git#3>Receiving objects:  95% (95/100)
Git#3>Receiving objects:  96% (96/100)
Git#3>Receiving objects:  97% (97/100)
Git#3>Receiving objects:  98% (98/100)
Git#3>Receiving objects:  99% (99/100)
Git#3>Receiving objects: 100% (100/100)
Git#3>Receiving objects: 100% (100/100), 56.93 KiB | 4.38 MiB/s, done.
Git#4>remote: Enumerating objects: 54, done.        
Git#4>remote: Counting objects:   1% (1/54)        
Git#4>remote: Counting objects:   3% (2/54)        
Git#4>remote: Counting objects:   5% (3/54)        
Git#4>remote: Counting objects:   7% (4/54)        
Git#4>remote: Counting objects:   9% (5/54)        
Git#4>remote: Counting objects:  11% (6/54)        
Git#4>remote: Counting objects:  12% (7/54)        
Git#4>remote: Counting objects:  14% (8/54)        
Git#4>remote: Counting objects:  16% (9/54)        
Git#4>remote: Counting objects:  18% (10/54)        
Git#4>remote: Counting objects:  20% (11/54)        
Git#4>remote: Counting objects:  22% (12/54)        
Git#4>remote: Counting objects:  24% (13/54)        
Git#4>remote: Counting objects:  25% (14/54)        
Git#4>remote: Counting objects:  27% (15/54)        
Git#4>remote: Counting objects:  29% (16/54)        
Git#4>remote: Counting objects:  31% (17/54)        
Git#4>remote: Counting objects:  33% (18/54)        
Git#4>remote: Counting objects:  35% (19/54)        
Git#4>remote: Counting objects:  37% (20/54)        
Git#4>remote: Counting objects:  38% (21/54)        
Git#4>remote: Counting objects:  40% (22/54)        
Git#4>remote: Counting objects:  42% (23/54)        
Git#4>remote: Counting objects:  44% (24/54)        
Git#4>remote: Counting objects:  46% (25/54)        
Git#4>remote: Counting objects:  48% (26/54)        
Git#4>remote: Counting objects:  50% (27/54)        
Git#4>remote: Counting objects:  51% (28/54)        
Git#4>remote: Counting objects:  53% (29/54)        
Git#4>remote: Counting objects:  55% (30/54)        
Git#4>remote: Counting objects:  57% (31/54)        
Git#4>remote: Counting objects:  59% (32/54)        
Git#4>remote: Counting objects:  61% (33/54)        
Git#4>remote: Counting objects:  62% (34/54)        
Git#4>remote: Counting objects:  64% (35/54)        
Git#4>remote: Counting objects:  66% (36/54)        
Git#4>remote: Counting objects:  68% (37/54)        
Git#4>remote: Counting objects:  70% (38/54)        
Git#4>remote: Counting objects:  72% (39/54)        
Git#4>remote: Counting objects:  74% (40/54)        
Git#4>remote: Counting objects:  75% (41/54)        
Git#4>remote: Counting objects:  77% (42/54)        
Git#4>remote: Counting objects:  79% (43/54)        
Git#4>remote: Counting objects:  81% (44/54)        
Git#4>remote: Counting objects:  83% (45/54)        
Git#4>remote: Counting objects:  85% (46/54)        
Git#4>remote: Counting objects:  87% (47/54)        
Git#4>remote: Counting objects:  88% (48/54)        
Git#4>remote: Counting objects:  90% (49/54)        
Git#4>remote: Counting objects:  92% (50/54)        
Git#4>remote: Counting objects:  94% (51/54)        
Git#4>remote: Counting objects:  96% (52/54)        
Git#4>remote: Counting objects:  98% (53/54)        
Git#4>remote: Counting objects: 100% (54/54)        
Git#4>remote: Counting objects: 100% (54/54), done.        
Git#4>remote: Compressing objects:   2% (1/35)        
Git#4>remote: Compressing objects:   5% (2/35)        
Git#4>remote: Compressing objects:   8% (3/35)        
Git#4>remote: Compressing objects:  11% (4/35)        
Git#4>remote: Compressing objects:  14% (5/35)        
Git#4>remote: Compressing objects:  17% (6/35)        
Git#4>remote: Compressing objects:  20% (7/35)        
Git#4>remote: Compressing objects:  22% (8/35)        
Git#4>remote: Compressing objects:  25% (9/35)        
Git#4>remote: Compressing objects:  28% (10/35)        
Git#4>remote: Compressing objects:  31% (11/35)        
Git#4>remote: Compressing objects:  34% (12/35)        
Git#4>remote: Compressing objects:  37% (13/35)        
Git#4>remote: Compressing objects:  40% (14/35)        
Git#4>remote: Compressing objects:  42% (15/35)        
Git#4>remote: Compressing objects:  45% (16/35)        
Git#4>remote: Compressing objects:  48% (17/35)        
Git#4>remote: Compressing objects:  51% (18/35)        
Git#4>remote: Compressing objects:  54% (19/35)        
Git#4>remote: Compressing objects:  57% (20/35)        
Git#4>remote: Compressing objects:  60% (21/35)        
Git#4>remote: Compressing objects:  62% (22/35)        
Git#4>remote: Compressing objects:  65% (23/35)        
Git#4>remote: Compressing objects:  68% (24/35)        
Git#4>remote: Compressing objects:  71% (25/35)        
Git#4>remote: Compressing objects:  74% (26/35)        
Git#4>remote: Compressing objects:  77% (27/35)        
Git#4>remote: Compressing objects:  80% (28/35)        
Git#4>remote: Compressing objects:  82% (29/35)        
Git#4>remote: Compressing objects:  85% (30/35)        
Git#4>remote: Compressing objects:  88% (31/35)        
Git#4>remote: Compressing objects:  91% (32/35)        
Git#4>remote: Compressing objects:  94% (33/35)        
Git#4>remote: Compressing objects:  97% (34/35)        
Git#4>remote: Compressing objects: 100% (35/35)        
Git#4>remote: Compressing objects: 100% (35/35), done.        
Git#2>Receiving objects:   2% (1/37)
Git#2>Receiving objects:   5% (2/37)
Git#2>Receiving objects:   8% (3/37)
Git#2>Receiving objects:  10% (4/37)
Git#2>Receiving objects:  13% (5/37)
Git#2>Receiving objects:  16% (6/37)
Git#2>Receiving objects:  18% (7/37)
Git#2>Receiving objects:  21% (8/37)
Git#2>Receiving objects:  24% (9/37)
Git#2>Receiving objects:  27% (10/37)
Git#2>Receiving objects:  29% (11/37)
Git#2>Receiving objects:  32% (12/37)
Git#2>Receiving objects:  35% (13/37)
Git#2>Receiving objects:  37% (14/37)
Git#2>Receiving objects:  40% (15/37)
Git#2>Receiving objects:  43% (16/37)
Git#2>Receiving objects:  45% (17/37)
Git#2>Receiving objects:  48% (18/37)
Git#2>Receiving objects:  51% (19/37)
Git#2>Receiving objects:  54% (20/37)
Git#2>Receiving objects:  56% (21/37)
Git#2>Receiving objects:  59% (22/37)
Git#2>Receiving objects:  62% (23/37)
Git#2>Receiving objects:  64% (24/37)
Git#2>Receiving objects:  67% (25/37)
Git#2>Receiving objects:  70% (26/37)
Git#2>Receiving objects:  72% (27/37)
Git#2>Receiving objects:  75% (28/37)
Git#2>Receiving objects:  78% (29/37)
Git#2>Receiving objects:  81% (30/37)
Git#2>Receiving objects:  83% (31/37)
Git#2>Receiving objects:  86% (32/37)
Git#2>Receiving objects:  89% (33/37)
Git#2>Receiving objects:  91% (34/37)
Git#2>Receiving objects:  94% (35/37)
Git#2>Receiving objects:  97% (36/37)
Git#2>Receiving objects: 100% (37/37)
Git#2>Receiving objects: 100% (37/37), 7.18 KiB | 1.79 MiB/s, done.
Git#3>Resolving deltas:   0% (0/18)
Git#3>Resolving deltas:   5% (1/18)
Git#3>Resolving deltas:  16% (3/18)
Git#3>Resolving deltas:  22% (4/18)
Git#3>Resolving deltas:  27% (5/18)
Git#3>Resolving deltas:  38% (7/18)
Git#3>Resolving deltas:  44% (8/18)
Git#3>Resolving deltas:  50% (9/18)
Git#3>Resolving deltas:  55% (10/18)
Git#3>Resolving deltas:  61% (11/18)
Git#3>Resolving deltas:  72% (13/18)
Git#3>Resolving deltas:  77% (14/18)
Git#3>Resolving deltas:  83% (15/18)
Git#3>Resolving deltas:  88% (16/18)
Git#3>Resolving deltas:  94% (17/18)
Git#3>Resolving deltas: 100% (18/18)
Git#3>Resolving deltas: 100% (18/18), done.
Git#5>remote: Total 202 (delta 12), reused 190 (delta 2), pack-reused 0 (from 0)        
Git#5>Receiving objects:   0% (1/202)
Git#5>Receiving objects:   1% (3/202)
Git#5>Receiving objects:   2% (5/202)
Git#5>Receiving objects:   3% (7/202)
Git#5>Receiving objects:   4% (9/202)
Git#5>Receiving objects:   5% (11/202)
Git#5>Receiving objects:   6% (13/202)
Git#5>Receiving objects:   7% (15/202)
Git#5>Receiving objects:   8% (17/202)
Git#5>Receiving objects:   9% (19/202)
Git#5>Receiving objects:  10% (21/202)
Git#5>Receiving objects:  11% (23/202)
Git#5>Receiving objects:  12% (25/202)
Git#5>Receiving objects:  13% (27/202)
Git#5>Receiving objects:  14% (29/202)
Git#5>Receiving objects:  15% (31/202)
Git#5>Receiving objects:  16% (33/202)
Git#5>Receiving objects:  17% (35/202)
Git#5>Receiving objects:  18% (37/202)
Git#5>Receiving objects:  19% (39/202)
Git#5>Receiving objects:  20% (41/202)
Git#5>Receiving objects:  21% (43/202)
Git#5>Receiving objects:  22% (45/202)
Git#5>Receiving objects:  23% (47/202)
Git#5>Receiving objects:  24% (49/202)
Git#5>Receiving objects:  25% (51/202)
Git#5>Receiving objects:  26% (53/202)
Git#5>Receiving objects:  27% (55/202)
Git#5>Receiving objects:  28% (57/202)
Git#5>Receiving objects:  29% (59/202)
Git#5>Receiving objects:  30% (61/202)
Git#5>Receiving objects:  31% (63/202)
Git#5>Receiving objects:  32% (65/202)
Git#5>Receiving objects:  33% (67/202)
Git#5>Receiving objects:  34% (69/202)
Git#5>Receiving objects:  35% (71/202)
Git#5>Receiving objects:  36% (73/202)
Git#5>Receiving objects:  37% (75/202)
Git#5>Receiving objects:  38% (77/202)
Git#5>Receiving objects:  39% (79/202)
Git#2>Resolving deltas:   0% (0/12)
Git#2>Resolving deltas:   8% (1/12)
Git#2>Resolving deltas:  16% (2/12)
Git#2>Resolving deltas:  25% (3/12)
Git#2>Resolving deltas:  33% (4/12)
Git#2>Resolving deltas:  41% (5/12)
Git#2>Resolving deltas:  50% (6/12)
Git#2>Resolving deltas:  58% (7/12)
Git#2>Resolving deltas:  66% (8/12)
Git#2>Resolving deltas:  75% (9/12)
Git#2>Resolving deltas:  83% (10/12)
Git#2>Resolving deltas:  91% (11/12)
Git#2>Resolving deltas: 100% (12/12)
Git#2>Resolving deltas: 100% (12/12), done.
Git#5>Receiving objects:  40% (81/202)
Git#5>Receiving objects:  41% (83/202)
Git#5>Receiving objects:  42% (85/202)
Git#5>Receiving objects:  43% (87/202)
Git#5>Receiving objects:  44% (89/202)
Git#5>Receiving objects:  45% (91/202)
Git#5>Receiving objects:  46% (93/202)
Git#5>Receiving objects:  47% (95/202)
Git#5>Receiving objects:  48% (97/202)
Git#5>Receiving objects:  49% (99/202)
Git#5>Receiving objects:  50% (101/202)
Git#5>Receiving objects:  51% (104/202)
Git#5>Receiving objects:  52% (106/202)
Git#5>Receiving objects:  53% (108/202)
Git#5>Receiving objects:  54% (110/202)
Git#5>Receiving objects:  55% (112/202)
Git#5>Receiving objects:  56% (114/202)
Git#5>Receiving objects:  57% (116/202)
Git#5>Receiving objects:  58% (118/202)
Git#5>Receiving objects:  59% (120/202)
Git#5>Receiving objects:  60% (122/202)
Git#5>Receiving objects:  61% (124/202)
Git#5>Receiving objects:  62% (126/202)
Git#5>Receiving objects:  63% (128/202)
Git#5>Receiving objects:  64% (130/202)
Git#5>Receiving objects:  65% (132/202)
Git#5>Receiving objects:  66% (134/202)
Git#5>Receiving objects:  67% (136/202)
Git#5>Receiving objects:  68% (138/202)
Git#5>Receiving objects:  69% (140/202)
Git#5>Receiving objects:  70% (142/202)
Git#5>Receiving objects:  71% (144/202)
Git#5>Receiving objects:  72% (146/202)
Git#5>Receiving objects:  73% (148/202)
Git#5>Receiving objects:  74% (150/202)
Git#4>remote: Total 54 (delta 9), reused 52 (delta 9), pack-reused 0 (from 0)        
Git#5>Receiving objects:  75% (152/202)
Git#5>Receiving objects:  76% (154/202)
Git#5>Receiving objects:  77% (156/202)
Git#5>Receiving objects:  78% (158/202)
Git#5>Receiving objects:  79% (160/202)
Git#5>Receiving objects:  80% (162/202)
Git#5>Receiving objects:  81% (164/202)
Git#5>Receiving objects:  82% (166/202)
Git#5>Receiving objects:  83% (168/202)
Git#5>Receiving objects:  84% (170/202)
Git#5>Receiving objects:  85% (172/202)
Git#5>Receiving objects:  86% (174/202)
Git#5>Receiving objects:  87% (176/202)
Git#5>Receiving objects:  88% (178/202)
Git#5>Receiving objects:  89% (180/202)
Git#5>Receiving objects:  90% (182/202)
Git#5>Receiving objects:  91% (184/202)
Git#5>Receiving objects:  92% (186/202)
Git#5>Receiving objects:  93% (188/202)
Git#5>Receiving objects:  94% (190/202)
Git#5>Receiving objects:  95% (192/202)
Git#5>Receiving objects:  96% (194/202)
Git#5>Receiving objects:  97% (196/202)
Git#5>Receiving objects:  98% (198/202)
Git#5>Receiving objects:  99% (200/202)
Git#5>Receiving objects: 100% (202/202)
Git#5>Receiving objects: 100% (202/202), 30.46 KiB | 1.52 MiB/s, done.
Git#5>Resolving deltas:   0% (0/12)
Git#5>Resolving deltas:   8% (1/12)
Git#5>Resolving deltas:  16% (2/12)
Git#5>Resolving deltas:  25% (3/12)
Git#5>Resolving deltas:  33% (4/12)
Git#5>Resolving deltas:  41% (5/12)
Git#5>Resolving deltas:  58% (7/12)
Git#5>Resolving deltas:  66% (8/12)
Git#5>Resolving deltas:  75% (9/12)
Git#5>Resolving deltas:  83% (10/12)
Git#5>Resolving deltas:  91% (11/12)
Git#5>Resolving deltas: 100% (12/12)
Git#5>Resolving deltas: 100% (12/12), done.
Git#4>Receiving objects:   1% (1/54)
Git#4>Receiving objects:   3% (2/54)
Git#4>Receiving objects:   5% (3/54)
Git#4>Receiving objects:   7% (4/54)
Git#4>Receiving objects:   9% (5/54)
Git#4>Receiving objects:  11% (6/54)
Git#4>Receiving objects:  12% (7/54)
Git#4>Receiving objects:  14% (8/54)
Git#4>Receiving objects:  16% (9/54)
Git#4>Receiving objects:  18% (10/54)
Git#4>Receiving objects:  20% (11/54)
Git#4>Receiving objects:  22% (12/54)
Git#4>Receiving objects:  24% (13/54)
Git#4>Receiving objects:  25% (14/54)
Git#4>Receiving objects:  27% (15/54)
Git#4>Receiving objects:  29% (16/54)
Git#4>Receiving objects:  31% (17/54)
Git#4>Receiving objects:  33% (18/54)
Git#4>Receiving objects:  35% (19/54)
Git#4>Receiving objects:  37% (20/54)
Git#4>Receiving objects:  38% (21/54)
Git#4>Receiving objects:  40% (22/54)
Git#4>Receiving objects:  42% (23/54)
Git#4>Receiving objects:  44% (24/54)
Git#4>Receiving objects:  46% (25/54)
Git#4>Receiving objects:  48% (26/54)
Git#4>Receiving objects:  50% (27/54)
Git#4>Receiving objects:  51% (28/54)
Git#4>Receiving objects:  53% (29/54)
Git#4>Receiving objects:  55% (30/54)
Git#4>Receiving objects:  57% (31/54)
Git#4>Receiving objects:  59% (32/54)
Git#4>Receiving objects:  61% (33/54)
Git#4>Receiving objects:  62% (34/54)
Git#4>Receiving objects:  64% (35/54)
Git#4>Receiving objects:  66% (36/54)
Git#4>Receiving objects:  68% (37/54)
Git#4>Receiving objects:  70% (38/54)
Git#4>Receiving objects:  72% (39/54)
Git#4>Receiving objects:  74% (40/54)
Git#4>Receiving objects:  75% (41/54)
Git#4>Receiving objects:  77% (42/54)
Git#4>Receiving objects:  79% (43/54)
Git#4>Receiving objects:  81% (44/54)
Git#4>Receiving objects:  83% (45/54)
Git#4>Receiving objects:  85% (46/54)
Git#4>Receiving objects:  87% (47/54)
Git#4>Receiving objects:  88% (48/54)
Git#4>Receiving objects:  90% (49/54)
Git#4>Receiving objects:  92% (50/54)
Git#4>Receiving objects:  94% (51/54)
Git#4>Receiving objects:  96% (52/54)
Git#4>Receiving objects:  98% (53/54)
Git#4>Receiving objects: 100% (54/54)
Git#4>Receiving objects: 100% (54/54), 15.18 KiB | 2.53 MiB/s, done.
Git#4>Resolving deltas:   0% (0/9)
Git#4>Resolving deltas:  11% (1/9)
Git#4>Resolving deltas:  22% (2/9)
Git#4>Resolving deltas:  33% (3/9)
Git#4>Resolving deltas:  44% (4/9)
Git#4>Resolving deltas:  55% (5/9)
Git#4>Resolving deltas:  66% (6/9)
Git#4>Resolving deltas:  77% (7/9)
Git#4>Resolving deltas:  88% (8/9)
Git#4>Resolving deltas: 100% (9/9)
Git#4>Resolving deltas: 100% (9/9), done.
Git#3>Success: git -C C:/Users/rock4/GitHub/384.068-infineon/project/c-deployment/mtb_shared/cmsis clone --progress --origin cypress --no-checkout --filter=blob:none https://github.com/Infineon/cmsis release-v5.8.2
Git#6>Starting: git -C C:/Users/rock4/GitHub/384.068-infineon/project/c-deployment/mtb_shared/retarget-io clone --progress --origin cypress --no-checkout --filter=blob:none https://github.com/cypresssemiconductorco/retarget-io release-v1.9.0
Git#2>Success: git -C C:/Users/rock4/GitHub/384.068-infineon/project/c-deployment/BathroomPro2000/libs clone --progress --origin cypress --no-checkout --filter=blob:none https://github.com/Infineon/TARGET_CY8CKIT-062S2-AI TARGET_CY8CKIT-062S2-AI
Git#7>Starting: git -C C:/Users/rock4/GitHub/384.068-infineon/project/c-deployment/mtb_shared/cat1cm0p clone --progress --origin cypress --no-checkout --filter=blob:none https://github.com/Infineon/cat1cm0p release-v1.9.0
Git#5>Success: git -C C:/Users/rock4/GitHub/384.068-infineon/project/c-deployment/mtb_shared/ml-tflite-micro clone --progress --origin cypress --no-checkout --filter=blob:none https://github.com/Infineon/ml-tflite-micro release-v3.1.0
Git#8>Starting: git -C C:/Users/rock4/GitHub/384.068-infineon/project/c-deployment/mtb_shared/core-lib clone --progress --origin cypress --no-checkout --filter=blob:none https://github.com/cypresssemiconductorco/core-lib release-v1.6.0
Git#4>Success: git -C C:/Users/rock4/GitHub/384.068-infineon/project/c-deployment/mtb_shared/ml-middleware clone --progress --origin cypress --no-checkout --filter=blob:none https://github.com/Infineon/ml-middleware release-v3.1.0
Git#9>Starting: git -C C:/Users/rock4/GitHub/384.068-infineon/project/c-deployment/mtb_shared/core-make clone --progress --origin cypress --no-checkout --filter=blob:none https://github.com/cypresssemiconductorco/core-make release-v3.8.0
Git#6>Cloning into 'release-v1.9.0'...
Git#7>Cloning into 'release-v1.9.0'...
Git#8>Cloning into 'release-v1.6.0'...
Git#9>Cloning into 'release-v3.8.0'...
Git#6>remote: Enumerating objects: 69, done.        
Git#6>remote: Counting objects:   2% (1/40)        
Git#6>remote: Counting objects:   5% (2/40)        
Git#6>remote: Counting objects:   7% (3/40)        
Git#6>remote: Counting objects:  10% (4/40)        
Git#6>remote: Counting objects:  12% (5/40)        
Git#6>remote: Counting objects:  15% (6/40)        
Git#6>remote: Counting objects:  17% (7/40)        
Git#6>remote: Counting objects:  20% (8/40)        
Git#6>remote: Counting objects:  22% (9/40)        
Git#6>remote: Counting objects:  25% (10/40)        
Git#6>remote: Counting objects:  27% (11/40)        
Git#6>remote: Counting objects:  30% (12/40)        
Git#6>remote: Counting objects:  32% (13/40)        
Git#6>remote: Counting objects:  35% (14/40)        
Git#6>remote: Counting objects:  37% (15/40)        
Git#6>remote: Counting objects:  40% (16/40)        
Git#6>remote: Counting objects:  42% (17/40)        
Git#6>remote: Counting objects:  45% (18/40)        
Git#6>remote: Counting objects:  47% (19/40)        
Git#6>remote: Counting objects:  50% (20/40)        
Git#6>remote: Counting objects:  52% (21/40)        
Git#6>remote: Counting objects:  55% (22/40)        
Git#6>remote: Counting objects:  57% (23/40)        
Git#6>remote: Counting objects:  60% (24/40)        
Git#6>remote: Counting objects:  62% (25/40)        
Git#6>remote: Counting objects:  65% (26/40)        
Git#6>remote: Counting objects:  67% (27/40)        
Git#6>remote: Counting objects:  70% (28/40)        
Git#6>remote: Counting objects:  72% (29/40)        
Git#6>remote: Counting objects:  75% (30/40)        
Git#6>remote: Counting objects:  77% (31/40)        
Git#6>remote: Counting objects:  80% (32/40)        
Git#6>remote: Counting objects:  82% (33/40)        
Git#6>remote: Counting objects:  85% (34/40)        
Git#6>remote: Counting objects:  87% (35/40)        
Git#6>remote: Counting objects:  90% (36/40)        
Git#6>remote: Counting objects:  92% (37/40)        
Git#6>remote: Counting objects:  95% (38/40)        
Git#6>remote: Counting objects:  97% (39/40)        
Git#6>remote: Counting objects: 100% (40/40)        
Git#6>remote: Counting objects: 100% (40/40), done.        
Git#6>remote: Compressing objects:   4% (1/23)        
Git#6>remote: Compressing objects:   8% (2/23)        
Git#6>remote: Compressing objects:  13% (3/23)        
Git#6>remote: Compressing objects:  17% (4/23)        
Git#6>remote: Compressing objects:  21% (5/23)        
Git#6>remote: Compressing objects:  26% (6/23)        
Git#6>remote: Compressing objects:  30% (7/23)        
Git#6>remote: Compressing objects:  34% (8/23)        
Git#6>remote: Compressing objects:  39% (9/23)        
Git#6>remote: Compressing objects:  43% (10/23)        
Git#6>remote: Compressing objects:  47% (11/23)        
Git#6>remote: Compressing objects:  52% (12/23)        
Git#6>remote: Compressing objects:  56% (13/23)        
Git#6>remote: Compressing objects:  60% (14/23)        
Git#6>remote: Compressing objects:  65% (15/23)        
Git#6>remote: Compressing objects:  69% (16/23)        
Git#6>remote: Compressing objects:  73% (17/23)        
Git#6>remote: Compressing objects:  78% (18/23)        
Git#6>remote: Compressing objects:  82% (19/23)        
Git#6>remote: Compressing objects:  86% (20/23)        
Git#6>remote: Compressing objects:  91% (21/23)        
Git#6>remote: Compressing objects:  95% (22/23)        
Git#6>remote: Compressing objects: 100% (23/23)        
Git#6>remote: Compressing objects: 100% (23/23), done.        
Git#6>remote: Total 69 (delta 10), reused 37 (delta 9), pack-reused 29 (from 1)        
Git#7>remote: Enumerating objects: 99, done.        
Git#7>remote: Counting objects:   1% (1/99)        
Git#7>remote: Counting objects:   2% (2/99)        
Git#7>remote: Counting objects:   3% (3/99)        
Git#7>remote: Counting objects:   4% (4/99)        
Git#7>remote: Counting objects:   5% (5/99)        
Git#7>remote: Counting objects:   6% (6/99)        
Git#7>remote: Counting objects:   7% (7/99)        
Git#7>remote: Counting objects:   8% (8/99)        
Git#7>remote: Counting objects:   9% (9/99)        
Git#7>remote: Counting objects:  10% (10/99)        
Git#7>remote: Counting objects:  11% (11/99)        
Git#7>remote: Counting objects:  12% (12/99)        
Git#7>remote: Counting objects:  13% (13/99)        
Git#7>remote: Counting objects:  14% (14/99)        
Git#7>remote: Counting objects:  15% (15/99)        
Git#7>remote: Counting objects:  16% (16/99)        
Git#7>remote: Counting objects:  17% (17/99)        
Git#7>remote: Counting objects:  18% (18/99)        
Git#7>remote: Counting objects:  19% (19/99)        
Git#7>remote: Counting objects:  20% (20/99)        
Git#7>remote: Counting objects:  21% (21/99)        
Git#7>remote: Counting objects:  22% (22/99)        
Git#7>remote: Counting objects:  23% (23/99)        
Git#7>remote: Counting objects:  24% (24/99)        
Git#7>remote: Counting objects:  25% (25/99)        
Git#7>remote: Counting objects:  26% (26/99)        
Git#7>remote: Counting objects:  27% (27/99)        
Git#7>remote: Counting objects:  28% (28/99)        
Git#7>remote: Counting objects:  29% (29/99)        
Git#7>remote: Counting objects:  30% (30/99)        
Git#7>remote: Counting objects:  31% (31/99)        
Git#7>remote: Counting objects:  32% (32/99)        
Git#7>remote: Counting objects:  33% (33/99)        
Git#7>remote: Counting objects:  34% (34/99)        
Git#7>remote: Counting objects:  35% (35/99)        
Git#7>remote: Counting objects:  36% (36/99)        
Git#7>remote: Counting objects:  37% (37/99)        
Git#7>remote: Counting objects:  38% (38/99)        
Git#7>remote: Counting objects:  39% (39/99)        
Git#7>remote: Counting objects:  40% (40/99)        
Git#7>remote: Counting objects:  41% (41/99)        
Git#7>remote: Counting objects:  42% (42/99)        
Git#7>remote: Counting objects:  43% (43/99)        
Git#7>remote: Counting objects:  44% (44/99)        
Git#7>remote: Counting objects:  45% (45/99)        
Git#7>remote: Counting objects:  46% (46/99)        
Git#7>remote: Counting objects:  47% (47/99)        
Git#7>remote: Counting objects:  48% (48/99)        
Git#7>remote: Counting objects:  49% (49/99)        
Git#7>remote: Counting objects:  50% (50/99)        
Git#7>remote: Counting objects:  51% (51/99)        
Git#7>remote: Counting objects:  52% (52/99)        
Git#7>remote: Counting objects:  53% (53/99)        
Git#7>remote: Counting objects:  54% (54/99)        
Git#7>remote: Counting objects:  55% (55/99)        
Git#7>remote: Counting objects:  56% (56/99)        
Git#7>remote: Counting objects:  57% (57/99)        
Git#7>remote: Counting objects:  58% (58/99)        
Git#7>remote: Counting objects:  59% (59/99)        
Git#7>remote: Counting objects:  60% (60/99)        
Git#7>remote: Counting objects:  61% (61/99)        
Git#7>remote: Counting objects:  62% (62/99)        
Git#7>remote: Counting objects:  63% (63/99)        
Git#7>remote: Counting objects:  64% (64/99)        
Git#7>remote: Counting objects:  65% (65/99)        
Git#7>remote: Counting objects:  66% (66/99)        
Git#7>remote: Counting objects:  67% (67/99)        
Git#7>remote: Counting objects:  68% (68/99)        
Git#7>remote: Counting objects:  69% (69/99)        
Git#7>remote: Counting objects:  70% (70/99)        
Git#7>remote: Counting objects:  71% (71/99)        
Git#7>remote: Counting objects:  72% (72/99)        
Git#7>remote: Counting objects:  73% (73/99)        
Git#7>remote: Counting objects:  74% (74/99)        
Git#7>remote: Counting objects:  75% (75/99)        
Git#7>remote: Counting objects:  76% (76/99)        
Git#7>remote: Counting objects:  77% (77/99)        
Git#7>remote: Counting objects:  78% (78/99)        
Git#7>remote: Counting objects:  79% (79/99)        
Git#7>remote: Counting objects:  80% (80/99)        
Git#7>remote: Counting objects:  81% (81/99)        
Git#7>remote: Counting objects:  82% (82/99)        
Git#7>remote: Counting objects:  83% (83/99)        
Git#7>remote: Counting objects:  84% (84/99)        
Git#7>remote: Counting objects:  85% (85/99)        
Git#7>remote: Counting objects:  86% (86/99)        
Git#7>remote: Counting objects:  87% (87/99)        
Git#7>remote: Counting objects:  88% (88/99)        
Git#7>remote: Counting objects:  89% (89/99)        
Git#7>remote: Counting objects:  90% (90/99)        
Git#7>remote: Counting objects:  91% (91/99)        
Git#7>remote: Counting objects:  92% (92/99)        
Git#7>remote: Counting objects:  93% (93/99)        
Git#7>remote: Counting objects:  94% (94/99)        
Git#7>remote: Counting objects:  95% (95/99)        
Git#7>remote: Counting objects:  96% (96/99)        
Git#7>remote: Counting objects:  97% (97/99)        
Git#7>remote: Counting objects:  98% (98/99)        
Git#7>remote: Counting objects: 100% (99/99)        
Git#7>remote: Counting objects: 100% (99/99), done.        
Git#7>remote: Compressing objects:   1% (1/91)        
Git#7>remote: Compressing objects:   2% (2/91)        
Git#7>remote: Compressing objects:   3% (3/91)        
Git#7>remote: Compressing objects:   4% (4/91)        
Git#7>remote: Compressing objects:   5% (5/91)        
Git#7>remote: Compressing objects:   6% (6/91)        
Git#7>remote: Compressing objects:   7% (7/91)        
Git#7>remote: Compressing objects:   8% (8/91)        
Git#7>remote: Compressing objects:   9% (9/91)        
Git#7>remote: Compressing objects:  10% (10/91)        
Git#7>remote: Compressing objects:  12% (11/91)        
Git#7>remote: Compressing objects:  13% (12/91)        
Git#7>remote: Compressing objects:  14% (13/91)        
Git#7>remote: Compressing objects:  15% (14/91)        
Git#7>remote: Compressing objects:  16% (15/91)        
Git#7>remote: Compressing objects:  17% (16/91)        
Git#7>remote: Compressing objects:  18% (17/91)        
Git#7>remote: Compressing objects:  19% (18/91)        
Git#7>remote: Compressing objects:  20% (19/91)        
Git#7>remote: Compressing objects:  21% (20/91)        
Git#7>remote: Compressing objects:  23% (21/91)        
Git#7>remote: Compressing objects:  24% (22/91)        
Git#7>remote: Compressing objects:  25% (23/91)        
Git#7>remote: Compressing objects:  26% (24/91)        
Git#7>remote: Compressing objects:  27% (25/91)        
Git#7>remote: Compressing objects:  28% (26/91)        
Git#7>remote: Compressing objects:  29% (27/91)        
Git#7>remote: Compressing objects:  30% (28/91)        
Git#7>remote: Compressing objects:  31% (29/91)        
Git#7>remote: Compressing objects:  32% (30/91)        
Git#7>remote: Compressing objects:  34% (31/91)        
Git#7>remote: Compressing objects:  35% (32/91)        
Git#7>remote: Compressing objects:  36% (33/91)        
Git#7>remote: Compressing objects:  37% (34/91)        
Git#7>remote: Compressing objects:  38% (35/91)        
Git#7>remote: Compressing objects:  39% (36/91)        
Git#7>remote: Compressing objects:  40% (37/91)        
Git#7>remote: Compressing objects:  41% (38/91)        
Git#7>remote: Compressing objects:  42% (39/91)        
Git#7>remote: Compressing objects:  43% (40/91)        
Git#7>remote: Compressing objects:  45% (41/91)        
Git#7>remote: Compressing objects:  46% (42/91)        
Git#7>remote: Compressing objects:  47% (43/91)        
Git#7>remote: Compressing objects:  48% (44/91)        
Git#7>remote: Compressing objects:  49% (45/91)        
Git#7>remote: Compressing objects:  50% (46/91)        
Git#7>remote: Compressing objects:  51% (47/91)        
Git#7>remote: Compressing objects:  52% (48/91)        
Git#7>remote: Compressing objects:  53% (49/91)        
Git#7>remote: Compressing objects:  54% (50/91)        
Git#7>remote: Compressing objects:  56% (51/91)        
Git#7>remote: Compressing objects:  57% (52/91)        
Git#7>remote: Compressing objects:  58% (53/91)        
Git#7>remote: Compressing objects:  59% (54/91)        
Git#7>remote: Compressing objects:  60% (55/91)        
Git#7>remote: Compressing objects:  61% (56/91)        
Git#7>remote: Compressing objects:  62% (57/91)        
Git#7>remote: Compressing objects:  63% (58/91)        
Git#7>remote: Compressing objects:  64% (59/91)        
Git#7>remote: Compressing objects:  65% (60/91)        
Git#7>remote: Compressing objects:  67% (61/91)        
Git#7>remote: Compressing objects:  68% (62/91)        
Git#7>remote: Compressing objects:  69% (63/91)        
Git#7>remote: Compressing objects:  70% (64/91)        
Git#7>remote: Compressing objects:  71% (65/91)        
Git#7>remote: Compressing objects:  72% (66/91)        
Git#7>remote: Compressing objects:  73% (67/91)        
Git#7>remote: Compressing objects:  74% (68/91)        
Git#7>remote: Compressing objects:  75% (69/91)        
Git#7>remote: Compressing objects:  76% (70/91)        
Git#7>remote: Compressing objects:  78% (71/91)        
Git#7>remote: Compressing objects:  79% (72/91)        
Git#7>remote: Compressing objects:  80% (73/91)        
Git#7>remote: Compressing objects:  81% (74/91)        
Git#7>remote: Compressing objects:  82% (75/91)        
Git#7>remote: Compressing objects:  83% (76/91)        
Git#7>remote: Compressing objects:  84% (77/91)        
Git#7>remote: Compressing objects:  85% (78/91)        
Git#7>remote: Compressing objects:  86% (79/91)        
Git#7>remote: Compressing objects:  87% (80/91)        
Git#7>remote: Compressing objects:  89% (81/91)        
Git#7>remote: Compressing objects:  90% (82/91)        
Git#7>remote: Compressing objects:  91% (83/91)        
Git#7>remote: Compressing objects:  92% (84/91)        
Git#7>remote: Compressing objects:  93% (85/91)        
Git#7>remote: Compressing objects:  94% (86/91)        
Git#7>remote: Compressing objects:  95% (87/91)        
Git#7>remote: Compressing objects:  96% (88/91)        
Git#7>remote: Compressing objects:  97% (89/91)        
Git#7>remote: Compressing objects:  98% (90/91)        
Git#7>remote: Compressing objects: 100% (91/91)        
Git#7>remote: Compressing objects: 100% (91/91), done.        
Git#8>remote: Enumerating objects: 113, done.        
Git#8>remote: Counting objects:   1% (1/70)        
Git#8>remote: Counting objects:   2% (2/70)        
Git#8>remote: Counting objects:   4% (3/70)        
Git#8>remote: Counting objects:   5% (4/70)        
Git#8>remote: Counting objects:   7% (5/70)        
Git#8>remote: Counting objects:   8% (6/70)        
Git#8>remote: Counting objects:  10% (7/70)        
Git#8>remote: Counting objects:  11% (8/70)        
Git#8>remote: Counting objects:  12% (9/70)        
Git#8>remote: Counting objects:  14% (10/70)        
Git#8>remote: Counting objects:  15% (11/70)        
Git#8>remote: Counting objects:  17% (12/70)        
Git#8>remote: Counting objects:  18% (13/70)        
Git#8>remote: Counting objects:  20% (14/70)        
Git#8>remote: Counting objects:  21% (15/70)        
Git#8>remote: Counting objects:  22% (16/70)        
Git#8>remote: Counting objects:  24% (17/70)        
Git#8>remote: Counting objects:  25% (18/70)        
Git#8>remote: Counting objects:  27% (19/70)        
Git#8>remote: Counting objects:  28% (20/70)        
Git#8>remote: Counting objects:  30% (21/70)        
Git#8>remote: Counting objects:  31% (22/70)        
Git#8>remote: Counting objects:  32% (23/70)        
Git#8>remote: Counting objects:  34% (24/70)        
Git#8>remote: Counting objects:  35% (25/70)        
Git#8>remote: Counting objects:  37% (26/70)        
Git#8>remote: Counting objects:  38% (27/70)        
Git#8>remote: Counting objects:  40% (28/70)        
Git#8>remote: Counting objects:  41% (29/70)        
Git#8>remote: Counting objects:  42% (30/70)        
Git#8>remote: Counting objects:  44% (31/70)        
Git#8>remote: Counting objects:  45% (32/70)        
Git#8>remote: Counting objects:  47% (33/70)        
Git#8>remote: Counting objects:  48% (34/70)        
Git#8>remote: Counting objects:  50% (35/70)        
Git#8>remote: Counting objects:  51% (36/70)        
Git#8>remote: Counting objects:  52% (37/70)        
Git#8>remote: Counting objects:  54% (38/70)        
Git#8>remote: Counting objects:  55% (39/70)        
Git#8>remote: Counting objects:  57% (40/70)        
Git#8>remote: Counting objects:  58% (41/70)        
Git#8>remote: Counting objects:  60% (42/70)        
Git#8>remote: Counting objects:  61% (43/70)        
Git#8>remote: Counting objects:  62% (44/70)        
Git#8>remote: Counting objects:  64% (45/70)        
Git#8>remote: Counting objects:  65% (46/70)        
Git#8>remote: Counting objects:  67% (47/70)        
Git#8>remote: Counting objects:  68% (48/70)        
Git#8>remote: Counting objects:  70% (49/70)        
Git#8>remote: Counting objects:  71% (50/70)        
Git#8>remote: Counting objects:  72% (51/70)        
Git#8>remote: Counting objects:  74% (52/70)        
Git#8>remote: Counting objects:  75% (53/70)        
Git#8>remote: Counting objects:  77% (54/70)        
Git#8>remote: Counting objects:  78% (55/70)        
Git#8>remote: Counting objects:  80% (56/70)        
Git#8>remote: Counting objects:  81% (57/70)        
Git#8>remote: Counting objects:  82% (58/70)        
Git#8>remote: Counting objects:  84% (59/70)        
Git#8>remote: Counting objects:  85% (60/70)        
Git#8>remote: Counting objects:  87% (61/70)        
Git#8>remote: Counting objects:  88% (62/70)        
Git#8>remote: Counting objects:  90% (63/70)        
Git#8>remote: Counting objects:  91% (64/70)        
Git#8>remote: Counting objects:  92% (65/70)        
Git#8>remote: Counting objects:  94% (66/70)        
Git#8>remote: Counting objects:  95% (67/70)        
Git#8>remote: Counting objects:  97% (68/70)        
Git#8>remote: Counting objects:  98% (69/70)        
Git#8>remote: Counting objects: 100% (70/70)        
Git#8>remote: Counting objects: 100% (70/70), done.        
Git#8>remote: Compressing objects:   2% (1/38)        
Git#8>remote: Compressing objects:   5% (2/38)        
Git#8>remote: Compressing objects:   7% (3/38)        
Git#8>remote: Compressing objects:  10% (4/38)        
Git#8>remote: Compressing objects:  13% (5/38)        
Git#8>remote: Compressing objects:  15% (6/38)        
Git#8>remote: Compressing objects:  18% (7/38)        
Git#8>remote: Compressing objects:  21% (8/38)        
Git#8>remote: Compressing objects:  23% (9/38)        
Git#8>remote: Compressing objects:  26% (10/38)        
Git#8>remote: Compressing objects:  28% (11/38)        
Git#8>remote: Compressing objects:  31% (12/38)        
Git#8>remote: Compressing objects:  34% (13/38)        
Git#8>remote: Compressing objects:  36% (14/38)        
Git#8>remote: Compressing objects:  39% (15/38)        
Git#8>remote: Compressing objects:  42% (16/38)        
Git#8>remote: Compressing objects:  44% (17/38)        
Git#8>remote: Compressing objects:  47% (18/38)        
Git#8>remote: Compressing objects:  50% (19/38)        
Git#8>remote: Compressing objects:  52% (20/38)        
Git#8>remote: Compressing objects:  55% (21/38)        
Git#8>remote: Compressing objects:  57% (22/38)        
Git#8>remote: Compressing objects:  60% (23/38)        
Git#8>remote: Compressing objects:  63% (24/38)        
Git#8>remote: Compressing objects:  65% (25/38)        
Git#8>remote: Compressing objects:  68% (26/38)        
Git#8>remote: Compressing objects:  71% (27/38)        
Git#8>remote: Compressing objects:  73% (28/38)        
Git#8>remote: Compressing objects:  76% (29/38)        
Git#8>remote: Compressing objects:  78% (30/38)        
Git#8>remote: Compressing objects:  81% (31/38)        
Git#8>remote: Compressing objects:  84% (32/38)        
Git#8>remote: Compressing objects:  86% (33/38)        
Git#8>remote: Compressing objects:  89% (34/38)        
Git#8>remote: Compressing objects:  92% (35/38)        
Git#8>remote: Compressing objects:  94% (36/38)        
Git#8>remote: Compressing objects:  97% (37/38)        
Git#8>remote: Compressing objects: 100% (38/38)        
Git#8>remote: Compressing objects: 100% (38/38), done.        
Git#6>Receiving objects:   1% (1/69)
Git#6>Receiving objects:   2% (2/69)
Git#6>Receiving objects:   4% (3/69)
Git#6>Receiving objects:   5% (4/69)
Git#6>Receiving objects:   7% (5/69)
Git#6>Receiving objects:   8% (6/69)
Git#6>Receiving objects:  10% (7/69)
Git#6>Receiving objects:  11% (8/69)
Git#6>Receiving objects:  13% (9/69)
Git#6>Receiving objects:  14% (10/69)
Git#6>Receiving objects:  15% (11/69)
Git#6>Receiving objects:  17% (12/69)
Git#6>Receiving objects:  18% (13/69)
Git#6>Receiving objects:  20% (14/69)
Git#6>Receiving objects:  21% (15/69)
Git#6>Receiving objects:  23% (16/69)
Git#6>Receiving objects:  24% (17/69)
Git#6>Receiving objects:  26% (18/69)
Git#6>Receiving objects:  27% (19/69)
Git#6>Receiving objects:  28% (20/69)
Git#6>Receiving objects:  30% (21/69)
Git#6>Receiving objects:  31% (22/69)
Git#6>Receiving objects:  33% (23/69)
Git#6>Receiving objects:  34% (24/69)
Git#6>Receiving objects:  36% (25/69)
Git#6>Receiving objects:  37% (26/69)
Git#6>Receiving objects:  39% (27/69)
Git#6>Receiving objects:  40% (28/69)
Git#6>Receiving objects:  42% (29/69)
Git#6>Receiving objects:  43% (30/69)
Git#6>Receiving objects:  44% (31/69)
Git#6>Receiving objects:  46% (32/69)
Git#6>Receiving objects:  47% (33/69)
Git#6>Receiving objects:  49% (34/69)
Git#6>Receiving objects:  50% (35/69)
Git#6>Receiving objects:  52% (36/69)
Git#6>Receiving objects:  53% (37/69)
Git#6>Receiving objects:  55% (38/69)
Git#6>Receiving objects:  56% (39/69)
Git#6>Receiving objects:  57% (40/69)
Git#6>Receiving objects:  59% (41/69)
Git#6>Receiving objects:  60% (42/69)
Git#6>Receiving objects:  62% (43/69)
Git#6>Receiving objects:  63% (44/69)
Git#6>Receiving objects:  65% (45/69)
Git#6>Receiving objects:  66% (46/69)
Git#6>Receiving objects:  68% (47/69)
Git#6>Receiving objects:  69% (48/69)
Git#6>Receiving objects:  71% (49/69)
Git#6>Receiving objects:  72% (50/69)
Git#6>Receiving objects:  73% (51/69)
Git#6>Receiving objects:  75% (52/69)
Git#6>Receiving objects:  76% (53/69)
Git#6>Receiving objects:  78% (54/69)
Git#6>Receiving objects:  79% (55/69)
Git#6>Receiving objects:  81% (56/69)
Git#6>Receiving objects:  82% (57/69)
Git#6>Receiving objects:  84% (58/69)
Git#6>Receiving objects:  85% (59/69)
Git#6>Receiving objects:  86% (60/69)
Git#6>Receiving objects:  88% (61/69)
Git#6>Receiving objects:  89% (62/69)
Git#6>Receiving objects:  91% (63/69)
Git#6>Receiving objects:  92% (64/69)
Git#6>Receiving objects:  94% (65/69)
Git#6>Receiving objects:  95% (66/69)
Git#6>Receiving objects:  97% (67/69)
Git#6>Receiving objects:  98% (68/69)
Git#6>Receiving objects: 100% (69/69)
Git#6>Receiving objects: 100% (69/69), 12.84 KiB | 1.61 MiB/s, done.
Git#7>remote: Total 99 (delta 15), reused 89 (delta 7), pack-reused 0 (from 0)        
Git#8>remote: Total 113 (delta 32), reused 65 (delta 32), pack-reused 43 (from 1)        
Git#6>Resolving deltas:   0% (0/17)
Git#6>Resolving deltas:   5% (1/17)
Git#6>Resolving deltas:  11% (2/17)
Git#6>Resolving deltas:  17% (3/17)
Git#6>Resolving deltas:  23% (4/17)
Git#6>Resolving deltas:  29% (5/17)
Git#6>Resolving deltas:  35% (6/17)
Git#6>Resolving deltas:  41% (7/17)
Git#6>Resolving deltas:  47% (8/17)
Git#6>Resolving deltas:  52% (9/17)
Git#6>Resolving deltas:  58% (10/17)
Git#6>Resolving deltas:  64% (11/17)
Git#6>Resolving deltas:  70% (12/17)
Git#6>Resolving deltas:  76% (13/17)
Git#6>Resolving deltas:  82% (14/17)
Git#6>Resolving deltas:  88% (15/17)
Git#6>Resolving deltas:  94% (16/17)
Git#6>Resolving deltas: 100% (17/17)
Git#6>Resolving deltas: 100% (17/17), done.
Git#7>Receiving objects:   1% (1/99)
Git#7>Receiving objects:   2% (2/99)
Git#7>Receiving objects:   3% (3/99)
Git#7>Receiving objects:   4% (4/99)
Git#7>Receiving objects:   5% (5/99)
Git#7>Receiving objects:   6% (6/99)
Git#7>Receiving objects:   7% (7/99)
Git#7>Receiving objects:   8% (8/99)
Git#7>Receiving objects:   9% (9/99)
Git#7>Receiving objects:  10% (10/99)
Git#7>Receiving objects:  11% (11/99)
Git#7>Receiving objects:  12% (12/99)
Git#7>Receiving objects:  13% (13/99)
Git#7>Receiving objects:  14% (14/99)
Git#7>Receiving objects:  15% (15/99)
Git#7>Receiving objects:  16% (16/99)
Git#7>Receiving objects:  17% (17/99)
Git#7>Receiving objects:  18% (18/99)
Git#7>Receiving objects:  19% (19/99)
Git#7>Receiving objects:  20% (20/99)
Git#7>Receiving objects:  21% (21/99)
Git#7>Receiving objects:  22% (22/99)
Git#7>Receiving objects:  23% (23/99)
Git#7>Receiving objects:  24% (24/99)
Git#7>Receiving objects:  25% (25/99)
Git#7>Receiving objects:  26% (26/99)
Git#7>Receiving objects:  27% (27/99)
Git#7>Receiving objects:  28% (28/99)
Git#7>Receiving objects:  29% (29/99)
Git#7>Receiving objects:  30% (30/99)
Git#7>Receiving objects:  31% (31/99)
Git#7>Receiving objects:  32% (32/99)
Git#7>Receiving objects:  33% (33/99)
Git#7>Receiving objects:  34% (34/99)
Git#7>Receiving objects:  35% (35/99)
Git#7>Receiving objects:  36% (36/99)
Git#7>Receiving objects:  37% (37/99)
Git#7>Receiving objects:  38% (38/99)
Git#7>Receiving objects:  39% (39/99)
Git#7>Receiving objects:  40% (40/99)
Git#7>Receiving objects:  41% (41/99)
Git#7>Receiving objects:  42% (42/99)
Git#7>Receiving objects:  43% (43/99)
Git#7>Receiving objects:  44% (44/99)
Git#7>Receiving objects:  45% (45/99)
Git#7>Receiving objects:  46% (46/99)
Git#7>Receiving objects:  47% (47/99)
Git#7>Receiving objects:  48% (48/99)
Git#7>Receiving objects:  49% (49/99)
Git#7>Receiving objects:  50% (50/99)
Git#7>Receiving objects:  51% (51/99)
Git#7>Receiving objects:  52% (52/99)
Git#7>Receiving objects:  53% (53/99)
Git#7>Receiving objects:  54% (54/99)
Git#7>Receiving objects:  55% (55/99)
Git#7>Receiving objects:  56% (56/99)
Git#7>Receiving objects:  57% (57/99)
Git#7>Receiving objects:  58% (58/99)
Git#7>Receiving objects:  59% (59/99)
Git#7>Receiving objects:  60% (60/99)
Git#7>Receiving objects:  61% (61/99)
Git#7>Receiving objects:  62% (62/99)
Git#7>Receiving objects:  63% (63/99)
Git#7>Receiving objects:  64% (64/99)
Git#7>Receiving objects:  65% (65/99)
Git#7>Receiving objects:  66% (66/99)
Git#7>Receiving objects:  67% (67/99)
Git#7>Receiving objects:  68% (68/99)
Git#7>Receiving objects:  69% (69/99)
Git#7>Receiving objects:  70% (70/99)
Git#7>Receiving objects:  71% (71/99)
Git#7>Receiving objects:  72% (72/99)
Git#7>Receiving objects:  73% (73/99)
Git#7>Receiving objects:  74% (74/99)
Git#7>Receiving objects:  75% (75/99)
Git#7>Receiving objects:  76% (76/99)
Git#7>Receiving objects:  77% (77/99)
Git#7>Receiving objects:  78% (78/99)
Git#7>Receiving objects:  79% (79/99)
Git#7>Receiving objects:  80% (80/99)
Git#7>Receiving objects:  81% (81/99)
Git#7>Receiving objects:  82% (82/99)
Git#7>Receiving objects:  83% (83/99)
Git#7>Receiving objects:  84% (84/99)
Git#7>Receiving objects:  85% (85/99)
Git#7>Receiving objects:  86% (86/99)
Git#7>Receiving objects:  87% (87/99)
Git#7>Receiving objects:  88% (88/99)
Git#7>Receiving objects:  89% (89/99)
Git#7>Receiving objects:  90% (90/99)
Git#7>Receiving objects:  91% (91/99)
Git#7>Receiving objects:  92% (92/99)
Git#7>Receiving objects:  93% (93/99)
Git#7>Receiving objects:  94% (94/99)
Git#7>Receiving objects:  95% (95/99)
Git#7>Receiving objects:  96% (96/99)
Git#7>Receiving objects:  97% (97/99)
Git#7>Receiving objects:  98% (98/99)
Git#7>Receiving objects: 100% (99/99)
Git#7>Receiving objects: 100% (99/99), 18.73 KiB | 2.08 MiB/s, done.
Git#8>Receiving objects:   0% (1/113)
Git#8>Receiving objects:   1% (2/113)
Git#8>Receiving objects:   2% (3/113)
Git#8>Receiving objects:   3% (4/113)
Git#8>Receiving objects:   4% (5/113)
Git#8>Receiving objects:   5% (6/113)
Git#8>Receiving objects:   6% (7/113)
Git#8>Receiving objects:   7% (8/113)
Git#8>Receiving objects:   8% (10/113)
Git#8>Receiving objects:   9% (11/113)
Git#8>Receiving objects:  10% (12/113)
Git#8>Receiving objects:  11% (13/113)
Git#8>Receiving objects:  12% (14/113)
Git#8>Receiving objects:  13% (15/113)
Git#8>Receiving objects:  14% (16/113)
Git#8>Receiving objects:  15% (17/113)
Git#8>Receiving objects:  16% (19/113)
Git#8>Receiving objects:  17% (20/113)
Git#8>Receiving objects:  18% (21/113)
Git#8>Receiving objects:  19% (22/113)
Git#8>Receiving objects:  20% (23/113)
Git#8>Receiving objects:  21% (24/113)
Git#8>Receiving objects:  22% (25/113)
Git#8>Receiving objects:  23% (26/113)
Git#8>Receiving objects:  24% (28/113)
Git#8>Receiving objects:  25% (29/113)
Git#8>Receiving objects:  26% (30/113)
Git#8>Receiving objects:  27% (31/113)
Git#8>Receiving objects:  28% (32/113)
Git#8>Receiving objects:  29% (33/113)
Git#8>Receiving objects:  30% (34/113)
Git#8>Receiving objects:  31% (36/113)
Git#8>Receiving objects:  32% (37/113)
Git#8>Receiving objects:  33% (38/113)
Git#8>Receiving objects:  34% (39/113)
Git#8>Receiving objects:  35% (40/113)
Git#8>Receiving objects:  36% (41/113)
Git#8>Receiving objects:  37% (42/113)
Git#8>Receiving objects:  38% (43/113)
Git#8>Receiving objects:  39% (45/113)
Git#8>Receiving objects:  40% (46/113)
Git#8>Receiving objects:  41% (47/113)
Git#8>Receiving objects:  42% (48/113)
Git#8>Receiving objects:  43% (49/113)
Git#8>Receiving objects:  44% (50/113)
Git#8>Receiving objects:  45% (51/113)
Git#8>Receiving objects:  46% (52/113)
Git#8>Receiving objects:  47% (54/113)
Git#8>Receiving objects:  48% (55/113)
Git#8>Receiving objects:  49% (56/113)
Git#8>Receiving objects:  50% (57/113)
Git#8>Receiving objects:  51% (58/113)
Git#8>Receiving objects:  52% (59/113)
Git#8>Receiving objects:  53% (60/113)
Git#8>Receiving objects:  54% (62/113)
Git#8>Receiving objects:  55% (63/113)
Git#8>Receiving objects:  56% (64/113)
Git#8>Receiving objects:  57% (65/113)
Git#8>Receiving objects:  58% (66/113)
Git#8>Receiving objects:  59% (67/113)
Git#8>Receiving objects:  60% (68/113)
Git#8>Receiving objects:  61% (69/113)
Git#8>Receiving objects:  62% (71/113)
Git#8>Receiving objects:  63% (72/113)
Git#8>Receiving objects:  64% (73/113)
Git#8>Receiving objects:  65% (74/113)
Git#8>Receiving objects:  66% (75/113)
Git#8>Receiving objects:  67% (76/113)
Git#8>Receiving objects:  68% (77/113)
Git#8>Receiving objects:  69% (78/113)
Git#8>Receiving objects:  70% (80/113)
Git#8>Receiving objects:  71% (81/113)
Git#8>Receiving objects:  72% (82/113)
Git#8>Receiving objects:  73% (83/113)
Git#8>Receiving objects:  74% (84/113)
Git#8>Receiving objects:  75% (85/113)
Git#8>Receiving objects:  76% (86/113)
Git#8>Receiving objects:  77% (88/113)
Git#8>Receiving objects:  78% (89/113)
Git#8>Receiving objects:  79% (90/113)
Git#8>Receiving objects:  80% (91/113)
Git#8>Receiving objects:  81% (92/113)
Git#8>Receiving objects:  82% (93/113)
Git#8>Receiving objects:  83% (94/113)
Git#8>Receiving objects:  84% (95/113)
Git#8>Receiving objects:  85% (97/113)
Git#8>Receiving objects:  86% (98/113)
Git#8>Receiving objects:  87% (99/113)
Git#8>Receiving objects:  88% (100/113)
Git#8>Receiving objects:  89% (101/113)
Git#8>Receiving objects:  90% (102/113)
Git#8>Receiving objects:  91% (103/113)
Git#8>Receiving objects:  92% (104/113)
Git#8>Receiving objects:  93% (106/113)
Git#8>Receiving objects:  94% (107/113)
Git#8>Receiving objects:  95% (108/113)
Git#8>Receiving objects:  96% (109/113)
Git#8>Receiving objects:  97% (110/113)
Git#8>Receiving objects:  98% (111/113)
Git#8>Receiving objects:  99% (112/113)
Git#8>Receiving objects: 100% (113/113)
Git#8>Receiving objects: 100% (113/113), 19.34 KiB | 2.15 MiB/s, done.
Git#7>Resolving deltas:   0% (0/15)
Git#7>Resolving deltas:   6% (1/15)
Git#7>Resolving deltas:  13% (2/15)
Git#7>Resolving deltas:  20% (3/15)
Git#7>Resolving deltas:  26% (4/15)
Git#7>Resolving deltas:  33% (5/15)
Git#7>Resolving deltas:  40% (6/15)
Git#7>Resolving deltas:  46% (7/15)
Git#7>Resolving deltas:  53% (8/15)
Git#7>Resolving deltas:  60% (9/15)
Git#7>Resolving deltas:  66% (10/15)
Git#7>Resolving deltas:  73% (11/15)
Git#7>Resolving deltas:  86% (13/15)
Git#7>Resolving deltas:  93% (14/15)
Git#7>Resolving deltas: 100% (15/15)
Git#7>Resolving deltas: 100% (15/15), done.
Git#8>Resolving deltas:   0% (0/35)
Git#8>Resolving deltas:   2% (1/35)
Git#8>Resolving deltas:   5% (2/35)
Git#8>Resolving deltas:   8% (3/35)
Git#8>Resolving deltas:  14% (5/35)
Git#8>Resolving deltas:  17% (6/35)
Git#8>Resolving deltas:  20% (7/35)
Git#8>Resolving deltas:  22% (8/35)
Git#8>Resolving deltas:  25% (9/35)
Git#8>Resolving deltas:  28% (10/35)
Git#8>Resolving deltas:  34% (12/35)
Git#8>Resolving deltas:  37% (13/35)
Git#8>Resolving deltas:  40% (14/35)
Git#8>Resolving deltas:  42% (15/35)
Git#8>Resolving deltas:  45% (16/35)
Git#8>Resolving deltas:  48% (17/35)
Git#8>Resolving deltas:  51% (18/35)
Git#8>Resolving deltas:  54% (19/35)
Git#8>Resolving deltas:  57% (20/35)
Git#8>Resolving deltas:  60% (21/35)
Git#8>Resolving deltas:  62% (22/35)
Git#8>Resolving deltas:  68% (24/35)
Git#8>Resolving deltas:  71% (25/35)
Git#8>Resolving deltas:  74% (26/35)
Git#8>Resolving deltas:  77% (27/35)
Git#8>Resolving deltas:  80% (28/35)
Git#8>Resolving deltas:  82% (29/35)
Git#8>Resolving deltas:  85% (30/35)
Git#8>Resolving deltas:  88% (31/35)
Git#8>Resolving deltas:  91% (32/35)
Git#8>Resolving deltas:  94% (33/35)
Git#8>Resolving deltas:  97% (34/35)
Git#8>Resolving deltas: 100% (35/35)
Git#8>Resolving deltas: 100% (35/35), done.
Git#6>Success: git -C C:/Users/rock4/GitHub/384.068-infineon/project/c-deployment/mtb_shared/retarget-io clone --progress --origin cypress --no-checkout --filter=blob:none https://github.com/cypresssemiconductorco/retarget-io release-v1.9.0
Git#10>Starting: git -C C:/Users/rock4/GitHub/384.068-infineon/project/c-deployment/mtb_shared/mtb-hal-cat1 clone --progress --origin cypress --no-checkout --filter=blob:none https://github.com/cypresssemiconductorco/mtb-hal-cat1 release-v2.7.4
Git#9>remote: Enumerating objects: 258, done.        
Git#7>Success: git -C C:/Users/rock4/GitHub/384.068-infineon/project/c-deployment/mtb_shared/cat1cm0p clone --progress --origin cypress --no-checkout --filter=blob:none https://github.com/Infineon/cat1cm0p release-v1.9.0
Git#11>Starting: git -C C:/Users/rock4/GitHub/384.068-infineon/project/c-deployment/mtb_shared/mtb-pdl-cat1 clone --progress --origin cypress --no-checkout --filter=blob:none https://github.com/cypresssemiconductorco/mtb-pdl-cat1 release-v3.19.0
Git#8>Success: git -C C:/Users/rock4/GitHub/384.068-infineon/project/c-deployment/mtb_shared/core-lib clone --progress --origin cypress --no-checkout --filter=blob:none https://github.com/cypresssemiconductorco/core-lib release-v1.6.0
Git#12>Starting: git -C C:/Users/rock4/GitHub/384.068-infineon/project/c-deployment/mtb_shared/recipe-make-cat1a clone --progress --origin cypress --no-checkout --filter=blob:none https://github.com/cypresssemiconductorco/recipe-make-cat1a release-v2.6.0
Git#9>remote: Counting objects:   0% (1/106)        
Git#9>remote: Counting objects:   1% (2/106)        
Git#9>remote: Counting objects:   2% (3/106)        
Git#9>remote: Counting objects:   3% (4/106)        
Git#9>remote: Counting objects:   4% (5/106)        
Git#9>remote: Counting objects:   5% (6/106)        
Git#9>remote: Counting objects:   6% (7/106)        
Git#9>remote: Counting objects:   7% (8/106)        
Git#9>remote: Counting objects:   8% (9/106)        
Git#9>remote: Counting objects:   9% (10/106)        
Git#9>remote: Counting objects:  10% (11/106)        
Git#9>remote: Counting objects:  11% (12/106)        
Git#9>remote: Counting objects:  12% (13/106)        
Git#9>remote: Counting objects:  13% (14/106)        
Git#9>remote: Counting objects:  14% (15/106)        
Git#9>remote: Counting objects:  15% (16/106)        
Git#9>remote: Counting objects:  16% (17/106)        
Git#9>remote: Counting objects:  17% (19/106)        
Git#9>remote: Counting objects:  18% (20/106)        
Git#9>remote: Counting objects:  19% (21/106)        
Git#9>remote: Counting objects:  20% (22/106)        
Git#9>remote: Counting objects:  21% (23/106)        
Git#9>remote: Counting objects:  22% (24/106)        
Git#9>remote: Counting objects:  23% (25/106)        
Git#9>remote: Counting objects:  24% (26/106)        
Git#9>remote: Counting objects:  25% (27/106)        
Git#9>remote: Counting objects:  26% (28/106)        
Git#9>remote: Counting objects:  27% (29/106)        
Git#9>remote: Counting objects:  28% (30/106)        
Git#9>remote: Counting objects:  29% (31/106)        
Git#9>remote: Counting objects:  30% (32/106)        
Git#9>remote: Counting objects:  31% (33/106)        
Git#9>remote: Counting objects:  32% (34/106)        
Git#9>remote: Counting objects:  33% (35/106)        
Git#9>remote: Counting objects:  34% (37/106)        
Git#9>remote: Counting objects:  35% (38/106)        
Git#9>remote: Counting objects:  36% (39/106)        
Git#9>remote: Counting objects:  37% (40/106)        
Git#9>remote: Counting objects:  38% (41/106)        
Git#9>remote: Counting objects:  39% (42/106)        
Git#9>remote: Counting objects:  40% (43/106)        
Git#9>remote: Counting objects:  41% (44/106)        
Git#9>remote: Counting objects:  42% (45/106)        
Git#9>remote: Counting objects:  43% (46/106)        
Git#9>remote: Counting objects:  44% (47/106)        
Git#9>remote: Counting objects:  45% (48/106)        
Git#9>remote: Counting objects:  46% (49/106)        
Git#9>remote: Counting objects:  47% (50/106)        
Git#9>remote: Counting objects:  48% (51/106)        
Git#9>remote: Counting objects:  49% (52/106)        
Git#9>remote: Counting objects:  50% (53/106)        
Git#9>remote: Counting objects:  51% (55/106)        
Git#9>remote: Counting objects:  52% (56/106)        
Git#9>remote: Counting objects:  53% (57/106)        
Git#9>remote: Counting objects:  54% (58/106)        
Git#9>remote: Counting objects:  55% (59/106)        
Git#9>remote: Counting objects:  56% (60/106)        
Git#9>remote: Counting objects:  57% (61/106)        
Git#9>remote: Counting objects:  58% (62/106)        
Git#9>remote: Counting objects:  59% (63/106)        
Git#9>remote: Counting objects:  60% (64/106)        
Git#9>remote: Counting objects:  61% (65/106)        
Git#9>remote: Counting objects:  62% (66/106)        
Git#9>remote: Counting objects:  63% (67/106)        
Git#9>remote: Counting objects:  64% (68/106)        
Git#9>remote: Counting objects:  65% (69/106)        
Git#9>remote: Counting objects:  66% (70/106)        
Git#9>remote: Counting objects:  67% (72/106)        
Git#9>remote: Counting objects:  68% (73/106)        
Git#9>remote: Counting objects:  69% (74/106)        
Git#9>remote: Counting objects:  70% (75/106)        
Git#9>remote: Counting objects:  71% (76/106)        
Git#9>remote: Counting objects:  72% (77/106)        
Git#9>remote: Counting objects:  73% (78/106)        
Git#9>remote: Counting objects:  74% (79/106)        
Git#9>remote: Counting objects:  75% (80/106)        
Git#9>remote: Counting objects:  76% (81/106)        
Git#9>remote: Counting objects:  77% (82/106)        
Git#9>remote: Counting objects:  78% (83/106)        
Git#9>remote: Counting objects:  79% (84/106)        
Git#9>remote: Counting objects:  80% (85/106)        
Git#9>remote: Counting objects:  81% (86/106)        
Git#9>remote: Counting objects:  82% (87/106)        
Git#9>remote: Counting objects:  83% (88/106)        
Git#9>remote: Counting objects:  84% (90/106)        
Git#9>remote: Counting objects:  85% (91/106)        
Git#9>remote: Counting objects:  86% (92/106)        
Git#9>remote: Counting objects:  87% (93/106)        
Git#9>remote: Counting objects:  88% (94/106)        
Git#9>remote: Counting objects:  89% (95/106)        
Git#9>remote: Counting objects:  90% (96/106)        
Git#9>remote: Counting objects:  91% (97/106)        
Git#9>remote: Counting objects:  92% (98/106)        
Git#9>remote: Counting objects:  93% (99/106)        
Git#9>remote: Counting objects:  94% (100/106)        
Git#9>remote: Counting objects:  95% (101/106)        
Git#9>remote: Counting objects:  96% (102/106)        
Git#9>remote: Counting objects:  97% (103/106)        
Git#9>remote: Counting objects:  98% (104/106)        
Git#9>remote: Counting objects:  99% (105/106)        
Git#9>remote: Counting objects: 100% (106/106)        
Git#9>remote: Counting objects: 100% (106/106), done.        
Git#9>remote: Compressing objects:   1% (1/65)        
Git#9>remote: Compressing objects:   3% (2/65)        
Git#9>remote: Compressing objects:   4% (3/65)        
Git#9>remote: Compressing objects:   6% (4/65)        
Git#9>remote: Compressing objects:   7% (5/65)        
Git#9>remote: Compressing objects:   9% (6/65)        
Git#9>remote: Compressing objects:  10% (7/65)        
Git#9>remote: Compressing objects:  12% (8/65)        
Git#9>remote: Compressing objects:  13% (9/65)        
Git#9>remote: Compressing objects:  15% (10/65)        
Git#9>remote: Compressing objects:  16% (11/65)        
Git#9>remote: Compressing objects:  18% (12/65)        
Git#9>remote: Compressing objects:  20% (13/65)        
Git#9>remote: Compressing objects:  21% (14/65)        
Git#9>remote: Compressing objects:  23% (15/65)        
Git#9>remote: Compressing objects:  24% (16/65)        
Git#9>remote: Compressing objects:  26% (17/65)        
Git#9>remote: Compressing objects:  27% (18/65)        
Git#9>remote: Compressing objects:  29% (19/65)        
Git#9>remote: Compressing objects:  30% (20/65)        
Git#9>remote: Compressing objects:  32% (21/65)        
Git#9>remote: Compressing objects:  33% (22/65)        
Git#9>remote: Compressing objects:  35% (23/65)        
Git#9>remote: Compressing objects:  36% (24/65)        
Git#9>remote: Compressing objects:  38% (25/65)        
Git#9>remote: Compressing objects:  40% (26/65)        
Git#9>remote: Compressing objects:  41% (27/65)        
Git#9>remote: Compressing objects:  43% (28/65)        
Git#9>remote: Compressing objects:  44% (29/65)        
Git#9>remote: Compressing objects:  46% (30/65)        
Git#9>remote: Compressing objects:  47% (31/65)        
Git#9>remote: Compressing objects:  49% (32/65)        
Git#9>remote: Compressing objects:  50% (33/65)        
Git#9>remote: Compressing objects:  52% (34/65)        
Git#9>remote: Compressing objects:  53% (35/65)        
Git#9>remote: Compressing objects:  55% (36/65)        
Git#9>remote: Compressing objects:  56% (37/65)        
Git#9>remote: Compressing objects:  58% (38/65)        
Git#9>remote: Compressing objects:  60% (39/65)        
Git#9>remote: Compressing objects:  61% (40/65)        
Git#9>remote: Compressing objects:  63% (41/65)        
Git#9>remote: Compressing objects:  64% (42/65)        
Git#9>remote: Compressing objects:  66% (43/65)        
Git#9>remote: Compressing objects:  67% (44/65)        
Git#9>remote: Compressing objects:  69% (45/65)        
Git#9>remote: Compressing objects:  70% (46/65)        
Git#9>remote: Compressing objects:  72% (47/65)        
Git#9>remote: Compressing objects:  73% (48/65)        
Git#9>remote: Compressing objects:  75% (49/65)        
Git#9>remote: Compressing objects:  76% (50/65)        
Git#9>remote: Compressing objects:  78% (51/65)        
Git#9>remote: Compressing objects:  80% (52/65)        
Git#9>remote: Compressing objects:  81% (53/65)        
Git#9>remote: Compressing objects:  83% (54/65)        
Git#9>remote: Compressing objects:  84% (55/65)        
Git#9>remote: Compressing objects:  86% (56/65)        
Git#9>remote: Compressing objects:  87% (57/65)        
Git#9>remote: Compressing objects:  89% (58/65)        
Git#9>remote: Compressing objects:  90% (59/65)        
Git#9>remote: Compressing objects:  92% (60/65)        
Git#9>remote: Compressing objects:  93% (61/65)        
Git#9>remote: Compressing objects:  95% (62/65)        
Git#9>remote: Compressing objects:  96% (63/65)        
Git#9>remote: Compressing objects:  98% (64/65)        
Git#9>remote: Compressing objects: 100% (65/65)        
Git#9>remote: Compressing objects: 100% (65/65), done.        
Git#9>Receiving objects:   0% (1/258)
Git#9>Receiving objects:   1% (3/258)
Git#9>Receiving objects:   2% (6/258)
Git#9>Receiving objects:   3% (8/258)
Git#9>Receiving objects:   4% (11/258)
Git#9>Receiving objects:   5% (13/258)
Git#9>Receiving objects:   6% (16/258)
Git#9>Receiving objects:   7% (19/258)
Git#9>Receiving objects:   8% (21/258)
Git#9>Receiving objects:   9% (24/258)
Git#9>Receiving objects:  10% (26/258)
Git#9>Receiving objects:  11% (29/258)
Git#9>Receiving objects:  12% (31/258)
Git#9>Receiving objects:  13% (34/258)
Git#9>Receiving objects:  14% (37/258)
Git#9>Receiving objects:  15% (39/258)
Git#9>Receiving objects:  16% (42/258)
Git#9>Receiving objects:  17% (44/258)
Git#9>Receiving objects:  18% (47/258)
Git#9>Receiving objects:  19% (50/258)
Git#9>Receiving objects:  20% (52/258)
Git#9>Receiving objects:  21% (55/258)
Git#9>Receiving objects:  22% (57/258)
Git#9>Receiving objects:  23% (60/258)
Git#10>Cloning into 'release-v2.7.4'...
Git#9>Receiving objects:  24% (62/258)
Git#9>Receiving objects:  25% (65/258)
Git#9>Receiving objects:  26% (68/258)
Git#9>Receiving objects:  27% (70/258)
Git#9>Receiving objects:  28% (73/258)
Git#9>Receiving objects:  29% (75/258)
Git#9>Receiving objects:  30% (78/258)
Git#9>Receiving objects:  31% (80/258)
Git#9>Receiving objects:  32% (83/258)
Git#9>Receiving objects:  33% (86/258)
Git#9>Receiving objects:  34% (88/258)
Git#9>Receiving objects:  35% (91/258)
Git#9>Receiving objects:  36% (93/258)
Git#9>Receiving objects:  37% (96/258)
Git#9>Receiving objects:  38% (99/258)
Git#9>Receiving objects:  39% (101/258)
Git#9>Receiving objects:  40% (104/258)
Git#9>Receiving objects:  41% (106/258)
Git#9>Receiving objects:  42% (109/258)
Git#9>Receiving objects:  43% (111/258)
Git#9>Receiving objects:  44% (114/258)
Git#9>Receiving objects:  45% (117/258)
Git#9>Receiving objects:  46% (119/258)
Git#9>Receiving objects:  47% (122/258)
Git#9>Receiving objects:  48% (124/258)
Git#9>Receiving objects:  49% (127/258)
Git#9>Receiving objects:  50% (129/258)
Git#9>Receiving objects:  51% (132/258)
Git#9>Receiving objects:  52% (135/258)
Git#9>Receiving objects:  53% (137/258)
Git#9>Receiving objects:  54% (140/258)
Git#9>Receiving objects:  55% (142/258)
Git#9>Receiving objects:  56% (145/258)
Git#9>Receiving objects:  57% (148/258)
Git#9>Receiving objects:  58% (150/258)
Git#9>Receiving objects:  59% (153/258)
Git#9>Receiving objects:  60% (155/258)
Git#9>Receiving objects:  61% (158/258)
Git#9>Receiving objects:  62% (160/258)
Git#9>Receiving objects:  63% (163/258)
Git#9>Receiving objects:  64% (166/258)
Git#9>Receiving objects:  65% (168/258)
Git#9>Receiving objects:  66% (171/258)
Git#9>Receiving objects:  67% (173/258)
Git#9>Receiving objects:  68% (176/258)
Git#9>Receiving objects:  69% (179/258)
Git#9>Receiving objects:  70% (181/258)
Git#9>Receiving objects:  71% (184/258)
Git#9>Receiving objects:  72% (186/258)
Git#9>remote: Total 258 (delta 29), reused 92 (delta 21), pack-reused 152 (from 1)        
Git#9>Receiving objects:  73% (189/258)
Git#9>Receiving objects:  74% (191/258)
Git#9>Receiving objects:  75% (194/258)
Git#9>Receiving objects:  76% (197/258)
Git#9>Receiving objects:  77% (199/258)
Git#9>Receiving objects:  78% (202/258)
Git#9>Receiving objects:  79% (204/258)
Git#9>Receiving objects:  80% (207/258)
Git#9>Receiving objects:  81% (209/258)
Git#9>Receiving objects:  82% (212/258)
Git#9>Receiving objects:  83% (215/258)
Git#9>Receiving objects:  84% (217/258)
Git#9>Receiving objects:  85% (220/258)
Git#9>Receiving objects:  86% (222/258)
Git#9>Receiving objects:  87% (225/258)
Git#9>Receiving objects:  88% (228/258)
Git#9>Receiving objects:  89% (230/258)
Git#9>Receiving objects:  90% (233/258)
Git#9>Receiving objects:  91% (235/258)
Git#9>Receiving objects:  92% (238/258)
Git#9>Receiving objects:  93% (240/258)
Git#9>Receiving objects:  94% (243/258)
Git#9>Receiving objects:  95% (246/258)
Git#9>Receiving objects:  96% (248/258)
Git#9>Receiving objects:  97% (251/258)
Git#9>Receiving objects:  98% (253/258)
Git#9>Receiving objects:  99% (256/258)
Git#9>Receiving objects: 100% (258/258)
Git#9>Receiving objects: 100% (258/258), 32.51 KiB | 1.48 MiB/s, done.
Git#9>Resolving deltas:   0% (0/72)
Git#9>Resolving deltas:   1% (1/72)
Git#9>Resolving deltas:   2% (2/72)
Git#9>Resolving deltas:   4% (3/72)
Git#9>Resolving deltas:   5% (4/72)
Git#9>Resolving deltas:   6% (5/72)
Git#9>Resolving deltas:  11% (8/72)
Git#9>Resolving deltas:  12% (9/72)
Git#9>Resolving deltas:  13% (10/72)
Git#9>Resolving deltas:  15% (11/72)
Git#9>Resolving deltas:  18% (13/72)
Git#9>Resolving deltas:  19% (14/72)
Git#9>Resolving deltas:  20% (15/72)
Git#9>Resolving deltas:  22% (16/72)
Git#9>Resolving deltas:  23% (17/72)
Git#9>Resolving deltas:  25% (18/72)
Git#9>Resolving deltas:  27% (20/72)
Git#9>Resolving deltas:  29% (21/72)
Git#9>Resolving deltas:  30% (22/72)
Git#9>Resolving deltas:  31% (23/72)
Git#9>Resolving deltas:  37% (27/72)
Git#9>Resolving deltas:  38% (28/72)
Git#9>Resolving deltas:  40% (29/72)
Git#9>Resolving deltas:  41% (30/72)
Git#9>Resolving deltas:  43% (31/72)
Git#9>Resolving deltas:  45% (33/72)
Git#9>Resolving deltas:  47% (34/72)
Git#9>Resolving deltas:  48% (35/72)
Git#9>Resolving deltas:  51% (37/72)
Git#9>Resolving deltas:  52% (38/72)
Git#9>Resolving deltas:  58% (42/72)
Git#9>Resolving deltas:  61% (44/72)
Git#9>Resolving deltas:  62% (45/72)
Git#9>Resolving deltas:  63% (46/72)
Git#9>Resolving deltas:  66% (48/72)
Git#9>Resolving deltas:  68% (49/72)
Git#9>Resolving deltas:  69% (50/72)
Git#9>Resolving deltas:  72% (52/72)
Git#9>Resolving deltas:  73% (53/72)
Git#9>Resolving deltas:  76% (55/72)
Git#9>Resolving deltas:  77% (56/72)
Git#9>Resolving deltas:  80% (58/72)
Git#11>Cloning into 'release-v3.19.0'...
Git#9>Resolving deltas:  81% (59/72)
Git#9>Resolving deltas:  83% (60/72)
Git#9>Resolving deltas:  86% (62/72)
Git#9>Resolving deltas:  87% (63/72)
Git#9>Resolving deltas:  88% (64/72)
Git#9>Resolving deltas:  93% (67/72)
Git#9>Resolving deltas:  94% (68/72)
Git#9>Resolving deltas:  95% (69/72)
Git#9>Resolving deltas:  97% (70/72)
Git#9>Resolving deltas:  98% (71/72)
Git#9>Resolving deltas: 100% (72/72)
Git#9>Resolving deltas: 100% (72/72), done.
Git#12>Cloning into 'release-v2.6.0'...
Git#9>Success: git -C C:/Users/rock4/GitHub/384.068-infineon/project/c-deployment/mtb_shared/core-make clone --progress --origin cypress --no-checkout --filter=blob:none https://github.com/cypresssemiconductorco/core-make release-v3.8.0
Git#13>Starting: git -C C:/Users/rock4/.modustoolbox/global/device-db clone --progress --origin cypress --no-checkout --filter=blob:none https://github.com/Infineon/device-db release-v4.35.0
Git#13>Cloning into 'release-v4.35.0'...
Git#11>remote: Enumerating objects: 2222, done.        
Git#11>remote: Counting objects:   0% (1/163)        
Git#11>remote: Counting objects:   1% (2/163)        
Git#11>remote: Counting objects:   2% (4/163)        
Git#11>remote: Counting objects:   3% (5/163)        
Git#11>remote: Counting objects:   4% (7/163)        
Git#11>remote: Counting objects:   5% (9/163)        
Git#11>remote: Counting objects:   6% (10/163)        
Git#11>remote: Counting objects:   7% (12/163)        
Git#11>remote: Counting objects:   8% (14/163)        
Git#11>remote: Counting objects:   9% (15/163)        
Git#11>remote: Counting objects:  10% (17/163)        
Git#11>remote: Counting objects:  11% (18/163)        
Git#11>remote: Counting objects:  12% (20/163)        
Git#11>remote: Counting objects:  13% (22/163)        
Git#11>remote: Counting objects:  14% (23/163)        
Git#11>remote: Counting objects:  15% (25/163)        
Git#11>remote: Counting objects:  16% (27/163)        
Git#11>remote: Counting objects:  17% (28/163)        
Git#11>remote: Counting objects:  18% (30/163)        
Git#11>remote: Counting objects:  19% (31/163)        
Git#11>remote: Counting objects:  20% (33/163)        
Git#11>remote: Counting objects:  21% (35/163)        
Git#11>remote: Counting objects:  22% (36/163)        
Git#11>remote: Counting objects:  23% (38/163)        
Git#11>remote: Counting objects:  24% (40/163)        
Git#11>remote: Counting objects:  25% (41/163)        
Git#11>remote: Counting objects:  26% (43/163)        
Git#11>remote: Counting objects:  27% (45/163)        
Git#11>remote: Counting objects:  28% (46/163)        
Git#11>remote: Counting objects:  29% (48/163)        
Git#11>remote: Counting objects:  30% (49/163)        
Git#11>remote: Counting objects:  31% (51/163)        
Git#11>remote: Counting objects:  32% (53/163)        
Git#11>remote: Counting objects:  33% (54/163)        
Git#11>remote: Counting objects:  34% (56/163)        
Git#11>remote: Counting objects:  35% (58/163)        
Git#11>remote: Counting objects:  36% (59/163)        
Git#11>remote: Counting objects:  37% (61/163)        
Git#11>remote: Counting objects:  38% (62/163)        
Git#11>remote: Counting objects:  39% (64/163)        
Git#11>remote: Counting objects:  40% (66/163)        
Git#11>remote: Counting objects:  41% (67/163)        
Git#11>remote: Counting objects:  42% (69/163)        
Git#11>remote: Counting objects:  43% (71/163)        
Git#11>remote: Counting objects:  44% (72/163)        
Git#11>remote: Counting objects:  45% (74/163)        
Git#11>remote: Counting objects:  46% (75/163)        
Git#11>remote: Counting objects:  47% (77/163)        
Git#11>remote: Counting objects:  48% (79/163)        
Git#11>remote: Counting objects:  49% (80/163)        
Git#11>remote: Counting objects:  50% (82/163)        
Git#11>remote: Counting objects:  51% (84/163)        
Git#11>remote: Counting objects:  52% (85/163)        
Git#11>remote: Counting objects:  53% (87/163)        
Git#11>remote: Counting objects:  54% (89/163)        
Git#11>remote: Counting objects:  55% (90/163)        
Git#11>remote: Counting objects:  56% (92/163)        
Git#11>remote: Counting objects:  57% (93/163)        
Git#11>remote: Counting objects:  58% (95/163)        
Git#11>remote: Counting objects:  59% (97/163)        
Git#11>remote: Counting objects:  60% (98/163)        
Git#11>remote: Counting objects:  61% (100/163)        
Git#11>remote: Counting objects:  62% (102/163)        
Git#11>remote: Counting objects:  63% (103/163)        
Git#11>remote: Counting objects:  64% (105/163)        
Git#11>remote: Counting objects:  65% (106/163)        
Git#11>remote: Counting objects:  66% (108/163)        
Git#11>remote: Counting objects:  67% (110/163)        
Git#11>remote: Counting objects:  68% (111/163)        
Git#11>remote: Counting objects:  69% (113/163)        
Git#11>remote: Counting objects:  70% (115/163)        
Git#11>remote: Counting objects:  71% (116/163)        
Git#11>remote: Counting objects:  72% (118/163)        
Git#11>remote: Counting objects:  73% (119/163)        
Git#11>remote: Counting objects:  74% (121/163)        
Git#11>remote: Counting objects:  75% (123/163)        
Git#11>remote: Counting objects:  76% (124/163)        
Git#11>remote: Counting objects:  77% (126/163)        
Git#11>remote: Counting objects:  78% (128/163)        
Git#11>remote: Counting objects:  79% (129/163)        
Git#11>remote: Counting objects:  80% (131/163)        
Git#11>remote: Counting objects:  81% (133/163)        
Git#11>remote: Counting objects:  82% (134/163)        
Git#11>remote: Counting objects:  83% (136/163)        
Git#11>remote: Counting objects:  84% (137/163)        
Git#11>remote: Counting objects:  85% (139/163)        
Git#11>remote: Counting objects:  86% (141/163)        
Git#11>remote: Counting objects:  87% (142/163)        
Git#11>remote: Counting objects:  88% (144/163)        
Git#11>remote: Counting objects:  89% (146/163)        
Git#11>remote: Counting objects:  90% (147/163)        
Git#11>remote: Counting objects:  91% (149/163)        
Git#11>remote: Counting objects:  92% (150/163)        
Git#11>remote: Counting objects:  93% (152/163)        
Git#11>remote: Counting objects:  94% (154/163)        
Git#11>remote: Counting objects:  95% (155/163)        
Git#11>remote: Counting objects:  96% (157/163)        
Git#11>remote: Counting objects:  97% (159/163)        
Git#11>remote: Counting objects:  98% (160/163)        
Git#11>remote: Counting objects:  99% (162/163)        
Git#11>remote: Counting objects: 100% (163/163)        
Git#11>remote: Counting objects: 100% (163/163), done.        
Git#11>remote: Compressing objects:   0% (1/132)        
Git#11>remote: Compressing objects:   1% (2/132)        
Git#11>remote: Compressing objects:   2% (3/132)        
Git#11>remote: Compressing objects:   3% (4/132)        
Git#11>remote: Compressing objects:   4% (6/132)        
Git#11>remote: Compressing objects:   5% (7/132)        
Git#11>remote: Compressing objects:   6% (8/132)        
Git#11>remote: Compressing objects:   7% (10/132)        
Git#11>remote: Compressing objects:   8% (11/132)        
Git#11>remote: Compressing objects:   9% (12/132)        
Git#11>remote: Compressing objects:  10% (14/132)        
Git#11>remote: Compressing objects:  11% (15/132)        
Git#11>remote: Compressing objects:  12% (16/132)        
Git#11>remote: Compressing objects:  13% (18/132)        
Git#11>remote: Compressing objects:  14% (19/132)        
Git#11>remote: Compressing objects:  15% (20/132)        
Git#11>remote: Compressing objects:  16% (22/132)        
Git#11>remote: Compressing objects:  17% (23/132)        
Git#11>remote: Compressing objects:  18% (24/132)        
Git#11>remote: Compressing objects:  19% (26/132)        
Git#11>remote: Compressing objects:  20% (27/132)        
Git#11>remote: Compressing objects:  21% (28/132)        
Git#11>remote: Compressing objects:  22% (30/132)        
Git#11>remote: Compressing objects:  23% (31/132)        
Git#11>remote: Compressing objects:  24% (32/132)        
Git#11>remote: Compressing objects:  25% (33/132)        
Git#11>remote: Compressing objects:  26% (35/132)        
Git#11>remote: Compressing objects:  27% (36/132)        
Git#12>remote: Enumerating objects: 337, done.        
Git#12>remote: Counting objects:   0% (1/337)        
Git#12>remote: Counting objects:   1% (4/337)        
Git#12>remote: Counting objects:   2% (7/337)        
Git#12>remote: Counting objects:   3% (11/337)        
Git#12>remote: Counting objects:   4% (14/337)        
Git#12>remote: Counting objects:   5% (17/337)        
Git#12>remote: Counting objects:   6% (21/337)        
Git#12>remote: Counting objects:   7% (24/337)        
Git#12>remote: Counting objects:   8% (27/337)        
Git#12>remote: Counting objects:   9% (31/337)        
Git#12>remote: Counting objects:  10% (34/337)        
Git#12>remote: Counting objects:  11% (38/337)        
Git#12>remote: Counting objects:  12% (41/337)        
Git#12>remote: Counting objects:  13% (44/337)        
Git#12>remote: Counting objects:  14% (48/337)        
Git#12>remote: Counting objects:  15% (51/337)        
Git#12>remote: Counting objects:  16% (54/337)        
Git#12>remote: Counting objects:  17% (58/337)        
Git#12>remote: Counting objects:  18% (61/337)        
Git#12>remote: Counting objects:  19% (65/337)        
Git#12>remote: Counting objects:  20% (68/337)        
Git#12>remote: Counting objects:  21% (71/337)        
Git#12>remote: Counting objects:  22% (75/337)        
Git#12>remote: Counting objects:  23% (78/337)        
Git#12>remote: Counting objects:  24% (81/337)        
Git#12>remote: Counting objects:  25% (85/337)        
Git#12>remote: Counting objects:  26% (88/337)        
Git#12>remote: Counting objects:  27% (91/337)        
Git#12>remote: Counting objects:  28% (95/337)        
Git#12>remote: Counting objects:  29% (98/337)        
Git#12>remote: Counting objects:  30% (102/337)        
Git#12>remote: Counting objects:  31% (105/337)        
Git#12>remote: Counting objects:  32% (108/337)        
Git#12>remote: Counting objects:  33% (112/337)        
Git#12>remote: Counting objects:  34% (115/337)        
Git#12>remote: Counting objects:  35% (118/337)        
Git#12>remote: Counting objects:  36% (122/337)        
Git#12>remote: Counting objects:  37% (125/337)        
Git#12>remote: Counting objects:  38% (129/337)        
Git#12>remote: Counting objects:  39% (132/337)        
Git#12>remote: Counting objects:  40% (135/337)        
Git#12>remote: Counting objects:  41% (139/337)        
Git#12>remote: Counting objects:  42% (142/337)        
Git#12>remote: Counting objects:  43% (145/337)        
Git#12>remote: Counting objects:  44% (149/337)        
Git#12>remote: Counting objects:  45% (152/337)        
Git#12>remote: Counting objects:  46% (156/337)        
Git#12>remote: Counting objects:  47% (159/337)        
Git#12>remote: Counting objects:  48% (162/337)        
Git#12>remote: Counting objects:  49% (166/337)        
Git#12>remote: Counting objects:  50% (169/337)        
Git#12>remote: Counting objects:  51% (172/337)        
Git#12>remote: Counting objects:  52% (176/337)        
Git#12>remote: Counting objects:  53% (179/337)        
Git#12>remote: Counting objects:  54% (182/337)        
Git#12>remote: Counting objects:  55% (186/337)        
Git#12>remote: Counting objects:  56% (189/337)        
Git#12>remote: Counting objects:  57% (193/337)        
Git#12>remote: Counting objects:  58% (196/337)        
Git#12>remote: Counting objects:  59% (199/337)        
Git#12>remote: Counting objects:  60% (203/337)        
Git#12>remote: Counting objects:  61% (206/337)        
Git#12>remote: Counting objects:  62% (209/337)        
Git#12>remote: Counting objects:  63% (213/337)        
Git#12>remote: Counting objects:  64% (216/337)        
Git#12>remote: Counting objects:  65% (220/337)        
Git#12>remote: Counting objects:  66% (223/337)        
Git#12>remote: Counting objects:  67% (226/337)        
Git#12>remote: Counting objects:  68% (230/337)        
Git#12>remote: Counting objects:  69% (233/337)        
Git#12>remote: Counting objects:  70% (236/337)        
Git#12>remote: Counting objects:  71% (240/337)        
Git#12>remote: Counting objects:  72% (243/337)        
Git#12>remote: Counting objects:  73% (247/337)        
Git#12>remote: Counting objects:  74% (250/337)        
Git#12>remote: Counting objects:  75% (253/337)        
Git#12>remote: Counting objects:  76% (257/337)        
Git#12>remote: Counting objects:  77% (260/337)        
Git#12>remote: Counting objects:  78% (263/337)        
Git#12>remote: Counting objects:  79% (267/337)        
Git#12>remote: Counting objects:  80% (270/337)        
Git#12>remote: Counting objects:  81% (273/337)        
Git#12>remote: Counting objects:  82% (277/337)        
Git#12>remote: Counting objects:  83% (280/337)        
Git#12>remote: Counting objects:  84% (284/337)        
Git#12>remote: Counting objects:  85% (287/337)        
Git#12>remote: Counting objects:  86% (290/337)        
Git#12>remote: Counting objects:  87% (294/337)        
Git#12>remote: Counting objects:  88% (297/337)        
Git#12>remote: Counting objects:  89% (300/337)        
Git#12>remote: Counting objects:  90% (304/337)        
Git#12>remote: Counting objects:  91% (307/337)        
Git#12>remote: Counting objects:  92% (311/337)        
Git#12>remote: Counting objects:  93% (314/337)        
Git#12>remote: Counting objects:  94% (317/337)        
Git#12>remote: Counting objects:  95% (321/337)        
Git#12>remote: Counting objects:  96% (324/337)        
Git#12>remote: Counting objects:  97% (327/337)        
Git#12>remote: Counting objects:  98% (331/337)        
Git#12>remote: Counting objects:  99% (334/337)        
Git#12>remote: Counting objects: 100% (337/337)        
Git#12>remote: Counting objects: 100% (337/337), done.        
Git#12>remote: Compressing objects:   0% (1/253)        
Git#12>remote: Compressing objects:   1% (3/253)        
Git#12>remote: Compressing objects:   2% (6/253)        
Git#12>remote: Compressing objects:   3% (8/253)        
Git#12>remote: Compressing objects:   4% (11/253)        
Git#12>remote: Compressing objects:   5% (13/253)        
Git#12>remote: Compressing objects:   6% (16/253)        
Git#12>remote: Compressing objects:   7% (18/253)        
Git#12>remote: Compressing objects:   8% (21/253)        
Git#12>remote: Compressing objects:   9% (23/253)        
Git#12>remote: Compressing objects:  10% (26/253)        
Git#12>remote: Compressing objects:  11% (28/253)        
Git#12>remote: Compressing objects:  12% (31/253)        
Git#12>remote: Compressing objects:  13% (33/253)        
Git#12>remote: Compressing objects:  14% (36/253)        
Git#12>remote: Compressing objects:  15% (38/253)        
Git#12>remote: Compressing objects:  16% (41/253)        
Git#12>remote: Compressing objects:  17% (44/253)        
Git#12>remote: Compressing objects:  18% (46/253)        
Git#12>remote: Compressing objects:  19% (49/253)        
Git#12>remote: Compressing objects:  20% (51/253)        
Git#12>remote: Compressing objects:  21% (54/253)        
Git#12>remote: Compressing objects:  22% (56/253)        
Git#12>remote: Compressing objects:  23% (59/253)        
Git#12>remote: Compressing objects:  24% (61/253)        
Git#12>remote: Compressing objects:  25% (64/253)        
Git#12>remote: Compressing objects:  26% (66/253)        
Git#12>remote: Compressing objects:  27% (69/253)        
Git#12>remote: Compressing objects:  28% (71/253)        
Git#12>remote: Compressing objects:  29% (74/253)        
Git#12>remote: Compressing objects:  30% (76/253)        
Git#12>remote: Compressing objects:  31% (79/253)        
Git#12>remote: Compressing objects:  32% (81/253)        
Git#12>remote: Compressing objects:  33% (84/253)        
Git#12>remote: Compressing objects:  34% (87/253)        
Git#12>remote: Compressing objects:  35% (89/253)        
Git#12>remote: Compressing objects:  36% (92/253)        
Git#12>remote: Compressing objects:  37% (94/253)        
Git#12>remote: Compressing objects:  38% (97/253)        
Git#12>remote: Compressing objects:  39% (99/253)        
Git#12>remote: Compressing objects:  40% (102/253)        
Git#12>remote: Compressing objects:  41% (104/253)        
Git#12>remote: Compressing objects:  42% (107/253)        
Git#12>remote: Compressing objects:  43% (109/253)        
Git#12>remote: Compressing objects:  44% (112/253)        
Git#12>remote: Compressing objects:  45% (114/253)        
Git#12>remote: Compressing objects:  46% (117/253)        
Git#12>remote: Compressing objects:  47% (119/253)        
Git#12>remote: Compressing objects:  48% (122/253)        
Git#12>remote: Compressing objects:  49% (124/253)        
Git#12>remote: Compressing objects:  50% (127/253)        
Git#12>remote: Compressing objects:  51% (130/253)        
Git#12>remote: Compressing objects:  52% (132/253)        
Git#12>remote: Compressing objects:  53% (135/253)        
Git#12>remote: Compressing objects:  54% (137/253)        
Git#12>remote: Compressing objects:  55% (140/253)        
Git#12>remote: Compressing objects:  56% (142/253)        
Git#12>remote: Compressing objects:  57% (145/253)        
Git#12>remote: Compressing objects:  58% (147/253)        
Git#12>remote: Compressing objects:  59% (150/253)        
Git#12>remote: Compressing objects:  60% (152/253)        
Git#12>remote: Compressing objects:  61% (155/253)        
Git#12>remote: Compressing objects:  62% (157/253)        
Git#12>remote: Compressing objects:  63% (160/253)        
Git#12>remote: Compressing objects:  64% (162/253)        
Git#12>remote: Compressing objects:  65% (165/253)        
Git#12>remote: Compressing objects:  66% (167/253)        
Git#12>remote: Compressing objects:  67% (170/253)        
Git#12>remote: Compressing objects:  68% (173/253)        
Git#12>remote: Compressing objects:  69% (175/253)        
Git#12>remote: Compressing objects:  70% (178/253)        
Git#12>remote: Compressing objects:  71% (180/253)        
Git#12>remote: Compressing objects:  72% (183/253)        
Git#12>remote: Compressing objects:  73% (185/253)        
Git#12>remote: Compressing objects:  74% (188/253)        
Git#12>remote: Compressing objects:  75% (190/253)        
Git#12>remote: Compressing objects:  76% (193/253)        
Git#12>remote: Compressing objects:  77% (195/253)        
Git#12>remote: Compressing objects:  78% (198/253)        
Git#12>remote: Compressing objects:  79% (200/253)        
Git#12>remote: Compressing objects:  80% (203/253)        
Git#12>remote: Compressing objects:  81% (205/253)        
Git#12>remote: Compressing objects:  82% (208/253)        
Git#12>remote: Compressing objects:  83% (210/253)        
Git#12>remote: Compressing objects:  84% (213/253)        
Git#12>remote: Compressing objects:  85% (216/253)        
Git#12>remote: Compressing objects:  86% (218/253)        
Git#12>remote: Compressing objects:  87% (221/253)        
Git#12>remote: Compressing objects:  88% (223/253)        
Git#12>remote: Compressing objects:  89% (226/253)        
Git#12>remote: Compressing objects:  90% (228/253)        
Git#12>remote: Compressing objects:  91% (231/253)        
Git#12>remote: Compressing objects:  92% (233/253)        
Git#12>remote: Compressing objects:  93% (236/253)        
Git#12>remote: Compressing objects:  94% (238/253)        
Git#12>remote: Compressing objects:  95% (241/253)        
Git#12>remote: Compressing objects:  96% (243/253)        
Git#12>remote: Compressing objects:  97% (246/253)        
Git#12>remote: Compressing objects:  98% (248/253)        
Git#12>remote: Compressing objects:  99% (251/253)        
Git#12>remote: Compressing objects: 100% (253/253)        
Git#12>remote: Compressing objects: 100% (253/253), done.        
Git#10>remote: Enumerating objects: 353, done.        
Git#10>remote: Counting objects:   1% (1/94)        
Git#10>remote: Counting objects:   2% (2/94)        
Git#10>remote: Counting objects:   3% (3/94)        
Git#10>remote: Counting objects:   4% (4/94)        
Git#10>remote: Counting objects:   5% (5/94)        
Git#10>remote: Counting objects:   6% (6/94)        
Git#10>remote: Counting objects:   7% (7/94)        
Git#10>remote: Counting objects:   8% (8/94)        
Git#10>remote: Counting objects:   9% (9/94)        
Git#10>remote: Counting objects:  10% (10/94)        
Git#10>remote: Counting objects:  11% (11/94)        
Git#10>remote: Counting objects:  12% (12/94)        
Git#10>remote: Counting objects:  13% (13/94)        
Git#10>remote: Counting objects:  14% (14/94)        
Git#10>remote: Counting objects:  15% (15/94)        
Git#10>remote: Counting objects:  17% (16/94)        
Git#10>remote: Counting objects:  18% (17/94)        
Git#10>remote: Counting objects:  19% (18/94)        
Git#10>remote: Counting objects:  20% (19/94)        
Git#10>remote: Counting objects:  21% (20/94)        
Git#10>remote: Counting objects:  22% (21/94)        
Git#10>remote: Counting objects:  23% (22/94)        
Git#10>remote: Counting objects:  24% (23/94)        
Git#10>remote: Counting objects:  25% (24/94)        
Git#10>remote: Counting objects:  26% (25/94)        
Git#10>remote: Counting objects:  27% (26/94)        
Git#10>remote: Counting objects:  28% (27/94)        
Git#10>remote: Counting objects:  29% (28/94)        
Git#10>remote: Counting objects:  30% (29/94)        
Git#10>remote: Counting objects:  31% (30/94)        
Git#10>remote: Counting objects:  32% (31/94)        
Git#10>remote: Counting objects:  34% (32/94)        
Git#10>remote: Counting objects:  35% (33/94)        
Git#10>remote: Counting objects:  36% (34/94)        
Git#10>remote: Counting objects:  37% (35/94)        
Git#10>remote: Counting objects:  38% (36/94)        
Git#10>remote: Counting objects:  39% (37/94)        
Git#10>remote: Counting objects:  40% (38/94)        
Git#10>remote: Counting objects:  41% (39/94)        
Git#10>remote: Counting objects:  42% (40/94)        
Git#10>remote: Counting objects:  43% (41/94)        
Git#10>remote: Counting objects:  44% (42/94)        
Git#10>remote: Counting objects:  45% (43/94)        
Git#10>remote: Counting objects:  46% (44/94)        
Git#10>remote: Counting objects:  47% (45/94)        
Git#10>remote: Counting objects:  48% (46/94)        
Git#10>remote: Counting objects:  50% (47/94)        
Git#10>remote: Counting objects:  51% (48/94)        
Git#10>remote: Counting objects:  52% (49/94)        
Git#10>remote: Counting objects:  53% (50/94)        
Git#10>remote: Counting objects:  54% (51/94)        
Git#10>remote: Counting objects:  55% (52/94)        
Git#10>remote: Counting objects:  56% (53/94)        
Git#10>remote: Counting objects:  57% (54/94)        
Git#10>remote: Counting objects:  58% (55/94)        
Git#10>remote: Counting objects:  59% (56/94)        
Git#10>remote: Counting objects:  60% (57/94)        
Git#10>remote: Counting objects:  61% (58/94)        
Git#10>remote: Counting objects:  62% (59/94)        
Git#10>remote: Counting objects:  63% (60/94)        
Git#10>remote: Counting objects:  64% (61/94)        
Git#10>remote: Counting objects:  65% (62/94)        
Git#10>remote: Counting objects:  67% (63/94)        
Git#10>remote: Counting objects:  68% (64/94)        
Git#10>remote: Counting objects:  69% (65/94)        
Git#10>remote: Counting objects:  70% (66/94)        
Git#10>remote: Counting objects:  71% (67/94)        
Git#10>remote: Counting objects:  72% (68/94)        
Git#10>remote: Counting objects:  73% (69/94)        
Git#10>remote: Counting objects:  74% (70/94)        
Git#10>remote: Counting objects:  75% (71/94)        
Git#10>remote: Counting objects:  76% (72/94)        
Git#10>remote: Counting objects:  77% (73/94)        
Git#10>remote: Counting objects:  78% (74/94)        
Git#10>remote: Counting objects:  79% (75/94)        
Git#10>remote: Counting objects:  80% (76/94)        
Git#10>remote: Counting objects:  81% (77/94)        
Git#10>remote: Counting objects:  82% (78/94)        
Git#10>remote: Counting objects:  84% (79/94)        
Git#10>remote: Counting objects:  85% (80/94)        
Git#10>remote: Counting objects:  86% (81/94)        
Git#10>remote: Counting objects:  87% (82/94)        
Git#10>remote: Counting objects:  88% (83/94)        
Git#10>remote: Counting objects:  89% (84/94)        
Git#10>remote: Counting objects:  90% (85/94)        
Git#10>remote: Counting objects:  91% (86/94)        
Git#10>remote: Counting objects:  92% (87/94)        
Git#10>remote: Counting objects:  93% (88/94)        
Git#10>remote: Counting objects:  94% (89/94)        
Git#10>remote: Counting objects:  95% (90/94)        
Git#10>remote: Counting objects:  96% (91/94)        
Git#10>remote: Counting objects:  97% (92/94)        
Git#10>remote: Counting objects:  98% (93/94)        
Git#10>remote: Counting objects: 100% (94/94)        
Git#10>remote: Counting objects: 100% (94/94), done.        
Git#10>remote: Compressing objects:   1% (1/68)        
Git#10>remote: Compressing objects:   2% (2/68)        
Git#10>remote: Compressing objects:   4% (3/68)        
Git#10>remote: Compressing objects:   5% (4/68)        
Git#10>remote: Compressing objects:   7% (5/68)        
Git#10>remote: Compressing objects:   8% (6/68)        
Git#10>remote: Compressing objects:  10% (7/68)        
Git#10>remote: Compressing objects:  11% (8/68)        
Git#10>remote: Compressing objects:  13% (9/68)        
Git#10>remote: Compressing objects:  14% (10/68)        
Git#10>remote: Compressing objects:  16% (11/68)        
Git#10>remote: Compressing objects:  17% (12/68)        
Git#10>remote: Compressing objects:  19% (13/68)        
Git#10>remote: Compressing objects:  20% (14/68)        
Git#10>remote: Compressing objects:  22% (15/68)        
Git#10>remote: Compressing objects:  23% (16/68)        
Git#10>remote: Compressing objects:  25% (17/68)        
Git#10>remote: Compressing objects:  26% (18/68)        
Git#10>remote: Compressing objects:  27% (19/68)        
Git#10>remote: Compressing objects:  29% (20/68)        
Git#10>remote: Compressing objects:  30% (21/68)        
Git#10>remote: Compressing objects:  32% (22/68)        
Git#10>remote: Compressing objects:  33% (23/68)        
Git#10>remote: Compressing objects:  35% (24/68)        
Git#10>remote: Compressing objects:  36% (25/68)        
Git#10>remote: Compressing objects:  38% (26/68)        
Git#10>remote: Compressing objects:  39% (27/68)        
Git#10>remote: Compressing objects:  41% (28/68)        
Git#10>remote: Compressing objects:  42% (29/68)        
Git#10>remote: Compressing objects:  44% (30/68)        
Git#10>remote: Compressing objects:  45% (31/68)        
Git#10>remote: Compressing objects:  47% (32/68)        
Git#10>remote: Compressing objects:  48% (33/68)        
Git#10>remote: Compressing objects:  50% (34/68)        
Git#10>remote: Compressing objects:  51% (35/68)        
Git#10>remote: Compressing objects:  52% (36/68)        
Git#10>remote: Compressing objects:  54% (37/68)        
Git#10>remote: Compressing objects:  55% (38/68)        
Git#10>remote: Compressing objects:  57% (39/68)        
Git#10>remote: Compressing objects:  58% (40/68)        
Git#10>remote: Compressing objects:  60% (41/68)        
Git#10>remote: Compressing objects:  61% (42/68)        
Git#10>remote: Compressing objects:  63% (43/68)        
Git#10>remote: Compressing objects:  64% (44/68)        
Git#10>remote: Compressing objects:  66% (45/68)        
Git#10>remote: Compressing objects:  67% (46/68)        
Git#10>remote: Compressing objects:  69% (47/68)        
Git#10>remote: Compressing objects:  70% (48/68)        
Git#10>remote: Compressing objects:  72% (49/68)        
Git#10>remote: Compressing objects:  73% (50/68)        
Git#10>remote: Compressing objects:  75% (51/68)        
Git#10>remote: Compressing objects:  76% (52/68)        
Git#10>remote: Compressing objects:  77% (53/68)        
Git#10>remote: Compressing objects:  79% (54/68)        
Git#10>remote: Compressing objects:  80% (55/68)        
Git#10>remote: Compressing objects:  82% (56/68)        
Git#10>remote: Compressing objects:  83% (57/68)        
Git#10>remote: Compressing objects:  85% (58/68)        
Git#10>remote: Compressing objects:  86% (59/68)        
Git#10>remote: Compressing objects:  88% (60/68)        
Git#10>remote: Compressing objects:  89% (61/68)        
Git#10>remote: Compressing objects:  91% (62/68)        
Git#10>remote: Compressing objects:  92% (63/68)        
Git#10>remote: Compressing objects:  94% (64/68)        
Git#10>remote: Compressing objects:  95% (65/68)        
Git#10>remote: Compressing objects:  97% (66/68)        
Git#10>remote: Compressing objects:  98% (67/68)        
Git#10>remote: Compressing objects: 100% (68/68)        
Git#10>remote: Compressing objects: 100% (68/68), done.        
Git#11>remote: Compressing objects:  28% (37/132)        
Git#11>remote: Compressing objects:  29% (39/132)        
Git#11>remote: Compressing objects:  30% (40/132)        
Git#11>remote: Compressing objects:  31% (41/132)        
Git#11>remote: Compressing objects:  32% (43/132)        
Git#11>remote: Compressing objects:  33% (44/132)        
Git#11>remote: Compressing objects:  34% (45/132)        
Git#11>remote: Compressing objects:  35% (47/132)        
Git#11>remote: Compressing objects:  36% (48/132)        
Git#11>remote: Compressing objects:  37% (49/132)        
Git#11>remote: Compressing objects:  38% (51/132)        
Git#11>remote: Compressing objects:  39% (52/132)        
Git#11>remote: Compressing objects:  40% (53/132)        
Git#11>remote: Compressing objects:  41% (55/132)        
Git#11>remote: Compressing objects:  42% (56/132)        
Git#11>remote: Compressing objects:  43% (57/132)        
Git#11>remote: Compressing objects:  44% (59/132)        
Git#11>remote: Compressing objects:  45% (60/132)        
Git#11>remote: Compressing objects:  46% (61/132)        
Git#11>remote: Compressing objects:  47% (63/132)        
Git#11>remote: Compressing objects:  48% (64/132)        
Git#11>remote: Compressing objects:  49% (65/132)        
Git#11>remote: Compressing objects:  50% (66/132)        
Git#11>remote: Compressing objects:  51% (68/132)        
Git#11>remote: Compressing objects:  52% (69/132)        
Git#11>remote: Compressing objects:  53% (70/132)        
Git#11>remote: Compressing objects:  54% (72/132)        
Git#11>remote: Compressing objects:  55% (73/132)        
Git#11>remote: Compressing objects:  56% (74/132)        
Git#11>remote: Compressing objects:  57% (76/132)        
Git#11>remote: Compressing objects:  58% (77/132)        
Git#11>remote: Compressing objects:  59% (78/132)        
Git#11>remote: Compressing objects:  60% (80/132)        
Git#11>remote: Compressing objects:  61% (81/132)        
Git#11>remote: Compressing objects:  62% (82/132)        
Git#11>remote: Compressing objects:  63% (84/132)        
Git#11>remote: Compressing objects:  64% (85/132)        
Git#11>remote: Compressing objects:  65% (86/132)        
Git#11>remote: Compressing objects:  66% (88/132)        
Git#11>remote: Compressing objects:  67% (89/132)        
Git#11>remote: Compressing objects:  68% (90/132)        
Git#11>remote: Compressing objects:  69% (92/132)        
Git#11>remote: Compressing objects:  70% (93/132)        
Git#11>remote: Compressing objects:  71% (94/132)        
Git#11>remote: Compressing objects:  72% (96/132)        
Git#11>remote: Compressing objects:  73% (97/132)        
Git#11>remote: Compressing objects:  74% (98/132)        
Git#11>remote: Compressing objects:  75% (99/132)        
Git#11>remote: Compressing objects:  76% (101/132)        
Git#11>remote: Compressing objects:  77% (102/132)        
Git#11>remote: Compressing objects:  78% (103/132)        
Git#11>remote: Compressing objects:  79% (105/132)        
Git#11>remote: Compressing objects:  80% (106/132)        
Git#11>remote: Compressing objects:  81% (107/132)        
Git#11>remote: Compressing objects:  82% (109/132)        
Git#11>remote: Compressing objects:  83% (110/132)        
Git#11>remote: Compressing objects:  84% (111/132)        
Git#11>remote: Compressing objects:  85% (113/132)        
Git#11>remote: Compressing objects:  86% (114/132)        
Git#11>remote: Compressing objects:  87% (115/132)        
Git#11>remote: Compressing objects:  88% (117/132)        
Git#11>remote: Compressing objects:  89% (118/132)        
Git#11>remote: Compressing objects:  90% (119/132)        
Git#11>remote: Compressing objects:  91% (121/132)        
Git#11>remote: Compressing objects:  92% (122/132)        
Git#11>remote: Compressing objects:  93% (123/132)        
Git#11>remote: Compressing objects:  94% (125/132)        
Git#11>remote: Compressing objects:  95% (126/132)        
Git#11>remote: Compressing objects:  96% (127/132)        
Git#11>remote: Compressing objects:  97% (129/132)        
Git#11>remote: Compressing objects:  98% (130/132)        
Git#11>remote: Compressing objects:  99% (131/132)        
Git#11>remote: Compressing objects: 100% (132/132)        
Git#11>remote: Compressing objects: 100% (132/132), done.        
Git#12>remote: Total 337 (delta 78), reused 318 (delta 61), pack-reused 0 (from 0)        
Git#10>Receiving objects:   0% (1/353)
Git#11>Receiving objects:   0% (1/2222)
Git#12>Receiving objects:   0% (1/337)
Git#10>Receiving objects:   1% (4/353)
Git#10>Receiving objects:   2% (8/353)
Git#10>Receiving objects:   3% (11/353)
Git#10>Receiving objects:   4% (15/353)
Git#10>Receiving objects:   5% (18/353)
Git#10>Receiving objects:   6% (22/353)
Git#10>Receiving objects:   7% (25/353)
Git#10>Receiving objects:   8% (29/353)
Git#12>Receiving objects:   1% (4/337)
Git#12>Receiving objects:   2% (7/337)
Git#12>Receiving objects:   3% (11/337)
Git#12>Receiving objects:   4% (14/337)
Git#12>Receiving objects:   5% (17/337)
Git#12>Receiving objects:   6% (21/337)
Git#11>Receiving objects:   1% (23/2222)
Git#12>Receiving objects:   7% (24/337)
Git#12>Receiving objects:   8% (27/337)
Git#12>Receiving objects:   9% (31/337)
Git#12>Receiving objects:  10% (34/337)
Git#12>Receiving objects:  11% (38/337)
Git#12>Receiving objects:  12% (41/337)
Git#12>Receiving objects:  13% (44/337)
Git#12>Receiving objects:  14% (48/337)
Git#12>Receiving objects:  15% (51/337)
Git#10>Receiving objects:   9% (32/353)
Git#10>Receiving objects:  10% (36/353)
Git#10>Receiving objects:  11% (39/353)
Git#10>Receiving objects:  12% (43/353)
Git#10>Receiving objects:  13% (46/353)
Git#10>Receiving objects:  14% (50/353)
Git#10>Receiving objects:  15% (53/353)
Git#10>Receiving objects:  16% (57/353)
Git#10>Receiving objects:  17% (61/353)
Git#10>Receiving objects:  18% (64/353)
Git#10>Receiving objects:  19% (68/353)
Git#11>Receiving objects:   2% (45/2222)
Git#12>Receiving objects:  16% (54/337)
Git#12>Receiving objects:  17% (58/337)
Git#12>Receiving objects:  18% (61/337)
Git#12>Receiving objects:  19% (65/337)
Git#12>Receiving objects:  20% (68/337)
Git#12>Receiving objects:  21% (71/337)
Git#12>Receiving objects:  22% (75/337)
Git#10>Receiving objects:  20% (71/353)
Git#10>Receiving objects:  21% (75/353)
Git#10>Receiving objects:  22% (78/353)
Git#10>Receiving objects:  23% (82/353)
Git#10>Receiving objects:  24% (85/353)
Git#10>Receiving objects:  25% (89/353)
Git#10>Receiving objects:  26% (92/353)
Git#10>Receiving objects:  27% (96/353)
Git#10>Receiving objects:  28% (99/353)
Git#10>Receiving objects:  29% (103/353)
Git#10>Receiving objects:  30% (106/353)
Git#10>Receiving objects:  31% (110/353)
Git#12>Receiving objects:  23% (78/337)
Git#12>Receiving objects:  24% (81/337)
Git#12>Receiving objects:  25% (85/337)
Git#12>Receiving objects:  26% (88/337)
Git#12>Receiving objects:  27% (91/337)
Git#12>Receiving objects:  28% (95/337)
Git#12>Receiving objects:  29% (98/337)
Git#12>Receiving objects:  30% (102/337)
Git#12>Receiving objects:  31% (105/337)
Git#12>Receiving objects:  32% (108/337)
Git#11>Receiving objects:   3% (67/2222)
Git#10>Receiving objects:  32% (113/353)
Git#12>Receiving objects:  33% (112/337)
Git#12>Receiving objects:  34% (115/337)
Git#12>Receiving objects:  35% (118/337)
Git#12>Receiving objects:  36% (122/337)
Git#12>Receiving objects:  37% (125/337)
Git#12>Receiving objects:  38% (129/337)
Git#12>Receiving objects:  39% (132/337)
Git#12>Receiving objects:  40% (135/337)
Git#12>Receiving objects:  41% (139/337)
Git#12>Receiving objects:  42% (142/337)
Git#12>Receiving objects:  43% (145/337)
Git#12>Receiving objects:  44% (149/337)
Git#12>Receiving objects:  45% (152/337)
Git#12>Receiving objects:  46% (156/337)
Git#12>Receiving objects:  47% (159/337)
Git#12>Receiving objects:  48% (162/337)
Git#12>Receiving objects:  49% (166/337)
Git#12>Receiving objects:  50% (169/337)
Git#12>Receiving objects:  51% (172/337)
Git#12>Receiving objects:  52% (176/337)
Git#12>Receiving objects:  53% (179/337)
Git#12>Receiving objects:  54% (182/337)
Git#12>Receiving objects:  55% (186/337)
Git#12>Receiving objects:  56% (189/337)
Git#12>Receiving objects:  57% (193/337)
Git#12>Receiving objects:  58% (196/337)
Git#11>Receiving objects:   4% (89/2222)
Git#10>Receiving objects:  33% (117/353)
Git#10>Receiving objects:  34% (121/353)
Git#10>Receiving objects:  35% (124/353)
Git#12>Receiving objects:  59% (199/337)
Git#12>Receiving objects:  60% (203/337)
Git#12>Receiving objects:  61% (206/337)
Git#12>Receiving objects:  62% (209/337)
Git#12>Receiving objects:  63% (213/337)
Git#12>Receiving objects:  64% (216/337)
Git#10>Receiving objects:  36% (128/353)
Git#10>Receiving objects:  37% (131/353)
Git#10>Receiving objects:  38% (135/353)
Git#10>Receiving objects:  39% (138/353)
Git#10>Receiving objects:  40% (142/353)
Git#10>Receiving objects:  41% (145/353)
Git#10>Receiving objects:  42% (149/353)
Git#10>Receiving objects:  43% (152/353)
Git#10>Receiving objects:  44% (156/353)
Git#10>Receiving objects:  45% (159/353)
Git#11>Receiving objects:   5% (112/2222)
Git#12>Receiving objects:  65% (220/337)
Git#12>Receiving objects:  66% (223/337)
Git#12>Receiving objects:  67% (226/337)
Git#12>Receiving objects:  68% (230/337)
Git#12>Receiving objects:  69% (233/337)
Git#12>Receiving objects:  70% (236/337)
Git#12>Receiving objects:  71% (240/337)
Git#12>Receiving objects:  72% (243/337)
Git#12>Receiving objects:  73% (247/337)
Git#12>Receiving objects:  74% (250/337)
Git#12>Receiving objects:  75% (253/337)
Git#10>Receiving objects:  46% (163/353)
Git#10>Receiving objects:  47% (166/353)
Git#10>Receiving objects:  48% (170/353)
Git#10>Receiving objects:  49% (173/353)
Git#10>Receiving objects:  50% (177/353)
Git#10>Receiving objects:  51% (181/353)
Git#12>Receiving objects:  76% (257/337)
Git#12>Receiving objects:  77% (260/337)
Git#12>Receiving objects:  78% (263/337)
Git#12>Receiving objects:  79% (267/337)
Git#12>Receiving objects:  80% (270/337)
Git#12>Receiving objects:  81% (273/337)
Git#12>Receiving objects:  82% (277/337)
Git#12>Receiving objects:  83% (280/337)
Git#12>Receiving objects:  84% (284/337)
Git#12>Receiving objects:  85% (287/337)
Git#12>Receiving objects:  86% (290/337)
Git#12>Receiving objects:  87% (294/337)
Git#12>Receiving objects:  88% (297/337)
Git#12>Receiving objects:  89% (300/337)
Git#12>Receiving objects:  90% (304/337)
Git#12>Receiving objects:  91% (307/337)
Git#12>Receiving objects:  92% (311/337)
Git#12>Receiving objects:  93% (314/337)
Git#12>Receiving objects:  94% (317/337)
Git#12>Receiving objects:  95% (321/337)
Git#12>Receiving objects:  96% (324/337)
Git#12>Receiving objects:  97% (327/337)
Git#12>Receiving objects:  98% (331/337)
Git#12>Receiving objects:  99% (334/337)
Git#12>Receiving objects: 100% (337/337)
Git#12>Receiving objects: 100% (337/337), 35.84 KiB | 1.56 MiB/s, done.
Git#10>Receiving objects:  52% (184/353)
Git#10>Receiving objects:  53% (188/353)
Git#10>Receiving objects:  54% (191/353)
Git#10>Receiving objects:  55% (195/353)
Git#10>Receiving objects:  56% (198/353)
Git#10>Receiving objects:  57% (202/353)
Git#10>Receiving objects:  58% (205/353)
Git#10>Receiving objects:  59% (209/353)
Git#10>Receiving objects:  60% (212/353)
Git#10>Receiving objects:  61% (216/353)
Git#10>Receiving objects:  62% (219/353)
Git#10>Receiving objects:  63% (223/353)
Git#10>Receiving objects:  64% (226/353)
Git#10>Receiving objects:  65% (230/353)
Git#10>Receiving objects:  66% (233/353)
Git#10>remote: Total 353 (delta 30), reused 84 (delta 26), pack-reused 259 (from 1)        
Git#10>Receiving objects:  67% (237/353)
Git#10>Receiving objects:  68% (241/353)
Git#10>Receiving objects:  69% (244/353)
Git#11>Receiving objects:   6% (134/2222)
Git#11>Receiving objects:   7% (156/2222)
Git#10>Receiving objects:  70% (248/353)
Git#10>Receiving objects:  71% (251/353)
Git#10>Receiving objects:  72% (255/353)
Git#10>Receiving objects:  73% (258/353)
Git#10>Receiving objects:  74% (262/353)
Git#10>Receiving objects:  75% (265/353)
Git#10>Receiving objects:  76% (269/353)
Git#10>Receiving objects:  77% (272/353)
Git#10>Receiving objects:  78% (276/353)
Git#10>Receiving objects:  79% (279/353)
Git#10>Receiving objects:  80% (283/353)
Git#10>Receiving objects:  81% (286/353)
Git#10>Receiving objects:  82% (290/353)
Git#10>Receiving objects:  83% (293/353)
Git#10>Receiving objects:  84% (297/353)
Git#10>Receiving objects:  85% (301/353)
Git#10>Receiving objects:  86% (304/353)
Git#10>Receiving objects:  87% (308/353)
Git#10>Receiving objects:  88% (311/353)
Git#10>Receiving objects:  89% (315/353)
Git#10>Receiving objects:  90% (318/353)
Git#11>Receiving objects:   8% (178/2222)
Git#11>Receiving objects:   9% (200/2222)
Git#11>Receiving objects:  10% (223/2222)
Git#10>Receiving objects:  91% (322/353)
Git#10>Receiving objects:  92% (325/353)
Git#10>Receiving objects:  93% (329/353)
Git#10>Receiving objects:  94% (332/353)
Git#10>Receiving objects:  95% (336/353)
Git#10>Receiving objects:  96% (339/353)
Git#10>Receiving objects:  97% (343/353)
Git#10>Receiving objects:  98% (346/353)
Git#10>Receiving objects:  99% (350/353)
Git#10>Receiving objects: 100% (353/353)
Git#10>Receiving objects: 100% (353/353), 183.45 KiB | 5.73 MiB/s, done.
Git#11>Receiving objects:  11% (245/2222)
Git#11>Receiving objects:  12% (267/2222)
Git#11>Receiving objects:  13% (289/2222)
Git#12>Resolving deltas:   0% (0/78)
Git#12>Resolving deltas:   1% (1/78)
Git#12>Resolving deltas:   2% (2/78)
Git#12>Resolving deltas:   3% (3/78)
Git#12>Resolving deltas:   7% (6/78)
Git#12>Resolving deltas:   8% (7/78)
Git#12>Resolving deltas:  11% (9/78)
Git#12>Resolving deltas:  12% (10/78)
Git#12>Resolving deltas:  14% (11/78)
Git#12>Resolving deltas:  17% (14/78)
Git#12>Resolving deltas:  23% (18/78)
Git#11>Receiving objects:  14% (312/2222)
Git#11>Receiving objects:  15% (334/2222)
Git#11>Receiving objects:  16% (356/2222)
Git#12>Resolving deltas:  24% (19/78)
Git#12>Resolving deltas:  25% (20/78)
Git#12>Resolving deltas:  26% (21/78)
Git#12>Resolving deltas:  28% (22/78)
Git#12>Resolving deltas:  34% (27/78)
Git#12>Resolving deltas:  35% (28/78)
Git#12>Resolving deltas:  37% (29/78)
Git#12>Resolving deltas:  38% (30/78)
Git#12>Resolving deltas:  41% (32/78)
Git#12>Resolving deltas:  42% (33/78)
Git#12>Resolving deltas:  46% (36/78)
Git#12>Resolving deltas:  47% (37/78)
Git#12>Resolving deltas:  48% (38/78)
Git#12>Resolving deltas:  50% (39/78)
Git#12>Resolving deltas:  52% (41/78)
Git#12>Resolving deltas:  53% (42/78)
Git#12>Resolving deltas:  55% (43/78)
Git#12>Resolving deltas:  56% (44/78)
Git#12>Resolving deltas:  60% (47/78)
Git#12>Resolving deltas:  61% (48/78)
Git#12>Resolving deltas:  66% (52/78)
Git#12>Resolving deltas:  67% (53/78)
Git#11>Receiving objects:  17% (378/2222)
Git#11>Receiving objects:  18% (400/2222)
Git#12>Resolving deltas:  69% (54/78)
Git#12>Resolving deltas:  70% (55/78)
Git#12>Resolving deltas:  75% (59/78)
Git#12>Resolving deltas:  76% (60/78)
Git#12>Resolving deltas:  83% (65/78)
Git#12>Resolving deltas:  85% (67/78)
Git#12>Resolving deltas:  88% (69/78)
Git#12>Resolving deltas:  89% (70/78)
Git#12>Resolving deltas:  91% (71/78)
Git#12>Resolving deltas:  92% (72/78)
Git#12>Resolving deltas: 100% (78/78)
Git#11>Receiving objects:  19% (423/2222)
Git#11>Receiving objects:  20% (445/2222)
Git#12>Resolving deltas: 100% (78/78), done.
Git#10>Resolving deltas:   0% (0/106)
Git#10>Resolving deltas:   1% (2/106)
Git#10>Resolving deltas:   2% (3/106)
Git#10>Resolving deltas:   3% (4/106)
Git#10>Resolving deltas:   4% (5/106)
Git#10>Resolving deltas:   7% (8/106)
Git#10>Resolving deltas:   8% (9/106)
Git#10>Resolving deltas:   9% (10/106)
Git#10>Resolving deltas:  10% (11/106)
Git#10>Resolving deltas:  11% (12/106)
Git#10>Resolving deltas:  12% (13/106)
Git#10>Resolving deltas:  13% (14/106)
Git#10>Resolving deltas:  15% (16/106)
Git#10>Resolving deltas:  16% (17/106)
Git#10>Resolving deltas:  17% (19/106)
Git#10>Resolving deltas:  18% (20/106)
Git#10>Resolving deltas:  19% (21/106)
Git#10>Resolving deltas:  20% (22/106)
Git#10>Resolving deltas:  21% (23/106)
Git#10>Resolving deltas:  22% (24/106)
Git#10>Resolving deltas:  23% (25/106)
Git#10>Resolving deltas:  24% (26/106)
Git#10>Resolving deltas:  25% (27/106)
Git#10>Resolving deltas:  26% (28/106)
Git#10>Resolving deltas:  27% (29/106)
Git#10>Resolving deltas:  29% (31/106)
Git#10>Resolving deltas:  30% (32/106)
Git#10>Resolving deltas:  31% (33/106)
Git#10>Resolving deltas:  32% (34/106)
Git#10>Resolving deltas:  34% (37/106)
Git#10>Resolving deltas:  35% (38/106)
Git#10>Resolving deltas:  38% (41/106)
Git#10>Resolving deltas:  39% (42/106)
Git#10>Resolving deltas:  40% (43/106)
Git#10>Resolving deltas:  44% (47/106)
Git#10>Resolving deltas:  45% (48/106)
Git#10>Resolving deltas:  46% (49/106)
Git#10>Resolving deltas:  50% (54/106)
Git#10>Resolving deltas:  51% (55/106)
Git#10>Resolving deltas:  54% (58/106)
Git#10>Resolving deltas:  55% (59/106)
Git#10>Resolving deltas:  56% (60/106)
Git#10>Resolving deltas:  57% (61/106)
Git#10>Resolving deltas:  60% (64/106)
Git#10>Resolving deltas:  61% (65/106)
Git#10>Resolving deltas:  62% (66/106)
Git#10>Resolving deltas:  63% (67/106)
Git#10>Resolving deltas:  64% (68/106)
Git#11>Receiving objects:  21% (467/2222)
Git#11>Receiving objects:  22% (489/2222)
Git#10>Resolving deltas:  65% (69/106)
Git#10>Resolving deltas:  66% (70/106)
Git#10>Resolving deltas:  68% (73/106)
Git#10>Resolving deltas:  69% (74/106)
Git#10>Resolving deltas:  70% (75/106)
Git#10>Resolving deltas:  71% (76/106)
Git#10>Resolving deltas:  72% (77/106)
Git#10>Resolving deltas:  73% (78/106)
Git#10>Resolving deltas:  74% (79/106)
Git#10>Resolving deltas:  75% (80/106)
Git#10>Resolving deltas:  76% (81/106)
Git#10>Resolving deltas:  79% (84/106)
Git#10>Resolving deltas:  81% (86/106)
Git#10>Resolving deltas:  82% (87/106)
Git#10>Resolving deltas:  83% (88/106)
Git#10>Resolving deltas:  88% (94/106)
Git#11>Receiving objects:  23% (512/2222)
Git#11>Receiving objects:  24% (534/2222)
Git#11>Receiving objects:  25% (556/2222)
Git#10>Resolving deltas:  89% (95/106)
Git#10>Resolving deltas:  90% (96/106)
Git#10>Resolving deltas:  92% (98/106)
Git#10>Resolving deltas:  93% (99/106)
Git#10>Resolving deltas:  96% (102/106)
Git#10>Resolving deltas:  97% (103/106)
Git#10>Resolving deltas:  99% (105/106)
Git#10>Resolving deltas: 100% (106/106)
Git#10>Resolving deltas: 100% (106/106), done.
Git#11>Receiving objects:  26% (578/2222)
Git#11>Receiving objects:  27% (600/2222)
Git#11>Receiving objects:  28% (623/2222)
Git#11>Receiving objects:  29% (645/2222)
Git#11>Receiving objects:  30% (667/2222)
Git#11>Receiving objects:  31% (689/2222)
Git#11>Receiving objects:  32% (712/2222)
Git#11>Receiving objects:  33% (734/2222)
Git#11>Receiving objects:  34% (756/2222)
Git#11>Receiving objects:  35% (778/2222)
Git#11>Receiving objects:  36% (800/2222)
Git#11>Receiving objects:  37% (823/2222)
Git#11>Receiving objects:  38% (845/2222)
Git#11>Receiving objects:  39% (867/2222)
Git#11>Receiving objects:  40% (889/2222)
Git#11>Receiving objects:  41% (912/2222)
Git#11>Receiving objects:  42% (934/2222)
Git#11>Receiving objects:  43% (956/2222)
Git#11>Receiving objects:  44% (978/2222)
Git#11>Receiving objects:  45% (1000/2222)
Git#11>Receiving objects:  46% (1023/2222)
Git#11>Receiving objects:  47% (1045/2222)
Git#11>Receiving objects:  48% (1067/2222)
Git#11>Receiving objects:  49% (1089/2222)
Git#11>Receiving objects:  50% (1111/2222)
Git#11>Receiving objects:  51% (1134/2222)
Git#11>Receiving objects:  52% (1156/2222)
Git#11>Receiving objects:  53% (1178/2222)
Git#11>Receiving objects:  54% (1200/2222)
Git#11>Receiving objects:  55% (1223/2222)
Git#11>Receiving objects:  56% (1245/2222)
Git#11>Receiving objects:  57% (1267/2222)
Git#11>Receiving objects:  58% (1289/2222)
Git#11>Receiving objects:  59% (1311/2222)
Git#11>Receiving objects:  60% (1334/2222)
Git#11>Receiving objects:  61% (1356/2222)
Git#11>Receiving objects:  62% (1378/2222)
Git#11>Receiving objects:  63% (1400/2222)
Git#11>Receiving objects:  64% (1423/2222)
Git#11>Receiving objects:  65% (1445/2222)
Git#11>Receiving objects:  66% (1467/2222)
Git#11>Receiving objects:  67% (1489/2222)
Git#11>Receiving objects:  68% (1511/2222)
Git#11>Receiving objects:  69% (1534/2222)
Git#11>Receiving objects:  70% (1556/2222)
Git#11>Receiving objects:  71% (1578/2222)
Git#11>Receiving objects:  72% (1600/2222)
Git#11>Receiving objects:  73% (1623/2222)
Git#11>Receiving objects:  74% (1645/2222)
Git#11>Receiving objects:  75% (1667/2222)
Git#11>Receiving objects:  76% (1689/2222)
Git#11>Receiving objects:  77% (1711/2222)
Git#11>Receiving objects:  78% (1734/2222)
Git#11>Receiving objects:  79% (1756/2222)
Git#11>Receiving objects:  80% (1778/2222)
Git#11>Receiving objects:  81% (1800/2222)
Git#11>Receiving objects:  82% (1823/2222)
Git#11>Receiving objects:  83% (1845/2222)
Git#11>Receiving objects:  84% (1867/2222)
Git#11>Receiving objects:  85% (1889/2222)
Git#11>Receiving objects:  86% (1911/2222)
Git#11>Receiving objects:  87% (1934/2222)
Git#11>Receiving objects:  88% (1956/2222)
Git#11>Receiving objects:  89% (1978/2222)
Git#11>Receiving objects:  90% (2000/2222)
Git#11>Receiving objects:  91% (2023/2222)
Git#11>Receiving objects:  92% (2045/2222)
Git#11>Receiving objects:  93% (2067/2222)
Git#11>Receiving objects:  94% (2089/2222)
Git#11>Receiving objects:  95% (2111/2222)
Git#11>Receiving objects:  96% (2134/2222)
Git#11>Receiving objects:  97% (2156/2222)
Git#11>Receiving objects:  98% (2178/2222)
Git#11>remote: Total 2222 (delta 51), reused 114 (delta 18), pack-reused 2059 (from 1)        
Git#11>Receiving objects:  99% (2200/2222)
Git#11>Receiving objects: 100% (2222/2222)
Git#11>Receiving objects: 100% (2222/2222), 745.61 KiB | 10.65 MiB/s, done.
Git#11>Resolving deltas:   0% (0/614)
Git#11>Resolving deltas:   1% (7/614)
Git#11>Resolving deltas:   2% (14/614)
Git#11>Resolving deltas:   3% (19/614)
Git#11>Resolving deltas:   4% (25/614)
Git#11>Resolving deltas:   5% (31/614)
Git#11>Resolving deltas:   6% (40/614)
Git#11>Resolving deltas:   7% (43/614)
Git#11>Resolving deltas:   8% (50/614)
Git#11>Resolving deltas:   9% (56/614)
Git#11>Resolving deltas:  10% (63/614)
Git#11>Resolving deltas:  11% (68/614)
Git#11>Resolving deltas:  12% (74/614)
Git#11>Resolving deltas:  13% (80/614)
Git#11>Resolving deltas:  14% (86/614)
Git#11>Resolving deltas:  15% (95/614)
Git#11>Resolving deltas:  16% (101/614)
Git#11>Resolving deltas:  17% (105/614)
Git#11>Resolving deltas:  18% (111/614)
Git#11>Resolving deltas:  19% (119/614)
Git#11>Resolving deltas:  20% (126/614)
Git#11>Resolving deltas:  21% (135/614)
Git#11>Resolving deltas:  22% (136/614)
Git#11>Resolving deltas:  23% (143/614)
Git#11>Resolving deltas:  24% (149/614)
Git#11>Resolving deltas:  25% (155/614)
Git#11>Resolving deltas:  26% (164/614)
Git#11>Resolving deltas:  27% (170/614)
Git#11>Resolving deltas:  28% (176/614)
Git#11>Resolving deltas:  29% (181/614)
Git#11>Resolving deltas:  30% (185/614)
Git#11>Resolving deltas:  31% (191/614)
Git#11>Resolving deltas:  32% (199/614)
Git#11>Resolving deltas:  33% (204/614)
Git#11>Resolving deltas:  34% (210/614)
Git#11>Resolving deltas:  35% (215/614)
Git#11>Resolving deltas:  36% (224/614)
Git#11>Resolving deltas:  37% (231/614)
Git#11>Resolving deltas:  38% (235/614)
Git#11>Resolving deltas:  40% (246/614)
Git#11>Resolving deltas:  41% (252/614)
Git#11>Resolving deltas:  42% (258/614)
Git#11>Resolving deltas:  44% (273/614)
Git#11>Resolving deltas:  46% (284/614)
Git#11>Resolving deltas:  47% (293/614)
Git#11>Resolving deltas:  48% (295/614)
Git#11>Resolving deltas:  49% (306/614)
Git#11>Resolving deltas:  50% (308/614)
Git#11>Resolving deltas:  51% (315/614)
Git#11>Resolving deltas:  53% (327/614)
Git#11>Resolving deltas:  54% (333/614)
Git#11>Resolving deltas:  55% (339/614)
Git#11>Resolving deltas:  56% (344/614)
Git#11>Resolving deltas:  57% (352/614)
Git#11>Resolving deltas:  58% (359/614)
Git#11>Resolving deltas:  59% (363/614)
Git#11>Resolving deltas:  60% (369/614)
Git#11>Resolving deltas:  61% (376/614)
Git#11>Resolving deltas:  62% (382/614)
Git#11>Resolving deltas:  63% (388/614)
Git#11>Resolving deltas:  64% (394/614)
Git#11>Resolving deltas:  65% (400/614)
Git#11>Resolving deltas:  66% (406/614)
Git#11>Resolving deltas:  67% (412/614)
Git#11>Resolving deltas:  68% (418/614)
Git#11>Resolving deltas:  69% (424/614)
Git#11>Resolving deltas:  70% (430/614)
Git#11>Resolving deltas:  71% (436/614)
Git#11>Resolving deltas:  72% (448/614)
Git#11>Resolving deltas:  73% (454/614)
Git#11>Resolving deltas:  74% (460/614)
Git#11>Resolving deltas:  75% (464/614)
Git#11>Resolving deltas:  76% (470/614)
Git#11>Resolving deltas:  77% (473/614)
Git#11>Resolving deltas:  78% (480/614)
Git#11>Resolving deltas:  79% (488/614)
Git#11>Resolving deltas:  80% (492/614)
Git#11>Resolving deltas:  81% (499/614)
Git#11>Resolving deltas:  82% (506/614)
Git#11>Resolving deltas:  83% (510/614)
Git#11>Resolving deltas:  84% (516/614)
Git#11>Resolving deltas:  85% (524/614)
Git#11>Resolving deltas:  86% (532/614)
Git#11>Resolving deltas:  87% (536/614)
Git#11>Resolving deltas:  88% (544/614)
Git#11>Resolving deltas:  89% (547/614)
Git#11>Resolving deltas:  90% (555/614)
Git#11>Resolving deltas:  91% (562/614)
Git#11>Resolving deltas:  92% (567/614)
Git#11>Resolving deltas:  93% (572/614)
Git#11>Resolving deltas:  94% (578/614)
Git#11>Resolving deltas:  96% (593/614)
Git#11>Resolving deltas:  97% (597/614)
Git#11>Resolving deltas:  98% (602/614)
Git#11>Resolving deltas:  99% (608/614)
Git#11>Resolving deltas: 100% (614/614)
Git#11>Resolving deltas: 100% (614/614), done.
Git#12>Success: git -C C:/Users/rock4/GitHub/384.068-infineon/project/c-deployment/mtb_shared/recipe-make-cat1a clone --progress --origin cypress --no-checkout --filter=blob:none https://github.com/cypresssemiconductorco/recipe-make-cat1a release-v2.6.0
Git#14>Starting: git -C C:/Users/rock4/GitHub/384.068-infineon/project/c-deployment/mtb_shared/cmsis/release-v5.8.2 -c advice.detachedHead=false checkout --progress release-v5.8.2
Git#10>Success: git -C C:/Users/rock4/GitHub/384.068-infineon/project/c-deployment/mtb_shared/mtb-hal-cat1 clone --progress --origin cypress --no-checkout --filter=blob:none https://github.com/cypresssemiconductorco/mtb-hal-cat1 release-v2.7.4
Git#15>Starting: git -C C:/Users/rock4/GitHub/384.068-infineon/project/c-deployment/BathroomPro2000/libs/TARGET_CY8CKIT-062S2-AI -c advice.detachedHead=false checkout --progress release-v4.3.2
Git#13>remote: Enumerating objects: 27951, done.        
Git#13>remote: Counting objects:   0% (1/5643)        
Git#13>remote: Counting objects:   1% (57/5643)        
Git#13>remote: Counting objects:   2% (113/5643)        
Git#13>remote: Counting objects:   3% (170/5643)        
Git#13>remote: Counting objects:   4% (226/5643)        
Git#13>remote: Counting objects:   5% (283/5643)        
Git#13>remote: Counting objects:   6% (339/5643)        
Git#13>remote: Counting objects:   7% (396/5643)        
Git#13>remote: Counting objects:   8% (452/5643)        
Git#13>remote: Counting objects:   9% (508/5643)        
Git#13>remote: Counting objects:  10% (565/5643)        
Git#13>remote: Counting objects:  11% (621/5643)        
Git#13>remote: Counting objects:  12% (678/5643)        
Git#13>remote: Counting objects:  13% (734/5643)        
Git#13>remote: Counting objects:  14% (791/5643)        
Git#13>remote: Counting objects:  15% (847/5643)        
Git#13>remote: Counting objects:  16% (903/5643)        
Git#13>remote: Counting objects:  17% (960/5643)        
Git#13>remote: Counting objects:  18% (1016/5643)        
Git#13>remote: Counting objects:  19% (1073/5643)        
Git#13>remote: Counting objects:  20% (1129/5643)        
Git#13>remote: Counting objects:  21% (1186/5643)        
Git#13>remote: Counting objects:  22% (1242/5643)        
Git#13>remote: Counting objects:  23% (1298/5643)        
Git#13>remote: Counting objects:  24% (1355/5643)        
Git#13>remote: Counting objects:  25% (1411/5643)        
Git#13>remote: Counting objects:  26% (1468/5643)        
Git#13>remote: Counting objects:  27% (1524/5643)        
Git#13>remote: Counting objects:  28% (1581/5643)        
Git#13>remote: Counting objects:  29% (1637/5643)        
Git#13>remote: Counting objects:  30% (1693/5643)        
Git#13>remote: Counting objects:  31% (1750/5643)        
Git#13>remote: Counting objects:  32% (1806/5643)        
Git#13>remote: Counting objects:  33% (1863/5643)        
Git#13>remote: Counting objects:  34% (1919/5643)        
Git#13>remote: Counting objects:  35% (1976/5643)        
Git#13>remote: Counting objects:  36% (2032/5643)        
Git#13>remote: Counting objects:  37% (2088/5643)        
Git#13>remote: Counting objects:  38% (2145/5643)        
Git#13>remote: Counting objects:  39% (2201/5643)        
Git#13>remote: Counting objects:  40% (2258/5643)        
Git#13>remote: Counting objects:  41% (2314/5643)        
Git#13>remote: Counting objects:  42% (2371/5643)        
Git#13>remote: Counting objects:  43% (2427/5643)        
Git#13>remote: Counting objects:  44% (2483/5643)        
Git#13>remote: Counting objects:  45% (2540/5643)        
Git#13>remote: Counting objects:  46% (2596/5643)        
Git#13>remote: Counting objects:  47% (2653/5643)        
Git#13>remote: Counting objects:  48% (2709/5643)        
Git#13>remote: Counting objects:  49% (2766/5643)        
Git#13>remote: Counting objects:  50% (2822/5643)        
Git#13>remote: Counting objects:  51% (2878/5643)        
Git#13>remote: Counting objects:  52% (2935/5643)        
Git#13>remote: Counting objects:  53% (2991/5643)        
Git#13>remote: Counting objects:  54% (3048/5643)        
Git#13>remote: Counting objects:  55% (3104/5643)        
Git#13>remote: Counting objects:  56% (3161/5643)        
Git#13>remote: Counting objects:  57% (3217/5643)        
Git#13>remote: Counting objects:  58% (3273/5643)        
Git#13>remote: Counting objects:  59% (3330/5643)        
Git#13>remote: Counting objects:  60% (3386/5643)        
Git#13>remote: Counting objects:  61% (3443/5643)        
Git#13>remote: Counting objects:  62% (3499/5643)        
Git#13>remote: Counting objects:  63% (3556/5643)        
Git#13>remote: Counting objects:  64% (3612/5643)        
Git#13>remote: Counting objects:  65% (3668/5643)        
Git#13>remote: Counting objects:  66% (3725/5643)        
Git#13>remote: Counting objects:  67% (3781/5643)        
Git#13>remote: Counting objects:  68% (3838/5643)        
Git#13>remote: Counting objects:  69% (3894/5643)        
Git#13>remote: Counting objects:  70% (3951/5643)        
Git#13>remote: Counting objects:  71% (4007/5643)        
Git#13>remote: Counting objects:  72% (4063/5643)        
Git#13>remote: Counting objects:  73% (4120/5643)        
Git#13>remote: Counting objects:  74% (4176/5643)        
Git#13>remote: Counting objects:  75% (4233/5643)        
Git#13>remote: Counting objects:  76% (4289/5643)        
Git#13>remote: Counting objects:  77% (4346/5643)        
Git#13>remote: Counting objects:  78% (4402/5643)        
Git#13>remote: Counting objects:  79% (4458/5643)        
Git#13>remote: Counting objects:  80% (4515/5643)        
Git#13>remote: Counting objects:  81% (4571/5643)        
Git#13>remote: Counting objects:  82% (4628/5643)        
Git#13>remote: Counting objects:  83% (4684/5643)        
Git#13>remote: Counting objects:  84% (4741/5643)        
Git#13>remote: Counting objects:  85% (4797/5643)        
Git#13>remote: Counting objects:  86% (4853/5643)        
Git#13>remote: Counting objects:  87% (4910/5643)        
Git#13>remote: Counting objects:  88% (4966/5643)        
Git#13>remote: Counting objects:  89% (5023/5643)        
Git#13>remote: Counting objects:  90% (5079/5643)        
Git#13>remote: Counting objects:  91% (5136/5643)        
Git#13>remote: Counting objects:  92% (5192/5643)        
Git#13>remote: Counting objects:  93% (5248/5643)        
Git#13>remote: Counting objects:  94% (5305/5643)        
Git#13>remote: Counting objects:  95% (5361/5643)        
Git#13>remote: Counting objects:  96% (5418/5643)        
Git#13>remote: Counting objects:  97% (5474/5643)        
Git#13>remote: Counting objects:  98% (5531/5643)        
Git#13>remote: Counting objects:  99% (5587/5643)        
Git#13>remote: Counting objects: 100% (5643/5643)        
Git#13>remote: Counting objects: 100% (5643/5643), done.        
Git#13>remote: Compressing objects:   0% (1/3706)        
Git#13>remote: Compressing objects:   1% (38/3706)        
Git#13>remote: Compressing objects:   2% (75/3706)        
Git#13>remote: Compressing objects:   3% (112/3706)        
Git#13>remote: Compressing objects:   4% (149/3706)        
Git#13>remote: Compressing objects:   5% (186/3706)        
Git#13>remote: Compressing objects:   6% (223/3706)        
Git#13>remote: Compressing objects:   7% (260/3706)        
Git#13>remote: Compressing objects:   8% (297/3706)        
Git#13>remote: Compressing objects:   9% (334/3706)        
Git#13>remote: Compressing objects:  10% (371/3706)        
Git#13>remote: Compressing objects:  11% (408/3706)        
Git#13>remote: Compressing objects:  12% (445/3706)        
Git#13>remote: Compressing objects:  13% (482/3706)        
Git#13>remote: Compressing objects:  14% (519/3706)        
Git#13>remote: Compressing objects:  15% (556/3706)        
Git#13>remote: Compressing objects:  16% (593/3706)        
Git#13>remote: Compressing objects:  17% (631/3706)        
Git#13>remote: Compressing objects:  18% (668/3706)        
Git#13>remote: Compressing objects:  19% (705/3706)        
Git#13>remote: Compressing objects:  20% (742/3706)        
Git#13>remote: Compressing objects:  21% (779/3706)        
Git#13>remote: Compressing objects:  22% (816/3706)        
Git#13>remote: Compressing objects:  23% (853/3706)        
Git#13>remote: Compressing objects:  24% (890/3706)        
Git#13>remote: Compressing objects:  25% (927/3706)        
Git#13>remote: Compressing objects:  26% (964/3706)        
Git#13>remote: Compressing objects:  27% (1001/3706)        
Git#13>remote: Compressing objects:  28% (1038/3706)        
Git#13>remote: Compressing objects:  29% (1075/3706)        
Git#13>remote: Compressing objects:  30% (1112/3706)        
Git#13>remote: Compressing objects:  31% (1149/3706)        
Git#13>remote: Compressing objects:  32% (1186/3706)        
Git#13>remote: Compressing objects:  33% (1223/3706)        
Git#13>remote: Compressing objects:  34% (1261/3706)        
Git#13>remote: Compressing objects:  35% (1298/3706)        
Git#13>remote: Compressing objects:  36% (1335/3706)        
Git#13>remote: Compressing objects:  37% (1372/3706)        
Git#13>remote: Compressing objects:  38% (1409/3706)        
Git#13>remote: Compressing objects:  39% (1446/3706)        
Git#13>remote: Compressing objects:  40% (1483/3706)        
Git#13>remote: Compressing objects:  41% (1520/3706)        
Git#13>remote: Compressing objects:  42% (1557/3706)        
Git#13>remote: Compressing objects:  43% (1594/3706)        
Git#13>remote: Compressing objects:  44% (1631/3706)        
Git#13>remote: Compressing objects:  45% (1668/3706)        
Git#13>remote: Compressing objects:  46% (1705/3706)        
Git#13>remote: Compressing objects:  47% (1742/3706)        
Git#13>remote: Compressing objects:  48% (1779/3706)        
Git#13>remote: Compressing objects:  49% (1816/3706)        
Git#13>remote: Compressing objects:  50% (1853/3706)        
Git#13>remote: Compressing objects:  51% (1891/3706)        
Git#13>remote: Compressing objects:  52% (1928/3706)        
Git#13>remote: Compressing objects:  53% (1965/3706)        
Git#13>remote: Compressing objects:  54% (2002/3706)        
Git#13>remote: Compressing objects:  55% (2039/3706)        
Git#13>remote: Compressing objects:  56% (2076/3706)        
Git#13>remote: Compressing objects:  57% (2113/3706)        
Git#13>remote: Compressing objects:  58% (2150/3706)        
Git#13>remote: Compressing objects:  59% (2187/3706)        
Git#13>remote: Compressing objects:  60% (2224/3706)        
Git#13>remote: Compressing objects:  61% (2261/3706)        
Git#13>remote: Compressing objects:  62% (2298/3706)        
Git#13>remote: Compressing objects:  63% (2335/3706)        
Git#13>remote: Compressing objects:  64% (2372/3706)        
Git#13>remote: Compressing objects:  65% (2409/3706)        
Git#13>remote: Compressing objects:  66% (2446/3706)        
Git#13>remote: Compressing objects:  67% (2484/3706)        
Git#13>remote: Compressing objects:  68% (2521/3706)        
Git#13>remote: Compressing objects:  69% (2558/3706)        
Git#13>remote: Compressing objects:  70% (2595/3706)        
Git#13>remote: Compressing objects:  71% (2632/3706)        
Git#13>remote: Compressing objects:  72% (2669/3706)        
Git#13>remote: Compressing objects:  73% (2706/3706)        
Git#13>remote: Compressing objects:  74% (2743/3706)        
Git#13>remote: Compressing objects:  75% (2780/3706)        
Git#13>remote: Compressing objects:  76% (2817/3706)        
Git#13>remote: Compressing objects:  77% (2854/3706)        
Git#13>remote: Compressing objects:  78% (2891/3706)        
Git#13>remote: Compressing objects:  79% (2928/3706)        
Git#13>remote: Compressing objects:  80% (2965/3706)        
Git#13>remote: Compressing objects:  81% (3002/3706)        
Git#13>remote: Compressing objects:  82% (3039/3706)        
Git#13>remote: Compressing objects:  83% (3076/3706)        
Git#13>remote: Compressing objects:  84% (3114/3706)        
Git#13>remote: Compressing objects:  85% (3151/3706)        
Git#13>remote: Compressing objects:  86% (3188/3706)        
Git#13>remote: Compressing objects:  87% (3225/3706)        
Git#13>remote: Compressing objects:  88% (3262/3706)        
Git#13>remote: Compressing objects:  89% (3299/3706)        
Git#13>remote: Compressing objects:  90% (3336/3706)        
Git#13>remote: Compressing objects:  91% (3373/3706)        
Git#13>remote: Compressing objects:  92% (3410/3706)        
Git#13>remote: Compressing objects:  93% (3447/3706)        
Git#13>remote: Compressing objects:  94% (3484/3706)        
Git#13>remote: Compressing objects:  95% (3521/3706)        
Git#13>remote: Compressing objects:  96% (3558/3706)        
Git#13>remote: Compressing objects:  97% (3595/3706)        
Git#13>remote: Compressing objects:  98% (3632/3706)        
Git#13>remote: Compressing objects:  99% (3669/3706)        
Git#13>remote: Compressing objects: 100% (3706/3706)        
Git#13>remote: Compressing objects: 100% (3706/3706), done.        
Git#13>Receiving objects:   0% (1/27951)
Git#13>Receiving objects:   1% (280/27951)
Git#13>Receiving objects:   2% (560/27951)
Git#13>Receiving objects:   3% (839/27951)
Git#13>Receiving objects:   4% (1119/27951)
Git#13>Receiving objects:   5% (1398/27951)
Git#13>Receiving objects:   6% (1678/27951)
Git#13>Receiving objects:   7% (1957/27951)
Git#13>Receiving objects:   8% (2237/27951)
Git#13>Receiving objects:   9% (2516/27951)
Git#13>Receiving objects:  10% (2796/27951)
Git#13>Receiving objects:  11% (3075/27951)
Git#13>Receiving objects:  12% (3355/27951)
Git#13>Receiving objects:  13% (3634/27951)
Git#13>Receiving objects:  14% (3914/27951)
Git#11>Success: git -C C:/Users/rock4/GitHub/384.068-infineon/project/c-deployment/mtb_shared/mtb-pdl-cat1 clone --progress --origin cypress --no-checkout --filter=blob:none https://github.com/cypresssemiconductorco/mtb-pdl-cat1 release-v3.19.0
Git#16>Starting: git -C C:/Users/rock4/GitHub/384.068-infineon/project/c-deployment/mtb_shared/ml-tflite-micro/release-v3.1.0 -c advice.detachedHead=false checkout --progress release-v3.1.0
Git#13>Receiving objects:  15% (4193/27951)
Git#13>Receiving objects:  16% (4473/27951)
Git#13>Receiving objects:  17% (4752/27951)
Git#13>Receiving objects:  18% (5032/27951)
Git#13>Receiving objects:  19% (5311/27951)
Git#13>Receiving objects:  20% (5591/27951)
Git#13>Receiving objects:  21% (5870/27951)
Git#13>Receiving objects:  22% (6150/27951)
Git#13>Receiving objects:  23% (6429/27951)
Git#13>Receiving objects:  24% (6709/27951)
Git#13>Receiving objects:  25% (6988/27951)
Git#13>Receiving objects:  26% (7268/27951)
Git#13>Receiving objects:  27% (7547/27951)
Git#13>Receiving objects:  28% (7827/27951)
Git#13>Receiving objects:  29% (8106/27951)
Git#13>Receiving objects:  30% (8386/27951)
Git#13>Receiving objects:  31% (8665/27951)
Git#13>Receiving objects:  32% (8945/27951)
Git#13>Receiving objects:  33% (9224/27951)
Git#13>Receiving objects:  34% (9504/27951)
Git#13>Receiving objects:  35% (9783/27951)
Git#13>Receiving objects:  36% (10063/27951)
Git#13>Receiving objects:  37% (10342/27951)
Git#13>Receiving objects:  38% (10622/27951)
Git#13>Receiving objects:  39% (10901/27951)
Git#13>Receiving objects:  40% (11181/27951)
Git#13>Receiving objects:  41% (11460/27951)
Git#13>Receiving objects:  42% (11740/27951)
Git#13>Receiving objects:  43% (12019/27951)
Git#13>Receiving objects:  44% (12299/27951)
Git#13>Receiving objects:  45% (12578/27951)
Git#13>Receiving objects:  46% (12858/27951)
Git#13>Receiving objects:  47% (13137/27951)
Git#13>Receiving objects:  48% (13417/27951)
Git#13>Receiving objects:  49% (13696/27951)
Git#13>Receiving objects:  50% (13976/27951)
Git#13>Receiving objects:  51% (14256/27951)
Git#13>Receiving objects:  52% (14535/27951)
Git#13>Receiving objects:  53% (14815/27951)
Git#13>Receiving objects:  54% (15094/27951)
Git#13>Receiving objects:  55% (15374/27951)
Git#13>Receiving objects:  56% (15653/27951)
Git#13>Receiving objects:  57% (15933/27951)
Git#13>Receiving objects:  58% (16212/27951)
Git#13>Receiving objects:  59% (16492/27951)
Git#13>Receiving objects:  60% (16771/27951)
Git#13>Receiving objects:  61% (17051/27951)
Git#13>Receiving objects:  62% (17330/27951)
Git#13>Receiving objects:  63% (17610/27951)
Git#13>Receiving objects:  64% (17889/27951)
Git#13>Receiving objects:  65% (18169/27951)
Git#13>Receiving objects:  66% (18448/27951)
Git#13>Receiving objects:  67% (18728/27951)
Git#13>Receiving objects:  68% (19007/27951)
Git#13>Receiving objects:  69% (19287/27951)
Git#13>Receiving objects:  70% (19566/27951)
Git#13>Receiving objects:  71% (19846/27951)
Git#13>Receiving objects:  72% (20125/27951)
Git#13>Receiving objects:  73% (20405/27951)
Git#13>Receiving objects:  74% (20684/27951)
Git#13>Receiving objects:  75% (20964/27951)
Git#13>Receiving objects:  76% (21243/27951)
Git#13>Receiving objects:  77% (21523/27951)
Git#13>Receiving objects:  78% (21802/27951)
Git#13>Receiving objects:  79% (22082/27951)
Git#13>Receiving objects:  80% (22361/27951)
Git#13>Receiving objects:  81% (22641/27951)
Git#13>Receiving objects:  82% (22920/27951)
Git#13>Receiving objects:  83% (23200/27951)
Git#13>Receiving objects:  84% (23479/27951)
Git#13>Receiving objects:  85% (23759/27951)
Git#13>Receiving objects:  86% (24038/27951)
Git#13>Receiving objects:  87% (24318/27951)
Git#13>Receiving objects:  88% (24597/27951)
Git#13>Receiving objects:  89% (24877/27951)
Git#13>Receiving objects:  90% (25156/27951)
Git#13>Receiving objects:  91% (25436/27951)
Git#13>Receiving objects:  92% (25715/27951)
Git#13>Receiving objects:  93% (25995/27951)
Git#13>Receiving objects:  94% (26274/27951)
Git#13>Receiving objects:  95% (26554/27951)
Git#13>Receiving objects:  96% (26833/27951)
Git#13>Receiving objects:  97% (27113/27951)
Git#13>Receiving objects:  98% (27392/27951)
Git#13>Receiving objects:  99% (27672/27951)
Git#13>remote: Total 27951 (delta 77), reused 5592 (delta 75), pack-reused 22308 (from 1)        
Git#13>Receiving objects: 100% (27951/27951)
Git#13>Receiving objects: 100% (27951/27951), 2.57 MiB | 23.06 MiB/s, done.
Git#13>Resolving deltas:   0% (0/3324)
Git#13>Resolving deltas:   1% (35/3324)
Git#13>Resolving deltas:   2% (67/3324)
Git#13>Resolving deltas:   3% (105/3324)
Git#13>Resolving deltas:   4% (133/3324)
Git#13>Resolving deltas:   5% (167/3324)
Git#13>Resolving deltas:   6% (200/3324)
Git#13>Resolving deltas:   7% (233/3324)
Git#13>Resolving deltas:   8% (266/3324)
Git#13>Resolving deltas:   9% (300/3324)
Git#13>Resolving deltas:  10% (333/3324)
Git#13>Resolving deltas:  11% (368/3324)
Git#13>Resolving deltas:  12% (399/3324)
Git#13>Resolving deltas:  13% (433/3324)
Git#13>Resolving deltas:  14% (466/3324)
Git#13>Resolving deltas:  15% (499/3324)
Git#13>Resolving deltas:  16% (532/3324)
Git#13>Resolving deltas:  17% (566/3324)
Git#13>Resolving deltas:  18% (599/3324)
Git#13>Resolving deltas:  19% (632/3324)
Git#13>Resolving deltas:  20% (666/3324)
Git#13>Resolving deltas:  21% (700/3324)
Git#13>Resolving deltas:  22% (736/3324)
Git#13>Resolving deltas:  23% (765/3324)
Git#13>Resolving deltas:  24% (800/3324)
Git#13>Resolving deltas:  25% (831/3324)
Git#13>Resolving deltas:  26% (865/3324)
Git#13>Resolving deltas:  27% (899/3324)
Git#13>Resolving deltas:  28% (932/3324)
Git#13>Resolving deltas:  29% (964/3324)
Git#13>Resolving deltas:  30% (999/3324)
Git#13>Resolving deltas:  31% (1031/3324)
Git#13>Resolving deltas:  32% (1064/3324)
Git#13>Resolving deltas:  33% (1097/3324)
Git#13>Resolving deltas:  34% (1131/3324)
Git#13>Resolving deltas:  35% (1164/3324)
Git#13>Resolving deltas:  36% (1198/3324)
Git#13>Resolving deltas:  37% (1230/3324)
Git#13>Resolving deltas:  38% (1264/3324)
Git#13>Resolving deltas:  39% (1299/3324)
Git#13>Resolving deltas:  40% (1330/3324)
Git#13>Resolving deltas:  41% (1364/3324)
Git#13>Resolving deltas:  42% (1397/3324)
Git#13>Resolving deltas:  43% (1430/3324)
Git#13>Resolving deltas:  44% (1463/3324)
Git#13>Resolving deltas:  45% (1496/3324)
Git#13>Resolving deltas:  46% (1530/3324)
Git#13>Resolving deltas:  47% (1563/3324)
Git#13>Resolving deltas:  48% (1596/3324)
Git#13>Resolving deltas:  49% (1629/3324)
Git#13>Resolving deltas:  50% (1662/3324)
Git#13>Resolving deltas:  51% (1696/3324)
Git#13>Resolving deltas:  52% (1729/3324)
Git#13>Resolving deltas:  53% (1762/3324)
Git#13>Resolving deltas:  54% (1796/3324)
Git#13>Resolving deltas:  55% (1830/3324)
Git#13>Resolving deltas:  56% (1862/3324)
Git#13>Resolving deltas:  57% (1895/3324)
Git#13>Resolving deltas:  58% (1928/3324)
Git#13>Resolving deltas:  59% (1966/3324)
Git#13>Resolving deltas:  60% (1995/3324)
Git#13>Resolving deltas:  61% (2028/3324)
Git#13>Resolving deltas:  62% (2061/3324)
Git#13>Resolving deltas:  63% (2096/3324)
Git#13>Resolving deltas:  64% (2134/3324)
Git#13>Resolving deltas:  65% (2161/3324)
Git#13>Resolving deltas:  66% (2195/3324)
Git#13>Resolving deltas:  67% (2231/3324)
Git#13>Resolving deltas:  68% (2262/3324)
Git#13>Resolving deltas:  69% (2296/3324)
Git#13>Resolving deltas:  70% (2331/3324)
Git#13>Resolving deltas:  71% (2362/3324)
Git#13>Resolving deltas:  72% (2401/3324)
Git#13>Resolving deltas:  73% (2433/3324)
Git#13>Resolving deltas:  74% (2460/3324)
Git#13>Resolving deltas:  75% (2494/3324)
Git#13>Resolving deltas:  76% (2532/3324)
Git#13>Resolving deltas:  77% (2560/3324)
Git#13>Resolving deltas:  78% (2593/3324)
Git#13>Resolving deltas:  79% (2628/3324)
Git#13>Resolving deltas:  80% (2664/3324)
Git#13>Resolving deltas:  81% (2700/3324)
Git#13>Resolving deltas:  82% (2727/3324)
Git#13>Resolving deltas:  83% (2760/3324)
Git#13>Resolving deltas:  84% (2796/3324)
Git#13>Resolving deltas:  85% (2832/3324)
Git#13>Resolving deltas:  86% (2859/3324)
Git#13>Resolving deltas:  87% (2892/3324)
Git#13>Resolving deltas:  88% (2928/3324)
Git#13>Resolving deltas:  89% (2964/3324)
Git#13>Resolving deltas:  90% (2992/3324)
Git#13>Resolving deltas:  91% (3028/3324)
Git#13>Resolving deltas:  92% (3059/3324)
Git#13>Resolving deltas:  93% (3092/3324)
Git#13>Resolving deltas:  94% (3125/3324)
Git#13>Resolving deltas:  95% (3158/3324)
Git#13>Resolving deltas:  96% (3196/3324)
Git#13>Resolving deltas:  97% (3225/3324)
Git#13>Resolving deltas:  98% (3258/3324)
Git#13>Resolving deltas:  99% (3292/3324)
Git#13>Resolving deltas: 100% (3324/3324)
Git#13>Resolving deltas: 100% (3324/3324), done.
Git#13>Success: git -C C:/Users/rock4/.modustoolbox/global/device-db clone --progress --origin cypress --no-checkout --filter=blob:none https://github.com/Infineon/device-db release-v4.35.0
Git#17>Starting: git -C C:/Users/rock4/GitHub/384.068-infineon/project/c-deployment/mtb_shared/ml-middleware/release-v3.1.0 -c advice.detachedHead=false checkout --progress release-v3.1.0
Git#15>Updating files:  23% (32/138)
Git#15>Updating files:  24% (34/138)
Git#15>Updating files:  25% (35/138)
Git#15>Updating files:  26% (36/138)
Git#15>Updating files:  27% (38/138)
Git#15>Updating files:  28% (39/138)
Git#15>Updating files:  29% (41/138)
Git#15>Updating files:  30% (42/138)
Git#15>Updating files:  31% (43/138)
Git#15>Updating files:  32% (45/138)
Git#16>Updating files:   0% (2/615)
Git#15>Updating files:  33% (46/138)
Git#14>Updating files:   0% (2/859)
Git#15>Updating files:  34% (47/138)
Git#16>Updating files:   1% (7/615)
Git#14>Updating files:   1% (9/859)
Git#15>Updating files:  35% (49/138)
Git#16>Updating files:   2% (13/615)
Git#15>Updating files:  36% (50/138)
Git#14>Updating files:   2% (18/859)
Git#16>Updating files:   3% (19/615)
Git#15>Updating files:  37% (52/138)
Git#15>Updating files:  38% (53/138)
Git#14>Updating files:   3% (26/859)
Git#16>Updating files:   4% (25/615)
Git#15>Updating files:  39% (54/138)
Git#14>Updating files:   4% (35/859)
Git#16>Updating files:   5% (31/615)
Git#15>Updating files:  40% (56/138)
Git#15>Updating files:  41% (57/138)
Git#16>Updating files:   6% (37/615)
Git#15>Updating files:  42% (58/138)
Git#14>Updating files:   5% (43/859)
Git#17>Updating files:  14% (20/140)
Git#15>Updating files:  43% (60/138)
Git#16>Updating files:   7% (44/615)
Git#15>Updating files:  44% (61/138)
Git#14>Updating files:   6% (52/859)
Git#17>Updating files:  15% (21/140)
Git#16>Updating files:   8% (50/615)
Git#17>Updating files:  16% (23/140)
Git#14>Updating files:   7% (61/859)
Git#17>Updating files:  17% (24/140)
Git#16>Updating files:   9% (56/615)
Git#15>Updating files:  45% (63/138)
Git#15>Updating files:  46% (64/138)
Git#14>Updating files:   8% (69/859)
Git#16>Updating files:  10% (62/615)
Git#15>Updating files:  47% (65/138)
Git#16>Updating files:  11% (68/615)
Git#14>Updating files:   9% (78/859)
Git#15>Updating files:  48% (67/138)
Git#15>Updating files:  49% (68/138)
Git#16>Updating files:  12% (74/615)
Git#14>Updating files:  10% (86/859)
Git#15>Updating files:  50% (69/138)
Git#16>Updating files:  13% (80/615)
Git#15>Updating files:  51% (71/138)
Git#15>Updating files:  52% (72/138)
Git#15>Updating files:  53% (74/138)
Git#14>Updating files:  10% (93/859)
Git#15>Updating files:  54% (75/138)
Git#16>Updating files:  14% (87/615)
Git#14>Updating files:  11% (95/859)
Git#17>Updating files:  18% (26/140)
Git#15>Updating files:  55% (76/138)
Git#17>Updating files:  19% (27/140)
Git#17>Updating files:  20% (28/140)
Git#15>Updating files:  56% (78/138)
Git#16>Updating files:  15% (93/615)
Git#15>Updating files:  57% (79/138)
Git#14>Updating files:  12% (104/859)
Git#16>Updating files:  15% (97/615)
Git#15>Updating files:  58% (81/138)
Git#17>Updating files:  21% (30/140)
Git#16>Updating files:  16% (99/615)
Git#17>Updating files:  22% (31/140)
Git#15>Updating files:  59% (82/138)
Git#14>Updating files:  13% (112/859)
Git#15>Updating files:  60% (83/138)
Git#16>Updating files:  17% (105/615)
Git#15>Updating files:  61% (85/138)
Git#16>Updating files:  18% (111/615)
Git#14>Updating files:  14% (121/859)
Git#15>Updating files:  62% (86/138)
Git#17>Updating files:  23% (33/140)
Git#15>Updating files:  63% (87/138)
Git#16>Updating files:  19% (117/615)
Git#17>Updating files:  24% (34/140)
Git#15>Updating files:  64% (89/138)
Git#14>Updating files:  15% (129/859)
Git#15>Updating files:  65% (90/138)
Git#16>Updating files:  20% (123/615)
Git#17>Updating files:  25% (35/140)
Git#17>Updating files:  26% (37/140)
Git#17>Updating files:  27% (38/140)
Git#15>Updating files:  66% (92/138)
Git#15>Updating files:  67% (93/138)
Git#17>Updating files:  28% (40/140)
Git#14>Updating files:  16% (138/859)
Git#17>Updating files:  29% (41/140)
Git#16>Updating files:  21% (130/615)
Git#15>Updating files:  68% (94/138)
Git#17>Updating files:  30% (42/140)
Git#17>Updating files:  31% (44/140)
Git#15>Updating files:  69% (96/138)
Git#16>Updating files:  22% (136/615)
Git#15>Updating files:  70% (97/138)
Git#17>Updating files:  32% (45/140)
Git#14>Updating files:  17% (147/859)
Git#15>Updating files:  71% (98/138)
Git#17>Updating files:  33% (47/140)
Git#16>Updating files:  23% (142/615)
Git#15>Updating files:  72% (100/138)
Git#17>Updating files:  34% (48/140)
Git#14>Updating files:  18% (155/859)
Git#17>Updating files:  35% (49/140)
Git#15>Updating files:  73% (101/138)
Git#16>Updating files:  24% (148/615)
Git#15>Updating files:  74% (103/138)
Git#17>Updating files:  36% (51/140)
Git#17>Updating files:  37% (52/140)
Git#14>Updating files:  19% (164/859)
Git#15>Updating files:  75% (104/138)
Git#16>Updating files:  25% (154/615)
Git#15>Updating files:  76% (105/138)
Git#17>Updating files:  38% (54/140)
Git#15>Updating files:  77% (107/138)
Git#15>Updating files:  78% (108/138)
Git#14>Updating files:  20% (172/859)
Git#17>Updating files:  39% (55/140)
Git#16>Updating files:  26% (160/615)
Git#17>Updating files:  40% (56/140)
Git#15>Updating files:  79% (110/138)
Git#17>Updating files:  41% (58/140)
Git#15>Updating files:  80% (111/138)
Git#15>Updating files:  81% (112/138)
Git#14>Updating files:  21% (181/859)
Git#16>Updating files:  27% (167/615)
Git#15>Updating files:  82% (114/138)
Git#17>Updating files:  42% (59/140)
Git#15>Updating files:  83% (115/138)
Git#17>Updating files:  43% (61/140)
Git#15>Updating files:  84% (116/138)
Git#16>Updating files:  28% (173/615)
Git#14>Updating files:  22% (189/859)
Git#17>Updating files:  44% (62/140)
Git#15>Updating files:  85% (118/138)
Git#17>Updating files:  45% (63/140)
Git#16>Updating files:  29% (179/615)
Git#15>Updating files:  86% (119/138)
Git#15>Updating files:  87% (121/138)
Git#14>Updating files:  23% (198/859)
Git#17>Updating files:  46% (65/140)
Git#17>Updating files:  47% (66/140)
Git#15>Updating files:  88% (122/138)
Git#15>Updating files:  89% (123/138)
Git#16>Updating files:  30% (185/615)
Git#15>Updating files:  90% (125/138)
Git#15>Updating files:  91% (126/138)
Git#17>Updating files:  48% (68/140)
Git#14>Updating files:  24% (207/859)
Git#15>Updating files:  92% (127/138)
Git#17>Updating files:  49% (69/140)
Git#16>Updating files:  31% (191/615)
Git#17>Updating files:  50% (70/140)
Git#15>Updating files:  93% (129/138)
Git#15>Updating files:  94% (130/138)
Git#15>Updating files:  95% (132/138)
Git#15>Updating files:  96% (133/138)
Git#17>Updating files:  51% (72/140)
Git#15>Updating files:  97% (134/138)
Git#14>Updating files:  25% (215/859)
Git#16>Updating files:  32% (197/615)
Git#17>Updating files:  52% (73/140)
Git#15>Updating files:  98% (136/138)
Git#15>Updating files:  99% (137/138)
Git#15>Updating files: 100% (138/138)
Git#15>Updating files: 100% (138/138), done.
Git#17>Updating files:  53% (75/140)
Git#15>HEAD is now at 894ec33 Upload TARGET_CY8CKIT-062S2-AI [2752]
Git#15>Success: git -C C:/Users/rock4/GitHub/384.068-infineon/project/c-deployment/BathroomPro2000/libs/TARGET_CY8CKIT-062S2-AI -c advice.detachedHead=false checkout --progress release-v4.3.2
Git#18>Starting: git -C C:/Users/rock4/GitHub/384.068-infineon/project/c-deployment/mtb_shared/retarget-io/release-v1.9.0 -c advice.detachedHead=false checkout --progress release-v1.9.0
Git#14>Updating files:  25% (222/859)
Git#16>Updating files:  33% (203/615)
Git#14>Updating files:  26% (224/859)
Git#17>Updating files:  54% (76/140)
Git#17>Updating files:  55% (77/140)
Git#16>Updating files:  34% (210/615)
Git#17>Updating files:  56% (79/140)
Git#17>Updating files:  57% (80/140)
Git#14>Updating files:  27% (232/859)
Git#17>Updating files:  58% (82/140)
Git#16>Updating files:  34% (215/615)
Git#16>Updating files:  35% (216/615)
Git#17>Updating files:  59% (83/140)
Git#17>Updating files:  60% (84/140)
Git#17>Updating files:  61% (86/140)
Git#17>Updating files:  62% (87/140)
Git#14>Updating files:  28% (241/859)
Git#16>Updating files:  36% (222/615)
Git#17>Updating files:  63% (89/140)
Git#17>Updating files:  64% (90/140)
Git#17>Updating files:  65% (91/140)
Git#16>Updating files:  37% (228/615)
Git#17>Updating files:  66% (93/140)
Git#14>Updating files:  29% (250/859)
Git#17>Updating files:  67% (94/140)
Git#16>Updating files:  38% (234/615)
Git#17>Updating files:  68% (96/140)
Git#14>Updating files:  30% (258/859)
Git#17>Updating files:  69% (97/140)
Git#16>Updating files:  39% (240/615)
Git#17>Updating files:  70% (98/140)
Git#16>Updating files:  40% (246/615)
Git#17>Updating files:  71% (100/140)
Git#17>Updating files:  72% (101/140)
Git#14>Updating files:  31% (267/859)
Git#17>Updating files:  73% (103/140)
Git#16>Updating files:  41% (253/615)
Git#17>Updating files:  74% (104/140)
Git#17>Updating files:  75% (105/140)
Git#14>Updating files:  32% (275/859)
Git#17>Updating files:  76% (107/140)
Git#17>Updating files:  77% (108/140)
Git#16>Updating files:  42% (259/615)
Git#14>Updating files:  33% (284/859)
Git#16>Updating files:  43% (265/615)
Git#17>Updating files:  78% (110/140)
Git#16>Updating files:  44% (271/615)
Git#17>Updating files:  79% (111/140)
Git#17>Updating files:  80% (112/140)
Git#14>Updating files:  34% (293/859)
Git#16>Updating files:  45% (277/615)
Git#17>Updating files:  81% (114/140)
Git#17>Updating files:  82% (115/140)
Git#14>Updating files:  35% (301/859)
Git#17>Updating files:  83% (117/140)
Git#17>Updating files:  84% (118/140)
Git#17>Updating files:  85% (119/140)
Git#16>Updating files:  46% (283/615)
Git#17>Updating files:  86% (121/140)
Git#17>Updating files:  87% (122/140)
Git#17>Updating files:  88% (124/140)
Git#17>Updating files:  89% (125/140)
Git#17>Updating files:  90% (126/140)
Git#14>Updating files:  36% (310/859)
Git#17>Updating files:  91% (128/140)
Git#17>Updating files:  92% (129/140)
Git#16>Updating files:  47% (290/615)
Git#17>Updating files:  93% (131/140)
Git#17>Updating files:  94% (132/140)
Git#17>Updating files:  95% (133/140)
Git#17>Updating files:  96% (135/140)
Git#14>Updating files:  37% (318/859)
Git#17>Updating files:  97% (136/140)
Git#16>Updating files:  48% (296/615)
Git#17>Updating files:  98% (138/140)
Git#17>Updating files:  99% (139/140)
Git#17>Updating files: 100% (140/140)
Git#17>Updating files: 100% (140/140), done.
Git#17>HEAD is now at 899bdc8 Upload ml-middleware 3.1.0.15754 [3998]
Git#17>Success: git -C C:/Users/rock4/GitHub/384.068-infineon/project/c-deployment/mtb_shared/ml-middleware/release-v3.1.0 -c advice.detachedHead=false checkout --progress release-v3.1.0
Git#19>Starting: git -C C:/Users/rock4/GitHub/384.068-infineon/project/c-deployment/mtb_shared/cat1cm0p/release-v1.9.0 -c advice.detachedHead=false checkout --progress release-v1.9.0
Git#14>Updating files:  38% (327/859)
Git#16>Updating files:  49% (302/615)
Git#16>Updating files:  50% (308/615)
Git#16>Updating files:  51% (314/615)
Git#14>Updating files:  39% (336/859)
Git#16>Updating files:  52% (320/615)
Git#14>Updating files:  40% (344/859)
Git#16>Updating files:  53% (326/615)
Git#16>Updating files:  54% (333/615)
Git#14>Updating files:  41% (353/859)
Git#18>Updating files:  50% (32/63)
Git#18>Updating files:  52% (33/63)
Git#18>Updating files:  53% (34/63)
Git#16>Updating files:  54% (336/615)
Git#18>Updating files:  55% (35/63)
Git#18>Updating files:  57% (36/63)
Git#18>Updating files:  58% (37/63)
Git#16>Updating files:  55% (339/615)
Git#18>Updating files:  60% (38/63)
Git#18>Updating files:  61% (39/63)
Git#14>Updating files:  42% (361/859)
Git#18>Updating files:  63% (40/63)
Git#18>Updating files:  65% (41/63)
Git#18>Updating files:  66% (42/63)
Git#16>Updating files:  56% (345/615)
Git#18>Updating files:  68% (43/63)
Git#18>Updating files:  69% (44/63)
Git#18>Updating files:  71% (45/63)
Git#18>Updating files:  73% (46/63)
Git#18>Updating files:  74% (47/63)
Git#18>Updating files:  76% (48/63)
Git#18>Updating files:  77% (49/63)
Git#18>Updating files:  79% (50/63)
Git#16>Updating files:  57% (351/615)
Git#14>Updating files:  43% (370/859)
Git#18>Updating files:  80% (51/63)
Git#18>Updating files:  82% (52/63)
Git#18>Updating files:  84% (53/63)
Git#18>Updating files:  85% (54/63)
Git#18>Updating files:  87% (55/63)
Git#18>Updating files:  88% (56/63)
Git#18>Updating files:  90% (57/63)
Git#18>Updating files:  92% (58/63)
Git#18>Updating files:  93% (59/63)
Git#18>Updating files:  95% (60/63)
Git#18>Updating files:  96% (61/63)
Git#18>Updating files:  98% (62/63)
Git#16>Updating files:  58% (357/615)
Git#18>Updating files: 100% (63/63)
Git#18>Updating files: 100% (63/63), done.
Git#14>Updating files:  44% (378/859)
Git#18>HEAD is now at b12aaf1 Upload retarget-io [4394]
Git#18>Success: git -C C:/Users/rock4/GitHub/384.068-infineon/project/c-deployment/mtb_shared/retarget-io/release-v1.9.0 -c advice.detachedHead=false checkout --progress release-v1.9.0
Git#20>Starting: git -C C:/Users/rock4/GitHub/384.068-infineon/project/c-deployment/mtb_shared/core-lib/release-v1.6.0 -c advice.detachedHead=false checkout --progress release-v1.6.0
Git#16>Updating files:  59% (363/615)
Git#14>Updating files:  45% (387/859)
Git#16>Updating files:  60% (369/615)
Git#14>Updating files:  46% (396/859)
Git#16>Updating files:  61% (376/615)
Git#16>Updating files:  62% (382/615)
Git#14>Updating files:  47% (404/859)
Git#16>Updating files:  63% (388/615)
Git#16>Updating files:  64% (394/615)
Git#16>Updating files:  65% (400/615)
Git#16>Updating files:  66% (406/615)
Git#16>Updating files:  67% (413/615)
Git#14>Updating files:  48% (413/859)
Git#16>Updating files:  68% (419/615)
Git#16>Updating files:  69% (425/615)
Git#16>Updating files:  70% (431/615)
Git#14>Updating files:  49% (421/859)
Git#16>Updating files:  71% (437/615)
Git#16>Updating files:  72% (443/615)
Git#14>Updating files:  50% (430/859)
Git#16>Updating files:  73% (449/615)
Git#16>Updating files:  74% (456/615)
Git#14>Updating files:  51% (439/859)
Git#16>Updating files:  75% (462/615)
Git#16>Updating files:  76% (468/615)
Git#14>Updating files:  52% (447/859)
Git#16>Updating files:  77% (474/615)
Git#16>Updating files:  78% (480/615)
Git#14>Updating files:  53% (456/859)
Git#16>Updating files:  79% (486/615)
Git#16>Updating files:  80% (492/615)
Git#14>Updating files:  54% (464/859)
Git#19>Updating files:  37% (28/74)
Git#19>Updating files:  39% (29/74)
Git#16>Updating files:  81% (499/615)
Git#19>Updating files:  40% (30/74)
Git#19>Updating files:  41% (31/74)
Git#19>Updating files:  43% (32/74)
Git#16>Updating files:  82% (505/615)
Git#19>Updating files:  44% (33/74)
Git#19>Updating files:  45% (34/74)
Git#19>Updating files:  47% (35/74)
Git#19>Updating files:  48% (36/74)
Git#14>Updating files:  54% (472/859)
Git#16>Updating files:  83% (511/615)
Git#19>Updating files:  50% (37/74)
Git#14>Updating files:  55% (473/859)
Git#19>Updating files:  51% (38/74)
Git#19>Updating files:  52% (39/74)
Git#19>Updating files:  54% (40/74)
Git#19>Updating files:  55% (41/74)
Git#19>Updating files:  56% (42/74)
Git#16>Updating files:  84% (517/615)
Git#19>Updating files:  58% (43/74)
Git#19>Updating files:  59% (44/74)
Git#19>Updating files:  60% (45/74)
Git#19>Updating files:  62% (46/74)
Git#19>Updating files:  63% (47/74)
Git#16>Updating files:  85% (523/615)
Git#19>Updating files:  64% (48/74)
Git#19>Updating files:  66% (49/74)
Git#16>Updating files:  86% (529/615)
Git#14>Updating files:  56% (482/859)
Git#19>Updating files:  67% (50/74)
Git#19>Updating files:  68% (51/74)
Git#16>Updating files:  87% (536/615)
Git#16>Updating files:  87% (538/615)
Git#19>Updating files:  70% (52/74)
Git#16>Updating files:  88% (542/615)
Git#19>Updating files:  71% (53/74)
Git#19>Updating files:  72% (54/74)
Git#16>Updating files:  89% (548/615)
Git#19>Updating files:  74% (55/74)
Git#19>Updating files:  75% (56/74)
Git#19>Updating files:  77% (57/74)
Git#16>Updating files:  90% (554/615)
Git#19>Updating files:  78% (58/74)
Git#19>Updating files:  79% (59/74)
Git#14>Updating files:  57% (490/859)
Git#19>Updating files:  81% (60/74)
Git#16>Updating files:  91% (560/615)
Git#19>Updating files:  82% (61/74)
Git#16>Updating files:  92% (566/615)
Git#19>Updating files:  83% (62/74)
Git#16>Updating files:  93% (572/615)
Git#19>Updating files:  85% (63/74)
Git#19>Updating files:  86% (64/74)
Git#16>Updating files:  94% (579/615)
Git#19>Updating files:  87% (65/74)
Git#19>Updating files:  89% (66/74)
Git#19>Updating files:  90% (67/74)
Git#19>Updating files:  91% (68/74)
Git#16>Updating files:  95% (585/615)
Git#19>Updating files:  93% (69/74)
Git#14>Updating files:  58% (499/859)
Git#19>Updating files:  94% (70/74)
Git#16>Updating files:  96% (591/615)
Git#19>Updating files:  95% (71/74)
Git#16>Updating files:  97% (597/615)
Git#19>Updating files:  97% (72/74)
Git#19>Updating files:  98% (73/74)
Git#19>Updating files: 100% (74/74)
Git#19>Updating files: 100% (74/74), done.
Git#16>Updating files:  98% (603/615)
Git#19>HEAD is now at ea4c761 Upload cat1cm0p 1.9.0.558 [3848]
Git#14>Updating files:  59% (507/859)
Git#19>Success: git -C C:/Users/rock4/GitHub/384.068-infineon/project/c-deployment/mtb_shared/cat1cm0p/release-v1.9.0 -c advice.detachedHead=false checkout --progress release-v1.9.0
Git#21>Starting: git -C C:/Users/rock4/GitHub/384.068-infineon/project/c-deployment/mtb_shared/core-make/release-v3.8.0 -c advice.detachedHead=false checkout --progress release-v3.8.0
Git#16>Updating files:  99% (609/615)
Git#16>Updating files: 100% (615/615)
Git#16>Updating files: 100% (615/615), done.
Git#14>Updating files:  60% (516/859)
Git#16>HEAD is now at 767ebc1 Upload ml-tflite-micro 3.1.0.15754 [3998]
Git#16>Success: git -C C:/Users/rock4/GitHub/384.068-infineon/project/c-deployment/mtb_shared/ml-tflite-micro/release-v3.1.0 -c advice.detachedHead=false checkout --progress release-v3.1.0
Git#22>Starting: git -C C:/Users/rock4/GitHub/384.068-infineon/project/c-deployment/mtb_shared/recipe-make-cat1a/release-v2.6.0 -c advice.detachedHead=false checkout --progress release-v2.6.0
Git#20>Updating files:  36% (29/79)
Git#20>Updating files:  37% (30/79)
Git#20>Updating files:  39% (31/79)
Git#14>Updating files:  61% (524/859)
Git#20>Updating files:  40% (32/79)
Git#20>Updating files:  41% (33/79)
Git#20>Updating files:  43% (34/79)
Git#20>Updating files:  44% (35/79)
Git#20>Updating files:  45% (36/79)
Git#20>Updating files:  46% (37/79)
Git#20>Updating files:  48% (38/79)
Git#20>Updating files:  49% (39/79)
Git#20>Updating files:  50% (40/79)
Git#20>Updating files:  51% (41/79)
Git#20>Updating files:  53% (42/79)
Git#14>Updating files:  62% (533/859)
Git#20>Updating files:  54% (43/79)
Git#20>Updating files:  55% (44/79)
Git#20>Updating files:  56% (45/79)
Git#20>Updating files:  58% (46/79)
Git#14>Updating files:  63% (542/859)
Git#20>Updating files:  59% (47/79)
Git#20>Updating files:  60% (48/79)
Git#20>Updating files:  62% (49/79)
Git#14>Updating files:  64% (550/859)
Git#20>Updating files:  63% (50/79)
Git#20>Updating files:  64% (51/79)
Git#20>Updating files:  65% (52/79)
Git#20>Updating files:  67% (53/79)
Git#20>Updating files:  68% (54/79)
Git#20>Updating files:  69% (55/79)
Git#20>Updating files:  70% (56/79)
Git#20>Updating files:  72% (57/79)
Git#20>Updating files:  73% (58/79)
Git#20>Updating files:  74% (59/79)
Git#20>Updating files:  75% (60/79)
Git#20>Updating files:  77% (61/79)
Git#14>Updating files:  65% (559/859)
Git#20>Updating files:  78% (62/79)
Git#20>Updating files:  79% (63/79)
Git#20>Updating files:  81% (64/79)
Git#20>Updating files:  82% (65/79)
Git#20>Updating files:  83% (66/79)
Git#20>Updating files:  84% (67/79)
Git#14>Updating files:  66% (567/859)
Git#20>Updating files:  86% (68/79)
Git#20>Updating files:  87% (69/79)
Git#20>Updating files:  88% (70/79)
Git#20>Updating files:  89% (71/79)
Git#20>Updating files:  91% (72/79)
Git#20>Updating files:  92% (73/79)
Git#20>Updating files:  93% (74/79)
Git#20>Updating files:  94% (75/79)
Git#20>Updating files:  96% (76/79)
Git#20>Updating files:  97% (77/79)
Git#20>Updating files:  98% (78/79)
Git#20>Updating files: 100% (79/79)
Git#20>Updating files: 100% (79/79), done.
Git#20>HEAD is now at 7c85992 Upload core-lib [4092]
Git#20>Success: git -C C:/Users/rock4/GitHub/384.068-infineon/project/c-deployment/mtb_shared/core-lib/release-v1.6.0 -c advice.detachedHead=false checkout --progress release-v1.6.0
Git#23>Starting: git -C C:/Users/rock4/GitHub/384.068-infineon/project/c-deployment/mtb_shared/mtb-hal-cat1/release-v2.7.4 -c advice.detachedHead=false checkout --progress release-v2.7.4
Git#14>Updating files:  67% (576/859)
Git#14>Updating files:  68% (585/859)
Git#14>Updating files:  69% (593/859)
Git#14>Updating files:  69% (599/859)
Git#14>Updating files:  70% (602/859)
Git#14>Updating files:  71% (610/859)
Git#14>Updating files:  72% (619/859)
Git#14>Updating files:  73% (628/859)
Git#14>Updating files:  74% (636/859)
Git#14>Updating files:  75% (645/859)
Git#21>Updating files:  54% (50/91)
Git#21>Updating files:  56% (51/91)
Git#21>Updating files:  57% (52/91)
Git#21>Updating files:  58% (53/91)
Git#21>Updating files:  59% (54/91)
Git#21>Updating files:  60% (55/91)
Git#14>Updating files:  76% (653/859)
Git#21>Updating files:  61% (56/91)
Git#21>Updating files:  62% (57/91)
Git#21>Updating files:  63% (58/91)
Git#21>Updating files:  64% (59/91)
Git#21>Updating files:  65% (60/91)
Git#22>Updating files:  34% (63/181)
Git#21>Updating files:  67% (61/91)
Git#22>Updating files:  35% (64/181)
Git#21>Updating files:  68% (62/91)
Git#21>Updating files:  69% (63/91)
Git#21>Updating files:  70% (64/91)
Git#22>Updating files:  36% (66/181)
Git#22>Updating files:  37% (67/181)
Git#21>Updating files:  71% (65/91)
Git#21>Updating files:  72% (66/91)
Git#14>Updating files:  77% (662/859)
Git#22>Updating files:  38% (69/181)
Git#21>Updating files:  73% (67/91)
Git#21>Updating files:  74% (68/91)
Git#21>Updating files:  75% (69/91)
Git#22>Updating files:  39% (71/181)
Git#21>Updating files:  76% (70/91)
Git#21>Updating files:  78% (71/91)
Git#22>Updating files:  40% (73/181)
Git#21>Updating files:  79% (72/91)
Git#21>Updating files:  80% (73/91)
Git#21>Updating files:  81% (74/91)
Git#22>Updating files:  41% (75/181)
Git#21>Updating files:  82% (75/91)
Git#21>Updating files:  83% (76/91)
Git#21>Updating files:  84% (77/91)
Git#21>Updating files:  85% (78/91)
Git#21>Updating files:  86% (79/91)
Git#21>Updating files:  87% (80/91)
Git#21>Updating files:  89% (81/91)
Git#21>Updating files:  90% (82/91)
Git#22>Updating files:  42% (77/181)
Git#21>Updating files:  91% (83/91)
Git#14>Updating files:  78% (671/859)
Git#21>Updating files:  92% (84/91)
Git#22>Updating files:  43% (78/181)
Git#21>Updating files:  93% (85/91)
Git#21>Updating files:  94% (86/91)
Git#21>Updating files:  95% (87/91)
Git#22>Updating files:  44% (80/181)
Git#21>Updating files:  96% (88/91)
Git#21>Updating files:  97% (89/91)
Git#22>Updating files:  45% (82/181)
Git#21>Updating files:  98% (90/91)
Git#21>Updating files: 100% (91/91)
Git#21>Updating files: 100% (91/91), done.
Git#22>Updating files:  46% (84/181)
Git#14>Updating files:  79% (679/859)
Git#21>HEAD is now at 70dee10 Upload core-make [4450]
Git#21>Success: git -C C:/Users/rock4/GitHub/384.068-infineon/project/c-deployment/mtb_shared/core-make/release-v3.8.0 -c advice.detachedHead=false checkout --progress release-v3.8.0
Git#24>Starting: git -C C:/Users/rock4/GitHub/384.068-infineon/project/c-deployment/mtb_shared/mtb-pdl-cat1/release-v3.19.0 -c advice.detachedHead=false checkout --progress release-v3.19.0
Git#22>Updating files:  47% (86/181)
Git#22>Updating files:  48% (87/181)
Git#22>Updating files:  49% (89/181)
Git#22>Updating files:  50% (91/181)
Git#14>Updating files:  80% (688/859)
Git#22>Updating files:  51% (93/181)
Git#22>Updating files:  52% (95/181)
Git#22>Updating files:  53% (96/181)
Git#22>Updating files:  54% (98/181)
Git#14>Updating files:  81% (696/859)
Git#22>Updating files:  55% (100/181)
Git#22>Updating files:  56% (102/181)
Git#22>Updating files:  57% (104/181)
Git#22>Updating files:  58% (105/181)
Git#14>Updating files:  82% (705/859)
Git#22>Updating files:  59% (107/181)
Git#22>Updating files:  60% (109/181)
Git#22>Updating files:  61% (111/181)
Git#14>Updating files:  83% (713/859)
Git#22>Updating files:  62% (113/181)
Git#22>Updating files:  63% (115/181)
Git#22>Updating files:  64% (116/181)
Git#22>Updating files:  65% (118/181)
Git#22>Updating files:  66% (120/181)
Git#14>Updating files:  84% (722/859)
Git#22>Updating files:  67% (122/181)
Git#22>Updating files:  68% (124/181)
Git#22>Updating files:  69% (125/181)
Git#14>Updating files:  84% (729/859)
Git#22>Updating files:  70% (127/181)
Git#22>Updating files:  71% (129/181)
Git#14>Updating files:  85% (731/859)
Git#22>Updating files:  72% (131/181)
Git#22>Updating files:  73% (133/181)
Git#22>Updating files:  74% (134/181)
Git#22>Updating files:  75% (136/181)
Git#14>Updating files:  86% (739/859)
Git#22>Updating files:  76% (138/181)
Git#22>Updating files:  77% (140/181)
Git#22>Updating files:  78% (142/181)
Git#22>Updating files:  79% (143/181)
Git#14>Updating files:  87% (748/859)
Git#22>Updating files:  80% (145/181)
Git#22>Updating files:  81% (147/181)
Git#22>Updating files:  82% (149/181)
Git#22>Updating files:  83% (151/181)
Git#22>Updating files:  84% (153/181)
Git#22>Updating files:  85% (154/181)
Git#22>Updating files:  86% (156/181)
Git#22>Updating files:  87% (158/181)
Git#22>Updating files:  88% (160/181)
Git#22>Updating files:  89% (162/181)
Git#22>Updating files:  90% (163/181)
Git#22>Updating files:  91% (165/181)
Git#22>Updating files:  92% (167/181)
Git#22>Updating files:  93% (169/181)
Git#22>Updating files:  94% (171/181)
Git#22>Updating files:  95% (172/181)
Git#22>Updating files:  96% (174/181)
Git#14>Updating files:  88% (756/859)
Git#22>Updating files:  97% (176/181)
Git#22>Updating files:  98% (178/181)
Git#22>Updating files:  99% (180/181)
Git#22>Updating files: 100% (181/181)
Git#22>Updating files: 100% (181/181), done.
Git#22>HEAD is now at 2f317f5 Upload recipe-make-cat1a 2.6.0.7147 [3676]
Git#22>Success: git -C C:/Users/rock4/GitHub/384.068-infineon/project/c-deployment/mtb_shared/recipe-make-cat1a/release-v2.6.0 -c advice.detachedHead=false checkout --progress release-v2.6.0
Git#25>Starting: git -C C:/Users/rock4/.modustoolbox/global/device-db/release-v4.35.0 -c advice.detachedHead=false checkout --progress release-v4.35.0
Git#14>Updating files:  89% (765/859)
Git#14>Updating files:  90% (774/859)
Git#14>Updating files:  91% (782/859)
Git#14>Updating files:  92% (791/859)
Git#14>Updating files:  93% (799/859)
Git#14>Updating files:  94% (808/859)
Git#14>Updating files:  95% (817/859)
Git#14>Updating files:  96% (825/859)
Git#14>Updating files:  96% (830/859)
Git#14>Updating files:  97% (834/859)
Git#14>Updating files:  98% (842/859)
Git#14>Updating files:  99% (851/859)
Git#14>Updating files: 100% (859/859)
Git#14>Updating files: 100% (859/859), done.
Git#14>HEAD is now at 89700d7 Upload cmsis 5.8.2.133 [3108]
Git#14>Success: git -C C:/Users/rock4/GitHub/384.068-infineon/project/c-deployment/mtb_shared/cmsis/release-v5.8.2 -c advice.detachedHead=false checkout --progress release-v5.8.2
Git#25>Updating files:   0% (2/7847)
Git#23>Updating files:   0% (2/892)
Git#23>Updating files:   1% (9/892)
Git#23>Updating files:   2% (18/892)
Git#25>Updating files:   0% (55/7847)
Git#23>Updating files:   3% (27/892)
Git#23>Updating files:   4% (36/892)
Git#25>Updating files:   1% (79/7847)
Git#23>Updating files:   5% (45/892)
Git#23>Updating files:   6% (54/892)
Git#23>Updating files:   7% (63/892)
Git#23>Updating files:   8% (72/892)
Git#23>Updating files:   9% (81/892)
Git#23>Updating files:   9% (85/892)
Git#23>Updating files:  10% (90/892)
Git#25>Updating files:   2% (157/7847)
Git#23>Updating files:  11% (99/892)
Git#23>Updating files:  12% (108/892)
Git#23>Updating files:  13% (116/892)
Git#23>Updating files:  14% (125/892)
Git#23>Updating files:  15% (134/892)
Git#25>Updating files:   2% (212/7847)
Git#23>Updating files:  16% (143/892)
Git#25>Updating files:   3% (236/7847)
Git#23>Updating files:  17% (152/892)
Git#23>Updating files:  18% (161/892)
Git#25>Updating files:   4% (314/7847)
Git#23>Updating files:  19% (170/892)
Git#25>Updating files:   4% (365/7847)
Git#23>Updating files:  20% (179/892)
Git#25>Updating files:   5% (393/7847)
Git#23>Updating files:  21% (188/892)
Git#23>Updating files:  21% (189/892)
Git#25>Updating files:   6% (471/7847)
Git#23>Updating files:  22% (197/892)
Git#25>Updating files:   6% (510/7847)
Git#23>Updating files:  23% (206/892)
Git#25>Updating files:   7% (550/7847)
Git#23>Updating files:  24% (215/892)
Git#23>Updating files:  24% (217/892)
Git#23>Updating files:  25% (223/892)
Git#25>Updating files:   8% (628/7847)
Git#25>Updating files:   8% (643/7847)
Git#23>Updating files:  26% (232/892)
Git#23>Updating files:  27% (241/892)
Git#25>Updating files:   9% (707/7847)
Git#23>Updating files:  27% (244/892)
Git#23>Updating files:  28% (250/892)
Git#25>Updating files:   9% (769/7847)
Git#24>Updating files:   0% (2/4178)
Git#23>Updating files:  29% (259/892)
Git#25>Updating files:  10% (785/7847)
Git#24>Updating files:   1% (42/4178)
Git#24>Updating files:   1% (51/4178)
Git#23>Updating files:  30% (268/892)
Git#23>Updating files:  30% (272/892)
Git#24>Updating files:   2% (84/4178)
Git#23>Updating files:  31% (277/892)
Git#25>Updating files:  11% (864/7847)
Git#24>Updating files:   3% (126/4178)
Git#25>Updating files:  11% (901/7847)
Git#23>Updating files:  32% (286/892)
Git#24>Updating files:   4% (168/4178)
Git#25>Updating files:  12% (942/7847)
Git#24>Updating files:   5% (209/4178)
Git#24>Updating files:   5% (214/4178)
Git#23>Updating files:  33% (295/892)
Git#23>Updating files:  33% (300/892)
Git#24>Updating files:   6% (251/4178)
Git#23>Updating files:  34% (304/892)
Git#25>Updating files:  13% (1021/7847)
Git#24>Updating files:   7% (293/4178)
Git#25>Updating files:  13% (1035/7847)
Git#23>Updating files:  35% (313/892)
Git#24>Updating files:   8% (335/4178)
Git#23>Updating files:  36% (322/892)
Git#25>Updating files:  14% (1099/7847)
Git#23>Updating files:  36% (323/892)
Git#24>Updating files:   9% (377/4178)
Git#23>Updating files:  37% (331/892)
Git#24>Updating files:  10% (418/4178)
Git#25>Updating files:  14% (1166/7847)
Git#25>Updating files:  15% (1178/7847)
Git#24>Updating files:  11% (460/4178)
Git#23>Updating files:  38% (339/892)
Git#24>Updating files:  11% (463/4178)
Git#23>Updating files:  38% (345/892)
Git#23>Updating files:  39% (348/892)
Git#24>Updating files:  12% (502/4178)
Git#25>Updating files:  16% (1256/7847)
Git#23>Updating files:  40% (357/892)
Git#24>Updating files:  13% (544/4178)
Git#25>Updating files:  16% (1291/7847)
Git#23>Updating files:  41% (366/892)
Git#24>Updating files:  14% (585/4178)
Git#24>Updating files:  14% (590/4178)
Git#25>Updating files:  17% (1334/7847)
Git#23>Updating files:  42% (375/892)
Git#23>Updating files:  42% (377/892)
Git#24>Updating files:  15% (627/4178)
Git#23>Updating files:  43% (384/892)
Git#24>Updating files:  16% (669/4178)
Git#25>Updating files:  17% (1401/7847)
Git#23>Updating files:  44% (393/892)
Git#25>Updating files:  18% (1413/7847)
Git#23>Updating files:  45% (402/892)
Git#24>Updating files:  17% (711/4178)
Git#24>Updating files:  17% (714/4178)
Git#24>Updating files:  18% (753/4178)
Git#23>Updating files:  46% (411/892)
Git#25>Updating files:  19% (1491/7847)
Git#23>Updating files:  47% (420/892)
Git#24>Updating files:  19% (794/4178)
Git#25>Updating files:  19% (1526/7847)
Git#23>Updating files:  48% (429/892)
Git#24>Updating files:  20% (836/4178)
Git#23>Updating files:  49% (438/892)
Git#24>Updating files:  20% (859/4178)
Git#25>Updating files:  20% (1570/7847)
Git#24>Updating files:  21% (878/4178)
Git#23>Updating files:  49% (445/892)
Git#23>Updating files:  50% (446/892)
Git#23>Updating files:  51% (455/892)
Git#24>Updating files:  22% (920/4178)
Git#25>Updating files:  21% (1648/7847)
Git#25>Updating files:  21% (1650/7847)
Git#23>Updating files:  52% (464/892)
Git#24>Updating files:  23% (961/4178)
Git#23>Updating files:  53% (473/892)
Git#24>Updating files:  23% (986/4178)
Git#23>Updating files:  54% (482/892)
Git#24>Updating files:  24% (1003/4178)
Git#23>Updating files:  55% (491/892)
Git#23>Updating files:  56% (500/892)
Git#25>Updating files:  22% (1727/7847)
Git#23>Updating files:  57% (509/892)
Git#24>Updating files:  25% (1045/4178)
Git#23>Updating files:  58% (518/892)
Git#25>Updating files:  22% (1771/7847)
Git#23>Updating files:  59% (527/892)
Git#24>Updating files:  26% (1087/4178)
Git#23>Updating files:  60% (536/892)
Git#25>Updating files:  23% (1805/7847)
Git#23>Updating files:  61% (545/892)
Git#24>Updating files:  26% (1115/4178)
Git#24>Updating files:  27% (1129/4178)
Git#23>Updating files:  62% (554/892)
Git#23>Updating files:  62% (558/892)
Git#23>Updating files:  63% (562/892)
Git#23>Updating files:  64% (571/892)
Git#24>Updating files:  28% (1170/4178)
Git#23>Updating files:  65% (580/892)
Git#23>Updating files:  66% (589/892)
Git#25>Updating files:  24% (1884/7847)
Git#25>Updating files:  24% (1895/7847)
Git#23>Updating files:  67% (598/892)
Git#23>Updating files:  68% (607/892)
Git#24>Updating files:  29% (1212/4178)
Git#24>Updating files:  29% (1214/4178)
Git#25>Updating files:  25% (1962/7847)
Git#24>Updating files:  30% (1254/4178)
Git#23>Updating files:  68% (615/892)
Git#23>Updating files:  69% (616/892)
Git#24>Updating files:  31% (1296/4178)
Git#23>Updating files:  70% (625/892)
Git#25>Updating files:  25% (2025/7847)
Git#25>Updating files:  26% (2041/7847)
Git#23>Updating files:  71% (634/892)
Git#24>Updating files:  32% (1337/4178)
Git#24>Updating files:  32% (1350/4178)
Git#23>Updating files:  72% (643/892)
Git#23>Updating files:  72% (650/892)
Git#23>Updating files:  73% (652/892)
Git#24>Updating files:  33% (1379/4178)
Git#25>Updating files:  27% (2119/7847)
Git#24>Updating files:  34% (1421/4178)
Git#23>Updating files:  74% (661/892)
Git#25>Updating files:  27% (2150/7847)
Git#23>Updating files:  75% (669/892)
Git#23>Updating files:  76% (678/892)
Git#24>Updating files:  35% (1463/4178)
Git#24>Updating files:  35% (1475/4178)
Git#23>Updating files:  77% (687/892)
Git#25>Updating files:  28% (2198/7847)
Git#23>Updating files:  77% (695/892)
Git#23>Updating files:  78% (696/892)
Git#23>Updating files:  79% (705/892)
Git#24>Updating files:  36% (1505/4178)
Git#23>Updating files:  80% (714/892)
Git#23>Updating files:  81% (723/892)
Git#25>Updating files:  28% (2267/7847)
Git#25>Updating files:  29% (2276/7847)
Git#23>Updating files:  82% (732/892)
Git#24>Updating files:  37% (1546/4178)
Git#24>Updating files:  37% (1549/4178)
Git#23>Updating files:  83% (741/892)
Git#23>Updating files:  84% (750/892)
Git#23>Updating files:  85% (759/892)
Git#25>Updating files:  30% (2355/7847)
Git#23>Updating files:  86% (768/892)
Git#23>Updating files:  87% (777/892)
Git#23>Updating files:  88% (785/892)
Git#23>Updating files:  89% (794/892)
Git#25>Updating files:  30% (2395/7847)
Git#23>Updating files:  90% (803/892)
Git#23>Updating files:  91% (812/892)
Git#23>Updating files:  92% (821/892)
Git#23>Updating files:  93% (830/892)
Git#25>Updating files:  31% (2433/7847)
Git#23>Updating files:  94% (839/892)
Git#24>Updating files:  37% (1571/4178)
Git#23>Updating files:  95% (848/892)
Git#23>Updating files:  96% (857/892)
Git#23>Updating files:  96% (864/892)
Git#23>Updating files:  97% (866/892)
Git#23>Updating files:  98% (875/892)
Git#23>Updating files:  99% (884/892)
Git#23>Updating files: 100% (892/892)
Git#23>Updating files: 100% (892/892), done.
Git#23>HEAD is now at c255813 Upload mtb-hal-cat1 [3856]
Git#23>Success: git -C C:/Users/rock4/GitHub/384.068-infineon/project/c-deployment/mtb_shared/mtb-hal-cat1/release-v2.7.4 -c advice.detachedHead=false checkout --progress release-v2.7.4
Git#25>Updating files:  32% (2512/7847)
Git#25>Updating files:  32% (2522/7847)
Git#24>Updating files:  38% (1588/4178)
Git#24>Updating files:  38% (1592/4178)
Git#25>Updating files:  33% (2590/7847)
Git#25>Updating files:  33% (2654/7847)
Git#25>Updating files:  34% (2668/7847)
Git#24>Updating files:  38% (1629/4178)
Git#24>Updating files:  39% (1630/4178)
Git#25>Updating files:  35% (2747/7847)
Git#25>Updating files:  35% (2794/7847)
Git#25>Updating files:  36% (2825/7847)
Git#24>Updating files:  39% (1663/4178)
Git#24>Updating files:  40% (1672/4178)
Git#25>Updating files:  37% (2904/7847)
Git#25>Updating files:  37% (2935/7847)
Git#25>Updating files:  38% (2982/7847)
Git#24>Updating files:  40% (1699/4178)
Git#24>Updating files:  41% (1713/4178)
Git#25>Updating files:  39% (3061/7847)
Git#25>Updating files:  39% (3075/7847)
Git#24>Updating files:  41% (1733/4178)
Git#25>Updating files:  40% (3139/7847)
Git#25>Updating files:  41% (3218/7847)
Git#25>Updating files:  41% (3219/7847)
Git#24>Updating files:  42% (1755/4178)
Git#24>Updating files:  42% (1765/4178)
Git#25>Updating files:  42% (3296/7847)
Git#25>Updating files:  42% (3364/7847)
Git#25>Updating files:  43% (3375/7847)
Git#24>Updating files:  43% (1797/4178)
Git#25>Updating files:  44% (3453/7847)
Git#25>Updating files:  44% (3507/7847)
Git#25>Updating files:  45% (3532/7847)
Git#24>Updating files:  43% (1833/4178)
Git#24>Updating files:  44% (1839/4178)
Git#25>Updating files:  46% (3610/7847)
Git#25>Updating files:  46% (3646/7847)
Git#25>Updating files:  47% (3689/7847)
Git#24>Updating files:  44% (1867/4178)
Git#24>Updating files:  45% (1881/4178)
Git#25>Updating files:  48% (3767/7847)
Git#25>Updating files:  48% (3787/7847)
Git#24>Updating files:  45% (1903/4178)
Git#25>Updating files:  49% (3846/7847)
Git#24>Updating files:  46% (1922/4178)
Git#25>Updating files:  50% (3924/7847)
Git#25>Updating files:  50% (3927/7847)
Git#24>Updating files:  46% (1937/4178)
Git#25>Updating files:  51% (4002/7847)
Git#25>Updating files:  51% (4069/7847)
Git#25>Updating files:  52% (4081/7847)
Git#24>Updating files:  47% (1964/4178)
Git#24>Updating files:  47% (1972/4178)
Git#25>Updating files:  53% (4159/7847)
Git#25>Updating files:  53% (4211/7847)
Git#25>Updating files:  54% (4238/7847)
Git#24>Updating files:  48% (2006/4178)
Git#24>Updating files:  48% (2008/4178)
Git#25>Updating files:  55% (4316/7847)
Git#25>Updating files:  55% (4353/7847)
Git#25>Updating files:  56% (4395/7847)
Git#24>Updating files:  48% (2043/4178)
Git#24>Updating files:  49% (2048/4178)
Git#25>Updating files:  57% (4473/7847)
Git#25>Updating files:  57% (4494/7847)
Git#24>Updating files:  49% (2078/4178)
Git#25>Updating files:  58% (4552/7847)
Git#24>Updating files:  50% (2089/4178)
Git#25>Updating files:  58% (4617/7847)
Git#25>Updating files:  59% (4630/7847)
Git#24>Updating files:  50% (2110/4178)
Git#25>Updating files:  60% (4709/7847)
Git#24>Updating files:  51% (2131/4178)
Git#25>Updating files:  60% (4754/7847)
Git#25>Updating files:  61% (4787/7847)
Git#24>Updating files:  51% (2145/4178)
Git#25>Updating files:  62% (4866/7847)
Git#25>Updating files:  62% (4891/7847)
Git#24>Updating files:  52% (2173/4178)
Git#24>Updating files:  52% (2180/4178)
Git#25>Updating files:  63% (4944/7847)
Git#25>Updating files:  64% (5023/7847)
Git#25>Updating files:  64% (5031/7847)
Git#24>Updating files:  53% (2215/4178)
Git#25>Updating files:  65% (5101/7847)
Git#25>Updating files:  65% (5173/7847)
Git#25>Updating files:  66% (5180/7847)
Git#24>Updating files:  53% (2250/4178)
Git#24>Updating files:  54% (2257/4178)
Git#25>Updating files:  67% (5258/7847)
Git#25>Updating files:  67% (5320/7847)
Git#25>Updating files:  68% (5336/7847)
Git#24>Updating files:  54% (2284/4178)
Git#25>Updating files:  69% (5415/7847)
Git#24>Updating files:  55% (2298/4178)
Git#25>Updating files:  69% (5472/7847)
Git#25>Updating files:  70% (5493/7847)
Git#24>Updating files:  55% (2318/4178)
Git#25>Updating files:  71% (5572/7847)
Git#25>Updating files:  71% (5591/7847)
Git#24>Updating files:  56% (2340/4178)
Git#24>Updating files:  56% (2350/4178)
Git#25>Updating files:  72% (5650/7847)
Git#25>Updating files:  73% (5729/7847)
Git#25>Updating files:  73% (5730/7847)
Git#24>Updating files:  57% (2382/4178)
Git#24>Updating files:  57% (2383/4178)
Git#25>Updating files:  74% (5807/7847)
Git#25>Updating files:  74% (5871/7847)
Git#25>Updating files:  75% (5886/7847)
Git#24>Updating files:  57% (2419/4178)
Git#24>Updating files:  58% (2424/4178)
Git#25>Updating files:  76% (5964/7847)
Git#25>Updating files:  76% (6010/7847)
Git#25>Updating files:  77% (6043/7847)
Git#24>Updating files:  58% (2455/4178)
Git#24>Updating files:  59% (2466/4178)
Git#25>Updating files:  78% (6121/7847)
Git#25>Updating files:  78% (6154/7847)
Git#25>Updating files:  79% (6200/7847)
Git#24>Updating files:  59% (2489/4178)
Git#24>Updating files:  60% (2507/4178)
Git#25>Updating files:  80% (6278/7847)
Git#25>Updating files:  80% (6287/7847)
Git#24>Updating files:  60% (2521/4178)
Git#25>Updating files:  81% (6357/7847)
Git#25>Updating files:  81% (6428/7847)
Git#25>Updating files:  82% (6435/7847)
Git#24>Updating files:  61% (2549/4178)
Git#24>Updating files:  61% (2556/4178)
Git#25>Updating files:  83% (6514/7847)
Git#25>Updating files:  83% (6562/7847)
Git#25>Updating files:  84% (6592/7847)
Git#24>Updating files:  62% (2591/4178)
Git#25>Updating files:  85% (6670/7847)
Git#25>Updating files:  85% (6702/7847)
Git#24>Updating files:  62% (2620/4178)
Git#25>Updating files:  86% (6749/7847)
Git#24>Updating files:  63% (2633/4178)
Git#25>Updating files:  87% (6827/7847)
Git#25>Updating files:  87% (6840/7847)
Git#24>Updating files:  63% (2652/4178)
Git#25>Updating files:  88% (6906/7847)
Git#24>Updating files:  64% (2674/4178)
Git#25>Updating files:  88% (6980/7847)
Git#25>Updating files:  89% (6984/7847)
Git#24>Updating files:  64% (2688/4178)
Git#25>Updating files:  90% (7063/7847)
Git#25>Updating files:  90% (7137/7847)
Git#25>Updating files:  91% (7141/7847)
Git#24>Updating files:  65% (2716/4178)
Git#24>Updating files:  65% (2718/4178)
Git#25>Updating files:  92% (7220/7847)
Git#25>Updating files:  92% (7296/7847)
Git#25>Updating files:  93% (7298/7847)
Git#24>Updating files:  65% (2752/4178)
Git#24>Updating files:  66% (2758/4178)
Git#25>Updating files:  94% (7377/7847)
Git#25>Updating files:  94% (7415/7847)
Git#24>Updating files:  66% (2784/4178)
Git#25>Updating files:  95% (7455/7847)
Git#24>Updating files:  67% (2800/4178)
Git#25>Updating files:  95% (7528/7847)
Git#25>Updating files:  96% (7534/7847)
Git#24>Updating files:  67% (2820/4178)
Git#25>Updating files:  97% (7612/7847)
Git#24>Updating files:  68% (2842/4178)
Git#25>Updating files:  97% (7641/7847)
Git#24>Updating files:  68% (2854/4178)
Git#25>Updating files:  98% (7691/7847)
Git#25>Updating files:  98% (7752/7847)
Git#24>Updating files:  69% (2883/4178)
Git#25>Updating files:  99% (7769/7847)
Git#24>Updating files:  69% (2890/4178)
Git#25>Updating files: 100% (7847/7847)
Git#25>Updating files: 100% (7847/7847), done.
Git#25>HEAD is now at 3da37442 Upload device-db 4.35.0.9884 [4523]
Git#25>Success: git -C C:/Users/rock4/.modustoolbox/global/device-db/release-v4.35.0 -c advice.detachedHead=false checkout --progress release-v4.35.0
Git#24>Updating files:  69% (2923/4178)
Git#24>Updating files:  70% (2925/4178)
Git#24>Updating files:  70% (2959/4178)
Git#24>Updating files:  71% (2967/4178)
Git#24>Updating files:  71% (2993/4178)
Git#24>Updating files:  72% (3009/4178)
Git#24>Updating files:  72% (3029/4178)
Git#24>Updating files:  73% (3050/4178)
Git#24>Updating files:  73% (3067/4178)
Git#24>Updating files:  74% (3092/4178)
Git#24>Updating files:  74% (3104/4178)
Git#24>Updating files:  75% (3134/4178)
Git#24>Updating files:  75% (3141/4178)
Git#24>Updating files:  76% (3176/4178)
Git#24>Updating files:  76% (3179/4178)
Git#24>Updating files:  77% (3218/4178)
Git#24>Updating files:  77% (3242/4178)
Git#24>Updating files:  78% (3259/4178)
Git#24>Updating files:  79% (3301/4178)
Git#24>Updating files:  79% (3303/4178)
Git#24>Updating files:  80% (3343/4178)
Git#24>Updating files:  80% (3363/4178)
Git#24>Updating files:  81% (3385/4178)
Git#24>Updating files:  82% (3426/4178)
Git#24>Updating files:  82% (3428/4178)
Git#24>Updating files:  83% (3468/4178)
Git#24>Updating files:  83% (3502/4178)
Git#24>Updating files:  84% (3510/4178)
Git#24>Updating files:  85% (3552/4178)
Git#24>Updating files:  85% (3555/4178)
Git#24>Updating files:  85% (3577/4178)
Git#24>Updating files:  86% (3594/4178)
Git#24>Updating files:  86% (3601/4178)
Git#24>Updating files:  86% (3621/4178)
Git#24>Updating files:  87% (3635/4178)
Git#24>Updating files:  87% (3643/4178)
Git#24>Updating files:  87% (3666/4178)
Git#24>Updating files:  88% (3677/4178)
Git#24>Updating files:  88% (3690/4178)
Git#24>Updating files:  88% (3715/4178)
Git#24>Updating files:  89% (3719/4178)
Git#24>Updating files:  89% (3739/4178)
Git#24>Updating files:  90% (3761/4178)
Git#24>Updating files:  90% (3763/4178)
Git#24>Updating files:  90% (3787/4178)
Git#24>Updating files:  91% (3802/4178)
Git#24>Updating files:  91% (3811/4178)
Git#24>Updating files:  91% (3836/4178)
Git#24>Updating files:  92% (3844/4178)
Git#24>Updating files:  93% (3886/4178)
Git#24>Updating files:  93% (3912/4178)
Git#24>Updating files:  94% (3928/4178)
Git#24>Updating files:  95% (3970/4178)
Git#24>Updating files:  96% (4011/4178)
Git#24>Updating files:  96% (4033/4178)
Git#24>Updating files:  97% (4053/4178)
Git#24>Updating files:  98% (4095/4178)
Git#24>Updating files:  99% (4137/4178)
Git#24>Updating files:  99% (4170/4178)
Git#24>Updating files: 100% (4178/4178)
Git#24>Updating files: 100% (4178/4178), done.
Git#24>HEAD is now at 84c7b59 Upload mtb-pdl-cat1 3.19.0.44724 [4423]
Git#24>Success: git -C C:/Users/rock4/GitHub/384.068-infineon/project/c-deployment/mtb_shared/mtb-pdl-cat1/release-v3.19.0 -c advice.detachedHead=false checkout --progress release-v3.19.0
Requested to change the active target to 'APP_CY8CKIT-062S2-AI'.
Removed the file 'C:/Users/rock4/GitHub/384.068-infineon/project/c-deployment/BathroomPro2000/deps/TARGET_CY8CKIT-062S2-AI.mtb'.
Writing the file 'C:/Users/rock4/GitHub/384.068-infineon/project/c-deployment/BathroomPro2000/libs/app.mk'.
Successfully committed changes to the project 'mtb-example-ml-deepcraft-deploy-audio'.
Project "BathroomPro2000" created successfully.
Successfully created "BathroomPro2000" application.
Generating source
Generated source successfully.
==============================================================================
= Export "BathroomPro2000" application to Eclipse for ModusToolbox™ =
==============================================================================
make eclipse CY_IDE_PRJNAME=BathroomPro2000 CY_MAKE_IDE=eclipse CY_MAKE_IDE_VERSION=2026.1 CY_TOOLS_PATHS=C:/Users/rock4/ModusToolbox/tools_3.7 MTB_MAKE_ECLIPSE_FORCE_REGENERATE_PROJECT=1
Tools Directory: C:/Users/rock4/ModusToolbox/tools_3.7
Searching installed tools in progress...
Searching installed tools complete
NOTE: Using 'C:/Users/rock4/ModusToolbox/tools_3.7/ninja/ninja.exe' from PATH.
Generating mtbninja data files...
Generating mtbninja data complete...
Prebuild operations complete
Toolchain validation: PASS
Initializing build: mtb-example-ml-deepcraft-deploy-audio Debug APP_CY8CKIT-062S2-AI GCC_ARM
# 0: Loading the application in directory 'C:/Users/rock4/GitHub/384.068-infineon/project/c-deployment/BathroomPro2000'
# 0: Loading the ModusToolbox Technology Packs and Early Access Packs
# 0: Loading the tools information
Tools Directory: C:/Users/rock4/ModusToolbox/tools_3.7
NOTE: Using 'C:/Users/rock4/ModusToolbox/tools_3.7/ninja/ninja.exe' from PATH.
Generating mtbninja data files...
Generating mtbninja data complete...
Toolchain validation: PASS
Initializing build: mtb-example-ml-deepcraft-deploy-audio Debug APP_CY8CKIT-062S2-AI GCC_ARM
Prebuild operations complete
# 0: Loading the application in directory 'C:/Users/rock4/GitHub/384.068-infineon/project/c-deployment/BathroomPro2000'
# 0: Loading the ModusToolbox Technology Packs and Early Access Packs
# 0: Loading the tools information
Generated .clangd
Generated C:/Users/rock4/GitHub/384.068-infineon/project/c-deployment/BathroomPro2000/.cproject
Generated C:/Users/rock4/GitHub/384.068-infineon/project/c-deployment/BathroomPro2000/.project
Generated ../mtb_shared/.clangd
Generated C:/Users/rock4/GitHub/384.068-infineon/project/c-deployment/BathroomPro2000/.mtbLaunchConfigs/BathroomPro2000 Program.launch
Generated C:/Users/rock4/GitHub/384.068-infineon/project/c-deployment/BathroomPro2000/.mtbLaunchConfigs/BathroomPro2000 Erase Device.launch
Generated C:/Users/rock4/GitHub/384.068-infineon/project/c-deployment/BathroomPro2000/.mtbLaunchConfigs/BathroomPro2000 Attach (KitProg3_MiniProg4).launch
Generated C:/Users/rock4/GitHub/384.068-infineon/project/c-deployment/BathroomPro2000/.mtbLaunchConfigs/BathroomPro2000 Debug (KitProg3_MiniProg4).launch

Instructions:
1. Open Eclipse IDE for ModusToolbox
2. Select 'Import Existing Application In-Place' from the QuickPanel
3. Browse to the application root directory

For more information, refer to the Eclipse IDE for ModusToolbox user guide.

The application "BathroomPro2000" was successfully exported to Eclipse for ModusToolbox™.
0 error(s), 0 warning(s)

Summary:

Successfully created and exported "BathroomPro2000" application.
