Time (seconds), Duration (seconds),pred_(unlabeled),pred_brushing_teeth,pred_hair_drying,pred_showering
0.00000,1.05394,0.99538,0.00025,0.00139,0.00297
0.10000,1.05394,0.99523,0.00026,0.00142,0.00309
0.20000,1.05394,0.99512,0.00026,0.00144,0.00318
0.30000,1.05394,0.99503,0.00026,0.00147,0.00324
0.40000,1.05394,0.99496,0.00026,0.00149,0.00329
0.50000,1.05394,0.99485,0.00027,0.00150,0.00339
0.60000,1.05394,0.99478,0.00027,0.00153,0.00341
0.70000,1.05394,0.99473,0.00027,0.00152,0.00347
0.80000,1.05394,0.99471,0.00027,0.00153,0.00349
0.90000,1.05394,0.99470,0.00028,0.00152,0.00351
1.00000,1.05394,0.99469,0.00028,0.00156,0.00348
1.10000,1.05394,0.99473,0.00028,0.00153,0.00347
1.20000,1.05394,0.99462,0.00029,0.00156,0.00353
1.30000,1.05394,0.99460,0.00029,0.00155,0.00357
1.40000,1.05394,0.99456,0.00029,0.00157,0.00358
1.50000,1.05394,0.99462,0.00028,0.00155,0.00354
1.60000,1.05394,0.99460,0.00029,0.00156,0.00355
1.70000,1.05394,0.99465,0.00028,0.00156,0.00351
1.80000,1.05394,0.99456,0.00029,0.00156,0.00359
1.90000,1.05394,0.99442,0.00029,0.00159,0.00370
2.00000,1.05394,0.99427,0.00029,0.00159,0.00385
2.10000,1.05394,0.99408,0.00030,0.00164,0.00398
2.20000,1.05394,0.99377,0.00031,0.00168,0.00423
2.30000,1.05394,0.99392,0.00031,0.00165,0.00412
2.40000,1.05394,0.99387,0.00032,0.00163,0.00418
2.50000,1.05394,0.99349,0.00033,0.00170,0.00448
2.60000,1.05394,0.99319,0.00033,0.00170,0.00478
2.70000,1.05394,0.99243,0.00033,0.00179,0.00544
2.80000,1.05394,0.99216,0.00034,0.00180,0.00569
2.90000,1.05394,0.99108,0.00041,0.00195,0.00656
3.00000,1.05394,0.99225,0.00039,0.00169,0.00568
3.10000,1.05394,0.99148,0.00044,0.00187,0.00620
3.20000,1.05394,0.99135,0.00042,0.00184,0.00640
3.30000,1.05394,0.99104,0.00044,0.00185,0.00668
3.40000,1.05394,0.99141,0.00043,0.00181,0.00635
3.50000,1.05394,0.99121,0.00049,0.00194,0.00636
3.60000,1.05394,0.99216,0.00045,0.00179,0.00560
3.70000,1.05394,0.98735,0.00090,0.00268,0.00907
3.80000,1.05394,0.98648,0.00112,0.00234,0.01006
3.90000,1.05394,0.98071,0.00145,0.00247,0.01538
4.00000,1.05394,0.96511,0.00308,0.00452,0.02730
4.10000,1.05394,0.95884,0.00595,0.00394,0.03127
4.20000,1.05394,0.95150,0.00627,0.00290,0.03933
4.30000,1.05394,0.92987,0.01712,0.00361,0.04939
4.40000,1.05394,0.91844,0.01970,0.00427,0.05759
4.50000,1.05394,0.88457,0.04043,0.00628,0.06871
4.60000,1.05394,0.90269,0.03036,0.00460,0.06235
4.70000,1.05394,0.89245,0.04742,0.00659,0.05355
4.80000,1.05394,0.94615,0.02139,0.00315,0.02930
4.90000,1.05394,0.94542,0.02118,0.00378,0.02962
5.00000,1.05394,0.96550,0.01092,0.00340,0.02018
5.10000,1.05394,0.98028,0.00496,0.00283,0.01192
5.20000,1.05394,0.98506,0.00314,0.00285,0.00896
5.30000,1.05394,0.98888,0.00179,0.00233,0.00699
5.40000,1.05394,0.99007,0.00116,0.00191,0.00686
5.50000,1.05394,0.98967,0.00106,0.00198,0.00729
5.60000,1.05394,0.98960,0.00073,0.00249,0.00717
5.70000,1.05394,0.99314,0.00039,0.00173,0.00474
5.80000,1.05394,0.99434,0.00034,0.00152,0.00380
5.90000,1.05394,0.99435,0.00033,0.00158,0.00374
6.00000,1.05394,0.99436,0.00031,0.00156,0.00376
6.10000,1.05394,0.99330,0.00033,0.00172,0.00465
6.20000,1.05394,0.99299,0.00032,0.00173,0.00496
6.30000,1.05394,0.99286,0.00032,0.00177,0.00505
6.40000,1.05394,0.99337,0.00028,0.00158,0.00476
6.50000,1.05394,0.99279,0.00031,0.00176,0.00514
6.60000,1.05394,0.99310,0.00029,0.00166,0.00495
6.70000,1.05394,0.99306,0.00030,0.00171,0.00493
6.80000,1.05394,0.99306,0.00030,0.00166,0.00499
6.90000,1.05394,0.99219,0.00032,0.00194,0.00555
7.00000,1.05394,0.99306,0.00030,0.00177,0.00486
7.10000,1.05394,0.99447,0.00028,0.00157,0.00367
7.20000,1.05394,0.99456,0.00029,0.00157,0.00358
7.30000,1.05394,0.99485,0.00029,0.00152,0.00334
7.40000,1.05394,0.99482,0.00029,0.00151,0.00339
7.50000,1.05394,0.99503,0.00027,0.00146,0.00323
7.60000,1.05394,0.99496,0.00028,0.00149,0.00328
7.70000,1.05394,0.99497,0.00028,0.00149,0.00325
7.80000,1.05394,0.99503,0.00028,0.00147,0.00321
7.90000,1.05394,0.99527,0.00027,0.00143,0.00303
8.00000,1.05394,0.99529,0.00027,0.00143,0.00301
8.10000,1.05394,0.99353,0.00039,0.00184,0.00424
8.20000,1.05394,0.99169,0.00065,0.00195,0.00571
8.30000,1.05394,0.99205,0.00064,0.00164,0.00567
8.40000,1.05394,0.99257,0.00063,0.00151,0.00529
8.50000,1.05394,0.99268,0.00068,0.00153,0.00511
8.60000,1.05394,0.99073,0.00084,0.00189,0.00654
8.70000,1.05394,0.99008,0.00090,0.00175,0.00727
8.80000,1.05394,0.98775,0.00114,0.00196,0.00915
8.90000,1.05394,0.98751,0.00130,0.00215,0.00904
9.00000,1.05394,0.98605,0.00158,0.00234,0.01002
9.10000,1.05394,0.99084,0.00082,0.00191,0.00642
9.20000,1.05394,0.99256,0.00052,0.00180,0.00511
9.30000,1.05394,0.99297,0.00046,0.00168,0.00490
9.40000,1.05394,0.99359,0.00045,0.00168,0.00429
9.50000,1.05394,0.99397,0.00040,0.00154,0.00409
9.60000,1.05394,0.99466,0.00037,0.00150,0.00348
9.70000,1.05394,0.99470,0.00030,0.00152,0.00347
9.80000,1.05394,0.99549,0.00024,0.00133,0.00294
9.90000,1.05394,0.99574,0.00022,0.00119,0.00285
10.00000,1.05394,0.99476,0.00026,0.00145,0.00353
10.10000,1.05394,0.99506,0.00025,0.00125,0.00344
10.20000,1.05394,0.99447,0.00029,0.00139,0.00385
10.30000,1.05394,0.99502,0.00028,0.00125,0.00346
10.40000,1.05394,0.99485,0.00027,0.00134,0.00354
10.50000,1.05394,0.99472,0.00029,0.00138,0.00361
10.60000,1.05394,0.99347,0.00042,0.00188,0.00422
10.70000,1.05394,0.99502,0.00034,0.00148,0.00316
10.80000,1.05394,0.99527,0.00031,0.00138,0.00304
10.90000,1.05394,0.99586,0.00030,0.00129,0.00255
11.00000,1.05394,0.99641,0.00024,0.00122,0.00213
11.10000,1.05394,0.99655,0.00022,0.00119,0.00204
11.20000,1.05394,0.99639,0.00022,0.00120,0.00219
11.30000,1.05394,0.99634,0.00022,0.00123,0.00222
11.40000,1.05394,0.99624,0.00022,0.00125,0.00229
11.50000,1.05394,0.99611,0.00022,0.00127,0.00241
11.60000,1.05394,0.99577,0.00023,0.00135,0.00265
11.70000,1.05394,0.99545,0.00025,0.00147,0.00283
11.80000,1.05394,0.99535,0.00025,0.00145,0.00295
11.90000,1.05394,0.99529,0.00026,0.00145,0.00300
12.00000,1.05394,0.99510,0.00028,0.00149,0.00313
12.10000,1.05394,0.99520,0.00028,0.00148,0.00304
12.20000,1.05394,0.99505,0.00030,0.00151,0.00314
12.30000,1.05394,0.99483,0.00031,0.00158,0.00328
12.40000,1.05394,0.99489,0.00032,0.00153,0.00326
12.50000,1.05394,0.99521,0.00031,0.00148,0.00300
12.60000,1.05394,0.99521,0.00031,0.00145,0.00302
12.70000,1.05394,0.99513,0.00032,0.00152,0.00302
12.80000,1.05394,0.99493,0.00033,0.00156,0.00319
12.90000,1.05394,0.99493,0.00033,0.00153,0.00320
13.00000,1.05394,0.99461,0.00034,0.00160,0.00344
13.10000,1.05394,0.99474,0.00034,0.00157,0.00335
13.20000,1.05394,0.99508,0.00032,0.00153,0.00306
13.30000,1.05394,0.99527,0.00032,0.00148,0.00293
13.40000,1.05394,0.99540,0.00031,0.00142,0.00287
13.50000,1.05394,0.99522,0.00033,0.00149,0.00296
13.60000,1.05394,0.99525,0.00033,0.00148,0.00294
13.70000,1.05394,0.99540,0.00033,0.00144,0.00282
13.80000,1.05394,0.99559,0.00032,0.00139,0.00270
13.90000,1.05394,0.99577,0.00031,0.00135,0.00257
14.00000,1.05394,0.99580,0.00031,0.00135,0.00254
14.10000,1.05394,0.99541,0.00031,0.00145,0.00282
14.20000,1.05394,0.99516,0.00033,0.00149,0.00302
14.30000,1.05394,0.99500,0.00033,0.00150,0.00317
14.40000,1.05394,0.99500,0.00034,0.00150,0.00317
14.50000,1.05394,0.99508,0.00032,0.00147,0.00313
14.60000,1.05394,0.99508,0.00032,0.00149,0.00311
14.70000,1.05394,0.99501,0.00033,0.00150,0.00316
14.80000,1.05394,0.99482,0.00033,0.00154,0.00331
14.90000,1.05394,0.99501,0.00032,0.00149,0.00318
15.00000,1.05394,0.99505,0.00032,0.00148,0.00314
15.10000,1.05394,0.99542,0.00032,0.00142,0.00284
15.20000,1.05394,0.99543,0.00032,0.00142,0.00283
15.30000,1.05394,0.99521,0.00034,0.00151,0.00294
15.40000,1.05394,0.99546,0.00033,0.00141,0.00281
15.50000,1.05394,0.99573,0.00031,0.00135,0.00261
15.60000,1.05394,0.99559,0.00033,0.00139,0.00269
15.70000,1.05394,0.99593,0.00032,0.00131,0.00244
15.80000,1.05394,0.99586,0.00033,0.00133,0.00248
15.90000,1.05394,0.99596,0.00032,0.00130,0.00242
16.00000,1.05394,0.99585,0.00033,0.00132,0.00250
16.10000,1.05394,0.99592,0.00032,0.00132,0.00244
16.20000,1.05394,0.99594,0.00033,0.00131,0.00242
16.30000,1.05394,0.99582,0.00032,0.00136,0.00250
16.40000,1.05394,0.99567,0.00033,0.00140,0.00260
16.50000,1.05394,0.99558,0.00034,0.00142,0.00266
16.60000,1.05394,0.99568,0.00032,0.00137,0.00263
16.70000,1.05394,0.99581,0.00033,0.00134,0.00251
16.80000,1.05394,0.99602,0.00032,0.00127,0.00239
16.90000,1.05394,0.99578,0.00035,0.00135,0.00252
17.00000,1.05394,0.99586,0.00035,0.00134,0.00246
17.10000,1.05394,0.99564,0.00037,0.00137,0.00262
17.20000,1.05394,0.99600,0.00035,0.00125,0.00240
17.30000,1.05394,0.99560,0.00039,0.00138,0.00264
17.40000,1.05394,0.99564,0.00038,0.00137,0.00262
17.50000,1.05394,0.99512,0.00043,0.00147,0.00297
17.60000,1.05394,0.99488,0.00042,0.00150,0.00319
17.70000,1.05394,0.99448,0.00047,0.00159,0.00346
17.80000,1.05394,0.99460,0.00048,0.00155,0.00336
17.90000,1.05394,0.99462,0.00047,0.00155,0.00335
18.00000,1.05394,0.99466,0.00048,0.00156,0.00331
18.10000,1.05394,0.99500,0.00045,0.00148,0.00306
18.20000,1.05394,0.99488,0.00046,0.00154,0.00312
18.30000,1.05394,0.99471,0.00047,0.00154,0.00328
18.40000,1.05394,0.99519,0.00045,0.00146,0.00290
18.50000,1.05394,0.99525,0.00044,0.00144,0.00287
18.60000,1.05394,0.99544,0.00042,0.00141,0.00273
18.70000,1.05394,0.99541,0.00040,0.00138,0.00282
18.80000,1.05394,0.99523,0.00041,0.00146,0.00290
18.90000,1.05394,0.99521,0.00041,0.00147,0.00291
19.00000,1.05394,0.99474,0.00044,0.00160,0.00323
19.10000,1.05394,0.99505,0.00044,0.00152,0.00300
19.20000,1.05394,0.99530,0.00040,0.00146,0.00284
19.30000,1.05394,0.99537,0.00041,0.00145,0.00278
19.40000,1.05394,0.99537,0.00041,0.00144,0.00278
19.50000,1.05394,0.99519,0.00044,0.00151,0.00285
19.60000,1.05394,0.99526,0.00044,0.00145,0.00286
19.70000,1.05394,0.99523,0.00044,0.00147,0.00286
19.80000,1.05394,0.99523,0.00043,0.00150,0.00284
19.90000,1.05394,0.99504,0.00046,0.00152,0.00299
20.00000,1.05394,0.99490,0.00046,0.00154,0.00310
20.10000,1.05394,0.99480,0.00047,0.00155,0.00317
20.20000,1.05394,0.99436,0.00050,0.00166,0.00348
20.30000,1.05394,0.99467,0.00047,0.00158,0.00328
20.40000,1.05394,0.99461,0.00047,0.00159,0.00333
20.50000,1.05394,0.99491,0.00045,0.00152,0.00311
20.60000,1.05394,0.99475,0.00046,0.00154,0.00326
20.70000,1.05394,0.99520,0.00041,0.00142,0.00297
20.80000,1.05394,0.99538,0.00041,0.00139,0.00282
20.90000,1.05394,0.99569,0.00041,0.00131,0.00259
21.00000,1.05394,0.99523,0.00043,0.00143,0.00292
21.10000,1.05394,0.99455,0.00048,0.00138,0.00359
21.20000,1.05394,0.99457,0.00049,0.00139,0.00355
21.30000,1.05394,0.99317,0.00064,0.00159,0.00459
21.40000,1.05394,0.99335,0.00055,0.00145,0.00464
21.50000,1.05394,0.99342,0.00059,0.00133,0.00466
21.60000,1.05394,0.99369,0.00051,0.00132,0.00449
21.70000,1.05394,0.99106,0.00072,0.00173,0.00649
21.80000,1.05394,0.98984,0.00073,0.00193,0.00750
21.90000,1.05394,0.98589,0.00147,0.00289,0.00975
22.00000,1.05394,0.98678,0.00209,0.00262,0.00851
22.10000,1.05394,0.98714,0.00220,0.00235,0.00832
22.20000,1.05394,0.98907,0.00205,0.00214,0.00674
22.30000,1.05394,0.98807,0.00248,0.00231,0.00714
22.40000,1.05394,0.98735,0.00236,0.00217,0.00812
22.50000,1.05394,0.98022,0.00275,0.00294,0.01408
22.60000,1.05394,0.98290,0.00291,0.00203,0.01216
22.70000,1.05394,0.96570,0.00583,0.00293,0.02554
22.80000,1.05394,0.93988,0.00487,0.00340,0.05185
22.90000,1.05394,0.88926,0.00308,0.00421,0.10345
23.00000,1.05394,0.83087,0.00313,0.00504,0.16097
23.10000,1.05394,0.82606,0.00257,0.00403,0.16734
23.20000,1.05394,0.77519,0.00304,0.00436,0.21740
23.30000,1.05394,0.72432,0.00334,0.00499,0.26734
23.40000,1.05394,0.67730,0.00456,0.00705,0.31109
23.50000,1.05394,0.58129,0.00350,0.00756,0.40764
23.60000,1.05394,0.53947,0.00445,0.01079,0.44529
23.70000,1.05394,0.50918,0.00441,0.01321,0.47320
23.80000,1.05394,0.67577,0.00447,0.01300,0.30676
23.90000,1.05394,0.83334,0.00426,0.01054,0.15185
24.00000,1.05394,0.88924,0.00347,0.00923,0.09806
24.10000,1.05394,0.89153,0.00352,0.01083,0.09411
24.20000,1.05394,0.90366,0.00292,0.00971,0.08372
24.30000,1.05394,0.93739,0.00314,0.00894,0.05053
24.40000,1.05394,0.97235,0.00199,0.00470,0.02096
24.50000,1.05394,0.97609,0.00210,0.00509,0.01672
24.60000,1.05394,0.98528,0.00168,0.00348,0.00956
24.70000,1.05394,0.99004,0.00163,0.00279,0.00554
24.80000,1.05394,0.99146,0.00131,0.00215,0.00507
24.90000,1.05394,0.98934,0.00168,0.00271,0.00627
25.00000,1.05394,0.98894,0.00160,0.00269,0.00678
25.10000,1.05394,0.98970,0.00146,0.00247,0.00637
25.20000,1.05394,0.99068,0.00107,0.00230,0.00595
25.30000,1.05394,0.99037,0.00110,0.00234,0.00619
25.40000,1.05394,0.98668,0.00138,0.00288,0.00906
25.50000,1.05394,0.99096,0.00085,0.00205,0.00613
25.60000,1.05394,0.99137,0.00083,0.00193,0.00587
25.70000,1.05394,0.99195,0.00074,0.00181,0.00550
25.80000,1.05394,0.99222,0.00077,0.00182,0.00519
25.90000,1.05394,0.99318,0.00069,0.00172,0.00441
26.00000,1.05394,0.99380,0.00060,0.00163,0.00396
26.10000,1.05394,0.99410,0.00059,0.00160,0.00371
26.20000,1.05394,0.99412,0.00062,0.00166,0.00360
26.30000,1.05394,0.99475,0.00058,0.00160,0.00307
26.40000,1.05394,0.99505,0.00055,0.00148,0.00292
26.50000,1.05394,0.99400,0.00050,0.00165,0.00385
26.60000,1.05394,0.99380,0.00056,0.00170,0.00393
26.70000,1.05394,0.99410,0.00049,0.00153,0.00389
26.80000,1.05394,0.99417,0.00049,0.00155,0.00380
26.90000,1.05394,0.99440,0.00047,0.00148,0.00364
27.00000,1.05394,0.99407,0.00055,0.00161,0.00377
27.10000,1.05394,0.99443,0.00050,0.00147,0.00360
27.20000,1.05394,0.99393,0.00055,0.00165,0.00387
27.30000,1.05394,0.99356,0.00052,0.00174,0.00418
27.40000,1.05394,0.99342,0.00069,0.00191,0.00398
27.50000,1.05394,0.99483,0.00061,0.00152,0.00304
27.60000,1.05394,0.99510,0.00059,0.00145,0.00287
27.70000,1.05394,0.99491,0.00059,0.00149,0.00301
27.80000,1.05394,0.99512,0.00057,0.00147,0.00284
27.90000,1.05394,0.99475,0.00062,0.00156,0.00307
28.00000,1.05394,0.99502,0.00058,0.00145,0.00295
28.10000,1.05394,0.99474,0.00061,0.00154,0.00311
28.20000,1.05394,0.99468,0.00063,0.00162,0.00307
28.30000,1.05394,0.99411,0.00065,0.00176,0.00349
28.40000,1.05394,0.99473,0.00058,0.00152,0.00317
28.50000,1.05394,0.99430,0.00066,0.00163,0.00341
28.60000,1.05394,0.99454,0.00068,0.00161,0.00317
28.70000,1.05394,0.99457,0.00065,0.00157,0.00322
28.80000,1.05394,0.99460,0.00068,0.00158,0.00315
28.90000,1.05394,0.99495,0.00062,0.00148,0.00295
29.00000,1.05394,0.99507,0.00060,0.00147,0.00286
29.10000,1.05394,0.99496,0.00063,0.00150,0.00291
29.20000,1.05394,0.99501,0.00065,0.00155,0.00280
29.30000,1.05394,0.99583,0.00052,0.00132,0.00234
29.40000,1.05394,0.99582,0.00051,0.00133,0.00234
29.50000,1.05394,0.99556,0.00052,0.00140,0.00251
29.60000,1.05394,0.99552,0.00053,0.00140,0.00255
29.70000,1.05394,0.99560,0.00050,0.00134,0.00256
29.80000,1.05394,0.99547,0.00050,0.00140,0.00263
29.90000,1.05394,0.99523,0.00049,0.00139,0.00289
30.00000,1.05394,0.99502,0.00055,0.00150,0.00292
30.10000,1.05394,0.99482,0.00056,0.00149,0.00312
30.20000,1.05394,0.99491,0.00057,0.00152,0.00300
30.30000,1.05394,0.99460,0.00061,0.00156,0.00323
30.40000,1.05394,0.99485,0.00059,0.00151,0.00305
30.50000,1.05394,0.99513,0.00056,0.00147,0.00284
30.60000,1.05394,0.99487,0.00059,0.00158,0.00296
30.70000,1.05394,0.99515,0.00059,0.00146,0.00279
30.80000,1.05394,0.99495,0.00062,0.00152,0.00290
30.90000,1.05394,0.99486,0.00061,0.00150,0.00302
31.00000,1.05394,0.99462,0.00062,0.00165,0.00310
31.10000,1.05394,0.99470,0.00057,0.00154,0.00319
31.20000,1.05394,0.99434,0.00059,0.00165,0.00341
31.30000,1.05394,0.99444,0.00057,0.00159,0.00339
31.40000,1.05394,0.99420,0.00060,0.00170,0.00350
31.50000,1.05394,0.99400,0.00058,0.00166,0.00377
31.60000,1.05394,0.99354,0.00060,0.00171,0.00415
31.70000,1.05394,0.99375,0.00059,0.00169,0.00397
31.80000,1.05394,0.99447,0.00049,0.00150,0.00354
31.90000,1.05394,0.99428,0.00056,0.00158,0.00358
32.00000,1.05394,0.99458,0.00052,0.00150,0.00340
32.10000,1.05394,0.99466,0.00054,0.00150,0.00330
32.20000,1.05394,0.99497,0.00050,0.00143,0.00310
32.30000,1.05394,0.99447,0.00056,0.00162,0.00334
32.40000,1.05394,0.99476,0.00055,0.00156,0.00313
32.50000,1.05394,0.99537,0.00053,0.00144,0.00266
32.60000,1.05394,0.99521,0.00054,0.00145,0.00280
32.70000,1.05394,0.99523,0.00053,0.00148,0.00276
32.80000,1.05394,0.99496,0.00056,0.00155,0.00293
32.90000,1.05394,0.99443,0.00063,0.00170,0.00324
33.00000,1.05394,0.99460,0.00068,0.00152,0.00320
33.10000,1.05394,0.99511,0.00066,0.00134,0.00290
33.20000,1.05394,0.99508,0.00063,0.00135,0.00294
33.30000,1.05394,0.99518,0.00063,0.00135,0.00284
33.40000,1.05394,0.99525,0.00059,0.00134,0.00282
33.50000,1.05394,0.99563,0.00055,0.00122,0.00260
33.60000,1.05394,0.99522,0.00059,0.00132,0.00287
33.70000,1.05394,0.99515,0.00061,0.00138,0.00286
33.80000,1.05394,0.99527,0.00057,0.00131,0.00285
33.90000,1.05394,0.99540,0.00050,0.00143,0.00266
34.00000,1.05394,0.99546,0.00046,0.00143,0.00265
34.10000,1.05394,0.99548,0.00044,0.00139,0.00269
34.20000,1.05394,0.99556,0.00043,0.00137,0.00263
34.30000,1.05394,0.99515,0.00048,0.00147,0.00290
34.40000,1.05394,0.99557,0.00046,0.00137,0.00259
34.50000,1.05394,0.99559,0.00044,0.00135,0.00262
34.60000,1.05394,0.99545,0.00045,0.00141,0.00269
34.70000,1.05394,0.99536,0.00041,0.00145,0.00279
34.80000,1.05394,0.99534,0.00042,0.00142,0.00282
34.90000,1.05394,0.98740,0.00016,0.00442,0.00803
35.00000,1.05394,0.95170,0.00052,0.00896,0.03882
35.10000,1.05394,0.94730,0.00137,0.01580,0.03553
35.20000,1.05394,0.93911,0.00324,0.00921,0.04844
35.30000,1.05394,0.96865,0.00129,0.00896,0.02110
35.40000,1.05394,0.92640,0.00368,0.00657,0.06335
35.50000,1.05394,0.95012,0.00246,0.01093,0.03649
35.60000,1.05394,0.92081,0.00401,0.01066,0.06452
35.70000,1.05394,0.95040,0.00252,0.01355,0.03353
35.80000,1.05394,0.90222,0.02219,0.02131,0.05428
35.90000,1.05394,0.97152,0.01329,0.00417,0.01102
36.00000,1.05394,0.98326,0.00562,0.00314,0.00797
36.10000,1.05394,0.98897,0.00174,0.00230,0.00700
36.20000,1.05394,0.99103,0.00114,0.00178,0.00605
36.30000,1.05394,0.99188,0.00111,0.00149,0.00552
36.40000,1.05394,0.99268,0.00106,0.00134,0.00492
36.50000,1.05394,0.99276,0.00122,0.00130,0.00473
36.60000,1.05394,0.99232,0.00126,0.00143,0.00500
36.70000,1.05394,0.99251,0.00128,0.00131,0.00489
36.80000,1.05394,0.99216,0.00129,0.00143,0.00511
36.90000,1.05394,0.99111,0.00164,0.00165,0.00559
37.00000,1.05394,0.99264,0.00125,0.00168,0.00444
37.10000,1.05394,0.99339,0.00093,0.00163,0.00405
37.20000,1.05394,0.99468,0.00069,0.00150,0.00312
37.30000,1.05394,0.99512,0.00062,0.00137,0.00289
37.40000,1.05394,0.99297,0.00093,0.00195,0.00416
37.50000,1.05394,0.98956,0.00078,0.00253,0.00713
37.60000,1.05394,0.98856,0.00097,0.00248,0.00799
37.70000,1.05394,0.98975,0.00073,0.00231,0.00720
37.80000,1.05394,0.98766,0.00080,0.00272,0.00883
37.90000,1.05394,0.97516,0.00146,0.00428,0.01909
38.00000,1.05394,0.97867,0.00156,0.00317,0.01660
38.10000,1.05394,0.98028,0.00124,0.00317,0.01532
38.20000,1.05394,0.97501,0.00171,0.00417,0.01910
38.30000,1.05394,0.95745,0.00211,0.00602,0.03441
38.40000,1.05394,0.97252,0.00217,0.00379,0.02152
38.50000,1.05394,0.98897,0.00121,0.00222,0.00760
38.60000,1.05394,0.98872,0.00123,0.00215,0.00790
38.70000,1.05394,0.98792,0.00151,0.00241,0.00816
38.80000,1.05394,0.99037,0.00131,0.00247,0.00586
38.90000,1.05394,0.99389,0.00069,0.00187,0.00355
39.00000,1.05394,0.99416,0.00068,0.00170,0.00346
39.10000,1.05394,0.99448,0.00064,0.00160,0.00328
39.20000,1.05394,0.99474,0.00059,0.00154,0.00313
39.30000,1.05394,0.99485,0.00057,0.00152,0.00306
39.40000,1.05394,0.99463,0.00060,0.00163,0.00314
39.50000,1.05394,0.99491,0.00059,0.00151,0.00299
39.60000,1.05394,0.99485,0.00060,0.00153,0.00302
39.70000,1.05394,0.99503,0.00057,0.00146,0.00294
39.80000,1.05394,0.99477,0.00063,0.00149,0.00311
39.90000,1.05394,0.99449,0.00070,0.00158,0.00322
40.00000,1.05394,0.99446,0.00068,0.00157,0.00329
40.10000,1.05394,0.99504,0.00063,0.00145,0.00287
40.20000,1.05394,0.99491,0.00068,0.00147,0.00294
40.30000,1.05394,0.99518,0.00065,0.00143,0.00274
40.40000,1.05394,0.99533,0.00064,0.00137,0.00266
40.50000,1.05394,0.99520,0.00063,0.00141,0.00277
40.60000,1.05394,0.99500,0.00069,0.00143,0.00287
40.70000,1.05394,0.99486,0.00072,0.00147,0.00295
40.80000,1.05394,0.99487,0.00074,0.00150,0.00288
40.90000,1.05394,0.99453,0.00077,0.00161,0.00309
41.00000,1.05394,0.99437,0.00080,0.00159,0.00324
41.10000,1.05394,0.99405,0.00094,0.00164,0.00337
41.20000,1.05394,0.99385,0.00093,0.00170,0.00352
41.30000,1.05394,0.99359,0.00093,0.00175,0.00372
41.40000,1.05394,0.99307,0.00103,0.00191,0.00399
41.50000,1.05394,0.99358,0.00100,0.00174,0.00368
41.60000,1.05394,0.99369,0.00097,0.00175,0.00360
41.70000,1.05394,0.99417,0.00091,0.00159,0.00334
41.80000,1.05394,0.99405,0.00095,0.00168,0.00333
41.90000,1.05394,0.99437,0.00087,0.00156,0.00320
42.00000,1.05394,0.99485,0.00081,0.00149,0.00285
42.10000,1.05394,0.99494,0.00080,0.00147,0.00280
42.20000,1.05394,0.99534,0.00074,0.00138,0.00253
42.30000,1.05394,0.99553,0.00072,0.00133,0.00242
42.40000,1.05394,0.99590,0.00068,0.00123,0.00219
42.50000,1.05394,0.99577,0.00070,0.00125,0.00227
42.60000,1.05394,0.99562,0.00070,0.00128,0.00239
42.70000,1.05394,0.99572,0.00067,0.00128,0.00233
42.80000,1.05394,0.99535,0.00074,0.00136,0.00255
42.90000,1.05394,0.99539,0.00072,0.00132,0.00257
43.00000,1.05394,0.99504,0.00081,0.00141,0.00275
43.10000,1.05394,0.99509,0.00074,0.00136,0.00281
43.20000,1.05394,0.99449,0.00086,0.00151,0.00314
43.30000,1.05394,0.99408,0.00083,0.00159,0.00350
43.40000,1.05394,0.99366,0.00092,0.00171,0.00372
43.50000,1.05394,0.99407,0.00084,0.00158,0.00351
43.60000,1.05394,0.99404,0.00084,0.00161,0.00350
43.70000,1.05394,0.99431,0.00079,0.00156,0.00334
43.80000,1.05394,0.99412,0.00085,0.00165,0.00339
43.90000,1.05394,0.99417,0.00083,0.00162,0.00338
44.00000,1.05394,0.99457,0.00076,0.00156,0.00311
44.10000,1.05394,0.99461,0.00078,0.00154,0.00307
44.20000,1.05394,0.99497,0.00076,0.00149,0.00278
44.30000,1.05394,0.99504,0.00074,0.00149,0.00273
44.40000,1.05394,0.99517,0.00067,0.00146,0.00270
44.50000,1.05394,0.99463,0.00077,0.00158,0.00303
44.60000,1.05394,0.99458,0.00077,0.00160,0.00305
44.70000,1.05394,0.99467,0.00074,0.00154,0.00305
44.80000,1.05394,0.99450,0.00075,0.00161,0.00314
44.90000,1.05394,0.99456,0.00071,0.00157,0.00315
45.00000,1.05394,0.99478,0.00065,0.00150,0.00307
45.10000,1.05394,0.99463,0.00067,0.00156,0.00314
45.20000,1.05394,0.99494,0.00061,0.00142,0.00303
45.30000,1.05394,0.99466,0.00064,0.00151,0.00319
45.40000,1.05394,0.99538,0.00058,0.00133,0.00271
45.50000,1.05394,0.99519,0.00060,0.00141,0.00281
45.60000,1.05394,0.99547,0.00051,0.00132,0.00270
45.70000,1.05394,0.99492,0.00060,0.00146,0.00302
45.80000,1.05394,0.99507,0.00059,0.00150,0.00284
45.90000,1.05394,0.99480,0.00064,0.00155,0.00301
46.00000,1.05394,0.99513,0.00059,0.00144,0.00284
46.10000,1.05394,0.99515,0.00060,0.00147,0.00278
46.20000,1.05394,0.99511,0.00063,0.00154,0.00272
46.30000,1.05394,0.99489,0.00066,0.00156,0.00289
46.40000,1.05394,0.99533,0.00059,0.00144,0.00263
46.50000,1.05394,0.99511,0.00065,0.00155,0.00269
46.60000,1.05394,0.99476,0.00069,0.00162,0.00292
46.70000,1.05394,0.99456,0.00071,0.00164,0.00309
46.80000,1.05394,0.99476,0.00068,0.00159,0.00298
46.90000,1.05394,0.99499,0.00067,0.00154,0.00280
47.00000,1.05394,0.99464,0.00067,0.00162,0.00307
47.10000,1.05394,0.99478,0.00067,0.00155,0.00300
47.20000,1.05394,0.99458,0.00066,0.00159,0.00317
47.30000,1.05394,0.99461,0.00065,0.00158,0.00315
47.40000,1.05394,0.99480,0.00063,0.00155,0.00302
47.50000,1.05394,0.99479,0.00063,0.00157,0.00301
47.60000,1.05394,0.99514,0.00059,0.00150,0.00277
47.70000,1.05394,0.99529,0.00054,0.00147,0.00270
47.80000,1.05394,0.99509,0.00056,0.00151,0.00284
47.90000,1.05394,0.99513,0.00055,0.00151,0.00280
48.00000,1.05394,0.99531,0.00052,0.00148,0.00268
48.10000,1.05394,0.99501,0.00053,0.00153,0.00292
48.20000,1.05394,0.99544,0.00051,0.00140,0.00265
48.30000,1.05394,0.99499,0.00054,0.00149,0.00298
48.40000,1.05394,0.99495,0.00057,0.00154,0.00294
48.50000,1.05394,0.99480,0.00061,0.00160,0.00299
48.60000,1.05394,0.99504,0.00059,0.00154,0.00282
48.70000,1.05394,0.99464,0.00064,0.00162,0.00310
48.80000,1.05394,0.99439,0.00068,0.00167,0.00327
48.90000,1.05394,0.99412,0.00073,0.00172,0.00344
49.00000,1.05394,0.99395,0.00077,0.00171,0.00358
49.10000,1.05394,0.99435,0.00070,0.00169,0.00326
49.20000,1.05394,0.99440,0.00071,0.00157,0.00332
49.30000,1.05394,0.99436,0.00070,0.00162,0.00333
49.40000,1.05394,0.99383,0.00075,0.00169,0.00373
49.50000,1.05394,0.99408,0.00071,0.00169,0.00352
49.60000,1.05394,0.99435,0.00068,0.00160,0.00338
49.70000,1.05394,0.99478,0.00065,0.00152,0.00305
49.80000,1.05394,0.99477,0.00066,0.00154,0.00303
49.90000,1.05394,0.99454,0.00070,0.00162,0.00313
50.00000,1.05394,0.99463,0.00068,0.00156,0.00313
50.10000,1.05394,0.99482,0.00070,0.00150,0.00298
50.20000,1.05394,0.99496,0.00067,0.00148,0.00289
50.30000,1.05394,0.99501,0.00068,0.00150,0.00282
50.40000,1.05394,0.99487,0.00067,0.00152,0.00293
50.50000,1.05394,0.99476,0.00072,0.00154,0.00298
50.60000,1.05394,0.99434,0.00074,0.00164,0.00328
50.70000,1.05394,0.99465,0.00072,0.00157,0.00306
50.80000,1.05394,0.99483,0.00068,0.00157,0.00291
50.90000,1.05394,0.99481,0.00073,0.00161,0.00284
51.00000,1.05394,0.99469,0.00071,0.00162,0.00298
51.10000,1.05394,0.99445,0.00078,0.00167,0.00310
51.20000,1.05394,0.99433,0.00080,0.00169,0.00318
51.30000,1.05394,0.99466,0.00079,0.00157,0.00299
51.40000,1.05394,0.99486,0.00075,0.00155,0.00284
51.50000,1.05394,0.99478,0.00082,0.00156,0.00283
51.60000,1.05394,0.99453,0.00086,0.00164,0.00297
51.70000,1.05394,0.99442,0.00090,0.00161,0.00307
51.80000,1.05394,0.99448,0.00086,0.00166,0.00300
51.90000,1.05394,0.99442,0.00092,0.00160,0.00307
52.00000,1.05394,0.99459,0.00090,0.00158,0.00293
52.10000,1.05394,0.99449,0.00093,0.00161,0.00297
52.20000,1.05394,0.99447,0.00089,0.00161,0.00303
52.30000,1.05394,0.99399,0.00095,0.00170,0.00335
52.40000,1.05394,0.99360,0.00105,0.00175,0.00361
52.50000,1.05394,0.99405,0.00094,0.00168,0.00333
52.60000,1.05394,0.99418,0.00091,0.00162,0.00329
52.70000,1.05394,0.99366,0.00092,0.00183,0.00359
52.80000,1.05394,0.99369,0.00092,0.00171,0.00368
52.90000,1.05394,0.99376,0.00093,0.00176,0.00355
53.00000,1.05394,0.99337,0.00100,0.00189,0.00374
53.10000,1.05394,0.99440,0.00081,0.00158,0.00321
53.20000,1.05394,0.99384,0.00094,0.00173,0.00348
53.30000,1.05394,0.99401,0.00086,0.00170,0.00344
53.40000,1.05394,0.99372,0.00098,0.00176,0.00354
53.50000,1.05394,0.99390,0.00093,0.00169,0.00348
53.60000,1.05394,0.99383,0.00102,0.00168,0.00347
53.70000,1.05394,0.99365,0.00104,0.00170,0.00361
53.80000,1.05394,0.99275,0.00117,0.00197,0.00410
53.90000,1.05394,0.99263,0.00120,0.00189,0.00428
54.00000,1.05394,0.99307,0.00110,0.00189,0.00394
54.10000,1.05394,0.99291,0.00110,0.00186,0.00412
54.20000,1.05394,0.99328,0.00103,0.00188,0.00381
54.30000,1.05394,0.99317,0.00105,0.00186,0.00392
54.40000,1.05394,0.99295,0.00106,0.00200,0.00398
54.50000,1.05394,0.99310,0.00106,0.00194,0.00390
54.60000,1.05394,0.99368,0.00093,0.00182,0.00356
54.70000,1.05394,0.99410,0.00082,0.00172,0.00336
54.80000,1.05394,0.99347,0.00088,0.00188,0.00376
54.90000,1.05394,0.99393,0.00087,0.00178,0.00342
55.00000,1.05394,0.99384,0.00094,0.00181,0.00341
55.10000,1.05394,0.99448,0.00088,0.00164,0.00300
55.20000,1.05394,0.99447,0.00086,0.00163,0.00304
55.30000,1.05394,0.99502,0.00074,0.00150,0.00274
55.40000,1.05394,0.99467,0.00074,0.00161,0.00298
55.50000,1.05394,0.99467,0.00080,0.00164,0.00288
55.60000,1.05394,0.99449,0.00087,0.00170,0.00294
55.70000,1.05394,0.99517,0.00081,0.00149,0.00254
55.80000,1.05394,0.99503,0.00081,0.00154,0.00262
55.90000,1.05394,0.99528,0.00075,0.00142,0.00255
56.00000,1.05394,0.99459,0.00076,0.00164,0.00301
56.10000,1.05394,0.99460,0.00077,0.00159,0.00304
56.20000,1.05394,0.99472,0.00074,0.00161,0.00292
56.30000,1.05394,0.99491,0.00072,0.00147,0.00290
56.40000,1.05394,0.99462,0.00075,0.00157,0.00306
56.50000,1.05394,0.99479,0.00071,0.00150,0.00300
56.60000,1.05394,0.99485,0.00066,0.00152,0.00297
56.70000,1.05394,0.99485,0.00068,0.00151,0.00297
56.80000,1.05394,0.99477,0.00070,0.00155,0.00297
56.90000,1.05394,0.99519,0.00065,0.00145,0.00272
57.00000,1.05394,0.99536,0.00063,0.00143,0.00258
57.10000,1.05394,0.99562,0.00064,0.00135,0.00240
57.20000,1.05394,0.99548,0.00063,0.00140,0.00249
57.30000,1.05394,0.99554,0.00062,0.00137,0.00248
57.40000,1.05394,0.99560,0.00057,0.00135,0.00248
57.50000,1.05394,0.99523,0.00062,0.00144,0.00271
57.60000,1.05394,0.99563,0.00057,0.00131,0.00248
57.70000,1.05394,0.99518,0.00058,0.00140,0.00284
57.80000,1.05394,0.99527,0.00059,0.00136,0.00278
57.90000,1.05394,0.99478,0.00061,0.00155,0.00306
58.00000,1.05394,0.99456,0.00068,0.00151,0.00325
58.10000,1.05394,0.99418,0.00064,0.00162,0.00356
58.20000,1.05394,0.99430,0.00065,0.00161,0.00344
58.30000,1.05394,0.99445,0.00066,0.00163,0.00327
58.40000,1.05394,0.99482,0.00064,0.00148,0.00307
58.50000,1.05394,0.99434,0.00069,0.00162,0.00335
58.60000,1.05394,0.99452,0.00069,0.00159,0.00320
58.70000,1.05394,0.99407,0.00072,0.00172,0.00349
58.80000,1.05394,0.99428,0.00071,0.00163,0.00337
58.90000,1.05394,0.99398,0.00072,0.00173,0.00356
59.00000,1.05394,0.99469,0.00063,0.00155,0.00313
59.10000,1.05394,0.99411,0.00068,0.00169,0.00352
59.20000,1.05394,0.99392,0.00066,0.00164,0.00378
59.30000,1.05394,0.99369,0.00067,0.00174,0.00390
59.40000,1.05394,0.99451,0.00059,0.00152,0.00338
59.50000,1.05394,0.99415,0.00066,0.00165,0.00353
59.60000,1.05394,0.99454,0.00061,0.00152,0.00333
59.70000,1.05394,0.99444,0.00064,0.00159,0.00334
59.80000,1.05394,0.99487,0.00061,0.00151,0.00302
59.90000,1.05394,0.99465,0.00067,0.00155,0.00313
60.00000,1.05394,0.99471,0.00066,0.00159,0.00305
60.10000,1.05394,0.99471,0.00067,0.00154,0.00307
60.20000,1.05394,0.99502,0.00066,0.00148,0.00284
60.30000,1.05394,0.99497,0.00064,0.00147,0.00293
60.40000,1.05394,0.99502,0.00064,0.00149,0.00285
60.50000,1.05394,0.99478,0.00068,0.00151,0.00303
60.60000,1.05394,0.99483,0.00069,0.00150,0.00298
60.70000,1.05394,0.99488,0.00071,0.00147,0.00294
60.80000,1.05394,0.99509,0.00075,0.00145,0.00271
60.90000,1.05394,0.99499,0.00074,0.00148,0.00278
61.00000,1.05394,0.99480,0.00075,0.00151,0.00294
61.10000,1.05394,0.99448,0.00079,0.00157,0.00316
61.20000,1.05394,0.99482,0.00079,0.00147,0.00291
61.30000,1.05394,0.99399,0.00087,0.00171,0.00343
61.40000,1.05394,0.99415,0.00087,0.00169,0.00329
61.50000,1.05394,0.99439,0.00083,0.00167,0.00311
61.60000,1.05394,0.99437,0.00081,0.00156,0.00326
61.70000,1.05394,0.99382,0.00085,0.00177,0.00356
61.80000,1.05394,0.99371,0.00084,0.00176,0.00369
61.90000,1.05394,0.99398,0.00084,0.00170,0.00349
62.00000,1.05394,0.99444,0.00081,0.00158,0.00317
62.10000,1.05394,0.99411,0.00088,0.00172,0.00329
62.20000,1.05394,0.99468,0.00082,0.00157,0.00294
62.30000,1.05394,0.99451,0.00086,0.00160,0.00302
62.40000,1.05394,0.99382,0.00093,0.00175,0.00350
62.50000,1.05394,0.99389,0.00094,0.00170,0.00347
62.60000,1.05394,0.99367,0.00100,0.00174,0.00359
62.70000,1.05394,0.99402,0.00098,0.00171,0.00329
62.80000,1.05394,0.99397,0.00095,0.00170,0.00337
62.90000,1.05394,0.99373,0.00106,0.00175,0.00346
63.00000,1.05394,0.99401,0.00097,0.00169,0.00333
63.10000,1.05394,0.99396,0.00097,0.00169,0.00338
63.20000,1.05394,0.99419,0.00094,0.00158,0.00329
63.30000,1.05394,0.99425,0.00096,0.00163,0.00316
63.40000,1.05393,0.99448,0.00088,0.00151,0.00313
63.50000,1.05394,0.99470,0.00088,0.00156,0.00286
63.60000,1.05394,0.99474,0.00084,0.00151,0.00291
63.70000,1.05394,0.99516,0.00079,0.00146,0.00259
63.80000,1.05394,0.99457,0.00089,0.00161,0.00292
63.90000,1.05393,0.99479,0.00086,0.00156,0.00279
64.00000,1.05394,0.99447,0.00098,0.00162,0.00293
64.10000,1.05394,0.99436,0.00098,0.00166,0.00299
64.20000,1.05394,0.99410,0.00110,0.00175,0.00305
64.30000,1.05393,0.99431,0.00101,0.00168,0.00300
64.40000,1.05393,0.99427,0.00102,0.00164,0.00307
64.50000,1.05394,0.99460,0.00095,0.00163,0.00282
64.60000,1.05394,0.99456,0.00094,0.00158,0.00291
64.70000,1.05394,0.99477,0.00089,0.00156,0.00278
64.80000,1.05393,0.99470,0.00091,0.00149,0.00290
64.90000,1.05393,0.99447,0.00100,0.00161,0.00293
65.00000,1.05394,0.99488,0.00094,0.00145,0.00272
65.10000,1.05394,0.99494,0.00084,0.00153,0.00269
65.20000,1.05394,0.99454,0.00090,0.00153,0.00303
65.30000,1.05393,0.99466,0.00092,0.00156,0.00285
65.40000,1.05393,0.99383,0.00112,0.00175,0.00329
65.50000,1.05394,0.99428,0.00107,0.00164,0.00301
65.60000,1.05394,0.99366,0.00117,0.00176,0.00341
65.70000,1.05394,0.99464,0.00092,0.00154,0.00290
65.80000,1.05393,0.99431,0.00092,0.00162,0.00315
65.90000,1.05393,0.99459,0.00077,0.00155,0.00309
66.00000,1.05394,0.99432,0.00086,0.00163,0.00319
66.10000,1.05394,0.99447,0.00081,0.00161,0.00311
66.20000,1.05394,0.99459,0.00079,0.00158,0.00303
66.30000,1.05393,0.99440,0.00077,0.00167,0.00317
66.40000,1.05393,0.99475,0.00076,0.00153,0.00295
66.50000,1.05394,0.99471,0.00075,0.00157,0.00297
66.60000,1.05394,0.99458,0.00080,0.00160,0.00301
66.70000,1.05394,0.99386,0.00092,0.00177,0.00346
66.80000,1.05393,0.99392,0.00090,0.00171,0.00347
66.90000,1.05393,0.99351,0.00096,0.00182,0.00371
67.00000,1.05394,0.99355,0.00098,0.00183,0.00364
67.10000,1.05394,0.99319,0.00102,0.00187,0.00393
67.20000,1.05394,0.99329,0.00095,0.00184,0.00392
67.30000,1.05393,0.99316,0.00091,0.00180,0.00413
67.40000,1.05393,0.99344,0.00084,0.00168,0.00403
67.50000,1.05394,0.99291,0.00088,0.00191,0.00431
67.60000,1.05394,0.99351,0.00083,0.00173,0.00392
67.70000,1.05394,0.99328,0.00085,0.00179,0.00408
67.80000,1.05393,0.99380,0.00082,0.00167,0.00371
67.90000,1.05393,0.99345,0.00087,0.00181,0.00387
68.00000,1.05394,0.99344,0.00089,0.00172,0.00395
68.10000,1.05394,0.99348,0.00086,0.00179,0.00387
68.20000,1.05394,0.99321,0.00092,0.00190,0.00397
68.30000,1.05393,0.99276,0.00095,0.00192,0.00438
68.40000,1.05393,0.99333,0.00094,0.00180,0.00393
68.50000,1.05394,0.99316,0.00094,0.00181,0.00409
68.60000,1.05394,0.99326,0.00095,0.00185,0.00394
68.70000,1.05394,0.99309,0.00092,0.00181,0.00418
68.80000,1.05393,0.99328,0.00089,0.00179,0.00404
68.90000,1.05393,0.99360,0.00089,0.00177,0.00374
69.00000,1.05394,0.99297,0.00101,0.00192,0.00410
69.10000,1.05394,0.99334,0.00102,0.00186,0.00377
69.20000,1.05394,0.99331,0.00101,0.00185,0.00384
69.30000,1.05393,0.99380,0.00096,0.00179,0.00344
69.40000,1.05393,0.99287,0.00101,0.00200,0.00412
69.50000,1.05394,0.99346,0.00098,0.00186,0.00370
69.60000,1.05394,0.99310,0.00107,0.00193,0.00390
69.70000,1.05394,0.99351,0.00102,0.00178,0.00370
69.80000,1.05393,0.99345,0.00108,0.00176,0.00372
69.90000,1.05393,0.99408,0.00098,0.00163,0.00331
70.00000,1.05394,0.99410,0.00091,0.00166,0.00332
70.10000,1.05394,0.99419,0.00085,0.00158,0.00337
70.20000,1.05394,0.99436,0.00085,0.00153,0.00326
70.30000,1.05393,0.99420,0.00090,0.00161,0.00329
70.40000,1.05393,0.99460,0.00083,0.00158,0.00299
70.50000,1.05394,0.99416,0.00084,0.00164,0.00336
70.60000,1.05394,0.99413,0.00088,0.00162,0.00337
70.70000,1.05394,0.99419,0.00088,0.00162,0.00331
70.80000,1.05393,0.99446,0.00089,0.00156,0.00310
70.90000,1.05393,0.99443,0.00096,0.00159,0.00302
71.00000,1.05394,0.99434,0.00103,0.00163,0.00300
71.10000,1.05394,0.99448,0.00098,0.00153,0.00300
71.20000,1.05394,0.99451,0.00098,0.00156,0.00296
71.30000,1.05393,0.99461,0.00100,0.00154,0.00285
71.40000,1.05393,0.99476,0.00094,0.00150,0.00280
71.50000,1.05394,0.99480,0.00094,0.00153,0.00272
71.60000,1.05394,0.99473,0.00086,0.00153,0.00288
71.70000,1.05394,0.99450,0.00087,0.00153,0.00310
71.80000,1.05393,0.99399,0.00084,0.00169,0.00348
71.90000,1.05393,0.99402,0.00088,0.00166,0.00344
72.00000,1.05394,0.99439,0.00080,0.00158,0.00322
72.10000,1.05394,0.99415,0.00086,0.00163,0.00336
72.20000,1.05394,0.99347,0.00090,0.00179,0.00383
72.30000,1.05393,0.99079,0.00107,0.00245,0.00569
72.40000,1.05393,0.99547,0.00054,0.00123,0.00277
72.50000,1.05394,0.99491,0.00066,0.00128,0.00314
72.60000,1.05394,0.99493,0.00067,0.00138,0.00302
72.70000,1.05394,0.99649,0.00054,0.00095,0.00201
72.80000,1.05393,0.99636,0.00055,0.00101,0.00208
72.90000,1.05393,0.99512,0.00071,0.00117,0.00301
73.00000,1.05394,0.99406,0.00084,0.00156,0.00355
73.10000,1.05394,0.99554,0.00068,0.00121,0.00257
73.20000,1.05394,0.99414,0.00106,0.00149,0.00331
73.30000,1.05393,0.99183,0.00173,0.00212,0.00431
73.40000,1.05393,0.99340,0.00120,0.00164,0.00375
73.50000,1.05394,0.99350,0.00119,0.00163,0.00367
73.60000,1.05394,0.99396,0.00106,0.00148,0.00351
73.70000,1.05394,0.99339,0.00111,0.00164,0.00387
73.80000,1.05393,0.99372,0.00102,0.00154,0.00372
73.90000,1.05393,0.99269,0.00108,0.00184,0.00439
74.00000,1.05394,0.99342,0.00101,0.00164,0.00393
74.10000,1.05394,0.99309,0.00101,0.00180,0.00410
74.20000,1.05394,0.99360,0.00090,0.00171,0.00379
74.30000,1.05393,0.99316,0.00095,0.00181,0.00408
74.40000,1.05393,0.99395,0.00084,0.00161,0.00360
74.50000,1.05394,0.99343,0.00090,0.00175,0.00392
74.60000,1.05394,0.99373,0.00095,0.00164,0.00367
74.70000,1.05394,0.99360,0.00101,0.00179,0.00360
74.80000,1.05393,0.99428,0.00098,0.00166,0.00308
74.90000,1.05393,0.99451,0.00097,0.00160,0.00293
75.00000,1.05394,0.99464,0.00090,0.00156,0.00290
75.10000,1.05394,0.99464,0.00096,0.00161,0.00279
75.20000,1.05394,0.99497,0.00087,0.00149,0.00267
75.30000,1.05393,0.99443,0.00092,0.00162,0.00303
75.40000,1.05393,0.99456,0.00093,0.00151,0.00300
75.50000,1.05394,0.99498,0.00080,0.00143,0.00279
75.60000,1.05394,0.99503,0.00074,0.00143,0.00279
75.70000,1.05394,0.99477,0.00071,0.00149,0.00302
75.80000,1.05393,0.99422,0.00080,0.00161,0.00336
75.90000,1.05393,0.99454,0.00073,0.00149,0.00324
76.00000,1.05394,0.99424,0.00078,0.00162,0.00335
76.10000,1.05394,0.99425,0.00075,0.00164,0.00337
76.20000,1.05394,0.99440,0.00075,0.00161,0.00324
76.30000,1.05393,0.99462,0.00074,0.00155,0.00309
76.40000,1.05393,0.99500,0.00077,0.00146,0.00276
76.50000,1.05394,0.99445,0.00086,0.00164,0.00305
76.60000,1.05394,0.99453,0.00089,0.00157,0.00302
76.70000,1.05394,0.99465,0.00088,0.00151,0.00296
76.80000,1.05393,0.99524,0.00081,0.00137,0.00258
76.90000,1.05393,0.99505,0.00080,0.00142,0.00274
77.00000,1.05394,0.99455,0.00092,0.00153,0.00299
77.10000,1.05394,0.99431,0.00093,0.00162,0.00313
77.20000,1.05394,0.99485,0.00096,0.00142,0.00276
77.30000,1.05393,0.99466,0.00095,0.00147,0.00292
77.40000,1.05393,0.99462,0.00106,0.00148,0.00283
77.50000,1.05394,0.99473,0.00097,0.00147,0.00283
77.60000,1.05394,0.99464,0.00099,0.00153,0.00284
77.70000,1.05394,0.99475,0.00099,0.00150,0.00276
77.80000,1.05393,0.99513,0.00095,0.00142,0.00250
77.90000,1.05393,0.99492,0.00090,0.00146,0.00272
78.00000,1.05394,0.99482,0.00092,0.00151,0.00275
78.10000,1.05394,0.99493,0.00080,0.00139,0.00287
78.20000,1.05394,0.99480,0.00081,0.00147,0.00292
78.30000,1.05393,0.99432,0.00086,0.00155,0.00327
78.40000,1.05393,0.99474,0.00080,0.00149,0.00296
78.50000,1.05394,0.99421,0.00089,0.00157,0.00334
78.60000,1.05394,0.99342,0.00097,0.00176,0.00385
78.70000,1.05394,0.99132,0.00095,0.00200,0.00573
78.80000,1.05393,0.98940,0.00100,0.00229,0.00730
78.90000,1.05393,0.98795,0.00107,0.00246,0.00852
79.00000,1.05394,0.98668,0.00119,0.00268,0.00946
79.10000,1.05394,0.98742,0.00111,0.00261,0.00886
79.20000,1.05394,0.98763,0.00112,0.00254,0.00871
79.30000,1.05393,0.98949,0.00101,0.00254,0.00696
79.40000,1.05393,0.98853,0.00081,0.00308,0.00759
79.50000,1.05394,0.99064,0.00077,0.00227,0.00632
79.60000,1.05394,0.99129,0.00057,0.00226,0.00588
79.70000,1.05394,0.99374,0.00073,0.00164,0.00389
79.80000,1.05393,0.99358,0.00071,0.00184,0.00387
79.90000,1.05393,0.99431,0.00081,0.00166,0.00323
80.00000,1.05394,0.99458,0.00058,0.00177,0.00307
80.10000,1.05394,0.99292,0.00098,0.00201,0.00409
80.20000,1.05394,0.98740,0.00179,0.00346,0.00735
80.30000,1.05393,0.99180,0.00134,0.00224,0.00462
80.40000,1.05393,0.99339,0.00117,0.00184,0.00360
80.50000,1.05394,0.99382,0.00113,0.00172,0.00334
80.60000,1.05394,0.99434,0.00100,0.00158,0.00308
80.70000,1.05394,0.99380,0.00113,0.00172,0.00335
80.80000,1.05393,0.99407,0.00106,0.00169,0.00318
80.90000,1.05393,0.99392,0.00109,0.00169,0.00329
81.00000,1.05394,0.99386,0.00107,0.00173,0.00334
81.10000,1.05394,0.99393,0.00095,0.00173,0.00339
81.20000,1.05394,0.99368,0.00093,0.00184,0.00355
81.30000,1.05393,0.99318,0.00087,0.00197,0.00398
81.40000,1.05393,0.99335,0.00086,0.00195,0.00384
81.50000,1.05394,0.99361,0.00082,0.00185,0.00372
81.60000,1.05394,0.99357,0.00089,0.00189,0.00365
81.70000,1.05394,0.99402,0.00084,0.00173,0.00341
81.80000,1.05393,0.99388,0.00085,0.00176,0.00351
81.90000,1.05393,0.99431,0.00082,0.00166,0.00320
82.00000,1.05394,0.99377,0.00087,0.00176,0.00360
82.10000,1.05394,0.99407,0.00091,0.00170,0.00332
82.20000,1.05394,0.99407,0.00089,0.00170,0.00334
82.30000,1.05393,0.99449,0.00092,0.00161,0.00297
82.40000,1.05393,0.99407,0.00095,0.00170,0.00328
82.50000,1.05394,0.99399,0.00099,0.00172,0.00329
82.60000,1.05394,0.99391,0.00095,0.00177,0.00337
82.70000,1.05394,0.99398,0.00095,0.00170,0.00337
82.80000,1.05393,0.99440,0.00089,0.00166,0.00305
82.90000,1.05393,0.99442,0.00086,0.00168,0.00304
83.00000,1.05394,0.99452,0.00082,0.00163,0.00302
83.10000,1.05394,0.99432,0.00082,0.00166,0.00320
83.20000,1.05394,0.99427,0.00082,0.00164,0.00327
83.30000,1.05393,0.99421,0.00083,0.00165,0.00331
83.40000,1.05393,0.99390,0.00085,0.00174,0.00351
83.50000,1.05394,0.99443,0.00072,0.00160,0.00325
83.60000,1.05394,0.99445,0.00071,0.00161,0.00323
83.70000,1.05394,0.99390,0.00076,0.00173,0.00361
83.80000,1.05393,0.99315,0.00084,0.00197,0.00404
83.90000,1.05393,0.99357,0.00076,0.00182,0.00385
84.00000,1.05394,0.99427,0.00074,0.00173,0.00326
84.10000,1.05394,0.99470,0.00068,0.00152,0.00309
84.20000,1.05394,0.99435,0.00076,0.00177,0.00312
84.30000,1.05393,0.99491,0.00066,0.00152,0.00291
84.40000,1.05393,0.99521,0.00065,0.00147,0.00267
84.50000,1.05394,0.99502,0.00066,0.00150,0.00283
84.60000,1.05394,0.99524,0.00066,0.00145,0.00265
84.70000,1.05394,0.99545,0.00063,0.00139,0.00252
84.80000,1.05393,0.99568,0.00063,0.00129,0.00239
84.90000,1.05393,0.99542,0.00064,0.00141,0.00253
85.00000,1.05394,0.99550,0.00068,0.00131,0.00251
85.10000,1.05394,0.99511,0.00070,0.00149,0.00270
85.20000,1.05394,0.99525,0.00071,0.00141,0.00263
85.30000,1.05393,0.99538,0.00073,0.00145,0.00244
85.40000,1.05393,0.99543,0.00072,0.00138,0.00248
85.50000,1.05394,0.99536,0.00075,0.00147,0.00242
85.60000,1.05394,0.99566,0.00067,0.00134,0.00233
85.70000,1.05394,0.99560,0.00073,0.00142,0.00225
85.80000,1.05393,0.99569,0.00069,0.00132,0.00230
85.90000,1.05393,0.99570,0.00068,0.00137,0.00225
86.00000,1.05394,0.99598,0.00061,0.00129,0.00212
86.10000,1.05394,0.99560,0.00068,0.00140,0.00232
86.20000,1.05394,0.99496,0.00075,0.00154,0.00274
86.30000,1.05393,0.99537,0.00069,0.00141,0.00254
86.40000,1.05393,0.99479,0.00077,0.00157,0.00287
86.50000,1.05394,0.99420,0.00082,0.00174,0.00324
86.60000,1.05394,0.99416,0.00083,0.00165,0.00336
86.70000,1.05394,0.99428,0.00083,0.00161,0.00327
86.80000,1.05393,0.99372,0.00093,0.00173,0.00362
86.90000,1.05393,0.99324,0.00103,0.00182,0.00391
87.00000,1.05394,0.99344,0.00102,0.00178,0.00375
87.10000,1.05394,0.99425,0.00095,0.00163,0.00317
87.20000,1.05394,0.99428,0.00089,0.00160,0.00323
87.30000,1.05393,0.99401,0.00096,0.00166,0.00337
87.40000,1.05393,0.99444,0.00090,0.00158,0.00307
87.50000,1.05394,0.99443,0.00092,0.00158,0.00307
87.60000,1.05394,0.99472,0.00085,0.00156,0.00287
87.70000,1.05394,0.99457,0.00087,0.00161,0.00296
87.80000,1.05393,0.99477,0.00087,0.00157,0.00279
87.90000,1.05393,0.99526,0.00070,0.00140,0.00263
88.00000,1.05394,0.99469,0.00080,0.00157,0.00294
88.10000,1.05394,0.99423,0.00089,0.00170,0.00319
88.20000,1.05394,0.99420,0.00087,0.00163,0.00330
88.30000,1.05393,0.99430,0.00087,0.00159,0.00323
88.40000,1.05393,0.99414,0.00092,0.00162,0.00332
88.50000,1.05394,0.99437,0.00082,0.00158,0.00322
88.60000,1.05394,0.99430,0.00088,0.00153,0.00328
88.70000,1.05394,0.99463,0.00083,0.00149,0.00305
88.80000,1.05393,0.99427,0.00095,0.00163,0.00315
88.90000,1.05393,0.99449,0.00088,0.00156,0.00306
89.00000,1.05394,0.99434,0.00092,0.00166,0.00308
89.10000,1.05394,0.99469,0.00083,0.00153,0.00294
89.20000,1.05394,0.99456,0.00085,0.00160,0.00299
89.30000,1.05393,0.99462,0.00089,0.00161,0.00288
89.40000,1.05393,0.99451,0.00084,0.00164,0.00301
89.50000,1.05394,0.99429,0.00088,0.00170,0.00313
89.60000,1.05394,0.99415,0.00086,0.00176,0.00324
89.70000,1.05394,0.99399,0.00084,0.00178,0.00339
89.80000,1.05393,0.99400,0.00084,0.00174,0.00342
89.90000,1.05393,0.99385,0.00088,0.00177,0.00349
90.00000,1.05394,0.99409,0.00082,0.00174,0.00335
90.10000,1.05394,0.99431,0.00080,0.00172,0.00317
90.20000,1.05394,0.99416,0.00079,0.00179,0.00326
90.30000,1.05393,0.99422,0.00081,0.00169,0.00328
90.40000,1.05393,0.99368,0.00093,0.00182,0.00357
90.50000,1.05394,0.99370,0.00096,0.00183,0.00351
90.60000,1.05394,0.99423,0.00081,0.00170,0.00327
90.70000,1.05394,0.99337,0.00097,0.00191,0.00376
90.80000,1.05393,0.99343,0.00096,0.00185,0.00377
90.90000,1.05393,0.99342,0.00102,0.00187,0.00370
91.00000,1.05394,0.99346,0.00095,0.00185,0.00374
91.10000,1.05394,0.99325,0.00106,0.00186,0.00382
91.20000,1.05394,0.99378,0.00096,0.00182,0.00344
91.30000,1.05393,0.99421,0.00089,0.00169,0.00322
91.40000,1.05393,0.99446,0.00086,0.00167,0.00302
91.50000,1.05394,0.99423,0.00090,0.00167,0.00320
91.60000,1.05394,0.99424,0.00099,0.00165,0.00312
91.70000,1.05394,0.99471,0.00084,0.00152,0.00293
91.80000,1.05393,0.99450,0.00089,0.00162,0.00298
91.90000,1.05393,0.99436,0.00093,0.00159,0.00312
92.00000,1.05394,0.99400,0.00104,0.00169,0.00327
92.10000,1.05394,0.99378,0.00100,0.00168,0.00354
92.20000,1.05394,0.99307,0.00116,0.00191,0.00386
92.30000,1.05393,0.99325,0.00112,0.00187,0.00376
92.40000,1.05393,0.99352,0.00105,0.00178,0.00365
92.50000,1.05394,0.99378,0.00104,0.00173,0.00345
92.60000,1.05394,0.99323,0.00107,0.00186,0.00385
92.70000,1.05394,0.99355,0.00108,0.00177,0.00359
92.80000,1.05393,0.99393,0.00098,0.00174,0.00335
92.90000,1.05393,0.99449,0.00089,0.00161,0.00301
93.00000,1.05394,0.99459,0.00084,0.00156,0.00301
93.10000,1.05394,0.99481,0.00081,0.00155,0.00283
93.20000,1.05394,0.99478,0.00075,0.00151,0.00296
93.30000,1.05393,0.99449,0.00077,0.00161,0.00313
93.40000,1.05393,0.99463,0.00077,0.00160,0.00300
93.50000,1.05394,0.99470,0.00072,0.00163,0.00294
93.60000,1.05394,0.99527,0.00065,0.00145,0.00264
93.70000,1.05394,0.99517,0.00061,0.00144,0.00278
93.80000,1.05393,0.99448,0.00070,0.00162,0.00320
93.90000,1.05393,0.99423,0.00076,0.00166,0.00336
94.00000,1.05394,0.99430,0.00074,0.00168,0.00328
94.10000,1.05394,0.99509,0.00067,0.00145,0.00279
94.20000,1.05394,0.99482,0.00071,0.00161,0.00286
94.30000,1.05393,0.99528,0.00065,0.00140,0.00266
94.40000,1.05393,0.99510,0.00067,0.00146,0.00277
94.50000,1.05394,0.99563,0.00062,0.00128,0.00247
94.60000,1.05394,0.99526,0.00070,0.00146,0.00259
94.70000,1.05394,0.99567,0.00063,0.00128,0.00242
94.80000,1.05393,0.99572,0.00069,0.00135,0.00224
94.90000,1.05393,0.99587,0.00062,0.00123,0.00228
95.00000,1.05394,0.99555,0.00074,0.00133,0.00238
95.10000,1.05394,0.99534,0.00072,0.00135,0.00259
95.20000,1.05394,0.99518,0.00077,0.00146,0.00260
95.30000,1.05393,0.99538,0.00070,0.00140,0.00252
95.40000,1.05393,0.99498,0.00076,0.00150,0.00276
95.50000,1.05394,0.99542,0.00073,0.00142,0.00244
95.60000,1.05394,0.99516,0.00077,0.00151,0.00255
95.70000,1.05394,0.99504,0.00080,0.00155,0.00260
95.80000,1.05393,0.99513,0.00076,0.00148,0.00263
95.90000,1.05393,0.99513,0.00076,0.00154,0.00257
96.00000,1.05394,0.99544,0.00072,0.00145,0.00238
96.10000,1.05394,0.99516,0.00080,0.00156,0.00248
96.20000,1.05394,0.99517,0.00081,0.00149,0.00254
96.30000,1.05393,0.99490,0.00079,0.00154,0.00277
96.40000,1.05393,0.99465,0.00088,0.00156,0.00292
96.50000,1.05394,0.99425,0.00095,0.00163,0.00318
96.60000,1.05394,0.99437,0.00094,0.00166,0.00303
96.70000,1.05394,0.99474,0.00095,0.00155,0.00276
96.80000,1.05393,0.99473,0.00095,0.00150,0.00282
96.90000,1.05393,0.99466,0.00098,0.00154,0.00282
97.00000,1.05394,0.99453,0.00097,0.00155,0.00295
97.10000,1.05394,0.99438,0.00101,0.00164,0.00298
97.20000,1.05394,0.99457,0.00099,0.00160,0.00285
97.30000,1.05393,0.99447,0.00091,0.00170,0.00292
97.40000,1.05393,0.99416,0.00091,0.00179,0.00314
97.50000,1.05394,0.99454,0.00085,0.00171,0.00290
97.60000,1.05394,0.99372,0.00095,0.00189,0.00344
97.70000,1.05394,0.99388,0.00087,0.00189,0.00335
97.80000,1.05393,0.99327,0.00098,0.00198,0.00377
97.90000,1.05393,0.99367,0.00089,0.00190,0.00354
98.00000,1.05394,0.99362,0.00093,0.00185,0.00360
98.10000,1.05394,0.99380,0.00088,0.00183,0.00349
98.20000,1.05394,0.99384,0.00093,0.00183,0.00341
98.30000,1.05393,0.99399,0.00094,0.00177,0.00330
98.40000,1.05393,0.99373,0.00097,0.00181,0.00348
98.50000,1.05394,0.99368,0.00098,0.00186,0.00349
98.60000,1.05394,0.99419,0.00087,0.00169,0.00325
98.70000,1.05394,0.99463,0.00084,0.00155,0.00298
98.80000,1.05393,0.99441,0.00083,0.00163,0.00312
98.90000,1.05393,0.99452,0.00083,0.00159,0.00306
99.00000,1.05394,0.99463,0.00081,0.00154,0.00301
99.10000,1.05394,0.99462,0.00080,0.00159,0.00299
99.20000,1.05394,0.99410,0.00088,0.00169,0.00333
99.30000,1.05393,0.99422,0.00087,0.00165,0.00326
99.40000,1.05393,0.99418,0.00089,0.00164,0.00329
99.50000,1.05394,0.99443,0.00087,0.00160,0.00310
99.60000,1.05394,0.99404,0.00093,0.00168,0.00335
99.70000,1.05394,0.99393,0.00090,0.00174,0.00344
99.80000,1.05393,0.99382,0.00092,0.00180,0.00347
99.90000,1.05393,0.99369,0.00088,0.00178,0.00365
100.00000,1.05394,0.99331,0.00102,0.00189,0.00378
100.10000,1.05394,0.99356,0.00095,0.00190,0.00358
100.20000,1.05394,0.99351,0.00091,0.00183,0.00374
100.30000,1.05393,0.99375,0.00087,0.00180,0.00359
100.40000,1.05393,0.99411,0.00077,0.00170,0.00342
100.50000,1.05394,0.99395,0.00079,0.00178,0.00348
100.60000,1.05394,0.99361,0.00081,0.00183,0.00375
100.70000,1.05394,0.99422,0.00075,0.00162,0.00340
100.80000,1.05393,0.99460,0.00071,0.00160,0.00309
100.90000,1.05393,0.99478,0.00071,0.00155,0.00296
101.00000,1.05394,0.99473,0.00068,0.00156,0.00304
101.10000,1.05394,0.99459,0.00071,0.00157,0.00313
101.20000,1.05394,0.99489,0.00072,0.00157,0.00281
101.30000,1.05393,0.99479,0.00075,0.00153,0.00292
101.40000,1.05393,0.99512,0.00077,0.00148,0.00263
101.50000,1.05394,0.99518,0.00077,0.00152,0.00253
101.60000,1.05394,0.99562,0.00072,0.00142,0.00224
101.70000,1.05394,0.99499,0.00080,0.00156,0.00265
101.80000,1.05393,0.99524,0.00080,0.00146,0.00250
101.90000,1.05393,0.99505,0.00082,0.00156,0.00257
102.00000,1.05394,0.99549,0.00076,0.00143,0.00232
102.10000,1.05394,0.99533,0.00079,0.00149,0.00238
102.20000,1.05394,0.99556,0.00073,0.00145,0.00227
102.30000,1.05393,0.99537,0.00073,0.00147,0.00243
102.40000,1.05393,0.99538,0.00072,0.00144,0.00246
102.50000,1.05394,0.99514,0.00072,0.00153,0.00261
102.60000,1.05394,0.99520,0.00076,0.00148,0.00256
102.70000,1.05394,0.99544,0.00074,0.00145,0.00237
102.80000,1.05393,0.99546,0.00071,0.00145,0.00238
102.90000,1.05393,0.99534,0.00077,0.00149,0.00241
103.00000,1.05394,0.99525,0.00081,0.00151,0.00243
103.10000,1.05394,0.99532,0.00080,0.00155,0.00233
103.20000,1.05394,0.99534,0.00082,0.00152,0.00231
103.30000,1.05393,0.99530,0.00086,0.00155,0.00229
103.40000,1.05393,0.99546,0.00083,0.00147,0.00224
103.50000,1.05394,0.99577,0.00079,0.00139,0.00205
103.60000,1.05394,0.99562,0.00079,0.00143,0.00216
103.70000,1.05394,0.99538,0.00082,0.00145,0.00235
103.80000,1.05393,0.99548,0.00082,0.00141,0.00229
103.90000,1.05393,0.99503,0.00085,0.00154,0.00258
104.00000,1.05394,0.99483,0.00086,0.00157,0.00274
104.10000,1.05394,0.99505,0.00080,0.00147,0.00268
104.20000,1.05394,0.99492,0.00080,0.00155,0.00273
104.30000,1.05393,0.99482,0.00078,0.00158,0.00282
104.40000,1.05393,0.99475,0.00075,0.00159,0.00290
104.50000,1.05394,0.99478,0.00072,0.00155,0.00295
104.60000,1.05394,0.99454,0.00075,0.00158,0.00313
104.70000,1.05394,0.99443,0.00081,0.00163,0.00312
104.80000,1.05393,0.99443,0.00077,0.00162,0.00318
104.90000,1.05393,0.99506,0.00072,0.00147,0.00275
105.00000,1.05394,0.99474,0.00080,0.00152,0.00294
105.10000,1.05394,0.99436,0.00091,0.00167,0.00306
105.20000,1.05394,0.99331,0.00115,0.00184,0.00370
105.30000,1.05393,0.99401,0.00102,0.00169,0.00328
105.40000,1.05393,0.99352,0.00110,0.00171,0.00367
105.50000,1.05394,0.99447,0.00091,0.00156,0.00306
105.60000,1.05394,0.99402,0.00102,0.00165,0.00331
105.70000,1.05394,0.99466,0.00091,0.00155,0.00288
105.80000,1.05393,0.99447,0.00090,0.00151,0.00311
105.90000,1.05393,0.99496,0.00073,0.00144,0.00287
106.00000,1.05394,0.99454,0.00080,0.00156,0.00309
106.10000,1.05394,0.99527,0.00065,0.00139,0.00268
106.20000,1.05394,0.99512,0.00065,0.00145,0.00277
106.30000,1.05393,0.99496,0.00066,0.00148,0.00290
106.40000,1.05393,0.99515,0.00065,0.00147,0.00273
106.50000,1.05394,0.99456,0.00070,0.00162,0.00312
106.60000,1.05394,0.99459,0.00065,0.00165,0.00311
106.70000,1.05394,0.99461,0.00064,0.00161,0.00315
106.80000,1.05393,0.99468,0.00066,0.00161,0.00305
106.90000,1.05393,0.99417,0.00076,0.00172,0.00335
107.00000,1.05394,0.99369,0.00077,0.00184,0.00369
107.10000,1.05394,0.99405,0.00078,0.00171,0.00347
107.20000,1.05394,0.99385,0.00078,0.00178,0.00359
107.30000,1.05393,0.99422,0.00077,0.00171,0.00330
107.40000,1.05393,0.99440,0.00073,0.00160,0.00326
107.50000,1.05394,0.99449,0.00072,0.00161,0.00318
107.60000,1.05394,0.99445,0.00070,0.00160,0.00325
107.70000,1.05394,0.99468,0.00073,0.00160,0.00298
107.80000,1.05393,0.99452,0.00075,0.00165,0.00308
107.90000,1.05393,0.99474,0.00075,0.00163,0.00288
108.00000,1.05394,0.99492,0.00071,0.00158,0.00278
108.10000,1.05394,0.99527,0.00069,0.00148,0.00257
108.20000,1.05394,0.99487,0.00071,0.00162,0.00280
108.30000,1.05393,0.99516,0.00068,0.00152,0.00264
108.40000,1.05393,0.99518,0.00070,0.00155,0.00258
108.50000,1.05394,0.99534,0.00069,0.00140,0.00257
108.60000,1.05394,0.99510,0.00073,0.00151,0.00265
108.70000,1.05394,0.99515,0.00070,0.00148,0.00266
108.80000,1.05393,0.99504,0.00074,0.00157,0.00265
108.90000,1.05393,0.99555,0.00066,0.00136,0.00244
109.00000,1.05394,0.99525,0.00076,0.00146,0.00253
109.10000,1.05394,0.99493,0.00078,0.00154,0.00276
109.20000,1.05394,0.99520,0.00082,0.00147,0.00251
109.30000,1.05393,0.99523,0.00080,0.00148,0.00249
109.40000,1.05393,0.99507,0.00086,0.00152,0.00254
109.50000,1.05394,0.99495,0.00086,0.00155,0.00264
109.60000,1.05394,0.99518,0.00087,0.00145,0.00250
109.70000,1.05394,0.99466,0.00099,0.00162,0.00273
109.80000,1.05393,0.99488,0.00093,0.00145,0.00274
109.90000,1.05393,0.99483,0.00084,0.00150,0.00282
110.00000,1.05394,0.99527,0.00081,0.00140,0.00252
110.10000,1.05394,0.99541,0.00077,0.00141,0.00241
110.20000,1.05394,0.99460,0.00091,0.00160,0.00289
110.30000,1.05393,0.99495,0.00081,0.00147,0.00277
110.40000,1.05393,0.99470,0.00087,0.00151,0.00292
110.50000,1.05394,0.99510,0.00077,0.00141,0.00271
110.60000,1.05394,0.99487,0.00082,0.00155,0.00277
110.70000,1.05394,0.99474,0.00078,0.00159,0.00289
110.80000,1.05393,0.99470,0.00081,0.00158,0.00290
110.90000,1.05393,0.99459,0.00083,0.00158,0.00300
111.00000,1.05394,0.99446,0.00084,0.00159,0.00311
111.10000,1.05394,0.99407,0.00092,0.00167,0.00334
111.20000,1.05394,0.99462,0.00087,0.00156,0.00294
111.30000,1.05393,0.99431,0.00092,0.00165,0.00312
111.40000,1.05393,0.99454,0.00091,0.00155,0.00301
111.50000,1.05394,0.99382,0.00106,0.00177,0.00336
111.60000,1.05394,0.99390,0.00101,0.00174,0.00335
111.70000,1.05394,0.99352,0.00111,0.00178,0.00359
111.80000,1.05393,0.99403,0.00101,0.00169,0.00326
111.90000,1.05393,0.99386,0.00103,0.00175,0.00336
112.00000,1.05394,0.99372,0.00105,0.00183,0.00340
112.10000,1.05394,0.99416,0.00097,0.00172,0.00315
112.20000,1.05394,0.99381,0.00102,0.00188,0.00329
112.30000,1.05393,0.99494,0.00079,0.00153,0.00273
112.40000,1.05393,0.99416,0.00093,0.00174,0.00317
112.50000,1.05394,0.99456,0.00087,0.00164,0.00293
112.60000,1.05394,0.99440,0.00093,0.00170,0.00297
112.70000,1.05394,0.99511,0.00076,0.00146,0.00267
112.80000,1.05393,0.99442,0.00092,0.00165,0.00302
112.90000,1.05393,0.99422,0.00087,0.00166,0.00325
113.00000,1.05394,0.99383,0.00091,0.00177,0.00349
113.10000,1.05394,0.99393,0.00091,0.00164,0.00352
113.20000,1.05394,0.99337,0.00104,0.00189,0.00370
113.30000,1.05393,0.99355,0.00104,0.00184,0.00357
113.40000,1.05393,0.99374,0.00096,0.00179,0.00350
113.50000,1.05394,0.99348,0.00100,0.00184,0.00368
113.60000,1.05394,0.99406,0.00090,0.00170,0.00334
113.70000,1.05394,0.99422,0.00093,0.00171,0.00314
113.80000,1.05393,0.99452,0.00089,0.00158,0.00302
113.90000,1.05393,0.99400,0.00099,0.00175,0.00326
114.00000,1.05394,0.99425,0.00091,0.00168,0.00316
114.10000,1.05394,0.99418,0.00090,0.00171,0.00320
114.20000,1.05394,0.99444,0.00084,0.00158,0.00314
114.30000,1.05393,0.99421,0.00087,0.00173,0.00318
114.40000,1.05393,0.99464,0.00080,0.00155,0.00300
114.50000,1.05394,0.99388,0.00096,0.00179,0.00338
114.60000,1.05394,0.99398,0.00085,0.00170,0.00347
114.70000,1.05394,0.99377,0.00092,0.00173,0.00358
114.80000,1.05393,0.99410,0.00086,0.00169,0.00335
114.90000,1.05393,0.99387,0.00096,0.00174,0.00343
115.00000,1.05394,0.99401,0.00091,0.00168,0.00340
115.10000,1.05394,0.99399,0.00091,0.00166,0.00344
115.20000,1.05394,0.99396,0.00096,0.00170,0.00338
115.30000,1.05393,0.99344,0.00102,0.00182,0.00372
115.40000,1.05393,0.99454,0.00089,0.00159,0.00298
115.50000,1.05394,0.99427,0.00093,0.00161,0.00318
115.60000,1.05394,0.99444,0.00091,0.00165,0.00300
115.70000,1.05394,0.99454,0.00089,0.00164,0.00294
115.80000,1.05393,0.99458,0.00086,0.00165,0.00291
115.90000,1.05393,0.99476,0.00087,0.00160,0.00278
116.00000,1.05394,0.99474,0.00081,0.00161,0.00284
116.10000,1.05394,0.99485,0.00083,0.00155,0.00276
116.20000,1.05394,0.99461,0.00081,0.00170,0.00287
116.30000,1.05393,0.99450,0.00088,0.00164,0.00298
116.40000,1.05393,0.99441,0.00089,0.00170,0.00300
116.50000,1.05394,0.99444,0.00087,0.00167,0.00301
116.60000,1.05394,0.99491,0.00081,0.00163,0.00265
116.70000,1.05394,0.99487,0.00083,0.00157,0.00272
116.80000,1.05393,0.99463,0.00091,0.00167,0.00279
116.90000,1.05393,0.99484,0.00093,0.00157,0.00266
117.00000,1.05394,0.99445,0.00105,0.00170,0.00280
117.10000,1.05394,0.99484,0.00099,0.00154,0.00264
117.20000,1.05394,0.99502,0.00094,0.00148,0.00255
117.30000,1.05393,0.99458,0.00098,0.00160,0.00284
117.40000,1.05393,0.99444,0.00098,0.00164,0.00294
117.50000,1.05394,0.99375,0.00107,0.00179,0.00339
117.60000,1.05394,0.99416,0.00093,0.00166,0.00325
117.70000,1.05394,0.99394,0.00097,0.00172,0.00337
117.80000,1.05393,0.99442,0.00082,0.00167,0.00309
117.90000,1.05393,0.99407,0.00085,0.00169,0.00339
118.00000,1.05394,0.99436,0.00077,0.00166,0.00322
118.10000,1.05394,0.99340,0.00093,0.00188,0.00380
118.20000,1.05394,0.99353,0.00092,0.00183,0.00372
118.30000,1.05393,0.99383,0.00091,0.00181,0.00345
118.40000,1.05393,0.99425,0.00080,0.00172,0.00323
118.50000,1.05394,0.99456,0.00085,0.00163,0.00296
118.60000,1.05394,0.99484,0.00080,0.00151,0.00284
118.70000,1.05394,0.99423,0.00091,0.00170,0.00316
118.80000,1.05393,0.99473,0.00080,0.00154,0.00293
118.90000,1.05393,0.99448,0.00081,0.00161,0.00309
119.00000,1.05394,0.99466,0.00075,0.00157,0.00303
119.10000,1.05394,0.99495,0.00076,0.00151,0.00278
119.20000,1.05394,0.99497,0.00075,0.00151,0.00277
119.30000,1.05393,0.99467,0.00076,0.00158,0.00299
119.40000,1.05393,0.99407,0.00089,0.00169,0.00336
119.50000,1.05394,0.99436,0.00082,0.00164,0.00318
119.60000,1.05394,0.99434,0.00081,0.00160,0.00324
119.70000,1.05394,0.99491,0.00079,0.00150,0.00280
119.80000,1.05393,0.99533,0.00075,0.00139,0.00254
119.90000,1.05393,0.99533,0.00076,0.00147,0.00245
120.00000,1.05394,0.99533,0.00081,0.00139,0.00247
120.10000,1.05394,0.99483,0.00087,0.00149,0.00281
120.20000,1.05394,0.99479,0.00090,0.00150,0.00281
120.30000,1.05393,0.99460,0.00091,0.00155,0.00294
120.40000,1.05393,0.99465,0.00087,0.00157,0.00292
120.50000,1.05394,0.99452,0.00089,0.00158,0.00300
120.60000,1.05394,0.99452,0.00086,0.00157,0.00305
120.70000,1.05394,0.99383,0.00093,0.00174,0.00350
120.80000,1.05393,0.99407,0.00089,0.00168,0.00336
120.90000,1.05393,0.99397,0.00085,0.00175,0.00343
121.00000,1.05394,0.99466,0.00075,0.00154,0.00305
121.10000,1.05394,0.99469,0.00071,0.00157,0.00303
121.20000,1.05394,0.99465,0.00071,0.00154,0.00310
121.30000,1.05393,0.99481,0.00064,0.00154,0.00301
121.40000,1.05393,0.99391,0.00080,0.00178,0.00351
121.50000,1.05394,0.99441,0.00073,0.00166,0.00320
121.60000,1.05394,0.99396,0.00085,0.00174,0.00346
121.70000,1.05394,0.99424,0.00077,0.00163,0.00336
121.80000,1.05393,0.99378,0.00086,0.00175,0.00361
121.90000,1.05393,0.99353,0.00090,0.00180,0.00377
122.00000,1.05394,0.99388,0.00088,0.00171,0.00353
122.10000,1.05394,0.99299,0.00101,0.00195,0.00405
122.20000,1.05394,0.99347,0.00091,0.00179,0.00383
122.30000,1.05393,0.99296,0.00102,0.00194,0.00408
122.40000,1.05393,0.99368,0.00086,0.00177,0.00369
122.50000,1.05394,0.99352,0.00092,0.00185,0.00372
122.60000,1.05394,0.99383,0.00090,0.00166,0.00361
122.70000,1.05394,0.99421,0.00090,0.00164,0.00325
122.80000,1.05393,0.99462,0.00083,0.00152,0.00303
122.90000,1.05393,0.99495,0.00075,0.00147,0.00283
123.00000,1.05394,0.99473,0.00086,0.00153,0.00287
123.10000,1.05394,0.99461,0.00086,0.00152,0.00302
123.20000,1.05394,0.99408,0.00102,0.00175,0.00315
123.30000,1.05393,0.99438,0.00088,0.00164,0.00310
123.40000,1.05393,0.99385,0.00104,0.00179,0.00332
123.50000,1.05394,0.99425,0.00093,0.00165,0.00317
123.60000,1.05394,0.99408,0.00094,0.00167,0.00331
123.70000,1.05394,0.99377,0.00096,0.00168,0.00358
123.80000,1.05393,0.99358,0.00099,0.00182,0.00361
123.90000,1.05393,0.99405,0.00097,0.00166,0.00332
124.00000,1.05394,0.99443,0.00087,0.00161,0.00309
124.10000,1.05394,0.99434,0.00090,0.00158,0.00317
124.20000,1.05394,0.99453,0.00085,0.00152,0.00310
124.30000,1.05393,0.99492,0.00083,0.00147,0.00278
124.40000,1.05393,0.99482,0.00080,0.00150,0.00288
124.50000,1.05394,0.99465,0.00084,0.00153,0.00298
124.60000,1.05394,0.99496,0.00081,0.00147,0.00276
124.70000,1.05394,0.99486,0.00085,0.00153,0.00277
124.80000,1.05393,0.99513,0.00079,0.00142,0.00266
124.90000,1.05393,0.99508,0.00083,0.00142,0.00267
125.00000,1.05394,0.99502,0.00083,0.00149,0.00266
125.10000,1.05394,0.99471,0.00087,0.00161,0.00282
125.20000,1.05394,0.99468,0.00086,0.00152,0.00293
125.30000,1.05393,0.99436,0.00094,0.00171,0.00300
125.40000,1.05393,0.99473,0.00085,0.00157,0.00284
125.50000,1.05394,0.99454,0.00093,0.00164,0.00289
125.60000,1.05394,0.99458,0.00092,0.00156,0.00293
125.70000,1.05394,0.99397,0.00099,0.00178,0.00327
125.80000,1.05393,0.99380,0.00100,0.00174,0.00346
125.90000,1.05393,0.99395,0.00101,0.00176,0.00328
126.00000,1.05394,0.99431,0.00094,0.00163,0.00312
126.10000,1.05394,0.99428,0.00097,0.00169,0.00306
126.20000,1.05394,0.99404,0.00100,0.00170,0.00326
126.30000,1.05393,0.99410,0.00096,0.00167,0.00326
126.40000,1.05393,0.99375,0.00098,0.00176,0.00351
126.50000,1.05394,0.99279,0.00113,0.00200,0.00408
126.60000,1.05394,0.99357,0.00102,0.00179,0.00362
126.70000,1.05394,0.99382,0.00099,0.00174,0.00345
126.80000,1.05393,0.99400,0.00098,0.00172,0.00330
126.90000,1.05393,0.99369,0.00101,0.00174,0.00356
127.00000,1.05394,0.99202,0.00133,0.00221,0.00444
127.10000,1.05393,0.99160,0.00171,0.00174,0.00495
127.20000,1.05394,0.99282,0.00125,0.00174,0.00419
127.30000,1.05394,0.99204,0.00153,0.00143,0.00499
127.40000,1.05393,0.99236,0.00134,0.00178,0.00453
127.50000,1.05394,0.99261,0.00140,0.00151,0.00448
127.60000,1.05393,0.99267,0.00121,0.00180,0.00432
127.70000,1.05394,0.99200,0.00145,0.00157,0.00497
127.80000,1.05394,0.99075,0.00157,0.00224,0.00545
127.90000,1.05393,0.99045,0.00189,0.00201,0.00565
128.00000,1.05394,0.99059,0.00083,0.00239,0.00619
128.10001,1.05392,0.99109,0.00058,0.00200,0.00633
128.20000,1.05394,0.99139,0.00065,0.00212,0.00584
128.30000,1.05394,0.99121,0.00058,0.00218,0.00603
128.39999,1.05394,0.99014,0.00068,0.00251,0.00667
128.50000,1.05394,0.99256,0.00048,0.00173,0.00522
128.60001,1.05392,0.99098,0.00065,0.00219,0.00618
128.70000,1.05394,0.98746,0.00084,0.00320,0.00851
128.80000,1.05394,0.98492,0.00096,0.00379,0.01033
128.89999,1.05394,0.98666,0.00136,0.00316,0.00883
129.00000,1.05394,0.99285,0.00105,0.00184,0.00426
129.10001,1.05392,0.99372,0.00090,0.00173,0.00365
129.20000,1.05394,0.99410,0.00084,0.00163,0.00344
129.30000,1.05394,0.99366,0.00088,0.00171,0.00375
129.39999,1.05394,0.99392,0.00082,0.00161,0.00364
129.50000,1.05394,0.99425,0.00074,0.00162,0.00339
129.60001,1.05392,0.99459,0.00073,0.00153,0.00315
129.70000,1.05394,0.99415,0.00075,0.00174,0.00335
129.80000,1.05394,0.99445,0.00075,0.00161,0.00319
129.89999,1.05394,0.99488,0.00065,0.00158,0.00289
130.00000,1.05394,0.99521,0.00068,0.00148,0.00263
130.10001,1.05392,0.99515,0.00070,0.00153,0.00262
130.20000,1.05394,0.99550,0.00068,0.00144,0.00239
130.30000,1.05394,0.99552,0.00064,0.00143,0.00241
130.39999,1.05394,0.99555,0.00066,0.00144,0.00235
130.50000,1.05394,0.99532,0.00067,0.00145,0.00256
130.60001,1.05392,0.99538,0.00075,0.00147,0.00241
130.70000,1.05394,0.99566,0.00062,0.00131,0.00241
130.80000,1.05394,0.99514,0.00075,0.00149,0.00262
130.89999,1.05394,0.99506,0.00073,0.00143,0.00278
131.00000,1.05394,0.99440,0.00083,0.00163,0.00314
131.10001,1.05392,0.99418,0.00085,0.00160,0.00338
131.20000,1.05394,0.99355,0.00099,0.00180,0.00366
131.30000,1.05394,0.99362,0.00099,0.00173,0.00366
131.39999,1.05394,0.99344,0.00103,0.00180,0.00374
131.50000,1.05394,0.99289,0.00109,0.00189,0.00413
131.60001,1.05392,0.99262,0.00115,0.00200,0.00423
131.70000,1.05394,0.99328,0.00107,0.00182,0.00383
131.80000,1.05394,0.99394,0.00100,0.00168,0.00338
131.89999,1.05394,0.99369,0.00105,0.00173,0.00353
132.00000,1.05394,0.99322,0.00111,0.00189,0.00379
132.10001,1.05392,0.99331,0.00108,0.00184,0.00378
132.20000,1.05394,0.99404,0.00097,0.00168,0.00331
132.30000,1.05394,0.99383,0.00099,0.00177,0.00341
132.39999,1.05394,0.99440,0.00091,0.00158,0.00311
132.50000,1.05394,0.99473,0.00086,0.00156,0.00284
132.60001,1.05392,0.99454,0.00080,0.00163,0.00302
132.70000,1.05394,0.99389,0.00086,0.00177,0.00348
132.80000,1.05394,0.99369,0.00088,0.00174,0.00369
132.89999,1.05394,0.99399,0.00094,0.00172,0.00335
133.00000,1.05394,0.99390,0.00089,0.00171,0.00350
133.10001,1.05392,0.99347,0.00090,0.00180,0.00382
133.20000,1.05394,0.99359,0.00090,0.00180,0.00370
133.30000,1.05394,0.99370,0.00087,0.00178,0.00365
133.39999,1.05394,0.99309,0.00096,0.00193,0.00402
133.50000,1.05394,0.99309,0.00096,0.00195,0.00400
133.60001,1.05392,0.99328,0.00096,0.00187,0.00388
133.70000,1.05394,0.99347,0.00096,0.00192,0.00366
133.80000,1.05394,0.99337,0.00093,0.00192,0.00378
133.89999,1.05394,0.99364,0.00086,0.00187,0.00363
134.00000,1.05394,0.99403,0.00089,0.00175,0.00333
134.10001,1.05392,0.99406,0.00091,0.00179,0.00323
134.20000,1.05394,0.99403,0.00093,0.00174,0.00330
134.30000,1.05394,0.99402,0.00096,0.00179,0.00322
134.39999,1.05394,0.99406,0.00092,0.00174,0.00327
134.50000,1.05394,0.99419,0.00087,0.00169,0.00325
134.60001,1.05392,0.99430,0.00084,0.00162,0.00324
134.70000,1.05394,0.99422,0.00089,0.00170,0.00319
134.80000,1.05394,0.99427,0.00088,0.00161,0.00325
134.89999,1.05394,0.99340,0.00099,0.00184,0.00377
135.00000,1.05394,0.99312,0.00099,0.00181,0.00408
135.10001,1.05392,0.99318,0.00098,0.00187,0.00397
135.20000,1.05394,0.99301,0.00099,0.00185,0.00415
135.30000,1.05394,0.99270,0.00105,0.00199,0.00426
135.39999,1.05394,0.99264,0.00108,0.00192,0.00437
135.50000,1.05394,0.99289,0.00113,0.00185,0.00413
135.60001,1.05392,0.99316,0.00106,0.00175,0.00402
135.70000,1.05394,0.99367,0.00093,0.00167,0.00373
135.80000,1.05394,0.99404,0.00089,0.00159,0.00348
135.89999,1.05394,0.99434,0.00084,0.00156,0.00326
136.00000,1.05394,0.99458,0.00080,0.00152,0.00310
136.10001,1.05392,0.99455,0.00085,0.00153,0.00307
136.20000,1.05394,0.99466,0.00081,0.00151,0.00301
136.30000,1.05394,0.99451,0.00080,0.00157,0.00312
136.39999,1.05394,0.99420,0.00081,0.00168,0.00331
136.50000,1.05394,0.99468,0.00075,0.00152,0.00306
136.60001,1.05392,0.99455,0.00078,0.00161,0.00305
136.70000,1.05394,0.99391,0.00086,0.00175,0.00348
136.80000,1.05394,0.99408,0.00082,0.00171,0.00338
136.89999,1.05394,0.99340,0.00093,0.00181,0.00387
137.00000,1.05394,0.99289,0.00094,0.00189,0.00427
137.10001,1.05392,0.99326,0.00088,0.00180,0.00406
137.20000,1.05394,0.99353,0.00084,0.00175,0.00387
137.30000,1.05394,0.99345,0.00074,0.00166,0.00415
137.39999,1.05394,0.99155,0.00090,0.00203,0.00551
137.50000,1.05394,0.99129,0.00092,0.00204,0.00575
137.60001,1.05392,0.99146,0.00091,0.00199,0.00564
137.70000,1.05394,0.99170,0.00087,0.00189,0.00555
137.80000,1.05394,0.99132,0.00094,0.00205,0.00569
137.89999,1.05394,0.99247,0.00085,0.00184,0.00484
138.00000,1.05394,0.99174,0.00098,0.00208,0.00521
138.10001,1.05392,0.99148,0.00102,0.00213,0.00538
138.20000,1.05394,0.99215,0.00108,0.00198,0.00479
138.30000,1.05394,0.99293,0.00106,0.00194,0.00407
138.39999,1.05394,0.99364,0.00096,0.00172,0.00368
138.50000,1.05394,0.99321,0.00103,0.00186,0.00390
138.60001,1.05392,0.99371,0.00097,0.00170,0.00363
138.70000,1.05394,0.99338,0.00098,0.00180,0.00383
138.80000,1.05394,0.99311,0.00100,0.00178,0.00412
138.89999,1.05394,0.99229,0.00109,0.00197,0.00464
139.00000,1.05394,0.99183,0.00111,0.00209,0.00496
139.10001,1.05392,0.99054,0.00120,0.00221,0.00605
139.20000,1.05394,0.98406,0.00120,0.00253,0.01221
139.30000,1.05394,0.98012,0.00137,0.00285,0.01565
139.39999,1.05394,0.98055,0.00111,0.00252,0.01582
139.50000,1.05394,0.97970,0.00133,0.00292,0.01605
139.60001,1.05392,0.98120,0.00119,0.00267,0.01495
139.70000,1.05394,0.98204,0.00136,0.00277,0.01383
139.80000,1.05394,0.98482,0.00096,0.00221,0.01201
139.89999,1.05394,0.98274,0.00139,0.00280,0.01307
140.00000,1.05394,0.98166,0.00138,0.00311,0.01385
140.10001,1.05392,0.99037,0.00097,0.00216,0.00650
140.20000,1.05394,0.99379,0.00096,0.00169,0.00357
140.30000,1.05394,0.99441,0.00090,0.00152,0.00317
140.39999,1.05394,0.99447,0.00093,0.00149,0.00311
140.50000,1.05394,0.99435,0.00090,0.00154,0.00321
140.60001,1.05392,0.99410,0.00100,0.00165,0.00325
140.70000,1.05394,0.99405,0.00098,0.00167,0.00330
140.80000,1.05394,0.99393,0.00108,0.00167,0.00332
140.89999,1.05394,0.99424,0.00092,0.00154,0.00330
141.00000,1.05394,0.99372,0.00103,0.00170,0.00356
141.10001,1.05392,0.99412,0.00094,0.00161,0.00334
141.20000,1.05394,0.99412,0.00104,0.00167,0.00317
141.30000,1.05394,0.99406,0.00103,0.00164,0.00326
141.39999,1.05394,0.99389,0.00104,0.00171,0.00335
141.50000,1.05394,0.99378,0.00105,0.00177,0.00340
141.60001,1.05392,0.99407,0.00102,0.00169,0.00322
141.70000,1.05394,0.99375,0.00112,0.00175,0.00338
141.80000,1.05394,0.99392,0.00103,0.00171,0.00335
141.89999,1.05394,0.99388,0.00105,0.00173,0.00334
142.00000,1.05394,0.99439,0.00099,0.00158,0.00303
142.10001,1.05392,0.99415,0.00104,0.00166,0.00316
142.20000,1.05394,0.99446,0.00099,0.00152,0.00303
142.30000,1.05394,0.99432,0.00104,0.00159,0.00304
142.39999,1.05394,0.99454,0.00100,0.00147,0.00299
142.50000,1.05394,0.99394,0.00110,0.00164,0.00332
142.60001,1.05392,0.99462,0.00091,0.00146,0.00301
142.70000,1.05394,0.99450,0.00096,0.00155,0.00300
142.80000,1.05394,0.99408,0.00097,0.00168,0.00328
142.89999,1.05394,0.99345,0.00113,0.00178,0.00364
143.00000,1.05394,0.99393,0.00104,0.00167,0.00336
143.10001,1.05392,0.99429,0.00096,0.00160,0.00316
143.20000,1.05394,0.99413,0.00094,0.00170,0.00324
143.30000,1.05394,0.99392,0.00097,0.00169,0.00342
143.39999,1.05394,0.99410,0.00091,0.00168,0.00331
143.50000,1.05394,0.99377,0.00099,0.00174,0.00350
143.60001,1.05392,0.99374,0.00101,0.00181,0.00343
143.70000,1.05394,0.99403,0.00097,0.00172,0.00329
143.80000,1.05394,0.99455,0.00084,0.00157,0.00304
143.89999,1.05394,0.99488,0.00083,0.00148,0.00281
144.00000,1.05394,0.99447,0.00081,0.00161,0.00311
144.10001,1.05392,0.99426,0.00089,0.00164,0.00321
144.20000,1.05394,0.99442,0.00089,0.00158,0.00311
144.30000,1.05394,0.99424,0.00094,0.00161,0.00321
144.39999,1.05394,0.99424,0.00095,0.00165,0.00316
144.50000,1.05394,0.99474,0.00088,0.00151,0.00287
144.60001,1.05392,0.99414,0.00095,0.00168,0.00323
144.70000,1.05394,0.99438,0.00098,0.00158,0.00307
144.80000,1.05394,0.99396,0.00108,0.00167,0.00330
144.89999,1.05394,0.99393,0.00109,0.00173,0.00325
145.00000,1.05394,0.99391,0.00107,0.00167,0.00335
145.10001,1.05392,0.99378,0.00109,0.00174,0.00339
145.20000,1.05394,0.99424,0.00106,0.00159,0.00311
145.30000,1.05394,0.99421,0.00100,0.00164,0.00315
145.39999,1.05394,0.99465,0.00090,0.00152,0.00293
145.50000,1.05394,0.99417,0.00103,0.00160,0.00320
145.60001,1.05392,0.99415,0.00098,0.00158,0.00329
145.70000,1.05394,0.99380,0.00100,0.00174,0.00346
145.80000,1.05394,0.99410,0.00093,0.00162,0.00335
145.89999,1.05394,0.99384,0.00099,0.00166,0.00351
146.00000,1.05394,0.99381,0.00101,0.00167,0.00351
146.10001,1.05392,0.99359,0.00105,0.00174,0.00362
146.20000,1.05394,0.99328,0.00107,0.00180,0.00385
146.30000,1.05394,0.99333,0.00101,0.00176,0.00390
146.39999,1.05394,0.99309,0.00104,0.00183,0.00404
146.50000,1.05394,0.99357,0.00102,0.00174,0.00368
146.60001,1.05392,0.99315,0.00108,0.00185,0.00392
146.70000,1.05394,0.99310,0.00106,0.00185,0.00399
146.80000,1.05394,0.99366,0.00095,0.00179,0.00360
146.89999,1.05394,0.99375,0.00091,0.00178,0.00357
147.00000,1.05394,0.99418,0.00086,0.00168,0.00328
147.10001,1.05392,0.99411,0.00089,0.00171,0.00328
147.20000,1.05394,0.99395,0.00091,0.00176,0.00338
147.30000,1.05394,0.99453,0.00084,0.00162,0.00301
147.39999,1.05394,0.99418,0.00090,0.00171,0.00321
147.50000,1.05394,0.99441,0.00094,0.00166,0.00298
147.60001,1.05392,0.99420,0.00096,0.00172,0.00313
147.70000,1.05394,0.99458,0.00089,0.00159,0.00294
147.80000,1.05394,0.99408,0.00102,0.00167,0.00323
147.89999,1.05394,0.99453,0.00094,0.00159,0.00294
148.00000,1.05394,0.99435,0.00101,0.00165,0.00300
148.10001,1.05392,0.99421,0.00101,0.00166,0.00312
148.20000,1.05394,0.99419,0.00099,0.00162,0.00319
148.30000,1.05394,0.99433,0.00096,0.00159,0.00312
148.39999,1.05394,0.99413,0.00102,0.00164,0.00320
148.50000,1.05394,0.99452,0.00092,0.00154,0.00302
148.60001,1.05392,0.99465,0.00082,0.00152,0.00301
148.70000,1.05394,0.99453,0.00085,0.00158,0.00305
148.80000,1.05394,0.99449,0.00087,0.00158,0.00307
148.89999,1.05394,0.99473,0.00083,0.00153,0.00291
149.00000,1.05394,0.99496,0.00075,0.00148,0.00281
149.10001,1.05392,0.99528,0.00075,0.00141,0.00257
149.20000,1.05394,0.99524,0.00076,0.00143,0.00256
149.30000,1.05394,0.99543,0.00069,0.00139,0.00250
149.39999,1.05394,0.99544,0.00067,0.00143,0.00246
149.50000,1.05394,0.99554,0.00070,0.00137,0.00238
149.60001,1.05392,0.99545,0.00073,0.00142,0.00240
149.70000,1.05394,0.99498,0.00077,0.00149,0.00276
149.80000,1.05394,0.99515,0.00073,0.00147,0.00265
149.89999,1.05394,0.99465,0.00082,0.00164,0.00289
150.00000,1.05394,0.99455,0.00079,0.00169,0.00297
150.10001,1.05392,0.99404,0.00093,0.00176,0.00327
150.20000,1.05394,0.99447,0.00086,0.00163,0.00305
150.30000,1.05394,0.99409,0.00101,0.00167,0.00324
150.39999,1.05394,0.99400,0.00099,0.00170,0.00332
150.50000,1.05394,0.99354,0.00108,0.00176,0.00362
150.60001,1.05392,0.99387,0.00104,0.00170,0.00340
150.70000,1.05394,0.99387,0.00108,0.00170,0.00335
150.80000,1.05394,0.99420,0.00097,0.00161,0.00322
150.89999,1.05394,0.99415,0.00102,0.00162,0.00321
151.00000,1.05394,0.99380,0.00103,0.00172,0.00345
151.10001,1.05392,0.99375,0.00100,0.00169,0.00357
151.20000,1.05394,0.99380,0.00099,0.00172,0.00349
151.30000,1.05394,0.99434,0.00090,0.00162,0.00315
151.39999,1.05394,0.99478,0.00085,0.00150,0.00287
151.50000,1.05394,0.99488,0.00082,0.00154,0.00276
151.60001,1.05392,0.99483,0.00083,0.00152,0.00282
151.70000,1.05394,0.99458,0.00089,0.00155,0.00298
151.80000,1.05394,0.99478,0.00084,0.00150,0.00288
151.89999,1.05394,0.99466,0.00092,0.00158,0.00285
152.00000,1.05394,0.99511,0.00086,0.00141,0.00262
152.10001,1.05392,0.99442,0.00104,0.00161,0.00293
152.20000,1.05394,0.99483,0.00094,0.00144,0.00278
152.30000,1.05394,0.99453,0.00104,0.00149,0.00294
152.39999,1.05394,0.99436,0.00107,0.00151,0.00306
152.50000,1.05394,0.99404,0.00111,0.00167,0.00318
152.60001,1.05392,0.99437,0.00104,0.00159,0.00300
152.70000,1.05394,0.99434,0.00112,0.00155,0.00299
152.80000,1.05394,0.99486,0.00095,0.00144,0.00274
152.89999,1.05394,0.99452,0.00100,0.00157,0.00292
153.00000,1.05394,0.99433,0.00094,0.00166,0.00307
153.10001,1.05392,0.99419,0.00098,0.00166,0.00318
153.20000,1.05394,0.99441,0.00090,0.00156,0.00313
153.30000,1.05394,0.99399,0.00103,0.00168,0.00331
153.39999,1.05394,0.99348,0.00106,0.00183,0.00363
153.50000,1.05394,0.99400,0.00094,0.00171,0.00335
153.60001,1.05392,0.99394,0.00091,0.00173,0.00341
153.70000,1.05394,0.99395,0.00091,0.00171,0.00343
153.80000,1.05394,0.99361,0.00102,0.00183,0.00354
153.89999,1.05394,0.99392,0.00094,0.00167,0.00347
154.00000,1.05394,0.99407,0.00096,0.00173,0.00324
154.10001,1.05392,0.99429,0.00092,0.00170,0.00309
154.20000,1.05394,0.99448,0.00094,0.00166,0.00292
154.30000,1.05394,0.99436,0.00088,0.00155,0.00321
154.39999,1.05394,0.99409,0.00090,0.00174,0.00327
154.50000,1.05394,0.99394,0.00092,0.00170,0.00344
154.60001,1.05392,0.99344,0.00102,0.00191,0.00363
154.70000,1.05394,0.99352,0.00098,0.00176,0.00374
154.80000,1.05394,0.99366,0.00100,0.00189,0.00346
154.89999,1.05394,0.99358,0.00097,0.00178,0.00368
155.00000,1.05394,0.99327,0.00090,0.00192,0.00392
155.10001,1.05392,0.99328,0.00088,0.00181,0.00404
155.20000,1.05394,0.99383,0.00079,0.00169,0.00369
155.30000,1.05394,0.99382,0.00082,0.00166,0.00369
155.39999,1.05394,0.99438,0.00072,0.00153,0.00336
155.50000,1.05394,0.99391,0.00081,0.00164,0.00364
155.60001,1.05392,0.99364,0.00086,0.00169,0.00381
155.70000,1.05394,0.99359,0.00091,0.00172,0.00377
155.80000,1.05394,0.99390,0.00086,0.00159,0.00366
155.89999,1.05394,0.99364,0.00092,0.00171,0.00372
156.00000,1.05394,0.99377,0.00094,0.00166,0.00363
156.10001,1.05392,0.99405,0.00092,0.00160,0.00342
156.20000,1.05394,0.99428,0.00087,0.00151,0.00333
156.30000,1.05394,0.99374,0.00097,0.00172,0.00357
156.39999,1.05394,0.99382,0.00094,0.00168,0.00355
156.50000,1.05394,0.99399,0.00093,0.00169,0.00339
156.60001,1.05392,0.99360,0.00091,0.00170,0.00379
156.70000,1.05394,0.99390,0.00091,0.00168,0.00352
156.80000,1.05394,0.99356,0.00096,0.00172,0.00376
156.89999,1.05394,0.99386,0.00095,0.00168,0.00351
157.00000,1.05394,0.99403,0.00092,0.00168,0.00336
157.10001,1.05392,0.99389,0.00096,0.00177,0.00338
157.20000,1.05394,0.99355,0.00106,0.00183,0.00355
157.30000,1.05394,0.99398,0.00098,0.00166,0.00338
157.39999,1.05394,0.99402,0.00095,0.00168,0.00336
157.50000,1.05394,0.99430,0.00092,0.00162,0.00316
157.60001,1.05392,0.99406,0.00096,0.00172,0.00327
157.70000,1.05394,0.99441,0.00093,0.00156,0.00310
157.80000,1.05394,0.99412,0.00095,0.00167,0.00327
157.89999,1.05394,0.99430,0.00091,0.00153,0.00326
158.00000,1.05394,0.99406,0.00093,0.00170,0.00331
158.10001,1.05392,0.99415,0.00092,0.00160,0.00333
158.20000,1.05394,0.99416,0.00089,0.00164,0.00331
158.30000,1.05394,0.99401,0.00088,0.00162,0.00349
158.39999,1.05394,0.99402,0.00087,0.00164,0.00347
158.50000,1.05394,0.99398,0.00087,0.00163,0.00351
158.60001,1.05392,0.99405,0.00084,0.00166,0.00346
158.70000,1.05394,0.99411,0.00084,0.00171,0.00333
158.80000,1.05394,0.99443,0.00079,0.00155,0.00323
158.89999,1.05394,0.99457,0.00079,0.00155,0.00309
159.00000,1.05394,0.99456,0.00081,0.00156,0.00307
159.10001,1.05392,0.99457,0.00085,0.00159,0.00299
159.20000,1.05394,0.99447,0.00087,0.00159,0.00308
159.30000,1.05394,0.99476,0.00080,0.00149,0.00294
159.39999,1.05394,0.99433,0.00093,0.00160,0.00314
159.50000,1.05394,0.99442,0.00091,0.00161,0.00306
159.60001,1.05392,0.99428,0.00092,0.00158,0.00323
159.70000,1.05394,0.99410,0.00093,0.00170,0.00327
159.80000,1.05394,0.99383,0.00092,0.00171,0.00354
159.89999,1.05394,0.99365,0.00092,0.00176,0.00367
160.00000,1.05394,0.99365,0.00089,0.00184,0.00362
160.10001,1.05392,0.99395,0.00083,0.00172,0.00350
160.20000,1.05394,0.99406,0.00083,0.00169,0.00342
160.30000,1.05394,0.99459,0.00076,0.00158,0.00306
160.39999,1.05394,0.99449,0.00077,0.00158,0.00315
160.50000,1.05394,0.99467,0.00078,0.00151,0.00304
160.60001,1.05392,0.99465,0.00076,0.00151,0.00309
160.70000,1.05394,0.99501,0.00071,0.00140,0.00289
160.80000,1.05394,0.99458,0.00080,0.00149,0.00314
160.89999,1.05394,0.99433,0.00084,0.00154,0.00329
161.00000,1.05394,0.99438,0.00084,0.00155,0.00323
161.10001,1.05392,0.99396,0.00086,0.00164,0.00354
161.20000,1.05394,0.99368,0.00091,0.00169,0.00372
161.30000,1.05394,0.99341,0.00097,0.00187,0.00375
161.39999,1.05394,0.99376,0.00090,0.00171,0.00363
161.50000,1.05394,0.99352,0.00094,0.00178,0.00376
161.60001,1.05392,0.99344,0.00100,0.00183,0.00372
161.70000,1.05394,0.99366,0.00098,0.00173,0.00363
161.80000,1.05394,0.99370,0.00096,0.00175,0.00359
161.89999,1.05394,0.99356,0.00098,0.00176,0.00369
162.00000,1.05394,0.99388,0.00099,0.00173,0.00340
162.10001,1.05392,0.99420,0.00096,0.00161,0.00323
162.20000,1.05394,0.99401,0.00097,0.00168,0.00334
162.30000,1.05394,0.99427,0.00092,0.00165,0.00317
162.39999,1.05394,0.99435,0.00082,0.00161,0.00322
162.50000,1.05394,0.99386,0.00091,0.00172,0.00351
162.60001,1.05392,0.99368,0.00088,0.00173,0.00370
162.70000,1.05394,0.99392,0.00087,0.00168,0.00352
162.80000,1.05394,0.99387,0.00090,0.00160,0.00363
162.89999,1.05394,0.99364,0.00093,0.00174,0.00370
163.00000,1.05394,0.99293,0.00102,0.00186,0.00419
163.10001,1.05392,0.99310,0.00101,0.00180,0.00408
163.20000,1.05394,0.99289,0.00106,0.00182,0.00422
163.30000,1.05394,0.99363,0.00094,0.00171,0.00373
163.39999,1.05394,0.99342,0.00103,0.00179,0.00375
163.50000,1.05394,0.99394,0.00101,0.00165,0.00341
163.60001,1.05392,0.99384,0.00101,0.00169,0.00346
163.70000,1.05394,0.99377,0.00096,0.00165,0.00362
163.80000,1.05394,0.99400,0.00093,0.00162,0.00345
163.89999,1.05394,0.99384,0.00091,0.00160,0.00365
164.00000,1.05394,0.99407,0.00081,0.00156,0.00357
164.10001,1.05392,0.99365,0.00083,0.00162,0.00390
164.20000,1.05394,0.99356,0.00088,0.00166,0.00390
164.30000,1.05394,0.99288,0.00093,0.00168,0.00450
164.39999,1.05394,0.99267,0.00097,0.00181,0.00456
164.50000,1.05394,0.99215,0.00111,0.00187,0.00488
164.60001,1.05392,0.99256,0.00106,0.00193,0.00444
164.70000,1.05394,0.99240,0.00111,0.00189,0.00460
164.80000,1.05394,0.99286,0.00110,0.00186,0.00418
164.89999,1.05394,0.99321,0.00108,0.00175,0.00396
165.00000,1.05394,0.99375,0.00100,0.00173,0.00352
165.10001,1.05392,0.99336,0.00108,0.00180,0.00376
165.20000,1.05394,0.99406,0.00092,0.00171,0.00332
165.30000,1.05394,0.99423,0.00090,0.00166,0.00321
165.39999,1.05394,0.99483,0.00076,0.00152,0.00289
165.50000,1.05394,0.99457,0.00084,0.00162,0.00298
165.60001,1.05392,0.99489,0.00071,0.00150,0.00289
165.70000,1.05394,0.99486,0.00074,0.00150,0.00291
165.80000,1.05394,0.99434,0.00078,0.00161,0.00327
165.89999,1.05394,0.99411,0.00083,0.00163,0.00343
166.00000,1.05394,0.99361,0.00091,0.00173,0.00375
166.10001,1.05392,0.99347,0.00090,0.00177,0.00385
166.20000,1.05394,0.99318,0.00099,0.00182,0.00401
166.30000,1.05394,0.99334,0.00096,0.00173,0.00397
166.39999,1.05394,0.99380,0.00101,0.00165,0.00355
166.50000,1.05394,0.99335,0.00105,0.00189,0.00370
166.60001,1.05392,0.99370,0.00098,0.00178,0.00354
166.70000,1.05394,0.99384,0.00098,0.00176,0.00342
166.80000,1.05394,0.99436,0.00086,0.00164,0.00314
166.89999,1.05394,0.99433,0.00088,0.00170,0.00309
167.00000,1.05394,0.99490,0.00080,0.00158,0.00272
167.10001,1.05392,0.99465,0.00084,0.00166,0.00285
167.20000,1.05394,0.99476,0.00081,0.00164,0.00279
167.30000,1.05394,0.99473,0.00080,0.00161,0.00287
167.39999,1.05394,0.99480,0.00074,0.00155,0.00292
167.50000,1.05394,0.99497,0.00069,0.00159,0.00275
167.60001,1.05392,0.99481,0.00069,0.00157,0.00293
167.70000,1.05394,0.99478,0.00072,0.00158,0.00291
167.80000,1.05394,0.99486,0.00071,0.00153,0.00290
167.89999,1.05394,0.99401,0.00078,0.00173,0.00349
168.00000,1.05394,0.99431,0.00073,0.00160,0.00336
168.10001,1.05392,0.99421,0.00075,0.00169,0.00335
168.20000,1.05394,0.99417,0.00077,0.00168,0.00338
168.30000,1.05394,0.99363,0.00088,0.00179,0.00370
168.39999,1.05394,0.99316,0.00100,0.00188,0.00396
168.50000,1.05394,0.99342,0.00105,0.00180,0.00373
168.60001,1.05392,0.99382,0.00092,0.00168,0.00357
168.70000,1.05394,0.99370,0.00093,0.00180,0.00357
168.80000,1.05394,0.99362,0.00101,0.00177,0.00360
168.89999,1.05394,0.99409,0.00087,0.00162,0.00342
169.00000,1.05394,0.99383,0.00094,0.00167,0.00356
169.10001,1.05392,0.99420,0.00076,0.00154,0.00350
169.20000,1.05394,0.99400,0.00083,0.00163,0.00354
169.30000,1.05394,0.99417,0.00072,0.00155,0.00356
169.39999,1.05394,0.99401,0.00077,0.00166,0.00355
169.50000,1.05394,0.99418,0.00069,0.00156,0.00358
169.60001,1.05392,0.99346,0.00078,0.00176,0.00400
169.70000,1.05394,0.99431,0.00070,0.00148,0.00351
169.80000,1.05394,0.99348,0.00082,0.00170,0.00400
169.89999,1.05394,0.99339,0.00091,0.00181,0.00389
170.00000,1.05394,0.99358,0.00087,0.00169,0.00386
170.10001,1.05392,0.99354,0.00084,0.00176,0.00386
170.20000,1.05394,0.99303,0.00080,0.00186,0.00431
170.30000,1.05394,0.99154,0.00071,0.00209,0.00566
170.39999,1.05394,0.98756,0.00058,0.00238,0.00948
170.50000,1.05394,0.97974,0.00073,0.00328,0.01625
170.60001,1.05392,0.96017,0.00062,0.00430,0.03491
170.70000,1.05394,0.90055,0.00070,0.00595,0.09279
170.80000,1.05394,0.92940,0.00051,0.00434,0.06575
170.89999,1.05394,0.88673,0.00068,0.00599,0.10660
171.00000,1.05394,0.92673,0.00050,0.00479,0.06798
171.10001,1.05392,0.85704,0.00093,0.00750,0.13453
171.20000,1.05394,0.90707,0.00086,0.00607,0.08600
171.30000,1.05394,0.91348,0.00120,0.00629,0.07903
171.39999,1.05394,0.95460,0.00143,0.00529,0.03867
171.50000,1.05394,0.96372,0.00159,0.00429,0.03039
171.60001,1.05392,0.99048,0.00094,0.00226,0.00632
171.70000,1.05394,0.99315,0.00092,0.00186,0.00406
171.80000,1.05394,0.99366,0.00097,0.00176,0.00361
171.89999,1.05394,0.99435,0.00093,0.00160,0.00312
172.00000,1.05394,0.99451,0.00091,0.00162,0.00296
172.10001,1.05392,0.99451,0.00089,0.00165,0.00295
172.20000,1.05394,0.99422,0.00091,0.00172,0.00315
172.30000,1.05394,0.99474,0.00079,0.00155,0.00292
172.39999,1.05394,0.99497,0.00080,0.00149,0.00273
172.50000,1.05394,0.99507,0.00075,0.00150,0.00267
172.60001,1.05392,0.99451,0.00085,0.00160,0.00303
172.70000,1.05394,0.99447,0.00082,0.00154,0.00317
172.80000,1.05394,0.99341,0.00062,0.00187,0.00410
172.89999,1.05394,0.99205,0.00051,0.00227,0.00517
173.00000,1.05394,0.99113,0.00051,0.00242,0.00595
173.10001,1.05392,0.99200,0.00045,0.00207,0.00547
173.20000,1.05394,0.99132,0.00053,0.00244,0.00571
173.30000,1.05394,0.99096,0.00055,0.00234,0.00615
173.39999,1.05394,0.99110,0.00049,0.00231,0.00609
173.50000,1.05394,0.99066,0.00054,0.00227,0.00653
173.60001,1.05392,0.98905,0.00061,0.00296,0.00738
173.70000,1.05394,0.98678,0.00105,0.00332,0.00885
173.80000,1.05394,0.99097,0.00116,0.00243,0.00545
173.89999,1.05394,0.99311,0.00102,0.00188,0.00399
174.00000,1.05394,0.99379,0.00095,0.00176,0.00351
174.10001,1.05392,0.99365,0.00104,0.00175,0.00356
174.20000,1.05394,0.99432,0.00094,0.00160,0.00314
174.30000,1.05394,0.99364,0.00098,0.00173,0.00364
174.39999,1.05394,0.99407,0.00100,0.00156,0.00337
174.50000,1.05394,0.99346,0.00106,0.00172,0.00376
174.60001,1.05392,0.99423,0.00100,0.00162,0.00314
174.70000,1.05394,0.99342,0.00102,0.00179,0.00377
174.80000,1.05394,0.99367,0.00100,0.00173,0.00360
174.89999,1.05394,0.99399,0.00089,0.00163,0.00349
175.00000,1.05394,0.99365,0.00091,0.00171,0.00373
175.10001,1.05392,0.99030,0.00175,0.00248,0.00547
175.20000,1.05394,0.99268,0.00162,0.00154,0.00416
175.30000,1.05394,0.98761,0.00277,0.00217,0.00745
175.39999,1.05394,0.98546,0.00390,0.00192,0.00872
175.50000,1.05394,0.99083,0.00250,0.00130,0.00536
175.60001,1.05392,0.98127,0.00573,0.00192,0.01107
175.70000,1.05394,0.98181,0.00570,0.00154,0.01094
175.80000,1.05394,0.96567,0.01418,0.00180,0.01835
175.89999,1.05394,0.97389,0.01241,0.00130,0.01240
176.00000,1.05394,0.96110,0.01971,0.00144,0.01774
176.10001,1.05392,0.97724,0.00888,0.00158,0.01230
176.20000,1.05394,0.97289,0.01226,0.00217,0.01268
176.30000,1.05394,0.98826,0.00420,0.00128,0.00626
176.39999,1.05394,0.98676,0.00425,0.00122,0.00777
176.50000,1.05394,0.98258,0.00635,0.00242,0.00865
176.60001,1.05392,0.98447,0.00483,0.00225,0.00846
176.70000,1.05394,0.98934,0.00362,0.00224,0.00481
176.80000,1.05394,0.99346,0.00128,0.00180,0.00346
176.89999,1.05394,0.99423,0.00104,0.00165,0.00309
177.00000,1.05394,0.99432,0.00101,0.00165,0.00302
177.10001,1.05392,0.99381,0.00117,0.00173,0.00329
177.20000,1.05394,0.99400,0.00108,0.00170,0.00322
177.30000,1.05394,0.99414,0.00108,0.00166,0.00311
177.39999,1.05394,0.99435,0.00101,0.00162,0.00302
177.50000,1.05394,0.99421,0.00110,0.00167,0.00302
177.60001,1.05392,0.99367,0.00110,0.00177,0.00347
177.70000,1.05394,0.99362,0.00112,0.00177,0.00349
177.80000,1.05394,0.99343,0.00108,0.00181,0.00368
177.89999,1.05394,0.99344,0.00106,0.00180,0.00370
178.00000,1.05394,0.99355,0.00102,0.00181,0.00363
178.10001,1.05392,0.99355,0.00102,0.00180,0.00363
178.20000,1.05394,0.99366,0.00101,0.00173,0.00359
178.30000,1.05394,0.99383,0.00098,0.00165,0.00354
178.39999,1.05394,0.99382,0.00087,0.00167,0.00363
178.50000,1.05394,0.99324,0.00100,0.00179,0.00397
178.60001,1.05392,0.99381,0.00092,0.00165,0.00362
178.70000,1.05394,0.99379,0.00091,0.00169,0.00361
178.80000,1.05394,0.99355,0.00090,0.00175,0.00381
178.89999,1.05394,0.99325,0.00098,0.00182,0.00396
179.00000,1.05394,0.99384,0.00090,0.00168,0.00359
179.10001,1.05392,0.99335,0.00098,0.00179,0.00387
179.20000,1.05394,0.99363,0.00092,0.00179,0.00366
179.30000,1.05394,0.99314,0.00098,0.00189,0.00399
179.39999,1.05394,0.99318,0.00103,0.00187,0.00392
179.50000,1.05394,0.99302,0.00104,0.00193,0.00401
179.60001,1.05392,0.99332,0.00107,0.00183,0.00379
179.70000,1.05394,0.99321,0.00114,0.00190,0.00374
179.80000,1.05394,0.99343,0.00109,0.00182,0.00366
179.89999,1.05394,0.99364,0.00100,0.00178,0.00358
180.00000,1.05394,0.99358,0.00104,0.00178,0.00360
180.10001,1.05392,0.99256,0.00120,0.00204,0.00420
180.20000,1.05394,0.99376,0.00102,0.00171,0.00351
180.30000,1.05394,0.99363,0.00103,0.00177,0.00357
180.39999,1.05394,0.99387,0.00098,0.00172,0.00344
180.50000,1.05394,0.99368,0.00097,0.00178,0.00357
180.60001,1.05392,0.99359,0.00094,0.00177,0.00370
180.70000,1.05394,0.99343,0.00103,0.00182,0.00372
180.80000,1.05394,0.99315,0.00109,0.00186,0.00391
180.89999,1.05394,0.99329,0.00107,0.00186,0.00378
181.00000,1.05394,0.99351,0.00102,0.00176,0.00371
181.10001,1.05392,0.99365,0.00102,0.00180,0.00352
181.20000,1.05394,0.99399,0.00096,0.00162,0.00343
181.30000,1.05394,0.99398,0.00097,0.00163,0.00343
181.39999,1.05394,0.99400,0.00096,0.00162,0.00342
181.50000,1.05394,0.99373,0.00097,0.00166,0.00365
181.60001,1.05392,0.99381,0.00090,0.00162,0.00368
181.70000,1.05394,0.99326,0.00096,0.00169,0.00409
181.80000,1.05394,0.99327,0.00093,0.00169,0.00412
181.89999,1.05394,0.99286,0.00102,0.00182,0.00430
182.00000,1.05394,0.99281,0.00097,0.00185,0.00437
182.10001,1.05392,0.99281,0.00104,0.00186,0.00428
182.20000,1.05394,0.99253,0.00110,0.00196,0.00441
182.30000,1.05394,0.99247,0.00116,0.00203,0.00434
182.39999,1.05394,0.99268,0.00119,0.00196,0.00417
182.50000,1.05394,0.99348,0.00110,0.00182,0.00360
182.60001,1.05392,0.99375,0.00111,0.00183,0.00332
182.70000,1.05394,0.99429,0.00103,0.00163,0.00305
182.80000,1.05394,0.99431,0.00105,0.00164,0.00300
182.89999,1.05394,0.99476,0.00094,0.00156,0.00273
183.00000,1.05394,0.99508,0.00090,0.00144,0.00259
183.10001,1.05392,0.99479,0.00090,0.00154,0.00278
183.20000,1.05394,0.99550,0.00078,0.00138,0.00234
183.30000,1.05394,0.99524,0.00080,0.00141,0.00255
183.39999,1.05394,0.99488,0.00082,0.00153,0.00277
183.50000,1.05394,0.99412,0.00098,0.00167,0.00323
183.60001,1.05392,0.99474,0.00080,0.00151,0.00295
183.70000,1.05394,0.99400,0.00093,0.00169,0.00337
183.80000,1.05394,0.99397,0.00090,0.00172,0.00340
183.89999,1.05394,0.99348,0.00098,0.00181,0.00373
184.00000,1.05394,0.99379,0.00096,0.00170,0.00355
184.10001,1.05392,0.99045,0.00198,0.00230,0.00527
184.20000,1.05394,0.99115,0.00197,0.00177,0.00511
184.30000,1.05394,0.99233,0.00192,0.00155,0.00420
184.39999,1.05394,0.98951,0.00252,0.00181,0.00616
184.50000,1.05394,0.99197,0.00242,0.00127,0.00434
184.60001,1.05392,0.99227,0.00221,0.00114,0.00437
184.70000,1.05394,0.99239,0.00223,0.00120,0.00418
184.80000,1.05394,0.98726,0.00483,0.00158,0.00633
184.89999,1.05394,0.99035,0.00478,0.00088,0.00398
185.00000,1.05394,0.98666,0.00642,0.00150,0.00542
185.10001,1.05392,0.98262,0.00743,0.00200,0.00794
185.20000,1.05394,0.97920,0.01008,0.00169,0.00903
185.30000,1.05394,0.98310,0.00925,0.00107,0.00657
185.39999,1.05394,0.98594,0.00762,0.00120,0.00524
185.50000,1.05394,0.98653,0.00665,0.00121,0.00560
185.60001,1.05392,0.98789,0.00567,0.00111,0.00533
185.70000,1.05394,0.98362,0.00796,0.00160,0.00682
185.80000,1.05394,0.98800,0.00395,0.00173,0.00632
185.89999,1.05394,0.98686,0.00422,0.00178,0.00714
186.00000,1.05394,0.97004,0.01212,0.00493,0.01292
186.10001,1.05392,0.98953,0.00312,0.00203,0.00532
186.20000,1.05394,0.98632,0.00328,0.00248,0.00792
186.30000,1.05394,0.98703,0.00403,0.00174,0.00721
186.39999,1.05394,0.98823,0.00388,0.00136,0.00652
186.50000,1.05394,0.97528,0.00947,0.00220,0.01305
186.60001,1.05392,0.97513,0.01027,0.00181,0.01279
186.70000,1.05394,0.97549,0.01233,0.00144,0.01074
186.80000,1.05394,0.97697,0.01099,0.00128,0.01076
186.89999,1.05394,0.97238,0.01342,0.00199,0.01221
187.00000,1.05394,0.97624,0.00870,0.00244,0.01262
187.10001,1.05392,0.97966,0.00925,0.00241,0.00868
187.20000,1.05394,0.97913,0.00773,0.00269,0.01045
187.30000,1.05394,0.98202,0.00633,0.00185,0.00979
187.39999,1.05394,0.96965,0.01143,0.00372,0.01520
187.50000,1.05394,0.97432,0.00767,0.00289,0.01513
187.60001,1.05392,0.96728,0.00872,0.00306,0.02094
187.70000,1.05394,0.96829,0.01266,0.00172,0.01733
187.80000,1.05394,0.97228,0.01130,0.00147,0.01495
187.89999,1.05394,0.96611,0.01516,0.00182,0.01691
188.00000,1.05394,0.96737,0.01419,0.00192,0.01653
188.10001,1.05392,0.96729,0.01644,0.00188,0.01439
188.20000,1.05394,0.97505,0.01094,0.00188,0.01213
188.30000,1.05394,0.97716,0.01018,0.00233,0.01033
188.39999,1.05394,0.98234,0.00676,0.00275,0.00815
188.50000,1.05394,0.98833,0.00385,0.00231,0.00551
188.60001,1.05392,0.99163,0.00217,0.00216,0.00404
188.70000,1.05394,0.99408,0.00108,0.00166,0.00317
188.80000,1.05394,0.99371,0.00103,0.00181,0.00345
188.89999,1.05394,0.99350,0.00109,0.00180,0.00361
189.00000,1.05394,0.99325,0.00120,0.00179,0.00377
189.10001,1.05392,0.99327,0.00120,0.00177,0.00375
189.20000,1.05394,0.99295,0.00118,0.00187,0.00400
189.30000,1.05394,0.99312,0.00126,0.00190,0.00372
189.39999,1.05394,0.99318,0.00116,0.00187,0.00379
189.50000,1.05394,0.99298,0.00120,0.00195,0.00387
189.60001,1.05392,0.99321,0.00109,0.00180,0.00390
189.70000,1.05394,0.99322,0.00109,0.00188,0.00382
189.80000,1.05394,0.99396,0.00088,0.00166,0.00350
189.89999,1.05394,0.99377,0.00099,0.00183,0.00340
190.00000,1.05394,0.99400,0.00093,0.00172,0.00335
190.10001,1.05392,0.99421,0.00099,0.00171,0.00308
190.20000,1.05394,0.99388,0.00097,0.00173,0.00342
190.30000,1.05394,0.99403,0.00099,0.00173,0.00326
190.39999,1.05394,0.99474,0.00084,0.00151,0.00291
190.50000,1.05394,0.99471,0.00091,0.00155,0.00282
190.60001,1.05392,0.99396,0.00109,0.00177,0.00318
190.70000,1.05394,0.99428,0.00107,0.00162,0.00303
190.80000,1.05394,0.99370,0.00111,0.00175,0.00344
190.89999,1.05394,0.99398,0.00105,0.00162,0.00334
191.00000,1.05394,0.99394,0.00103,0.00169,0.00335
191.10001,1.05392,0.99438,0.00099,0.00157,0.00306
191.20000,1.05394,0.99417,0.00098,0.00171,0.00315
191.30000,1.05394,0.99410,0.00102,0.00165,0.00323
191.39999,1.05394,0.99399,0.00100,0.00168,0.00333
191.50000,1.05394,0.99430,0.00096,0.00155,0.00320
191.60001,1.05392,0.99429,0.00090,0.00165,0.00316
191.70000,1.05394,0.99461,0.00085,0.00157,0.00297
191.80000,1.05394,0.99431,0.00090,0.00169,0.00311
191.89999,1.05394,0.99466,0.00082,0.00152,0.00299
192.00000,1.05394,0.99434,0.00079,0.00163,0.00324
192.10001,1.05392,0.99375,0.00086,0.00173,0.00366
192.20000,1.05394,0.99339,0.00096,0.00181,0.00384
192.30000,1.05394,0.99286,0.00100,0.00195,0.00419
192.39999,1.05394,0.99250,0.00099,0.00194,0.00457
192.50000,1.05394,0.99246,0.00104,0.00194,0.00455
192.60001,1.05392,0.99252,0.00106,0.00184,0.00458
192.70000,1.05394,0.99234,0.00108,0.00198,0.00460
192.80000,1.05394,0.99268,0.00102,0.00184,0.00446
192.89999,1.05394,0.99209,0.00119,0.00196,0.00476
193.00000,1.05394,0.99295,0.00112,0.00180,0.00412
193.10001,1.05392,0.99286,0.00115,0.00190,0.00410
193.20000,1.05394,0.99296,0.00116,0.00201,0.00387
193.30000,1.05394,0.99327,0.00117,0.00187,0.00369
193.39999,1.05394,0.99382,0.00101,0.00173,0.00344
193.50000,1.05394,0.99377,0.00109,0.00172,0.00343
193.60001,1.05392,0.99394,0.00095,0.00169,0.00343
193.70000,1.05394,0.99394,0.00098,0.00170,0.00337
193.80000,1.05394,0.99423,0.00088,0.00166,0.00323
193.89999,1.05394,0.99391,0.00097,0.00174,0.00338
194.00000,1.05394,0.99450,0.00084,0.00152,0.00314
194.10001,1.05392,0.99446,0.00084,0.00153,0.00317
194.20000,1.05394,0.99424,0.00089,0.00166,0.00321
194.30000,1.05394,0.99440,0.00089,0.00163,0.00308
194.39999,1.05394,0.99523,0.00077,0.00144,0.00255
194.50000,1.05394,0.99452,0.00086,0.00165,0.00297
194.60001,1.05392,0.99463,0.00084,0.00154,0.00299
194.70000,1.05394,0.99336,0.00114,0.00190,0.00360
194.80000,1.05394,0.99364,0.00111,0.00178,0.00346
194.89999,1.05394,0.99341,0.00111,0.00188,0.00359
195.00000,1.05394,0.99353,0.00110,0.00187,0.00350
195.10001,1.05392,0.99367,0.00117,0.00186,0.00331
195.20000,1.05394,0.98809,0.00349,0.00262,0.00580
195.30000,1.05394,0.98803,0.00465,0.00208,0.00524
195.39999,1.05394,0.98935,0.00393,0.00169,0.00503
195.50000,1.05394,0.98932,0.00419,0.00165,0.00485
195.60001,1.05392,0.98967,0.00381,0.00154,0.00498
195.70000,1.05394,0.99199,0.00292,0.00134,0.00375
195.80000,1.05394,0.99272,0.00256,0.00125,0.00347
195.89999,1.05394,0.99225,0.00302,0.00145,0.00328
196.00000,1.05394,0.99129,0.00341,0.00137,0.00393
196.10001,1.05392,0.99087,0.00314,0.00213,0.00386
196.20000,1.05394,0.99555,0.00079,0.00130,0.00235
196.30000,1.05394,0.99575,0.00065,0.00132,0.00228
196.39999,1.05394,0.99695,0.00047,0.00098,0.00160
196.50000,1.05394,0.99662,0.00049,0.00107,0.00182
196.60001,1.05392,0.99694,0.00041,0.00094,0.00171
196.70000,1.05394,0.99696,0.00043,0.00096,0.00165
196.80000,1.05394,0.99642,0.00050,0.00115,0.00193
196.89999,1.05394,0.99598,0.00053,0.00120,0.00229
197.00000,1.05394,0.99619,0.00055,0.00120,0.00206
197.10001,1.05392,0.99619,0.00056,0.00114,0.00212
197.20000,1.05394,0.99555,0.00072,0.00141,0.00232
197.30000,1.05394,0.99518,0.00075,0.00139,0.00268
197.39999,1.05394,0.99489,0.00083,0.00145,0.00282
197.50000,1.05394,0.99480,0.00094,0.00151,0.00275
197.60001,1.05392,0.99456,0.00093,0.00154,0.00297
197.70000,1.05394,0.99418,0.00095,0.00156,0.00331
197.80000,1.05394,0.99397,0.00094,0.00163,0.00346
197.89999,1.05394,0.99326,0.00101,0.00177,0.00396
198.00000,1.05394,0.99332,0.00097,0.00180,0.00391
198.10001,1.05392,0.99336,0.00089,0.00171,0.00404
198.20000,1.05394,0.99298,0.00101,0.00188,0.00413
198.30000,1.05394,0.99324,0.00100,0.00177,0.00399
198.39999,1.05394,0.99273,0.00110,0.00196,0.00421
198.50000,1.05394,0.99283,0.00103,0.00189,0.00424
198.60001,1.05392,0.99319,0.00102,0.00189,0.00390
198.70000,1.05394,0.99366,0.00098,0.00170,0.00366
198.80000,1.05394,0.99404,0.00100,0.00167,0.00330
198.89999,1.05394,0.99393,0.00106,0.00171,0.00330
199.00000,1.05394,0.99429,0.00098,0.00161,0.00313
199.10001,1.05392,0.99385,0.00099,0.00174,0.00342
199.20000,1.05394,0.99424,0.00090,0.00160,0.00325
199.30000,1.05394,0.99421,0.00092,0.00160,0.00327
199.39999,1.05394,0.99442,0.00087,0.00158,0.00313
199.50000,1.05394,0.99450,0.00088,0.00156,0.00306
199.60001,1.05392,0.99428,0.00084,0.00160,0.00327
199.70000,1.05394,0.99443,0.00087,0.00156,0.00314
199.80000,1.05394,0.99454,0.00089,0.00155,0.00302
199.89999,1.05394,0.99453,0.00098,0.00155,0.00294
200.00000,1.05394,0.99490,0.00086,0.00149,0.00274
200.10001,1.05392,0.99469,0.00089,0.00161,0.00281
200.20000,1.05394,0.99470,0.00084,0.00155,0.00291
200.30000,1.05394,0.99469,0.00091,0.00160,0.00280
200.39999,1.05394,0.99487,0.00083,0.00152,0.00278
200.50000,1.05394,0.99504,0.00082,0.00151,0.00263
200.60001,1.05392,0.99509,0.00083,0.00147,0.00261
200.70000,1.05394,0.99502,0.00080,0.00147,0.00270
200.80000,1.05394,0.99477,0.00081,0.00148,0.00294
200.89999,1.05394,0.99475,0.00080,0.00153,0.00292
201.00000,1.05394,0.99460,0.00089,0.00154,0.00296
201.10001,1.05392,0.99475,0.00089,0.00151,0.00285
201.20000,1.05394,0.99432,0.00101,0.00158,0.00309
201.30000,1.05394,0.99420,0.00103,0.00161,0.00316
201.39999,1.05394,0.99391,0.00105,0.00164,0.00340
201.50000,1.05394,0.99369,0.00102,0.00177,0.00353
201.60001,1.05392,0.99400,0.00097,0.00168,0.00335
201.70000,1.05394,0.99360,0.00107,0.00182,0.00352
201.80000,1.05394,0.99412,0.00098,0.00165,0.00325
201.89999,1.05394,0.99386,0.00103,0.00173,0.00338
202.00000,1.05394,0.99412,0.00091,0.00165,0.00332
202.10001,1.05392,0.99366,0.00092,0.00177,0.00364
202.20000,1.05394,0.99396,0.00085,0.00166,0.00353
202.30000,1.05394,0.99307,0.00101,0.00193,0.00399
202.39999,1.05394,0.99360,0.00093,0.00177,0.00371
202.50000,1.05394,0.99313,0.00095,0.00192,0.00400
202.60001,1.05392,0.99340,0.00093,0.00185,0.00381
202.70000,1.05394,0.99363,0.00088,0.00178,0.00371
202.80000,1.05394,0.99390,0.00085,0.00166,0.00360
202.89999,1.05394,0.99355,0.00084,0.00182,0.00380
203.00000,1.05394,0.99388,0.00091,0.00171,0.00350
203.10001,1.05392,0.99452,0.00075,0.00153,0.00320
203.20000,1.05394,0.99532,0.00073,0.00138,0.00257
203.30000,1.05394,0.99610,0.00055,0.00122,0.00214
203.39999,1.05394,0.99637,0.00059,0.00110,0.00194
203.50000,1.05394,0.99644,0.00057,0.00107,0.00193
203.60001,1.05392,0.99595,0.00072,0.00118,0.00216
203.70000,1.05394,0.99626,0.00061,0.00115,0.00198
203.80000,1.05394,0.99650,0.00062,0.00108,0.00180
203.89999,1.05394,0.99650,0.00058,0.00110,0.00182
204.00000,1.05394,0.99596,0.00072,0.00126,0.00206
204.10001,1.05392,0.99522,0.00090,0.00151,0.00237
204.20000,1.05394,0.99445,0.00101,0.00161,0.00294
204.30000,1.05394,0.99403,0.00095,0.00176,0.00326
204.39999,1.05394,0.99405,0.00096,0.00174,0.00324
204.50000,1.05394,0.99432,0.00090,0.00167,0.00311
204.60001,1.05392,0.99432,0.00091,0.00171,0.00305
204.70000,1.05394,0.99390,0.00099,0.00181,0.00330
204.80000,1.05394,0.99388,0.00099,0.00179,0.00334
204.89999,1.05394,0.99376,0.00095,0.00179,0.00349
205.00000,1.05394,0.99377,0.00098,0.00179,0.00346
205.10001,1.05392,0.99390,0.00094,0.00177,0.00339
205.20000,1.05394,0.99474,0.00091,0.00155,0.00280
205.30000,1.05394,0.99437,0.00092,0.00164,0.00306
205.39999,1.05394,0.99446,0.00089,0.00158,0.00307
205.50000,1.05394,0.99372,0.00093,0.00169,0.00366
205.60001,1.05392,0.98668,0.00136,0.00277,0.00919
205.70000,1.05394,0.98873,0.00115,0.00194,0.00818
205.80000,1.05394,0.98978,0.00106,0.00175,0.00742
205.89999,1.05394,0.98982,0.00112,0.00164,0.00743
206.00000,1.05394,0.98841,0.00123,0.00199,0.00837
206.10001,1.05392,0.98771,0.00118,0.00201,0.00910
206.20000,1.05394,0.98923,0.00109,0.00185,0.00784
206.30000,1.05394,0.98866,0.00130,0.00183,0.00821
206.39999,1.05394,0.97949,0.00243,0.00318,0.01490
206.50000,1.05394,0.97778,0.00346,0.00400,0.01476
206.60001,1.05392,0.98960,0.00158,0.00191,0.00691
206.70000,1.05394,0.98847,0.00150,0.00187,0.00816
206.80000,1.05394,0.97614,0.00271,0.00311,0.01805
206.89999,1.05394,0.97781,0.00222,0.00265,0.01732
207.00000,1.05394,0.96061,0.00377,0.00317,0.03245
207.10001,1.05392,0.93259,0.00542,0.00287,0.05911
207.20000,1.05394,0.93579,0.00573,0.00290,0.05559
207.30000,1.05394,0.92097,0.00618,0.00326,0.06958
207.39999,1.05394,0.96462,0.00457,0.00212,0.02869
207.50000,1.05394,0.96933,0.00355,0.00219,0.02493
207.60001,1.05392,0.97224,0.00331,0.00209,0.02236
207.70000,1.05394,0.97200,0.00431,0.00314,0.02055
207.80000,1.05394,0.98545,0.00210,0.00177,0.01068
207.89999,1.05394,0.98379,0.00360,0.00331,0.00930
208.00000,1.05394,0.99316,0.00128,0.00176,0.00381
208.10001,1.05392,0.99382,0.00091,0.00175,0.00352
208.20000,1.05394,0.99446,0.00082,0.00161,0.00311
208.30000,1.05394,0.99384,0.00089,0.00180,0.00346
208.39999,1.05394,0.99408,0.00089,0.00169,0.00334
208.50000,1.05394,0.99365,0.00093,0.00185,0.00357
208.60001,1.05392,0.99415,0.00092,0.00169,0.00325
208.70000,1.05394,0.99295,0.00106,0.00202,0.00397
208.80000,1.05394,0.99305,0.00106,0.00191,0.00398
208.89999,1.05394,0.99248,0.00110,0.00202,0.00440
209.00000,1.05394,0.99331,0.00101,0.00188,0.00380
209.10001,1.05392,0.99351,0.00098,0.00180,0.00371
209.20000,1.05394,0.99329,0.00109,0.00188,0.00373
209.30000,1.05394,0.99393,0.00097,0.00169,0.00341
209.39999,1.05394,0.99368,0.00101,0.00175,0.00356
209.50000,1.05394,0.99394,0.00098,0.00163,0.00345
209.60001,1.05392,0.99366,0.00108,0.00175,0.00351
209.70000,1.05394,0.99397,0.00106,0.00164,0.00333
209.80000,1.05394,0.99403,0.00103,0.00169,0.00325
209.89999,1.05394,0.99448,0.00093,0.00155,0.00304
210.00000,1.05394,0.99393,0.00102,0.00171,0.00333
210.10001,1.05392,0.99358,0.00113,0.00167,0.00363
210.20000,1.05394,0.99335,0.00115,0.00183,0.00367
210.30000,1.05394,0.99334,0.00115,0.00173,0.00379
210.39999,1.05394,0.99335,0.00108,0.00187,0.00369
210.50000,1.05394,0.99333,0.00104,0.00173,0.00389
210.60001,1.05392,0.99353,0.00103,0.00180,0.00363
210.70000,1.05394,0.99335,0.00110,0.00171,0.00384
210.80000,1.05394,0.99324,0.00108,0.00185,0.00383
210.89999,1.05394,0.99314,0.00104,0.00176,0.00406
211.00000,1.05394,0.99352,0.00098,0.00179,0.00371
211.10001,1.05392,0.99377,0.00093,0.00171,0.00359
211.20000,1.05394,0.99393,0.00090,0.00172,0.00345
211.30000,1.05394,0.99420,0.00087,0.00165,0.00328
211.39999,1.05394,0.99469,0.00081,0.00154,0.00296
211.50000,1.05394,0.99461,0.00082,0.00165,0.00292
211.60001,1.05392,0.99518,0.00077,0.00146,0.00260
211.70000,1.05394,0.99498,0.00076,0.00146,0.00279
211.80000,1.05394,0.99513,0.00073,0.00139,0.00275
211.89999,1.05394,0.99499,0.00071,0.00148,0.00281
212.00000,1.05394,0.99484,0.00075,0.00152,0.00289
212.10001,1.05392,0.99416,0.00080,0.00165,0.00338
212.20000,1.05394,0.99431,0.00081,0.00157,0.00331
212.30000,1.05394,0.99384,0.00085,0.00164,0.00367
212.39999,1.05394,0.99365,0.00090,0.00173,0.00373
212.50000,1.05394,0.99334,0.00091,0.00176,0.00400
212.60001,1.05392,0.99348,0.00087,0.00181,0.00384
212.70000,1.05394,0.99308,0.00096,0.00192,0.00404
212.80000,1.05394,0.99374,0.00091,0.00178,0.00358
212.89999,1.05394,0.99315,0.00100,0.00186,0.00399
213.00000,1.05394,0.99393,0.00092,0.00173,0.00343
213.10001,1.05392,0.99411,0.00090,0.00168,0.00331
213.20000,1.05394,0.99403,0.00089,0.00167,0.00341
213.30000,1.05394,0.99380,0.00088,0.00174,0.00358
213.39999,1.05394,0.99399,0.00088,0.00166,0.00346
213.50000,1.05394,0.99397,0.00088,0.00171,0.00344
213.60001,1.05392,0.99351,0.00095,0.00178,0.00376
213.70000,1.05394,0.99422,0.00081,0.00160,0.00336
213.80000,1.05394,0.99382,0.00091,0.00171,0.00355
213.89999,1.05394,0.99370,0.00097,0.00175,0.00358
214.00000,1.05394,0.99351,0.00096,0.00175,0.00379
214.10001,1.05392,0.99351,0.00096,0.00183,0.00370
214.20000,1.05394,0.99335,0.00097,0.00178,0.00390
214.30000,1.05394,0.99382,0.00089,0.00168,0.00361
214.39999,1.05394,0.99346,0.00093,0.00175,0.00385
214.50000,1.05394,0.99373,0.00087,0.00177,0.00363
214.60001,1.05392,0.99333,0.00094,0.00189,0.00385
214.70000,1.05394,0.99399,0.00082,0.00168,0.00352
214.80000,1.05394,0.99367,0.00090,0.00173,0.00370
214.89999,1.05394,0.99384,0.00086,0.00171,0.00359
215.00000,1.05394,0.99363,0.00092,0.00174,0.00371
215.10001,1.05392,0.99431,0.00077,0.00166,0.00325
215.20000,1.05394,0.99427,0.00087,0.00161,0.00324
215.30000,1.05394,0.99395,0.00094,0.00175,0.00335
215.39999,1.05394,0.99365,0.00102,0.00174,0.00360
215.50000,1.05394,0.99317,0.00105,0.00183,0.00395
215.60001,1.05392,0.99287,0.00109,0.00187,0.00416
215.70000,1.05394,0.99321,0.00103,0.00187,0.00389
215.80000,1.05394,0.99345,0.00100,0.00183,0.00372
215.89999,1.05394,0.99336,0.00104,0.00177,0.00382
216.00000,1.05394,0.99359,0.00102,0.00178,0.00361
216.10001,1.05392,0.99438,0.00087,0.00156,0.00319
216.20000,1.05394,0.99409,0.00087,0.00172,0.00332
216.30000,1.05394,0.99425,0.00087,0.00160,0.00328
216.39999,1.05394,0.99466,0.00081,0.00161,0.00292
216.50000,1.05394,0.99483,0.00078,0.00148,0.00291
216.60001,1.05392,0.99499,0.00079,0.00148,0.00274
216.70000,1.05394,0.99484,0.00081,0.00147,0.00288
216.80000,1.05394,0.99474,0.00078,0.00149,0.00300
216.89999,1.05394,0.99412,0.00081,0.00165,0.00342
217.00000,1.05394,0.99291,0.00099,0.00191,0.00418
217.10001,1.05392,0.99305,0.00105,0.00178,0.00412
217.20000,1.05394,0.99257,0.00113,0.00192,0.00439
217.30000,1.05394,0.99206,0.00118,0.00203,0.00473
217.39999,1.05394,0.99208,0.00121,0.00204,0.00468
217.50000,1.05394,0.99234,0.00124,0.00196,0.00446
217.60001,1.05392,0.99190,0.00114,0.00205,0.00491
217.70000,1.05394,0.99219,0.00115,0.00193,0.00473
217.80000,1.05394,0.99216,0.00126,0.00200,0.00458
217.89999,1.05394,0.99235,0.00123,0.00190,0.00453
218.00000,1.05394,0.99315,0.00102,0.00181,0.00401
218.10001,1.05392,0.99261,0.00109,0.00186,0.00445
218.20000,1.05394,0.99379,0.00096,0.00163,0.00362
218.30000,1.05394,0.99311,0.00103,0.00174,0.00411
218.39999,1.05394,0.99373,0.00098,0.00169,0.00360
218.50000,1.05394,0.99358,0.00100,0.00173,0.00369
218.60001,1.05392,0.99376,0.00096,0.00165,0.00363
218.70000,1.05394,0.99372,0.00092,0.00168,0.00368
218.80000,1.05394,0.99426,0.00085,0.00163,0.00327
218.89999,1.05394,0.99425,0.00080,0.00161,0.00333
219.00000,1.05394,0.99440,0.00080,0.00157,0.00323
219.10001,1.05392,0.99405,0.00079,0.00170,0.00345
219.20000,1.05394,0.99398,0.00084,0.00167,0.00351
219.30000,1.05394,0.99386,0.00087,0.00174,0.00353
219.39999,1.05394,0.99369,0.00088,0.00176,0.00367
219.50000,1.05394,0.99354,0.00096,0.00187,0.00363
219.60001,1.05392,0.99336,0.00099,0.00179,0.00386
219.70000,1.05394,0.99304,0.00103,0.00191,0.00402
219.80000,1.05394,0.99328,0.00104,0.00178,0.00390
219.89999,1.05394,0.99305,0.00112,0.00189,0.00394
220.00000,1.05394,0.99290,0.00118,0.00188,0.00405
220.10001,1.05392,0.99275,0.00123,0.00195,0.00407
220.20000,1.05394,0.99232,0.00129,0.00196,0.00443
220.30000,1.05394,0.99247,0.00122,0.00198,0.00432
220.39999,1.05394,0.99238,0.00122,0.00196,0.00443
220.50000,1.05394,0.99271,0.00115,0.00198,0.00416
220.60001,1.05392,0.99281,0.00120,0.00194,0.00405
220.70000,1.05394,0.99325,0.00112,0.00184,0.00379
220.80000,1.05394,0.99317,0.00107,0.00182,0.00394
220.89999,1.05394,0.99350,0.00100,0.00180,0.00371
221.00000,1.05394,0.99358,0.00096,0.00179,0.00367
221.10001,1.05392,0.99398,0.00095,0.00170,0.00337
221.20000,1.05394,0.99366,0.00097,0.00180,0.00357
221.30000,1.05394,0.99369,0.00098,0.00171,0.00361
221.39999,1.05394,0.99348,0.00097,0.00182,0.00373
221.50000,1.05394,0.99316,0.00101,0.00184,0.00399
221.60001,1.05392,0.99325,0.00096,0.00182,0.00396
221.70000,1.05394,0.99341,0.00093,0.00177,0.00389
221.80000,1.05394,0.99360,0.00090,0.00176,0.00374
221.89999,1.05394,0.99348,0.00091,0.00171,0.00391
222.00000,1.05394,0.99312,0.00099,0.00180,0.00409
222.10001,1.05392,0.99371,0.00095,0.00164,0.00369
222.20000,1.05394,0.99384,0.00097,0.00162,0.00357
222.30000,1.05394,0.99328,0.00105,0.00173,0.00394
222.39999,1.05394,0.99344,0.00105,0.00172,0.00379
222.50000,1.05394,0.99382,0.00099,0.00163,0.00356
222.60001,1.05392,0.99334,0.00107,0.00172,0.00387
222.70000,1.05394,0.99335,0.00110,0.00174,0.00381
222.80000,1.05394,0.99306,0.00106,0.00180,0.00408
222.89999,1.05394,0.99356,0.00100,0.00170,0.00374
223.00000,1.05394,0.99324,0.00096,0.00183,0.00396
223.10001,1.05392,0.99391,0.00084,0.00165,0.00360
223.20000,1.05394,0.99389,0.00078,0.00169,0.00364
223.30000,1.05394,0.99410,0.00078,0.00168,0.00343
223.39999,1.05394,0.99414,0.00076,0.00165,0.00345
223.50000,1.05394,0.99426,0.00073,0.00162,0.00339
223.60001,1.05392,0.99409,0.00078,0.00165,0.00348
223.70000,1.05394,0.99424,0.00075,0.00159,0.00342
223.80000,1.05394,0.99397,0.00082,0.00170,0.00351
223.89999,1.05394,0.99391,0.00086,0.00170,0.00353
224.00000,1.05394,0.99408,0.00085,0.00170,0.00337
224.10001,1.05392,0.99390,0.00088,0.00173,0.00349
224.20000,1.05394,0.99423,0.00086,0.00166,0.00325
224.30000,1.05394,0.99429,0.00091,0.00166,0.00315
224.39999,1.05394,0.99436,0.00082,0.00159,0.00323
224.50000,1.05394,0.99387,0.00097,0.00180,0.00336
224.60001,1.05392,0.99403,0.00091,0.00166,0.00340
224.70000,1.05394,0.99397,0.00092,0.00172,0.00338
224.80000,1.05394,0.99465,0.00078,0.00149,0.00308
224.89999,1.05394,0.99415,0.00084,0.00164,0.00338
225.00000,1.05394,0.99448,0.00085,0.00151,0.00316
225.10001,1.05392,0.99344,0.00096,0.00177,0.00383
225.20000,1.05394,0.99360,0.00098,0.00173,0.00369
225.30000,1.05394,0.99261,0.00105,0.00187,0.00447
225.39999,1.05394,0.99301,0.00105,0.00184,0.00410
225.50000,1.05394,0.99193,0.00117,0.00211,0.00479
225.60001,1.05392,0.99244,0.00111,0.00203,0.00441
225.70000,1.05394,0.99229,0.00116,0.00201,0.00455
225.80000,1.05394,0.99217,0.00117,0.00202,0.00464
225.89999,1.05394,0.99225,0.00120,0.00201,0.00454
226.00000,1.05394,0.99248,0.00109,0.00192,0.00452
226.10001,1.05392,0.99328,0.00106,0.00177,0.00388
226.20000,1.05394,0.99270,0.00115,0.00190,0.00425
226.30000,1.05394,0.99398,0.00100,0.00164,0.00339
226.39999,1.05394,0.99373,0.00096,0.00167,0.00364
226.50000,1.05394,0.99388,0.00104,0.00170,0.00338
226.60001,1.05392,0.99355,0.00105,0.00174,0.00367
226.70000,1.05394,0.99392,0.00103,0.00171,0.00334
226.80000,1.05394,0.99410,0.00100,0.00168,0.00322
226.89999,1.05394,0.99430,0.00100,0.00163,0.00308
227.00000,1.05394,0.99459,0.00096,0.00153,0.00292
227.10001,1.05392,0.99443,0.00099,0.00162,0.00296
227.20000,1.05394,0.99478,0.00091,0.00156,0.00275
227.30000,1.05394,0.99482,0.00090,0.00155,0.00273
227.39999,1.05394,0.99454,0.00095,0.00159,0.00292
227.50000,1.05394,0.99438,0.00097,0.00166,0.00299
227.60001,1.05392,0.99505,0.00084,0.00150,0.00261
227.70000,1.05394,0.99420,0.00096,0.00167,0.00317
227.80000,1.05394,0.99436,0.00087,0.00163,0.00315
227.89999,1.05394,0.99465,0.00084,0.00157,0.00293
228.00000,1.05394,0.99491,0.00084,0.00146,0.00278
228.10001,1.05392,0.99436,0.00098,0.00164,0.00301
228.20000,1.05394,0.99470,0.00090,0.00145,0.00295
228.30000,1.05394,0.99475,0.00095,0.00150,0.00280
228.39999,1.05394,0.99451,0.00095,0.00154,0.00300
228.50000,1.05394,0.99464,0.00096,0.00152,0.00289
228.60001,1.05392,0.99428,0.00105,0.00160,0.00307
228.70000,1.05394,0.99433,0.00107,0.00159,0.00301
228.80000,1.05394,0.99363,0.00116,0.00175,0.00346
228.89999,1.05394,0.99350,0.00122,0.00175,0.00353
229.00000,1.05394,0.99289,0.00125,0.00190,0.00397
229.10001,1.05392,0.99349,0.00115,0.00184,0.00351
229.20000,1.05394,0.99346,0.00109,0.00179,0.00367
229.30000,1.05394,0.99374,0.00105,0.00176,0.00344
229.39999,1.05394,0.99416,0.00092,0.00159,0.00333
229.50000,1.05394,0.99429,0.00095,0.00164,0.00312
229.60001,1.05392,0.99454,0.00089,0.00151,0.00306
229.70000,1.05394,0.99484,0.00082,0.00147,0.00286
229.80000,1.05394,0.99480,0.00078,0.00147,0.00294
229.89999,1.05394,0.99461,0.00076,0.00155,0.00307
230.00000,1.05394,0.99447,0.00076,0.00157,0.00321
230.10001,1.05392,0.99446,0.00079,0.00158,0.00318
230.20000,1.05394,0.99401,0.00089,0.00172,0.00339
230.30000,1.05394,0.99523,0.00069,0.00137,0.00271
230.39999,1.05394,0.99445,0.00072,0.00153,0.00331
230.50000,1.05394,0.99474,0.00070,0.00152,0.00304
230.60001,1.05392,0.99444,0.00074,0.00151,0.00331
230.70000,1.05394,0.99482,0.00069,0.00151,0.00298
230.80000,1.05394,0.99458,0.00076,0.00148,0.00318
230.89999,1.05394,0.99499,0.00074,0.00148,0.00279
231.00000,1.05394,0.99432,0.00086,0.00158,0.00324
231.10001,1.05392,0.99405,0.00087,0.00169,0.00339
231.20000,1.05394,0.99343,0.00100,0.00183,0.00374
231.30000,1.05394,0.99388,0.00101,0.00168,0.00343
231.39999,1.05394,0.99408,0.00099,0.00166,0.00328
231.50000,1.05394,0.99409,0.00098,0.00164,0.00329
231.60001,1.05392,0.99384,0.00106,0.00171,0.00339
231.70000,1.05394,0.99380,0.00109,0.00166,0.00345
231.80000,1.05394,0.99381,0.00109,0.00168,0.00343
231.89999,1.05394,0.99364,0.00109,0.00175,0.00353
232.00000,1.05394,0.99401,0.00103,0.00167,0.00329
232.10001,1.05392,0.99356,0.00111,0.00177,0.00356
232.20000,1.05394,0.99345,0.00111,0.00181,0.00362
232.30000,1.05394,0.99326,0.00113,0.00187,0.00374
232.39999,1.05394,0.99408,0.00102,0.00168,0.00322
232.50000,1.05394,0.99388,0.00099,0.00171,0.00341
232.60001,1.05392,0.99410,0.00091,0.00172,0.00327
232.70000,1.05394,0.99412,0.00093,0.00170,0.00325
232.80000,1.05394,0.99414,0.00088,0.00171,0.00327
232.89999,1.05394,0.99400,0.00089,0.00170,0.00340
233.00000,1.05394,0.99423,0.00086,0.00163,0.00328
233.10001,1.05392,0.99462,0.00082,0.00157,0.00298
233.20000,1.05394,0.99443,0.00082,0.00161,0.00314
233.30000,1.05394,0.99427,0.00086,0.00168,0.00319
233.39999,1.05394,0.99422,0.00094,0.00167,0.00318
233.50000,1.05394,0.99444,0.00090,0.00166,0.00299
233.60001,1.05392,0.99466,0.00087,0.00155,0.00292
233.70000,1.05394,0.99416,0.00091,0.00174,0.00319
233.80000,1.05394,0.99384,0.00106,0.00168,0.00342
233.89999,1.05394,0.99414,0.00095,0.00156,0.00335
234.00000,1.05394,0.99366,0.00105,0.00168,0.00361
234.10001,1.05392,0.99248,0.00083,0.00199,0.00470
234.20000,1.05394,0.99603,0.00035,0.00154,0.00209
234.30000,1.05394,0.99609,0.00024,0.00159,0.00209
234.39999,1.05394,0.99716,0.00012,0.00143,0.00129
234.50000,1.05394,0.99707,0.00009,0.00132,0.00152
234.60001,1.05392,0.99746,0.00006,0.00120,0.00128
234.70000,1.05394,0.99684,0.00007,0.00135,0.00175
234.80000,1.05394,0.99612,0.00009,0.00177,0.00202
234.89999,1.05394,0.99621,0.00008,0.00173,0.00198
235.00000,1.05394,0.99572,0.00012,0.00198,0.00218
235.10001,1.05392,0.99269,0.00033,0.00240,0.00458
235.20000,1.05394,0.99136,0.00067,0.00273,0.00523
235.30000,1.05394,0.98726,0.00119,0.00260,0.00895
235.39999,1.05394,0.99064,0.00115,0.00201,0.00620
235.50000,1.05394,0.99077,0.00157,0.00208,0.00558
235.60001,1.05392,0.99389,0.00111,0.00150,0.00351
235.70000,1.05394,0.99310,0.00122,0.00144,0.00423
235.80000,1.05394,0.99479,0.00097,0.00126,0.00297
235.89999,1.05394,0.99387,0.00108,0.00133,0.00372
236.00000,1.05394,0.99569,0.00076,0.00116,0.00239
236.10001,1.05392,0.99447,0.00084,0.00136,0.00332
236.20000,1.05394,0.99484,0.00081,0.00141,0.00295
236.30000,1.05394,0.99463,0.00079,0.00134,0.00324
236.39999,1.05394,0.99467,0.00070,0.00156,0.00306
236.50000,1.05394,0.99350,0.00078,0.00164,0.00408
236.60001,1.05392,0.99410,0.00091,0.00165,0.00334
236.70000,1.05394,0.99491,0.00078,0.00144,0.00287
236.80000,1.05394,0.99418,0.00085,0.00167,0.00330
236.89999,1.05394,0.99450,0.00081,0.00160,0.00309
237.00000,1.05394,0.99513,0.00074,0.00143,0.00270
237.10001,1.05392,0.99574,0.00067,0.00128,0.00231
237.20000,1.05394,0.99541,0.00076,0.00137,0.00246
237.30000,1.05394,0.99589,0.00071,0.00122,0.00218
237.39999,1.05394,0.99529,0.00084,0.00137,0.00250
237.50000,1.05394,0.99533,0.00088,0.00134,0.00246
237.60001,1.05392,0.99466,0.00096,0.00157,0.00280
237.70000,1.05394,0.99516,0.00092,0.00137,0.00255
237.80000,1.05394,0.99472,0.00096,0.00154,0.00277
237.89999,1.05394,0.99423,0.00103,0.00156,0.00318
238.00000,1.05394,0.99383,0.00108,0.00170,0.00340
238.10001,1.05392,0.99375,0.00107,0.00164,0.00354
238.20000,1.05394,0.99386,0.00103,0.00173,0.00339
238.30000,1.05394,0.99379,0.00105,0.00168,0.00348
238.39999,1.05394,0.99390,0.00102,0.00170,0.00339
238.50000,1.05394,0.99370,0.00105,0.00172,0.00353
238.60001,1.05392,0.99386,0.00103,0.00172,0.00339
238.70000,1.05394,0.99418,0.00101,0.00162,0.00319
238.80000,1.05394,0.99406,0.00105,0.00172,0.00317
238.89999,1.05394,0.99524,0.00082,0.00140,0.00254
239.00000,1.05394,0.99471,0.00086,0.00156,0.00287
239.10001,1.05392,0.99504,0.00076,0.00145,0.00274
239.20000,1.05394,0.99474,0.00076,0.00153,0.00297
239.30000,1.05394,0.99478,0.00071,0.00148,0.00303
239.39999,1.05394,0.99485,0.00062,0.00149,0.00305
239.50000,1.05394,0.99486,0.00057,0.00149,0.00308
239.60001,1.05392,0.99471,0.00060,0.00152,0.00317
239.70000,1.05394,0.99422,0.00057,0.00165,0.00356
239.80000,1.05394,0.99421,0.00056,0.00153,0.00369
239.89999,1.05394,0.99363,0.00064,0.00174,0.00399
240.00000,1.05394,0.99410,0.00062,0.00167,0.00362
240.10001,1.05392,0.99384,0.00070,0.00173,0.00373
240.20000,1.05394,0.99407,0.00077,0.00166,0.00350
240.30000,1.05394,0.99427,0.00075,0.00159,0.00338
240.39999,1.05394,0.99379,0.00089,0.00166,0.00366
240.50000,1.05394,0.99348,0.00092,0.00168,0.00391
240.60001,1.05392,0.99335,0.00102,0.00174,0.00389
240.70000,1.05394,0.99395,0.00100,0.00156,0.00348
240.80000,1.05394,0.99374,0.00111,0.00166,0.00349
240.89999,1.05394,0.99386,0.00098,0.00164,0.00352
241.00000,1.05394,0.99362,0.00106,0.00165,0.00367
241.10001,1.05392,0.99282,0.00112,0.00179,0.00426
241.20000,1.05394,0.99302,0.00111,0.00176,0.00411
241.30000,1.05394,0.99359,0.00098,0.00166,0.00377
241.39999,1.05394,0.99360,0.00106,0.00170,0.00364
241.50000,1.05394,0.99368,0.00095,0.00173,0.00364
241.60001,1.05392,0.99355,0.00098,0.00177,0.00370
241.70000,1.05394,0.99370,0.00090,0.00168,0.00372
241.80000,1.05394,0.99313,0.00099,0.00182,0.00406
241.89999,1.05394,0.99365,0.00082,0.00167,0.00386
242.00000,1.05394,0.99325,0.00095,0.00180,0.00400
242.10001,1.05392,0.99348,0.00088,0.00179,0.00386
242.20000,1.05394,0.99335,0.00091,0.00179,0.00396
242.30000,1.05394,0.99333,0.00087,0.00173,0.00406
242.39999,1.05394,0.99369,0.00087,0.00174,0.00371
242.50000,1.05394,0.99395,0.00087,0.00166,0.00352
242.60001,1.05392,0.99389,0.00083,0.00168,0.00360
242.70000,1.05394,0.99431,0.00077,0.00159,0.00334
242.80000,1.05394,0.99443,0.00079,0.00156,0.00322
242.89999,1.05394,0.99428,0.00082,0.00163,0.00327
243.00000,1.05394,0.99442,0.00081,0.00159,0.00318
243.10001,1.05392,0.99476,0.00078,0.00155,0.00291
243.20000,1.05394,0.99471,0.00079,0.00159,0.00290
243.30000,1.05394,0.99488,0.00074,0.00151,0.00286
243.39999,1.05394,0.99452,0.00078,0.00157,0.00312
243.50000,1.05394,0.99415,0.00091,0.00164,0.00330
243.60001,1.05392,0.99410,0.00094,0.00167,0.00329
243.70000,1.05394,0.99387,0.00099,0.00177,0.00337
243.80000,1.05394,0.99343,0.00105,0.00180,0.00372
243.89999,1.05394,0.99357,0.00109,0.00177,0.00358
244.00000,1.05394,0.99389,0.00101,0.00169,0.00341
244.10001,1.05392,0.99350,0.00116,0.00179,0.00355
244.20000,1.05394,0.99379,0.00102,0.00171,0.00348
244.30000,1.05394,0.99393,0.00105,0.00166,0.00335
244.39999,1.05394,0.99400,0.00097,0.00167,0.00337
244.50000,1.05394,0.99413,0.00098,0.00162,0.00328
244.60001,1.05392,0.99458,0.00090,0.00151,0.00301
244.70000,1.05394,0.99437,0.00100,0.00163,0.00301
244.80000,1.05394,0.99424,0.00097,0.00161,0.00318
244.89999,1.05394,0.99429,0.00098,0.00161,0.00313
245.00000,1.05394,0.99362,0.00107,0.00169,0.00362
245.10001,1.05392,0.99407,0.00094,0.00160,0.00340
245.20000,1.05394,0.99321,0.00113,0.00180,0.00386
245.30000,1.05394,0.99306,0.00114,0.00193,0.00387
245.39999,1.05394,0.99300,0.00111,0.00181,0.00407
245.50000,1.05394,0.99300,0.00113,0.00185,0.00402
245.60001,1.05392,0.99283,0.00114,0.00194,0.00410
245.70000,1.05394,0.99325,0.00107,0.00181,0.00387
245.80000,1.05394,0.99305,0.00107,0.00186,0.00402
245.89999,1.05394,0.99293,0.00106,0.00195,0.00406
246.00000,1.05394,0.99353,0.00097,0.00173,0.00376
246.10001,1.05392,0.99379,0.00095,0.00173,0.00353
246.20000,1.05394,0.99372,0.00094,0.00175,0.00359
246.30000,1.05394,0.99425,0.00085,0.00160,0.00330
246.39999,1.05394,0.99402,0.00092,0.00164,0.00342
246.50000,1.05394,0.99348,0.00097,0.00170,0.00384
246.60001,1.05392,0.99335,0.00095,0.00185,0.00385
246.70000,1.05394,0.99364,0.00090,0.00166,0.00380
246.80000,1.05394,0.99375,0.00094,0.00170,0.00362
246.89999,1.05394,0.99370,0.00095,0.00162,0.00372
247.00000,1.05394,0.99339,0.00101,0.00178,0.00382
247.10001,1.05392,0.99401,0.00092,0.00158,0.00349
247.20000,1.05394,0.99428,0.00082,0.00158,0.00331
247.30000,1.05394,0.99447,0.00083,0.00152,0.00319
247.39999,1.05394,0.99481,0.00077,0.00154,0.00289
247.50000,1.05394,0.99456,0.00081,0.00159,0.00303
247.60001,1.05392,0.99476,0.00081,0.00155,0.00288
247.70000,1.05394,0.99457,0.00084,0.00157,0.00302
247.80000,1.05394,0.99472,0.00086,0.00157,0.00285
247.89999,1.05394,0.99493,0.00082,0.00151,0.00274
248.00000,1.05394,0.99459,0.00088,0.00164,0.00289
248.10001,1.05392,0.99470,0.00087,0.00156,0.00288
248.20000,1.05394,0.99452,0.00094,0.00164,0.00290
248.30000,1.05394,0.99407,0.00101,0.00175,0.00318
248.39999,1.05394,0.99472,0.00091,0.00159,0.00278
248.50000,1.05394,0.99450,0.00090,0.00169,0.00291
248.60001,1.05392,0.99457,0.00090,0.00162,0.00291
248.70000,1.05394,0.99464,0.00091,0.00159,0.00286
248.80000,1.05394,0.99485,0.00087,0.00153,0.00275
248.89999,1.05394,0.99446,0.00091,0.00168,0.00295
249.00000,1.05394,0.99413,0.00098,0.00169,0.00320
249.10001,1.05392,0.99320,0.00108,0.00183,0.00390
249.20000,1.05394,0.99318,0.00111,0.00184,0.00388
249.30000,1.05394,0.99282,0.00107,0.00186,0.00426
249.39999,1.05394,0.99245,0.00121,0.00200,0.00434
249.50000,1.05394,0.99333,0.00104,0.00170,0.00393
249.60001,1.05392,0.99311,0.00112,0.00178,0.00400
249.70000,1.05394,0.99264,0.00118,0.00182,0.00436
249.80000,1.05394,0.99256,0.00123,0.00184,0.00437
249.89999,1.05394,0.99315,0.00119,0.00172,0.00394
250.00000,1.05394,0.99376,0.00112,0.00166,0.00346
250.10001,1.05392,0.99455,0.00100,0.00146,0.00299
250.20000,1.05394,0.99419,0.00105,0.00157,0.00319
250.30000,1.05394,0.99397,0.00107,0.00157,0.00338
250.39999,1.05394,0.99407,0.00106,0.00159,0.00328
250.50000,1.05394,0.99463,0.00084,0.00148,0.00306
250.60001,1.05392,0.99428,0.00095,0.00158,0.00319
250.70000,1.05394,0.99502,0.00076,0.00138,0.00284
250.80000,1.05394,0.99478,0.00083,0.00146,0.00293
250.89999,1.05394,0.99436,0.00086,0.00155,0.00323
251.00000,1.05394,0.99352,0.00090,0.00176,0.00381
251.10001,1.05392,0.99410,0.00085,0.00160,0.00345
251.20000,1.05394,0.99410,0.00081,0.00163,0.00345
251.30000,1.05394,0.99367,0.00091,0.00170,0.00371
251.39999,1.05394,0.99311,0.00100,0.00188,0.00402
251.50000,1.05394,0.99335,0.00111,0.00182,0.00372
251.60001,1.05392,0.99325,0.00104,0.00180,0.00391
251.70000,1.05394,0.99355,0.00103,0.00170,0.00372
251.80000,1.05394,0.99357,0.00103,0.00163,0.00377
251.89999,1.05394,0.99412,0.00105,0.00153,0.00330
252.00000,1.05394,0.99413,0.00108,0.00158,0.00322
252.10001,1.05392,0.99455,0.00101,0.00144,0.00300
252.20000,1.05394,0.99469,0.00099,0.00144,0.00288
252.30000,1.05394,0.99499,0.00093,0.00136,0.00272
252.39999,1.05394,0.99469,0.00096,0.00155,0.00280
252.50000,1.05394,0.99501,0.00089,0.00140,0.00270
252.60001,1.05392,0.99491,0.00089,0.00147,0.00273
252.70000,1.05394,0.99514,0.00089,0.00139,0.00258
252.80000,1.05394,0.99531,0.00081,0.00139,0.00249
252.89999,1.05394,0.99515,0.00087,0.00141,0.00257
253.00000,1.05394,0.99511,0.00086,0.00146,0.00257
253.10001,1.05392,0.99534,0.00083,0.00136,0.00247
253.20000,1.05394,0.99522,0.00086,0.00142,0.00250
253.30000,1.05394,0.99515,0.00090,0.00140,0.00255
253.39999,1.05394,0.99518,0.00085,0.00141,0.00257
253.50000,1.05394,0.99507,0.00083,0.00144,0.00267
253.60001,1.05392,0.99480,0.00086,0.00154,0.00280
253.70000,1.05394,0.99458,0.00093,0.00157,0.00293
253.80000,1.05394,0.99479,0.00081,0.00151,0.00288
253.89999,1.05394,0.99493,0.00084,0.00147,0.00277
254.00000,1.05394,0.99477,0.00084,0.00149,0.00290
254.10001,1.05392,0.99477,0.00081,0.00145,0.00297
254.20000,1.05394,0.99491,0.00080,0.00148,0.00282
254.30000,1.05394,0.99443,0.00091,0.00154,0.00312
254.39999,1.05394,0.99474,0.00089,0.00155,0.00282
254.50000,1.05394,0.99451,0.00098,0.00152,0.00299
254.60001,1.05392,0.99448,0.00107,0.00161,0.00284
254.70000,1.05394,0.99407,0.00115,0.00161,0.00317
254.80000,1.05394,0.99432,0.00110,0.00167,0.00290
254.89999,1.05394,0.99373,0.00121,0.00176,0.00330
255.00000,1.05392,0.99359,0.00126,0.00179,0.00335
255.10001,1.05392,0.99387,0.00116,0.00168,0.00328
255.20000,1.05394,0.99414,0.00106,0.00168,0.00312
255.30000,1.05394,0.99379,0.00115,0.00175,0.00331
255.39999,1.05396,0.99385,0.00117,0.00171,0.00327
255.50000,1.05392,0.99354,0.00124,0.00178,0.00344
255.60001,1.05392,0.99360,0.00122,0.00177,0.00341
255.70000,1.05394,0.99376,0.00117,0.00173,0.00334
255.80000,1.05394,0.99351,0.00116,0.00177,0.00356
255.89999,1.05396,0.99367,0.00112,0.00175,0.00347
256.00000,1.05392,0.99415,0.00104,0.00162,0.00319
256.10001,1.05392,0.99398,0.00106,0.00167,0.00330
256.20001,1.05392,0.99431,0.00104,0.00157,0.00309
256.29999,1.05396,0.99442,0.00093,0.00160,0.00305
256.39999,1.05396,0.99474,0.00075,0.00150,0.00301
256.50000,1.05392,0.99411,0.00086,0.00168,0.00335
256.60001,1.05392,0.99430,0.00080,0.00165,0.00324
256.70001,1.05392,0.99449,0.00086,0.00159,0.00306
256.79999,1.05396,0.99461,0.00082,0.00151,0.00306
256.89999,1.05396,0.99441,0.00086,0.00153,0.00320
257.00000,1.05392,0.99435,0.00083,0.00155,0.00327
257.10001,1.05392,0.99466,0.00079,0.00146,0.00309
257.20001,1.05392,0.99406,0.00089,0.00161,0.00344
257.29999,1.05396,0.99437,0.00089,0.00154,0.00319
257.39999,1.05396,0.99452,0.00094,0.00155,0.00298
257.50000,1.05392,0.99459,0.00089,0.00145,0.00308
257.60001,1.05392,0.99389,0.00096,0.00165,0.00349
257.70001,1.05392,0.99434,0.00092,0.00155,0.00320
257.79999,1.05396,0.99465,0.00096,0.00149,0.00290
257.89999,1.05396,0.99473,0.00097,0.00146,0.00285
258.00000,1.05392,0.99461,0.00105,0.00154,0.00280
258.10001,1.05392,0.99446,0.00103,0.00159,0.00292
258.20001,1.05392,0.99397,0.00108,0.00168,0.00326
258.29999,1.05396,0.99393,0.00109,0.00168,0.00331
258.39999,1.05396,0.99331,0.00121,0.00181,0.00367
258.50000,1.05392,0.99396,0.00110,0.00167,0.00327
258.60001,1.05392,0.99317,0.00126,0.00183,0.00374
258.70001,1.05392,0.99362,0.00108,0.00167,0.00363
258.79999,1.05396,0.99317,0.00119,0.00174,0.00390
258.89999,1.05396,0.99319,0.00115,0.00173,0.00392
259.00000,1.05392,0.99279,0.00121,0.00182,0.00418
259.10001,1.05392,0.99330,0.00115,0.00174,0.00380
259.20001,1.05392,0.99371,0.00105,0.00168,0.00355
259.29999,1.05396,0.99394,0.00098,0.00166,0.00342
259.39999,1.05396,0.99409,0.00097,0.00167,0.00327
259.50000,1.05392,0.99420,0.00093,0.00166,0.00321
259.60001,1.05392,0.99450,0.00088,0.00159,0.00303
259.70001,1.05392,0.99462,0.00086,0.00160,0.00292
259.79999,1.05396,0.99448,0.00085,0.00168,0.00299
259.89999,1.05396,0.99462,0.00087,0.00162,0.00288
260.00000,1.05392,0.99493,0.00082,0.00147,0.00279
260.10001,1.05392,0.99474,0.00085,0.00161,0.00280
260.20001,1.05392,0.99483,0.00085,0.00156,0.00277
260.29999,1.05396,0.99466,0.00093,0.00158,0.00284
260.39999,1.05396,0.99488,0.00091,0.00156,0.00264
260.50000,1.05392,0.99485,0.00091,0.00156,0.00268
260.60001,1.05392,0.99487,0.00091,0.00153,0.00269
260.70001,1.05392,0.99479,0.00096,0.00152,0.00273
260.79999,1.05396,0.99484,0.00086,0.00151,0.00278
260.89999,1.05396,0.99467,0.00092,0.00150,0.00291
261.00000,1.05392,0.99485,0.00086,0.00149,0.00281
261.10001,1.05392,0.99437,0.00096,0.00158,0.00310
261.20001,1.05392,0.99487,0.00086,0.00145,0.00282
261.29999,1.05396,0.99461,0.00089,0.00152,0.00299
261.39999,1.05396,0.99466,0.00090,0.00149,0.00294
261.50000,1.05392,0.99488,0.00086,0.00145,0.00281
261.60001,1.05392,0.99449,0.00089,0.00162,0.00301
261.70001,1.05392,0.99459,0.00086,0.00160,0.00295
261.79999,1.05396,0.99450,0.00092,0.00162,0.00296
261.89999,1.05396,0.99473,0.00084,0.00155,0.00287
262.00000,1.05392,0.99434,0.00092,0.00167,0.00308
262.10001,1.05392,0.99481,0.00084,0.00150,0.00285
262.20001,1.05392,0.99465,0.00085,0.00159,0.00291
262.29999,1.05396,0.99522,0.00075,0.00136,0.00267
262.39999,1.05396,0.99495,0.00082,0.00149,0.00274
262.50000,1.05392,0.99485,0.00079,0.00145,0.00291
262.60001,1.05392,0.99433,0.00088,0.00163,0.00315
262.70001,1.05392,0.99443,0.00084,0.00156,0.00316
262.79999,1.05396,0.99421,0.00092,0.00163,0.00324
262.89999,1.05396,0.99405,0.00095,0.00163,0.00337
263.00000,1.05392,0.99362,0.00099,0.00175,0.00364
263.10001,1.05392,0.99350,0.00105,0.00177,0.00368
263.20001,1.05392,0.99358,0.00100,0.00173,0.00370
263.29999,1.05396,0.99352,0.00103,0.00170,0.00375
263.39999,1.05396,0.99351,0.00099,0.00172,0.00378
263.50000,1.05392,0.99363,0.00107,0.00173,0.00357
263.60001,1.05392,0.99417,0.00096,0.00158,0.00329
263.70001,1.05392,0.99447,0.00092,0.00156,0.00306
263.79999,1.05396,0.99474,0.00082,0.00148,0.00295
263.89999,1.05396,0.99468,0.00087,0.00155,0.00290
264.00000,1.05392,0.99487,0.00079,0.00149,0.00284
264.10001,1.05392,0.99419,0.00088,0.00170,0.00322
264.20001,1.05392,0.99447,0.00084,0.00160,0.00308
264.29999,1.05396,0.99450,0.00086,0.00164,0.00299
264.39999,1.05396,0.99473,0.00087,0.00155,0.00285
264.50000,1.05392,0.99429,0.00099,0.00166,0.00305
264.60001,1.05392,0.99428,0.00097,0.00165,0.00310
264.70001,1.05392,0.99399,0.00098,0.00177,0.00326
264.79999,1.05396,0.99437,0.00094,0.00165,0.00304
264.89999,1.05396,0.99426,0.00098,0.00168,0.00308
265.00000,1.05392,0.99482,0.00093,0.00153,0.00272
265.10001,1.05392,0.99483,0.00090,0.00154,0.00274
265.20001,1.05392,0.99472,0.00090,0.00155,0.00283
265.29999,1.05396,0.99475,0.00081,0.00156,0.00288
265.39999,1.05396,0.99499,0.00080,0.00147,0.00274
265.50000,1.05392,0.99477,0.00080,0.00152,0.00291
265.60001,1.05392,0.99442,0.00092,0.00160,0.00306
265.70001,1.05392,0.99500,0.00083,0.00137,0.00280
265.79999,1.05396,0.99466,0.00091,0.00153,0.00289
265.89999,1.05396,0.99449,0.00091,0.00153,0.00306
266.00000,1.05392,0.99428,0.00096,0.00158,0.00318
266.10001,1.05392,0.99470,0.00084,0.00152,0.00294
266.20001,1.05392,0.99445,0.00090,0.00157,0.00308
266.29999,1.05396,0.99438,0.00089,0.00158,0.00316
266.39999,1.05396,0.99419,0.00093,0.00164,0.00324
266.50000,1.05392,0.99427,0.00091,0.00163,0.00319
266.60001,1.05392,0.99422,0.00089,0.00160,0.00329
266.70001,1.05392,0.99416,0.00085,0.00165,0.00334
266.79999,1.05396,0.99390,0.00083,0.00168,0.00359
266.89999,1.05396,0.99345,0.00091,0.00180,0.00384
267.00000,1.05392,0.99318,0.00090,0.00181,0.00411
267.10001,1.05392,0.99257,0.00106,0.00195,0.00442
267.20001,1.05392,0.99313,0.00096,0.00180,0.00410
267.29999,1.05396,0.99236,0.00116,0.00193,0.00455
267.39999,1.05396,0.99296,0.00103,0.00186,0.00415
267.50000,1.05392,0.99283,0.00107,0.00190,0.00420
267.60001,1.05392,0.99315,0.00099,0.00181,0.00405
267.70001,1.05392,0.99295,0.00112,0.00184,0.00409
267.79999,1.05396,0.99297,0.00107,0.00188,0.00408
267.89999,1.05396,0.99378,0.00104,0.00170,0.00349
268.00000,1.05392,0.99401,0.00093,0.00169,0.00337
268.10001,1.05392,0.99396,0.00100,0.00168,0.00336
268.20001,1.05392,0.99424,0.00096,0.00158,0.00322
268.29999,1.05396,0.99429,0.00093,0.00161,0.00317
268.39999,1.05396,0.99482,0.00087,0.00153,0.00278
268.50000,1.05392,0.99533,0.00080,0.00144,0.00242
268.60001,1.05392,0.99544,0.00082,0.00142,0.00232
268.70001,1.05392,0.99528,0.00081,0.00147,0.00244
268.79999,1.05396,0.99529,0.00079,0.00147,0.00245
268.89999,1.05396,0.99516,0.00083,0.00148,0.00252
269.00000,1.05392,0.99561,0.00076,0.00138,0.00225
269.10001,1.05392,0.99547,0.00075,0.00148,0.00231
269.20001,1.05392,0.99539,0.00075,0.00149,0.00237
269.29999,1.05396,0.99494,0.00078,0.00162,0.00265
269.39999,1.05396,0.99472,0.00080,0.00166,0.00282
269.50000,1.05392,0.99474,0.00082,0.00162,0.00283
269.60001,1.05392,0.99498,0.00082,0.00158,0.00262
269.70001,1.05392,0.99505,0.00078,0.00150,0.00267
269.79999,1.05396,0.99486,0.00086,0.00157,0.00270
269.89999,1.05396,0.99476,0.00082,0.00153,0.00289
270.00000,1.05392,0.99441,0.00089,0.00159,0.00311
270.10001,1.05392,0.99472,0.00086,0.00152,0.00291
270.20001,1.05392,0.99479,0.00093,0.00152,0.00275
270.29999,1.05396,0.99462,0.00095,0.00153,0.00291
270.39999,1.05396,0.99412,0.00103,0.00158,0.00328
270.50000,1.05392,0.99411,0.00101,0.00156,0.00332
270.60001,1.05392,0.99367,0.00109,0.00165,0.00359
270.70001,1.05392,0.99349,0.00105,0.00165,0.00380
270.79999,1.05396,0.99308,0.00122,0.00186,0.00384
270.89999,1.05396,0.99364,0.00103,0.00167,0.00366
271.00000,1.05392,0.99344,0.00115,0.00178,0.00364
271.10001,1.05392,0.99329,0.00105,0.00177,0.00389
271.20001,1.05392,0.99329,0.00110,0.00182,0.00380
271.29999,1.05396,0.99366,0.00097,0.00168,0.00369
271.39999,1.05396,0.99312,0.00103,0.00185,0.00400
271.50000,1.05392,0.99380,0.00088,0.00169,0.00362
271.60001,1.05392,0.99359,0.00090,0.00176,0.00374
271.70001,1.05392,0.99410,0.00080,0.00162,0.00348
271.79999,1.05396,0.99345,0.00089,0.00183,0.00382
271.89999,1.05396,0.99395,0.00086,0.00166,0.00353
272.00000,1.05392,0.99387,0.00083,0.00172,0.00357
272.10001,1.05392,0.99404,0.00084,0.00170,0.00342
272.20001,1.05392,0.99430,0.00087,0.00164,0.00319
272.29999,1.05396,0.99447,0.00087,0.00159,0.00308
272.39999,1.05396,0.99443,0.00092,0.00164,0.00301
272.50000,1.05392,0.99418,0.00097,0.00163,0.00321
272.60001,1.05392,0.99470,0.00095,0.00156,0.00278
272.70001,1.05392,0.99482,0.00089,0.00156,0.00274
272.79999,1.05396,0.99487,0.00084,0.00153,0.00276
272.89999,1.05396,0.99461,0.00083,0.00157,0.00299
273.00000,1.05392,0.99434,0.00089,0.00166,0.00311
273.10001,1.05392,0.99416,0.00083,0.00168,0.00332
273.20001,1.05392,0.99422,0.00085,0.00170,0.00323
273.29999,1.05396,0.99473,0.00073,0.00155,0.00300
273.39999,1.05396,0.99439,0.00084,0.00167,0.00310
273.50000,1.05392,0.99464,0.00077,0.00157,0.00302
273.60001,1.05392,0.99417,0.00088,0.00174,0.00321
273.70001,1.05392,0.99459,0.00080,0.00152,0.00309
273.79999,1.05396,0.99469,0.00090,0.00155,0.00287
273.89999,1.05396,0.99516,0.00077,0.00141,0.00266
274.00000,1.05392,0.99506,0.00083,0.00146,0.00265
274.10001,1.05392,0.99480,0.00090,0.00149,0.00281
274.20001,1.05392,0.99482,0.00090,0.00150,0.00278
274.29999,1.05396,0.99449,0.00097,0.00156,0.00297
274.39999,1.05396,0.99417,0.00097,0.00167,0.00319
274.50000,1.05392,0.99405,0.00097,0.00171,0.00327
274.60001,1.05392,0.99379,0.00099,0.00178,0.00345
274.70001,1.05392,0.99392,0.00094,0.00165,0.00348
274.79999,1.05396,0.99341,0.00098,0.00178,0.00383
274.89999,1.05396,0.99344,0.00093,0.00177,0.00386
275.00000,1.05392,0.99355,0.00092,0.00168,0.00385
275.10001,1.05392,0.99361,0.00094,0.00170,0.00375
275.20001,1.05392,0.99377,0.00093,0.00164,0.00367
275.29999,1.05396,0.99393,0.00088,0.00160,0.00359
275.39999,1.05396,0.99397,0.00090,0.00162,0.00351
275.50000,1.05392,0.99394,0.00090,0.00163,0.00354
275.60001,1.05392,0.99404,0.00088,0.00161,0.00348
275.70001,1.05392,0.99370,0.00099,0.00168,0.00363
275.79999,1.05396,0.99406,0.00094,0.00165,0.00335
275.89999,1.05396,0.99415,0.00090,0.00165,0.00330
276.00000,1.05392,0.99349,0.00101,0.00185,0.00365
276.10001,1.05392,0.99382,0.00098,0.00176,0.00344
276.20001,1.05392,0.99377,0.00097,0.00177,0.00349
276.29999,1.05396,0.99380,0.00101,0.00173,0.00346
276.39999,1.05396,0.99366,0.00104,0.00180,0.00349
276.50000,1.05392,0.99390,0.00106,0.00174,0.00330
276.60001,1.05392,0.99388,0.00106,0.00174,0.00331
276.70001,1.05392,0.99370,0.00111,0.00172,0.00347
276.79999,1.05396,0.99367,0.00114,0.00171,0.00349
276.89999,1.05396,0.99368,0.00116,0.00171,0.00344
277.00000,1.05392,0.99392,0.00112,0.00162,0.00334
277.10001,1.05392,0.99417,0.00104,0.00155,0.00324
277.20001,1.05392,0.99373,0.00111,0.00161,0.00355
277.29999,1.05396,0.99352,0.00112,0.00171,0.00365
277.39999,1.05396,0.99270,0.00123,0.00193,0.00414
277.50000,1.05392,0.99334,0.00113,0.00182,0.00371
277.60001,1.05392,0.99292,0.00119,0.00192,0.00397
277.70001,1.05392,0.99328,0.00108,0.00187,0.00378
277.79999,1.05396,0.99295,0.00117,0.00192,0.00397
277.89999,1.05396,0.99270,0.00120,0.00198,0.00411
278.00000,1.05392,0.99290,0.00121,0.00190,0.00399
278.10001,1.05392,0.99309,0.00115,0.00187,0.00389
278.20001,1.05392,0.99306,0.00118,0.00190,0.00386
278.29999,1.05396,0.99398,0.00100,0.00168,0.00334
278.39999,1.05396,0.99379,0.00109,0.00169,0.00343
278.50000,1.05392,0.99389,0.00106,0.00169,0.00336
278.60001,1.05392,0.99374,0.00110,0.00171,0.00345
278.70001,1.05392,0.99453,0.00096,0.00149,0.00301
278.79999,1.05396,0.99428,0.00099,0.00157,0.00316
278.89999,1.05396,0.99490,0.00091,0.00145,0.00274
279.00000,1.05392,0.99456,0.00089,0.00150,0.00305
279.10001,1.05392,0.99487,0.00083,0.00150,0.00281
279.20001,1.05392,0.99469,0.00083,0.00148,0.00299
279.29999,1.05396,0.99523,0.00073,0.00137,0.00267
279.39999,1.05396,0.99528,0.00073,0.00134,0.00265
279.50000,1.05392,0.99558,0.00071,0.00134,0.00236
279.60001,1.05392,0.99547,0.00071,0.00135,0.00247
279.70001,1.05392,0.99533,0.00079,0.00136,0.00251
279.79999,1.05396,0.99549,0.00071,0.00134,0.00245
279.89999,1.05396,0.99515,0.00082,0.00144,0.00258
280.00000,1.05392,0.99524,0.00080,0.00140,0.00256
280.10001,1.05392,0.99498,0.00089,0.00149,0.00264
280.20001,1.05392,0.99494,0.00084,0.00152,0.00270
280.29999,1.05396,0.99425,0.00099,0.00167,0.00308
280.39999,1.05396,0.99371,0.00111,0.00172,0.00346
280.50000,1.05392,0.99363,0.00114,0.00175,0.00347
280.60001,1.05392,0.99373,0.00116,0.00171,0.00340
280.70001,1.05392,0.99381,0.00121,0.00168,0.00330
280.79999,1.05396,0.99424,0.00115,0.00158,0.00303
280.89999,1.05396,0.99425,0.00121,0.00155,0.00300
281.00000,1.05392,0.99422,0.00120,0.00157,0.00301
281.10001,1.05392,0.99414,0.00118,0.00153,0.00315
281.20001,1.05392,0.99415,0.00113,0.00157,0.00315
281.29999,1.05396,0.99456,0.00106,0.00152,0.00286
281.39999,1.05396,0.99466,0.00099,0.00153,0.00282
281.50000,1.05392,0.99486,0.00094,0.00145,0.00275
281.60001,1.05392,0.99509,0.00091,0.00136,0.00264
281.70001,1.05392,0.99474,0.00091,0.00148,0.00287
281.79999,1.05396,0.99495,0.00086,0.00143,0.00276
281.89999,1.05396,0.99505,0.00082,0.00147,0.00266
282.00000,1.05392,0.99477,0.00088,0.00150,0.00285
282.10001,1.05392,0.99507,0.00086,0.00145,0.00262
282.20001,1.05392,0.99475,0.00091,0.00153,0.00281
282.29999,1.05396,0.99476,0.00097,0.00154,0.00274
282.39999,1.05396,0.99431,0.00102,0.00162,0.00305
282.50000,1.05392,0.99439,0.00103,0.00162,0.00296
282.60001,1.05392,0.99457,0.00092,0.00162,0.00289
282.70001,1.05392,0.99482,0.00089,0.00156,0.00273
282.79999,1.05396,0.99464,0.00090,0.00154,0.00292
282.89999,1.05396,0.99435,0.00103,0.00164,0.00298
283.00000,1.05392,0.99426,0.00090,0.00165,0.00319
283.10001,1.05392,0.99405,0.00095,0.00167,0.00333
283.20001,1.05392,0.99461,0.00082,0.00155,0.00302
283.29999,1.05396,0.99434,0.00089,0.00157,0.00321
283.39999,1.05396,0.99428,0.00083,0.00159,0.00330
283.50000,1.05392,0.99384,0.00090,0.00160,0.00366
283.60001,1.05392,0.99336,0.00096,0.00173,0.00395
283.70001,1.05392,0.99315,0.00107,0.00172,0.00406
283.79999,1.05396,0.99328,0.00105,0.00175,0.00392
283.89999,1.05396,0.99311,0.00113,0.00173,0.00403
284.00000,1.05392,0.99282,0.00115,0.00178,0.00425
284.10001,1.05392,0.99217,0.00125,0.00195,0.00463
284.20001,1.05392,0.99225,0.00119,0.00190,0.00467
284.29999,1.05396,0.99268,0.00118,0.00187,0.00427
284.39999,1.05396,0.99298,0.00114,0.00177,0.00411
284.50000,1.05392,0.99297,0.00111,0.00181,0.00411
284.60001,1.05392,0.99267,0.00115,0.00185,0.00433
284.70001,1.05392,0.99357,0.00099,0.00173,0.00372
284.79999,1.05396,0.99326,0.00104,0.00179,0.00392
284.89999,1.05396,0.99361,0.00099,0.00179,0.00361
285.00000,1.05392,0.99371,0.00103,0.00166,0.00359
285.10001,1.05392,0.99389,0.00096,0.00168,0.00347
285.20001,1.05392,0.99420,0.00094,0.00158,0.00328
285.29999,1.05396,0.99449,0.00088,0.00157,0.00306
285.39999,1.05396,0.99481,0.00088,0.00142,0.00289
285.50000,1.05392,0.99512,0.00079,0.00142,0.00268
285.60001,1.05392,0.99494,0.00079,0.00145,0.00283
285.70001,1.05392,0.99484,0.00080,0.00154,0.00282
285.79999,1.05396,0.99476,0.00081,0.00154,0.00289
285.89999,1.05396,0.99510,0.00077,0.00145,0.00268
286.00000,1.05392,0.99491,0.00077,0.00152,0.00280
286.10001,1.05392,0.99485,0.00085,0.00150,0.00280
286.20001,1.05392,0.99499,0.00080,0.00147,0.00275
286.29999,1.05396,0.99474,0.00085,0.00147,0.00295
286.39999,1.05396,0.99438,0.00092,0.00163,0.00306
286.50000,1.05392,0.99393,0.00101,0.00166,0.00340
286.60001,1.05392,0.99363,0.00102,0.00179,0.00356
286.70001,1.05392,0.99385,0.00100,0.00169,0.00347
286.79999,1.05396,0.99386,0.00103,0.00171,0.00341
286.89999,1.05396,0.99385,0.00103,0.00167,0.00346
287.00000,1.05392,0.99377,0.00097,0.00170,0.00356
287.10001,1.05392,0.99317,0.00105,0.00181,0.00396
287.20001,1.05392,0.99336,0.00105,0.00176,0.00383
287.29999,1.05396,0.99291,0.00117,0.00186,0.00405
287.39999,1.05396,0.99287,0.00117,0.00186,0.00410
287.50000,1.05392,0.99323,0.00114,0.00182,0.00381
287.60001,1.05392,0.99399,0.00100,0.00166,0.00334
287.70001,1.05392,0.99381,0.00099,0.00172,0.00348
287.79999,1.05396,0.99362,0.00093,0.00169,0.00376
287.89999,1.05396,0.99323,0.00101,0.00179,0.00396
288.00000,1.05392,0.99369,0.00097,0.00171,0.00364
288.10001,1.05392,0.99407,0.00086,0.00170,0.00336
288.20001,1.05392,0.99375,0.00090,0.00175,0.00360
288.29999,1.05396,0.99377,0.00092,0.00177,0.00354
288.39999,1.05396,0.99368,0.00093,0.00168,0.00371
288.50000,1.05392,0.99346,0.00095,0.00180,0.00379
288.60001,1.05392,0.99351,0.00102,0.00176,0.00370
288.70001,1.05392,0.99394,0.00095,0.00170,0.00341
288.79999,1.05396,0.99388,0.00102,0.00171,0.00340
288.89999,1.05396,0.99335,0.00101,0.00180,0.00384
289.00000,1.05392,0.99328,0.00112,0.00180,0.00380
289.10001,1.05392,0.99355,0.00106,0.00176,0.00363
289.20001,1.05392,0.99355,0.00100,0.00176,0.00368
289.29999,1.05396,0.99314,0.00097,0.00182,0.00407
289.39999,1.05396,0.99278,0.00103,0.00189,0.00430
289.50000,1.05392,0.99293,0.00100,0.00188,0.00419
289.60001,1.05392,0.99312,0.00098,0.00184,0.00405
289.70001,1.05392,0.99309,0.00101,0.00185,0.00405
289.79999,1.05396,0.99323,0.00106,0.00184,0.00387
289.89999,1.05396,0.99295,0.00103,0.00179,0.00423
290.00000,1.05392,0.99180,0.00106,0.00202,0.00512
290.10001,1.05392,0.99047,0.00119,0.00214,0.00620
290.20001,1.05392,0.98982,0.00132,0.00234,0.00653
290.29999,1.05396,0.99060,0.00124,0.00211,0.00605
290.39999,1.05396,0.98854,0.00143,0.00257,0.00746
290.50000,1.05392,0.98878,0.00140,0.00237,0.00744
290.60001,1.05392,0.98834,0.00153,0.00251,0.00763
290.70001,1.05392,0.98879,0.00138,0.00253,0.00730
290.79999,1.05396,0.98961,0.00135,0.00237,0.00668
290.89999,1.05396,0.99051,0.00144,0.00225,0.00580
291.00000,1.05392,0.99197,0.00138,0.00199,0.00466
291.10001,1.05392,0.99250,0.00140,0.00195,0.00415
291.20001,1.05392,0.99345,0.00119,0.00178,0.00358
291.29999,1.05396,0.99392,0.00120,0.00170,0.00319
291.39999,1.05396,0.99386,0.00123,0.00171,0.00321
291.50000,1.05392,0.99410,0.00121,0.00167,0.00301
291.60001,1.05392,0.99409,0.00119,0.00168,0.00304
291.70001,1.05392,0.99435,0.00119,0.00157,0.00289
291.79999,1.05396,0.99407,0.00117,0.00171,0.00305
291.89999,1.05396,0.99488,0.00102,0.00147,0.00263
292.00000,1.05392,0.99436,0.00103,0.00163,0.00299
292.10001,1.05392,0.99494,0.00095,0.00143,0.00268
292.20001,1.05392,0.99422,0.00107,0.00163,0.00308
292.29999,1.05396,0.99469,0.00097,0.00151,0.00284
292.39999,1.05396,0.99438,0.00101,0.00162,0.00299
292.50000,1.05392,0.99423,0.00104,0.00163,0.00310
292.60001,1.05392,0.99369,0.00110,0.00176,0.00345
292.70001,1.05392,0.99363,0.00121,0.00176,0.00340
292.79999,1.05396,0.99396,0.00115,0.00165,0.00324
292.89999,1.05396,0.99394,0.00114,0.00164,0.00328
293.00000,1.05392,0.99381,0.00123,0.00166,0.00330
293.10001,1.05392,0.99387,0.00116,0.00168,0.00329
293.20001,1.05392,0.99353,0.00124,0.00174,0.00349
293.29999,1.05396,0.99381,0.00113,0.00166,0.00340
293.39999,1.05396,0.99368,0.00121,0.00171,0.00340
293.50000,1.05392,0.99417,0.00104,0.00159,0.00320
293.60001,1.05392,0.99406,0.00105,0.00165,0.00324
293.70001,1.05392,0.99428,0.00095,0.00159,0.00318
293.79999,1.05396,0.99432,0.00099,0.00157,0.00312
293.89999,1.05396,0.99447,0.00094,0.00157,0.00301
294.00000,1.05392,0.99473,0.00091,0.00153,0.00283
294.10001,1.05392,0.99482,0.00086,0.00151,0.00281
294.20001,1.05392,0.99493,0.00083,0.00147,0.00277
294.29999,1.05396,0.99510,0.00084,0.00146,0.00260
294.39999,1.05396,0.99520,0.00080,0.00143,0.00257
294.50000,1.05392,0.99548,0.00078,0.00140,0.00234
294.60001,1.05392,0.99546,0.00075,0.00135,0.00244
294.70001,1.05392,0.99547,0.00078,0.00133,0.00242
294.79999,1.05396,0.99524,0.00080,0.00135,0.00261
294.89999,1.05396,0.99535,0.00084,0.00137,0.00245
295.00000,1.05392,0.99524,0.00086,0.00138,0.00252
295.10001,1.05392,0.99527,0.00088,0.00138,0.00247
295.20001,1.05392,0.99516,0.00083,0.00140,0.00262
295.29999,1.05396,0.99421,0.00097,0.00162,0.00321
295.39999,1.05396,0.99444,0.00087,0.00160,0.00309
295.50000,1.05392,0.99372,0.00093,0.00174,0.00361
295.60001,1.05392,0.99376,0.00095,0.00174,0.00355
295.70001,1.05392,0.99359,0.00103,0.00171,0.00367
295.79999,1.05396,0.99390,0.00096,0.00166,0.00348
295.89999,1.05396,0.99400,0.00090,0.00163,0.00346
296.00000,1.05392,0.99365,0.00097,0.00174,0.00363
296.10001,1.05392,0.99329,0.00106,0.00179,0.00386
296.20001,1.05392,0.99332,0.00109,0.00179,0.00380
296.29999,1.05396,0.99384,0.00101,0.00168,0.00346
296.39999,1.05396,0.99426,0.00098,0.00162,0.00315
296.50000,1.05392,0.99367,0.00110,0.00170,0.00352
296.60001,1.05392,0.99410,0.00098,0.00162,0.00330
296.70001,1.05392,0.99414,0.00093,0.00161,0.00331
296.79999,1.05396,0.99433,0.00087,0.00162,0.00318
296.89999,1.05396,0.99447,0.00085,0.00151,0.00317
297.00000,1.05392,0.99477,0.00081,0.00146,0.00296
297.10001,1.05392,0.99426,0.00091,0.00159,0.00324
297.20001,1.05392,0.99411,0.00092,0.00167,0.00330
297.29999,1.05396,0.99432,0.00080,0.00155,0.00332
297.39999,1.05396,0.99405,0.00099,0.00170,0.00326
297.50000,1.05392,0.99417,0.00095,0.00160,0.00328
297.60001,1.05392,0.99367,0.00099,0.00171,0.00364
297.70001,1.05392,0.99349,0.00098,0.00171,0.00382
297.79999,1.05396,0.99339,0.00102,0.00172,0.00388
297.89999,1.05396,0.99347,0.00101,0.00173,0.00379
298.00000,1.05392,0.99328,0.00110,0.00179,0.00383
298.10001,1.05392,0.99336,0.00109,0.00178,0.00377
298.20001,1.05392,0.99286,0.00122,0.00188,0.00404
298.29999,1.05396,0.99347,0.00108,0.00173,0.00372
298.39999,1.05396,0.99346,0.00108,0.00180,0.00366
298.50000,1.05392,0.99396,0.00104,0.00162,0.00338
298.60001,1.05392,0.99393,0.00107,0.00168,0.00332
298.70001,1.05392,0.99415,0.00098,0.00162,0.00325
298.79999,1.05396,0.99417,0.00106,0.00160,0.00317
298.89999,1.05396,0.99397,0.00102,0.00159,0.00342
