Time (seconds), Duration (seconds),pred_(unlabeled),pred_brushing_teeth,pred_hair_drying,pred_showering
0.00000,1.05394,0.97308,0.00027,0.00306,0.02359
0.10000,1.05394,0.95983,0.00032,0.00500,0.03485
0.20000,1.05394,0.95552,0.00046,0.00479,0.03924
0.30000,1.05394,0.97890,0.00021,0.00306,0.01783
0.40000,1.05394,0.96917,0.00038,0.00417,0.02628
0.50000,1.05394,0.97084,0.00037,0.00500,0.02379
0.60000,1.05394,0.96666,0.00050,0.00511,0.02774
0.70000,1.05394,0.97578,0.00048,0.00416,0.01958
0.80000,1.05394,0.98397,0.00033,0.00286,0.01284
0.90000,1.05394,0.98593,0.00028,0.00245,0.01134
1.00000,1.05394,0.98779,0.00031,0.00242,0.00948
1.10000,1.05394,0.98858,0.00022,0.00224,0.00896
1.20000,1.05394,0.98690,0.00026,0.00234,0.01051
1.30000,1.05394,0.98831,0.00027,0.00212,0.00930
1.40000,1.05394,0.98905,0.00024,0.00198,0.00872
1.50000,1.05394,0.98917,0.00021,0.00195,0.00867
1.60000,1.05394,0.99011,0.00021,0.00185,0.00782
1.70000,1.05394,0.98971,0.00021,0.00205,0.00804
1.80000,1.05394,0.98930,0.00019,0.00204,0.00848
1.90000,1.05394,0.98572,0.00023,0.00236,0.01170
2.00000,1.05394,0.98695,0.00022,0.00233,0.01051
2.10000,1.05394,0.98419,0.00024,0.00251,0.01306
2.20000,1.05394,0.98569,0.00022,0.00244,0.01164
2.30000,1.05394,0.98263,0.00027,0.00269,0.01441
2.40000,1.05394,0.98452,0.00027,0.00223,0.01298
2.50000,1.05394,0.97860,0.00032,0.00307,0.01800
2.60000,1.05394,0.97709,0.00026,0.00276,0.01988
2.70000,1.05394,0.97167,0.00035,0.00358,0.02440
2.80000,1.05394,0.97751,0.00028,0.00294,0.01927
2.90000,1.05394,0.97919,0.00027,0.00297,0.01758
3.00000,1.05394,0.97534,0.00026,0.00335,0.02104
3.10000,1.05394,0.97898,0.00027,0.00328,0.01746
3.20000,1.05394,0.98311,0.00021,0.00272,0.01396
3.30000,1.05394,0.98625,0.00023,0.00280,0.01072
3.40000,1.05394,0.98358,0.00026,0.00300,0.01316
3.50000,1.05394,0.98870,0.00020,0.00238,0.00872
3.60000,1.05394,0.99282,0.00014,0.00183,0.00522
3.70000,1.05394,0.99297,0.00018,0.00180,0.00505
3.80000,1.05394,0.99327,0.00016,0.00170,0.00487
3.90000,1.05394,0.99419,0.00020,0.00167,0.00395
4.00000,1.05394,0.99446,0.00020,0.00154,0.00380
4.10000,1.05394,0.99467,0.00021,0.00139,0.00373
4.20000,1.05394,0.99437,0.00024,0.00171,0.00368
4.30000,1.05394,0.99465,0.00023,0.00145,0.00368
4.40000,1.05394,0.99336,0.00028,0.00185,0.00451
4.50000,1.05394,0.99161,0.00037,0.00198,0.00604
4.60000,1.05394,0.98821,0.00041,0.00280,0.00857
4.70000,1.05394,0.98906,0.00034,0.00262,0.00798
4.80000,1.05394,0.99190,0.00026,0.00208,0.00576
4.90000,1.05394,0.99341,0.00024,0.00167,0.00468
5.00000,1.05394,0.99131,0.00022,0.00188,0.00659
5.10000,1.05394,0.99040,0.00028,0.00224,0.00708
5.20000,1.05394,0.99307,0.00022,0.00172,0.00499
5.30000,1.05394,0.99306,0.00023,0.00189,0.00481
5.40000,1.05394,0.99221,0.00027,0.00222,0.00530
5.50000,1.05394,0.99352,0.00032,0.00184,0.00432
5.60000,1.05394,0.99238,0.00045,0.00216,0.00502
5.70000,1.05394,0.99168,0.00043,0.00248,0.00541
5.80000,1.05394,0.99159,0.00042,0.00249,0.00550
5.90000,1.05394,0.99229,0.00046,0.00236,0.00489
6.00000,1.05394,0.99076,0.00062,0.00287,0.00575
6.10000,1.05394,0.99067,0.00060,0.00280,0.00593
6.20000,1.05394,0.99220,0.00045,0.00224,0.00511
6.30000,1.05394,0.99287,0.00039,0.00200,0.00474
6.40000,1.05394,0.99067,0.00040,0.00261,0.00633
6.50000,1.05394,0.99121,0.00032,0.00218,0.00630
6.60000,1.05394,0.99030,0.00033,0.00241,0.00696
6.70000,1.05394,0.99061,0.00027,0.00211,0.00701
6.80000,1.05394,0.98897,0.00030,0.00270,0.00804
6.90000,1.05394,0.98945,0.00029,0.00232,0.00794
7.00000,1.05394,0.99130,0.00024,0.00209,0.00637
7.10000,1.05394,0.99081,0.00027,0.00208,0.00684
7.20000,1.05394,0.98695,0.00036,0.00286,0.00982
7.30000,1.05394,0.98675,0.00035,0.00278,0.01012
7.40000,1.05394,0.98777,0.00037,0.00279,0.00907
7.50000,1.05394,0.98979,0.00036,0.00248,0.00737
7.60000,1.05394,0.98907,0.00042,0.00261,0.00789
7.70000,1.05394,0.98994,0.00046,0.00260,0.00700
7.80000,1.05394,0.99180,0.00039,0.00201,0.00580
7.90000,1.05394,0.99131,0.00047,0.00234,0.00587
8.00000,1.05394,0.99228,0.00038,0.00191,0.00543
8.10000,1.05394,0.99201,0.00041,0.00228,0.00530
8.20000,1.05394,0.99363,0.00038,0.00185,0.00414
8.30000,1.05394,0.99457,0.00041,0.00183,0.00319
8.40000,1.05394,0.99414,0.00031,0.00171,0.00384
8.50000,1.05394,0.99304,0.00029,0.00195,0.00472
8.60000,1.05394,0.99338,0.00034,0.00184,0.00445
8.70000,1.05394,0.99334,0.00031,0.00189,0.00446
8.80000,1.05394,0.99231,0.00033,0.00199,0.00537
8.90000,1.05394,0.99221,0.00028,0.00201,0.00551
9.00000,1.05394,0.98734,0.00048,0.00305,0.00913
9.10000,1.05394,0.98871,0.00044,0.00263,0.00822
9.20000,1.05394,0.98504,0.00048,0.00319,0.01129
9.30000,1.05394,0.98706,0.00037,0.00288,0.00969
9.40000,1.05394,0.98501,0.00052,0.00349,0.01099
9.50000,1.05394,0.98491,0.00055,0.00363,0.01091
9.60000,1.05394,0.98586,0.00052,0.00328,0.01034
9.70000,1.05394,0.98478,0.00054,0.00332,0.01136
9.80000,1.05394,0.98441,0.00058,0.00334,0.01166
9.90000,1.05394,0.98710,0.00050,0.00289,0.00952
10.00000,1.05394,0.98715,0.00042,0.00291,0.00952
10.10000,1.05394,0.98313,0.00048,0.00349,0.01290
10.20000,1.05394,0.98146,0.00060,0.00358,0.01436
10.30000,1.05394,0.98356,0.00070,0.00356,0.01219
10.40000,1.05394,0.98536,0.00050,0.00304,0.01109
10.50000,1.05394,0.98639,0.00050,0.00287,0.01024
10.60000,1.05394,0.98600,0.00056,0.00303,0.01040
10.70000,1.05394,0.98679,0.00054,0.00292,0.00976
10.80000,1.05394,0.98757,0.00044,0.00268,0.00931
10.90000,1.05394,0.98561,0.00060,0.00308,0.01071
11.00000,1.05394,0.98747,0.00062,0.00273,0.00917
11.10000,1.05394,0.98934,0.00048,0.00235,0.00783
11.20000,1.05394,0.98929,0.00036,0.00226,0.00809
11.30000,1.05394,0.98931,0.00037,0.00248,0.00784
11.40000,1.05394,0.99045,0.00038,0.00241,0.00676
11.50000,1.05394,0.99041,0.00035,0.00232,0.00692
11.60000,1.05394,0.99028,0.00036,0.00242,0.00694
11.70000,1.05394,0.99017,0.00034,0.00247,0.00702
11.80000,1.05394,0.99162,0.00031,0.00228,0.00579
11.90000,1.05394,0.99150,0.00033,0.00225,0.00593
12.00000,1.05394,0.99101,0.00036,0.00252,0.00612
12.10000,1.05394,0.98951,0.00047,0.00255,0.00747
12.20000,1.05394,0.99131,0.00036,0.00225,0.00607
12.30000,1.05394,0.99069,0.00037,0.00222,0.00672
12.40000,1.05394,0.99248,0.00036,0.00207,0.00510
12.50000,1.05394,0.99034,0.00051,0.00257,0.00658
12.60000,1.05394,0.99243,0.00047,0.00207,0.00503
12.70000,1.05394,0.99207,0.00051,0.00221,0.00520
12.80000,1.05394,0.99329,0.00050,0.00188,0.00433
12.90000,1.05394,0.99267,0.00043,0.00204,0.00485
13.00000,1.05394,0.99394,0.00044,0.00176,0.00386
13.10000,1.05394,0.99211,0.00054,0.00227,0.00508
13.20000,1.05394,0.99189,0.00060,0.00228,0.00524
13.30000,1.05394,0.98910,0.00080,0.00259,0.00751
13.40000,1.05394,0.98879,0.00070,0.00268,0.00783
13.50000,1.05394,0.98573,0.00075,0.00309,0.01043
13.60000,1.05394,0.98832,0.00049,0.00266,0.00853
13.70000,1.05394,0.98426,0.00066,0.00316,0.01192
13.80000,1.05394,0.98423,0.00062,0.00311,0.01204
13.90000,1.05394,0.98078,0.00069,0.00348,0.01506
14.00000,1.05394,0.97796,0.00081,0.00390,0.01733
14.10000,1.05394,0.98288,0.00075,0.00338,0.01299
14.20000,1.05394,0.98402,0.00058,0.00309,0.01231
14.30000,1.05394,0.98368,0.00045,0.00300,0.01287
14.40000,1.05394,0.98736,0.00037,0.00240,0.00987
14.50000,1.05394,0.98993,0.00036,0.00200,0.00770
14.60000,1.05394,0.98962,0.00044,0.00226,0.00768
14.70000,1.05394,0.99075,0.00041,0.00195,0.00689
14.80000,1.05394,0.99105,0.00047,0.00198,0.00651
14.90000,1.05394,0.99090,0.00047,0.00224,0.00638
15.00000,1.05394,0.99050,0.00033,0.00227,0.00690
15.10000,1.05394,0.99011,0.00039,0.00243,0.00706
15.20000,1.05394,0.99186,0.00036,0.00217,0.00561
15.30000,1.05394,0.99144,0.00035,0.00202,0.00618
15.40000,1.05394,0.99043,0.00040,0.00225,0.00691
15.50000,1.05394,0.98863,0.00037,0.00251,0.00849
15.60000,1.05394,0.98712,0.00040,0.00274,0.00974
15.70000,1.05394,0.98863,0.00034,0.00254,0.00850
15.80000,1.05394,0.98907,0.00029,0.00259,0.00804
15.90000,1.05394,0.99001,0.00031,0.00247,0.00721
16.00000,1.05394,0.99149,0.00024,0.00204,0.00623
16.10000,1.05394,0.99040,0.00031,0.00246,0.00683
16.20000,1.05394,0.99132,0.00024,0.00208,0.00635
16.30000,1.05394,0.98833,0.00037,0.00273,0.00857
16.40000,1.05394,0.98870,0.00031,0.00266,0.00833
16.50000,1.05394,0.98401,0.00046,0.00324,0.01229
16.60000,1.05394,0.97850,0.00047,0.00358,0.01744
16.70000,1.05394,0.97266,0.00067,0.00435,0.02232
16.80000,1.05394,0.97309,0.00062,0.00421,0.02208
16.90000,1.05394,0.96858,0.00064,0.00453,0.02624
17.00000,1.05394,0.96437,0.00064,0.00469,0.03030
17.10000,1.05394,0.96086,0.00077,0.00546,0.03290
17.20000,1.05394,0.96716,0.00071,0.00540,0.02673
17.30000,1.05394,0.97318,0.00058,0.00413,0.02211
17.40000,1.05394,0.97639,0.00055,0.00441,0.01865
17.50000,1.05394,0.98247,0.00044,0.00351,0.01358
17.60000,1.05394,0.98258,0.00046,0.00396,0.01300
17.70000,1.05394,0.98435,0.00039,0.00344,0.01182
17.80000,1.05394,0.98558,0.00037,0.00346,0.01059
17.90000,1.05394,0.98306,0.00041,0.00346,0.01307
18.00000,1.05394,0.98333,0.00042,0.00352,0.01274
18.10000,1.05394,0.98231,0.00046,0.00349,0.01374
18.20000,1.05394,0.98450,0.00051,0.00374,0.01125
18.30000,1.05394,0.98207,0.00063,0.00413,0.01316
18.40000,1.05394,0.98776,0.00040,0.00302,0.00883
18.50000,1.05394,0.98979,0.00039,0.00260,0.00722
18.60000,1.05394,0.99275,0.00032,0.00203,0.00490
18.70000,1.05394,0.99202,0.00035,0.00215,0.00548
18.80000,1.05394,0.99335,0.00030,0.00190,0.00445
18.90000,1.05394,0.99200,0.00041,0.00210,0.00548
19.00000,1.05394,0.99342,0.00031,0.00164,0.00463
19.10000,1.05394,0.99209,0.00035,0.00205,0.00551
19.20000,1.05394,0.99327,0.00026,0.00181,0.00467
19.30000,1.05394,0.99276,0.00030,0.00202,0.00493
19.40000,1.05394,0.99280,0.00027,0.00206,0.00486
19.50000,1.05394,0.99251,0.00028,0.00211,0.00510
19.60000,1.05394,0.99303,0.00023,0.00194,0.00480
19.70000,1.05394,0.99214,0.00028,0.00217,0.00541
19.80000,1.05394,0.99283,0.00029,0.00214,0.00474
19.90000,1.05394,0.99350,0.00027,0.00189,0.00433
20.00000,1.05394,0.99227,0.00029,0.00224,0.00520
20.10000,1.05394,0.98999,0.00039,0.00253,0.00709
20.20000,1.05394,0.98929,0.00038,0.00246,0.00787
20.30000,1.05394,0.98768,0.00039,0.00293,0.00900
20.40000,1.05394,0.98430,0.00051,0.00338,0.01182
20.50000,1.05394,0.98568,0.00050,0.00326,0.01055
20.60000,1.05394,0.98662,0.00048,0.00295,0.00995
20.70000,1.05394,0.98825,0.00045,0.00307,0.00823
20.80000,1.05394,0.98847,0.00044,0.00282,0.00827
20.90000,1.05394,0.98827,0.00047,0.00292,0.00834
21.00000,1.05394,0.99111,0.00034,0.00211,0.00643
21.10000,1.05394,0.99021,0.00040,0.00263,0.00676
21.20000,1.05394,0.99301,0.00034,0.00197,0.00468
21.30000,1.05394,0.99279,0.00034,0.00202,0.00485
21.40000,1.05394,0.99289,0.00032,0.00185,0.00493
21.50000,1.05394,0.99214,0.00033,0.00190,0.00564
21.60000,1.05394,0.99081,0.00032,0.00220,0.00667
21.70000,1.05394,0.98965,0.00032,0.00228,0.00775
21.80000,1.05394,0.99071,0.00030,0.00200,0.00699
21.90000,1.05394,0.98971,0.00030,0.00210,0.00789
22.00000,1.05394,0.98837,0.00030,0.00238,0.00894
22.10000,1.05394,0.98565,0.00030,0.00266,0.01139
22.20000,1.05394,0.98568,0.00033,0.00252,0.01148
22.30000,1.05394,0.98524,0.00032,0.00276,0.01169
22.40000,1.05394,0.98553,0.00032,0.00296,0.01119
22.50000,1.05394,0.98425,0.00038,0.00315,0.01221
22.60000,1.05394,0.98427,0.00039,0.00304,0.01230
22.70000,1.05394,0.97998,0.00054,0.00369,0.01579
22.80000,1.05394,0.98070,0.00058,0.00385,0.01487
22.90000,1.05394,0.98229,0.00063,0.00335,0.01373
23.00000,1.05394,0.98652,0.00046,0.00293,0.01010
23.10000,1.05394,0.98600,0.00047,0.00278,0.01075
23.20000,1.05394,0.98565,0.00051,0.00332,0.01052
23.30000,1.05394,0.98762,0.00043,0.00262,0.00933
23.40000,1.05394,0.98959,0.00034,0.00253,0.00753
23.50000,1.05394,0.99155,0.00034,0.00213,0.00598
23.60000,1.05394,0.99346,0.00028,0.00181,0.00445
23.70000,1.05394,0.99279,0.00028,0.00185,0.00508
23.80000,1.05394,0.99337,0.00019,0.00175,0.00468
23.90000,1.05394,0.99231,0.00023,0.00201,0.00545
24.00000,1.05394,0.99320,0.00025,0.00182,0.00473
24.10000,1.05394,0.99270,0.00028,0.00173,0.00529
24.20000,1.05394,0.99208,0.00023,0.00192,0.00577
24.30000,1.05394,0.98939,0.00041,0.00241,0.00779
24.40000,1.05394,0.98838,0.00036,0.00256,0.00870
24.50000,1.05394,0.98738,0.00041,0.00261,0.00960
24.60000,1.05394,0.98810,0.00037,0.00264,0.00889
24.70000,1.05394,0.98757,0.00039,0.00262,0.00942
24.80000,1.05394,0.98577,0.00042,0.00293,0.01088
24.90000,1.05394,0.98540,0.00045,0.00298,0.01116
25.00000,1.05394,0.98747,0.00042,0.00282,0.00928
25.10000,1.05394,0.98811,0.00046,0.00270,0.00873
25.20000,1.05394,0.99037,0.00031,0.00221,0.00711
25.30000,1.05394,0.98895,0.00042,0.00270,0.00794
25.40000,1.05394,0.99199,0.00030,0.00199,0.00572
25.50000,1.05394,0.99120,0.00033,0.00226,0.00621
25.60000,1.05394,0.99240,0.00036,0.00203,0.00521
25.70000,1.05394,0.99091,0.00040,0.00237,0.00632
25.80000,1.05394,0.99208,0.00036,0.00222,0.00533
25.90000,1.05394,0.99288,0.00034,0.00206,0.00471
26.00000,1.05394,0.99327,0.00030,0.00189,0.00453
26.10000,1.05394,0.99237,0.00034,0.00220,0.00510
26.20000,1.05394,0.99103,0.00040,0.00262,0.00595
26.30000,1.05394,0.99044,0.00036,0.00264,0.00656
26.40000,1.05394,0.98925,0.00040,0.00271,0.00764
26.50000,1.05394,0.99118,0.00036,0.00238,0.00608
26.60000,1.05394,0.98990,0.00039,0.00271,0.00701
26.70000,1.05394,0.99094,0.00039,0.00248,0.00620
26.80000,1.05394,0.98991,0.00032,0.00236,0.00742
26.90000,1.05394,0.98842,0.00034,0.00276,0.00848
27.00000,1.05394,0.98351,0.00036,0.00347,0.01265
27.10000,1.05394,0.98677,0.00032,0.00285,0.01005
27.20000,1.05394,0.98043,0.00043,0.00367,0.01547
27.30000,1.05394,0.98638,0.00041,0.00285,0.01036
27.40000,1.05394,0.98579,0.00035,0.00273,0.01113
27.50000,1.05394,0.98863,0.00031,0.00242,0.00865
27.60000,1.05394,0.98380,0.00035,0.00305,0.01280
27.70000,1.05394,0.98558,0.00039,0.00306,0.01097
27.80000,1.05394,0.98229,0.00053,0.00338,0.01379
27.90000,1.05394,0.98973,0.00036,0.00232,0.00759
28.00000,1.05394,0.98879,0.00034,0.00253,0.00833
28.10000,1.05394,0.99093,0.00034,0.00222,0.00650
28.20000,1.05394,0.98952,0.00045,0.00251,0.00753
28.30000,1.05394,0.99142,0.00048,0.00212,0.00598
28.40000,1.05394,0.98902,0.00041,0.00232,0.00824
28.50000,1.05394,0.98830,0.00045,0.00240,0.00885
28.60000,1.05394,0.98730,0.00050,0.00257,0.00962
28.70000,1.05394,0.98764,0.00050,0.00268,0.00918
28.80000,1.05394,0.98671,0.00055,0.00284,0.00990
28.90000,1.05394,0.98696,0.00067,0.00287,0.00950
29.00000,1.05394,0.98539,0.00072,0.00321,0.01068
29.10000,1.05394,0.98611,0.00071,0.00288,0.01030
29.20000,1.05394,0.98553,0.00071,0.00345,0.01030
29.30000,1.05394,0.98741,0.00066,0.00311,0.00882
29.40000,1.05394,0.98809,0.00065,0.00323,0.00803
29.50000,1.05394,0.98863,0.00065,0.00300,0.00773
29.60000,1.05394,0.98972,0.00060,0.00269,0.00700
29.70000,1.05394,0.99086,0.00053,0.00235,0.00625
29.80000,1.05394,0.99107,0.00050,0.00232,0.00611
29.90000,1.05394,0.99246,0.00042,0.00217,0.00495
30.00000,1.05394,0.99276,0.00036,0.00196,0.00492
30.10000,1.05394,0.99170,0.00035,0.00227,0.00568
30.20000,1.05394,0.99074,0.00032,0.00221,0.00674
30.30000,1.05394,0.99114,0.00033,0.00245,0.00608
30.40000,1.05394,0.99175,0.00029,0.00213,0.00583
30.50000,1.05394,0.99276,0.00024,0.00197,0.00504
30.60000,1.05394,0.99253,0.00022,0.00199,0.00526
30.70000,1.05394,0.99139,0.00023,0.00220,0.00617
30.80000,1.05394,0.98952,0.00026,0.00240,0.00781
30.90000,1.05394,0.98968,0.00033,0.00264,0.00735
31.00000,1.05394,0.98959,0.00039,0.00258,0.00745
31.10000,1.05394,0.99268,0.00028,0.00194,0.00510
31.20000,1.05394,0.99151,0.00030,0.00196,0.00623
31.30000,1.05394,0.99178,0.00031,0.00216,0.00574
31.40000,1.05394,0.99305,0.00027,0.00181,0.00487
31.50000,1.05394,0.99258,0.00039,0.00208,0.00495
31.60000,1.05394,0.99302,0.00039,0.00194,0.00465
31.70000,1.05394,0.99333,0.00043,0.00196,0.00428
31.80000,1.05394,0.99398,0.00039,0.00170,0.00394
31.90000,1.05394,0.99275,0.00048,0.00212,0.00465
32.00000,1.05394,0.99323,0.00036,0.00197,0.00444
32.10000,1.05394,0.99163,0.00047,0.00249,0.00541
32.20000,1.05394,0.99259,0.00045,0.00219,0.00478
32.30000,1.05394,0.99362,0.00043,0.00172,0.00423
32.40000,1.05394,0.99347,0.00040,0.00185,0.00428
32.50000,1.05394,0.99184,0.00046,0.00226,0.00544
32.60000,1.05394,0.99113,0.00051,0.00253,0.00583
32.70000,1.05394,0.98990,0.00051,0.00266,0.00693
32.80000,1.05394,0.98832,0.00057,0.00321,0.00790
32.90000,1.05394,0.98881,0.00055,0.00295,0.00768
33.00000,1.05394,0.98595,0.00079,0.00373,0.00954
33.10000,1.05394,0.98889,0.00063,0.00298,0.00751
33.20000,1.05394,0.98555,0.00089,0.00403,0.00953
33.30000,1.05394,0.98842,0.00056,0.00310,0.00792
33.40000,1.05394,0.98767,0.00057,0.00317,0.00859
33.50000,1.05394,0.98867,0.00054,0.00289,0.00789
33.60000,1.05394,0.98915,0.00054,0.00294,0.00737
33.70000,1.05394,0.98970,0.00057,0.00266,0.00707
33.80000,1.05394,0.98872,0.00044,0.00277,0.00807
33.90000,1.05394,0.98742,0.00048,0.00289,0.00920
34.00000,1.05394,0.98919,0.00047,0.00265,0.00769
34.10000,1.05394,0.99026,0.00045,0.00257,0.00672
34.20000,1.05394,0.99094,0.00037,0.00249,0.00620
34.30000,1.05394,0.99155,0.00046,0.00244,0.00555
34.40000,1.05394,0.99007,0.00054,0.00264,0.00675
34.50000,1.05394,0.98962,0.00044,0.00251,0.00743
34.60000,1.05394,0.98918,0.00046,0.00296,0.00741
34.70000,1.05394,0.99107,0.00028,0.00249,0.00616
34.80000,1.05394,0.99098,0.00043,0.00251,0.00608
34.90000,1.05394,0.99213,0.00034,0.00215,0.00538
35.00000,1.05394,0.98867,0.00051,0.00275,0.00807
35.10000,1.05394,0.99106,0.00031,0.00225,0.00638
35.20000,1.05394,0.98785,0.00040,0.00297,0.00878
35.30000,1.05394,0.99016,0.00026,0.00223,0.00735
35.40000,1.05394,0.99043,0.00024,0.00206,0.00727
35.50000,1.05394,0.98944,0.00022,0.00236,0.00798
35.60000,1.05394,0.98861,0.00024,0.00227,0.00888
35.70000,1.05394,0.98679,0.00027,0.00280,0.01014
35.80000,1.05394,0.99078,0.00018,0.00191,0.00713
35.90000,1.05394,0.98828,0.00023,0.00245,0.00904
36.00000,1.05394,0.98898,0.00021,0.00227,0.00854
36.10000,1.05394,0.98627,0.00021,0.00255,0.01097
36.20000,1.05394,0.98819,0.00021,0.00221,0.00938
36.30000,1.05394,0.98945,0.00021,0.00218,0.00816
36.40000,1.05394,0.99099,0.00027,0.00210,0.00664
36.50000,1.05394,0.99046,0.00031,0.00225,0.00698
36.60000,1.05394,0.99078,0.00029,0.00222,0.00670
36.70000,1.05394,0.99112,0.00027,0.00208,0.00653
36.80000,1.05394,0.99201,0.00028,0.00189,0.00582
36.90000,1.05394,0.99151,0.00037,0.00236,0.00576
37.00000,1.05394,0.99273,0.00037,0.00186,0.00504
37.10000,1.05394,0.99294,0.00038,0.00205,0.00462
37.20000,1.05394,0.99104,0.00045,0.00214,0.00637
37.30000,1.05394,0.99179,0.00036,0.00225,0.00560
37.40000,1.05394,0.98975,0.00047,0.00265,0.00713
37.50000,1.05394,0.99082,0.00042,0.00236,0.00640
37.60000,1.05394,0.99044,0.00040,0.00221,0.00694
37.70000,1.05394,0.99254,0.00027,0.00183,0.00535
37.80000,1.05394,0.98854,0.00041,0.00292,0.00814
37.90000,1.05394,0.99029,0.00031,0.00225,0.00716
38.00000,1.05394,0.98963,0.00038,0.00245,0.00754
38.10000,1.05394,0.99185,0.00024,0.00194,0.00596
38.20000,1.05394,0.99149,0.00034,0.00208,0.00609
38.30000,1.05394,0.99257,0.00034,0.00176,0.00533
38.40000,1.05394,0.99191,0.00043,0.00196,0.00570
38.50000,1.05394,0.99221,0.00040,0.00188,0.00551
38.60000,1.05394,0.99140,0.00053,0.00215,0.00592
38.70000,1.05394,0.99129,0.00058,0.00233,0.00580
38.80000,1.05394,0.99366,0.00045,0.00177,0.00412
38.90000,1.05394,0.99249,0.00057,0.00213,0.00481
39.00000,1.05394,0.99296,0.00052,0.00212,0.00440
39.10000,1.05394,0.99352,0.00050,0.00177,0.00422
39.20000,1.05394,0.99332,0.00043,0.00189,0.00436
39.30000,1.05394,0.99289,0.00044,0.00198,0.00469
39.40000,1.05394,0.99329,0.00038,0.00198,0.00435
39.50000,1.05394,0.99162,0.00035,0.00241,0.00563
39.60000,1.05394,0.99023,0.00049,0.00266,0.00662
39.70000,1.05394,0.99174,0.00042,0.00226,0.00558
39.80000,1.05394,0.98792,0.00051,0.00296,0.00861
39.90000,1.05394,0.98917,0.00040,0.00264,0.00779
40.00000,1.05394,0.98788,0.00039,0.00280,0.00893
40.10000,1.05394,0.98853,0.00042,0.00276,0.00829
40.20000,1.05394,0.98862,0.00047,0.00295,0.00796
40.30000,1.05394,0.98933,0.00042,0.00269,0.00756
40.40000,1.05394,0.98958,0.00052,0.00258,0.00732
40.50000,1.05394,0.98955,0.00046,0.00249,0.00750
40.60000,1.05394,0.99056,0.00044,0.00245,0.00656
40.70000,1.05394,0.98956,0.00043,0.00258,0.00742
40.80000,1.05394,0.99101,0.00040,0.00221,0.00637
40.90000,1.05394,0.99141,0.00045,0.00229,0.00586
41.00000,1.05394,0.99224,0.00043,0.00224,0.00509
41.10000,1.05394,0.99209,0.00041,0.00203,0.00546
41.20000,1.05394,0.99082,0.00046,0.00245,0.00627
41.30000,1.05394,0.99064,0.00054,0.00248,0.00634
41.40000,1.05394,0.99171,0.00048,0.00211,0.00571
41.50000,1.05394,0.98965,0.00055,0.00261,0.00720
41.60000,1.05394,0.99141,0.00045,0.00229,0.00585
41.70000,1.05394,0.99249,0.00041,0.00193,0.00517
41.80000,1.05394,0.99080,0.00043,0.00224,0.00653
41.90000,1.05394,0.98992,0.00049,0.00254,0.00705
42.00000,1.05394,0.98990,0.00053,0.00254,0.00703
42.10000,1.05394,0.99227,0.00058,0.00213,0.00502
42.20000,1.05394,0.99366,0.00038,0.00183,0.00413
42.30000,1.05394,0.99423,0.00033,0.00175,0.00369
42.40000,1.05394,0.99397,0.00035,0.00186,0.00382
42.50000,1.05394,0.99409,0.00034,0.00175,0.00382
42.60000,1.05394,0.99326,0.00039,0.00202,0.00433
42.70000,1.05394,0.99381,0.00045,0.00189,0.00386
42.80000,1.05394,0.99415,0.00042,0.00177,0.00366
42.90000,1.05394,0.99412,0.00045,0.00172,0.00371
43.00000,1.05394,0.99343,0.00046,0.00197,0.00414
43.10000,1.05394,0.99103,0.00053,0.00233,0.00611
43.20000,1.05394,0.98943,0.00064,0.00274,0.00718
43.30000,1.05394,0.98958,0.00070,0.00283,0.00689
43.40000,1.05394,0.98788,0.00073,0.00299,0.00840
43.50000,1.05394,0.98894,0.00066,0.00250,0.00790
43.60000,1.05394,0.98964,0.00058,0.00266,0.00712
43.70000,1.05394,0.98809,0.00050,0.00286,0.00854
43.80000,1.05394,0.98620,0.00054,0.00300,0.01026
43.90000,1.05394,0.98632,0.00055,0.00298,0.01015
44.00000,1.05394,0.98901,0.00045,0.00238,0.00815
44.10000,1.05394,0.98928,0.00049,0.00268,0.00755
44.20000,1.05394,0.99165,0.00037,0.00209,0.00588
44.30000,1.05394,0.99041,0.00046,0.00252,0.00662
44.40000,1.05394,0.99343,0.00028,0.00154,0.00475
44.50000,1.05394,0.99033,0.00033,0.00221,0.00712
44.60000,1.05394,0.98983,0.00033,0.00213,0.00771
44.70000,1.05394,0.99003,0.00036,0.00236,0.00725
44.80000,1.05394,0.99215,0.00026,0.00193,0.00566
44.90000,1.05394,0.98933,0.00042,0.00242,0.00783
45.00000,1.05394,0.98669,0.00046,0.00277,0.01008
45.10000,1.05394,0.98762,0.00040,0.00257,0.00941
45.20000,1.05394,0.98981,0.00036,0.00236,0.00746
45.30000,1.05394,0.98964,0.00041,0.00228,0.00767
45.40000,1.05394,0.98879,0.00062,0.00284,0.00775
45.50000,1.05394,0.99241,0.00046,0.00186,0.00526
45.60000,1.05394,0.99388,0.00045,0.00178,0.00389
45.70000,1.05394,0.99453,0.00037,0.00133,0.00377
45.80000,1.05394,0.99329,0.00036,0.00190,0.00445
45.90000,1.05394,0.99369,0.00031,0.00149,0.00450
46.00000,1.05394,0.99413,0.00033,0.00160,0.00394
46.10000,1.05394,0.99116,0.00037,0.00200,0.00647
46.20000,1.05394,0.99317,0.00029,0.00171,0.00483
46.30000,1.05394,0.99313,0.00030,0.00167,0.00490
46.40000,1.05394,0.98993,0.00043,0.00235,0.00729
46.50000,1.05394,0.98917,0.00037,0.00234,0.00811
46.60000,1.05394,0.99058,0.00036,0.00208,0.00698
46.70000,1.05394,0.99050,0.00046,0.00236,0.00668
46.80000,1.05394,0.98957,0.00054,0.00245,0.00744
46.90000,1.05394,0.99052,0.00048,0.00235,0.00664
47.00000,1.05394,0.98959,0.00053,0.00257,0.00731
47.10000,1.05394,0.99164,0.00047,0.00204,0.00585
47.20000,1.05394,0.98931,0.00057,0.00242,0.00770
47.30000,1.05394,0.99141,0.00048,0.00219,0.00591
47.40000,1.05394,0.99159,0.00045,0.00201,0.00595
47.50000,1.05394,0.99257,0.00041,0.00194,0.00509
47.60000,1.05394,0.99214,0.00039,0.00204,0.00542
47.70000,1.05394,0.99270,0.00030,0.00200,0.00500
47.80000,1.05394,0.99329,0.00028,0.00180,0.00463
47.90000,1.05394,0.99429,0.00029,0.00181,0.00361
48.00000,1.05394,0.99468,0.00037,0.00168,0.00328
48.10000,1.05394,0.99377,0.00034,0.00177,0.00412
48.20000,1.05394,0.99162,0.00039,0.00223,0.00576
48.30000,1.05394,0.99134,0.00034,0.00215,0.00617
48.40000,1.05394,0.99075,0.00042,0.00255,0.00628
48.50000,1.05394,0.99195,0.00035,0.00205,0.00565
48.60000,1.05394,0.99208,0.00037,0.00202,0.00553
48.70000,1.05394,0.99074,0.00036,0.00204,0.00686
48.80000,1.05394,0.99079,0.00039,0.00213,0.00668
48.90000,1.05394,0.99007,0.00033,0.00230,0.00731
49.00000,1.05394,0.99139,0.00034,0.00223,0.00604
49.10000,1.05394,0.99272,0.00035,0.00208,0.00485
49.20000,1.05394,0.99471,0.00029,0.00154,0.00345
49.30000,1.05394,0.99412,0.00033,0.00165,0.00390
49.40000,1.05394,0.99392,0.00026,0.00154,0.00427
49.50000,1.05394,0.99290,0.00030,0.00195,0.00485
49.60000,1.05394,0.99396,0.00036,0.00157,0.00412
49.70000,1.05394,0.99377,0.00039,0.00177,0.00407
49.80000,1.05394,0.99272,0.00033,0.00169,0.00525
49.90000,1.05394,0.99238,0.00033,0.00203,0.00526
50.00000,1.05394,0.99122,0.00040,0.00202,0.00636
50.10000,1.05394,0.99083,0.00038,0.00217,0.00661
50.20000,1.05394,0.99132,0.00037,0.00207,0.00624
50.30000,1.05394,0.99193,0.00032,0.00202,0.00573
50.40000,1.05394,0.99179,0.00045,0.00218,0.00558
50.50000,1.05394,0.99306,0.00031,0.00182,0.00481
50.60000,1.05394,0.99328,0.00023,0.00181,0.00468
50.70000,1.05394,0.99373,0.00025,0.00165,0.00437
50.80000,1.05394,0.99478,0.00023,0.00152,0.00347
50.90000,1.05394,0.99193,0.00028,0.00214,0.00564
51.00000,1.05394,0.99259,0.00027,0.00195,0.00519
51.10000,1.05394,0.99217,0.00031,0.00211,0.00540
51.20000,1.05394,0.99266,0.00032,0.00209,0.00492
51.30000,1.05394,0.99281,0.00037,0.00217,0.00466
51.40000,1.05394,0.99313,0.00028,0.00186,0.00473
51.50000,1.05394,0.99098,0.00039,0.00260,0.00603
51.60000,1.05394,0.99116,0.00035,0.00237,0.00613
51.70000,1.05394,0.99080,0.00041,0.00244,0.00635
51.80000,1.05394,0.99207,0.00033,0.00197,0.00563
51.90000,1.05394,0.99439,0.00036,0.00166,0.00360
52.00000,1.05394,0.99368,0.00029,0.00168,0.00435
52.10000,1.05394,0.99352,0.00029,0.00165,0.00454
52.20000,1.05394,0.99286,0.00025,0.00178,0.00511
52.30000,1.05394,0.99279,0.00029,0.00173,0.00519
52.40000,1.05394,0.99239,0.00031,0.00197,0.00532
52.50000,1.05394,0.99456,0.00025,0.00146,0.00374
52.60000,1.05394,0.99400,0.00029,0.00168,0.00403
52.70000,1.05394,0.99423,0.00030,0.00168,0.00379
52.80000,1.05394,0.99240,0.00035,0.00210,0.00515
52.90000,1.05394,0.99034,0.00043,0.00252,0.00670
53.00000,1.05394,0.98942,0.00050,0.00267,0.00741
53.10000,1.05394,0.98990,0.00045,0.00260,0.00705
53.20000,1.05394,0.99119,0.00038,0.00205,0.00639
53.30000,1.05394,0.99030,0.00040,0.00224,0.00706
53.40000,1.05394,0.98797,0.00048,0.00246,0.00909
53.50000,1.05394,0.98871,0.00041,0.00250,0.00838
53.60000,1.05394,0.98848,0.00034,0.00236,0.00882
53.70000,1.05394,0.98902,0.00033,0.00220,0.00844
53.80000,1.05394,0.98627,0.00041,0.00262,0.01070
53.90000,1.05394,0.99071,0.00026,0.00195,0.00707
54.00000,1.05394,0.98952,0.00027,0.00231,0.00790
54.10000,1.05394,0.98999,0.00023,0.00221,0.00756
54.20000,1.05394,0.99049,0.00029,0.00217,0.00705
54.30000,1.05394,0.99140,0.00026,0.00201,0.00633
54.40000,1.05394,0.99186,0.00028,0.00205,0.00581
54.50000,1.05394,0.99211,0.00029,0.00212,0.00548
54.60000,1.05394,0.99348,0.00029,0.00167,0.00456
54.70000,1.05394,0.99381,0.00023,0.00179,0.00417
54.80000,1.05394,0.99459,0.00023,0.00158,0.00361
54.90000,1.05394,0.99398,0.00025,0.00186,0.00391
55.00000,1.05394,0.99398,0.00031,0.00183,0.00388
55.10000,1.05394,0.99465,0.00030,0.00160,0.00346
55.20000,1.05394,0.99424,0.00035,0.00169,0.00372
55.30000,1.05394,0.99462,0.00031,0.00146,0.00361
55.40000,1.05394,0.99274,0.00038,0.00199,0.00489
55.50000,1.05394,0.99274,0.00043,0.00194,0.00489
55.60000,1.05394,0.99264,0.00042,0.00201,0.00493
55.70000,1.05394,0.99137,0.00046,0.00234,0.00583
55.80000,1.05394,0.99150,0.00048,0.00214,0.00587
55.90000,1.05394,0.99025,0.00049,0.00258,0.00668
56.00000,1.05394,0.99276,0.00039,0.00182,0.00503
56.10000,1.05394,0.99304,0.00045,0.00203,0.00449
56.20000,1.05394,0.99172,0.00046,0.00222,0.00561
56.30000,1.05394,0.99193,0.00042,0.00225,0.00540
56.40000,1.05394,0.99245,0.00037,0.00212,0.00507
56.50000,1.05394,0.99047,0.00037,0.00254,0.00661
56.60000,1.05394,0.98930,0.00042,0.00266,0.00762
56.70000,1.05394,0.99049,0.00031,0.00235,0.00685
56.80000,1.05394,0.98843,0.00035,0.00272,0.00849
56.90000,1.05394,0.98934,0.00038,0.00262,0.00765
57.00000,1.05394,0.98654,0.00050,0.00303,0.00993
57.10000,1.05394,0.98631,0.00045,0.00302,0.01023
57.20000,1.05394,0.98312,0.00063,0.00385,0.01240
57.30000,1.05394,0.98572,0.00057,0.00323,0.01048
57.40000,1.05394,0.98040,0.00095,0.00429,0.01436
57.50000,1.05394,0.98526,0.00087,0.00380,0.01007
57.60000,1.05394,0.98686,0.00073,0.00306,0.00935
57.70000,1.05394,0.98920,0.00053,0.00272,0.00754
57.80000,1.05394,0.98733,0.00063,0.00306,0.00898
57.90000,1.05394,0.98895,0.00058,0.00259,0.00789
58.00000,1.05394,0.98890,0.00057,0.00275,0.00778
58.10000,1.05394,0.99018,0.00056,0.00246,0.00680
58.20000,1.05394,0.99147,0.00044,0.00214,0.00595
58.30000,1.05394,0.99039,0.00058,0.00231,0.00672
58.40000,1.05394,0.99101,0.00058,0.00254,0.00587
58.50000,1.05394,0.99085,0.00047,0.00242,0.00626
58.60000,1.05394,0.99264,0.00046,0.00213,0.00477
58.70000,1.05394,0.99325,0.00051,0.00183,0.00442
58.80000,1.05394,0.99325,0.00054,0.00192,0.00429
58.90000,1.05394,0.99321,0.00043,0.00183,0.00453
59.00000,1.05394,0.99327,0.00037,0.00177,0.00460
59.10000,1.05394,0.99295,0.00035,0.00188,0.00482
59.20000,1.05394,0.99283,0.00032,0.00182,0.00502
59.30000,1.05394,0.99211,0.00032,0.00206,0.00550
59.40000,1.05394,0.99129,0.00032,0.00202,0.00636
59.50000,1.05394,0.99059,0.00031,0.00225,0.00686
59.60000,1.05394,0.99164,0.00030,0.00190,0.00616
59.70000,1.05394,0.99100,0.00036,0.00229,0.00635
59.80000,1.05394,0.99238,0.00030,0.00190,0.00543
59.90000,1.05394,0.99059,0.00054,0.00244,0.00644
60.00000,1.05394,0.99104,0.00058,0.00222,0.00617
60.10000,1.05394,0.98856,0.00092,0.00262,0.00790
60.20000,1.05394,0.98970,0.00071,0.00216,0.00743
60.30000,1.05394,0.98831,0.00094,0.00239,0.00836
60.40000,1.05394,0.98997,0.00075,0.00201,0.00727
60.50000,1.05394,0.98542,0.00107,0.00263,0.01088
60.60000,1.05394,0.98144,0.00111,0.00300,0.01445
60.70000,1.05394,0.98059,0.00136,0.00320,0.01484
60.80000,1.05394,0.97488,0.00156,0.00412,0.01943
60.90000,1.05394,0.97725,0.00151,0.00367,0.01757
61.00000,1.05394,0.97981,0.00111,0.00354,0.01555
61.10000,1.05394,0.98188,0.00076,0.00345,0.01390
61.20000,1.05394,0.97971,0.00099,0.00403,0.01527
61.30000,1.05394,0.98240,0.00083,0.00346,0.01331
61.40000,1.05394,0.98447,0.00095,0.00358,0.01100
61.50000,1.05394,0.98578,0.00087,0.00309,0.01026
61.60000,1.05394,0.98600,0.00104,0.00339,0.00956
61.70000,1.05394,0.98501,0.00090,0.00358,0.01051
61.80000,1.05394,0.98867,0.00063,0.00292,0.00778
61.90000,1.05394,0.98727,0.00061,0.00316,0.00896
62.00000,1.05394,0.98745,0.00066,0.00308,0.00882
62.10000,1.05394,0.98562,0.00072,0.00352,0.01015
62.20000,1.05394,0.98687,0.00065,0.00302,0.00946
62.30000,1.05394,0.98607,0.00063,0.00313,0.01017
62.40000,1.05394,0.98538,0.00066,0.00344,0.01052
62.50000,1.05394,0.98490,0.00068,0.00331,0.01112
62.60000,1.05394,0.98585,0.00053,0.00311,0.01051
62.70000,1.05394,0.98272,0.00060,0.00382,0.01285
62.80000,1.05394,0.98492,0.00055,0.00297,0.01156
62.90000,1.05394,0.98426,0.00063,0.00353,0.01158
63.00000,1.05394,0.98666,0.00065,0.00303,0.00966
63.10000,1.05394,0.98605,0.00072,0.00315,0.01008
63.20000,1.05394,0.98700,0.00070,0.00284,0.00946
63.30000,1.05394,0.98673,0.00081,0.00289,0.00957
63.40000,1.05393,0.98941,0.00073,0.00245,0.00741
63.50000,1.05394,0.99116,0.00058,0.00218,0.00609
63.60000,1.05394,0.99091,0.00072,0.00236,0.00601
63.70000,1.05394,0.99238,0.00069,0.00202,0.00490
63.80000,1.05394,0.99342,0.00057,0.00186,0.00415
63.90000,1.05393,0.99326,0.00043,0.00174,0.00457
64.00000,1.05394,0.99455,0.00032,0.00163,0.00350
64.10000,1.05394,0.99515,0.00030,0.00133,0.00323
64.20000,1.05394,0.99438,0.00034,0.00170,0.00358
64.30000,1.05393,0.99431,0.00027,0.00168,0.00375
64.40000,1.05393,0.99491,0.00026,0.00148,0.00335
64.50000,1.05394,0.99432,0.00031,0.00153,0.00384
64.60000,1.05394,0.99319,0.00033,0.00201,0.00446
64.70000,1.05394,0.99182,0.00030,0.00217,0.00571
64.80000,1.05393,0.99284,0.00031,0.00197,0.00487
64.90000,1.05393,0.99277,0.00035,0.00192,0.00496
65.00000,1.05394,0.99026,0.00039,0.00230,0.00705
65.10000,1.05394,0.99000,0.00034,0.00257,0.00709
65.20000,1.05394,0.98911,0.00037,0.00243,0.00809
65.30000,1.05393,0.98866,0.00042,0.00267,0.00825
65.40000,1.05393,0.98974,0.00038,0.00222,0.00766
65.50000,1.05394,0.99006,0.00040,0.00251,0.00703
65.60000,1.05394,0.99210,0.00045,0.00225,0.00520
65.70000,1.05394,0.99242,0.00052,0.00231,0.00474
65.80000,1.05393,0.99333,0.00045,0.00194,0.00427
65.90000,1.05393,0.99356,0.00046,0.00188,0.00410
66.00000,1.05394,0.99470,0.00047,0.00167,0.00315
66.10000,1.05394,0.99354,0.00051,0.00187,0.00407
66.20000,1.05394,0.99438,0.00047,0.00172,0.00343
66.30000,1.05393,0.99383,0.00042,0.00172,0.00403
66.40000,1.05393,0.99307,0.00044,0.00202,0.00447
66.50000,1.05394,0.99297,0.00036,0.00169,0.00498
66.60000,1.05394,0.99198,0.00035,0.00208,0.00558
66.70000,1.05394,0.99199,0.00031,0.00200,0.00570
66.80000,1.05393,0.99255,0.00034,0.00201,0.00509
66.90000,1.05393,0.99170,0.00037,0.00201,0.00591
67.00000,1.05394,0.99225,0.00031,0.00203,0.00541
67.10000,1.05394,0.99342,0.00028,0.00180,0.00450
67.20000,1.05394,0.99425,0.00031,0.00180,0.00365
67.30000,1.05393,0.99485,0.00028,0.00154,0.00333
67.40000,1.05393,0.99411,0.00031,0.00189,0.00369
67.50000,1.05394,0.99477,0.00031,0.00161,0.00330
67.60000,1.05394,0.99443,0.00035,0.00170,0.00352
67.70000,1.05394,0.99463,0.00029,0.00150,0.00359
67.80000,1.05393,0.99319,0.00031,0.00184,0.00467
67.90000,1.05393,0.99339,0.00035,0.00183,0.00443
68.00000,1.05394,0.99299,0.00038,0.00194,0.00469
68.10000,1.05394,0.99209,0.00040,0.00206,0.00544
68.20000,1.05394,0.99139,0.00040,0.00210,0.00612
68.30000,1.05393,0.99109,0.00045,0.00224,0.00622
68.40000,1.05393,0.99052,0.00050,0.00248,0.00649
68.50000,1.05394,0.98952,0.00046,0.00272,0.00729
68.60000,1.05394,0.98952,0.00048,0.00292,0.00708
68.70000,1.05394,0.98873,0.00069,0.00302,0.00756
68.80000,1.05393,0.99062,0.00058,0.00250,0.00630
68.90000,1.05393,0.99072,0.00049,0.00258,0.00620
69.00000,1.05394,0.99159,0.00044,0.00246,0.00551
69.10000,1.05394,0.99145,0.00046,0.00259,0.00550
69.20000,1.05394,0.99157,0.00051,0.00269,0.00523
69.30000,1.05393,0.99215,0.00049,0.00258,0.00478
69.40000,1.05393,0.99299,0.00046,0.00227,0.00429
69.50000,1.05394,0.99283,0.00041,0.00232,0.00444
69.60000,1.05394,0.99298,0.00040,0.00212,0.00451
69.70000,1.05394,0.99292,0.00033,0.00217,0.00458
69.80000,1.05393,0.99309,0.00037,0.00216,0.00438
69.90000,1.05393,0.99153,0.00045,0.00249,0.00553
70.00000,1.05394,0.99200,0.00038,0.00215,0.00547
70.10000,1.05394,0.99157,0.00045,0.00213,0.00585
70.20000,1.05394,0.99164,0.00039,0.00226,0.00571
70.30000,1.05393,0.99083,0.00048,0.00244,0.00625
70.40000,1.05393,0.99282,0.00041,0.00202,0.00474
70.50000,1.05394,0.99308,0.00049,0.00195,0.00448
70.60000,1.05394,0.99298,0.00053,0.00202,0.00447
70.70000,1.05394,0.99249,0.00061,0.00207,0.00483
70.80000,1.05393,0.99285,0.00057,0.00221,0.00437
70.90000,1.05393,0.99310,0.00054,0.00197,0.00439
71.00000,1.05394,0.99349,0.00052,0.00194,0.00406
71.10000,1.05394,0.99184,0.00052,0.00222,0.00541
71.20000,1.05394,0.99056,0.00057,0.00271,0.00616
71.30000,1.05393,0.99135,0.00041,0.00242,0.00583
71.40000,1.05393,0.99227,0.00036,0.00220,0.00517
71.50000,1.05394,0.99102,0.00047,0.00249,0.00603
71.60000,1.05394,0.99304,0.00030,0.00202,0.00464
71.70000,1.05394,0.99155,0.00038,0.00235,0.00572
71.80000,1.05393,0.99280,0.00032,0.00219,0.00470
71.90000,1.05393,0.99138,0.00041,0.00245,0.00577
72.00000,1.05394,0.98985,0.00043,0.00269,0.00702
72.10000,1.05394,0.98873,0.00039,0.00259,0.00830
72.20000,1.05394,0.98791,0.00043,0.00266,0.00900
72.30000,1.05393,0.98606,0.00050,0.00294,0.01050
72.40000,1.05393,0.98404,0.00055,0.00330,0.01211
72.50000,1.05394,0.98477,0.00042,0.00278,0.01203
72.60000,1.05394,0.98156,0.00054,0.00372,0.01418
72.70000,1.05394,0.98524,0.00035,0.00249,0.01192
72.80000,1.05393,0.98650,0.00035,0.00268,0.01047
72.90000,1.05393,0.98350,0.00032,0.00312,0.01305
73.00000,1.05394,0.98409,0.00038,0.00339,0.01215
73.10000,1.05394,0.98768,0.00030,0.00241,0.00961
73.20000,1.05394,0.98720,0.00036,0.00277,0.00967
73.30000,1.05393,0.98571,0.00036,0.00300,0.01094
73.40000,1.05393,0.98807,0.00031,0.00247,0.00915
73.50000,1.05394,0.98866,0.00031,0.00258,0.00845
73.60000,1.05394,0.98945,0.00030,0.00251,0.00774
73.70000,1.05394,0.98748,0.00035,0.00289,0.00928
73.80000,1.05393,0.98954,0.00041,0.00264,0.00742
73.90000,1.05393,0.99315,0.00028,0.00197,0.00459
74.00000,1.05394,0.99307,0.00032,0.00210,0.00451
74.10000,1.05394,0.99320,0.00036,0.00197,0.00447
74.20000,1.05394,0.99363,0.00036,0.00174,0.00427
74.30000,1.05393,0.99234,0.00039,0.00215,0.00512
74.40000,1.05393,0.99102,0.00043,0.00220,0.00635
74.50000,1.05394,0.99018,0.00048,0.00225,0.00709
74.60000,1.05394,0.98983,0.00047,0.00231,0.00739
74.70000,1.05394,0.98881,0.00045,0.00253,0.00821
74.80000,1.05393,0.98767,0.00054,0.00262,0.00917
74.90000,1.05393,0.98828,0.00050,0.00264,0.00857
75.00000,1.05394,0.98580,0.00049,0.00301,0.01070
75.10000,1.05394,0.98590,0.00047,0.00331,0.01032
75.20000,1.05394,0.98602,0.00050,0.00335,0.01014
75.30000,1.05393,0.98608,0.00050,0.00348,0.00995
75.40000,1.05393,0.98489,0.00058,0.00354,0.01099
75.50000,1.05394,0.98550,0.00054,0.00356,0.01039
75.60000,1.05394,0.98443,0.00050,0.00353,0.01154
75.70000,1.05394,0.98378,0.00058,0.00364,0.01200
75.80000,1.05393,0.98403,0.00050,0.00335,0.01212
75.90000,1.05393,0.98336,0.00050,0.00379,0.01234
76.00000,1.05394,0.98569,0.00040,0.00320,0.01071
76.10000,1.05394,0.98522,0.00047,0.00334,0.01097
76.20000,1.05394,0.98623,0.00039,0.00288,0.01050
76.30000,1.05393,0.98181,0.00060,0.00424,0.01334
76.40000,1.05393,0.98554,0.00050,0.00349,0.01048
76.50000,1.05394,0.98735,0.00047,0.00302,0.00916
76.60000,1.05394,0.98900,0.00039,0.00250,0.00810
76.70000,1.05394,0.98752,0.00051,0.00335,0.00862
76.80000,1.05393,0.98693,0.00049,0.00330,0.00928
76.90000,1.05393,0.99071,0.00044,0.00231,0.00654
77.00000,1.05394,0.99089,0.00044,0.00209,0.00657
77.10000,1.05394,0.99147,0.00046,0.00211,0.00596
77.20000,1.05394,0.99222,0.00042,0.00200,0.00536
77.30000,1.05393,0.99198,0.00040,0.00194,0.00567
77.40000,1.05393,0.99077,0.00044,0.00224,0.00655
77.50000,1.05394,0.99124,0.00039,0.00196,0.00641
77.60000,1.05394,0.98992,0.00042,0.00240,0.00725
77.70000,1.05394,0.98914,0.00042,0.00250,0.00795
77.80000,1.05393,0.98990,0.00043,0.00257,0.00710
77.90000,1.05393,0.99204,0.00042,0.00208,0.00546
78.00000,1.05394,0.99137,0.00046,0.00239,0.00578
78.10000,1.05394,0.99014,0.00050,0.00227,0.00709
78.20000,1.05394,0.98748,0.00071,0.00310,0.00871
78.30000,1.05393,0.99012,0.00053,0.00246,0.00688
78.40000,1.05393,0.99026,0.00047,0.00263,0.00664
78.50000,1.05394,0.99149,0.00057,0.00223,0.00572
78.60000,1.05394,0.99212,0.00053,0.00230,0.00505
78.70000,1.05394,0.99284,0.00043,0.00200,0.00473
78.80000,1.05393,0.99419,0.00033,0.00174,0.00374
78.90000,1.05393,0.99292,0.00046,0.00192,0.00470
79.00000,1.05394,0.99264,0.00042,0.00224,0.00470
79.10000,1.05394,0.99395,0.00033,0.00183,0.00389
79.20000,1.05394,0.99373,0.00037,0.00194,0.00396
79.30000,1.05393,0.99357,0.00039,0.00185,0.00419
79.40000,1.05393,0.99134,0.00058,0.00236,0.00572
79.50000,1.05394,0.99098,0.00062,0.00255,0.00585
79.60000,1.05394,0.98968,0.00075,0.00270,0.00687
79.70000,1.05394,0.99067,0.00059,0.00238,0.00636
79.80000,1.05393,0.98868,0.00067,0.00281,0.00784
79.90000,1.05393,0.99005,0.00063,0.00255,0.00678
80.00000,1.05394,0.98975,0.00068,0.00260,0.00697
80.10000,1.05394,0.99130,0.00052,0.00228,0.00591
80.20000,1.05394,0.99018,0.00052,0.00236,0.00693
80.30000,1.05393,0.98921,0.00050,0.00256,0.00773
80.40000,1.05393,0.98687,0.00049,0.00284,0.00980
80.50000,1.05394,0.98664,0.00047,0.00310,0.00978
80.60000,1.05394,0.98666,0.00046,0.00281,0.01007
80.70000,1.05394,0.98553,0.00051,0.00346,0.01050
80.80000,1.05393,0.98699,0.00042,0.00307,0.00953
80.90000,1.05393,0.98623,0.00038,0.00305,0.01035
81.00000,1.05394,0.98596,0.00041,0.00310,0.01054
81.10000,1.05394,0.98834,0.00037,0.00295,0.00835
81.20000,1.05394,0.98864,0.00042,0.00292,0.00801
81.30000,1.05393,0.98966,0.00040,0.00278,0.00715
81.40000,1.05393,0.98761,0.00050,0.00308,0.00880
81.50000,1.05394,0.98689,0.00047,0.00335,0.00929
81.60000,1.05394,0.98746,0.00046,0.00279,0.00929
81.70000,1.05394,0.98668,0.00055,0.00317,0.00960
81.80000,1.05393,0.98569,0.00060,0.00303,0.01067
81.90000,1.05393,0.98203,0.00071,0.00358,0.01368
82.00000,1.05394,0.98180,0.00058,0.00342,0.01420
82.10000,1.05394,0.97568,0.00066,0.00407,0.01959
82.20000,1.05394,0.97726,0.00066,0.00371,0.01838
82.30000,1.05393,0.97469,0.00069,0.00414,0.02047
82.40000,1.05393,0.97981,0.00062,0.00390,0.01567
82.50000,1.05394,0.98314,0.00060,0.00310,0.01317
82.60000,1.05394,0.98311,0.00059,0.00323,0.01307
82.70000,1.05394,0.98269,0.00057,0.00318,0.01355
82.80000,1.05393,0.98196,0.00071,0.00392,0.01341
82.90000,1.05393,0.98601,0.00053,0.00281,0.01064
83.00000,1.05394,0.98633,0.00070,0.00331,0.00966
83.10000,1.05394,0.98893,0.00054,0.00232,0.00822
83.20000,1.05394,0.98443,0.00068,0.00353,0.01136
83.30000,1.05393,0.98791,0.00056,0.00267,0.00885
83.40000,1.05393,0.98546,0.00057,0.00337,0.01060
83.50000,1.05394,0.98715,0.00052,0.00318,0.00915
83.60000,1.05394,0.98722,0.00050,0.00288,0.00939
83.70000,1.05394,0.98891,0.00055,0.00268,0.00786
83.80000,1.05393,0.98999,0.00044,0.00231,0.00726
83.90000,1.05393,0.98993,0.00046,0.00265,0.00696
84.00000,1.05394,0.99170,0.00037,0.00211,0.00582
84.10000,1.05394,0.99247,0.00035,0.00209,0.00509
84.20000,1.05394,0.99337,0.00033,0.00190,0.00440
84.30000,1.05393,0.99353,0.00034,0.00190,0.00424
84.40000,1.05393,0.99374,0.00033,0.00184,0.00409
84.50000,1.05394,0.99390,0.00029,0.00161,0.00420
84.60000,1.05394,0.99432,0.00026,0.00170,0.00372
84.70000,1.05394,0.99313,0.00030,0.00191,0.00466
84.80000,1.05393,0.99194,0.00033,0.00247,0.00526
84.90000,1.05393,0.99120,0.00035,0.00221,0.00624
85.00000,1.05394,0.99058,0.00044,0.00245,0.00652
85.10000,1.05394,0.99164,0.00034,0.00217,0.00586
85.20000,1.05394,0.98691,0.00055,0.00354,0.00899
85.30000,1.05393,0.98965,0.00038,0.00263,0.00734
85.40000,1.05393,0.99082,0.00039,0.00239,0.00640
85.50000,1.05394,0.99053,0.00032,0.00234,0.00681
85.60000,1.05394,0.99022,0.00034,0.00245,0.00699
85.70000,1.05394,0.99214,0.00030,0.00206,0.00550
85.80000,1.05393,0.99364,0.00022,0.00177,0.00437
85.90000,1.05393,0.99288,0.00024,0.00185,0.00503
86.00000,1.05394,0.99437,0.00023,0.00152,0.00388
86.10000,1.05394,0.99300,0.00036,0.00197,0.00467
86.20000,1.05394,0.99198,0.00031,0.00215,0.00556
86.30000,1.05393,0.99265,0.00025,0.00185,0.00525
86.40000,1.05393,0.99233,0.00028,0.00202,0.00537
86.50000,1.05394,0.99351,0.00025,0.00174,0.00449
86.60000,1.05394,0.99261,0.00029,0.00207,0.00503
86.70000,1.05394,0.99239,0.00024,0.00199,0.00538
86.80000,1.05393,0.99159,0.00029,0.00223,0.00589
86.90000,1.05393,0.99218,0.00026,0.00207,0.00549
87.00000,1.05394,0.99021,0.00029,0.00257,0.00692
87.10000,1.05394,0.99259,0.00031,0.00205,0.00505
87.20000,1.05394,0.99365,0.00026,0.00181,0.00428
87.30000,1.05393,0.99423,0.00028,0.00167,0.00382
87.40000,1.05393,0.99402,0.00024,0.00181,0.00394
87.50000,1.05394,0.99480,0.00025,0.00159,0.00337
87.60000,1.05394,0.99469,0.00023,0.00157,0.00351
87.70000,1.05394,0.99511,0.00027,0.00143,0.00319
87.80000,1.05393,0.99566,0.00022,0.00141,0.00272
87.90000,1.05393,0.99593,0.00020,0.00121,0.00266
88.00000,1.05394,0.99681,0.00015,0.00108,0.00196
88.10000,1.05394,0.99656,0.00015,0.00104,0.00224
88.20000,1.05394,0.99595,0.00018,0.00132,0.00255
88.30000,1.05393,0.99431,0.00025,0.00161,0.00383
88.40000,1.05393,0.99451,0.00025,0.00152,0.00372
88.50000,1.05394,0.99378,0.00028,0.00183,0.00411
88.60000,1.05394,0.99491,0.00025,0.00162,0.00321
88.70000,1.05394,0.99412,0.00029,0.00173,0.00386
88.80000,1.05393,0.99369,0.00033,0.00176,0.00423
88.90000,1.05393,0.99383,0.00043,0.00180,0.00395
89.00000,1.05394,0.99351,0.00040,0.00183,0.00426
89.10000,1.05394,0.99192,0.00048,0.00214,0.00546
89.20000,1.05394,0.99354,0.00046,0.00186,0.00414
89.30000,1.05393,0.99316,0.00039,0.00188,0.00457
89.40000,1.05393,0.99299,0.00039,0.00191,0.00470
89.50000,1.05394,0.99157,0.00036,0.00219,0.00589
89.60000,1.05394,0.99228,0.00036,0.00209,0.00527
89.70000,1.05394,0.98967,0.00036,0.00239,0.00759
89.80000,1.05393,0.98936,0.00039,0.00268,0.00757
89.90000,1.05393,0.98947,0.00043,0.00281,0.00728
90.00000,1.05394,0.99067,0.00036,0.00243,0.00654
90.10000,1.05394,0.98751,0.00040,0.00290,0.00918
90.20000,1.05394,0.98843,0.00032,0.00283,0.00841
90.30000,1.05393,0.98450,0.00057,0.00356,0.01137
90.40000,1.05393,0.98858,0.00049,0.00300,0.00793
90.50000,1.05394,0.98740,0.00050,0.00295,0.00915
90.60000,1.05394,0.99146,0.00037,0.00228,0.00589
90.70000,1.05394,0.99007,0.00044,0.00239,0.00710
90.80000,1.05393,0.98968,0.00039,0.00255,0.00738
90.90000,1.05393,0.98900,0.00045,0.00278,0.00777
91.00000,1.05394,0.99063,0.00038,0.00252,0.00647
91.10000,1.05394,0.99163,0.00040,0.00208,0.00590
91.20000,1.05394,0.99131,0.00041,0.00241,0.00587
91.30000,1.05393,0.99085,0.00049,0.00238,0.00628
91.40000,1.05393,0.99021,0.00046,0.00252,0.00681
91.50000,1.05394,0.98833,0.00058,0.00280,0.00828
91.60000,1.05394,0.98622,0.00074,0.00345,0.00959
91.70000,1.05394,0.98698,0.00063,0.00290,0.00949
91.80000,1.05393,0.98824,0.00064,0.00293,0.00818
91.90000,1.05393,0.98854,0.00047,0.00254,0.00846
92.00000,1.05394,0.98878,0.00049,0.00264,0.00808
92.10000,1.05394,0.99015,0.00041,0.00242,0.00702
92.20000,1.05394,0.98901,0.00042,0.00256,0.00802
92.30000,1.05393,0.98908,0.00038,0.00253,0.00801
92.40000,1.05393,0.99036,0.00045,0.00249,0.00670
92.50000,1.05394,0.99286,0.00031,0.00177,0.00506
92.60000,1.05394,0.99116,0.00037,0.00220,0.00628
92.70000,1.05394,0.99094,0.00041,0.00227,0.00638
92.80000,1.05393,0.99030,0.00039,0.00253,0.00677
92.90000,1.05393,0.99034,0.00052,0.00245,0.00670
93.00000,1.05394,0.99187,0.00050,0.00218,0.00545
93.10000,1.05394,0.98918,0.00074,0.00285,0.00723
93.20000,1.05394,0.99253,0.00048,0.00199,0.00500
93.30000,1.05393,0.99186,0.00053,0.00214,0.00548
93.40000,1.05393,0.99353,0.00039,0.00173,0.00435
93.50000,1.05394,0.99188,0.00046,0.00219,0.00547
93.60000,1.05394,0.99182,0.00036,0.00201,0.00581
93.70000,1.05394,0.98891,0.00061,0.00253,0.00796
93.80000,1.05393,0.99170,0.00041,0.00231,0.00558
93.90000,1.05393,0.99073,0.00048,0.00253,0.00626
94.00000,1.05394,0.99128,0.00039,0.00243,0.00590
94.10000,1.05394,0.99039,0.00043,0.00257,0.00661
94.20000,1.05394,0.99238,0.00036,0.00232,0.00494
94.30000,1.05393,0.99106,0.00040,0.00229,0.00625
94.40000,1.05393,0.98917,0.00043,0.00281,0.00759
94.50000,1.05394,0.99177,0.00034,0.00196,0.00593
94.60000,1.05394,0.99240,0.00033,0.00193,0.00534
94.70000,1.05394,0.99309,0.00024,0.00176,0.00491
94.80000,1.05393,0.99409,0.00023,0.00163,0.00404
94.90000,1.05393,0.99465,0.00023,0.00146,0.00366
95.00000,1.05394,0.99406,0.00029,0.00160,0.00405
95.10000,1.05394,0.99335,0.00026,0.00168,0.00471
95.20000,1.05394,0.99178,0.00030,0.00205,0.00586
95.30000,1.05393,0.99146,0.00029,0.00201,0.00623
95.40000,1.05393,0.98984,0.00043,0.00246,0.00727
95.50000,1.05394,0.98941,0.00042,0.00243,0.00774
95.60000,1.05394,0.98603,0.00063,0.00330,0.01004
95.70000,1.05394,0.98254,0.00056,0.00332,0.01358
95.80000,1.05393,0.98123,0.00054,0.00377,0.01445
95.90000,1.05393,0.97736,0.00060,0.00434,0.01770
96.00000,1.05394,0.98395,0.00042,0.00324,0.01239
96.10000,1.05394,0.98091,0.00053,0.00415,0.01441
96.20000,1.05394,0.98773,0.00054,0.00312,0.00862
96.30000,1.05393,0.98761,0.00065,0.00307,0.00866
96.40000,1.05393,0.98969,0.00049,0.00233,0.00748
96.50000,1.05394,0.98874,0.00062,0.00259,0.00805
96.60000,1.05394,0.98920,0.00060,0.00254,0.00766
96.70000,1.05394,0.98975,0.00072,0.00244,0.00709
96.80000,1.05393,0.99125,0.00066,0.00218,0.00591
96.90000,1.05393,0.98983,0.00071,0.00259,0.00687
97.00000,1.05394,0.98967,0.00083,0.00262,0.00688
97.10000,1.05394,0.98964,0.00093,0.00235,0.00708
97.20000,1.05394,0.98918,0.00062,0.00251,0.00770
97.30000,1.05393,0.99037,0.00053,0.00225,0.00685
97.40000,1.05393,0.99134,0.00050,0.00220,0.00596
97.50000,1.05394,0.99266,0.00046,0.00184,0.00504
97.60000,1.05394,0.99414,0.00035,0.00165,0.00386
97.70000,1.05394,0.99467,0.00035,0.00151,0.00347
97.80000,1.05393,0.99412,0.00041,0.00176,0.00371
97.90000,1.05393,0.99523,0.00029,0.00137,0.00311
98.00000,1.05394,0.99515,0.00026,0.00147,0.00312
98.10000,1.05394,0.99519,0.00025,0.00146,0.00309
98.20000,1.05394,0.99494,0.00028,0.00167,0.00311
98.30000,1.05393,0.99517,0.00026,0.00148,0.00309
98.40000,1.05393,0.99423,0.00035,0.00177,0.00365
98.50000,1.05394,0.99323,0.00038,0.00190,0.00450
98.60000,1.05394,0.99175,0.00042,0.00233,0.00550
98.70000,1.05394,0.99150,0.00033,0.00216,0.00600
98.80000,1.05393,0.99175,0.00037,0.00219,0.00569
98.90000,1.05393,0.99008,0.00044,0.00243,0.00704
99.00000,1.05394,0.98897,0.00049,0.00254,0.00800
99.10000,1.05394,0.98830,0.00078,0.00286,0.00806
99.20000,1.05394,0.98881,0.00072,0.00271,0.00777
99.30000,1.05393,0.98901,0.00073,0.00255,0.00772
99.40000,1.05393,0.98712,0.00092,0.00299,0.00897
99.50000,1.05394,0.98705,0.00091,0.00319,0.00885
99.60000,1.05394,0.98840,0.00095,0.00263,0.00801
99.70000,1.05394,0.98887,0.00092,0.00289,0.00733
99.80000,1.05393,0.99017,0.00068,0.00238,0.00678
99.90000,1.05393,0.99039,0.00077,0.00249,0.00635
100.00000,1.05394,0.99126,0.00064,0.00232,0.00578
100.10000,1.05394,0.99140,0.00054,0.00239,0.00567
100.20000,1.05394,0.99209,0.00037,0.00186,0.00568
100.30000,1.05393,0.99127,0.00044,0.00231,0.00598
100.40000,1.05393,0.99300,0.00031,0.00177,0.00492
100.50000,1.05394,0.98950,0.00045,0.00258,0.00748
100.60000,1.05394,0.99128,0.00032,0.00207,0.00633
100.70000,1.05394,0.98876,0.00040,0.00267,0.00818
100.80000,1.05393,0.99162,0.00029,0.00190,0.00618
100.90000,1.05393,0.98878,0.00037,0.00232,0.00852
101.00000,1.05394,0.98883,0.00038,0.00243,0.00836
101.10000,1.05394,0.98926,0.00044,0.00231,0.00799
101.20000,1.05394,0.99115,0.00043,0.00215,0.00627
101.30000,1.05393,0.99065,0.00036,0.00214,0.00685
101.40000,1.05393,0.99077,0.00051,0.00259,0.00613
101.50000,1.05394,0.99023,0.00049,0.00243,0.00684
101.60000,1.05394,0.99125,0.00043,0.00218,0.00614
101.70000,1.05394,0.99224,0.00046,0.00202,0.00528
101.80000,1.05393,0.99208,0.00041,0.00213,0.00539
101.90000,1.05393,0.99147,0.00049,0.00224,0.00580
102.00000,1.05394,0.99281,0.00038,0.00189,0.00491
102.10000,1.05394,0.99074,0.00049,0.00245,0.00631
102.20000,1.05394,0.99250,0.00037,0.00196,0.00517
102.30000,1.05393,0.99165,0.00043,0.00219,0.00572
102.40000,1.05393,0.99280,0.00034,0.00197,0.00489
102.50000,1.05394,0.99416,0.00027,0.00163,0.00395
102.60000,1.05394,0.99563,0.00022,0.00142,0.00273
102.70000,1.05394,0.99520,0.00022,0.00153,0.00305
102.80000,1.05393,0.99592,0.00020,0.00141,0.00247
102.90000,1.05393,0.99540,0.00017,0.00140,0.00304
103.00000,1.05394,0.99514,0.00022,0.00154,0.00310
103.10000,1.05394,0.99524,0.00018,0.00141,0.00317
103.20000,1.05394,0.99487,0.00021,0.00161,0.00331
103.30000,1.05393,0.99362,0.00023,0.00185,0.00429
103.40000,1.05393,0.99318,0.00024,0.00202,0.00456
103.50000,1.05394,0.99119,0.00033,0.00211,0.00637
103.60000,1.05394,0.99111,0.00033,0.00231,0.00625
103.70000,1.05394,0.99115,0.00036,0.00225,0.00624
103.80000,1.05393,0.99181,0.00033,0.00215,0.00571
103.90000,1.05393,0.99239,0.00028,0.00190,0.00543
104.00000,1.05394,0.99121,0.00032,0.00231,0.00616
104.10000,1.05394,0.99201,0.00025,0.00192,0.00582
104.20000,1.05394,0.99122,0.00033,0.00239,0.00606
104.30000,1.05393,0.99222,0.00029,0.00203,0.00546
104.40000,1.05393,0.99145,0.00031,0.00253,0.00572
104.50000,1.05394,0.99045,0.00036,0.00253,0.00666
104.60000,1.05394,0.98929,0.00045,0.00327,0.00699
104.70000,1.05394,0.98886,0.00052,0.00311,0.00752
104.80000,1.05393,0.98825,0.00068,0.00346,0.00760
104.90000,1.05393,0.98946,0.00064,0.00304,0.00686
105.00000,1.05394,0.98961,0.00067,0.00313,0.00658
105.10000,1.05394,0.99092,0.00056,0.00269,0.00583
105.20000,1.05394,0.99005,0.00055,0.00274,0.00666
105.30000,1.05393,0.99178,0.00057,0.00229,0.00536
105.40000,1.05393,0.99241,0.00046,0.00209,0.00504
105.50000,1.05394,0.99146,0.00043,0.00231,0.00580
105.60000,1.05394,0.99371,0.00032,0.00165,0.00432
105.70000,1.05394,0.99156,0.00041,0.00219,0.00584
105.80000,1.05393,0.99235,0.00027,0.00180,0.00558
105.90000,1.05393,0.99018,0.00030,0.00229,0.00723
106.00000,1.05394,0.99168,0.00028,0.00199,0.00605
106.10000,1.05394,0.98954,0.00038,0.00243,0.00764
106.20000,1.05394,0.98965,0.00032,0.00211,0.00791
106.30000,1.05393,0.98649,0.00032,0.00263,0.01056
106.40000,1.05393,0.98756,0.00028,0.00247,0.00969
106.50000,1.05394,0.98540,0.00029,0.00277,0.01155
106.60000,1.05394,0.98285,0.00026,0.00289,0.01399
106.70000,1.05394,0.98388,0.00026,0.00268,0.01318
106.80000,1.05393,0.98318,0.00024,0.00271,0.01387
106.90000,1.05393,0.98432,0.00023,0.00255,0.01291
107.00000,1.05394,0.98291,0.00020,0.00274,0.01415
107.10000,1.05394,0.98129,0.00019,0.00277,0.01575
107.20000,1.05394,0.98296,0.00016,0.00256,0.01432
107.30000,1.05393,0.98312,0.00018,0.00261,0.01409
107.40000,1.05393,0.98609,0.00016,0.00232,0.01143
107.50000,1.05394,0.98164,0.00022,0.00283,0.01531
107.60000,1.05394,0.98494,0.00014,0.00224,0.01268
107.70000,1.05394,0.98218,0.00018,0.00272,0.01492
107.80000,1.05393,0.98532,0.00014,0.00228,0.01227
107.90000,1.05393,0.98541,0.00015,0.00218,0.01226
108.00000,1.05394,0.98461,0.00014,0.00257,0.01268
108.10000,1.05394,0.98498,0.00018,0.00263,0.01220
108.20000,1.05394,0.98220,0.00021,0.00279,0.01480
108.30000,1.05393,0.97979,0.00022,0.00295,0.01704
108.40000,1.05393,0.97637,0.00022,0.00346,0.01995
108.50000,1.05394,0.97499,0.00026,0.00347,0.02128
108.60000,1.05394,0.97971,0.00023,0.00279,0.01728
108.70000,1.05394,0.97969,0.00030,0.00302,0.01699
108.80000,1.05393,0.97868,0.00035,0.00328,0.01770
108.90000,1.05393,0.97423,0.00047,0.00368,0.02163
109.00000,1.05394,0.97491,0.00048,0.00352,0.02109
109.10000,1.05394,0.97341,0.00051,0.00381,0.02227
109.20000,1.05394,0.97995,0.00040,0.00308,0.01657
109.30000,1.05393,0.98089,0.00039,0.00312,0.01560
109.40000,1.05393,0.98358,0.00034,0.00282,0.01326
109.50000,1.05394,0.98544,0.00030,0.00248,0.01178
109.60000,1.05394,0.98330,0.00033,0.00272,0.01365
109.70000,1.05394,0.98432,0.00026,0.00240,0.01302
109.80000,1.05393,0.98579,0.00023,0.00236,0.01161
109.90000,1.05393,0.98710,0.00020,0.00240,0.01031
110.00000,1.05394,0.98780,0.00019,0.00225,0.00976
110.10000,1.05394,0.98911,0.00019,0.00207,0.00862
110.20000,1.05394,0.98842,0.00019,0.00222,0.00917
110.30000,1.05393,0.98961,0.00021,0.00223,0.00795
110.40000,1.05393,0.98734,0.00033,0.00258,0.00976
110.50000,1.05394,0.98406,0.00067,0.00301,0.01227
110.60000,1.05394,0.98640,0.00057,0.00205,0.01097
110.70000,1.05394,0.98578,0.00041,0.00185,0.01195
110.80000,1.05393,0.98391,0.00067,0.00205,0.01338
110.90000,1.05393,0.97683,0.00081,0.00268,0.01967
111.00000,1.05394,0.95371,0.00133,0.00348,0.04148
111.10000,1.05394,0.93953,0.00112,0.00331,0.05604
111.20000,1.05394,0.91560,0.00241,0.00438,0.07760
111.30000,1.05393,0.88723,0.00272,0.00433,0.10571
111.40000,1.05393,0.83896,0.00282,0.00656,0.15167
111.50000,1.05394,0.86146,0.00236,0.00513,0.13105
111.60000,1.05394,0.82922,0.00387,0.00556,0.16135
111.70000,1.05394,0.76532,0.00390,0.00610,0.22468
111.80000,1.05393,0.75917,0.00428,0.00555,0.23101
111.90000,1.05393,0.80048,0.00518,0.00553,0.18881
112.00000,1.05394,0.82639,0.00403,0.00437,0.16521
112.10000,1.05394,0.82421,0.00422,0.00477,0.16679
112.20000,1.05394,0.83244,0.00460,0.00479,0.15817
112.30000,1.05393,0.85889,0.00444,0.00479,0.13189
112.40000,1.05393,0.86404,0.00334,0.00437,0.12825
112.50000,1.05394,0.86185,0.00330,0.00485,0.13000
112.60000,1.05394,0.86908,0.00356,0.00400,0.12336
112.70000,1.05394,0.88656,0.00332,0.00346,0.10665
112.80000,1.05393,0.88092,0.00303,0.00403,0.11202
112.90000,1.05393,0.92773,0.00200,0.00275,0.06752
113.00000,1.05394,0.91432,0.00213,0.00307,0.08048
113.10000,1.05394,0.92957,0.00196,0.00248,0.06600
113.20000,1.05394,0.92900,0.00146,0.00251,0.06704
113.30000,1.05393,0.90348,0.00186,0.00317,0.09149
113.40000,1.05393,0.91098,0.00144,0.00294,0.08464
113.50000,1.05394,0.84985,0.00238,0.00426,0.14351
113.60000,1.05394,0.83724,0.00240,0.00400,0.15636
113.70000,1.05394,0.78945,0.00300,0.00441,0.20314
113.80000,1.05393,0.67550,0.00256,0.00452,0.31742
113.90000,1.05393,0.56207,0.00388,0.00533,0.42871
114.00000,1.05394,0.46373,0.00433,0.00496,0.52697
114.10000,1.05394,0.38151,0.00639,0.00435,0.60775
114.20000,1.05394,0.41835,0.01015,0.00548,0.56602
114.30000,1.05393,0.44336,0.00954,0.00412,0.54299
114.40000,1.05393,0.40212,0.01642,0.00465,0.57681
114.50000,1.05394,0.41480,0.01960,0.00421,0.56139
114.60000,1.05394,0.37016,0.02318,0.00537,0.60128
114.70000,1.05394,0.35744,0.03047,0.00510,0.60699
114.80000,1.05393,0.46534,0.05457,0.00532,0.47477
114.90000,1.05393,0.58941,0.05401,0.00430,0.35229
115.00000,1.05394,0.73989,0.02988,0.00320,0.22704
115.10000,1.05394,0.80814,0.01622,0.00339,0.17226
115.20000,1.05394,0.86300,0.00909,0.00355,0.12436
115.30000,1.05393,0.87172,0.00604,0.00429,0.11795
115.40000,1.05393,0.90660,0.00339,0.00377,0.08625
115.50000,1.05394,0.94957,0.00234,0.00308,0.04501
115.60000,1.05394,0.96860,0.00138,0.00338,0.02664
115.70000,1.05394,0.98038,0.00062,0.00288,0.01612
115.80000,1.05393,0.98808,0.00016,0.00218,0.00958
115.90000,1.05393,0.98512,0.00016,0.00244,0.01228
116.00000,1.05394,0.98302,0.00015,0.00291,0.01392
116.10000,1.05394,0.98043,0.00016,0.00305,0.01635
116.20000,1.05394,0.98224,0.00015,0.00252,0.01509
116.30000,1.05393,0.98515,0.00014,0.00235,0.01236
116.40000,1.05393,0.98179,0.00018,0.00303,0.01499
116.50000,1.05394,0.98481,0.00019,0.00278,0.01222
116.60000,1.05394,0.98113,0.00019,0.00308,0.01559
116.70000,1.05394,0.97945,0.00021,0.00342,0.01692
116.80000,1.05393,0.98288,0.00021,0.00296,0.01395
116.90000,1.05393,0.98561,0.00022,0.00287,0.01130
117.00000,1.05394,0.98804,0.00018,0.00242,0.00935
117.10000,1.05394,0.98916,0.00018,0.00233,0.00833
117.20000,1.05394,0.98712,0.00019,0.00249,0.01020
117.30000,1.05393,0.98708,0.00019,0.00224,0.01049
117.40000,1.05393,0.98709,0.00021,0.00244,0.01027
117.50000,1.05394,0.98840,0.00017,0.00218,0.00925
117.60000,1.05394,0.98646,0.00017,0.00244,0.01093
117.70000,1.05394,0.98648,0.00017,0.00230,0.01105
117.80000,1.05393,0.98243,0.00023,0.00287,0.01447
117.90000,1.05393,0.98348,0.00020,0.00265,0.01366
118.00000,1.05394,0.98049,0.00024,0.00300,0.01627
118.10000,1.05394,0.98468,0.00019,0.00241,0.01273
118.20000,1.05394,0.98535,0.00018,0.00238,0.01208
118.30000,1.05393,0.98522,0.00015,0.00240,0.01223
118.40000,1.05393,0.98242,0.00020,0.00276,0.01462
118.50000,1.05394,0.98593,0.00018,0.00253,0.01136
118.60000,1.05394,0.98722,0.00017,0.00238,0.01023
118.70000,1.05394,0.98876,0.00017,0.00216,0.00891
118.80000,1.05393,0.98889,0.00017,0.00212,0.00882
118.90000,1.05393,0.98962,0.00015,0.00183,0.00840
119.00000,1.05394,0.98949,0.00014,0.00195,0.00842
119.10000,1.05394,0.98863,0.00016,0.00206,0.00915
119.20000,1.05394,0.98732,0.00020,0.00226,0.01022
119.30000,1.05393,0.98796,0.00020,0.00220,0.00964
119.40000,1.05393,0.98941,0.00017,0.00204,0.00838
119.50000,1.05394,0.99102,0.00015,0.00176,0.00707
119.60000,1.05394,0.99060,0.00015,0.00182,0.00743
119.70000,1.05394,0.99036,0.00014,0.00185,0.00765
119.80000,1.05393,0.99005,0.00016,0.00198,0.00781
119.90000,1.05393,0.98964,0.00015,0.00198,0.00824
120.00000,1.05394,0.98806,0.00019,0.00218,0.00957
120.10000,1.05394,0.98793,0.00020,0.00241,0.00946
120.20000,1.05394,0.98829,0.00019,0.00219,0.00932
120.30000,1.05393,0.98571,0.00029,0.00275,0.01125
120.40000,1.05393,0.98748,0.00025,0.00232,0.00995
120.50000,1.05394,0.98528,0.00032,0.00275,0.01164
120.60000,1.05394,0.98507,0.00035,0.00279,0.01180
120.70000,1.05394,0.98321,0.00033,0.00298,0.01347
120.80000,1.05393,0.98537,0.00028,0.00263,0.01171
120.90000,1.05393,0.98797,0.00028,0.00239,0.00936
121.00000,1.05394,0.98692,0.00023,0.00242,0.01043
121.10000,1.05394,0.98889,0.00022,0.00221,0.00869
121.20000,1.05394,0.98686,0.00023,0.00222,0.01069
121.30000,1.05393,0.98468,0.00021,0.00250,0.01261
121.40000,1.05393,0.98406,0.00021,0.00243,0.01330
121.50000,1.05394,0.98386,0.00021,0.00255,0.01337
121.60000,1.05394,0.98283,0.00023,0.00279,0.01415
121.70000,1.05394,0.98289,0.00025,0.00275,0.01411
121.80000,1.05393,0.98364,0.00023,0.00255,0.01358
121.90000,1.05393,0.98328,0.00022,0.00258,0.01392
122.00000,1.05394,0.98326,0.00023,0.00252,0.01399
122.10000,1.05394,0.98216,0.00024,0.00268,0.01492
122.20000,1.05394,0.98444,0.00022,0.00244,0.01290
122.30000,1.05393,0.98221,0.00028,0.00298,0.01453
122.40000,1.05393,0.98538,0.00021,0.00238,0.01203
122.50000,1.05394,0.98408,0.00029,0.00280,0.01282
122.60000,1.05394,0.98647,0.00026,0.00227,0.01101
122.70000,1.05394,0.98149,0.00033,0.00308,0.01510
122.80000,1.05393,0.98512,0.00027,0.00261,0.01200
122.90000,1.05393,0.97840,0.00035,0.00342,0.01783
123.00000,1.05394,0.97952,0.00030,0.00336,0.01682
123.10000,1.05394,0.97763,0.00033,0.00324,0.01880
123.20000,1.05394,0.97599,0.00033,0.00347,0.02021
123.30000,1.05393,0.96696,0.00056,0.00376,0.02872
123.40000,1.05393,0.96914,0.00044,0.00339,0.02703
123.50000,1.05394,0.95881,0.00055,0.00426,0.03638
123.60000,1.05394,0.96488,0.00049,0.00399,0.03064
123.70000,1.05394,0.95810,0.00050,0.00426,0.03713
123.80000,1.05393,0.96261,0.00046,0.00372,0.03321
123.90000,1.05393,0.96501,0.00039,0.00345,0.03115
124.00000,1.05394,0.96750,0.00036,0.00341,0.02874
124.10000,1.05394,0.96250,0.00039,0.00365,0.03346
124.20000,1.05394,0.97594,0.00031,0.00329,0.02046
124.30000,1.05393,0.97811,0.00027,0.00293,0.01868
124.40000,1.05393,0.97702,0.00029,0.00308,0.01961
124.50000,1.05394,0.97490,0.00027,0.00348,0.02134
124.60000,1.05394,0.97604,0.00028,0.00339,0.02029
124.70000,1.05394,0.98005,0.00026,0.00296,0.01673
124.80000,1.05393,0.97949,0.00028,0.00328,0.01695
124.90000,1.05393,0.97939,0.00037,0.00344,0.01680
125.00000,1.05394,0.98021,0.00041,0.00349,0.01588
125.10000,1.05394,0.98483,0.00035,0.00268,0.01214
125.20000,1.05394,0.98384,0.00027,0.00297,0.01291
125.30000,1.05393,0.98264,0.00026,0.00328,0.01382
125.40000,1.05393,0.98614,0.00021,0.00268,0.01096
125.50000,1.05394,0.98743,0.00020,0.00244,0.00993
125.60000,1.05394,0.98769,0.00017,0.00240,0.00974
125.70000,1.05394,0.98708,0.00022,0.00242,0.01028
125.80000,1.05393,0.98693,0.00018,0.00217,0.01073
125.90000,1.05393,0.98659,0.00015,0.00214,0.01112
126.00000,1.05394,0.98673,0.00013,0.00201,0.01113
126.10000,1.05394,0.98496,0.00015,0.00245,0.01244
126.20000,1.05394,0.98599,0.00015,0.00224,0.01162
126.30000,1.05393,0.98527,0.00015,0.00229,0.01229
126.40000,1.05393,0.98499,0.00018,0.00246,0.01237
126.50000,1.05394,0.98618,0.00018,0.00225,0.01139
126.60000,1.05394,0.98583,0.00019,0.00228,0.01171
126.70000,1.05394,0.98596,0.00015,0.00232,0.01156
126.80000,1.05393,0.98749,0.00014,0.00208,0.01028
126.90000,1.05393,0.98760,0.00014,0.00224,0.01002
127.00000,1.05394,0.98722,0.00017,0.00221,0.01040
127.10000,1.05393,0.98824,0.00014,0.00214,0.00947
127.20000,1.05394,0.98698,0.00016,0.00226,0.01060
127.30000,1.05394,0.98835,0.00014,0.00209,0.00942
127.40000,1.05393,0.98794,0.00013,0.00209,0.00984
127.50000,1.05394,0.98657,0.00010,0.00231,0.01101
127.60000,1.05393,0.98822,0.00010,0.00203,0.00965
127.70000,1.05394,0.98632,0.00013,0.00217,0.01138
127.80000,1.05394,0.98612,0.00013,0.00222,0.01153
127.90000,1.05393,0.98090,0.00016,0.00283,0.01611
128.00000,1.05394,0.98124,0.00014,0.00267,0.01595
128.10001,1.05392,0.97967,0.00016,0.00261,0.01756
128.20000,1.05394,0.97585,0.00023,0.00329,0.02062
128.30000,1.05394,0.97475,0.00023,0.00317,0.02185
128.39999,1.05394,0.97142,0.00025,0.00366,0.02468
128.50000,1.05394,0.97381,0.00025,0.00326,0.02269
128.60001,1.05392,0.96934,0.00026,0.00389,0.02651
128.70000,1.05394,0.97513,0.00024,0.00326,0.02137
128.80000,1.05394,0.97686,0.00024,0.00334,0.01956
128.89999,1.05394,0.97857,0.00026,0.00313,0.01804
129.00000,1.05394,0.97850,0.00021,0.00283,0.01846
129.10001,1.05392,0.98059,0.00017,0.00257,0.01667
129.20000,1.05394,0.98103,0.00015,0.00240,0.01641
129.30000,1.05394,0.98110,0.00016,0.00261,0.01614
129.39999,1.05394,0.98027,0.00016,0.00279,0.01678
129.50000,1.05394,0.98401,0.00015,0.00216,0.01367
129.60001,1.05392,0.98024,0.00014,0.00224,0.01738
129.70000,1.05394,0.97574,0.00018,0.00275,0.02134
129.80000,1.05394,0.97499,0.00021,0.00305,0.02175
129.89999,1.05394,0.97937,0.00017,0.00271,0.01776
130.00000,1.05394,0.97873,0.00017,0.00274,0.01837
130.10001,1.05392,0.97774,0.00019,0.00293,0.01913
130.20000,1.05394,0.97618,0.00025,0.00351,0.02006
130.30000,1.05394,0.98033,0.00026,0.00309,0.01632
130.39999,1.05394,0.98093,0.00025,0.00311,0.01571
130.50000,1.05394,0.98404,0.00022,0.00275,0.01298
130.60001,1.05392,0.98327,0.00025,0.00282,0.01365
130.70000,1.05394,0.98444,0.00024,0.00271,0.01260
130.80000,1.05394,0.98319,0.00027,0.00303,0.01352
130.89999,1.05394,0.98522,0.00024,0.00251,0.01203
131.00000,1.05394,0.98641,0.00025,0.00244,0.01090
131.10001,1.05392,0.98954,0.00019,0.00203,0.00824
131.20000,1.05394,0.98824,0.00023,0.00219,0.00934
131.30000,1.05394,0.98945,0.00019,0.00199,0.00837
131.39999,1.05394,0.98914,0.00017,0.00202,0.00867
131.50000,1.05394,0.98972,0.00014,0.00189,0.00826
131.60001,1.05392,0.98974,0.00015,0.00190,0.00821
131.70000,1.05394,0.98950,0.00019,0.00198,0.00834
131.80000,1.05394,0.99012,0.00019,0.00210,0.00759
131.89999,1.05394,0.99056,0.00017,0.00180,0.00747
132.00000,1.05394,0.98719,0.00023,0.00225,0.01033
132.10001,1.05392,0.98669,0.00019,0.00212,0.01100
132.20000,1.05394,0.98272,0.00024,0.00299,0.01405
132.30000,1.05394,0.98430,0.00020,0.00238,0.01312
132.39999,1.05394,0.98576,0.00024,0.00230,0.01170
132.50000,1.05394,0.98723,0.00022,0.00223,0.01032
132.60001,1.05392,0.98330,0.00025,0.00265,0.01381
132.70000,1.05394,0.98467,0.00019,0.00244,0.01270
132.80000,1.05394,0.98363,0.00020,0.00239,0.01377
132.89999,1.05394,0.98496,0.00018,0.00227,0.01259
133.00000,1.05394,0.98575,0.00018,0.00223,0.01184
133.10001,1.05392,0.98830,0.00017,0.00209,0.00944
133.20000,1.05394,0.98780,0.00018,0.00206,0.00996
133.30000,1.05394,0.98851,0.00013,0.00210,0.00926
133.39999,1.05394,0.98688,0.00016,0.00229,0.01067
133.50000,1.05394,0.98920,0.00014,0.00205,0.00861
133.60001,1.05392,0.98885,0.00017,0.00228,0.00871
133.70000,1.05394,0.98953,0.00014,0.00202,0.00832
133.80000,1.05394,0.98875,0.00013,0.00225,0.00887
133.89999,1.05394,0.98928,0.00012,0.00204,0.00857
134.00000,1.05394,0.98696,0.00013,0.00248,0.01042
134.10001,1.05392,0.98623,0.00012,0.00246,0.01118
134.20000,1.05394,0.98586,0.00016,0.00246,0.01152
134.30000,1.05394,0.98374,0.00015,0.00239,0.01372
134.39999,1.05394,0.98103,0.00016,0.00284,0.01597
134.50000,1.05394,0.98157,0.00015,0.00284,0.01544
134.60001,1.05392,0.98312,0.00015,0.00274,0.01399
134.70000,1.05394,0.98566,0.00013,0.00231,0.01190
134.80000,1.05394,0.98357,0.00013,0.00249,0.01380
134.89999,1.05394,0.98289,0.00015,0.00242,0.01454
135.00000,1.05394,0.98505,0.00013,0.00224,0.01259
135.10001,1.05392,0.98583,0.00011,0.00197,0.01208
135.20000,1.05394,0.98543,0.00014,0.00224,0.01219
135.30000,1.05394,0.98657,0.00015,0.00200,0.01128
135.39999,1.05394,0.98468,0.00017,0.00218,0.01297
135.50000,1.05394,0.97559,0.00025,0.00316,0.02101
135.60001,1.05392,0.97770,0.00023,0.00282,0.01926
135.70000,1.05394,0.97499,0.00028,0.00312,0.02162
135.80000,1.05394,0.98233,0.00026,0.00260,0.01480
135.89999,1.05394,0.97688,0.00033,0.00320,0.01959
136.00000,1.05394,0.97906,0.00033,0.00270,0.01791
136.10001,1.05392,0.97586,0.00030,0.00294,0.02090
136.20000,1.05394,0.97724,0.00026,0.00289,0.01960
136.30000,1.05394,0.97887,0.00020,0.00282,0.01811
136.39999,1.05394,0.98203,0.00018,0.00228,0.01551
136.50000,1.05394,0.98388,0.00015,0.00229,0.01368
136.60001,1.05392,0.98499,0.00015,0.00214,0.01273
136.70000,1.05394,0.98308,0.00014,0.00228,0.01449
136.80000,1.05394,0.98075,0.00013,0.00253,0.01658
136.89999,1.05394,0.97803,0.00017,0.00280,0.01900
137.00000,1.05394,0.97977,0.00015,0.00269,0.01739
137.10001,1.05392,0.97890,0.00017,0.00299,0.01793
137.20000,1.05394,0.97776,0.00017,0.00293,0.01914
137.30000,1.05394,0.97634,0.00024,0.00318,0.02025
137.39999,1.05394,0.97651,0.00025,0.00339,0.01985
137.50000,1.05394,0.97320,0.00032,0.00361,0.02288
137.60001,1.05392,0.97403,0.00028,0.00371,0.02197
137.70000,1.05394,0.97388,0.00030,0.00349,0.02232
137.80000,1.05394,0.97714,0.00034,0.00346,0.01907
137.89999,1.05394,0.97536,0.00032,0.00341,0.02091
138.00000,1.05394,0.97897,0.00027,0.00276,0.01800
138.10001,1.05392,0.98072,0.00025,0.00280,0.01623
138.20000,1.05394,0.98057,0.00024,0.00277,0.01642
138.30000,1.05394,0.97997,0.00022,0.00299,0.01682
138.39999,1.05394,0.98029,0.00024,0.00271,0.01676
138.50000,1.05394,0.98063,0.00022,0.00278,0.01636
138.60001,1.05392,0.97851,0.00028,0.00298,0.01823
138.70000,1.05394,0.97938,0.00026,0.00295,0.01740
138.80000,1.05394,0.95704,0.00025,0.00372,0.03900
138.89999,1.05394,0.87083,0.00019,0.00426,0.12472
139.00000,1.05394,0.80966,0.00013,0.00384,0.18637
139.10001,1.05392,0.93226,0.00003,0.00238,0.06533
139.20000,1.05394,0.99095,0.00000,0.00094,0.00811
139.30000,1.05394,0.99709,0.00000,0.00071,0.00220
139.39999,1.05394,0.99827,0.00000,0.00075,0.00098
139.50000,1.05394,0.99845,0.00000,0.00058,0.00097
139.60001,1.05392,0.99799,0.00000,0.00101,0.00099
139.70000,1.05394,0.99516,0.00000,0.00250,0.00233
139.80000,1.05394,0.99733,0.00000,0.00236,0.00030
139.89999,1.05394,0.99812,0.00000,0.00179,0.00009
140.00000,1.05394,0.99715,0.00001,0.00275,0.00009
140.10001,1.05392,0.98830,0.00008,0.01064,0.00099
140.20000,1.05394,0.96681,0.00028,0.02899,0.00391
140.30000,1.05394,0.95945,0.00031,0.03407,0.00617
140.39999,1.05394,0.97528,0.00021,0.02007,0.00444
140.50000,1.05394,0.97611,0.00025,0.01859,0.00505
140.60001,1.05392,0.98330,0.00018,0.01352,0.00300
140.70000,1.05394,0.98600,0.00021,0.00910,0.00468
140.80000,1.05394,0.98670,0.00022,0.00814,0.00494
140.89999,1.05394,0.98756,0.00021,0.00624,0.00599
141.00000,1.05394,0.98678,0.00024,0.00474,0.00825
141.10001,1.05392,0.98223,0.00032,0.00484,0.01261
141.20000,1.05394,0.97675,0.00043,0.00410,0.01873
141.30000,1.05394,0.98046,0.00025,0.00297,0.01631
141.39999,1.05394,0.97834,0.00028,0.00318,0.01820
141.50000,1.05394,0.97617,0.00029,0.00358,0.01996
141.60001,1.05392,0.96773,0.00034,0.00412,0.02781
141.70000,1.05394,0.97188,0.00031,0.00371,0.02410
141.80000,1.05394,0.96804,0.00025,0.00353,0.02818
141.89999,1.05394,0.96445,0.00029,0.00464,0.03062
142.00000,1.05394,0.96249,0.00031,0.00497,0.03223
142.10001,1.05392,0.96621,0.00035,0.00472,0.02873
142.20000,1.05394,0.96697,0.00029,0.00398,0.02877
142.30000,1.05394,0.96620,0.00038,0.00423,0.02919
142.39999,1.05394,0.96334,0.00036,0.00456,0.03174
142.50000,1.05394,0.97278,0.00026,0.00352,0.02344
142.60001,1.05392,0.97457,0.00023,0.00353,0.02167
142.70000,1.05394,0.97754,0.00026,0.00329,0.01891
142.80000,1.05394,0.98123,0.00022,0.00285,0.01570
142.89999,1.05394,0.98270,0.00021,0.00286,0.01422
143.00000,1.05394,0.98326,0.00020,0.00249,0.01405
143.10001,1.05392,0.98550,0.00021,0.00257,0.01172
143.20000,1.05394,0.98755,0.00019,0.00239,0.00987
143.30000,1.05394,0.98673,0.00020,0.00260,0.01048
143.39999,1.05394,0.98609,0.00021,0.00262,0.01108
143.50000,1.05394,0.98838,0.00019,0.00233,0.00910
143.60001,1.05392,0.98509,0.00020,0.00268,0.01202
143.70000,1.05394,0.98488,0.00021,0.00286,0.01205
143.80000,1.05394,0.98194,0.00025,0.00319,0.01462
143.89999,1.05394,0.98741,0.00019,0.00248,0.00992
144.00000,1.05394,0.98711,0.00018,0.00238,0.01034
144.10001,1.05392,0.98405,0.00022,0.00315,0.01258
144.20000,1.05394,0.98612,0.00021,0.00261,0.01107
144.30000,1.05394,0.98714,0.00023,0.00262,0.01001
144.39999,1.05394,0.98669,0.00018,0.00233,0.01080
144.50000,1.05394,0.98389,0.00022,0.00270,0.01319
144.60001,1.05392,0.98574,0.00024,0.00249,0.01153
144.70000,1.05394,0.98475,0.00024,0.00259,0.01243
144.80000,1.05394,0.98676,0.00026,0.00238,0.01060
144.89999,1.05394,0.98216,0.00038,0.00293,0.01453
145.00000,1.05394,0.98200,0.00033,0.00276,0.01490
145.10001,1.05392,0.97985,0.00037,0.00294,0.01684
145.20000,1.05394,0.97898,0.00033,0.00328,0.01741
145.30000,1.05394,0.98007,0.00032,0.00309,0.01652
145.39999,1.05394,0.97920,0.00030,0.00299,0.01751
145.50000,1.05394,0.98021,0.00031,0.00282,0.01666
145.60001,1.05392,0.97671,0.00032,0.00317,0.01980
145.70000,1.05394,0.97907,0.00023,0.00271,0.01800
145.80000,1.05394,0.97618,0.00023,0.00321,0.02038
145.89999,1.05394,0.98321,0.00019,0.00254,0.01407
146.00000,1.05394,0.98167,0.00021,0.00277,0.01535
146.10001,1.05392,0.98426,0.00021,0.00236,0.01317
146.20000,1.05394,0.98099,0.00026,0.00293,0.01582
146.30000,1.05394,0.98312,0.00023,0.00244,0.01421
146.39999,1.05394,0.97819,0.00026,0.00345,0.01810
146.50000,1.05394,0.98140,0.00024,0.00286,0.01550
146.60001,1.05392,0.97496,0.00031,0.00366,0.02107
146.70000,1.05394,0.98011,0.00026,0.00313,0.01650
146.80000,1.05394,0.97908,0.00030,0.00305,0.01757
146.89999,1.05394,0.97987,0.00031,0.00307,0.01675
147.00000,1.05394,0.97878,0.00034,0.00338,0.01750
147.10001,1.05392,0.98397,0.00027,0.00268,0.01307
147.20000,1.05394,0.98456,0.00025,0.00261,0.01258
147.30000,1.05394,0.98782,0.00022,0.00227,0.00969
147.39999,1.05394,0.98844,0.00021,0.00230,0.00904
147.50000,1.05394,0.98791,0.00029,0.00267,0.00914
147.60001,1.05392,0.98726,0.00025,0.00249,0.01000
147.70000,1.05394,0.98745,0.00025,0.00249,0.00981
147.80000,1.05394,0.98639,0.00025,0.00262,0.01074
147.89999,1.05394,0.98706,0.00019,0.00244,0.01030
148.00000,1.05394,0.98435,0.00024,0.00296,0.01245
148.10001,1.05392,0.98499,0.00018,0.00254,0.01228
148.20000,1.05394,0.98270,0.00019,0.00283,0.01427
148.30000,1.05394,0.97890,0.00021,0.00311,0.01779
148.39999,1.05394,0.98119,0.00022,0.00283,0.01576
148.50000,1.05394,0.98334,0.00019,0.00243,0.01405
148.60001,1.05392,0.98416,0.00019,0.00249,0.01316
148.70000,1.05394,0.98264,0.00020,0.00267,0.01450
148.80000,1.05394,0.97853,0.00024,0.00308,0.01815
148.89999,1.05394,0.98039,0.00019,0.00292,0.01651
149.00000,1.05394,0.97958,0.00021,0.00311,0.01710
149.10001,1.05392,0.98217,0.00023,0.00284,0.01476
149.20000,1.05394,0.98110,0.00025,0.00297,0.01568
149.30000,1.05394,0.97797,0.00027,0.00332,0.01843
149.39999,1.05394,0.97886,0.00028,0.00344,0.01742
149.50000,1.05394,0.97874,0.00023,0.00294,0.01809
149.60001,1.05392,0.97698,0.00026,0.00360,0.01916
149.70000,1.05394,0.97879,0.00028,0.00322,0.01771
149.80000,1.05394,0.97793,0.00028,0.00326,0.01853
149.89999,1.05394,0.97590,0.00028,0.00327,0.02055
150.00000,1.05394,0.97518,0.00027,0.00336,0.02119
150.10001,1.05392,0.97670,0.00022,0.00305,0.02002
150.20000,1.05394,0.97386,0.00027,0.00359,0.02228
150.30000,1.05394,0.97976,0.00032,0.00308,0.01684
150.39999,1.05394,0.98118,0.00031,0.00300,0.01551
150.50000,1.05394,0.98124,0.00038,0.00340,0.01498
150.60001,1.05392,0.98122,0.00034,0.00310,0.01534
150.70000,1.05394,0.97880,0.00036,0.00329,0.01755
150.80000,1.05394,0.97652,0.00040,0.00368,0.01940
150.89999,1.05394,0.97755,0.00042,0.00351,0.01851
151.00000,1.05394,0.97421,0.00043,0.00379,0.02157
151.10001,1.05392,0.97578,0.00047,0.00346,0.02030
151.20000,1.05394,0.97848,0.00042,0.00299,0.01811
151.30000,1.05394,0.97573,0.00045,0.00339,0.02042
151.39999,1.05394,0.97743,0.00030,0.00273,0.01954
151.50000,1.05394,0.97808,0.00026,0.00311,0.01855
151.60001,1.05392,0.98090,0.00026,0.00278,0.01606
151.70000,1.05394,0.98457,0.00023,0.00252,0.01268
151.80000,1.05394,0.98566,0.00025,0.00239,0.01170
151.89999,1.05394,0.98803,0.00022,0.00225,0.00949
152.00000,1.05394,0.98984,0.00018,0.00180,0.00818
152.10001,1.05392,0.98891,0.00017,0.00206,0.00886
152.20000,1.05394,0.98626,0.00023,0.00261,0.01091
152.30000,1.05394,0.98847,0.00021,0.00232,0.00900
152.39999,1.05394,0.98942,0.00020,0.00201,0.00836
152.50000,1.05394,0.98961,0.00026,0.00218,0.00795
152.60001,1.05392,0.98792,0.00024,0.00220,0.00965
152.70000,1.05394,0.98805,0.00024,0.00228,0.00944
152.80000,1.05394,0.98622,0.00022,0.00248,0.01108
152.89999,1.05394,0.98464,0.00027,0.00275,0.01234
153.00000,1.05394,0.98740,0.00021,0.00215,0.01025
153.10001,1.05392,0.98696,0.00025,0.00232,0.01046
153.20000,1.05394,0.98630,0.00024,0.00232,0.01114
153.30000,1.05394,0.98375,0.00029,0.00264,0.01332
153.39999,1.05394,0.98307,0.00027,0.00270,0.01396
153.50000,1.05394,0.98466,0.00030,0.00297,0.01206
153.60001,1.05392,0.98487,0.00029,0.00288,0.01197
153.70000,1.05394,0.98584,0.00027,0.00243,0.01146
153.80000,1.05394,0.98524,0.00024,0.00252,0.01201
153.89999,1.05394,0.98584,0.00023,0.00238,0.01154
154.00000,1.05394,0.97929,0.00036,0.00328,0.01708
154.10001,1.05392,0.98261,0.00026,0.00284,0.01429
154.20000,1.05394,0.98432,0.00020,0.00279,0.01268
154.30000,1.05394,0.98136,0.00030,0.00308,0.01526
154.39999,1.05394,0.98228,0.00024,0.00286,0.01462
154.50000,1.05394,0.97371,0.00031,0.00381,0.02217
154.60001,1.05392,0.97367,0.00029,0.00372,0.02232
154.70000,1.05394,0.97578,0.00033,0.00341,0.02048
154.80000,1.05394,0.97899,0.00026,0.00309,0.01765
154.89999,1.05394,0.97989,0.00025,0.00303,0.01683
155.00000,1.05394,0.98495,0.00022,0.00255,0.01228
155.10001,1.05392,0.98176,0.00028,0.00287,0.01509
155.20000,1.05394,0.98398,0.00026,0.00260,0.01317
155.30000,1.05394,0.98106,0.00024,0.00288,0.01583
155.39999,1.05394,0.98179,0.00025,0.00311,0.01484
155.50000,1.05394,0.98559,0.00023,0.00287,0.01131
155.60001,1.05392,0.98703,0.00019,0.00236,0.01042
155.70000,1.05394,0.98455,0.00028,0.00307,0.01209
155.80000,1.05394,0.98737,0.00024,0.00219,0.01020
155.89999,1.05394,0.98647,0.00024,0.00265,0.01064
156.00000,1.05394,0.98460,0.00025,0.00248,0.01267
156.10001,1.05392,0.98411,0.00026,0.00319,0.01244
156.20000,1.05394,0.98311,0.00024,0.00270,0.01395
156.30000,1.05394,0.98473,0.00023,0.00262,0.01243
156.39999,1.05394,0.98070,0.00028,0.00329,0.01572
156.50000,1.05394,0.98242,0.00026,0.00312,0.01420
156.60001,1.05392,0.98130,0.00031,0.00324,0.01515
156.70000,1.05394,0.98413,0.00024,0.00291,0.01272
156.80000,1.05394,0.98119,0.00026,0.00295,0.01560
156.89999,1.05394,0.98239,0.00026,0.00328,0.01407
157.00000,1.05394,0.98008,0.00032,0.00348,0.01612
157.10001,1.05392,0.98535,0.00027,0.00286,0.01153
157.20000,1.05394,0.98789,0.00026,0.00225,0.00959
157.30000,1.05394,0.99103,0.00021,0.00199,0.00676
157.39999,1.05394,0.99058,0.00026,0.00191,0.00725
157.50000,1.05394,0.99038,0.00021,0.00197,0.00744
157.60001,1.05392,0.98976,0.00023,0.00204,0.00797
157.70000,1.05394,0.98948,0.00024,0.00212,0.00815
157.80000,1.05394,0.99046,0.00019,0.00175,0.00760
157.89999,1.05394,0.99190,0.00015,0.00153,0.00643
158.00000,1.05394,0.99092,0.00015,0.00179,0.00714
158.10001,1.05392,0.98928,0.00018,0.00202,0.00853
158.20000,1.05394,0.98604,0.00021,0.00250,0.01125
158.30000,1.05394,0.98519,0.00018,0.00250,0.01213
158.39999,1.05394,0.98729,0.00017,0.00247,0.01008
158.50000,1.05394,0.98620,0.00016,0.00222,0.01143
158.60001,1.05392,0.98619,0.00019,0.00257,0.01105
158.70000,1.05394,0.98776,0.00015,0.00225,0.00984
158.80000,1.05394,0.99001,0.00015,0.00203,0.00782
158.89999,1.05394,0.98525,0.00023,0.00269,0.01183
159.00000,1.05394,0.98470,0.00024,0.00263,0.01243
159.10001,1.05392,0.98349,0.00024,0.00269,0.01358
159.20000,1.05394,0.98438,0.00028,0.00299,0.01235
159.30000,1.05394,0.98198,0.00034,0.00312,0.01456
159.39999,1.05394,0.97911,0.00044,0.00357,0.01687
159.50000,1.05394,0.98317,0.00036,0.00291,0.01356
159.60001,1.05392,0.98067,0.00038,0.00331,0.01565
159.70000,1.05394,0.97974,0.00035,0.00308,0.01683
159.80000,1.05394,0.97374,0.00038,0.00349,0.02239
159.89999,1.05394,0.97653,0.00034,0.00360,0.01952
160.00000,1.05394,0.97819,0.00032,0.00313,0.01836
160.10001,1.05392,0.98079,0.00032,0.00289,0.01601
160.20000,1.05394,0.98025,0.00031,0.00281,0.01663
160.30000,1.05394,0.98280,0.00028,0.00274,0.01418
160.39999,1.05394,0.98332,0.00031,0.00276,0.01361
160.50000,1.05394,0.98638,0.00028,0.00238,0.01096
160.60001,1.05392,0.98680,0.00025,0.00248,0.01047
160.70000,1.05394,0.98678,0.00024,0.00235,0.01063
160.80000,1.05394,0.98752,0.00024,0.00240,0.00984
160.89999,1.05394,0.98875,0.00025,0.00210,0.00890
161.00000,1.05394,0.98768,0.00023,0.00222,0.00987
161.10001,1.05392,0.98562,0.00027,0.00265,0.01146
161.20000,1.05394,0.98594,0.00023,0.00245,0.01138
161.30000,1.05394,0.98302,0.00026,0.00291,0.01381
161.39999,1.05394,0.98588,0.00024,0.00257,0.01132
161.50000,1.05394,0.98389,0.00031,0.00307,0.01273
161.60001,1.05392,0.98839,0.00023,0.00227,0.00911
161.70000,1.05394,0.98617,0.00028,0.00266,0.01090
161.80000,1.05394,0.98702,0.00028,0.00252,0.01019
161.89999,1.05394,0.98440,0.00032,0.00320,0.01209
162.00000,1.05394,0.98549,0.00027,0.00272,0.01153
162.10001,1.05392,0.98048,0.00029,0.00339,0.01584
162.20000,1.05394,0.98077,0.00026,0.00313,0.01584
162.30000,1.05394,0.97848,0.00030,0.00342,0.01780
162.39999,1.05394,0.97658,0.00033,0.00388,0.01921
162.50000,1.05394,0.98031,0.00025,0.00309,0.01636
162.60001,1.05392,0.97909,0.00026,0.00323,0.01742
162.70000,1.05394,0.97756,0.00030,0.00335,0.01880
162.80000,1.05394,0.97763,0.00027,0.00341,0.01868
162.89999,1.05394,0.98171,0.00025,0.00290,0.01515
163.00000,1.05394,0.98303,0.00025,0.00310,0.01362
163.10001,1.05392,0.98553,0.00025,0.00257,0.01164
163.20000,1.05394,0.98055,0.00030,0.00324,0.01591
163.30000,1.05394,0.98242,0.00031,0.00314,0.01413
163.39999,1.05394,0.97998,0.00029,0.00327,0.01645
163.50000,1.05394,0.97288,0.00034,0.00395,0.02283
163.60001,1.05392,0.96745,0.00039,0.00412,0.02804
163.70000,1.05394,0.96450,0.00047,0.00486,0.03017
163.80000,1.05394,0.95863,0.00056,0.00502,0.03579
163.89999,1.05394,0.96494,0.00054,0.00497,0.02955
164.00000,1.05394,0.97137,0.00045,0.00410,0.02408
164.10001,1.05392,0.97467,0.00040,0.00396,0.02097
164.20000,1.05394,0.97263,0.00037,0.00416,0.02284
164.30000,1.05394,0.98160,0.00029,0.00299,0.01511
164.39999,1.05394,0.98341,0.00026,0.00287,0.01346
164.50000,1.05394,0.98759,0.00020,0.00226,0.00995
164.60001,1.05392,0.98941,0.00019,0.00211,0.00830
164.70000,1.05394,0.99019,0.00014,0.00175,0.00792
164.80000,1.05394,0.99060,0.00018,0.00197,0.00725
164.89999,1.05394,0.99037,0.00017,0.00196,0.00750
165.00000,1.05394,0.98965,0.00019,0.00202,0.00813
165.10001,1.05392,0.98838,0.00024,0.00232,0.00906
165.20000,1.05394,0.98727,0.00025,0.00246,0.01002
165.30000,1.05394,0.98584,0.00029,0.00245,0.01142
165.39999,1.05394,0.98704,0.00027,0.00247,0.01022
165.50000,1.05394,0.98842,0.00023,0.00238,0.00897
165.60001,1.05392,0.98758,0.00025,0.00258,0.00959
165.70000,1.05394,0.98548,0.00028,0.00271,0.01154
165.80000,1.05394,0.98125,0.00031,0.00307,0.01537
165.89999,1.05394,0.98382,0.00032,0.00295,0.01291
166.00000,1.05394,0.98553,0.00031,0.00278,0.01138
166.10001,1.05392,0.98814,0.00023,0.00238,0.00925
166.20000,1.05394,0.98645,0.00017,0.00227,0.01111
166.30000,1.05394,0.98662,0.00019,0.00246,0.01072
166.39999,1.05394,0.98206,0.00027,0.00296,0.01471
166.50000,1.05394,0.98432,0.00027,0.00276,0.01265
166.60001,1.05392,0.98500,0.00022,0.00245,0.01233
166.70000,1.05394,0.98281,0.00028,0.00269,0.01422
166.80000,1.05394,0.98434,0.00027,0.00251,0.01289
166.89999,1.05394,0.98099,0.00029,0.00300,0.01572
167.00000,1.05394,0.97998,0.00031,0.00335,0.01636
167.10001,1.05392,0.98616,0.00027,0.00253,0.01104
167.20000,1.05394,0.98482,0.00031,0.00282,0.01206
167.30000,1.05394,0.98372,0.00033,0.00271,0.01324
167.39999,1.05394,0.98503,0.00034,0.00297,0.01165
167.50000,1.05394,0.98302,0.00036,0.00296,0.01366
167.60001,1.05392,0.98518,0.00035,0.00299,0.01147
167.70000,1.05394,0.98558,0.00029,0.00285,0.01127
167.80000,1.05394,0.98752,0.00026,0.00272,0.00951
167.89999,1.05394,0.98422,0.00023,0.00278,0.01277
168.00000,1.05394,0.97964,0.00028,0.00338,0.01670
168.10001,1.05392,0.97801,0.00028,0.00309,0.01862
168.20000,1.05394,0.97850,0.00028,0.00320,0.01802
168.30000,1.05394,0.97284,0.00027,0.00363,0.02327
168.39999,1.05394,0.96965,0.00029,0.00382,0.02624
168.50000,1.05394,0.96721,0.00031,0.00395,0.02854
168.60001,1.05392,0.95956,0.00049,0.00438,0.03558
168.70000,1.05394,0.96390,0.00052,0.00390,0.03168
168.80000,1.05394,0.96159,0.00050,0.00380,0.03412
168.89999,1.05394,0.95890,0.00068,0.00447,0.03595
169.00000,1.05394,0.96239,0.00068,0.00393,0.03300
169.10001,1.05392,0.95560,0.00079,0.00498,0.03863
169.20000,1.05394,0.95032,0.00092,0.00568,0.04308
169.30000,1.05394,0.95370,0.00087,0.00500,0.04043
169.39999,1.05394,0.96083,0.00085,0.00497,0.03336
169.50000,1.05394,0.95764,0.00065,0.00481,0.03690
169.60001,1.05392,0.95665,0.00052,0.00525,0.03758
169.70000,1.05394,0.96282,0.00039,0.00441,0.03238
169.80000,1.05394,0.97202,0.00033,0.00368,0.02397
169.89999,1.05394,0.97279,0.00032,0.00382,0.02308
170.00000,1.05394,0.97842,0.00022,0.00291,0.01845
170.10001,1.05392,0.97491,0.00025,0.00326,0.02158
170.20000,1.05394,0.97660,0.00024,0.00331,0.01985
170.30000,1.05394,0.97647,0.00024,0.00343,0.01986
170.39999,1.05394,0.98042,0.00026,0.00310,0.01621
170.50000,1.05394,0.97693,0.00031,0.00350,0.01925
170.60001,1.05392,0.98185,0.00026,0.00304,0.01484
170.70000,1.05394,0.97626,0.00031,0.00377,0.01965
170.80000,1.05394,0.97494,0.00037,0.00397,0.02073
170.89999,1.05394,0.97121,0.00042,0.00439,0.02399
171.00000,1.05394,0.97450,0.00045,0.00465,0.02040
171.10001,1.05392,0.97680,0.00038,0.00396,0.01886
171.20000,1.05394,0.97548,0.00052,0.00417,0.01983
171.30000,1.05394,0.97386,0.00046,0.00393,0.02175
171.39999,1.05394,0.97245,0.00064,0.00457,0.02233
171.50000,1.05394,0.97422,0.00053,0.00436,0.02089
171.60001,1.05392,0.97474,0.00062,0.00429,0.02036
171.70000,1.05394,0.97936,0.00051,0.00372,0.01641
171.80000,1.05394,0.98127,0.00050,0.00326,0.01496
171.89999,1.05394,0.97863,0.00052,0.00368,0.01717
172.00000,1.05394,0.97970,0.00050,0.00318,0.01661
172.10001,1.05392,0.98120,0.00037,0.00322,0.01521
172.20000,1.05394,0.98333,0.00032,0.00284,0.01351
172.30000,1.05394,0.98326,0.00036,0.00309,0.01329
172.39999,1.05394,0.98527,0.00025,0.00258,0.01190
172.50000,1.05394,0.98375,0.00033,0.00294,0.01299
172.60001,1.05392,0.98495,0.00029,0.00276,0.01200
172.70000,1.05394,0.98431,0.00027,0.00279,0.01263
172.80000,1.05394,0.98571,0.00024,0.00279,0.01126
172.89999,1.05394,0.98125,0.00033,0.00338,0.01504
173.00000,1.05394,0.98255,0.00032,0.00329,0.01384
173.10001,1.05392,0.98006,0.00032,0.00353,0.01610
173.20000,1.05394,0.98251,0.00028,0.00320,0.01401
173.30000,1.05394,0.97992,0.00035,0.00369,0.01604
173.39999,1.05394,0.98287,0.00032,0.00324,0.01357
173.50000,1.05394,0.98136,0.00039,0.00364,0.01461
173.60001,1.05392,0.97902,0.00038,0.00353,0.01707
173.70000,1.05394,0.97695,0.00039,0.00363,0.01903
173.80000,1.05394,0.97790,0.00035,0.00344,0.01831
173.89999,1.05394,0.97955,0.00031,0.00348,0.01666
174.00000,1.05394,0.97833,0.00035,0.00379,0.01753
174.10001,1.05392,0.98090,0.00041,0.00327,0.01542
174.20000,1.05394,0.97913,0.00040,0.00337,0.01710
174.30000,1.05394,0.98190,0.00038,0.00323,0.01450
174.39999,1.05394,0.97722,0.00036,0.00382,0.01861
174.50000,1.05394,0.98006,0.00038,0.00348,0.01608
174.60001,1.05392,0.98309,0.00029,0.00284,0.01379
174.70000,1.05394,0.98666,0.00028,0.00264,0.01042
174.80000,1.05394,0.98877,0.00021,0.00192,0.00910
174.89999,1.05394,0.98864,0.00027,0.00230,0.00879
175.00000,1.05394,0.98871,0.00028,0.00229,0.00873
175.10001,1.05392,0.98865,0.00029,0.00219,0.00887
175.20000,1.05394,0.98624,0.00023,0.00232,0.01121
175.30000,1.05394,0.98217,0.00032,0.00317,0.01434
175.39999,1.05394,0.98510,0.00025,0.00243,0.01222
175.50000,1.05394,0.98438,0.00026,0.00281,0.01254
175.60001,1.05392,0.98191,0.00036,0.00297,0.01477
175.70000,1.05394,0.97934,0.00039,0.00340,0.01687
175.80000,1.05394,0.97930,0.00032,0.00311,0.01726
175.89999,1.05394,0.97309,0.00034,0.00407,0.02249
176.00000,1.05394,0.96990,0.00033,0.00396,0.02580
176.10001,1.05392,0.97197,0.00035,0.00414,0.02354
176.20000,1.05394,0.97478,0.00035,0.00369,0.02119
176.30000,1.05394,0.97669,0.00034,0.00357,0.01940
176.39999,1.05394,0.97257,0.00041,0.00402,0.02299
176.50000,1.05394,0.96781,0.00040,0.00444,0.02735
176.60001,1.05392,0.96900,0.00041,0.00444,0.02615
176.70000,1.05394,0.97138,0.00035,0.00424,0.02403
176.80000,1.05394,0.97456,0.00036,0.00389,0.02120
176.89999,1.05394,0.97925,0.00023,0.00316,0.01736
177.00000,1.05394,0.97771,0.00031,0.00353,0.01845
177.10001,1.05392,0.98035,0.00028,0.00314,0.01622
177.20000,1.05394,0.98188,0.00029,0.00309,0.01473
177.30000,1.05394,0.98337,0.00024,0.00291,0.01347
177.39999,1.05394,0.98535,0.00025,0.00261,0.01179
177.50000,1.05394,0.98610,0.00022,0.00248,0.01120
177.60001,1.05392,0.98411,0.00023,0.00282,0.01284
177.70000,1.05394,0.98435,0.00026,0.00285,0.01253
177.80000,1.05394,0.98317,0.00027,0.00281,0.01375
177.89999,1.05394,0.98368,0.00030,0.00280,0.01322
178.00000,1.05394,0.98600,0.00026,0.00243,0.01131
178.10001,1.05392,0.98478,0.00027,0.00257,0.01238
178.20000,1.05394,0.98079,0.00032,0.00314,0.01576
178.30000,1.05394,0.97909,0.00034,0.00317,0.01740
178.39999,1.05394,0.98194,0.00030,0.00293,0.01483
178.50000,1.05394,0.98223,0.00029,0.00287,0.01461
178.60001,1.05392,0.98027,0.00034,0.00320,0.01619
178.70000,1.05394,0.98058,0.00030,0.00314,0.01598
178.80000,1.05394,0.97941,0.00031,0.00328,0.01700
178.89999,1.05394,0.97734,0.00026,0.00302,0.01938
179.00000,1.05394,0.97575,0.00028,0.00358,0.02039
179.10001,1.05392,0.97365,0.00023,0.00350,0.02261
179.20000,1.05394,0.97666,0.00024,0.00317,0.01993
179.30000,1.05394,0.97759,0.00018,0.00312,0.01912
179.39999,1.05394,0.97330,0.00032,0.00395,0.02243
179.50000,1.05394,0.97400,0.00022,0.00346,0.02233
179.60001,1.05392,0.96932,0.00032,0.00427,0.02609
179.70000,1.05394,0.97534,0.00028,0.00346,0.02093
179.80000,1.05394,0.97417,0.00033,0.00402,0.02148
179.89999,1.05394,0.97487,0.00032,0.00317,0.02163
180.00000,1.05394,0.97669,0.00036,0.00344,0.01951
180.10001,1.05392,0.97658,0.00034,0.00342,0.01965
180.20000,1.05394,0.97316,0.00037,0.00367,0.02280
180.30000,1.05394,0.97675,0.00034,0.00331,0.01960
180.39999,1.05394,0.97880,0.00024,0.00300,0.01797
180.50000,1.05394,0.97862,0.00029,0.00297,0.01811
180.60001,1.05392,0.98076,0.00027,0.00274,0.01623
180.70000,1.05394,0.98139,0.00028,0.00290,0.01543
180.80000,1.05394,0.98519,0.00025,0.00257,0.01199
180.89999,1.05394,0.98641,0.00024,0.00242,0.01093
181.00000,1.05394,0.98428,0.00023,0.00280,0.01268
181.10001,1.05392,0.98511,0.00029,0.00276,0.01184
181.20000,1.05394,0.98715,0.00024,0.00244,0.01017
181.30000,1.05394,0.98584,0.00025,0.00257,0.01134
181.39999,1.05394,0.98741,0.00024,0.00231,0.01004
181.50000,1.05394,0.98521,0.00028,0.00274,0.01177
181.60001,1.05392,0.98565,0.00025,0.00228,0.01182
181.70000,1.05394,0.98306,0.00028,0.00284,0.01382
181.80000,1.05394,0.98290,0.00022,0.00260,0.01428
181.89999,1.05394,0.98205,0.00023,0.00284,0.01488
182.00000,1.05394,0.98357,0.00024,0.00256,0.01363
182.10001,1.05392,0.97970,0.00030,0.00332,0.01667
182.20000,1.05394,0.97636,0.00027,0.00319,0.02018
182.30000,1.05394,0.97404,0.00031,0.00391,0.02173
182.39999,1.05394,0.97691,0.00029,0.00340,0.01940
182.50000,1.05394,0.97802,0.00030,0.00353,0.01815
182.60001,1.05392,0.97887,0.00025,0.00326,0.01762
182.70000,1.05394,0.97901,0.00034,0.00374,0.01691
182.80000,1.05394,0.98359,0.00033,0.00293,0.01315
182.89999,1.05394,0.98003,0.00037,0.00334,0.01627
183.00000,1.05394,0.98367,0.00025,0.00295,0.01313
183.10001,1.05392,0.98665,0.00023,0.00263,0.01048
183.20000,1.05394,0.99020,0.00017,0.00202,0.00761
183.30000,1.05394,0.98813,0.00018,0.00229,0.00940
183.39999,1.05394,0.98784,0.00019,0.00217,0.00981
183.50000,1.05394,0.98480,0.00026,0.00266,0.01228
183.60001,1.05392,0.98620,0.00021,0.00236,0.01123
183.70000,1.05394,0.98118,0.00030,0.00297,0.01554
183.80000,1.05394,0.97955,0.00027,0.00313,0.01705
183.89999,1.05394,0.97796,0.00028,0.00322,0.01854
184.00000,1.05394,0.97816,0.00030,0.00336,0.01818
184.10001,1.05392,0.98159,0.00026,0.00272,0.01542
184.20000,1.05394,0.98217,0.00030,0.00296,0.01457
184.30000,1.05394,0.98351,0.00028,0.00245,0.01376
184.39999,1.05394,0.98020,0.00033,0.00325,0.01623
184.50000,1.05394,0.98002,0.00033,0.00301,0.01664
184.60001,1.05392,0.98344,0.00025,0.00258,0.01374
184.70000,1.05394,0.98871,0.00017,0.00198,0.00913
184.80000,1.05394,0.98653,0.00018,0.00210,0.01119
184.89999,1.05394,0.98723,0.00019,0.00209,0.01050
185.00000,1.05394,0.98414,0.00023,0.00251,0.01313
185.10001,1.05392,0.98617,0.00020,0.00225,0.01138
185.20000,1.05394,0.98139,0.00022,0.00261,0.01577
185.30000,1.05394,0.98444,0.00022,0.00225,0.01308
185.39999,1.05394,0.98637,0.00015,0.00189,0.01158
185.50000,1.05394,0.98828,0.00017,0.00178,0.00978
185.60001,1.05392,0.98539,0.00017,0.00205,0.01239
185.70000,1.05394,0.98546,0.00019,0.00222,0.01213
185.80000,1.05394,0.98650,0.00017,0.00206,0.01127
185.89999,1.05394,0.98719,0.00019,0.00206,0.01056
186.00000,1.05394,0.98520,0.00020,0.00231,0.01229
186.10001,1.05392,0.98623,0.00022,0.00227,0.01127
186.20000,1.05394,0.98589,0.00019,0.00250,0.01142
186.30000,1.05394,0.98727,0.00017,0.00228,0.01027
186.39999,1.05394,0.98682,0.00019,0.00254,0.01046
186.50000,1.05394,0.98848,0.00022,0.00227,0.00903
186.60001,1.05392,0.98907,0.00023,0.00203,0.00868
186.70000,1.05394,0.99017,0.00024,0.00182,0.00777
186.80000,1.05394,0.98865,0.00023,0.00209,0.00903
186.89999,1.05394,0.98780,0.00026,0.00222,0.00971
187.00000,1.05394,0.98914,0.00022,0.00214,0.00850
187.10001,1.05392,0.98690,0.00028,0.00257,0.01025
187.20000,1.05394,0.98920,0.00022,0.00200,0.00858
187.30000,1.05394,0.98592,0.00026,0.00240,0.01142
187.39999,1.05394,0.98197,0.00027,0.00300,0.01475
187.50000,1.05394,0.97693,0.00033,0.00339,0.01936
187.60001,1.05392,0.97860,0.00034,0.00359,0.01747
187.70000,1.05394,0.97810,0.00027,0.00317,0.01845
187.80000,1.05394,0.97761,0.00032,0.00348,0.01859
187.89999,1.05394,0.97139,0.00033,0.00402,0.02426
188.00000,1.05394,0.97218,0.00045,0.00400,0.02337
188.10001,1.05392,0.97588,0.00032,0.00342,0.02037
188.20000,1.05394,0.97016,0.00054,0.00478,0.02452
188.30000,1.05394,0.97229,0.00047,0.00376,0.02348
188.39999,1.05394,0.97116,0.00055,0.00416,0.02414
188.50000,1.05394,0.97587,0.00043,0.00398,0.01972
188.60001,1.05392,0.97550,0.00042,0.00443,0.01965
188.70000,1.05394,0.97269,0.00046,0.00447,0.02237
188.80000,1.05394,0.98079,0.00034,0.00360,0.01527
188.89999,1.05394,0.98187,0.00034,0.00346,0.01433
189.00000,1.05394,0.98148,0.00034,0.00323,0.01495
189.10001,1.05392,0.98040,0.00034,0.00328,0.01598
189.20000,1.05394,0.98269,0.00031,0.00293,0.01406
189.30000,1.05394,0.98141,0.00030,0.00287,0.01543
189.39999,1.05394,0.97702,0.00026,0.00312,0.01960
189.50000,1.05394,0.94955,0.00037,0.00429,0.04579
189.60001,1.05392,0.93295,0.00051,0.00592,0.06062
189.70000,1.05394,0.94939,0.00042,0.00431,0.04588
189.80000,1.05394,0.94236,0.00034,0.00415,0.05315
189.89999,1.05394,0.95846,0.00031,0.00340,0.03783
190.00000,1.05394,0.94782,0.00032,0.00410,0.04776
190.10001,1.05392,0.95952,0.00031,0.00413,0.03604
190.20000,1.05394,0.94768,0.00033,0.00468,0.04732
190.30000,1.05394,0.95530,0.00042,0.00457,0.03971
190.39999,1.05394,0.96033,0.00049,0.00413,0.03505
190.50000,1.05394,0.97441,0.00032,0.00391,0.02136
190.60001,1.05392,0.97717,0.00026,0.00340,0.01917
190.70000,1.05394,0.97845,0.00032,0.00336,0.01787
190.80000,1.05394,0.97638,0.00028,0.00360,0.01974
190.89999,1.05394,0.97264,0.00028,0.00388,0.02319
191.00000,1.05394,0.96950,0.00031,0.00402,0.02616
191.10001,1.05392,0.96398,0.00035,0.00426,0.03141
191.20000,1.05394,0.96898,0.00038,0.00436,0.02628
191.30000,1.05394,0.96713,0.00034,0.00431,0.02822
191.39999,1.05394,0.97175,0.00032,0.00393,0.02400
191.50000,1.05394,0.97143,0.00031,0.00415,0.02411
191.60001,1.05392,0.97275,0.00032,0.00418,0.02276
191.70000,1.05394,0.97206,0.00037,0.00395,0.02362
191.80000,1.05394,0.97520,0.00036,0.00369,0.02075
191.89999,1.05394,0.97826,0.00041,0.00378,0.01755
192.00000,1.05394,0.98325,0.00031,0.00295,0.01348
192.10001,1.05392,0.98474,0.00027,0.00256,0.01243
192.20000,1.05394,0.98558,0.00025,0.00270,0.01147
192.30000,1.05394,0.98686,0.00022,0.00250,0.01042
192.39999,1.05394,0.98665,0.00023,0.00253,0.01059
192.50000,1.05394,0.98665,0.00026,0.00233,0.01076
192.60001,1.05392,0.98926,0.00018,0.00199,0.00857
192.70000,1.05394,0.98875,0.00019,0.00212,0.00894
192.80000,1.05394,0.98804,0.00016,0.00222,0.00957
192.89999,1.05394,0.98734,0.00018,0.00231,0.01017
193.00000,1.05394,0.98738,0.00015,0.00221,0.01026
193.10001,1.05392,0.98775,0.00015,0.00216,0.00994
193.20000,1.05394,0.98649,0.00018,0.00239,0.01095
193.30000,1.05394,0.98665,0.00021,0.00229,0.01086
193.39999,1.05394,0.98715,0.00021,0.00240,0.01024
193.50000,1.05394,0.98474,0.00019,0.00262,0.01244
193.60001,1.05392,0.98008,0.00024,0.00336,0.01633
193.70000,1.05394,0.98132,0.00026,0.00314,0.01528
193.80000,1.05394,0.98277,0.00027,0.00312,0.01384
193.89999,1.05394,0.98171,0.00031,0.00303,0.01495
194.00000,1.05394,0.98303,0.00026,0.00282,0.01389
194.10001,1.05392,0.97667,0.00030,0.00356,0.01946
194.20000,1.05394,0.97443,0.00029,0.00348,0.02180
194.30000,1.05394,0.96704,0.00034,0.00433,0.02829
194.39999,1.05394,0.94839,0.00040,0.00555,0.04566
194.50000,1.05394,0.95300,0.00052,0.00528,0.04121
194.60001,1.05392,0.95739,0.00045,0.00455,0.03761
194.70000,1.05394,0.95946,0.00040,0.00431,0.03583
194.80000,1.05394,0.95226,0.00039,0.00481,0.04254
194.89999,1.05394,0.95493,0.00037,0.00469,0.04001
195.00000,1.05394,0.96490,0.00035,0.00388,0.03087
195.10001,1.05392,0.96971,0.00038,0.00388,0.02603
195.20000,1.05394,0.97170,0.00040,0.00352,0.02438
195.30000,1.05394,0.97627,0.00036,0.00336,0.02001
195.39999,1.05394,0.98549,0.00025,0.00273,0.01153
195.50000,1.05394,0.98621,0.00024,0.00249,0.01107
195.60001,1.05392,0.98710,0.00022,0.00234,0.01033
195.70000,1.05394,0.98244,0.00027,0.00283,0.01445
195.80000,1.05394,0.97827,0.00038,0.00373,0.01762
195.89999,1.05394,0.97629,0.00044,0.00314,0.02013
196.00000,1.05394,0.97551,0.00054,0.00369,0.02027
196.10001,1.05392,0.97250,0.00062,0.00374,0.02314
196.20000,1.05394,0.97521,0.00053,0.00370,0.02057
196.30000,1.05394,0.97089,0.00059,0.00361,0.02492
196.39999,1.05394,0.97015,0.00053,0.00408,0.02524
196.50000,1.05394,0.97317,0.00050,0.00361,0.02272
196.60001,1.05392,0.97358,0.00066,0.00403,0.02173
196.70000,1.05394,0.97899,0.00061,0.00301,0.01739
196.80000,1.05394,0.98284,0.00037,0.00255,0.01423
196.89999,1.05394,0.98208,0.00029,0.00249,0.01515
197.00000,1.05394,0.98019,0.00024,0.00263,0.01694
197.10001,1.05392,0.97438,0.00026,0.00309,0.02228
197.20000,1.05394,0.97300,0.00026,0.00313,0.02361
197.30000,1.05394,0.98117,0.00022,0.00255,0.01606
197.39999,1.05394,0.97872,0.00030,0.00307,0.01791
197.50000,1.05394,0.97893,0.00030,0.00313,0.01764
197.60001,1.05392,0.97506,0.00032,0.00343,0.02119
197.70000,1.05394,0.97367,0.00025,0.00353,0.02255
197.80000,1.05394,0.97131,0.00029,0.00391,0.02448
197.89999,1.05394,0.97936,0.00026,0.00314,0.01724
198.00000,1.05394,0.97751,0.00035,0.00377,0.01837
198.10001,1.05392,0.98297,0.00031,0.00290,0.01382
198.20000,1.05394,0.98092,0.00032,0.00311,0.01565
198.30000,1.05394,0.97811,0.00034,0.00332,0.01824
198.39999,1.05394,0.97611,0.00036,0.00363,0.01990
198.50000,1.05394,0.97766,0.00037,0.00349,0.01848
198.60001,1.05392,0.97845,0.00038,0.00368,0.01749
198.70000,1.05394,0.97485,0.00049,0.00374,0.02092
198.80000,1.05394,0.97365,0.00050,0.00393,0.02192
198.89999,1.05394,0.97238,0.00054,0.00379,0.02328
199.00000,1.05394,0.97331,0.00055,0.00373,0.02240
199.10001,1.05392,0.97215,0.00052,0.00389,0.02344
199.20000,1.05394,0.97136,0.00048,0.00399,0.02417
199.30000,1.05394,0.97592,0.00042,0.00354,0.02012
199.39999,1.05394,0.97004,0.00045,0.00398,0.02553
199.50000,1.05394,0.96016,0.00052,0.00449,0.03483
199.60001,1.05392,0.96030,0.00051,0.00453,0.03466
199.70000,1.05394,0.95800,0.00048,0.00478,0.03673
199.80000,1.05394,0.94413,0.00070,0.00533,0.04984
199.89999,1.05394,0.94552,0.00094,0.00474,0.04879
200.00000,1.05394,0.95312,0.00119,0.00374,0.04195
200.10001,1.05392,0.93615,0.00152,0.00408,0.05825
200.20000,1.05394,0.94809,0.00138,0.00330,0.04723
200.30000,1.05394,0.94665,0.00135,0.00360,0.04839
200.39999,1.05394,0.96569,0.00099,0.00260,0.03071
200.50000,1.05394,0.96844,0.00078,0.00221,0.02858
200.60001,1.05392,0.96040,0.00112,0.00245,0.03603
200.70000,1.05394,0.95850,0.00093,0.00299,0.03758
200.80000,1.05394,0.96912,0.00064,0.00263,0.02760
200.89999,1.05394,0.96763,0.00045,0.00309,0.02883
201.00000,1.05394,0.97586,0.00023,0.00249,0.02142
201.10001,1.05392,0.98289,0.00019,0.00216,0.01476
201.20000,1.05394,0.98136,0.00016,0.00189,0.01659
201.30000,1.05394,0.97912,0.00022,0.00237,0.01830
201.39999,1.05394,0.96454,0.00030,0.00348,0.03167
201.50000,1.05394,0.97619,0.00022,0.00360,0.01999
201.60001,1.05392,0.98070,0.00032,0.00387,0.01511
201.70000,1.05394,0.98123,0.00026,0.00380,0.01472
201.80000,1.05394,0.98020,0.00025,0.00379,0.01575
201.89999,1.05394,0.98151,0.00024,0.00370,0.01455
202.00000,1.05394,0.98142,0.00028,0.00339,0.01490
202.10001,1.05392,0.97803,0.00030,0.00392,0.01775
202.20000,1.05394,0.98265,0.00022,0.00305,0.01408
202.30000,1.05394,0.97930,0.00022,0.00380,0.01668
202.39999,1.05394,0.98385,0.00019,0.00311,0.01285
202.50000,1.05394,0.98493,0.00015,0.00298,0.01194
202.60001,1.05392,0.98657,0.00018,0.00277,0.01048
202.70000,1.05394,0.98462,0.00017,0.00259,0.01262
202.80000,1.05394,0.98647,0.00018,0.00229,0.01106
202.89999,1.05394,0.98833,0.00013,0.00204,0.00950
203.00000,1.05394,0.98625,0.00016,0.00245,0.01113
203.10001,1.05392,0.98426,0.00012,0.00230,0.01332
203.20000,1.05394,0.98240,0.00016,0.00253,0.01491
203.30000,1.05394,0.98772,0.00012,0.00182,0.01034
203.39999,1.05394,0.98552,0.00019,0.00243,0.01186
203.50000,1.05394,0.98664,0.00016,0.00225,0.01095
203.60001,1.05392,0.98369,0.00017,0.00263,0.01351
203.70000,1.05394,0.98548,0.00014,0.00239,0.01200
203.80000,1.05394,0.98014,0.00022,0.00309,0.01655
203.89999,1.05394,0.98157,0.00020,0.00274,0.01549
204.00000,1.05394,0.98059,0.00027,0.00322,0.01593
204.10001,1.05392,0.98535,0.00019,0.00241,0.01204
204.20000,1.05394,0.98316,0.00023,0.00295,0.01366
204.30000,1.05394,0.98487,0.00019,0.00265,0.01230
204.39999,1.05394,0.98527,0.00021,0.00270,0.01182
204.50000,1.05394,0.98651,0.00020,0.00241,0.01087
204.60001,1.05392,0.98573,0.00023,0.00253,0.01152
204.70000,1.05394,0.98875,0.00018,0.00203,0.00905
204.80000,1.05394,0.98755,0.00016,0.00219,0.01010
204.89999,1.05394,0.99021,0.00014,0.00191,0.00773
205.00000,1.05394,0.98824,0.00013,0.00214,0.00949
205.10001,1.05392,0.98728,0.00015,0.00231,0.01027
205.20000,1.05394,0.98678,0.00015,0.00219,0.01088
205.30000,1.05394,0.98699,0.00016,0.00205,0.01080
205.39999,1.05394,0.98483,0.00018,0.00230,0.01269
205.50000,1.05394,0.98512,0.00016,0.00228,0.01245
205.60001,1.05392,0.98155,0.00016,0.00275,0.01555
205.70000,1.05394,0.98122,0.00019,0.00285,0.01574
205.80000,1.05394,0.97986,0.00020,0.00294,0.01699
205.89999,1.05394,0.97973,0.00026,0.00337,0.01664
206.00000,1.05394,0.98454,0.00021,0.00251,0.01274
206.10001,1.05392,0.98377,0.00024,0.00283,0.01317
206.20000,1.05394,0.98362,0.00023,0.00258,0.01357
206.30000,1.05394,0.98021,0.00031,0.00354,0.01594
206.39999,1.05394,0.98746,0.00025,0.00225,0.01004
206.50000,1.05394,0.98835,0.00025,0.00232,0.00908
206.60001,1.05392,0.98751,0.00029,0.00239,0.00981
206.70000,1.05394,0.98623,0.00024,0.00236,0.01116
206.80000,1.05394,0.98356,0.00030,0.00271,0.01343
206.89999,1.05394,0.98233,0.00031,0.00296,0.01440
207.00000,1.05394,0.98026,0.00036,0.00297,0.01642
207.10001,1.05392,0.98160,0.00040,0.00298,0.01502
207.20000,1.05394,0.97627,0.00040,0.00319,0.02014
207.30000,1.05394,0.97473,0.00040,0.00356,0.02130
207.39999,1.05394,0.96427,0.00044,0.00406,0.03123
207.50000,1.05394,0.96409,0.00045,0.00448,0.03097
207.60001,1.05392,0.96856,0.00041,0.00361,0.02742
207.70000,1.05394,0.94691,0.00079,0.00684,0.04546
207.80000,1.05394,0.90295,0.00133,0.00900,0.08672
207.89999,1.05394,0.91363,0.00090,0.00551,0.07996
208.00000,1.05394,0.92033,0.00076,0.00359,0.07532
208.10001,1.05392,0.90777,0.00080,0.00449,0.08694
208.20000,1.05394,0.92314,0.00068,0.00475,0.07143
208.30000,1.05394,0.92856,0.00048,0.00384,0.06711
208.39999,1.05394,0.91475,0.00077,0.00381,0.08067
208.50000,1.05394,0.89382,0.00100,0.00603,0.09916
208.60001,1.05392,0.94574,0.00074,0.00358,0.04994
208.70000,1.05394,0.97244,0.00033,0.00295,0.02428
208.80000,1.05394,0.97745,0.00029,0.00284,0.01942
208.89999,1.05394,0.98351,0.00020,0.00218,0.01411
209.00000,1.05394,0.98423,0.00020,0.00233,0.01324
209.10001,1.05392,0.98588,0.00022,0.00219,0.01171
209.20000,1.05394,0.98751,0.00028,0.00227,0.00994
209.30000,1.05394,0.98888,0.00026,0.00206,0.00879
209.39999,1.05394,0.98759,0.00026,0.00213,0.01002
209.50000,1.05394,0.98570,0.00033,0.00244,0.01153
209.60001,1.05392,0.98706,0.00031,0.00243,0.01019
209.70000,1.05394,0.98802,0.00027,0.00236,0.00935
209.80000,1.05394,0.98854,0.00026,0.00200,0.00920
209.89999,1.05394,0.98159,0.00032,0.00297,0.01512
210.00000,1.05394,0.98383,0.00030,0.00254,0.01333
210.10001,1.05392,0.97961,0.00029,0.00287,0.01723
210.20000,1.05394,0.98199,0.00028,0.00246,0.01527
210.30000,1.05394,0.97399,0.00041,0.00326,0.02234
210.39999,1.05394,0.97487,0.00039,0.00321,0.02154
210.50000,1.05394,0.97217,0.00042,0.00328,0.02413
210.60001,1.05392,0.97399,0.00054,0.00377,0.02171
210.70000,1.05394,0.97732,0.00057,0.00336,0.01876
210.80000,1.05394,0.96940,0.00084,0.00452,0.02525
210.89999,1.05394,0.97479,0.00087,0.00291,0.02142
211.00000,1.05394,0.97592,0.00078,0.00313,0.02017
211.10001,1.05392,0.97457,0.00076,0.00279,0.02188
211.20000,1.05394,0.98195,0.00052,0.00270,0.01483
211.30000,1.05394,0.98246,0.00050,0.00227,0.01477
211.39999,1.05394,0.98287,0.00053,0.00235,0.01424
211.50000,1.05394,0.97860,0.00047,0.00238,0.01855
211.60001,1.05392,0.98161,0.00035,0.00252,0.01553
211.70000,1.05394,0.98165,0.00036,0.00235,0.01564
211.80000,1.05394,0.98676,0.00024,0.00231,0.01069
211.89999,1.05394,0.98558,0.00024,0.00249,0.01169
212.00000,1.05394,0.98191,0.00035,0.00308,0.01467
212.10001,1.05392,0.98289,0.00028,0.00276,0.01408
212.20000,1.05394,0.98159,0.00029,0.00289,0.01523
212.30000,1.05394,0.98199,0.00030,0.00278,0.01494
212.39999,1.05394,0.97699,0.00039,0.00346,0.01916
212.50000,1.05394,0.97448,0.00044,0.00389,0.02119
212.60001,1.05392,0.97420,0.00039,0.00367,0.02173
212.70000,1.05394,0.96888,0.00044,0.00407,0.02661
212.80000,1.05394,0.97479,0.00043,0.00359,0.02119
212.89999,1.05394,0.97790,0.00033,0.00326,0.01850
213.00000,1.05394,0.97814,0.00027,0.00360,0.01799
213.10001,1.05392,0.97747,0.00029,0.00360,0.01864
213.20000,1.05394,0.97713,0.00030,0.00341,0.01917
213.30000,1.05394,0.97740,0.00029,0.00333,0.01898
213.39999,1.05394,0.97855,0.00024,0.00322,0.01799
213.50000,1.05394,0.97670,0.00023,0.00326,0.01981
213.60001,1.05392,0.97741,0.00025,0.00314,0.01921
213.70000,1.05394,0.97509,0.00026,0.00326,0.02139
213.80000,1.05394,0.96922,0.00031,0.00392,0.02655
213.89999,1.05394,0.97024,0.00030,0.00382,0.02563
214.00000,1.05394,0.96947,0.00032,0.00421,0.02599
214.10001,1.05392,0.97733,0.00026,0.00322,0.01919
214.20000,1.05394,0.97341,0.00031,0.00406,0.02223
214.30000,1.05394,0.97327,0.00036,0.00425,0.02212
214.39999,1.05394,0.96463,0.00097,0.00543,0.02897
214.50000,1.05394,0.95803,0.00313,0.00595,0.03289
214.60001,1.05392,0.93776,0.01124,0.00790,0.04310
214.70000,1.05394,0.91670,0.03855,0.00676,0.03799
214.80000,1.05394,0.81465,0.12948,0.00684,0.04903
214.89999,1.05394,0.58507,0.37697,0.00377,0.03420
215.00000,1.05394,0.27977,0.69632,0.00229,0.02162
215.10001,1.05392,0.06743,0.92516,0.00063,0.00678
215.20000,1.05394,0.01531,0.98220,0.00016,0.00233
215.30000,1.05394,0.00558,0.99354,0.00007,0.00081
215.39999,1.05394,0.00336,0.99601,0.00005,0.00058
215.50000,1.05394,0.00305,0.99642,0.00004,0.00049
215.60001,1.05392,0.00285,0.99664,0.00004,0.00047
215.70000,1.05394,0.00290,0.99657,0.00004,0.00049
215.80000,1.05394,0.00279,0.99675,0.00003,0.00043
215.89999,1.05394,0.00244,0.99715,0.00003,0.00038
216.00000,1.05394,0.00268,0.99685,0.00003,0.00043
216.10001,1.05392,0.00290,0.99664,0.00004,0.00042
216.20000,1.05394,0.00351,0.99594,0.00004,0.00051
216.30000,1.05394,0.00305,0.99648,0.00004,0.00042
216.39999,1.05394,0.00371,0.99574,0.00004,0.00051
216.50000,1.05394,0.00384,0.99564,0.00004,0.00047
216.60001,1.05392,0.00378,0.99566,0.00005,0.00051
216.70000,1.05394,0.00406,0.99537,0.00005,0.00053
216.80000,1.05394,0.00469,0.99462,0.00006,0.00063
216.89999,1.05394,0.00445,0.99482,0.00006,0.00067
217.00000,1.05394,0.00413,0.99517,0.00006,0.00064
217.10001,1.05392,0.00451,0.99471,0.00007,0.00071
217.20000,1.05394,0.00450,0.99476,0.00006,0.00068
217.30000,1.05394,0.00387,0.99547,0.00005,0.00060
217.39999,1.05394,0.00380,0.99567,0.00005,0.00049
217.50000,1.05394,0.00318,0.99632,0.00004,0.00046
217.60001,1.05392,0.00331,0.99618,0.00004,0.00047
217.70000,1.05394,0.00397,0.99550,0.00005,0.00048
217.80000,1.05394,0.00386,0.99559,0.00005,0.00050
217.89999,1.05394,0.00379,0.99564,0.00005,0.00051
218.00000,1.05394,0.00329,0.99627,0.00004,0.00040
218.10001,1.05392,0.00374,0.99576,0.00004,0.00045
218.20000,1.05394,0.00343,0.99610,0.00004,0.00042
218.30000,1.05394,0.00337,0.99605,0.00005,0.00053
218.39999,1.05394,0.00358,0.99574,0.00006,0.00062
218.50000,1.05394,0.00371,0.99572,0.00005,0.00052
218.60001,1.05392,0.00394,0.99539,0.00006,0.00061
218.70000,1.05394,0.00341,0.99592,0.00006,0.00061
218.80000,1.05394,0.00312,0.99620,0.00006,0.00061
218.89999,1.05394,0.00330,0.99605,0.00006,0.00059
219.00000,1.05394,0.00343,0.99594,0.00006,0.00057
219.10001,1.05392,0.00333,0.99610,0.00005,0.00052
219.20000,1.05394,0.00300,0.99652,0.00004,0.00043
219.30000,1.05394,0.00298,0.99656,0.00004,0.00042
219.39999,1.05394,0.00355,0.99589,0.00005,0.00051
219.50000,1.05394,0.00348,0.99593,0.00005,0.00054
219.60001,1.05392,0.00363,0.99578,0.00005,0.00053
219.70000,1.05394,0.00340,0.99605,0.00005,0.00049
219.80000,1.05394,0.00346,0.99596,0.00006,0.00052
219.89999,1.05394,0.00353,0.99588,0.00006,0.00054
220.00000,1.05394,0.00364,0.99576,0.00006,0.00054
220.10001,1.05392,0.00320,0.99627,0.00005,0.00049
220.20000,1.05394,0.00335,0.99605,0.00006,0.00054
220.30000,1.05394,0.00346,0.99602,0.00005,0.00047
220.39999,1.05394,0.00280,0.99674,0.00005,0.00041
220.50000,1.05394,0.00296,0.99667,0.00003,0.00033
220.60001,1.05392,0.00276,0.99688,0.00004,0.00033
220.70000,1.05394,0.00289,0.99679,0.00003,0.00029
220.80000,1.05394,0.00297,0.99668,0.00004,0.00031
220.89999,1.05394,0.00297,0.99674,0.00003,0.00026
221.00000,1.05394,0.00303,0.99663,0.00003,0.00030
221.10001,1.05392,0.00355,0.99609,0.00004,0.00033
221.20000,1.05394,0.00429,0.99521,0.00006,0.00045
221.30000,1.05394,0.00359,0.99587,0.00005,0.00048
221.39999,1.05394,0.00437,0.99503,0.00006,0.00053
221.50000,1.05394,0.00345,0.99605,0.00005,0.00045
221.60001,1.05392,0.00446,0.99501,0.00006,0.00048
221.70000,1.05394,0.00432,0.99507,0.00006,0.00055
221.80000,1.05394,0.00474,0.99455,0.00007,0.00063
221.89999,1.05394,0.00388,0.99547,0.00006,0.00059
222.00000,1.05394,0.00478,0.99459,0.00006,0.00057
222.10001,1.05392,0.00413,0.99534,0.00005,0.00048
222.20000,1.05394,0.00407,0.99529,0.00006,0.00057
222.30000,1.05394,0.00438,0.99483,0.00006,0.00072
222.39999,1.05394,0.00449,0.99460,0.00007,0.00083
222.50000,1.05394,0.00500,0.99407,0.00008,0.00086
222.60001,1.05392,0.00461,0.99417,0.00009,0.00113
222.70000,1.05394,0.00400,0.99476,0.00009,0.00116
222.80000,1.05394,0.00464,0.99399,0.00011,0.00126
222.89999,1.05394,0.00531,0.99332,0.00011,0.00126
223.00000,1.05394,0.00399,0.99468,0.00010,0.00123
223.10001,1.05392,0.00417,0.99460,0.00010,0.00114
223.20000,1.05394,0.00364,0.99516,0.00009,0.00110
223.30000,1.05394,0.00425,0.99421,0.00012,0.00142
223.39999,1.05394,0.00358,0.99501,0.00011,0.00130
223.50000,1.05394,0.00406,0.99403,0.00014,0.00177
223.60001,1.05392,0.00428,0.99416,0.00013,0.00143
223.70000,1.05394,0.00495,0.99304,0.00015,0.00186
223.80000,1.05394,0.00501,0.99279,0.00017,0.00203
223.89999,1.05394,0.00539,0.99126,0.00020,0.00315
224.00000,1.05394,0.00579,0.99036,0.00024,0.00360
224.10001,1.05392,0.00646,0.98831,0.00029,0.00494
224.20000,1.05394,0.00631,0.98984,0.00026,0.00359
224.30000,1.05394,0.00576,0.99060,0.00022,0.00342
224.39999,1.05394,0.00521,0.99123,0.00021,0.00336
224.50000,1.05394,0.00466,0.99219,0.00018,0.00296
224.60001,1.05392,0.00472,0.99185,0.00018,0.00325
224.70000,1.05394,0.00485,0.99049,0.00026,0.00440
224.80000,1.05394,0.00437,0.99234,0.00018,0.00310
224.89999,1.05394,0.00501,0.99109,0.00022,0.00368
225.00000,1.05394,0.00445,0.99143,0.00022,0.00390
225.10001,1.05392,0.00503,0.99019,0.00027,0.00452
225.20000,1.05394,0.00476,0.99066,0.00026,0.00432
225.30000,1.05394,0.00574,0.98994,0.00027,0.00405
225.39999,1.05394,0.00437,0.99211,0.00022,0.00331
225.50000,1.05394,0.00493,0.99149,0.00021,0.00337
225.60001,1.05392,0.00406,0.99311,0.00019,0.00264
225.70000,1.05394,0.00392,0.99351,0.00017,0.00241
225.80000,1.05394,0.00338,0.99489,0.00012,0.00160
225.89999,1.05394,0.00341,0.99548,0.00008,0.00104
226.00000,1.05394,0.00228,0.99703,0.00006,0.00064
226.10001,1.05392,0.00268,0.99666,0.00006,0.00061
226.20000,1.05394,0.00240,0.99694,0.00005,0.00061
226.30000,1.05394,0.00307,0.99602,0.00009,0.00082
226.39999,1.05394,0.00352,0.99545,0.00009,0.00094
226.50000,1.05394,0.00343,0.99565,0.00010,0.00082
226.60001,1.05392,0.00321,0.99596,0.00009,0.00074
226.70000,1.05394,0.00373,0.99542,0.00010,0.00074
226.80000,1.05394,0.00457,0.99432,0.00012,0.00099
226.89999,1.05394,0.00375,0.99550,0.00009,0.00066
227.00000,1.05394,0.00384,0.99544,0.00009,0.00063
227.10001,1.05392,0.00446,0.99483,0.00008,0.00063
227.20000,1.05394,0.00369,0.99575,0.00007,0.00050
227.30000,1.05394,0.00364,0.99592,0.00005,0.00040
227.39999,1.05394,0.00363,0.99591,0.00005,0.00040
227.50000,1.05394,0.00353,0.99606,0.00004,0.00036
227.60001,1.05392,0.00321,0.99627,0.00006,0.00046
227.70000,1.05394,0.00402,0.99550,0.00006,0.00043
227.80000,1.05394,0.00364,0.99575,0.00007,0.00054
227.89999,1.05394,0.00497,0.99421,0.00010,0.00072
228.00000,1.05394,0.00500,0.99408,0.00010,0.00082
228.10001,1.05392,0.00534,0.99375,0.00011,0.00080
228.20000,1.05394,0.00483,0.99432,0.00009,0.00075
228.30000,1.05394,0.00558,0.99351,0.00012,0.00079
228.39999,1.05394,0.00501,0.99396,0.00011,0.00092
228.50000,1.05394,0.00503,0.99387,0.00013,0.00097
228.60001,1.05392,0.00542,0.99362,0.00010,0.00086
228.70000,1.05394,0.00477,0.99433,0.00010,0.00080
228.80000,1.05394,0.00461,0.99462,0.00009,0.00068
228.89999,1.05394,0.00502,0.99410,0.00010,0.00078
229.00000,1.05394,0.00481,0.99420,0.00011,0.00088
229.10001,1.05392,0.00446,0.99465,0.00011,0.00079
229.20000,1.05394,0.00355,0.99570,0.00009,0.00066
229.30000,1.05394,0.00332,0.99589,0.00008,0.00071
229.39999,1.05394,0.00417,0.99493,0.00010,0.00080
229.50000,1.05394,0.00370,0.99536,0.00010,0.00084
229.60001,1.05392,0.00380,0.99495,0.00012,0.00113
229.70000,1.05394,0.00393,0.99493,0.00013,0.00102
229.80000,1.05394,0.00362,0.99538,0.00011,0.00089
229.89999,1.05394,0.00329,0.99585,0.00011,0.00076
230.00000,1.05394,0.00337,0.99574,0.00010,0.00079
230.10001,1.05392,0.00343,0.99559,0.00011,0.00087
230.20000,1.05394,0.00361,0.99541,0.00011,0.00088
230.30000,1.05394,0.00361,0.99552,0.00010,0.00077
230.39999,1.05394,0.00359,0.99562,0.00009,0.00070
230.50000,1.05394,0.00330,0.99609,0.00007,0.00053
230.60001,1.05392,0.00354,0.99586,0.00008,0.00052
230.70000,1.05394,0.00334,0.99600,0.00008,0.00058
230.80000,1.05394,0.00331,0.99601,0.00008,0.00061
230.89999,1.05394,0.00285,0.99659,0.00006,0.00049
231.00000,1.05394,0.00322,0.99623,0.00007,0.00047
231.10001,1.05392,0.00317,0.99627,0.00007,0.00049
231.20000,1.05394,0.00334,0.99605,0.00008,0.00052
231.30000,1.05394,0.00352,0.99571,0.00008,0.00069
231.39999,1.05394,0.00483,0.99393,0.00013,0.00111
231.50000,1.05394,0.00439,0.99411,0.00014,0.00137
231.60001,1.05392,0.00507,0.99360,0.00016,0.00117
231.70000,1.05394,0.00440,0.99424,0.00014,0.00123
231.80000,1.05394,0.00622,0.99193,0.00020,0.00165
231.89999,1.05394,0.00569,0.99258,0.00017,0.00156
232.00000,1.05394,0.00562,0.99230,0.00022,0.00186
232.10001,1.05392,0.00473,0.99359,0.00017,0.00152
232.20000,1.05394,0.00553,0.99275,0.00017,0.00154
232.30000,1.05394,0.00415,0.99478,0.00011,0.00096
232.39999,1.05394,0.00359,0.99555,0.00011,0.00076
232.50000,1.05394,0.00314,0.99613,0.00007,0.00066
232.60001,1.05392,0.00436,0.99469,0.00010,0.00085
232.70000,1.05394,0.00427,0.99467,0.00011,0.00095
232.80000,1.05394,0.00380,0.99512,0.00011,0.00097
232.89999,1.05394,0.00386,0.99514,0.00010,0.00090
233.00000,1.05394,0.00440,0.99438,0.00012,0.00110
233.10001,1.05392,0.00489,0.99386,0.00012,0.00113
233.20000,1.05394,0.00518,0.99319,0.00015,0.00148
233.30000,1.05394,0.00523,0.99317,0.00015,0.00146
233.39999,1.05394,0.00661,0.99143,0.00018,0.00177
233.50000,1.05394,0.00534,0.99303,0.00015,0.00148
233.60001,1.05392,0.00666,0.99128,0.00019,0.00186
233.70000,1.05394,0.00712,0.99097,0.00019,0.00172
233.80000,1.05394,0.00782,0.99009,0.00021,0.00188
233.89999,1.05394,0.00912,0.98825,0.00028,0.00235
234.00000,1.05394,0.00979,0.98714,0.00027,0.00280
234.10001,1.05392,0.01074,0.98627,0.00031,0.00268
234.20000,1.05394,0.00948,0.98742,0.00029,0.00282
234.30000,1.05394,0.01335,0.98250,0.00049,0.00365
234.39999,1.05394,0.01090,0.98522,0.00034,0.00353
234.50000,1.05394,0.01192,0.98344,0.00045,0.00419
234.60001,1.05392,0.01161,0.98344,0.00044,0.00451
234.70000,1.05394,0.01324,0.98040,0.00061,0.00576
234.80000,1.05394,0.01182,0.98291,0.00051,0.00476
234.89999,1.05394,0.01180,0.98328,0.00044,0.00447
235.00000,1.05394,0.01318,0.98112,0.00058,0.00512
235.10001,1.05392,0.01305,0.97997,0.00057,0.00640
235.20000,1.05394,0.01030,0.98449,0.00051,0.00471
235.30000,1.05394,0.01032,0.98459,0.00041,0.00468
235.39999,1.05394,0.00960,0.98649,0.00039,0.00352
235.50000,1.05394,0.00946,0.98664,0.00034,0.00356
235.60001,1.05392,0.01032,0.98551,0.00039,0.00377
235.70000,1.05394,0.00997,0.98672,0.00033,0.00298
235.80000,1.05394,0.00906,0.98778,0.00029,0.00288
235.89999,1.05394,0.00766,0.98932,0.00028,0.00274
236.00000,1.05394,0.00938,0.98742,0.00028,0.00292
236.10001,1.05392,0.00865,0.98833,0.00030,0.00272
236.20000,1.05394,0.00880,0.98830,0.00031,0.00258
236.30000,1.05394,0.00822,0.98941,0.00027,0.00210
236.39999,1.05394,0.01042,0.98647,0.00035,0.00276
236.50000,1.05394,0.01082,0.98626,0.00037,0.00255
236.60001,1.05392,0.01053,0.98684,0.00035,0.00229
236.70000,1.05394,0.01088,0.98627,0.00035,0.00250
236.80000,1.05394,0.01056,0.98735,0.00030,0.00179
236.89999,1.05394,0.00939,0.98876,0.00025,0.00160
237.00000,1.05394,0.00775,0.99050,0.00025,0.00150
237.10001,1.05392,0.00769,0.99048,0.00023,0.00160
237.20000,1.05394,0.00784,0.99005,0.00024,0.00186
237.30000,1.05394,0.00786,0.98987,0.00026,0.00201
237.39999,1.05394,0.00564,0.99275,0.00019,0.00143
237.50000,1.05394,0.00550,0.99294,0.00017,0.00139
237.60001,1.05392,0.00626,0.99171,0.00018,0.00186
237.70000,1.05394,0.00673,0.99070,0.00021,0.00236
237.80000,1.05394,0.00733,0.98861,0.00030,0.00376
237.89999,1.05394,0.00878,0.98545,0.00040,0.00537
238.00000,1.05394,0.00955,0.98365,0.00047,0.00633
238.10001,1.05392,0.00962,0.98342,0.00045,0.00651
238.20000,1.05394,0.00912,0.98314,0.00046,0.00727
238.30000,1.05394,0.01141,0.97796,0.00066,0.00997
238.39999,1.05394,0.01188,0.97772,0.00061,0.00979
238.50000,1.05394,0.01387,0.97275,0.00083,0.01256
238.60001,1.05392,0.01030,0.98116,0.00064,0.00790
238.70000,1.05394,0.01070,0.98210,0.00058,0.00662
238.80000,1.05394,0.00884,0.98550,0.00046,0.00520
238.89999,1.05394,0.01029,0.98427,0.00047,0.00497
239.00000,1.05394,0.00917,0.98633,0.00041,0.00410
239.10001,1.05392,0.01105,0.98416,0.00045,0.00434
239.20000,1.05394,0.00932,0.98692,0.00037,0.00339
239.30000,1.05394,0.01021,0.98501,0.00038,0.00440
239.39999,1.05394,0.00978,0.98553,0.00039,0.00430
239.50000,1.05394,0.00857,0.98759,0.00034,0.00351
239.60001,1.05392,0.00910,0.98645,0.00038,0.00407
239.70000,1.05394,0.00955,0.98609,0.00040,0.00397
239.80000,1.05394,0.00852,0.98689,0.00036,0.00423
239.89999,1.05394,0.01070,0.98329,0.00045,0.00556
240.00000,1.05394,0.01081,0.98255,0.00047,0.00617
240.10001,1.05392,0.01103,0.98074,0.00052,0.00771
240.20000,1.05394,0.00944,0.98278,0.00062,0.00716
240.30000,1.05394,0.01149,0.98130,0.00060,0.00662
240.39999,1.05394,0.01350,0.97849,0.00069,0.00732
240.50000,1.05394,0.01564,0.97605,0.00069,0.00762
240.60001,1.05392,0.01523,0.97700,0.00074,0.00703
240.70000,1.05394,0.01460,0.97921,0.00054,0.00565
240.80000,1.05394,0.01492,0.97826,0.00065,0.00617
240.89999,1.05394,0.01473,0.98048,0.00052,0.00427
241.00000,1.05394,0.01595,0.97923,0.00055,0.00428
241.10001,1.05392,0.01447,0.98212,0.00040,0.00301
241.20000,1.05394,0.01481,0.98136,0.00044,0.00339
241.30000,1.05394,0.01235,0.98489,0.00029,0.00247
241.39999,1.05394,0.01391,0.98276,0.00034,0.00299
241.50000,1.05394,0.01084,0.98647,0.00031,0.00238
241.60001,1.05392,0.01165,0.98535,0.00029,0.00272
241.70000,1.05394,0.01022,0.98717,0.00027,0.00234
241.80000,1.05394,0.00896,0.98889,0.00021,0.00194
241.89999,1.05394,0.00868,0.98924,0.00021,0.00187
242.00000,1.05394,0.00754,0.99070,0.00018,0.00157
242.10001,1.05392,0.00614,0.99231,0.00014,0.00141
242.20000,1.05394,0.00565,0.99286,0.00014,0.00135
242.30000,1.05394,0.00452,0.99429,0.00011,0.00107
242.39999,1.05394,0.00419,0.99470,0.00010,0.00101
242.50000,1.05394,0.00476,0.99408,0.00011,0.00105
242.60001,1.05392,0.00417,0.99471,0.00011,0.00101
242.70000,1.05394,0.00449,0.99443,0.00012,0.00096
242.80000,1.05394,0.00474,0.99411,0.00013,0.00102
242.89999,1.05394,0.00523,0.99328,0.00017,0.00132
243.00000,1.05394,0.00578,0.99279,0.00017,0.00127
243.10001,1.05392,0.00638,0.99225,0.00018,0.00119
243.20000,1.05394,0.00726,0.99108,0.00021,0.00145
243.30000,1.05394,0.00743,0.99086,0.00023,0.00149
243.39999,1.05394,0.00634,0.99229,0.00018,0.00119
243.50000,1.05394,0.00634,0.99242,0.00015,0.00110
243.60001,1.05392,0.00540,0.99340,0.00014,0.00106
243.70000,1.05394,0.00633,0.99246,0.00014,0.00108
243.80000,1.05394,0.00415,0.99476,0.00013,0.00097
243.89999,1.05394,0.00439,0.99442,0.00014,0.00105
244.00000,1.05394,0.00584,0.99238,0.00020,0.00158
244.10001,1.05392,0.00567,0.99285,0.00017,0.00130
244.20000,1.05394,0.00609,0.99235,0.00019,0.00137
244.30000,1.05394,0.00700,0.99114,0.00022,0.00164
