Time (seconds), Duration (seconds),pred_(unlabeled),pred_brushing_teeth,pred_hair_drying,pred_showering
0.00000,1.02194,0.99714,0.00229,0.00051,0.00006
0.14000,1.02194,0.99703,0.00238,0.00053,0.00006
0.28000,1.02194,0.99698,0.00242,0.00054,0.00006
0.42000,1.02194,0.99699,0.00240,0.00054,0.00006
0.56000,1.02194,0.99699,0.00241,0.00054,0.00006
0.70000,1.02194,0.99694,0.00245,0.00054,0.00006
0.84000,1.02194,0.99698,0.00242,0.00054,0.00006
0.98000,1.02194,0.99702,0.00238,0.00054,0.00006
1.12000,1.02194,0.99703,0.00237,0.00053,0.00006
1.26000,1.02194,0.99704,0.00236,0.00053,0.00006
1.40000,1.02194,0.99702,0.00238,0.00053,0.00006
1.54000,1.02194,0.99701,0.00239,0.00053,0.00006
1.68000,1.02194,0.99704,0.00237,0.00053,0.00006
1.82000,1.02194,0.99704,0.00236,0.00053,0.00006
1.96000,1.02194,0.99702,0.00238,0.00054,0.00006
2.10000,1.02194,0.99698,0.00242,0.00054,0.00006
2.24000,1.02194,0.99699,0.00241,0.00054,0.00006
2.38000,1.02194,0.99701,0.00239,0.00053,0.00006
2.52000,1.02194,0.99702,0.00239,0.00053,0.00006
2.66000,1.02194,0.99703,0.00237,0.00053,0.00006
2.80000,1.02194,0.99706,0.00235,0.00053,0.00006
2.94000,1.02194,0.99708,0.00233,0.00053,0.00006
3.08000,1.02194,0.99708,0.00233,0.00052,0.00006
3.22000,1.02194,0.99704,0.00236,0.00053,0.00006
3.36000,1.02194,0.99704,0.00237,0.00053,0.00006
3.50000,1.02194,0.99710,0.00231,0.00052,0.00006
3.64000,1.02194,0.99710,0.00231,0.00052,0.00006
3.78000,1.02194,0.99708,0.00233,0.00053,0.00006
3.92000,1.02194,0.99713,0.00228,0.00052,0.00006
4.06000,1.02194,0.99710,0.00232,0.00052,0.00006
4.20000,1.02194,0.99713,0.00229,0.00052,0.00006
4.34000,1.02194,0.99713,0.00229,0.00052,0.00006
4.48000,1.02194,0.99708,0.00234,0.00052,0.00006
4.62000,1.02194,0.99708,0.00234,0.00052,0.00006
4.76000,1.02194,0.99712,0.00229,0.00052,0.00006
4.90000,1.02194,0.99707,0.00235,0.00053,0.00006
5.04000,1.02194,0.99708,0.00234,0.00052,0.00006
5.18000,1.02194,0.99709,0.00233,0.00052,0.00006
5.32000,1.02194,0.99708,0.00233,0.00052,0.00006
5.46000,1.02194,0.99711,0.00230,0.00052,0.00006
5.60000,1.02194,0.99710,0.00232,0.00052,0.00006
5.74000,1.02194,0.99708,0.00233,0.00052,0.00006
5.88000,1.02194,0.99704,0.00237,0.00053,0.00006
6.02000,1.02194,0.99708,0.00233,0.00053,0.00006
6.16000,1.02194,0.99710,0.00232,0.00053,0.00006
6.30000,1.02194,0.99713,0.00228,0.00052,0.00006
6.44000,1.02194,0.99711,0.00230,0.00052,0.00006
6.58000,1.02194,0.99720,0.00222,0.00051,0.00006
6.72000,1.02194,0.99714,0.00228,0.00052,0.00006
6.86000,1.02194,0.99719,0.00224,0.00051,0.00006
7.00000,1.02194,0.99716,0.00227,0.00051,0.00006
7.14000,1.02194,0.99717,0.00225,0.00051,0.00006
7.28000,1.02194,0.99712,0.00230,0.00052,0.00006
7.42000,1.02194,0.99709,0.00233,0.00052,0.00006
7.56000,1.02194,0.99708,0.00233,0.00052,0.00006
7.70000,1.02194,0.99712,0.00230,0.00052,0.00006
7.84000,1.02194,0.99712,0.00230,0.00052,0.00006
7.98000,1.02194,0.99709,0.00232,0.00052,0.00006
8.12000,1.02194,0.99710,0.00232,0.00052,0.00006
8.26000,1.02194,0.99713,0.00229,0.00052,0.00006
8.40000,1.02194,0.99717,0.00226,0.00051,0.00006
8.54000,1.02194,0.99715,0.00227,0.00051,0.00006
8.68000,1.02194,0.99711,0.00231,0.00052,0.00006
8.82000,1.02194,0.99714,0.00229,0.00051,0.00006
8.96000,1.02194,0.99716,0.00227,0.00051,0.00006
9.10000,1.02194,0.99721,0.00222,0.00051,0.00006
9.24000,1.02194,0.99720,0.00224,0.00051,0.00006
9.38000,1.02194,0.99720,0.00224,0.00051,0.00006
9.52000,1.02194,0.99720,0.00223,0.00051,0.00006
9.66000,1.02194,0.99721,0.00222,0.00050,0.00006
9.80000,1.02194,0.99720,0.00224,0.00051,0.00006
9.94000,1.02194,0.99722,0.00221,0.00050,0.00006
10.08000,1.02194,0.99719,0.00224,0.00051,0.00006
10.22000,1.02194,0.99715,0.00227,0.00051,0.00006
10.36000,1.02194,0.99716,0.00226,0.00051,0.00006
10.50000,1.02194,0.99717,0.00225,0.00051,0.00006
10.64000,1.02194,0.99714,0.00228,0.00051,0.00006
10.78000,1.02194,0.99715,0.00228,0.00051,0.00006
10.92000,1.02194,0.99712,0.00230,0.00052,0.00006
11.06000,1.02194,0.99712,0.00230,0.00052,0.00006
11.20000,1.02194,0.99712,0.00230,0.00052,0.00006
11.34000,1.02194,0.99713,0.00230,0.00052,0.00006
11.48000,1.02194,0.99713,0.00229,0.00051,0.00006
11.62000,1.02194,0.99713,0.00229,0.00051,0.00006
11.76000,1.02194,0.99712,0.00231,0.00052,0.00006
11.90000,1.02194,0.99716,0.00226,0.00051,0.00006
12.04000,1.02194,0.99723,0.00221,0.00050,0.00006
12.18000,1.02194,0.99717,0.00226,0.00051,0.00006
12.32000,1.02194,0.99714,0.00228,0.00052,0.00006
12.46000,1.02194,0.99713,0.00229,0.00052,0.00006
12.60000,1.02194,0.99717,0.00226,0.00051,0.00006
12.74000,1.02194,0.99716,0.00226,0.00051,0.00006
12.88000,1.02194,0.99716,0.00226,0.00052,0.00006
13.02000,1.02194,0.99720,0.00223,0.00051,0.00006
13.16000,1.02194,0.99719,0.00224,0.00051,0.00006
13.30000,1.02194,0.99720,0.00224,0.00051,0.00006
13.44000,1.02194,0.99718,0.00225,0.00051,0.00006
13.58000,1.02194,0.99715,0.00228,0.00051,0.00006
13.72000,1.02194,0.99719,0.00224,0.00051,0.00006
13.86000,1.02194,0.99717,0.00226,0.00051,0.00006
14.00000,1.02194,0.99717,0.00226,0.00051,0.00006
14.14000,1.02194,0.99720,0.00223,0.00051,0.00006
14.28000,1.02194,0.99712,0.00230,0.00052,0.00006
14.42000,1.02194,0.99713,0.00229,0.00052,0.00006
14.56000,1.02194,0.99718,0.00225,0.00051,0.00006
14.70000,1.02194,0.99715,0.00227,0.00052,0.00006
14.84000,1.02194,0.99714,0.00228,0.00052,0.00006
14.98000,1.02194,0.99710,0.00230,0.00053,0.00006
15.12000,1.02194,0.99717,0.00226,0.00051,0.00006
15.26000,1.02194,0.99722,0.00222,0.00050,0.00006
15.40000,1.02194,0.99727,0.00217,0.00050,0.00006
15.54000,1.02194,0.99721,0.00223,0.00050,0.00006
15.68000,1.02194,0.99721,0.00222,0.00050,0.00006
15.82000,1.02194,0.99725,0.00219,0.00050,0.00006
15.96000,1.02194,0.99724,0.00220,0.00050,0.00006
16.10000,1.02194,0.99724,0.00220,0.00050,0.00006
16.24000,1.02194,0.99723,0.00221,0.00050,0.00006
16.38000,1.02194,0.99721,0.00222,0.00050,0.00006
16.52000,1.02194,0.99721,0.00222,0.00050,0.00006
16.66000,1.02194,0.99721,0.00223,0.00050,0.00006
16.80000,1.02194,0.99720,0.00224,0.00051,0.00006
16.94000,1.02194,0.99719,0.00224,0.00051,0.00006
17.08000,1.02194,0.99719,0.00224,0.00051,0.00006
17.22000,1.02194,0.99717,0.00226,0.00051,0.00006
17.36000,1.02194,0.99712,0.00230,0.00052,0.00006
17.50000,1.02194,0.99716,0.00226,0.00051,0.00006
17.64000,1.02194,0.99714,0.00228,0.00051,0.00006
17.78000,1.02194,0.99716,0.00226,0.00051,0.00006
17.92000,1.02194,0.99716,0.00227,0.00051,0.00006
18.06000,1.02194,0.99713,0.00229,0.00051,0.00006
18.20000,1.02194,0.99718,0.00225,0.00051,0.00006
18.34000,1.02194,0.99718,0.00225,0.00051,0.00006
18.48000,1.02194,0.99722,0.00221,0.00050,0.00006
18.62000,1.02194,0.99719,0.00224,0.00050,0.00006
18.76000,1.02194,0.99718,0.00225,0.00051,0.00006
18.90000,1.02194,0.99719,0.00224,0.00051,0.00006
19.04000,1.02194,0.99719,0.00225,0.00051,0.00006
19.18000,1.02194,0.99719,0.00225,0.00051,0.00006
19.32000,1.02194,0.99719,0.00224,0.00051,0.00006
19.46000,1.02194,0.99718,0.00225,0.00051,0.00006
19.60000,1.02194,0.99718,0.00225,0.00051,0.00006
19.74000,1.02194,0.99719,0.00224,0.00051,0.00006
19.88000,1.02194,0.99717,0.00226,0.00051,0.00006
20.02000,1.02194,0.99716,0.00227,0.00051,0.00006
20.16000,1.02194,0.99713,0.00229,0.00052,0.00006
20.30000,1.02194,0.99713,0.00229,0.00052,0.00006
20.44000,1.02194,0.99718,0.00225,0.00051,0.00006
20.58000,1.02194,0.99716,0.00227,0.00051,0.00006
20.72000,1.02194,0.99721,0.00222,0.00051,0.00006
20.86000,1.02194,0.99719,0.00224,0.00051,0.00006
21.00000,1.02194,0.99719,0.00224,0.00051,0.00006
21.14000,1.02194,0.99724,0.00220,0.00050,0.00006
21.28000,1.02194,0.99722,0.00222,0.00050,0.00006
21.42000,1.02194,0.99720,0.00223,0.00051,0.00006
21.56000,1.02194,0.99719,0.00225,0.00051,0.00006
21.70000,1.02194,0.99718,0.00225,0.00051,0.00006
21.84000,1.02194,0.99717,0.00226,0.00051,0.00006
21.98000,1.02194,0.99716,0.00227,0.00051,0.00006
22.12000,1.02194,0.99719,0.00224,0.00051,0.00006
22.26000,1.02194,0.99716,0.00227,0.00051,0.00006
22.40000,1.02194,0.99715,0.00227,0.00051,0.00006
22.54000,1.02194,0.99712,0.00230,0.00052,0.00006
22.68000,1.02194,0.99713,0.00230,0.00051,0.00006
22.82000,1.02194,0.99715,0.00228,0.00051,0.00006
22.96000,1.02194,0.99714,0.00228,0.00051,0.00006
23.10000,1.02194,0.99709,0.00233,0.00052,0.00006
23.24000,1.02194,0.99713,0.00230,0.00052,0.00006
23.38000,1.02194,0.99711,0.00232,0.00052,0.00006
23.52000,1.02194,0.99712,0.00231,0.00052,0.00006
23.66000,1.02194,0.99714,0.00229,0.00052,0.00006
23.80000,1.02194,0.99712,0.00230,0.00052,0.00006
23.94000,1.02194,0.99713,0.00229,0.00051,0.00006
24.08000,1.02194,0.99714,0.00229,0.00051,0.00006
24.22000,1.02194,0.99713,0.00230,0.00052,0.00006
24.36000,1.02194,0.99713,0.00229,0.00052,0.00006
24.50000,1.02194,0.99711,0.00231,0.00052,0.00006
24.64000,1.02194,0.99711,0.00231,0.00052,0.00006
24.78000,1.02194,0.99712,0.00230,0.00052,0.00006
24.92000,1.02194,0.99708,0.00233,0.00052,0.00006
25.06000,1.02194,0.99710,0.00232,0.00052,0.00006
25.20000,1.02194,0.99711,0.00231,0.00052,0.00006
25.34000,1.02194,0.99707,0.00234,0.00052,0.00006
25.48000,1.02194,0.99704,0.00237,0.00053,0.00006
25.62000,1.02194,0.99707,0.00234,0.00053,0.00006
25.76000,1.02194,0.99704,0.00236,0.00053,0.00006
25.90000,1.02194,0.99704,0.00237,0.00053,0.00006
26.04000,1.02194,0.99698,0.00242,0.00054,0.00006
26.18000,1.02194,0.99700,0.00240,0.00054,0.00006
26.32000,1.02194,0.99693,0.00246,0.00055,0.00006
26.46000,1.02194,0.99693,0.00246,0.00055,0.00006
26.60000,1.02194,0.99691,0.00247,0.00055,0.00006
26.74000,1.02194,0.99690,0.00248,0.00055,0.00006
26.88000,1.02194,0.99692,0.00247,0.00055,0.00006
27.02000,1.02194,0.99690,0.00248,0.00056,0.00007
27.16000,1.02194,0.99700,0.00239,0.00054,0.00007
27.30000,1.02194,0.99698,0.00242,0.00054,0.00006
27.44000,1.02194,0.99696,0.00243,0.00054,0.00006
27.58000,1.02194,0.99699,0.00241,0.00054,0.00006
27.72000,1.02194,0.99698,0.00241,0.00054,0.00006
27.86000,1.02194,0.99696,0.00244,0.00054,0.00006
28.00000,1.02194,0.99695,0.00244,0.00054,0.00006
28.14000,1.02194,0.99696,0.00243,0.00054,0.00006
28.28000,1.02194,0.99697,0.00243,0.00054,0.00006
28.42000,1.02194,0.99696,0.00243,0.00054,0.00006
28.56000,1.02194,0.99696,0.00243,0.00054,0.00006
28.70000,1.02194,0.99694,0.00245,0.00055,0.00006
28.84000,1.02194,0.99693,0.00245,0.00055,0.00006
28.98000,1.02194,0.99694,0.00245,0.00055,0.00006
29.12000,1.02194,0.99689,0.00249,0.00055,0.00006
29.26000,1.02194,0.99694,0.00244,0.00055,0.00006
29.40000,1.02194,0.99686,0.00251,0.00056,0.00006
29.54000,1.02194,0.99687,0.00250,0.00056,0.00006
29.68000,1.02194,0.99689,0.00248,0.00056,0.00007
29.82000,1.02194,0.99695,0.00244,0.00055,0.00006
29.96000,1.02194,0.99692,0.00247,0.00055,0.00006
30.10000,1.02194,0.99696,0.00243,0.00054,0.00006
30.24000,1.02194,0.99690,0.00249,0.00055,0.00006
30.38000,1.02194,0.99691,0.00247,0.00055,0.00006
30.52000,1.02194,0.99692,0.00246,0.00055,0.00007
30.66000,1.02194,0.99687,0.00251,0.00056,0.00006
30.80000,1.02194,0.99686,0.00252,0.00056,0.00006
30.94000,1.02194,0.99685,0.00252,0.00056,0.00006
31.08000,1.02194,0.99689,0.00249,0.00056,0.00006
31.22000,1.02194,0.99685,0.00252,0.00057,0.00007
31.36000,1.02194,0.99688,0.00250,0.00056,0.00006
31.50000,1.02194,0.99687,0.00251,0.00056,0.00006
31.64000,1.02194,0.99689,0.00249,0.00056,0.00006
31.78000,1.02194,0.99685,0.00253,0.00056,0.00006
31.92000,1.02194,0.99689,0.00249,0.00056,0.00007
32.06000,1.02193,0.99684,0.00253,0.00056,0.00007
32.20000,1.02194,0.99680,0.00257,0.00057,0.00006
32.34000,1.02194,0.99685,0.00252,0.00056,0.00006
32.48000,1.02194,0.99684,0.00253,0.00056,0.00007
32.62000,1.02194,0.99685,0.00252,0.00057,0.00006
32.76000,1.02194,0.99678,0.00258,0.00057,0.00007
32.90000,1.02193,0.99677,0.00258,0.00058,0.00007
33.04000,1.02194,0.99677,0.00258,0.00058,0.00007
33.18000,1.02194,0.99675,0.00261,0.00058,0.00007
33.32000,1.02194,0.99679,0.00257,0.00058,0.00007
33.46000,1.02194,0.99671,0.00263,0.00059,0.00007
33.60000,1.02194,0.99676,0.00260,0.00058,0.00007
33.74000,1.02193,0.99672,0.00263,0.00058,0.00007
33.88000,1.02194,0.99668,0.00267,0.00059,0.00007
34.02000,1.02194,0.99662,0.00272,0.00060,0.00007
34.16000,1.02194,0.99661,0.00272,0.00061,0.00007
34.30000,1.02194,0.99664,0.00270,0.00060,0.00007
34.44000,1.02194,0.99659,0.00274,0.00060,0.00007
34.58000,1.02193,0.99654,0.00279,0.00061,0.00007
34.72000,1.02193,0.99659,0.00274,0.00061,0.00007
34.86000,1.02194,0.99653,0.00279,0.00061,0.00007
35.00000,1.02194,0.99644,0.00287,0.00062,0.00007
35.14000,1.02194,0.99643,0.00287,0.00063,0.00007
35.28000,1.02194,0.99645,0.00285,0.00063,0.00007
35.42000,1.02194,0.99641,0.00289,0.00063,0.00007
35.56000,1.02193,0.99637,0.00292,0.00064,0.00007
35.70000,1.02194,0.99635,0.00294,0.00064,0.00007
35.84000,1.02194,0.99638,0.00290,0.00064,0.00007
35.98000,1.02194,0.99642,0.00288,0.00063,0.00007
36.12000,1.02194,0.99637,0.00292,0.00064,0.00007
36.26000,1.02194,0.99631,0.00298,0.00064,0.00007
36.40000,1.02193,0.99630,0.00298,0.00065,0.00007
36.54000,1.02194,0.99631,0.00297,0.00065,0.00007
36.68000,1.02194,0.99625,0.00303,0.00066,0.00007
36.82000,1.02194,0.99627,0.00301,0.00065,0.00007
36.96000,1.02194,0.99622,0.00304,0.00066,0.00007
37.10000,1.02194,0.99635,0.00293,0.00064,0.00007
37.24000,1.02193,0.99634,0.00295,0.00064,0.00007
37.38000,1.02194,0.99627,0.00301,0.00065,0.00007
37.52000,1.02194,0.99630,0.00298,0.00065,0.00007
37.66000,1.02194,0.99627,0.00301,0.00065,0.00007
37.80000,1.02194,0.99628,0.00299,0.00066,0.00007
37.94000,1.02194,0.99622,0.00305,0.00066,0.00007
38.08000,1.02193,0.99628,0.00299,0.00066,0.00007
38.22000,1.02193,0.99622,0.00304,0.00066,0.00007
38.36000,1.02194,0.99624,0.00303,0.00066,0.00007
38.50000,1.02194,0.99625,0.00302,0.00066,0.00007
38.64000,1.02194,0.99624,0.00303,0.00066,0.00007
38.78000,1.02194,0.99621,0.00305,0.00067,0.00007
38.92000,1.02194,0.99615,0.00310,0.00068,0.00007
39.06000,1.02193,0.99620,0.00305,0.00067,0.00007
39.20000,1.02194,0.99616,0.00308,0.00069,0.00008
39.34000,1.02194,0.99620,0.00305,0.00068,0.00007
39.48000,1.02194,0.99626,0.00299,0.00067,0.00008
39.62000,1.02194,0.99613,0.00311,0.00068,0.00007
39.76000,1.02194,0.99610,0.00314,0.00069,0.00007
39.90000,1.02193,0.99612,0.00312,0.00069,0.00007
40.04000,1.02194,0.99606,0.00317,0.00069,0.00007
40.18000,1.02194,0.99610,0.00313,0.00069,0.00007
40.32000,1.02194,0.99605,0.00319,0.00069,0.00007
40.46000,1.02194,0.99613,0.00310,0.00069,0.00007
40.60000,1.02194,0.99617,0.00307,0.00069,0.00007
40.74000,1.02193,0.99609,0.00314,0.00069,0.00007
40.88000,1.02194,0.99610,0.00313,0.00070,0.00008
41.02000,1.02194,0.99596,0.00325,0.00071,0.00008
41.16000,1.02194,0.99610,0.00312,0.00070,0.00008
41.30000,1.02194,0.99607,0.00315,0.00071,0.00008
41.44000,1.02194,0.99593,0.00327,0.00072,0.00008
41.58000,1.02193,0.99573,0.00345,0.00074,0.00008
41.72000,1.02193,0.99576,0.00342,0.00074,0.00008
41.86000,1.02194,0.99568,0.00349,0.00075,0.00008
42.00000,1.02194,0.99572,0.00346,0.00075,0.00008
42.14000,1.02194,0.99566,0.00350,0.00076,0.00008
42.28000,1.02194,0.99576,0.00341,0.00075,0.00008
42.42000,1.02194,0.99574,0.00343,0.00075,0.00008
42.56000,1.02193,0.99569,0.00348,0.00075,0.00008
42.70000,1.02194,0.99567,0.00349,0.00076,0.00008
42.84000,1.02194,0.99572,0.00345,0.00076,0.00008
42.98000,1.02194,0.99560,0.00356,0.00077,0.00008
43.12000,1.02194,0.99569,0.00347,0.00076,0.00008
43.26000,1.02194,0.99565,0.00351,0.00076,0.00008
43.40000,1.02193,0.99555,0.00359,0.00078,0.00008
43.54000,1.02194,0.99558,0.00356,0.00078,0.00008
43.68000,1.02194,0.99549,0.00363,0.00079,0.00008
43.82000,1.02194,0.99528,0.00383,0.00081,0.00008
43.96000,1.02194,0.99544,0.00367,0.00080,0.00008
44.10000,1.02194,0.99536,0.00375,0.00081,0.00008
44.24000,1.02193,0.99537,0.00373,0.00081,0.00008
44.38000,1.02194,0.99544,0.00367,0.00080,0.00008
44.52000,1.02194,0.99553,0.00360,0.00079,0.00008
44.66000,1.02194,0.99555,0.00359,0.00079,0.00008
44.80000,1.02194,0.99561,0.00353,0.00078,0.00008
44.94000,1.02194,0.99570,0.00345,0.00077,0.00008
45.08000,1.02193,0.99567,0.00349,0.00076,0.00008
45.22000,1.02193,0.99575,0.00342,0.00076,0.00008
45.36000,1.02194,0.99576,0.00340,0.00076,0.00008
45.50000,1.02194,0.99585,0.00333,0.00074,0.00008
45.64000,1.02194,0.99601,0.00318,0.00072,0.00008
45.78000,1.02194,0.99593,0.00326,0.00073,0.00008
45.92000,1.02194,0.99576,0.00341,0.00074,0.00008
46.06000,1.02193,0.99593,0.00326,0.00073,0.00008
46.20000,1.02194,0.99587,0.00332,0.00073,0.00008
46.34000,1.02194,0.99587,0.00332,0.00073,0.00008
46.48000,1.02194,0.99570,0.00347,0.00075,0.00008
46.62000,1.02194,0.99570,0.00347,0.00075,0.00008
46.76000,1.02194,0.99569,0.00348,0.00075,0.00008
46.90000,1.02193,0.99582,0.00336,0.00074,0.00008
47.04000,1.02194,0.99579,0.00339,0.00074,0.00008
47.18000,1.02194,0.99591,0.00329,0.00072,0.00008
47.32000,1.02194,0.99586,0.00334,0.00072,0.00008
47.46000,1.02194,0.99585,0.00335,0.00072,0.00008
47.60000,1.02194,0.99586,0.00334,0.00072,0.00008
47.74000,1.02193,0.99585,0.00334,0.00073,0.00008
47.88000,1.02194,0.99577,0.00341,0.00074,0.00008
48.02000,1.02194,0.99574,0.00343,0.00075,0.00008
48.16000,1.02194,0.99572,0.00345,0.00075,0.00008
48.30000,1.02194,0.99571,0.00347,0.00075,0.00008
48.44000,1.02194,0.99585,0.00334,0.00073,0.00008
48.58000,1.02193,0.99591,0.00328,0.00073,0.00008
48.72000,1.02193,0.99607,0.00316,0.00070,0.00008
48.86000,1.02194,0.99609,0.00314,0.00069,0.00008
49.00000,1.02194,0.99609,0.00315,0.00069,0.00007
49.14000,1.02194,0.99610,0.00313,0.00069,0.00008
49.28000,1.02194,0.99606,0.00317,0.00070,0.00008
49.42000,1.02194,0.99598,0.00324,0.00071,0.00007
49.56000,1.02193,0.99598,0.00323,0.00071,0.00008
49.70000,1.02194,0.99595,0.00326,0.00071,0.00008
49.84000,1.02194,0.99602,0.00320,0.00071,0.00008
49.98000,1.02194,0.99583,0.00336,0.00073,0.00008
50.12000,1.02194,0.99596,0.00326,0.00071,0.00008
50.26000,1.02194,0.99599,0.00322,0.00071,0.00008
50.40000,1.02193,0.99587,0.00333,0.00072,0.00008
50.54000,1.02194,0.99597,0.00323,0.00072,0.00008
50.68000,1.02194,0.99575,0.00343,0.00074,0.00008
50.82000,1.02194,0.99575,0.00342,0.00074,0.00008
50.96000,1.02194,0.99577,0.00341,0.00075,0.00008
51.10000,1.02194,0.99579,0.00339,0.00074,0.00008
51.24000,1.02193,0.99564,0.00352,0.00076,0.00008
51.38000,1.02194,0.99567,0.00349,0.00076,0.00008
51.52000,1.02194,0.99571,0.00344,0.00077,0.00008
51.66000,1.02194,0.99584,0.00333,0.00075,0.00008
51.80000,1.02194,0.99569,0.00347,0.00076,0.00008
51.94000,1.02194,0.99568,0.00347,0.00076,0.00008
52.08000,1.02193,0.99562,0.00354,0.00077,0.00008
52.22000,1.02193,0.99566,0.00350,0.00077,0.00008
52.36000,1.02194,0.99557,0.00356,0.00078,0.00008
52.50000,1.02194,0.99559,0.00353,0.00079,0.00009
52.64000,1.02194,0.99553,0.00359,0.00079,0.00008
52.78000,1.02194,0.99536,0.00374,0.00082,0.00008
52.92000,1.02194,0.99533,0.00377,0.00082,0.00008
53.06000,1.02193,0.99524,0.00385,0.00082,0.00008
53.20000,1.02194,0.99520,0.00389,0.00083,0.00008
53.34000,1.02194,0.99519,0.00389,0.00083,0.00008
53.48000,1.02194,0.99536,0.00373,0.00082,0.00009
53.62000,1.02194,0.99509,0.00397,0.00085,0.00008
53.76000,1.02194,0.99492,0.00412,0.00087,0.00009
53.90000,1.02193,0.99475,0.00427,0.00089,0.00009
54.04000,1.02194,0.99476,0.00425,0.00089,0.00009
54.18000,1.02194,0.99481,0.00421,0.00090,0.00009
54.32000,1.02194,0.99481,0.00421,0.00089,0.00009
54.46000,1.02194,0.99473,0.00428,0.00090,0.00009
54.60000,1.02194,0.99483,0.00419,0.00089,0.00009
54.74000,1.02193,0.99466,0.00435,0.00091,0.00009
54.88000,1.02194,0.99475,0.00427,0.00090,0.00009
55.02000,1.02194,0.99499,0.00404,0.00088,0.00009
55.16000,1.02194,0.99497,0.00406,0.00088,0.00009
55.30000,1.02194,0.99484,0.00419,0.00089,0.00009
55.44000,1.02194,0.99471,0.00430,0.00090,0.00009
55.58000,1.02193,0.99483,0.00419,0.00089,0.00009
55.72000,1.02193,0.99461,0.00439,0.00092,0.00009
55.86000,1.02194,0.99474,0.00427,0.00091,0.00009
56.00000,1.02194,0.99465,0.00433,0.00092,0.00009
56.14000,1.02194,0.99459,0.00440,0.00092,0.00009
56.28000,1.02194,0.99459,0.00440,0.00093,0.00009
56.42000,1.02194,0.99470,0.00430,0.00091,0.00009
56.56000,1.02193,0.99465,0.00435,0.00091,0.00009
56.70000,1.02194,0.99487,0.00415,0.00089,0.00009
56.84000,1.02194,0.99489,0.00414,0.00089,0.00009
56.98000,1.02194,0.99501,0.00402,0.00087,0.00009
57.12000,1.02194,0.99495,0.00408,0.00088,0.00009
57.26000,1.02194,0.99478,0.00424,0.00089,0.00009
57.40000,1.02193,0.99490,0.00413,0.00088,0.00009
57.54000,1.02194,0.99500,0.00405,0.00087,0.00009
57.68000,1.02194,0.99523,0.00384,0.00085,0.00009
57.82000,1.02194,0.99518,0.00389,0.00084,0.00009
57.96000,1.02194,0.99517,0.00390,0.00084,0.00009
58.10000,1.02194,0.99514,0.00393,0.00085,0.00009
58.24000,1.02193,0.99506,0.00400,0.00086,0.00008
58.38000,1.02194,0.99509,0.00397,0.00086,0.00009
58.52000,1.02194,0.99485,0.00418,0.00089,0.00009
58.66000,1.02194,0.99499,0.00404,0.00088,0.00009
58.80000,1.02194,0.99481,0.00421,0.00089,0.00009
58.94000,1.02194,0.99476,0.00426,0.00089,0.00009
59.08000,1.02193,0.99491,0.00412,0.00088,0.00009
59.22000,1.02193,0.99486,0.00417,0.00088,0.00009
59.36000,1.02194,0.99485,0.00418,0.00088,0.00008
59.50000,1.02194,0.99505,0.00400,0.00086,0.00009
59.64000,1.02194,0.99492,0.00413,0.00087,0.00008
59.78000,1.02194,0.99493,0.00411,0.00087,0.00008
59.92000,1.02194,0.99510,0.00396,0.00085,0.00009
60.06000,1.02193,0.99499,0.00407,0.00086,0.00008
60.20000,1.02194,0.99503,0.00402,0.00086,0.00009
60.34000,1.02194,0.99509,0.00396,0.00086,0.00009
60.48000,1.02194,0.99520,0.00387,0.00084,0.00009
60.62000,1.02194,0.99503,0.00402,0.00086,0.00009
60.76000,1.02194,0.99505,0.00401,0.00086,0.00009
60.90000,1.02193,0.99506,0.00400,0.00086,0.00008
61.04000,1.02194,0.99509,0.00397,0.00085,0.00008
61.18000,1.02194,0.99518,0.00389,0.00085,0.00009
61.32000,1.02194,0.99503,0.00403,0.00086,0.00009
61.46000,1.02194,0.99502,0.00404,0.00086,0.00008
61.60000,1.02194,0.99519,0.00389,0.00084,0.00009
61.74000,1.02193,0.99521,0.00386,0.00084,0.00009
61.88000,1.02194,0.99511,0.00395,0.00085,0.00008
62.02000,1.02194,0.99510,0.00397,0.00085,0.00008
62.16000,1.02194,0.99519,0.00389,0.00084,0.00008
62.30000,1.02194,0.99523,0.00386,0.00083,0.00008
62.44000,1.02194,0.99522,0.00387,0.00083,0.00008
62.58000,1.02193,0.99517,0.00391,0.00083,0.00008
62.72000,1.02193,0.99542,0.00369,0.00081,0.00008
62.86000,1.02194,0.99526,0.00384,0.00082,0.00008
63.00000,1.02193,0.99534,0.00376,0.00082,0.00008
63.14000,1.02193,0.99529,0.00380,0.00082,0.00008
63.28000,1.02194,0.99530,0.00380,0.00082,0.00008
63.42000,1.02194,0.99530,0.00379,0.00082,0.00008
63.56000,1.02194,0.99556,0.00355,0.00080,0.00009
63.70000,1.02194,0.99536,0.00375,0.00081,0.00008
63.84000,1.02194,0.99556,0.00357,0.00079,0.00008
63.98000,1.02194,0.99547,0.00365,0.00080,0.00008
64.12000,1.02193,0.99546,0.00367,0.00079,0.00008
64.26000,1.02193,0.99560,0.00354,0.00078,0.00008
64.40000,1.02193,0.99564,0.00350,0.00078,0.00008
64.54000,1.02193,0.99541,0.00371,0.00079,0.00008
64.68000,1.02193,0.99546,0.00367,0.00079,0.00008
64.82000,1.02193,0.99549,0.00364,0.00079,0.00008
64.96000,1.02194,0.99559,0.00355,0.00078,0.00008
65.10000,1.02194,0.99577,0.00339,0.00076,0.00008
65.24000,1.02194,0.99573,0.00342,0.00077,0.00008
65.38000,1.02194,0.99563,0.00352,0.00077,0.00008
65.52000,1.02194,0.99564,0.00351,0.00077,0.00008
65.66000,1.02193,0.99575,0.00342,0.00076,0.00008
65.80000,1.02193,0.99559,0.00355,0.00077,0.00008
65.94000,1.02193,0.99564,0.00350,0.00077,0.00008
66.08000,1.02193,0.99553,0.00360,0.00079,0.00008
66.22000,1.02193,0.99550,0.00362,0.00079,0.00008
66.36000,1.02193,0.99538,0.00372,0.00081,0.00008
66.50000,1.02193,0.99526,0.00383,0.00083,0.00008
66.64000,1.02193,0.99513,0.00395,0.00084,0.00008
66.78000,1.02194,0.99534,0.00375,0.00082,0.00008
66.92000,1.02194,0.99519,0.00389,0.00084,0.00008
67.06000,1.02194,0.99511,0.00396,0.00085,0.00008
67.20000,1.02194,0.99512,0.00395,0.00085,0.00008
67.34000,1.02194,0.99503,0.00401,0.00087,0.00009
67.48000,1.02193,0.99496,0.00409,0.00087,0.00009
67.62000,1.02193,0.99514,0.00392,0.00085,0.00009
67.76000,1.02193,0.99494,0.00410,0.00087,0.00009
67.90000,1.02193,0.99511,0.00395,0.00086,0.00009
68.04000,1.02193,0.99500,0.00404,0.00087,0.00009
68.18000,1.02193,0.99500,0.00405,0.00086,0.00009
68.32000,1.02193,0.99499,0.00406,0.00086,0.00009
68.46000,1.02194,0.99504,0.00400,0.00087,0.00009
68.60000,1.02194,0.99497,0.00407,0.00088,0.00009
68.74000,1.02194,0.99498,0.00407,0.00087,0.00009
68.88000,1.02194,0.99490,0.00413,0.00088,0.00009
69.02000,1.02194,0.99493,0.00411,0.00087,0.00009
69.16000,1.02193,0.99495,0.00409,0.00087,0.00009
69.30000,1.02193,0.99497,0.00407,0.00087,0.00009
69.44000,1.02193,0.99502,0.00402,0.00087,0.00009
69.58000,1.02193,0.99508,0.00398,0.00086,0.00009
69.72000,1.02193,0.99490,0.00413,0.00088,0.00009
69.86000,1.02193,0.99494,0.00411,0.00087,0.00008
70.00000,1.02193,0.99491,0.00412,0.00088,0.00009
70.14000,1.02193,0.99485,0.00418,0.00089,0.00009
70.28000,1.02194,0.99485,0.00418,0.00089,0.00009
70.42000,1.02194,0.99478,0.00424,0.00090,0.00009
70.56000,1.02194,0.99488,0.00415,0.00089,0.00009
70.70000,1.02194,0.99485,0.00416,0.00090,0.00009
70.84000,1.02194,0.99486,0.00418,0.00088,0.00008
70.98000,1.02193,0.99493,0.00411,0.00087,0.00009
71.12000,1.02193,0.99497,0.00408,0.00087,0.00008
71.26000,1.02193,0.99510,0.00397,0.00085,0.00008
71.40000,1.02193,0.99528,0.00380,0.00083,0.00009
71.54000,1.02193,0.99512,0.00395,0.00084,0.00008
71.68000,1.02193,0.99514,0.00393,0.00084,0.00008
71.82000,1.02193,0.99508,0.00398,0.00085,0.00008
71.96000,1.02194,0.99523,0.00385,0.00083,0.00008
72.10000,1.02194,0.99504,0.00402,0.00086,0.00009
72.24000,1.02194,0.99494,0.00410,0.00087,0.00009
72.38000,1.02194,0.99501,0.00404,0.00086,0.00008
72.52000,1.02194,0.99503,0.00403,0.00086,0.00009
72.66000,1.02193,0.99502,0.00404,0.00086,0.00008
72.80000,1.02193,0.99502,0.00404,0.00086,0.00009
72.94000,1.02193,0.99510,0.00396,0.00086,0.00009
73.08000,1.02193,0.99505,0.00401,0.00085,0.00008
73.22000,1.02193,0.99512,0.00395,0.00085,0.00008
73.36000,1.02193,0.99504,0.00402,0.00086,0.00008
73.50000,1.02193,0.99508,0.00399,0.00085,0.00008
73.64000,1.02193,0.99512,0.00395,0.00085,0.00008
73.78000,1.02194,0.99509,0.00397,0.00085,0.00008
73.92000,1.02194,0.99505,0.00401,0.00086,0.00009
74.06000,1.02194,0.99505,0.00401,0.00085,0.00008
74.20000,1.02194,0.99504,0.00402,0.00085,0.00008
74.34000,1.02194,0.99512,0.00394,0.00085,0.00009
74.48000,1.02193,0.99526,0.00381,0.00083,0.00009
74.62000,1.02193,0.99513,0.00394,0.00085,0.00008
74.76000,1.02193,0.99514,0.00393,0.00085,0.00009
74.90000,1.02193,0.99512,0.00395,0.00085,0.00009
75.04000,1.02193,0.99502,0.00404,0.00086,0.00009
75.18000,1.02193,0.99513,0.00393,0.00085,0.00009
75.32000,1.02193,0.99505,0.00401,0.00086,0.00008
75.46000,1.02194,0.99519,0.00389,0.00084,0.00008
75.60000,1.02194,0.99505,0.00401,0.00085,0.00008
75.74000,1.02194,0.99502,0.00403,0.00086,0.00008
75.88000,1.02194,0.99515,0.00392,0.00085,0.00009
76.02000,1.02194,0.99503,0.00403,0.00086,0.00009
76.16000,1.02193,0.99496,0.00409,0.00087,0.00009
76.30000,1.02193,0.99488,0.00415,0.00088,0.00009
76.44000,1.02193,0.99488,0.00416,0.00088,0.00009
76.58000,1.02193,0.99494,0.00410,0.00087,0.00009
76.72000,1.02193,0.99487,0.00416,0.00088,0.00009
76.86000,1.02193,0.99488,0.00416,0.00088,0.00008
77.00000,1.02193,0.99505,0.00401,0.00086,0.00009
77.14000,1.02193,0.99499,0.00407,0.00086,0.00008
77.28000,1.02194,0.99502,0.00404,0.00086,0.00009
77.42000,1.02194,0.99506,0.00400,0.00086,0.00009
77.56000,1.02194,0.99499,0.00407,0.00086,0.00008
77.70000,1.02194,0.99508,0.00399,0.00085,0.00008
77.84000,1.02194,0.99510,0.00397,0.00085,0.00009
77.98000,1.02193,0.99506,0.00400,0.00085,0.00009
78.12000,1.02193,0.99512,0.00394,0.00085,0.00009
78.26000,1.02193,0.99506,0.00400,0.00085,0.00009
78.40000,1.02193,0.99509,0.00397,0.00085,0.00008
78.54000,1.02193,0.99514,0.00393,0.00085,0.00008
78.68000,1.02193,0.99513,0.00394,0.00084,0.00008
78.82000,1.02193,0.99506,0.00401,0.00085,0.00008
78.96000,1.02194,0.99517,0.00390,0.00084,0.00009
79.10000,1.02194,0.99521,0.00387,0.00084,0.00008
79.24000,1.02194,0.99524,0.00384,0.00083,0.00008
79.38000,1.02194,0.99524,0.00384,0.00083,0.00009
79.52000,1.02194,0.99503,0.00403,0.00086,0.00008
79.66000,1.02193,0.99511,0.00396,0.00085,0.00008
79.80000,1.02193,0.99522,0.00386,0.00083,0.00008
79.94000,1.02193,0.99512,0.00395,0.00085,0.00009
80.08000,1.02193,0.99508,0.00398,0.00085,0.00009
80.22000,1.02193,0.99510,0.00397,0.00085,0.00008
80.36000,1.02193,0.99512,0.00394,0.00085,0.00009
80.50000,1.02193,0.99500,0.00405,0.00086,0.00008
80.64000,1.02193,0.99489,0.00415,0.00088,0.00009
80.78000,1.02194,0.99491,0.00413,0.00088,0.00008
80.92000,1.02194,0.99501,0.00404,0.00086,0.00008
81.06000,1.02194,0.99507,0.00399,0.00086,0.00009
81.20000,1.02194,0.99514,0.00392,0.00085,0.00009
81.34000,1.02194,0.99504,0.00402,0.00086,0.00008
81.48000,1.02193,0.99491,0.00414,0.00087,0.00008
81.62000,1.02193,0.99511,0.00395,0.00085,0.00009
81.76000,1.02193,0.99512,0.00394,0.00086,0.00009
81.90000,1.02193,0.99500,0.00405,0.00087,0.00008
82.04000,1.02193,0.99512,0.00394,0.00085,0.00009
82.18000,1.02193,0.99508,0.00397,0.00086,0.00009
82.32000,1.02193,0.99511,0.00396,0.00084,0.00008
82.46000,1.02194,0.99516,0.00392,0.00084,0.00008
82.60000,1.02194,0.99515,0.00393,0.00084,0.00008
82.74000,1.02194,0.99527,0.00381,0.00083,0.00009
82.88000,1.02194,0.99513,0.00394,0.00084,0.00008
83.02000,1.02194,0.99511,0.00396,0.00085,0.00009
83.16000,1.02193,0.99517,0.00390,0.00084,0.00009
83.30000,1.02193,0.99502,0.00404,0.00085,0.00008
83.44000,1.02193,0.99510,0.00397,0.00084,0.00008
83.58000,1.02193,0.99515,0.00393,0.00084,0.00008
83.72000,1.02193,0.99514,0.00394,0.00084,0.00008
83.86000,1.02193,0.99514,0.00393,0.00084,0.00008
84.00000,1.02193,0.99511,0.00396,0.00084,0.00008
84.14000,1.02193,0.99514,0.00394,0.00084,0.00008
84.28000,1.02194,0.99508,0.00399,0.00085,0.00008
84.42000,1.02194,0.99496,0.00409,0.00087,0.00009
84.56000,1.02194,0.99504,0.00400,0.00086,0.00009
84.70000,1.02194,0.99495,0.00409,0.00087,0.00009
84.84000,1.02194,0.99489,0.00415,0.00088,0.00009
84.98000,1.02193,0.99478,0.00425,0.00089,0.00009
85.12000,1.02193,0.99468,0.00431,0.00092,0.00009
85.26000,1.02193,0.99480,0.00421,0.00090,0.00009
85.40000,1.02193,0.99483,0.00419,0.00089,0.00009
85.54000,1.02193,0.99483,0.00419,0.00089,0.00009
85.68000,1.02193,0.99472,0.00428,0.00091,0.00009
85.82000,1.02193,0.99450,0.00448,0.00093,0.00009
85.96000,1.02194,0.99449,0.00449,0.00093,0.00009
86.10000,1.02194,0.99453,0.00444,0.00094,0.00009
86.24000,1.02194,0.99425,0.00469,0.00097,0.00009
86.38000,1.02194,0.99421,0.00472,0.00098,0.00009
86.52000,1.02194,0.99409,0.00482,0.00099,0.00009
86.66000,1.02193,0.99390,0.00499,0.00101,0.00009
86.80000,1.02193,0.99408,0.00483,0.00100,0.00009
86.94000,1.02193,0.99387,0.00502,0.00102,0.00009
87.08000,1.02193,0.99396,0.00494,0.00101,0.00009
87.22000,1.02193,0.99389,0.00499,0.00102,0.00009
87.36000,1.02193,0.99398,0.00491,0.00102,0.00010
87.50000,1.02193,0.99388,0.00500,0.00102,0.00009
87.64000,1.02193,0.99412,0.00477,0.00101,0.00010
87.78000,1.02194,0.99421,0.00470,0.00099,0.00009
87.92000,1.02194,0.99423,0.00470,0.00098,0.00009
88.06000,1.02194,0.99440,0.00454,0.00096,0.00009
88.20000,1.02194,0.99432,0.00463,0.00096,0.00009
88.34000,1.02194,0.99447,0.00448,0.00095,0.00009
88.48000,1.02193,0.99458,0.00439,0.00093,0.00009
88.62000,1.02193,0.99454,0.00443,0.00094,0.00009
88.76000,1.02193,0.99465,0.00433,0.00093,0.00009
88.90000,1.02193,0.99453,0.00445,0.00094,0.00009
89.04000,1.02193,0.99454,0.00443,0.00093,0.00009
89.18000,1.02193,0.99438,0.00458,0.00095,0.00009
89.32000,1.02193,0.99441,0.00456,0.00095,0.00009
89.46000,1.02194,0.99462,0.00436,0.00093,0.00009
89.60000,1.02194,0.99449,0.00448,0.00093,0.00009
89.74000,1.02194,0.99448,0.00450,0.00094,0.00009
89.88000,1.02194,0.99465,0.00435,0.00091,0.00009
90.02000,1.02194,0.99473,0.00428,0.00090,0.00009
90.16000,1.02193,0.99480,0.00423,0.00089,0.00009
90.30000,1.02193,0.99501,0.00403,0.00087,0.00009
90.44000,1.02193,0.99481,0.00422,0.00089,0.00009
90.58000,1.02193,0.99502,0.00403,0.00087,0.00009
90.72000,1.02193,0.99493,0.00410,0.00088,0.00009
90.86000,1.02193,0.99499,0.00405,0.00087,0.00009
91.00000,1.02193,0.99487,0.00417,0.00088,0.00009
91.14000,1.02193,0.99498,0.00406,0.00087,0.00009
91.28000,1.02194,0.99505,0.00400,0.00086,0.00009
91.42000,1.02194,0.99500,0.00406,0.00086,0.00009
91.56000,1.02194,0.99501,0.00404,0.00086,0.00009
91.70000,1.02194,0.99492,0.00411,0.00088,0.00009
91.84000,1.02194,0.99485,0.00418,0.00088,0.00009
91.98000,1.02193,0.99495,0.00409,0.00087,0.00009
92.12000,1.02193,0.99488,0.00416,0.00088,0.00009
92.26000,1.02193,0.99505,0.00400,0.00087,0.00009
92.40000,1.02193,0.99499,0.00406,0.00087,0.00009
92.54000,1.02193,0.99511,0.00393,0.00086,0.00009
92.68000,1.02193,0.99504,0.00402,0.00086,0.00009
92.82000,1.02193,0.99505,0.00401,0.00086,0.00009
92.96000,1.02194,0.99503,0.00401,0.00087,0.00009
93.10000,1.02194,0.99498,0.00407,0.00087,0.00009
93.24000,1.02194,0.99495,0.00409,0.00087,0.00008
93.38000,1.02194,0.99489,0.00415,0.00088,0.00009
93.52000,1.02194,0.99504,0.00401,0.00086,0.00009
93.66000,1.02193,0.99493,0.00412,0.00087,0.00008
93.80000,1.02193,0.99497,0.00408,0.00087,0.00009
93.94000,1.02193,0.99480,0.00423,0.00088,0.00009
94.08000,1.02193,0.99491,0.00412,0.00088,0.00009
94.22000,1.02193,0.99492,0.00411,0.00088,0.00009
94.36000,1.02193,0.99490,0.00413,0.00088,0.00009
94.50000,1.02193,0.99476,0.00425,0.00090,0.00009
94.64000,1.02193,0.99464,0.00436,0.00091,0.00009
94.78000,1.02194,0.99453,0.00446,0.00093,0.00009
94.92000,1.02194,0.99434,0.00461,0.00096,0.00009
95.06000,1.02194,0.99431,0.00462,0.00097,0.00009
95.20000,1.02194,0.99401,0.00489,0.00101,0.00009
95.34000,1.02194,0.99407,0.00482,0.00101,0.00009
95.48000,1.02193,0.99403,0.00486,0.00102,0.00009
95.62000,1.02193,0.99386,0.00502,0.00103,0.00009
95.76000,1.02193,0.99388,0.00500,0.00102,0.00009
95.90000,1.02193,0.99418,0.00473,0.00099,0.00009
96.04000,1.02193,0.99429,0.00463,0.00098,0.00009
96.18000,1.02193,0.99431,0.00461,0.00098,0.00010
96.32000,1.02193,0.99360,0.00525,0.00106,0.00010
96.46000,1.02194,0.99244,0.00634,0.00112,0.00010
96.60000,1.02194,0.99105,0.00766,0.00118,0.00011
96.74000,1.02194,0.98888,0.00976,0.00125,0.00011
96.88000,1.02194,0.98890,0.00968,0.00131,0.00011
97.02000,1.02194,0.98938,0.00916,0.00134,0.00012
97.16000,1.02193,0.98984,0.00867,0.00136,0.00012
97.30000,1.02193,0.98961,0.00887,0.00141,0.00012
97.44000,1.02193,0.99069,0.00772,0.00147,0.00012
97.58000,1.02193,0.99274,0.00590,0.00125,0.00011
97.72000,1.02193,0.99410,0.00474,0.00106,0.00010
97.86000,1.02193,0.99451,0.00432,0.00106,0.00012
98.00000,1.02193,0.99491,0.00399,0.00099,0.00012
98.14000,1.02193,0.99471,0.00424,0.00095,0.00010
98.28000,1.02194,0.99474,0.00423,0.00093,0.00009
98.42000,1.02194,0.99467,0.00431,0.00093,0.00009
98.56000,1.02194,0.99473,0.00426,0.00092,0.00009
98.70000,1.02194,0.99464,0.00435,0.00092,0.00009
98.84000,1.02194,0.99475,0.00425,0.00091,0.00009
98.98000,1.02193,0.99489,0.00412,0.00090,0.00009
99.12000,1.02193,0.99469,0.00431,0.00092,0.00009
99.26000,1.02193,0.99468,0.00431,0.00092,0.00009
99.40000,1.02193,0.99469,0.00431,0.00092,0.00009
99.54000,1.02193,0.99469,0.00430,0.00092,0.00009
99.68000,1.02193,0.99459,0.00439,0.00093,0.00009
99.82000,1.02193,0.99458,0.00439,0.00094,0.00009
99.96000,1.02194,0.99440,0.00455,0.00096,0.00009
100.10000,1.02194,0.99433,0.00461,0.00096,0.00009
100.24000,1.02194,0.99438,0.00456,0.00097,0.00009
100.38000,1.02194,0.99429,0.00463,0.00098,0.00009
100.52000,1.02194,0.99409,0.00481,0.00100,0.00009
100.66000,1.02193,0.99422,0.00470,0.00099,0.00009
100.80000,1.02193,0.99404,0.00484,0.00101,0.00010
100.94000,1.02193,0.99416,0.00475,0.00100,0.00009
101.08000,1.02193,0.99417,0.00474,0.00099,0.00009
101.22000,1.02193,0.99413,0.00477,0.00100,0.00009
101.36000,1.02193,0.99433,0.00460,0.00098,0.00009
101.50000,1.02193,0.99423,0.00470,0.00098,0.00009
101.64000,1.02193,0.99414,0.00477,0.00099,0.00009
101.78000,1.02194,0.99424,0.00468,0.00099,0.00009
101.92000,1.02194,0.99435,0.00458,0.00098,0.00010
102.06000,1.02194,0.99405,0.00486,0.00100,0.00009
102.20000,1.02194,0.99415,0.00475,0.00100,0.00010
102.34000,1.02194,0.99404,0.00485,0.00102,0.00009
102.48000,1.02193,0.99418,0.00472,0.00100,0.00009
102.62000,1.02193,0.99418,0.00472,0.00100,0.00010
102.76000,1.02193,0.99413,0.00477,0.00100,0.00009
102.90000,1.02193,0.99416,0.00474,0.00100,0.00010
103.04000,1.02193,0.99414,0.00476,0.00100,0.00010
103.18000,1.02193,0.99400,0.00489,0.00101,0.00010
103.32000,1.02193,0.99398,0.00490,0.00102,0.00010
103.46000,1.02194,0.99395,0.00493,0.00103,0.00009
103.60000,1.02194,0.99409,0.00480,0.00102,0.00010
103.74000,1.02194,0.99402,0.00486,0.00102,0.00009
103.88000,1.02194,0.99404,0.00485,0.00101,0.00009
104.02000,1.02194,0.99409,0.00481,0.00100,0.00009
104.16000,1.02193,0.99474,0.00422,0.00095,0.00009
104.30000,1.02193,0.99390,0.00499,0.00101,0.00010
104.44000,1.02193,0.99378,0.00506,0.00106,0.00010
104.58000,1.02193,0.99388,0.00498,0.00105,0.00010
104.72000,1.02193,0.99394,0.00495,0.00101,0.00009
104.86000,1.02193,0.99411,0.00481,0.00099,0.00009
105.00000,1.02193,0.99363,0.00516,0.00111,0.00010
105.14000,1.02193,0.99506,0.00395,0.00088,0.00010
105.28000,1.02194,0.99462,0.00437,0.00092,0.00009
105.42000,1.02194,0.99475,0.00425,0.00091,0.00009
105.56000,1.02194,0.99467,0.00432,0.00091,0.00009
105.70000,1.02194,0.99485,0.00417,0.00090,0.00009
105.84000,1.02194,0.99476,0.00426,0.00090,0.00009
105.98000,1.02193,0.99483,0.00420,0.00089,0.00009
106.12000,1.02193,0.99484,0.00419,0.00089,0.00009
106.26000,1.02193,0.99493,0.00411,0.00088,0.00009
106.40000,1.02193,0.99500,0.00405,0.00087,0.00009
106.54000,1.02193,0.99494,0.00410,0.00087,0.00009
106.68000,1.02193,0.99493,0.00411,0.00087,0.00009
106.82000,1.02193,0.99493,0.00412,0.00087,0.00008
106.96000,1.02194,0.99519,0.00388,0.00085,0.00009
107.10000,1.02194,0.99509,0.00397,0.00085,0.00008
107.24000,1.02194,0.99527,0.00381,0.00084,0.00009
107.38000,1.02194,0.99518,0.00388,0.00085,0.00009
107.52000,1.02194,0.99508,0.00397,0.00086,0.00009
107.66000,1.02193,0.99506,0.00399,0.00087,0.00009
107.80000,1.02193,0.99503,0.00401,0.00087,0.00009
107.94000,1.02193,0.99497,0.00406,0.00088,0.00009
108.08000,1.02193,0.99489,0.00412,0.00090,0.00009
108.22000,1.02193,0.99481,0.00421,0.00089,0.00009
108.36000,1.02193,0.99485,0.00417,0.00089,0.00009
108.50000,1.02193,0.99484,0.00418,0.00089,0.00009
108.64000,1.02193,0.99471,0.00429,0.00091,0.00009
108.78000,1.02194,0.99476,0.00425,0.00090,0.00009
108.92000,1.02194,0.99477,0.00424,0.00090,0.00009
109.06000,1.02194,0.99472,0.00430,0.00090,0.00009
109.20000,1.02194,0.99464,0.00436,0.00091,0.00009
109.34000,1.02194,0.99462,0.00437,0.00092,0.00009
109.48000,1.02193,0.99453,0.00445,0.00094,0.00009
109.62000,1.02193,0.99465,0.00433,0.00093,0.00009
109.76000,1.02193,0.99451,0.00445,0.00095,0.00009
109.90000,1.02193,0.99463,0.00434,0.00093,0.00009
110.04000,1.02193,0.99442,0.00454,0.00095,0.00009
110.18000,1.02193,0.99465,0.00434,0.00092,0.00009
110.32000,1.02193,0.99480,0.00421,0.00090,0.00009
110.46000,1.02194,0.99489,0.00413,0.00089,0.00009
110.60000,1.02194,0.99498,0.00405,0.00088,0.00009
110.74000,1.02194,0.99492,0.00411,0.00089,0.00009
110.88000,1.02194,0.99513,0.00393,0.00085,0.00009
111.02000,1.02194,0.99518,0.00389,0.00085,0.00009
111.16000,1.02193,0.99510,0.00397,0.00085,0.00009
111.30000,1.02193,0.99521,0.00386,0.00084,0.00009
111.44000,1.02193,0.99513,0.00393,0.00085,0.00009
111.58000,1.02193,0.99513,0.00393,0.00085,0.00009
111.72000,1.02193,0.99508,0.00398,0.00086,0.00009
111.86000,1.02193,0.99506,0.00399,0.00086,0.00009
112.00000,1.02193,0.99503,0.00402,0.00086,0.00009
112.14000,1.02193,0.99505,0.00400,0.00087,0.00009
112.28000,1.02194,0.99507,0.00399,0.00085,0.00008
112.42000,1.02194,0.99508,0.00398,0.00086,0.00009
112.56000,1.02194,0.99516,0.00390,0.00085,0.00009
112.70000,1.02194,0.99502,0.00403,0.00086,0.00009
112.84000,1.02194,0.99510,0.00396,0.00086,0.00009
112.98000,1.02193,0.99499,0.00405,0.00087,0.00009
113.12000,1.02193,0.99504,0.00401,0.00086,0.00008
113.26000,1.02193,0.99516,0.00390,0.00085,0.00009
113.40000,1.02193,0.99512,0.00395,0.00085,0.00009
113.54000,1.02193,0.99512,0.00395,0.00085,0.00009
113.68000,1.02193,0.99517,0.00390,0.00084,0.00009
113.82000,1.02193,0.99525,0.00382,0.00084,0.00009
113.96000,1.02194,0.99510,0.00396,0.00086,0.00009
114.10000,1.02194,0.99506,0.00399,0.00087,0.00009
114.24000,1.02194,0.99488,0.00416,0.00088,0.00009
114.38000,1.02194,0.99490,0.00414,0.00088,0.00009
114.52000,1.02194,0.99491,0.00413,0.00087,0.00009
114.66000,1.02193,0.99507,0.00399,0.00086,0.00009
114.80000,1.02193,0.99505,0.00401,0.00086,0.00009
114.94000,1.02193,0.99494,0.00411,0.00087,0.00009
115.08000,1.02193,0.99487,0.00417,0.00087,0.00008
115.22000,1.02193,0.99510,0.00397,0.00085,0.00009
115.36000,1.02193,0.99496,0.00409,0.00087,0.00009
115.50000,1.02193,0.99492,0.00412,0.00087,0.00009
115.64000,1.02193,0.99497,0.00407,0.00087,0.00009
115.78000,1.02194,0.99502,0.00403,0.00087,0.00009
115.92000,1.02194,0.99492,0.00412,0.00087,0.00008
116.06000,1.02194,0.99500,0.00404,0.00087,0.00009
116.20000,1.02194,0.99501,0.00403,0.00087,0.00009
116.34000,1.02194,0.99497,0.00408,0.00087,0.00009
116.48000,1.02193,0.99511,0.00394,0.00086,0.00009
116.62000,1.02193,0.99506,0.00398,0.00087,0.00009
116.76000,1.02193,0.99500,0.00404,0.00088,0.00009
116.90000,1.02193,0.99482,0.00420,0.00089,0.00009
117.04000,1.02193,0.99477,0.00424,0.00090,0.00009
117.18000,1.02193,0.99470,0.00430,0.00091,0.00009
117.32000,1.02193,0.99441,0.00455,0.00095,0.00009
117.46000,1.02194,0.99444,0.00451,0.00095,0.00009
117.60000,1.02194,0.99453,0.00442,0.00096,0.00010
117.74000,1.02194,0.99450,0.00446,0.00095,0.00009
117.88000,1.02194,0.99447,0.00450,0.00094,0.00009
118.02000,1.02194,0.99466,0.00432,0.00093,0.00009
118.16000,1.02193,0.99512,0.00393,0.00086,0.00009
118.30000,1.02193,0.99504,0.00401,0.00086,0.00009
118.44000,1.02193,0.99500,0.00405,0.00087,0.00009
118.58000,1.02193,0.99514,0.00392,0.00085,0.00009
118.72000,1.02193,0.99499,0.00406,0.00087,0.00009
118.86000,1.02193,0.99510,0.00395,0.00086,0.00009
119.00000,1.02193,0.99506,0.00399,0.00086,0.00009
119.14000,1.02193,0.99523,0.00383,0.00085,0.00009
119.28000,1.02194,0.99498,0.00407,0.00087,0.00009
119.42000,1.02194,0.99497,0.00408,0.00086,0.00009
119.56000,1.02194,0.99502,0.00403,0.00087,0.00009
119.70000,1.02194,0.99505,0.00399,0.00087,0.00009
119.84000,1.02194,0.99503,0.00402,0.00087,0.00009
119.98000,1.02193,0.99511,0.00394,0.00086,0.00009
120.12000,1.02193,0.99510,0.00396,0.00086,0.00009
120.26000,1.02193,0.99506,0.00400,0.00086,0.00008
120.40000,1.02193,0.99511,0.00396,0.00085,0.00008
120.54000,1.02193,0.99508,0.00398,0.00085,0.00009
120.68000,1.02193,0.99500,0.00406,0.00086,0.00008
120.82000,1.02193,0.99513,0.00394,0.00085,0.00008
120.96000,1.02194,0.99516,0.00390,0.00085,0.00009
121.10000,1.02194,0.99518,0.00389,0.00084,0.00009
121.24000,1.02194,0.99503,0.00403,0.00086,0.00008
121.38000,1.02194,0.99506,0.00400,0.00086,0.00009
121.52000,1.02194,0.99502,0.00403,0.00086,0.00009
121.66000,1.02193,0.99498,0.00407,0.00087,0.00009
121.80000,1.02193,0.99508,0.00396,0.00086,0.00009
121.94000,1.02193,0.99488,0.00414,0.00089,0.00009
122.08000,1.02193,0.99469,0.00431,0.00091,0.00009
122.22000,1.02193,0.99462,0.00438,0.00092,0.00009
122.36000,1.02193,0.99465,0.00434,0.00092,0.00009
122.50000,1.02193,0.99463,0.00436,0.00092,0.00009
122.64000,1.02193,0.99451,0.00446,0.00094,0.00009
122.78000,1.02194,0.99457,0.00440,0.00094,0.00009
122.92000,1.02194,0.99441,0.00455,0.00095,0.00009
123.06000,1.02194,0.99446,0.00450,0.00095,0.00009
123.20000,1.02194,0.99445,0.00451,0.00095,0.00009
123.34000,1.02194,0.99452,0.00444,0.00095,0.00009
123.48000,1.02193,0.99445,0.00451,0.00095,0.00009
123.62000,1.02193,0.99456,0.00440,0.00095,0.00009
123.76000,1.02193,0.99467,0.00430,0.00094,0.00009
123.90000,1.02193,0.99453,0.00445,0.00094,0.00009
124.04000,1.02193,0.99474,0.00425,0.00092,0.00009
124.18000,1.02193,0.99476,0.00424,0.00091,0.00009
124.32000,1.02193,0.99485,0.00416,0.00090,0.00009
124.46000,1.02194,0.99518,0.00385,0.00087,0.00010
124.60000,1.02194,0.99493,0.00409,0.00089,0.00009
124.74000,1.02194,0.99475,0.00427,0.00090,0.00009
124.88000,1.02194,0.99515,0.00391,0.00086,0.00009
125.02000,1.02194,0.99503,0.00401,0.00087,0.00009
125.16000,1.02193,0.99513,0.00393,0.00086,0.00009
125.30000,1.02193,0.99508,0.00398,0.00086,0.00009
125.44000,1.02193,0.99504,0.00401,0.00086,0.00009
125.58000,1.02193,0.99502,0.00403,0.00087,0.00009
125.72000,1.02193,0.99501,0.00403,0.00087,0.00009
125.86000,1.02193,0.99502,0.00403,0.00086,0.00009
126.00000,1.02193,0.99504,0.00401,0.00087,0.00009
126.14000,1.02193,0.99507,0.00398,0.00086,0.00008
126.28000,1.02194,0.99511,0.00396,0.00085,0.00008
126.42000,1.02194,0.99520,0.00387,0.00084,0.00008
126.56000,1.02194,0.99537,0.00371,0.00083,0.00009
126.70000,1.02194,0.99522,0.00386,0.00084,0.00009
126.84000,1.02194,0.99520,0.00388,0.00084,0.00009
126.98000,1.02193,0.99516,0.00390,0.00085,0.00008
127.12000,1.02193,0.99529,0.00379,0.00084,0.00009
127.26000,1.02193,0.99521,0.00386,0.00084,0.00009
127.40000,1.02193,0.99522,0.00385,0.00084,0.00009
127.54000,1.02193,0.99511,0.00395,0.00085,0.00009
127.68000,1.02193,0.99512,0.00393,0.00086,0.00009
127.82000,1.02193,0.99523,0.00383,0.00085,0.00009
127.96000,1.02193,0.99505,0.00399,0.00087,0.00009
128.10001,1.02193,0.99506,0.00398,0.00087,0.00009
128.24001,1.02193,0.99493,0.00410,0.00088,0.00009
128.38000,1.02193,0.99475,0.00426,0.00090,0.00009
128.52000,1.02193,0.99469,0.00432,0.00091,0.00009
128.66000,1.02193,0.99504,0.00400,0.00088,0.00009
128.80000,1.02193,0.99478,0.00423,0.00090,0.00009
128.94000,1.02194,0.99481,0.00420,0.00090,0.00009
129.08000,1.02194,0.99478,0.00422,0.00091,0.00009
129.22000,1.02194,0.99481,0.00421,0.00090,0.00009
129.36000,1.02194,0.99479,0.00422,0.00090,0.00009
129.50000,1.02194,0.99475,0.00425,0.00091,0.00009
129.64000,1.02194,0.99470,0.00428,0.00093,0.00009
129.78000,1.02194,0.99467,0.00431,0.00093,0.00009
129.92000,1.02194,0.99469,0.00428,0.00094,0.00009
130.06000,1.02194,0.99445,0.00450,0.00096,0.00009
130.20000,1.02194,0.99445,0.00449,0.00096,0.00009
130.34000,1.02194,0.99447,0.00448,0.00096,0.00009
130.48000,1.02194,0.99441,0.00452,0.00097,0.00010
130.62000,1.02194,0.99429,0.00464,0.00098,0.00009
130.75999,1.02194,0.99455,0.00439,0.00096,0.00010
130.89999,1.02194,0.99445,0.00449,0.00096,0.00010
131.03999,1.02194,0.99445,0.00449,0.00096,0.00009
131.17999,1.02194,0.99430,0.00463,0.00098,0.00009
131.32001,1.02193,0.99438,0.00455,0.00097,0.00009
131.46001,1.02193,0.99464,0.00432,0.00094,0.00009
131.60001,1.02193,0.99471,0.00427,0.00093,0.00009
131.74001,1.02193,0.99462,0.00436,0.00093,0.00009
131.88000,1.02193,0.99468,0.00431,0.00093,0.00009
132.02000,1.02193,0.99479,0.00421,0.00091,0.00009
132.16000,1.02193,0.99470,0.00429,0.00092,0.00009
132.30000,1.02193,0.99487,0.00413,0.00091,0.00009
132.44000,1.02194,0.99540,0.00364,0.00087,0.00009
132.58000,1.02194,0.99486,0.00415,0.00090,0.00009
132.72000,1.02194,0.99447,0.00449,0.00095,0.00009
132.86000,1.02194,0.99456,0.00441,0.00094,0.00009
133.00000,1.02194,0.99468,0.00430,0.00093,0.00009
133.14000,1.02194,0.99505,0.00397,0.00088,0.00009
133.28000,1.02194,0.99465,0.00423,0.00101,0.00011
133.42000,1.02194,0.99562,0.00346,0.00082,0.00011
133.56000,1.02194,0.99501,0.00403,0.00088,0.00009
133.70000,1.02194,0.99485,0.00417,0.00089,0.00009
133.84000,1.02194,0.99483,0.00419,0.00090,0.00009
133.98000,1.02194,0.99495,0.00407,0.00089,0.00009
134.12000,1.02194,0.99475,0.00426,0.00091,0.00009
134.25999,1.02194,0.99490,0.00412,0.00089,0.00009
134.39999,1.02194,0.99522,0.00384,0.00085,0.00009
134.53999,1.02194,0.99501,0.00404,0.00087,0.00009
134.67999,1.02194,0.99499,0.00406,0.00087,0.00008
134.82001,1.02193,0.99502,0.00403,0.00086,0.00009
134.96001,1.02193,0.99497,0.00407,0.00087,0.00009
135.10001,1.02193,0.99496,0.00407,0.00088,0.00009
135.24001,1.02193,0.99505,0.00399,0.00087,0.00009
135.38000,1.02193,0.99508,0.00396,0.00087,0.00009
135.52000,1.02193,0.99497,0.00406,0.00089,0.00009
135.66000,1.02193,0.99495,0.00409,0.00088,0.00009
135.80000,1.02193,0.99496,0.00407,0.00088,0.00009
135.94000,1.02194,0.99530,0.00376,0.00084,0.00009
136.08000,1.02194,0.99538,0.00369,0.00084,0.00009
136.22000,1.02194,0.99505,0.00398,0.00088,0.00009
136.36000,1.02194,0.99497,0.00406,0.00088,0.00009
136.50000,1.02194,0.99485,0.00417,0.00090,0.00009
136.64000,1.02194,0.99479,0.00422,0.00090,0.00009
136.78000,1.02194,0.99475,0.00424,0.00092,0.00009
136.92000,1.02194,0.99476,0.00424,0.00092,0.00009
137.06000,1.02194,0.99483,0.00417,0.00091,0.00009
137.20000,1.02194,0.99482,0.00418,0.00091,0.00009
137.34000,1.02194,0.99470,0.00429,0.00092,0.00009
137.48000,1.02194,0.99471,0.00429,0.00091,0.00009
137.62000,1.02194,0.99480,0.00421,0.00090,0.00009
137.75999,1.02194,0.99494,0.00409,0.00088,0.00009
137.89999,1.02194,0.99503,0.00400,0.00088,0.00009
138.03999,1.02194,0.99498,0.00405,0.00088,0.00009
138.17999,1.02194,0.99483,0.00418,0.00090,0.00009
138.32001,1.02193,0.99509,0.00395,0.00087,0.00009
138.46001,1.02193,0.99499,0.00404,0.00088,0.00009
138.60001,1.02193,0.99518,0.00387,0.00086,0.00009
138.74001,1.02193,0.99486,0.00416,0.00089,0.00009
138.88000,1.02193,0.99491,0.00411,0.00089,0.00009
139.02000,1.02193,0.99495,0.00408,0.00088,0.00009
139.16000,1.02193,0.99499,0.00405,0.00088,0.00009
139.30000,1.02193,0.99486,0.00416,0.00089,0.00009
139.44000,1.02194,0.99497,0.00406,0.00089,0.00009
139.58000,1.02194,0.99487,0.00414,0.00089,0.00009
139.72000,1.02194,0.99476,0.00425,0.00090,0.00009
139.86000,1.02194,0.99489,0.00413,0.00089,0.00009
140.00000,1.02194,0.99489,0.00413,0.00089,0.00009
140.14000,1.02194,0.99486,0.00415,0.00090,0.00009
140.28000,1.02194,0.99468,0.00432,0.00092,0.00009
140.42000,1.02194,0.99466,0.00434,0.00092,0.00009
140.56000,1.02194,0.99464,0.00435,0.00092,0.00009
140.70000,1.02194,0.99455,0.00441,0.00095,0.00009
140.84000,1.02194,0.99455,0.00441,0.00095,0.00010
140.98000,1.02194,0.99464,0.00433,0.00094,0.00010
141.12000,1.02194,0.99432,0.00462,0.00097,0.00009
141.25999,1.02194,0.99430,0.00463,0.00097,0.00009
141.39999,1.02194,0.99431,0.00462,0.00097,0.00009
141.53999,1.02194,0.99450,0.00445,0.00095,0.00009
141.67999,1.02194,0.99429,0.00465,0.00097,0.00009
141.82001,1.02193,0.99434,0.00460,0.00097,0.00009
141.96001,1.02193,0.99424,0.00468,0.00099,0.00009
142.10001,1.02193,0.99438,0.00456,0.00097,0.00009
142.24001,1.02193,0.99426,0.00466,0.00099,0.00009
142.38000,1.02193,0.99413,0.00477,0.00101,0.00010
142.52000,1.02193,0.99409,0.00481,0.00101,0.00009
142.66000,1.02193,0.99408,0.00481,0.00102,0.00010
142.80000,1.02193,0.99387,0.00500,0.00104,0.00010
142.94000,1.02194,0.99387,0.00499,0.00104,0.00010
143.08000,1.02194,0.99384,0.00500,0.00105,0.00010
143.22000,1.02194,0.99367,0.00516,0.00107,0.00010
143.36000,1.02194,0.99341,0.00539,0.00110,0.00010
143.50000,1.02194,0.99350,0.00529,0.00110,0.00010
143.64000,1.02194,0.99344,0.00535,0.00111,0.00010
143.78000,1.02194,0.99326,0.00551,0.00112,0.00010
143.92000,1.02194,0.99343,0.00536,0.00111,0.00010
144.06000,1.02194,0.99340,0.00539,0.00111,0.00010
144.20000,1.02194,0.99357,0.00524,0.00109,0.00010
144.34000,1.02194,0.99364,0.00519,0.00108,0.00010
144.48000,1.02194,0.99371,0.00512,0.00107,0.00010
144.62000,1.02194,0.99392,0.00493,0.00105,0.00010
144.75999,1.02194,0.99383,0.00503,0.00104,0.00010
144.89999,1.02194,0.99373,0.00511,0.00106,0.00010
145.03999,1.02194,0.99398,0.00489,0.00103,0.00010
145.17999,1.02194,0.99412,0.00478,0.00101,0.00010
145.32001,1.02193,0.99385,0.00502,0.00103,0.00010
145.46001,1.02193,0.99408,0.00481,0.00101,0.00010
145.60001,1.02193,0.99409,0.00480,0.00101,0.00009
145.74001,1.02193,0.99416,0.00475,0.00100,0.00009
145.88000,1.02193,0.99451,0.00443,0.00096,0.00010
146.02000,1.02193,0.99443,0.00452,0.00096,0.00009
146.16000,1.02193,0.99444,0.00452,0.00095,0.00009
146.30000,1.02193,0.99450,0.00447,0.00094,0.00009
146.44000,1.02194,0.99459,0.00438,0.00094,0.00009
146.58000,1.02194,0.99456,0.00441,0.00094,0.00009
146.72000,1.02194,0.99465,0.00433,0.00093,0.00009
146.86000,1.02194,0.99409,0.00483,0.00099,0.00009
147.00000,1.02194,0.99391,0.00498,0.00101,0.00009
147.14000,1.02194,0.99411,0.00480,0.00100,0.00009
147.28000,1.02194,0.99425,0.00468,0.00098,0.00009
147.42000,1.02194,0.99409,0.00481,0.00101,0.00009
147.56000,1.02194,0.99414,0.00476,0.00100,0.00009
147.70000,1.02194,0.99438,0.00455,0.00098,0.00010
147.84000,1.02194,0.99484,0.00417,0.00090,0.00009
147.98000,1.02194,0.99479,0.00421,0.00091,0.00009
148.12000,1.02194,0.99483,0.00418,0.00089,0.00009
148.25999,1.02194,0.99479,0.00421,0.00090,0.00009
148.39999,1.02194,0.99507,0.00397,0.00087,0.00009
148.53999,1.02194,0.99508,0.00397,0.00087,0.00009
148.67999,1.02194,0.99497,0.00407,0.00088,0.00009
148.82001,1.02193,0.99491,0.00412,0.00088,0.00009
148.96001,1.02193,0.99489,0.00415,0.00088,0.00009
149.10001,1.02193,0.99497,0.00407,0.00087,0.00009
149.24001,1.02193,0.99507,0.00398,0.00087,0.00009
149.38000,1.02193,0.99508,0.00397,0.00086,0.00009
149.52000,1.02193,0.99509,0.00396,0.00086,0.00009
149.66000,1.02193,0.99506,0.00399,0.00087,0.00009
149.80000,1.02193,0.99495,0.00408,0.00088,0.00009
149.94000,1.02194,0.99505,0.00400,0.00086,0.00009
150.08000,1.02194,0.99504,0.00400,0.00088,0.00009
150.22000,1.02194,0.99504,0.00400,0.00088,0.00009
150.36000,1.02194,0.99497,0.00406,0.00089,0.00009
150.50000,1.02194,0.99488,0.00414,0.00090,0.00009
150.64000,1.02194,0.99479,0.00421,0.00091,0.00009
150.78000,1.02194,0.99476,0.00424,0.00091,0.00009
150.92000,1.02194,0.99506,0.00394,0.00090,0.00010
151.06000,1.02194,0.99512,0.00390,0.00089,0.00010
151.20000,1.02194,0.99512,0.00390,0.00088,0.00010
151.34000,1.02194,0.99479,0.00421,0.00091,0.00009
151.48000,1.02194,0.99476,0.00424,0.00090,0.00009
151.62000,1.02194,0.99488,0.00414,0.00090,0.00009
151.75999,1.02194,0.99496,0.00406,0.00089,0.00009
151.89999,1.02194,0.99571,0.00338,0.00083,0.00009
152.03999,1.02194,0.99460,0.00440,0.00091,0.00009
152.17999,1.02194,0.99451,0.00439,0.00100,0.00010
152.32001,1.02193,0.99451,0.00445,0.00095,0.00009
152.46001,1.02193,0.99483,0.00420,0.00088,0.00009
152.60001,1.02193,0.99470,0.00432,0.00090,0.00009
152.74001,1.02193,0.99420,0.00461,0.00108,0.00011
152.88000,1.02193,0.99613,0.00302,0.00074,0.00011
153.02000,1.02193,0.99520,0.00388,0.00084,0.00008
153.16000,1.02193,0.99516,0.00391,0.00085,0.00008
153.30000,1.02193,0.99499,0.00407,0.00086,0.00008
153.44000,1.02194,0.99513,0.00393,0.00085,0.00009
153.58000,1.02194,0.99517,0.00389,0.00085,0.00009
153.72000,1.02194,0.99506,0.00399,0.00087,0.00009
153.86000,1.02194,0.99482,0.00421,0.00089,0.00009
154.00000,1.02194,0.99474,0.00426,0.00091,0.00009
154.14000,1.02194,0.99478,0.00423,0.00090,0.00009
154.28000,1.02194,0.99444,0.00449,0.00097,0.00009
154.42000,1.02194,0.99411,0.00479,0.00101,0.00009
154.56000,1.02194,0.99430,0.00461,0.00100,0.00009
154.70000,1.02194,0.99418,0.00471,0.00101,0.00009
154.84000,1.02194,0.99430,0.00462,0.00099,0.00009
154.98000,1.02194,0.99428,0.00463,0.00099,0.00010
155.12000,1.02194,0.99529,0.00363,0.00095,0.00013
155.25999,1.02194,0.99481,0.00420,0.00090,0.00009
155.39999,1.02194,0.99482,0.00419,0.00090,0.00009
155.53999,1.02194,0.99482,0.00420,0.00090,0.00009
155.67999,1.02194,0.99501,0.00403,0.00088,0.00009
155.82001,1.02193,0.99503,0.00403,0.00086,0.00009
155.96001,1.02193,0.99499,0.00407,0.00086,0.00009
156.10001,1.02193,0.99502,0.00403,0.00087,0.00009
156.24001,1.02193,0.99493,0.00410,0.00088,0.00009
156.38000,1.02193,0.99496,0.00406,0.00089,0.00009
156.52000,1.02193,0.99489,0.00413,0.00089,0.00009
156.66000,1.02193,0.99474,0.00426,0.00091,0.00009
156.80000,1.02193,0.99468,0.00431,0.00092,0.00009
156.94000,1.02194,0.99464,0.00436,0.00092,0.00009
157.08000,1.02194,0.99478,0.00423,0.00090,0.00009
157.22000,1.02194,0.99498,0.00403,0.00089,0.00009
157.36000,1.02194,0.99486,0.00417,0.00089,0.00009
157.50000,1.02194,0.99472,0.00430,0.00090,0.00009
157.64000,1.02194,0.99502,0.00403,0.00087,0.00009
157.78000,1.02194,0.99499,0.00406,0.00087,0.00009
157.92000,1.02194,0.99500,0.00405,0.00087,0.00009
158.06000,1.02194,0.99494,0.00410,0.00088,0.00009
158.20000,1.02194,0.99489,0.00414,0.00088,0.00009
158.34000,1.02194,0.99489,0.00415,0.00088,0.00009
158.48000,1.02194,0.99509,0.00395,0.00087,0.00009
158.62000,1.02194,0.99500,0.00405,0.00087,0.00009
158.75999,1.02194,0.99496,0.00408,0.00088,0.00009
158.89999,1.02194,0.99510,0.00394,0.00087,0.00009
159.03999,1.02194,0.99507,0.00398,0.00086,0.00009
159.17999,1.02194,0.99491,0.00412,0.00088,0.00009
159.32001,1.02193,0.99487,0.00416,0.00089,0.00009
159.46001,1.02193,0.99504,0.00400,0.00087,0.00009
159.60001,1.02193,0.99501,0.00402,0.00087,0.00009
159.74001,1.02193,0.99488,0.00415,0.00088,0.00009
159.88000,1.02193,0.99498,0.00406,0.00087,0.00009
160.02000,1.02193,0.99496,0.00407,0.00088,0.00009
160.16000,1.02193,0.99498,0.00406,0.00087,0.00009
160.30000,1.02193,0.99496,0.00408,0.00087,0.00009
160.44000,1.02194,0.99491,0.00413,0.00088,0.00009
160.58000,1.02194,0.99486,0.00417,0.00089,0.00009
160.72000,1.02194,0.99482,0.00420,0.00089,0.00009
160.86000,1.02194,0.99471,0.00427,0.00092,0.00009
161.00000,1.02194,0.99468,0.00431,0.00092,0.00009
161.14000,1.02194,0.99473,0.00427,0.00092,0.00009
161.28000,1.02194,0.99457,0.00441,0.00093,0.00009
161.42000,1.02194,0.99444,0.00452,0.00095,0.00009
161.56000,1.02194,0.99439,0.00456,0.00095,0.00009
161.70000,1.02194,0.99446,0.00450,0.00095,0.00009
161.84000,1.02194,0.99448,0.00448,0.00095,0.00009
161.98000,1.02194,0.99455,0.00441,0.00095,0.00009
162.12000,1.02194,0.99432,0.00462,0.00096,0.00009
162.25999,1.02194,0.99434,0.00461,0.00096,0.00009
162.39999,1.02194,0.99444,0.00451,0.00096,0.00009
162.53999,1.02194,0.99440,0.00455,0.00096,0.00009
162.67999,1.02194,0.99451,0.00445,0.00095,0.00009
162.82001,1.02193,0.99440,0.00453,0.00097,0.00009
162.96001,1.02193,0.99438,0.00456,0.00097,0.00009
163.10001,1.02193,0.99450,0.00446,0.00095,0.00009
163.24001,1.02193,0.99464,0.00433,0.00093,0.00009
163.38000,1.02193,0.99467,0.00430,0.00093,0.00009
163.52000,1.02193,0.99473,0.00427,0.00091,0.00009
163.66000,1.02193,0.99480,0.00420,0.00091,0.00009
163.80000,1.02193,0.99481,0.00420,0.00090,0.00009
163.94000,1.02194,0.99486,0.00415,0.00090,0.00009
164.08000,1.02194,0.99480,0.00420,0.00090,0.00009
164.22000,1.02194,0.99493,0.00409,0.00089,0.00009
164.36000,1.02194,0.99481,0.00420,0.00090,0.00009
164.50000,1.02194,0.99476,0.00425,0.00091,0.00009
164.64000,1.02194,0.99496,0.00407,0.00089,0.00009
164.78000,1.02194,0.99498,0.00406,0.00087,0.00009
164.92000,1.02194,0.99507,0.00398,0.00086,0.00009
165.06000,1.02194,0.99512,0.00394,0.00086,0.00009
165.20000,1.02194,0.99510,0.00395,0.00086,0.00009
165.34000,1.02194,0.99510,0.00396,0.00085,0.00009
165.48000,1.02194,0.99518,0.00389,0.00085,0.00009
165.62000,1.02194,0.99507,0.00399,0.00086,0.00009
165.75999,1.02194,0.99509,0.00397,0.00086,0.00009
165.89999,1.02194,0.99509,0.00397,0.00086,0.00009
166.03999,1.02194,0.99493,0.00412,0.00087,0.00008
166.17999,1.02194,0.99512,0.00394,0.00085,0.00009
166.32001,1.02193,0.99505,0.00400,0.00086,0.00009
166.46001,1.02193,0.99500,0.00405,0.00087,0.00009
166.60001,1.02193,0.99526,0.00380,0.00085,0.00009
166.74001,1.02193,0.99450,0.00449,0.00093,0.00009
166.88000,1.02193,0.99442,0.00453,0.00096,0.00009
167.02000,1.02193,0.99441,0.00455,0.00095,0.00009
167.16000,1.02193,0.99459,0.00438,0.00094,0.00009
167.30000,1.02193,0.99451,0.00445,0.00095,0.00009
167.44000,1.02194,0.99431,0.00463,0.00097,0.00009
167.58000,1.02194,0.99476,0.00420,0.00093,0.00010
167.72000,1.02194,0.99484,0.00418,0.00089,0.00009
167.86000,1.02194,0.99480,0.00421,0.00090,0.00009
168.00000,1.02194,0.99497,0.00405,0.00089,0.00009
168.14000,1.02194,0.99462,0.00437,0.00092,0.00009
168.28000,1.02194,0.99462,0.00437,0.00092,0.00009
168.42000,1.02194,0.99460,0.00437,0.00093,0.00009
168.56000,1.02194,0.99478,0.00422,0.00091,0.00009
168.70000,1.02194,0.99487,0.00414,0.00090,0.00009
168.84000,1.02194,0.99481,0.00420,0.00090,0.00009
168.98000,1.02194,0.99483,0.00418,0.00090,0.00009
169.12000,1.02194,0.99471,0.00429,0.00091,0.00009
169.25999,1.02194,0.99496,0.00407,0.00088,0.00009
169.39999,1.02194,0.99490,0.00412,0.00088,0.00009
169.53999,1.02194,0.99510,0.00394,0.00087,0.00009
169.67999,1.02194,0.99483,0.00419,0.00089,0.00009
169.82001,1.02193,0.99476,0.00426,0.00090,0.00008
169.96001,1.02193,0.99496,0.00408,0.00088,0.00009
170.10001,1.02193,0.99508,0.00397,0.00086,0.00009
170.24001,1.02193,0.99512,0.00393,0.00086,0.00009
170.38000,1.02193,0.99525,0.00382,0.00084,0.00009
170.52000,1.02193,0.99530,0.00377,0.00084,0.00009
170.66000,1.02193,0.99530,0.00379,0.00083,0.00008
170.80000,1.02193,0.99522,0.00386,0.00084,0.00009
170.94000,1.02194,0.99524,0.00384,0.00084,0.00008
171.08000,1.02194,0.99526,0.00381,0.00084,0.00009
171.22000,1.02194,0.99510,0.00396,0.00085,0.00009
171.36000,1.02194,0.99518,0.00388,0.00085,0.00009
171.50000,1.02194,0.99481,0.00420,0.00090,0.00009
171.64000,1.02194,0.99473,0.00427,0.00091,0.00009
171.78000,1.02194,0.99474,0.00426,0.00091,0.00009
171.92000,1.02194,0.99465,0.00434,0.00092,0.00009
172.06000,1.02194,0.99442,0.00455,0.00094,0.00009
172.20000,1.02194,0.99441,0.00455,0.00095,0.00009
172.34000,1.02194,0.99446,0.00450,0.00095,0.00009
172.48000,1.02194,0.99451,0.00447,0.00093,0.00009
172.62000,1.02194,0.99457,0.00441,0.00093,0.00009
172.75999,1.02194,0.99449,0.00448,0.00094,0.00009
172.89999,1.02194,0.99445,0.00451,0.00095,0.00009
173.03999,1.02194,0.99455,0.00443,0.00093,0.00009
173.17999,1.02194,0.99468,0.00431,0.00092,0.00009
173.32001,1.02193,0.99460,0.00439,0.00093,0.00009
173.46001,1.02193,0.99478,0.00422,0.00091,0.00009
173.60001,1.02193,0.99503,0.00400,0.00088,0.00009
173.74001,1.02193,0.99501,0.00403,0.00087,0.00009
173.88000,1.02193,0.99503,0.00401,0.00087,0.00009
174.02000,1.02193,0.99498,0.00406,0.00088,0.00009
174.16000,1.02193,0.99501,0.00402,0.00088,0.00009
174.30000,1.02193,0.99523,0.00382,0.00085,0.00009
174.44000,1.02194,0.99484,0.00418,0.00089,0.00009
174.58000,1.02194,0.99484,0.00417,0.00090,0.00009
174.72000,1.02194,0.99480,0.00422,0.00090,0.00009
174.86000,1.02194,0.99476,0.00426,0.00090,0.00009
175.00000,1.02194,0.99480,0.00421,0.00090,0.00009
175.14000,1.02194,0.99490,0.00412,0.00089,0.00009
175.28000,1.02194,0.99487,0.00416,0.00089,0.00009
175.42000,1.02194,0.99502,0.00403,0.00087,0.00009
175.56000,1.02194,0.99488,0.00415,0.00089,0.00009
175.70000,1.02194,0.99496,0.00407,0.00088,0.00009
175.84000,1.02194,0.99507,0.00398,0.00086,0.00009
175.98000,1.02194,0.99507,0.00397,0.00087,0.00009
176.12000,1.02194,0.99499,0.00405,0.00087,0.00009
176.25999,1.02194,0.99495,0.00408,0.00088,0.00009
176.39999,1.02194,0.99524,0.00382,0.00085,0.00009
176.53999,1.02194,0.99505,0.00400,0.00087,0.00009
176.67999,1.02194,0.99498,0.00406,0.00087,0.00009
176.82001,1.02193,0.99513,0.00392,0.00086,0.00009
176.96001,1.02193,0.99491,0.00413,0.00087,0.00009
177.10001,1.02193,0.99513,0.00392,0.00086,0.00009
177.24001,1.02193,0.99497,0.00408,0.00087,0.00009
177.38000,1.02193,0.99510,0.00395,0.00086,0.00009
177.52000,1.02193,0.99502,0.00403,0.00086,0.00009
177.66000,1.02193,0.99492,0.00413,0.00087,0.00009
177.80000,1.02193,0.99502,0.00403,0.00086,0.00009
177.94000,1.02194,0.99505,0.00400,0.00086,0.00009
178.08000,1.02194,0.99494,0.00410,0.00087,0.00009
178.22000,1.02194,0.99513,0.00393,0.00085,0.00009
178.36000,1.02194,0.99511,0.00395,0.00085,0.00009
178.50000,1.02194,0.99506,0.00400,0.00085,0.00008
178.64000,1.02194,0.99508,0.00398,0.00085,0.00009
178.78000,1.02194,0.99517,0.00389,0.00085,0.00009
178.92000,1.02194,0.99502,0.00403,0.00086,0.00009
179.06000,1.02194,0.99503,0.00402,0.00087,0.00009
179.20000,1.02194,0.99503,0.00402,0.00087,0.00009
179.34000,1.02194,0.99497,0.00408,0.00087,0.00009
179.48000,1.02194,0.99496,0.00408,0.00087,0.00009
179.62000,1.02194,0.99511,0.00395,0.00086,0.00008
179.75999,1.02194,0.99517,0.00390,0.00084,0.00008
179.89999,1.02194,0.99512,0.00395,0.00085,0.00008
180.03999,1.02194,0.99515,0.00391,0.00085,0.00009
180.17999,1.02194,0.99511,0.00395,0.00086,0.00009
180.32001,1.02193,0.99516,0.00391,0.00085,0.00009
180.46001,1.02193,0.99515,0.00391,0.00085,0.00009
180.60001,1.02193,0.99513,0.00392,0.00086,0.00009
180.74001,1.02193,0.99513,0.00393,0.00086,0.00009
180.88000,1.02193,0.99509,0.00396,0.00086,0.00009
181.02000,1.02193,0.99509,0.00397,0.00086,0.00009
181.16000,1.02193,0.99511,0.00395,0.00085,0.00008
181.30000,1.02193,0.99511,0.00395,0.00085,0.00009
181.44000,1.02194,0.99521,0.00385,0.00084,0.00009
181.58000,1.02194,0.99503,0.00401,0.00086,0.00009
181.72000,1.02194,0.99500,0.00405,0.00087,0.00009
181.86000,1.02194,0.99488,0.00415,0.00088,0.00009
182.00000,1.02194,0.99488,0.00414,0.00089,0.00009
182.14000,1.02194,0.99466,0.00434,0.00091,0.00009
182.28000,1.02194,0.99476,0.00424,0.00090,0.00009
182.42000,1.02194,0.99488,0.00414,0.00089,0.00009
182.56000,1.02194,0.99483,0.00418,0.00089,0.00009
182.70000,1.02194,0.99477,0.00424,0.00090,0.00009
182.84000,1.02194,0.99477,0.00424,0.00091,0.00009
182.98000,1.02194,0.99503,0.00400,0.00088,0.00009
183.12000,1.02194,0.99485,0.00417,0.00089,0.00009
183.25999,1.02194,0.99496,0.00406,0.00089,0.00009
183.39999,1.02194,0.99484,0.00417,0.00090,0.00009
183.53999,1.02194,0.99474,0.00426,0.00091,0.00009
183.67999,1.02194,0.99477,0.00423,0.00091,0.00009
183.82001,1.02193,0.99500,0.00401,0.00090,0.00009
183.96001,1.02193,0.99467,0.00431,0.00093,0.00009
184.10001,1.02193,0.99457,0.00440,0.00094,0.00009
184.24001,1.02193,0.99446,0.00449,0.00096,0.00009
184.38000,1.02193,0.99447,0.00449,0.00096,0.00009
184.52000,1.02193,0.99462,0.00433,0.00095,0.00009
184.66000,1.02193,0.99472,0.00425,0.00093,0.00009
184.80000,1.02193,0.99450,0.00447,0.00094,0.00009
184.94000,1.02194,0.99460,0.00437,0.00094,0.00009
185.08000,1.02194,0.99467,0.00431,0.00093,0.00009
185.22000,1.02194,0.99471,0.00428,0.00092,0.00009
185.36000,1.02194,0.99464,0.00434,0.00093,0.00009
185.50000,1.02194,0.99465,0.00432,0.00094,0.00009
185.64000,1.02194,0.99466,0.00433,0.00092,0.00009
185.78000,1.02194,0.99474,0.00426,0.00091,0.00009
185.92000,1.02194,0.99477,0.00423,0.00091,0.00009
186.06000,1.02194,0.99478,0.00422,0.00091,0.00009
186.20000,1.02194,0.99488,0.00413,0.00089,0.00009
186.34000,1.02194,0.99482,0.00420,0.00089,0.00009
186.48000,1.02194,0.99495,0.00408,0.00088,0.00009
186.62000,1.02194,0.99514,0.00391,0.00086,0.00009
186.75999,1.02194,0.99500,0.00404,0.00087,0.00009
186.89999,1.02194,0.99512,0.00394,0.00085,0.00009
187.03999,1.02194,0.99499,0.00406,0.00087,0.00009
187.17999,1.02194,0.99513,0.00394,0.00085,0.00009
187.32001,1.02193,0.99510,0.00396,0.00085,0.00009
187.46001,1.02193,0.99512,0.00394,0.00086,0.00009
187.60001,1.02193,0.99501,0.00403,0.00087,0.00009
187.74001,1.02193,0.99506,0.00399,0.00086,0.00009
187.88000,1.02193,0.99511,0.00394,0.00086,0.00009
188.02000,1.02193,0.99499,0.00405,0.00087,0.00009
188.16000,1.02193,0.99498,0.00407,0.00087,0.00008
188.30000,1.02193,0.99504,0.00401,0.00087,0.00009
188.44000,1.02194,0.99509,0.00397,0.00086,0.00009
188.58000,1.02194,0.99524,0.00383,0.00084,0.00009
188.72000,1.02194,0.99504,0.00402,0.00086,0.00009
188.86000,1.02194,0.99492,0.00413,0.00087,0.00008
189.00000,1.02194,0.99504,0.00401,0.00086,0.00009
189.14000,1.02194,0.99493,0.00411,0.00088,0.00008
189.28000,1.02194,0.99493,0.00410,0.00088,0.00009
189.42000,1.02194,0.99507,0.00398,0.00087,0.00009
189.56000,1.02194,0.99504,0.00401,0.00087,0.00009
189.70000,1.02194,0.99496,0.00409,0.00087,0.00009
189.84000,1.02194,0.99504,0.00401,0.00086,0.00009
189.98000,1.02194,0.99503,0.00401,0.00087,0.00009
190.12000,1.02194,0.99507,0.00398,0.00086,0.00009
190.25999,1.02194,0.99505,0.00400,0.00086,0.00009
190.39999,1.02194,0.99504,0.00400,0.00087,0.00009
190.53999,1.02194,0.99486,0.00416,0.00088,0.00009
190.67999,1.02194,0.99497,0.00407,0.00087,0.00009
190.82001,1.02193,0.99497,0.00407,0.00087,0.00009
190.96001,1.02193,0.99495,0.00409,0.00087,0.00009
191.10001,1.02193,0.99504,0.00401,0.00087,0.00009
191.24001,1.02193,0.99501,0.00404,0.00086,0.00009
191.38000,1.02193,0.99515,0.00392,0.00085,0.00009
191.52000,1.02193,0.99519,0.00388,0.00084,0.00008
191.66000,1.02193,0.99530,0.00378,0.00083,0.00009
191.80000,1.02193,0.99518,0.00389,0.00084,0.00009
191.94000,1.02194,0.99534,0.00375,0.00083,0.00009
192.08000,1.02194,0.99509,0.00397,0.00085,0.00009
192.22000,1.02194,0.99503,0.00402,0.00087,0.00009
192.36000,1.02194,0.99500,0.00403,0.00088,0.00009
192.50000,1.02194,0.99493,0.00410,0.00089,0.00009
192.64000,1.02194,0.99473,0.00428,0.00091,0.00009
192.78000,1.02194,0.99462,0.00437,0.00092,0.00009
192.92000,1.02194,0.99471,0.00428,0.00092,0.00009
193.06000,1.02194,0.99471,0.00429,0.00092,0.00009
193.20000,1.02194,0.99470,0.00429,0.00092,0.00009
193.34000,1.02194,0.99481,0.00419,0.00091,0.00009
193.48000,1.02194,0.99482,0.00419,0.00090,0.00009
193.62000,1.02194,0.99493,0.00408,0.00089,0.00009
193.75999,1.02194,0.99482,0.00419,0.00090,0.00009
193.89999,1.02194,0.99488,0.00413,0.00090,0.00009
194.03999,1.02194,0.99510,0.00394,0.00087,0.00009
194.17999,1.02194,0.99513,0.00392,0.00086,0.00009
194.32001,1.02193,0.99523,0.00384,0.00085,0.00009
194.46001,1.02193,0.99519,0.00388,0.00084,0.00009
194.60001,1.02193,0.99504,0.00401,0.00086,0.00008
194.74001,1.02193,0.99530,0.00377,0.00084,0.00009
194.88000,1.02193,0.99549,0.00360,0.00082,0.00009
195.02000,1.02193,0.99518,0.00388,0.00085,0.00009
195.16000,1.02193,0.99505,0.00400,0.00086,0.00009
195.30000,1.02193,0.99501,0.00404,0.00087,0.00009
195.44000,1.02194,0.99519,0.00388,0.00085,0.00009
195.58000,1.02194,0.99510,0.00396,0.00086,0.00009
195.72000,1.02194,0.99500,0.00404,0.00087,0.00009
195.86000,1.02194,0.99489,0.00413,0.00089,0.00009
196.00000,1.02194,0.99478,0.00423,0.00090,0.00009
196.14000,1.02194,0.99468,0.00431,0.00092,0.00009
196.28000,1.02194,0.99472,0.00427,0.00092,0.00009
196.42000,1.02194,0.99443,0.00453,0.00095,0.00009
196.56000,1.02194,0.99445,0.00450,0.00095,0.00009
196.70000,1.02194,0.99431,0.00462,0.00097,0.00009
196.84000,1.02194,0.99447,0.00448,0.00096,0.00009
196.98000,1.02194,0.99437,0.00457,0.00096,0.00009
197.12000,1.02194,0.99433,0.00460,0.00097,0.00009
197.25999,1.02194,0.99408,0.00483,0.00100,0.00009
197.39999,1.02194,0.99438,0.00456,0.00097,0.00009
197.53999,1.02194,0.99426,0.00466,0.00098,0.00009
197.67999,1.02194,0.99438,0.00455,0.00097,0.00009
197.82001,1.02193,0.99432,0.00462,0.00098,0.00009
197.96001,1.02193,0.99434,0.00459,0.00098,0.00009
198.10001,1.02193,0.99443,0.00451,0.00097,0.00009
198.24001,1.02193,0.99432,0.00460,0.00098,0.00010
198.38000,1.02193,0.99431,0.00463,0.00097,0.00009
198.52000,1.02193,0.99421,0.00471,0.00098,0.00009
198.66000,1.02193,0.99415,0.00476,0.00100,0.00009
198.80000,1.02193,0.99408,0.00481,0.00101,0.00010
198.94000,1.02194,0.99404,0.00485,0.00102,0.00010
199.08000,1.02194,0.99366,0.00518,0.00106,0.00010
199.22000,1.02194,0.99378,0.00507,0.00106,0.00010
199.36000,1.02194,0.99364,0.00518,0.00108,0.00010
199.50000,1.02194,0.99341,0.00540,0.00110,0.00010
199.64000,1.02194,0.99347,0.00534,0.00110,0.00010
199.78000,1.02194,0.99345,0.00535,0.00110,0.00010
199.92000,1.02194,0.99329,0.00549,0.00112,0.00010
200.06000,1.02194,0.99338,0.00540,0.00112,0.00010
200.20000,1.02194,0.99345,0.00534,0.00111,0.00010
200.34000,1.02194,0.99350,0.00529,0.00110,0.00010
200.48000,1.02194,0.99340,0.00540,0.00111,0.00010
200.62000,1.02194,0.99347,0.00534,0.00110,0.00010
200.75999,1.02194,0.99356,0.00526,0.00108,0.00010
200.89999,1.02194,0.99352,0.00530,0.00109,0.00010
201.03999,1.02194,0.99385,0.00500,0.00105,0.00010
201.17999,1.02194,0.99397,0.00489,0.00104,0.00010
201.32001,1.02193,0.99390,0.00496,0.00105,0.00010
201.46001,1.02193,0.99388,0.00498,0.00104,0.00010
201.60001,1.02193,0.99389,0.00498,0.00103,0.00009
201.74001,1.02193,0.99409,0.00481,0.00101,0.00009
201.88000,1.02193,0.99410,0.00480,0.00100,0.00009
202.02000,1.02193,0.99409,0.00481,0.00101,0.00010
202.16000,1.02193,0.99434,0.00458,0.00098,0.00010
202.30000,1.02193,0.99425,0.00466,0.00099,0.00009
202.44000,1.02194,0.99405,0.00485,0.00101,0.00009
202.58000,1.02194,0.99427,0.00463,0.00100,0.00010
202.72000,1.02194,0.99412,0.00478,0.00101,0.00009
202.86000,1.02194,0.99435,0.00458,0.00098,0.00010
203.00000,1.02194,0.99430,0.00461,0.00099,0.00010
203.14000,1.02194,0.99393,0.00494,0.00104,0.00010
203.28000,1.02194,0.99418,0.00472,0.00100,0.00010
203.42000,1.02194,0.99415,0.00474,0.00101,0.00010
203.56000,1.02194,0.99413,0.00477,0.00101,0.00010
203.70000,1.02194,0.99429,0.00462,0.00099,0.00010
203.84000,1.02194,0.99440,0.00453,0.00098,0.00010
203.98000,1.02194,0.99443,0.00452,0.00096,0.00009
204.12000,1.02194,0.99459,0.00438,0.00094,0.00009
204.25999,1.02194,0.99454,0.00443,0.00094,0.00009
204.39999,1.02194,0.99467,0.00432,0.00092,0.00009
204.53999,1.02194,0.99473,0.00427,0.00091,0.00009
204.67999,1.02194,0.99477,0.00423,0.00091,0.00009
204.82001,1.02193,0.99476,0.00424,0.00091,0.00009
204.96001,1.02193,0.99476,0.00424,0.00091,0.00009
205.10001,1.02193,0.99489,0.00413,0.00089,0.00009
205.24001,1.02193,0.99487,0.00415,0.00089,0.00009
205.38000,1.02193,0.99487,0.00415,0.00089,0.00009
205.52000,1.02193,0.99473,0.00427,0.00092,0.00009
205.66000,1.02193,0.99506,0.00398,0.00087,0.00009
205.80000,1.02193,0.99495,0.00407,0.00088,0.00009
205.94000,1.02194,0.99477,0.00424,0.00090,0.00009
206.08000,1.02194,0.99477,0.00424,0.00090,0.00009
206.22000,1.02194,0.99469,0.00431,0.00091,0.00009
206.36000,1.02194,0.99463,0.00436,0.00092,0.00009
206.50000,1.02194,0.99486,0.00415,0.00090,0.00009
206.64000,1.02194,0.99477,0.00423,0.00090,0.00009
206.78000,1.02194,0.99476,0.00425,0.00090,0.00009
206.92000,1.02194,0.99486,0.00416,0.00089,0.00009
207.06000,1.02194,0.99467,0.00432,0.00091,0.00009
207.20000,1.02194,0.99465,0.00435,0.00091,0.00009
207.34000,1.02194,0.99481,0.00419,0.00091,0.00009
207.48000,1.02194,0.99443,0.00454,0.00095,0.00009
207.62000,1.02194,0.99434,0.00461,0.00096,0.00009
207.75999,1.02194,0.99433,0.00462,0.00096,0.00009
207.89999,1.02194,0.99441,0.00454,0.00096,0.00009
208.03999,1.02194,0.99428,0.00465,0.00097,0.00009
208.17999,1.02194,0.99433,0.00460,0.00097,0.00009
208.32001,1.02193,0.99435,0.00459,0.00097,0.00009
208.46001,1.02193,0.99428,0.00465,0.00098,0.00009
208.60001,1.02193,0.99425,0.00468,0.00098,0.00009
208.74001,1.02193,0.99451,0.00444,0.00096,0.00009
208.88000,1.02193,0.99488,0.00411,0.00092,0.00009
209.02000,1.02193,0.99471,0.00427,0.00093,0.00009
209.16000,1.02193,0.99473,0.00425,0.00092,0.00009
209.30000,1.02193,0.99470,0.00429,0.00092,0.00009
209.44000,1.02194,0.99487,0.00413,0.00090,0.00009
209.58000,1.02194,0.99471,0.00427,0.00093,0.00009
209.72000,1.02194,0.99479,0.00418,0.00093,0.00010
209.86000,1.02194,0.99444,0.00451,0.00096,0.00009
210.00000,1.02194,0.99453,0.00443,0.00095,0.00009
210.14000,1.02194,0.99461,0.00437,0.00093,0.00009
210.28000,1.02194,0.99450,0.00446,0.00095,0.00009
210.42000,1.02194,0.99460,0.00438,0.00093,0.00009
210.56000,1.02194,0.99471,0.00428,0.00092,0.00009
210.70000,1.02194,0.99488,0.00413,0.00090,0.00009
210.84000,1.02194,0.99506,0.00397,0.00088,0.00009
210.98000,1.02194,0.99477,0.00424,0.00090,0.00009
211.12000,1.02194,0.99483,0.00418,0.00090,0.00009
211.25999,1.02194,0.99516,0.00389,0.00086,0.00009
211.39999,1.02194,0.99495,0.00409,0.00088,0.00009
211.53999,1.02194,0.99492,0.00411,0.00088,0.00009
211.67999,1.02194,0.99488,0.00415,0.00088,0.00009
211.82001,1.02193,0.99491,0.00412,0.00088,0.00009
211.96001,1.02193,0.99499,0.00405,0.00087,0.00009
212.10001,1.02193,0.99512,0.00393,0.00086,0.00009
212.24001,1.02193,0.99504,0.00400,0.00087,0.00009
212.38000,1.02193,0.99496,0.00408,0.00088,0.00009
212.52000,1.02193,0.99495,0.00408,0.00088,0.00009
212.66000,1.02193,0.99496,0.00406,0.00089,0.00009
212.80000,1.02193,0.99491,0.00411,0.00089,0.00009
212.94000,1.02194,0.99486,0.00415,0.00090,0.00009
213.08000,1.02194,0.99490,0.00412,0.00089,0.00009
213.22000,1.02194,0.99511,0.00393,0.00087,0.00009
213.36000,1.02194,0.99511,0.00394,0.00086,0.00009
213.50000,1.02194,0.99513,0.00393,0.00086,0.00009
213.64000,1.02194,0.99519,0.00388,0.00085,0.00008
213.78000,1.02194,0.99529,0.00380,0.00083,0.00008
213.92000,1.02194,0.99522,0.00385,0.00084,0.00009
214.06000,1.02194,0.99506,0.00399,0.00087,0.00009
214.20000,1.02194,0.99515,0.00389,0.00087,0.00009
214.34000,1.02194,0.99477,0.00422,0.00091,0.00009
214.48000,1.02194,0.99490,0.00410,0.00091,0.00009
214.62000,1.02194,0.99465,0.00432,0.00094,0.00009
214.75999,1.02194,0.99440,0.00454,0.00097,0.00009
214.89999,1.02194,0.99427,0.00463,0.00100,0.00010
215.03999,1.02194,0.99476,0.00422,0.00092,0.00009
215.17999,1.02194,0.99467,0.00431,0.00093,0.00009
215.32001,1.02193,0.99482,0.00418,0.00091,0.00009
215.46001,1.02193,0.99461,0.00437,0.00094,0.00009
215.60001,1.02193,0.99427,0.00469,0.00095,0.00008
215.74001,1.02193,0.99471,0.00428,0.00092,0.00009
215.88000,1.02193,0.99462,0.00437,0.00092,0.00009
216.02000,1.02193,0.99481,0.00416,0.00094,0.00010
216.16000,1.02193,0.99482,0.00419,0.00090,0.00009
216.30000,1.02193,0.99469,0.00431,0.00091,0.00009
216.44000,1.02194,0.99472,0.00429,0.00090,0.00009
216.58000,1.02194,0.99482,0.00420,0.00089,0.00009
216.72000,1.02194,0.99482,0.00420,0.00089,0.00009
216.86000,1.02194,0.99507,0.00398,0.00087,0.00009
217.00000,1.02194,0.99513,0.00394,0.00085,0.00009
217.14000,1.02194,0.99516,0.00391,0.00085,0.00008
217.28000,1.02194,0.99471,0.00431,0.00090,0.00009
217.42000,1.02194,0.99467,0.00434,0.00091,0.00009
217.56000,1.02194,0.99478,0.00422,0.00091,0.00009
217.70000,1.02194,0.99484,0.00416,0.00090,0.00009
217.84000,1.02194,0.99447,0.00450,0.00094,0.00009
217.98000,1.02194,0.99471,0.00427,0.00093,0.00010
218.12000,1.02194,0.99457,0.00436,0.00097,0.00010
218.25999,1.02194,0.99489,0.00413,0.00089,0.00009
218.39999,1.02194,0.99510,0.00395,0.00087,0.00009
218.53999,1.02194,0.99516,0.00390,0.00085,0.00009
218.67999,1.02194,0.99510,0.00395,0.00086,0.00009
218.82001,1.02193,0.99537,0.00371,0.00083,0.00009
218.96001,1.02193,0.99531,0.00378,0.00083,0.00008
219.10001,1.02193,0.99533,0.00376,0.00083,0.00008
219.24001,1.02193,0.99531,0.00376,0.00084,0.00009
219.38000,1.02193,0.99517,0.00389,0.00085,0.00009
219.52000,1.02193,0.99516,0.00390,0.00085,0.00009
219.66000,1.02193,0.99508,0.00397,0.00087,0.00009
219.80000,1.02193,0.99491,0.00412,0.00088,0.00009
219.94000,1.02194,0.99501,0.00401,0.00089,0.00009
220.08000,1.02194,0.99495,0.00408,0.00088,0.00009
220.22000,1.02194,0.99496,0.00408,0.00088,0.00009
220.36000,1.02194,0.99496,0.00407,0.00088,0.00009
220.50000,1.02194,0.99501,0.00403,0.00087,0.00009
220.64000,1.02194,0.99521,0.00385,0.00085,0.00009
220.78000,1.02194,0.99373,0.00519,0.00098,0.00010
220.92000,1.02194,0.99405,0.00489,0.00096,0.00010
221.06000,1.02194,0.99394,0.00496,0.00100,0.00010
221.20000,1.02194,0.99422,0.00470,0.00098,0.00009
221.34000,1.02194,0.99377,0.00513,0.00101,0.00009
221.48000,1.02194,0.99389,0.00501,0.00100,0.00010
221.62000,1.02194,0.99537,0.00359,0.00090,0.00014
221.75999,1.02194,0.99515,0.00390,0.00086,0.00009
221.89999,1.02194,0.99495,0.00409,0.00088,0.00009
222.03999,1.02194,0.99492,0.00411,0.00088,0.00009
222.17999,1.02194,0.99486,0.00416,0.00089,0.00009
222.32001,1.02193,0.99484,0.00417,0.00090,0.00009
222.46001,1.02193,0.99511,0.00394,0.00087,0.00009
222.60001,1.02193,0.99503,0.00401,0.00087,0.00009
222.74001,1.02193,0.99485,0.00418,0.00088,0.00009
222.88000,1.02193,0.99484,0.00418,0.00089,0.00009
223.02000,1.02193,0.99485,0.00417,0.00089,0.00009
223.16000,1.02193,0.99485,0.00416,0.00090,0.00009
223.30000,1.02193,0.99466,0.00433,0.00092,0.00009
223.44000,1.02194,0.99475,0.00424,0.00091,0.00009
223.58000,1.02194,0.99454,0.00444,0.00093,0.00009
223.72000,1.02194,0.99469,0.00430,0.00092,0.00009
223.86000,1.02194,0.99493,0.00409,0.00089,0.00009
224.00000,1.02194,0.99508,0.00395,0.00088,0.00009
224.14000,1.02194,0.99496,0.00407,0.00088,0.00009
224.28000,1.02194,0.99508,0.00397,0.00087,0.00009
224.42000,1.02194,0.99506,0.00398,0.00087,0.00009
224.56000,1.02194,0.99491,0.00411,0.00089,0.00009
224.70000,1.02194,0.99481,0.00420,0.00090,0.00009
224.84000,1.02194,0.99463,0.00435,0.00093,0.00009
224.98000,1.02194,0.99467,0.00430,0.00093,0.00010
225.12000,1.02194,0.99448,0.00446,0.00096,0.00010
225.25999,1.02194,0.99431,0.00462,0.00098,0.00009
225.39999,1.02194,0.99419,0.00473,0.00099,0.00009
225.53999,1.02194,0.99449,0.00445,0.00096,0.00009
225.67999,1.02194,0.99460,0.00436,0.00094,0.00009
225.82001,1.02193,0.99444,0.00451,0.00096,0.00009
225.96001,1.02193,0.99449,0.00446,0.00096,0.00009
226.10001,1.02193,0.99445,0.00450,0.00096,0.00009
226.24001,1.02193,0.99444,0.00451,0.00096,0.00009
226.38000,1.02193,0.99440,0.00453,0.00097,0.00010
226.52000,1.02193,0.99417,0.00474,0.00100,0.00009
226.66000,1.02193,0.99411,0.00479,0.00101,0.00009
226.80000,1.02193,0.99422,0.00470,0.00099,0.00009
226.94000,1.02194,0.99444,0.00449,0.00097,0.00010
227.08000,1.02194,0.99435,0.00458,0.00097,0.00009
227.22000,1.02194,0.99427,0.00465,0.00099,0.00009
227.36000,1.02194,0.99484,0.00415,0.00092,0.00010
227.50000,1.02194,0.99459,0.00437,0.00095,0.00009
227.64000,1.02194,0.99451,0.00445,0.00095,0.00009
227.78000,1.02194,0.99445,0.00450,0.00096,0.00009
227.92000,1.02194,0.99451,0.00445,0.00095,0.00009
228.06000,1.02194,0.99461,0.00435,0.00094,0.00009
228.20000,1.02194,0.99458,0.00440,0.00094,0.00009
228.34000,1.02194,0.99477,0.00422,0.00092,0.00009
228.48000,1.02194,0.99470,0.00429,0.00092,0.00009
228.62000,1.02194,0.99497,0.00405,0.00089,0.00009
228.75999,1.02194,0.99486,0.00417,0.00089,0.00009
228.89999,1.02194,0.99521,0.00384,0.00086,0.00009
229.03999,1.02194,0.99512,0.00393,0.00086,0.00009
229.17999,1.02194,0.99508,0.00397,0.00087,0.00009
229.32001,1.02193,0.99505,0.00400,0.00086,0.00009
229.46001,1.02193,0.99514,0.00391,0.00086,0.00009
229.60001,1.02193,0.99509,0.00396,0.00087,0.00009
229.74001,1.02193,0.99491,0.00412,0.00088,0.00009
229.88000,1.02193,0.99495,0.00409,0.00088,0.00009
230.02000,1.02193,0.99491,0.00412,0.00089,0.00009
230.16000,1.02193,0.99505,0.00400,0.00087,0.00009
230.30000,1.02193,0.99508,0.00397,0.00086,0.00009
230.44000,1.02194,0.99510,0.00395,0.00086,0.00009
230.58000,1.02194,0.99506,0.00399,0.00086,0.00009
230.72000,1.02194,0.99515,0.00392,0.00085,0.00008
230.86000,1.02194,0.99517,0.00390,0.00085,0.00008
231.00000,1.02194,0.99523,0.00384,0.00084,0.00009
231.14000,1.02194,0.99536,0.00372,0.00083,0.00009
231.28000,1.02194,0.99528,0.00380,0.00084,0.00009
231.42000,1.02194,0.99517,0.00390,0.00085,0.00009
231.56000,1.02194,0.99526,0.00381,0.00084,0.00009
231.70000,1.02194,0.99499,0.00406,0.00087,0.00009
231.84000,1.02194,0.99503,0.00401,0.00087,0.00009
231.98000,1.02194,0.99491,0.00411,0.00088,0.00009
232.12000,1.02194,0.99504,0.00400,0.00088,0.00009
232.25999,1.02194,0.99471,0.00428,0.00091,0.00009
232.39999,1.02194,0.99475,0.00425,0.00091,0.00009
232.53999,1.02194,0.99454,0.00444,0.00093,0.00009
232.67999,1.02194,0.99447,0.00449,0.00095,0.00009
232.82001,1.02193,0.99449,0.00446,0.00096,0.00009
232.96001,1.02193,0.99407,0.00482,0.00101,0.00009
233.10001,1.02193,0.99300,0.00587,0.00104,0.00010
233.24001,1.02193,0.99351,0.00533,0.00106,0.00010
233.38000,1.02193,0.99352,0.00531,0.00106,0.00010
233.52000,1.02193,0.99308,0.00571,0.00111,0.00010
233.66000,1.02193,0.99327,0.00555,0.00108,0.00010
233.80000,1.02193,0.99183,0.00664,0.00141,0.00012
233.94000,1.02194,0.99403,0.00482,0.00104,0.00011
234.08000,1.02194,0.99470,0.00426,0.00094,0.00010
234.22000,1.02194,0.99432,0.00461,0.00098,0.00009
234.36000,1.02194,0.99420,0.00472,0.00099,0.00009
234.50000,1.02194,0.99426,0.00464,0.00100,0.00010
234.64000,1.02194,0.99418,0.00471,0.00101,0.00010
234.78000,1.02194,0.99393,0.00495,0.00103,0.00009
234.92000,1.02194,0.99410,0.00477,0.00103,0.00010
235.06000,1.02194,0.99402,0.00484,0.00105,0.00010
235.20000,1.02194,0.99396,0.00488,0.00105,0.00010
235.34000,1.02194,0.99342,0.00540,0.00108,0.00009
235.48000,1.02194,0.99423,0.00466,0.00101,0.00010
235.62000,1.02194,0.99409,0.00479,0.00102,0.00010
235.75999,1.02194,0.99415,0.00474,0.00101,0.00010
235.89999,1.02194,0.99447,0.00445,0.00098,0.00010
236.03999,1.02194,0.99383,0.00502,0.00105,0.00010
236.17999,1.02194,0.99399,0.00489,0.00102,0.00010
236.32001,1.02193,0.99415,0.00474,0.00101,0.00010
236.46001,1.02193,0.99423,0.00468,0.00100,0.00009
236.60001,1.02193,0.99420,0.00473,0.00098,0.00009
236.74001,1.02193,0.99472,0.00425,0.00093,0.00009
236.88000,1.02193,0.99480,0.00420,0.00091,0.00009
237.02000,1.02193,0.99469,0.00431,0.00091,0.00009
237.16000,1.02193,0.99499,0.00404,0.00088,0.00009
237.30000,1.02193,0.99496,0.00407,0.00089,0.00009
237.44000,1.02194,0.99486,0.00416,0.00089,0.00009
237.58000,1.02194,0.99497,0.00405,0.00089,0.00009
237.72000,1.02194,0.99492,0.00410,0.00089,0.00009
237.86000,1.02194,0.99484,0.00418,0.00089,0.00009
238.00000,1.02194,0.99439,0.00456,0.00096,0.00009
238.14000,1.02194,0.99411,0.00477,0.00101,0.00010
238.28000,1.02194,0.99404,0.00484,0.00103,0.00010
238.42000,1.02194,0.99400,0.00487,0.00104,0.00009
238.56000,1.02194,0.99420,0.00468,0.00103,0.00010
238.70000,1.02194,0.99386,0.00498,0.00106,0.00010
238.84000,1.02194,0.99384,0.00503,0.00104,0.00009
238.98000,1.02194,0.99492,0.00408,0.00091,0.00010
239.12000,1.02194,0.99495,0.00408,0.00088,0.00009
239.25999,1.02194,0.99507,0.00397,0.00087,0.00009
239.39999,1.02194,0.99503,0.00402,0.00087,0.00009
239.53999,1.02194,0.99499,0.00404,0.00088,0.00009
239.67999,1.02194,0.99508,0.00397,0.00086,0.00009
239.82001,1.02193,0.99496,0.00408,0.00087,0.00009
239.96001,1.02193,0.99482,0.00420,0.00089,0.00009
240.10001,1.02193,0.99484,0.00418,0.00090,0.00009
240.24001,1.02193,0.99478,0.00422,0.00091,0.00009
240.38000,1.02193,0.99482,0.00419,0.00091,0.00009
240.52000,1.02193,0.99469,0.00431,0.00092,0.00009
240.66000,1.02193,0.99454,0.00444,0.00093,0.00009
240.80000,1.02193,0.99464,0.00434,0.00093,0.00009
240.94000,1.02194,0.99460,0.00438,0.00093,0.00009
241.08000,1.02194,0.99452,0.00446,0.00094,0.00009
241.22000,1.02194,0.99446,0.00451,0.00095,0.00009
241.36000,1.02194,0.99461,0.00435,0.00094,0.00009
241.50000,1.02194,0.99446,0.00449,0.00095,0.00009
241.64000,1.02194,0.99425,0.00468,0.00098,0.00009
241.78000,1.02194,0.99433,0.00460,0.00097,0.00009
241.92000,1.02194,0.99432,0.00462,0.00097,0.00009
242.06000,1.02194,0.99428,0.00465,0.00097,0.00009
242.20000,1.02194,0.99429,0.00463,0.00099,0.00010
242.34000,1.02194,0.99392,0.00495,0.00103,0.00010
242.48000,1.02194,0.99404,0.00483,0.00103,0.00010
242.62000,1.02194,0.99391,0.00495,0.00104,0.00010
242.75999,1.02194,0.99380,0.00505,0.00105,0.00010
242.89999,1.02194,0.99400,0.00486,0.00104,0.00010
243.03999,1.02194,0.99398,0.00489,0.00104,0.00010
243.17999,1.02194,0.99419,0.00473,0.00099,0.00009
243.32001,1.02193,0.99435,0.00458,0.00098,0.00009
243.46001,1.02193,0.99439,0.00454,0.00097,0.00009
243.60001,1.02193,0.99463,0.00434,0.00094,0.00009
243.74001,1.02193,0.99487,0.00412,0.00091,0.00010
243.88000,1.02193,0.99452,0.00444,0.00094,0.00009
244.02000,1.02193,0.99430,0.00464,0.00097,0.00009
244.16000,1.02193,0.99418,0.00474,0.00098,0.00009
244.30000,1.02193,0.99437,0.00457,0.00097,0.00009
244.44000,1.02194,0.99443,0.00452,0.00096,0.00009
244.58000,1.02194,0.99445,0.00451,0.00095,0.00009
244.72000,1.02194,0.99446,0.00450,0.00095,0.00009
244.86000,1.02194,0.99454,0.00443,0.00093,0.00009
245.00000,1.02194,0.99486,0.00416,0.00089,0.00009
245.14000,1.02194,0.99504,0.00400,0.00087,0.00009
245.28000,1.02194,0.99485,0.00417,0.00089,0.00009
245.42000,1.02194,0.99482,0.00419,0.00090,0.00009
245.56000,1.02194,0.99478,0.00423,0.00090,0.00009
245.70000,1.02194,0.99466,0.00434,0.00091,0.00009
245.84000,1.02194,0.99476,0.00425,0.00091,0.00009
245.98000,1.02194,0.99463,0.00436,0.00093,0.00009
246.12000,1.02194,0.99454,0.00444,0.00094,0.00009
246.25999,1.02194,0.99446,0.00451,0.00095,0.00009
246.39999,1.02194,0.99455,0.00442,0.00094,0.00009
246.53999,1.02194,0.99434,0.00460,0.00097,0.00009
246.67999,1.02194,0.99446,0.00449,0.00096,0.00009
246.82001,1.02193,0.99432,0.00460,0.00098,0.00010
246.96001,1.02193,0.99436,0.00458,0.00097,0.00009
247.10001,1.02193,0.99426,0.00465,0.00099,0.00009
247.24001,1.02193,0.99424,0.00467,0.00099,0.00009
247.38000,1.02193,0.99409,0.00480,0.00101,0.00010
247.52000,1.02193,0.99446,0.00446,0.00098,0.00010
247.66000,1.02193,0.99428,0.00463,0.00099,0.00010
247.80000,1.02193,0.99401,0.00487,0.00102,0.00009
247.94000,1.02194,0.99414,0.00475,0.00101,0.00010
248.08000,1.02194,0.99413,0.00476,0.00102,0.00010
248.22000,1.02194,0.99414,0.00476,0.00100,0.00009
248.36000,1.02194,0.99435,0.00458,0.00098,0.00010
248.50000,1.02194,0.99408,0.00482,0.00101,0.00009
248.64000,1.02194,0.99421,0.00469,0.00100,0.00009
248.78000,1.02194,0.99413,0.00477,0.00101,0.00009
248.92000,1.02194,0.99439,0.00453,0.00098,0.00010
249.06000,1.02194,0.99413,0.00477,0.00101,0.00009
249.20000,1.02194,0.99412,0.00478,0.00101,0.00009
249.34000,1.02194,0.99424,0.00467,0.00099,0.00009
249.48000,1.02194,0.99399,0.00489,0.00102,0.00010
249.62000,1.02194,0.99442,0.00449,0.00098,0.00010
249.75999,1.02194,0.99401,0.00487,0.00103,0.00010
249.89999,1.02194,0.99383,0.00502,0.00105,0.00010
250.03999,1.02194,0.99394,0.00491,0.00105,0.00010
250.17999,1.02194,0.99354,0.00527,0.00109,0.00010
250.32001,1.02193,0.99344,0.00536,0.00110,0.00010
250.46001,1.02193,0.99364,0.00519,0.00108,0.00010
250.60001,1.02193,0.99372,0.00511,0.00107,0.00010
250.74001,1.02193,0.99357,0.00525,0.00108,0.00010
250.88000,1.02193,0.99359,0.00522,0.00109,0.00010
251.02000,1.02193,0.99351,0.00529,0.00110,0.00010
251.16000,1.02193,0.99361,0.00520,0.00108,0.00010
251.30000,1.02193,0.99357,0.00523,0.00109,0.00010
251.44000,1.02194,0.99345,0.00533,0.00111,0.00010
251.58000,1.02194,0.99341,0.00539,0.00111,0.00010
251.72000,1.02194,0.99364,0.00518,0.00108,0.00010
251.86000,1.02194,0.99362,0.00520,0.00108,0.00010
252.00000,1.02194,0.99358,0.00524,0.00108,0.00010
252.14000,1.02194,0.99374,0.00509,0.00107,0.00010
252.28000,1.02194,0.99370,0.00513,0.00107,0.00010
252.42000,1.02194,0.99369,0.00515,0.00106,0.00010
252.56000,1.02194,0.99363,0.00521,0.00107,0.00010
252.70000,1.02194,0.99370,0.00514,0.00107,0.00010
252.84000,1.02194,0.99372,0.00512,0.00106,0.00010
252.98000,1.02194,0.99382,0.00503,0.00106,0.00010
253.12000,1.02194,0.99382,0.00502,0.00105,0.00010
253.25999,1.02194,0.99386,0.00499,0.00105,0.00010
253.39999,1.02194,0.99435,0.00457,0.00098,0.00010
253.53999,1.02194,0.99421,0.00471,0.00099,0.00009
253.67999,1.02194,0.99436,0.00457,0.00097,0.00009
253.82001,1.02193,0.99446,0.00449,0.00096,0.00009
253.96001,1.02193,0.99441,0.00453,0.00096,0.00009
254.10001,1.02193,0.99456,0.00440,0.00095,0.00009
254.24001,1.02193,0.99453,0.00443,0.00094,0.00009
254.38000,1.02193,0.99452,0.00444,0.00094,0.00009
254.52000,1.02193,0.99450,0.00445,0.00095,0.00009
254.66000,1.02193,0.99442,0.00453,0.00096,0.00009
254.80000,1.02193,0.99475,0.00424,0.00092,0.00009
254.94000,1.02194,0.99486,0.00415,0.00090,0.00009
255.08000,1.02193,0.99476,0.00424,0.00091,0.00009
255.22000,1.02194,0.99481,0.00421,0.00090,0.00009
255.36000,1.02193,0.99496,0.00407,0.00088,0.00009
255.50000,1.02194,0.99507,0.00397,0.00087,0.00009
255.64000,1.02193,0.99508,0.00398,0.00086,0.00009
255.78000,1.02194,0.99506,0.00398,0.00087,0.00009
255.92000,1.02193,0.99496,0.00408,0.00088,0.00009
256.06000,1.02194,0.99505,0.00399,0.00087,0.00009
256.20001,1.02191,0.99519,0.00387,0.00085,0.00009
256.34000,1.02194,0.99505,0.00400,0.00086,0.00009
256.48001,1.02191,0.99494,0.00409,0.00088,0.00009
256.62000,1.02194,0.99502,0.00402,0.00087,0.00009
256.76001,1.02194,0.99500,0.00405,0.00087,0.00009
256.89999,1.02194,0.99490,0.00413,0.00088,0.00009
257.04001,1.02194,0.99473,0.00429,0.00090,0.00009
257.17999,1.02194,0.99473,0.00429,0.00090,0.00009
257.32001,1.02194,0.99489,0.00414,0.00088,0.00009
257.45999,1.02194,0.99489,0.00414,0.00088,0.00009
257.60001,1.02194,0.99489,0.00415,0.00088,0.00009
257.73999,1.02194,0.99497,0.00407,0.00087,0.00009
257.88000,1.02194,0.99510,0.00396,0.00086,0.00009
258.01999,1.02194,0.99518,0.00389,0.00084,0.00008
258.16000,1.02194,0.99529,0.00379,0.00083,0.00009
258.29999,1.02194,0.99514,0.00393,0.00085,0.00008
258.44000,1.02194,0.99514,0.00393,0.00084,0.00008
258.57999,1.02194,0.99519,0.00389,0.00084,0.00008
258.72000,1.02194,0.99523,0.00384,0.00084,0.00009
258.85999,1.02194,0.99518,0.00389,0.00085,0.00009
259.00000,1.02194,0.99507,0.00398,0.00086,0.00009
259.14001,1.02191,0.99508,0.00398,0.00086,0.00009
259.28000,1.02194,0.99508,0.00398,0.00085,0.00009
259.42001,1.02191,0.99500,0.00405,0.00086,0.00008
259.56000,1.02194,0.99515,0.00391,0.00085,0.00009
259.70001,1.02191,0.99523,0.00385,0.00084,0.00008
259.84000,1.02194,0.99514,0.00393,0.00085,0.00008
259.98001,1.02191,0.99520,0.00387,0.00084,0.00009
260.12000,1.02194,0.99517,0.00390,0.00084,0.00009
260.26001,1.02194,0.99510,0.00397,0.00085,0.00008
260.39999,1.02194,0.99513,0.00393,0.00085,0.00009
260.54001,1.02194,0.99511,0.00395,0.00086,0.00009
260.67999,1.02194,0.99500,0.00404,0.00087,0.00009
260.82001,1.02194,0.99483,0.00419,0.00089,0.00009
260.95999,1.02194,0.99475,0.00425,0.00090,0.00009
261.10001,1.02194,0.99499,0.00403,0.00088,0.00009
261.23999,1.02194,0.99488,0.00414,0.00089,0.00009
261.38000,1.02194,0.99495,0.00407,0.00088,0.00009
261.51999,1.02194,0.99492,0.00410,0.00089,0.00009
261.66000,1.02194,0.99495,0.00408,0.00089,0.00009
261.79999,1.02194,0.99493,0.00409,0.00089,0.00009
261.94000,1.02194,0.99496,0.00406,0.00089,0.00009
262.07999,1.02194,0.99497,0.00405,0.00089,0.00009
262.22000,1.02194,0.99511,0.00392,0.00087,0.00009
262.35999,1.02194,0.99507,0.00397,0.00087,0.00009
262.50000,1.02194,0.99519,0.00387,0.00086,0.00009
262.64001,1.02191,0.99510,0.00394,0.00087,0.00009
262.78000,1.02194,0.99510,0.00396,0.00086,0.00009
262.92001,1.02191,0.99507,0.00398,0.00086,0.00009
263.06000,1.02194,0.99510,0.00395,0.00086,0.00009
263.20001,1.02191,0.99502,0.00403,0.00087,0.00009
263.34000,1.02194,0.99530,0.00377,0.00084,0.00009
263.48001,1.02191,0.99514,0.00392,0.00085,0.00009
263.62000,1.02194,0.99500,0.00404,0.00087,0.00009
263.76001,1.02194,0.99492,0.00412,0.00088,0.00009
263.89999,1.02194,0.99495,0.00408,0.00088,0.00009
264.04001,1.02194,0.99503,0.00400,0.00088,0.00009
264.17999,1.02194,0.99511,0.00393,0.00087,0.00009
264.32001,1.02194,0.99499,0.00405,0.00088,0.00009
264.45999,1.02194,0.99502,0.00402,0.00087,0.00009
264.60001,1.02194,0.99496,0.00409,0.00087,0.00008
264.73999,1.02194,0.99521,0.00386,0.00084,0.00008
264.88000,1.02194,0.99524,0.00384,0.00084,0.00009
265.01999,1.02194,0.99524,0.00384,0.00084,0.00009
265.16000,1.02194,0.99511,0.00395,0.00085,0.00009
265.29999,1.02194,0.99498,0.00406,0.00087,0.00009
265.44000,1.02194,0.99486,0.00416,0.00089,0.00009
265.57999,1.02194,0.99481,0.00419,0.00091,0.00009
265.72000,1.02194,0.99464,0.00434,0.00093,0.00009
265.85999,1.02194,0.99461,0.00436,0.00094,0.00009
266.00000,1.02194,0.99465,0.00434,0.00093,0.00009
266.14001,1.02191,0.99518,0.00382,0.00092,0.00009
266.28000,1.02194,0.99420,0.00478,0.00093,0.00009
266.42001,1.02191,0.99446,0.00448,0.00096,0.00010
266.56000,1.02194,0.99478,0.00420,0.00093,0.00009
266.70001,1.02191,0.99482,0.00417,0.00092,0.00009
266.84000,1.02194,0.99516,0.00390,0.00085,0.00009
266.98001,1.02191,0.99457,0.00420,0.00111,0.00012
267.12000,1.02194,0.99605,0.00310,0.00075,0.00010
267.26001,1.02194,0.99524,0.00383,0.00084,0.00009
267.39999,1.02194,0.99532,0.00373,0.00085,0.00009
267.54001,1.02194,0.99569,0.00331,0.00090,0.00010
267.67999,1.02194,0.99421,0.00475,0.00093,0.00010
267.82001,1.02194,0.99413,0.00480,0.00097,0.00010
267.95999,1.02194,0.99406,0.00481,0.00103,0.00010
268.10001,1.02194,0.99398,0.00489,0.00103,0.00010
268.23999,1.02194,0.99418,0.00478,0.00095,0.00009
268.38000,1.02194,0.99408,0.00441,0.00134,0.00017
268.51999,1.02194,0.99584,0.00327,0.00078,0.00010
268.66000,1.02194,0.99522,0.00385,0.00084,0.00009
268.79999,1.02194,0.99510,0.00396,0.00085,0.00009
268.94000,1.02194,0.99506,0.00398,0.00087,0.00009
269.07999,1.02194,0.99393,0.00499,0.00099,0.00009
269.22000,1.02194,0.99389,0.00504,0.00097,0.00009
269.35999,1.02194,0.99412,0.00472,0.00106,0.00010
269.50000,1.02194,0.99381,0.00507,0.00102,0.00010
269.64001,1.02191,0.99327,0.00556,0.00107,0.00010
269.78000,1.02194,0.99374,0.00508,0.00108,0.00011
269.92001,1.02191,0.99505,0.00373,0.00106,0.00017
270.06000,1.02194,0.99449,0.00446,0.00095,0.00009
270.20001,1.02191,0.99364,0.00505,0.00119,0.00011
270.34000,1.02194,0.99529,0.00377,0.00084,0.00009
270.48001,1.02191,0.99498,0.00406,0.00088,0.00009
270.62000,1.02194,0.99479,0.00423,0.00089,0.00009
270.76001,1.02194,0.99488,0.00414,0.00089,0.00009
270.89999,1.02194,0.99486,0.00416,0.00090,0.00009
271.04001,1.02194,0.99468,0.00431,0.00092,0.00009
271.17999,1.02194,0.99470,0.00429,0.00092,0.00009
271.32001,1.02194,0.99481,0.00419,0.00091,0.00009
271.45999,1.02194,0.99497,0.00405,0.00089,0.00009
271.60001,1.02194,0.99483,0.00417,0.00091,0.00009
271.73999,1.02194,0.99500,0.00401,0.00090,0.00009
271.88000,1.02194,0.99496,0.00406,0.00089,0.00009
272.01999,1.02194,0.99506,0.00397,0.00088,0.00009
272.16000,1.02194,0.99497,0.00405,0.00089,0.00009
272.29999,1.02194,0.99499,0.00403,0.00089,0.00009
272.44000,1.02194,0.99485,0.00414,0.00092,0.00009
272.57999,1.02194,0.99522,0.00383,0.00086,0.00009
272.72000,1.02194,0.99506,0.00399,0.00087,0.00009
272.85999,1.02194,0.99505,0.00400,0.00087,0.00009
273.00000,1.02194,0.99507,0.00397,0.00087,0.00009
273.14001,1.02191,0.99488,0.00414,0.00089,0.00009
273.28000,1.02194,0.99516,0.00388,0.00087,0.00009
273.42001,1.02191,0.99497,0.00406,0.00088,0.00009
273.56000,1.02194,0.99490,0.00412,0.00089,0.00009
273.70001,1.02191,0.99508,0.00397,0.00087,0.00008
273.84000,1.02194,0.99519,0.00386,0.00086,0.00009
273.98001,1.02191,0.99531,0.00377,0.00083,0.00009
274.12000,1.02194,0.99522,0.00386,0.00084,0.00009
274.26001,1.02194,0.99513,0.00394,0.00085,0.00009
274.39999,1.02194,0.99468,0.00432,0.00091,0.00009
274.54001,1.02194,0.99519,0.00382,0.00089,0.00010
274.67999,1.02194,0.99477,0.00419,0.00094,0.00010
274.82001,1.02194,0.99431,0.00460,0.00099,0.00009
274.95999,1.02194,0.99420,0.00471,0.00100,0.00009
275.10001,1.02194,0.99416,0.00472,0.00102,0.00010
275.23999,1.02194,0.99580,0.00324,0.00083,0.00013
275.38000,1.02194,0.99472,0.00427,0.00092,0.00009
275.51999,1.02194,0.99542,0.00363,0.00084,0.00011
275.66000,1.02194,0.99473,0.00426,0.00092,0.00009
275.79999,1.02194,0.99458,0.00440,0.00093,0.00009
275.94000,1.02194,0.99448,0.00449,0.00094,0.00009
276.07999,1.02194,0.99448,0.00449,0.00095,0.00009
276.22000,1.02194,0.99439,0.00456,0.00096,0.00009
276.35999,1.02194,0.99445,0.00450,0.00095,0.00009
276.50000,1.02194,0.99447,0.00448,0.00096,0.00010
276.64001,1.02191,0.99452,0.00443,0.00095,0.00009
276.78000,1.02194,0.99447,0.00448,0.00095,0.00009
276.92001,1.02191,0.99446,0.00449,0.00096,0.00009
277.06000,1.02194,0.99422,0.00470,0.00098,0.00009
277.20001,1.02191,0.99426,0.00466,0.00099,0.00010
277.34000,1.02194,0.99414,0.00476,0.00100,0.00009
277.48001,1.02191,0.99436,0.00455,0.00099,0.00010
277.62000,1.02194,0.99416,0.00474,0.00101,0.00010
277.76001,1.02194,0.99407,0.00483,0.00101,0.00010
277.89999,1.02194,0.99406,0.00484,0.00101,0.00009
278.04001,1.02194,0.99419,0.00472,0.00100,0.00010
278.17999,1.02194,0.99402,0.00487,0.00102,0.00010
278.32001,1.02194,0.99400,0.00488,0.00103,0.00010
278.45999,1.02194,0.99413,0.00475,0.00102,0.00010
278.60001,1.02194,0.99388,0.00497,0.00105,0.00010
278.73999,1.02194,0.99389,0.00496,0.00105,0.00010
278.88000,1.02194,0.99362,0.00521,0.00108,0.00010
279.01999,1.02194,0.99383,0.00502,0.00106,0.00010
279.16000,1.02194,0.99425,0.00464,0.00101,0.00010
279.29999,1.02194,0.99408,0.00479,0.00103,0.00010
279.44000,1.02194,0.99370,0.00514,0.00106,0.00010
279.57999,1.02194,0.99351,0.00529,0.00109,0.00010
279.72000,1.02194,0.99358,0.00522,0.00109,0.00010
279.85999,1.02194,0.99363,0.00519,0.00108,0.00010
280.00000,1.02194,0.99369,0.00513,0.00108,0.00010
280.14001,1.02191,0.99343,0.00536,0.00111,0.00010
280.28000,1.02194,0.99352,0.00529,0.00109,0.00010
280.42001,1.02191,0.99367,0.00514,0.00108,0.00010
280.56000,1.02194,0.99364,0.00517,0.00109,0.00010
280.70001,1.02191,0.99380,0.00502,0.00108,0.00010
280.84000,1.02194,0.99381,0.00502,0.00106,0.00010
280.98001,1.02191,0.99351,0.00530,0.00109,0.00010
281.12000,1.02194,0.99384,0.00499,0.00107,0.00010
281.26001,1.02194,0.99442,0.00447,0.00100,0.00011
281.39999,1.02194,0.99407,0.00482,0.00101,0.00010
281.54001,1.02194,0.99412,0.00477,0.00102,0.00010
281.67999,1.02194,0.99424,0.00467,0.00100,0.00009
281.82001,1.02194,0.99405,0.00484,0.00101,0.00009
281.95999,1.02194,0.99443,0.00448,0.00098,0.00010
282.10001,1.02194,0.99411,0.00479,0.00101,0.00009
282.23999,1.02194,0.99416,0.00475,0.00100,0.00009
282.38000,1.02194,0.99438,0.00455,0.00097,0.00009
282.51999,1.02194,0.99440,0.00450,0.00100,0.00010
282.66000,1.02194,0.99468,0.00429,0.00093,0.00010
282.79999,1.02194,0.99459,0.00439,0.00094,0.00009
282.94000,1.02194,0.99464,0.00434,0.00093,0.00009
283.07999,1.02194,0.99456,0.00442,0.00093,0.00009
283.22000,1.02194,0.99450,0.00448,0.00093,0.00009
283.35999,1.02194,0.99452,0.00446,0.00093,0.00009
283.50000,1.02194,0.99468,0.00431,0.00092,0.00009
283.64001,1.02191,0.99486,0.00415,0.00090,0.00009
283.78000,1.02194,0.99493,0.00410,0.00089,0.00009
283.92001,1.02191,0.99491,0.00412,0.00088,0.00009
284.06000,1.02194,0.99498,0.00407,0.00087,0.00008
284.20001,1.02191,0.99510,0.00397,0.00085,0.00008
284.34000,1.02194,0.99525,0.00383,0.00083,0.00008
284.48001,1.02191,0.99517,0.00390,0.00084,0.00009
284.62000,1.02194,0.99517,0.00390,0.00084,0.00009
284.76001,1.02194,0.99519,0.00388,0.00084,0.00009
284.89999,1.02194,0.99500,0.00405,0.00087,0.00009
285.04001,1.02194,0.99491,0.00413,0.00087,0.00009
285.17999,1.02194,0.99493,0.00411,0.00087,0.00009
285.32001,1.02194,0.99491,0.00413,0.00088,0.00009
285.45999,1.02194,0.99498,0.00406,0.00087,0.00009
285.60001,1.02194,0.99489,0.00414,0.00088,0.00009
285.73999,1.02194,0.99490,0.00414,0.00088,0.00009
285.88000,1.02194,0.99485,0.00418,0.00088,0.00009
286.01999,1.02194,0.99486,0.00417,0.00088,0.00009
286.16000,1.02194,0.99484,0.00419,0.00089,0.00009
286.29999,1.02194,0.99499,0.00405,0.00088,0.00009
286.44000,1.02194,0.99485,0.00418,0.00089,0.00009
286.57999,1.02194,0.99475,0.00426,0.00090,0.00009
286.72000,1.02194,0.99469,0.00431,0.00091,0.00009
286.85999,1.02194,0.99476,0.00424,0.00091,0.00009
287.00000,1.02194,0.99478,0.00423,0.00090,0.00009
287.14001,1.02191,0.99471,0.00428,0.00092,0.00009
287.28000,1.02194,0.99467,0.00432,0.00092,0.00009
287.42001,1.02191,0.99466,0.00434,0.00091,0.00009
287.56000,1.02194,0.99467,0.00433,0.00091,0.00009
287.70001,1.02191,0.99467,0.00433,0.00091,0.00009
287.84000,1.02194,0.99467,0.00432,0.00091,0.00009
287.98001,1.02191,0.99460,0.00439,0.00092,0.00009
288.12000,1.02194,0.99467,0.00431,0.00092,0.00009
288.26001,1.02194,0.99468,0.00432,0.00092,0.00009
288.39999,1.02194,0.99476,0.00425,0.00091,0.00009
288.54001,1.02194,0.99470,0.00430,0.00091,0.00009
288.67999,1.02194,0.99473,0.00429,0.00090,0.00009
288.82001,1.02194,0.99472,0.00429,0.00090,0.00009
288.95999,1.02194,0.99465,0.00435,0.00091,0.00009
289.10001,1.02194,0.99479,0.00422,0.00090,0.00009
289.23999,1.02194,0.99482,0.00420,0.00090,0.00009
289.38000,1.02194,0.99482,0.00420,0.00089,0.00009
289.51999,1.02194,0.99480,0.00422,0.00089,0.00009
289.66000,1.02194,0.99485,0.00419,0.00088,0.00008
289.79999,1.02194,0.99504,0.00402,0.00086,0.00008
289.94000,1.02194,0.99517,0.00390,0.00084,0.00009
290.07999,1.02194,0.99502,0.00403,0.00086,0.00009
290.22000,1.02194,0.99505,0.00400,0.00086,0.00009
290.35999,1.02194,0.99500,0.00405,0.00087,0.00009
290.50000,1.02194,0.99499,0.00406,0.00087,0.00009
290.64001,1.02191,0.99479,0.00423,0.00089,0.00009
290.78000,1.02194,0.99489,0.00415,0.00088,0.00009
290.92001,1.02191,0.99488,0.00416,0.00088,0.00009
291.06000,1.02194,0.99492,0.00412,0.00087,0.00009
291.20001,1.02191,0.99507,0.00399,0.00086,0.00009
291.34000,1.02194,0.99505,0.00400,0.00086,0.00009
291.48001,1.02191,0.99509,0.00397,0.00085,0.00008
291.62000,1.02194,0.99523,0.00385,0.00084,0.00009
291.76001,1.02194,0.99497,0.00408,0.00086,0.00008
291.89999,1.02194,0.99500,0.00406,0.00086,0.00008
292.04001,1.02194,0.99507,0.00398,0.00086,0.00009
292.17999,1.02194,0.99511,0.00394,0.00086,0.00009
292.32001,1.02194,0.99496,0.00408,0.00087,0.00009
292.45999,1.02194,0.99502,0.00403,0.00086,0.00009
292.60001,1.02194,0.99492,0.00412,0.00087,0.00009
292.73999,1.02194,0.99485,0.00418,0.00088,0.00009
292.88000,1.02194,0.99504,0.00401,0.00087,0.00009
293.01999,1.02194,0.99488,0.00416,0.00088,0.00009
293.16000,1.02194,0.99486,0.00417,0.00089,0.00009
293.29999,1.02194,0.99492,0.00411,0.00089,0.00009
293.44000,1.02194,0.99472,0.00429,0.00090,0.00009
293.57999,1.02194,0.99480,0.00422,0.00090,0.00009
293.72000,1.02194,0.99488,0.00414,0.00089,0.00009
293.85999,1.02194,0.99466,0.00434,0.00092,0.00009
294.00000,1.02194,0.99474,0.00426,0.00091,0.00009
294.14001,1.02191,0.99476,0.00425,0.00091,0.00009
294.28000,1.02194,0.99461,0.00438,0.00092,0.00009
294.42001,1.02191,0.99460,0.00438,0.00093,0.00009
294.56000,1.02194,0.99445,0.00451,0.00095,0.00009
294.70001,1.02191,0.99450,0.00446,0.00095,0.00009
294.84000,1.02194,0.99439,0.00455,0.00096,0.00009
294.98001,1.02191,0.99443,0.00452,0.00096,0.00009
295.12000,1.02194,0.99440,0.00454,0.00096,0.00009
295.26001,1.02194,0.99437,0.00457,0.00096,0.00009
295.39999,1.02194,0.99444,0.00451,0.00096,0.00009
295.54001,1.02194,0.99459,0.00437,0.00094,0.00009
295.67999,1.02194,0.99452,0.00443,0.00095,0.00009
295.82001,1.02194,0.99440,0.00454,0.00096,0.00009
295.95999,1.02194,0.99436,0.00456,0.00098,0.00010
296.10001,1.02194,0.99422,0.00470,0.00099,0.00009
296.23999,1.02194,0.99435,0.00458,0.00098,0.00010
296.38000,1.02194,0.99400,0.00489,0.00102,0.00009
296.51999,1.02194,0.99403,0.00486,0.00101,0.00009
296.66000,1.02194,0.99418,0.00473,0.00099,0.00009
296.79999,1.02194,0.99423,0.00468,0.00099,0.00009
296.94000,1.02194,0.99431,0.00462,0.00098,0.00009
297.07999,1.02194,0.99410,0.00482,0.00099,0.00009
297.22000,1.02194,0.99425,0.00468,0.00097,0.00009
297.35999,1.02194,0.99437,0.00458,0.00096,0.00009
297.50000,1.02194,0.99453,0.00443,0.00095,0.00009
297.64001,1.02191,0.99439,0.00456,0.00095,0.00009
297.78000,1.02194,0.99446,0.00450,0.00095,0.00009
297.92001,1.02191,0.99449,0.00448,0.00094,0.00009
298.06000,1.02194,0.99461,0.00437,0.00093,0.00009
298.20001,1.02191,0.99479,0.00421,0.00091,0.00009
298.34000,1.02194,0.99467,0.00431,0.00092,0.00009
298.48001,1.02191,0.99447,0.00450,0.00094,0.00009
298.62000,1.02194,0.99468,0.00431,0.00092,0.00009
298.76001,1.02194,0.99465,0.00434,0.00092,0.00009
298.89999,1.02194,0.99466,0.00433,0.00092,0.00009
299.04001,1.02194,0.99468,0.00431,0.00091,0.00009
299.17999,1.02194,0.99460,0.00439,0.00092,0.00009
299.32001,1.02194,0.99470,0.00430,0.00091,0.00009
299.45999,1.02194,0.99489,0.00413,0.00089,0.00009
299.60001,1.02194,0.99491,0.00412,0.00088,0.00009
299.73999,1.02194,0.99482,0.00420,0.00089,0.00009
299.88000,1.02194,0.99490,0.00413,0.00088,0.00009
300.01999,1.02194,0.99479,0.00423,0.00089,0.00009
300.16000,1.02194,0.99491,0.00412,0.00088,0.00009
300.29999,1.02194,0.99481,0.00421,0.00089,0.00009
300.44000,1.02194,0.99477,0.00424,0.00090,0.00009
300.57999,1.02194,0.99489,0.00414,0.00089,0.00009
300.72000,1.02194,0.99482,0.00420,0.00089,0.00009
300.85999,1.02194,0.99500,0.00405,0.00086,0.00009
301.00000,1.02194,0.99490,0.00414,0.00087,0.00009
301.14001,1.02191,0.99500,0.00405,0.00086,0.00009
301.28000,1.02194,0.99501,0.00403,0.00087,0.00009
301.42001,1.02191,0.99496,0.00408,0.00088,0.00009
301.56000,1.02194,0.99492,0.00411,0.00088,0.00009
301.70001,1.02191,0.99478,0.00424,0.00089,0.00009
301.84000,1.02194,0.99469,0.00432,0.00090,0.00009
301.98001,1.02191,0.99480,0.00422,0.00089,0.00009
302.12000,1.02194,0.99469,0.00432,0.00090,0.00009
302.26001,1.02194,0.99469,0.00432,0.00090,0.00009
302.39999,1.02194,0.99474,0.00427,0.00090,0.00009
302.54001,1.02194,0.99475,0.00427,0.00090,0.00009
302.67999,1.02194,0.99462,0.00438,0.00091,0.00009
302.82001,1.02194,0.99489,0.00414,0.00088,0.00009
302.95999,1.02194,0.99477,0.00426,0.00089,0.00009
303.10001,1.02194,0.99483,0.00420,0.00088,0.00009
303.23999,1.02194,0.99495,0.00408,0.00087,0.00009
303.38000,1.02194,0.99489,0.00415,0.00088,0.00009
303.51999,1.02194,0.99494,0.00411,0.00087,0.00009
303.66000,1.02194,0.99496,0.00409,0.00087,0.00008
303.79999,1.02194,0.99502,0.00403,0.00086,0.00009
303.94000,1.02194,0.99499,0.00406,0.00086,0.00009
304.07999,1.02194,0.99506,0.00400,0.00085,0.00009
304.22000,1.02194,0.99499,0.00406,0.00086,0.00009
304.35999,1.02194,0.99504,0.00402,0.00086,0.00009
304.50000,1.02194,0.99507,0.00399,0.00086,0.00009
304.64001,1.02191,0.99509,0.00396,0.00086,0.00009
304.78000,1.02194,0.99506,0.00399,0.00086,0.00009
304.92001,1.02191,0.99517,0.00390,0.00085,0.00009
305.06000,1.02194,0.99514,0.00393,0.00085,0.00008
305.20001,1.02191,0.99504,0.00402,0.00085,0.00008
305.34000,1.02194,0.99522,0.00386,0.00083,0.00008
305.48001,1.02191,0.99521,0.00388,0.00083,0.00008
305.62000,1.02194,0.99528,0.00381,0.00083,0.00008
305.76001,1.02194,0.99519,0.00389,0.00084,0.00009
305.89999,1.02194,0.99502,0.00404,0.00086,0.00009
306.04001,1.02194,0.99495,0.00409,0.00087,0.00009
306.17999,1.02194,0.99490,0.00414,0.00088,0.00009
306.32001,1.02194,0.99479,0.00422,0.00090,0.00009
306.45999,1.02194,0.99490,0.00413,0.00088,0.00009
306.60001,1.02194,0.99487,0.00416,0.00088,0.00009
306.73999,1.02194,0.99490,0.00414,0.00088,0.00009
306.88000,1.02194,0.99500,0.00405,0.00086,0.00009
307.01999,1.02194,0.99496,0.00410,0.00086,0.00008
307.16000,1.02194,0.99504,0.00401,0.00086,0.00009
307.29999,1.02194,0.99488,0.00415,0.00088,0.00009
307.44000,1.02194,0.99489,0.00414,0.00088,0.00009
307.57999,1.02194,0.99496,0.00408,0.00087,0.00009
307.72000,1.02194,0.99496,0.00407,0.00088,0.00009
307.85999,1.02194,0.99490,0.00413,0.00088,0.00009
308.00000,1.02194,0.99474,0.00427,0.00090,0.00009
308.14001,1.02191,0.99486,0.00416,0.00090,0.00009
308.28000,1.02194,0.99460,0.00439,0.00092,0.00009
308.42001,1.02191,0.99452,0.00445,0.00094,0.00009
308.56000,1.02194,0.99430,0.00463,0.00098,0.00009
308.70001,1.02191,0.99444,0.00450,0.00097,0.00010
308.84000,1.02194,0.99404,0.00486,0.00100,0.00009
308.98001,1.02191,0.99413,0.00478,0.00100,0.00010
309.12000,1.02194,0.99407,0.00483,0.00101,0.00009
309.26001,1.02194,0.99426,0.00466,0.00099,0.00009
309.39999,1.02194,0.99429,0.00464,0.00098,0.00009
309.54001,1.02194,0.99422,0.00470,0.00098,0.00009
309.67999,1.02194,0.99411,0.00479,0.00100,0.00009
309.82001,1.02194,0.99408,0.00482,0.00100,0.00009
309.95999,1.02194,0.99417,0.00475,0.00099,0.00009
310.10001,1.02194,0.99433,0.00460,0.00098,0.00010
310.23999,1.02194,0.99418,0.00474,0.00099,0.00009
310.38000,1.02194,0.99406,0.00485,0.00100,0.00009
310.51999,1.02194,0.99408,0.00482,0.00101,0.00009
310.66000,1.02194,0.99428,0.00465,0.00098,0.00009
310.79999,1.02194,0.99438,0.00457,0.00096,0.00009
310.94000,1.02194,0.99451,0.00445,0.00095,0.00009
311.07999,1.02194,0.99451,0.00446,0.00095,0.00009
311.22000,1.02194,0.99459,0.00439,0.00093,0.00009
311.35999,1.02194,0.99491,0.00410,0.00090,0.00009
311.50000,1.02194,0.99496,0.00406,0.00089,0.00009
311.64001,1.02191,0.99491,0.00411,0.00089,0.00009
311.78000,1.02194,0.99484,0.00417,0.00089,0.00009
311.92001,1.02191,0.99502,0.00402,0.00087,0.00009
312.06000,1.02194,0.99511,0.00394,0.00086,0.00009
312.20001,1.02191,0.99500,0.00404,0.00087,0.00009
312.34000,1.02194,0.99506,0.00399,0.00086,0.00009
312.48001,1.02191,0.99502,0.00403,0.00086,0.00009
312.62000,1.02194,0.99513,0.00393,0.00085,0.00009
312.76001,1.02194,0.99516,0.00390,0.00085,0.00009
312.89999,1.02194,0.99511,0.00395,0.00085,0.00009
313.04001,1.02194,0.99512,0.00394,0.00085,0.00009
313.17999,1.02194,0.99513,0.00394,0.00085,0.00009
313.32001,1.02194,0.99505,0.00400,0.00086,0.00009
313.45999,1.02194,0.99485,0.00419,0.00088,0.00009
313.60001,1.02194,0.99497,0.00407,0.00088,0.00009
313.73999,1.02194,0.99489,0.00414,0.00088,0.00009
313.88000,1.02194,0.99484,0.00418,0.00089,0.00009
314.01999,1.02194,0.99467,0.00432,0.00092,0.00009
314.16000,1.02194,0.99460,0.00439,0.00092,0.00009
314.29999,1.02194,0.99449,0.00448,0.00093,0.00009
314.44000,1.02194,0.99436,0.00458,0.00096,0.00009
314.57999,1.02194,0.99426,0.00465,0.00099,0.00009
314.72000,1.02194,0.99408,0.00482,0.00101,0.00009
314.85999,1.02194,0.99419,0.00472,0.00099,0.00009
315.00000,1.02194,0.99404,0.00483,0.00104,0.00010
315.14001,1.02191,0.99372,0.00512,0.00106,0.00010
315.28000,1.02194,0.99405,0.00481,0.00103,0.00010
315.42001,1.02191,0.99405,0.00483,0.00103,0.00010
315.56000,1.02194,0.99400,0.00486,0.00104,0.00010
315.70001,1.02191,0.99364,0.00518,0.00108,0.00010
315.84000,1.02194,0.99349,0.00527,0.00114,0.00010
315.98001,1.02191,0.99435,0.00455,0.00099,0.00010
316.12000,1.02194,0.99407,0.00481,0.00102,0.00010
316.26001,1.02194,0.99376,0.00510,0.00105,0.00009
316.39999,1.02194,0.99398,0.00489,0.00104,0.00010
316.54001,1.02194,0.99395,0.00488,0.00107,0.00011
316.67999,1.02194,0.99405,0.00481,0.00103,0.00010
316.82001,1.02194,0.99376,0.00506,0.00109,0.00010
316.95999,1.02194,0.99298,0.00577,0.00114,0.00010
317.10001,1.02194,0.99296,0.00576,0.00118,0.00010
317.23999,1.02194,0.99307,0.00566,0.00117,0.00010
317.38000,1.02194,0.99301,0.00572,0.00116,0.00010
317.51999,1.02194,0.99332,0.00545,0.00112,0.00010
317.66000,1.02194,0.99276,0.00588,0.00125,0.00011
317.79999,1.02194,0.99380,0.00502,0.00107,0.00011
317.94000,1.02194,0.99377,0.00506,0.00107,0.00010
318.07999,1.02194,0.99372,0.00511,0.00107,0.00010
318.22000,1.02194,0.99379,0.00505,0.00106,0.00010
318.35999,1.02194,0.99353,0.00528,0.00109,0.00010
318.50000,1.02194,0.99357,0.00525,0.00108,0.00010
318.64001,1.02191,0.99355,0.00527,0.00109,0.00010
318.78000,1.02194,0.99370,0.00513,0.00107,0.00010
318.92001,1.02191,0.99359,0.00523,0.00108,0.00010
319.06000,1.02194,0.99378,0.00507,0.00106,0.00010
319.20001,1.02191,0.99374,0.00511,0.00105,0.00010
319.34000,1.02194,0.99371,0.00514,0.00105,0.00010
319.48001,1.02191,0.99375,0.00510,0.00105,0.00010
319.62000,1.02194,0.99399,0.00488,0.00103,0.00010
319.76001,1.02194,0.99401,0.00486,0.00103,0.00010
319.89999,1.02194,0.99395,0.00493,0.00103,0.00010
320.04001,1.02194,0.99392,0.00495,0.00103,0.00010
320.17999,1.02194,0.99408,0.00481,0.00101,0.00010
320.32001,1.02194,0.99406,0.00484,0.00101,0.00009
320.45999,1.02194,0.99421,0.00469,0.00100,0.00010
320.60001,1.02194,0.99405,0.00484,0.00102,0.00009
320.73999,1.02194,0.99407,0.00483,0.00100,0.00009
320.88000,1.02194,0.99422,0.00470,0.00099,0.00009
321.01999,1.02194,0.99504,0.00391,0.00095,0.00009
321.16000,1.02194,0.99471,0.00429,0.00091,0.00009
321.29999,1.02194,0.99465,0.00435,0.00091,0.00009
321.44000,1.02194,0.99463,0.00436,0.00092,0.00009
321.57999,1.02194,0.99465,0.00436,0.00091,0.00009
321.72000,1.02194,0.99491,0.00411,0.00089,0.00009
321.85999,1.02194,0.99646,0.00253,0.00081,0.00019
322.00000,1.02194,0.99505,0.00397,0.00088,0.00010
322.14001,1.02191,0.99478,0.00423,0.00090,0.00009
322.28000,1.02194,0.99488,0.00414,0.00089,0.00009
322.42001,1.02191,0.99488,0.00414,0.00089,0.00009
322.56000,1.02194,0.99473,0.00427,0.00092,0.00009
322.70001,1.02191,0.99479,0.00421,0.00092,0.00009
322.84000,1.02194,0.99466,0.00433,0.00092,0.00009
322.98001,1.02191,0.99475,0.00425,0.00092,0.00009
323.12000,1.02194,0.99486,0.00415,0.00091,0.00009
323.26001,1.02194,0.99458,0.00439,0.00094,0.00009
323.39999,1.02194,0.99511,0.00390,0.00089,0.00010
323.54001,1.02194,0.99505,0.00398,0.00088,0.00009
323.67999,1.02194,0.99477,0.00423,0.00091,0.00009
323.82001,1.02194,0.99556,0.00347,0.00088,0.00009
323.95999,1.02194,0.99525,0.00378,0.00087,0.00009
324.10001,1.02194,0.99470,0.00428,0.00093,0.00009
324.23999,1.02194,0.99517,0.00380,0.00092,0.00011
324.38000,1.02194,0.99561,0.00348,0.00081,0.00010
324.51999,1.02194,0.99507,0.00398,0.00086,0.00009
324.66000,1.02194,0.99486,0.00403,0.00101,0.00011
324.79999,1.02194,0.99594,0.00318,0.00077,0.00011
324.94000,1.02194,0.99504,0.00400,0.00087,0.00009
325.07999,1.02194,0.99504,0.00400,0.00088,0.00009
325.22000,1.02194,0.99528,0.00378,0.00085,0.00009
325.35999,1.02194,0.99509,0.00395,0.00087,0.00009
325.50000,1.02194,0.99494,0.00410,0.00088,0.00009
325.64001,1.02191,0.99495,0.00409,0.00087,0.00008
325.78000,1.02194,0.99516,0.00390,0.00085,0.00009
325.92001,1.02191,0.99519,0.00388,0.00085,0.00009
326.06000,1.02194,0.99576,0.00335,0.00079,0.00010
326.20001,1.02191,0.99504,0.00401,0.00086,0.00009
326.34000,1.02194,0.99500,0.00405,0.00087,0.00009
326.48001,1.02191,0.99486,0.00417,0.00089,0.00009
326.62000,1.02194,0.99494,0.00408,0.00089,0.00009
326.76001,1.02194,0.99493,0.00409,0.00089,0.00009
326.89999,1.02194,0.99473,0.00426,0.00092,0.00009
327.04001,1.02194,0.99467,0.00432,0.00092,0.00009
327.17999,1.02194,0.99475,0.00424,0.00091,0.00009
327.32001,1.02194,0.99476,0.00424,0.00091,0.00009
327.45999,1.02194,0.99472,0.00426,0.00093,0.00009
327.60001,1.02194,0.99465,0.00434,0.00093,0.00009
327.73999,1.02194,0.99455,0.00441,0.00095,0.00009
327.88000,1.02194,0.99434,0.00460,0.00096,0.00009
328.01999,1.02194,0.99436,0.00458,0.00097,0.00009
328.16000,1.02194,0.99437,0.00457,0.00097,0.00009
328.29999,1.02194,0.99430,0.00462,0.00098,0.00009
328.44000,1.02194,0.99419,0.00472,0.00099,0.00009
328.57999,1.02194,0.99419,0.00472,0.00099,0.00009
328.72000,1.02194,0.99401,0.00490,0.00100,0.00009
328.85999,1.02194,0.99413,0.00478,0.00100,0.00009
329.00000,1.02194,0.99411,0.00479,0.00100,0.00010
329.14001,1.02191,0.99402,0.00487,0.00102,0.00010
329.28000,1.02194,0.99450,0.00439,0.00102,0.00010
329.42001,1.02191,0.99424,0.00467,0.00100,0.00010
329.56000,1.02194,0.99414,0.00476,0.00101,0.00009
329.70001,1.02191,0.99406,0.00484,0.00101,0.00010
329.84000,1.02194,0.99411,0.00478,0.00101,0.00010
329.98001,1.02191,0.99429,0.00463,0.00099,0.00009
330.12000,1.02194,0.99457,0.00421,0.00109,0.00013
330.26001,1.02194,0.99466,0.00430,0.00095,0.00010
330.39999,1.02194,0.99434,0.00459,0.00098,0.00009
330.54001,1.02194,0.99415,0.00477,0.00099,0.00009
330.67999,1.02194,0.99430,0.00463,0.00098,0.00009
330.82001,1.02194,0.99445,0.00449,0.00097,0.00009
330.95999,1.02194,0.99475,0.00422,0.00093,0.00010
331.10001,1.02194,0.99462,0.00434,0.00094,0.00009
331.23999,1.02194,0.99467,0.00431,0.00093,0.00009
331.38000,1.02194,0.99468,0.00431,0.00093,0.00009
331.51999,1.02194,0.99458,0.00441,0.00092,0.00009
331.66000,1.02194,0.99472,0.00428,0.00091,0.00009
331.79999,1.02194,0.99468,0.00432,0.00091,0.00009
331.94000,1.02194,0.99499,0.00402,0.00089,0.00009
332.07999,1.02194,0.99490,0.00411,0.00090,0.00009
332.22000,1.02194,0.99486,0.00416,0.00089,0.00009
332.35999,1.02194,0.99477,0.00425,0.00090,0.00009
332.50000,1.02194,0.99484,0.00418,0.00089,0.00009
332.64001,1.02191,0.99469,0.00433,0.00090,0.00009
332.78000,1.02194,0.99484,0.00418,0.00089,0.00009
332.92001,1.02191,0.99486,0.00415,0.00090,0.00009
333.06000,1.02194,0.99478,0.00423,0.00091,0.00009
333.20001,1.02191,0.99485,0.00415,0.00090,0.00009
333.34000,1.02194,0.99488,0.00414,0.00090,0.00009
333.48001,1.02191,0.99481,0.00420,0.00090,0.00009
333.62000,1.02194,0.99492,0.00411,0.00088,0.00009
333.76001,1.02194,0.99514,0.00391,0.00086,0.00009
333.89999,1.02194,0.99520,0.00386,0.00085,0.00009
334.04001,1.02194,0.99504,0.00401,0.00087,0.00009
334.17999,1.02194,0.99497,0.00406,0.00087,0.00009
334.32001,1.02194,0.99496,0.00407,0.00088,0.00009
334.45999,1.02194,0.99502,0.00402,0.00087,0.00009
334.60001,1.02194,0.99517,0.00389,0.00086,0.00009
334.73999,1.02194,0.99515,0.00391,0.00085,0.00009
334.88000,1.02194,0.99498,0.00406,0.00087,0.00009
335.01999,1.02194,0.99495,0.00409,0.00088,0.00009
335.16000,1.02194,0.99500,0.00405,0.00087,0.00009
335.29999,1.02194,0.99505,0.00398,0.00088,0.00009
335.44000,1.02194,0.99495,0.00408,0.00088,0.00009
335.57999,1.02194,0.99469,0.00430,0.00092,0.00009
335.72000,1.02194,0.99467,0.00431,0.00093,0.00009
335.85999,1.02194,0.99466,0.00432,0.00093,0.00009
336.00000,1.02194,0.99474,0.00426,0.00091,0.00009
336.14001,1.02191,0.99473,0.00427,0.00091,0.00009
336.28000,1.02194,0.99482,0.00418,0.00091,0.00009
336.42001,1.02191,0.99490,0.00410,0.00091,0.00009
336.56000,1.02194,0.99499,0.00404,0.00088,0.00009
336.70001,1.02191,0.99497,0.00406,0.00088,0.00009
336.84000,1.02194,0.99500,0.00403,0.00088,0.00009
336.98001,1.02191,0.99493,0.00410,0.00089,0.00009
337.12000,1.02194,0.99483,0.00419,0.00089,0.00009
337.26001,1.02194,0.99481,0.00419,0.00091,0.00009
337.39999,1.02194,0.99474,0.00426,0.00091,0.00009
337.54001,1.02194,0.99473,0.00427,0.00091,0.00009
337.67999,1.02194,0.99526,0.00373,0.00091,0.00009
337.82001,1.02194,0.99492,0.00411,0.00088,0.00009
337.95999,1.02194,0.99471,0.00430,0.00091,0.00009
338.10001,1.02194,0.99448,0.00449,0.00093,0.00009
338.23999,1.02194,0.99458,0.00439,0.00094,0.00009
338.38000,1.02194,0.99466,0.00431,0.00094,0.00010
338.51999,1.02194,0.99520,0.00359,0.00106,0.00016
338.66000,1.02194,0.99495,0.00403,0.00091,0.00010
338.79999,1.02194,0.99406,0.00483,0.00102,0.00010
338.94000,1.02194,0.99418,0.00474,0.00099,0.00009
339.07999,1.02194,0.99446,0.00447,0.00097,0.00010
339.22000,1.02194,0.99440,0.00453,0.00098,0.00010
339.35999,1.02194,0.99435,0.00456,0.00099,0.00010
339.50000,1.02194,0.99427,0.00463,0.00100,0.00010
339.64001,1.02191,0.99443,0.00447,0.00100,0.00011
339.78000,1.02194,0.99451,0.00443,0.00096,0.00010
339.92001,1.02191,0.99430,0.00462,0.00098,0.00009
340.06000,1.02194,0.99437,0.00457,0.00097,0.00009
340.20001,1.02191,0.99458,0.00438,0.00095,0.00009
340.34000,1.02194,0.99442,0.00452,0.00096,0.00009
340.48001,1.02191,0.99452,0.00443,0.00095,0.00009
340.62000,1.02194,0.99441,0.00455,0.00096,0.00009
340.76001,1.02194,0.99439,0.00456,0.00097,0.00009
340.89999,1.02194,0.99451,0.00444,0.00096,0.00009
341.04001,1.02194,0.99441,0.00453,0.00097,0.00009
341.17999,1.02194,0.99447,0.00447,0.00096,0.00009
341.32001,1.02194,0.99442,0.00452,0.00096,0.00009
341.45999,1.02194,0.99425,0.00468,0.00097,0.00009
341.60001,1.02194,0.99424,0.00469,0.00098,0.00009
341.73999,1.02194,0.99451,0.00444,0.00095,0.00009
341.88000,1.02194,0.99440,0.00454,0.00097,0.00009
342.01999,1.02194,0.99437,0.00457,0.00097,0.00009
342.16000,1.02194,0.99431,0.00461,0.00098,0.00010
342.29999,1.02194,0.99414,0.00477,0.00100,0.00009
342.44000,1.02194,0.99421,0.00472,0.00098,0.00009
342.57999,1.02194,0.99438,0.00456,0.00096,0.00009
342.72000,1.02194,0.99421,0.00472,0.00098,0.00009
342.85999,1.02194,0.99444,0.00452,0.00095,0.00009
343.00000,1.02194,0.99436,0.00459,0.00096,0.00009
343.14001,1.02191,0.99451,0.00445,0.00094,0.00009
343.28000,1.02194,0.99449,0.00447,0.00094,0.00009
343.42001,1.02191,0.99455,0.00443,0.00093,0.00009
343.56000,1.02194,0.99468,0.00431,0.00092,0.00009
343.70001,1.02191,0.99471,0.00429,0.00091,0.00009
343.84000,1.02194,0.99457,0.00443,0.00092,0.00009
343.98001,1.02191,0.99498,0.00405,0.00088,0.00009
344.12000,1.02194,0.99493,0.00409,0.00089,0.00009
344.26001,1.02194,0.99476,0.00425,0.00090,0.00009
344.39999,1.02194,0.99494,0.00409,0.00088,0.00009
344.54001,1.02194,0.99491,0.00411,0.00089,0.00009
344.67999,1.02194,0.99475,0.00426,0.00090,0.00009
344.82001,1.02194,0.99491,0.00411,0.00089,0.00009
344.95999,1.02194,0.99474,0.00426,0.00091,0.00009
345.10001,1.02194,0.99464,0.00435,0.00092,0.00009
345.23999,1.02194,0.99459,0.00439,0.00093,0.00009
345.38000,1.02194,0.99460,0.00437,0.00094,0.00009
345.51999,1.02194,0.99466,0.00431,0.00093,0.00009
345.66000,1.02194,0.99441,0.00454,0.00096,0.00009
345.79999,1.02194,0.99451,0.00446,0.00094,0.00009
345.94000,1.02194,0.99443,0.00453,0.00095,0.00009
346.07999,1.02194,0.99446,0.00450,0.00095,0.00009
346.22000,1.02194,0.99457,0.00440,0.00094,0.00009
346.35999,1.02194,0.99451,0.00444,0.00095,0.00009
346.50000,1.02194,0.99434,0.00459,0.00097,0.00009
346.64001,1.02191,0.99431,0.00462,0.00098,0.00009
346.78000,1.02194,0.99432,0.00461,0.00098,0.00009
346.92001,1.02191,0.99410,0.00480,0.00100,0.00009
347.06000,1.02194,0.99386,0.00502,0.00103,0.00009
347.20001,1.02191,0.99384,0.00503,0.00104,0.00010
347.34000,1.02194,0.99356,0.00528,0.00107,0.00010
347.48001,1.02191,0.99363,0.00520,0.00107,0.00010
347.62000,1.02194,0.99348,0.00533,0.00109,0.00010
347.76001,1.02194,0.99353,0.00528,0.00109,0.00010
347.89999,1.02194,0.99337,0.00544,0.00110,0.00010
348.04001,1.02194,0.99355,0.00528,0.00108,0.00010
348.17999,1.02194,0.99346,0.00536,0.00109,0.00010
348.32001,1.02194,0.99361,0.00523,0.00107,0.00010
348.45999,1.02194,0.99363,0.00521,0.00107,0.00010
348.60001,1.02194,0.99390,0.00496,0.00104,0.00010
348.73999,1.02194,0.99378,0.00508,0.00105,0.00010
348.88000,1.02194,0.99389,0.00498,0.00103,0.00009
349.01999,1.02194,0.99411,0.00479,0.00101,0.00009
349.16000,1.02194,0.99431,0.00462,0.00098,0.00009
349.29999,1.02194,0.99444,0.00451,0.00096,0.00009
349.44000,1.02194,0.99452,0.00444,0.00095,0.00009
349.57999,1.02194,0.99451,0.00445,0.00094,0.00009
349.72000,1.02194,0.99462,0.00435,0.00094,0.00009
349.85999,1.02194,0.99456,0.00441,0.00094,0.00009
350.00000,1.02194,0.99450,0.00445,0.00095,0.00009
350.14001,1.02191,0.99427,0.00466,0.00097,0.00009
350.28000,1.02194,0.99429,0.00464,0.00098,0.00009
350.42001,1.02191,0.99422,0.00469,0.00099,0.00009
350.56000,1.02194,0.99405,0.00485,0.00101,0.00009
350.70001,1.02191,0.99418,0.00472,0.00100,0.00010
350.84000,1.02194,0.99427,0.00464,0.00100,0.00009
350.98001,1.02191,0.99447,0.00446,0.00097,0.00010
351.12000,1.02194,0.99459,0.00437,0.00095,0.00009
351.26001,1.02194,0.99471,0.00422,0.00097,0.00009
351.39999,1.02194,0.99535,0.00368,0.00088,0.00009
351.54001,1.02194,0.99518,0.00388,0.00086,0.00009
351.67999,1.02194,0.99528,0.00379,0.00084,0.00009
351.82001,1.02194,0.99498,0.00406,0.00088,0.00009
351.95999,1.02194,0.99511,0.00392,0.00088,0.00009
352.10001,1.02194,0.99490,0.00399,0.00100,0.00011
352.23999,1.02194,0.99519,0.00376,0.00093,0.00012
352.38000,1.02194,0.99425,0.00460,0.00103,0.00011
352.51999,1.02194,0.99417,0.00467,0.00104,0.00011
352.66000,1.02194,0.99375,0.00504,0.00110,0.00011
352.79999,1.02194,0.99390,0.00490,0.00109,0.00011
352.94000,1.02194,0.99381,0.00499,0.00110,0.00011
353.07999,1.02194,0.99354,0.00527,0.00109,0.00009
353.22000,1.02194,0.99456,0.00434,0.00099,0.00010
353.35999,1.02194,0.99462,0.00433,0.00096,0.00009
353.50000,1.02194,0.99494,0.00406,0.00090,0.00009
353.64001,1.02191,0.99480,0.00421,0.00091,0.00009
353.78000,1.02194,0.99492,0.00409,0.00090,0.00009
353.92001,1.02191,0.99498,0.00402,0.00090,0.00009
354.06000,1.02194,0.99484,0.00413,0.00094,0.00009
354.20001,1.02191,0.99499,0.00401,0.00091,0.00009
354.34000,1.02194,0.99460,0.00435,0.00096,0.00009
354.48001,1.02191,0.99476,0.00421,0.00094,0.00009
354.62000,1.02194,0.99495,0.00404,0.00092,0.00009
354.76001,1.02194,0.99485,0.00408,0.00096,0.00010
354.89999,1.02194,0.99508,0.00392,0.00090,0.00010
355.04001,1.02194,0.99506,0.00395,0.00089,0.00010
355.17999,1.02194,0.99489,0.00412,0.00090,0.00009
355.32001,1.02194,0.99489,0.00412,0.00090,0.00009
355.45999,1.02194,0.99471,0.00428,0.00092,0.00009
355.60001,1.02194,0.99444,0.00452,0.00095,0.00009
355.73999,1.02194,0.99444,0.00452,0.00095,0.00009
355.88000,1.02194,0.99449,0.00447,0.00095,0.00009
356.01999,1.02194,0.99462,0.00436,0.00093,0.00009
356.16000,1.02194,0.99468,0.00430,0.00093,0.00009
356.29999,1.02194,0.99461,0.00436,0.00094,0.00009
356.44000,1.02194,0.99453,0.00445,0.00094,0.00009
356.57999,1.02194,0.99467,0.00431,0.00093,0.00009
356.72000,1.02194,0.99463,0.00435,0.00093,0.00009
356.85999,1.02194,0.99451,0.00445,0.00095,0.00009
357.00000,1.02194,0.99458,0.00438,0.00094,0.00009
357.14001,1.02191,0.99457,0.00439,0.00095,0.00009
357.28000,1.02194,0.99463,0.00434,0.00094,0.00009
357.42001,1.02191,0.99463,0.00434,0.00094,0.00009
357.56000,1.02194,0.99443,0.00452,0.00096,0.00009
357.70001,1.02191,0.99454,0.00441,0.00095,0.00009
357.84000,1.02194,0.99446,0.00449,0.00096,0.00009
357.98001,1.02191,0.99426,0.00467,0.00098,0.00009
358.12000,1.02194,0.99419,0.00472,0.00100,0.00010
358.26001,1.02194,0.99383,0.00503,0.00105,0.00010
358.39999,1.02194,0.99375,0.00508,0.00107,0.00010
358.54001,1.02194,0.99389,0.00495,0.00106,0.00010
358.67999,1.02194,0.99354,0.00527,0.00109,0.00010
358.82001,1.02194,0.99345,0.00535,0.00110,0.00010
358.95999,1.02194,0.99357,0.00523,0.00109,0.00010
359.10001,1.02194,0.99357,0.00524,0.00109,0.00010
359.23999,1.02194,0.99369,0.00513,0.00108,0.00010
359.38000,1.02194,0.99367,0.00515,0.00108,0.00010
359.51999,1.02194,0.99355,0.00526,0.00109,0.00010
359.66000,1.02194,0.99366,0.00515,0.00109,0.00010
359.79999,1.02194,0.99382,0.00501,0.00107,0.00010
359.94000,1.02194,0.99374,0.00508,0.00107,0.00010
360.07999,1.02194,0.99372,0.00510,0.00107,0.00010
360.22000,1.02194,0.99393,0.00492,0.00105,0.00010
360.35999,1.02194,0.99406,0.00481,0.00103,0.00010
360.50000,1.02194,0.99406,0.00480,0.00104,0.00010
360.64001,1.02191,0.99382,0.00502,0.00107,0.00010
360.78000,1.02194,0.99359,0.00522,0.00109,0.00010
360.92001,1.02191,0.99371,0.00512,0.00107,0.00010
361.06000,1.02194,0.99393,0.00490,0.00106,0.00010
361.20001,1.02191,0.99381,0.00503,0.00106,0.00010
361.34000,1.02194,0.99414,0.00473,0.00103,0.00010
361.48001,1.02191,0.99399,0.00487,0.00104,0.00010
361.62000,1.02194,0.99391,0.00495,0.00104,0.00010
361.76001,1.02194,0.99383,0.00503,0.00105,0.00010
361.89999,1.02194,0.99395,0.00492,0.00104,0.00010
362.04001,1.02194,0.99376,0.00508,0.00106,0.00010
362.17999,1.02194,0.99397,0.00489,0.00104,0.00010
362.32001,1.02194,0.99392,0.00494,0.00105,0.00010
362.45999,1.02194,0.99378,0.00507,0.00105,0.00009
362.60001,1.02194,0.99376,0.00510,0.00104,0.00009
362.73999,1.02194,0.99425,0.00466,0.00100,0.00009
362.88000,1.02194,0.99435,0.00458,0.00098,0.00009
363.01999,1.02194,0.99442,0.00453,0.00096,0.00009
363.16000,1.02194,0.99436,0.00458,0.00097,0.00009
363.29999,1.02194,0.99454,0.00441,0.00095,0.00009
363.44000,1.02194,0.99456,0.00441,0.00094,0.00009
363.57999,1.02194,0.99465,0.00432,0.00094,0.00009
363.72000,1.02194,0.99453,0.00443,0.00095,0.00009
363.85999,1.02194,0.99463,0.00434,0.00094,0.00009
364.00000,1.02194,0.99477,0.00421,0.00092,0.00009
364.14001,1.02191,0.99473,0.00426,0.00092,0.00009
364.28000,1.02194,0.99475,0.00424,0.00092,0.00009
364.42001,1.02191,0.99464,0.00435,0.00092,0.00009
364.56000,1.02194,0.99485,0.00415,0.00090,0.00009
364.70001,1.02191,0.99469,0.00430,0.00092,0.00009
364.84000,1.02194,0.99460,0.00437,0.00094,0.00009
364.98001,1.02191,0.99453,0.00443,0.00095,0.00009
365.12000,1.02194,0.99472,0.00426,0.00092,0.00009
365.26001,1.02194,0.99477,0.00423,0.00091,0.00009
365.39999,1.02194,0.99523,0.00380,0.00087,0.00010
365.54001,1.02194,0.99483,0.00419,0.00089,0.00009
365.67999,1.02194,0.99504,0.00401,0.00087,0.00009
365.82001,1.02194,0.99507,0.00398,0.00086,0.00009
365.95999,1.02194,0.99515,0.00391,0.00085,0.00009
366.10001,1.02194,0.99499,0.00405,0.00087,0.00009
366.23999,1.02194,0.99496,0.00407,0.00087,0.00009
366.38000,1.02194,0.99503,0.00402,0.00086,0.00009
366.51999,1.02194,0.99532,0.00376,0.00084,0.00009
366.66000,1.02194,0.99527,0.00380,0.00084,0.00009
366.79999,1.02194,0.99518,0.00390,0.00084,0.00008
366.94000,1.02194,0.99533,0.00377,0.00082,0.00008
367.07999,1.02194,0.99533,0.00377,0.00082,0.00008
367.22000,1.02194,0.99550,0.00361,0.00080,0.00009
367.35999,1.02194,0.99532,0.00377,0.00083,0.00008
367.50000,1.02194,0.99544,0.00366,0.00082,0.00009
367.64001,1.02191,0.99525,0.00383,0.00084,0.00009
367.78000,1.02194,0.99519,0.00388,0.00084,0.00009
367.92001,1.02191,0.99524,0.00383,0.00084,0.00009
368.06000,1.02194,0.99528,0.00381,0.00083,0.00009
368.20001,1.02191,0.99511,0.00396,0.00085,0.00008
368.34000,1.02194,0.99529,0.00379,0.00083,0.00009
368.48001,1.02191,0.99511,0.00396,0.00085,0.00008
368.62000,1.02194,0.99516,0.00391,0.00085,0.00009
368.76001,1.02194,0.99511,0.00395,0.00085,0.00009
368.89999,1.02194,0.99525,0.00383,0.00084,0.00009
369.04001,1.02194,0.99514,0.00393,0.00084,0.00008
369.17999,1.02194,0.99523,0.00385,0.00084,0.00008
369.32001,1.02194,0.99514,0.00393,0.00084,0.00008
369.45999,1.02194,0.99502,0.00404,0.00086,0.00008
369.60001,1.02194,0.99520,0.00387,0.00084,0.00008
369.73999,1.02194,0.99526,0.00381,0.00084,0.00009
369.88000,1.02194,0.99516,0.00392,0.00084,0.00008
370.01999,1.02194,0.99527,0.00380,0.00084,0.00009
370.16000,1.02194,0.99505,0.00400,0.00086,0.00009
370.29999,1.02194,0.99502,0.00403,0.00086,0.00009
370.44000,1.02194,0.99502,0.00403,0.00086,0.00009
370.57999,1.02194,0.99493,0.00410,0.00088,0.00009
370.72000,1.02194,0.99496,0.00407,0.00088,0.00009
370.85999,1.02194,0.99485,0.00417,0.00089,0.00009
371.00000,1.02194,0.99483,0.00419,0.00089,0.00009
371.14001,1.02191,0.99485,0.00417,0.00089,0.00009
371.28000,1.02194,0.99491,0.00412,0.00089,0.00009
371.42001,1.02191,0.99494,0.00409,0.00088,0.00009
371.56000,1.02194,0.99483,0.00419,0.00090,0.00009
371.70001,1.02191,0.99479,0.00422,0.00090,0.00009
371.84000,1.02194,0.99481,0.00420,0.00090,0.00009
371.98001,1.02191,0.99477,0.00423,0.00091,0.00009
372.12000,1.02194,0.99479,0.00421,0.00091,0.00009
372.26001,1.02194,0.99485,0.00415,0.00091,0.00009
372.39999,1.02194,0.99484,0.00416,0.00091,0.00009
372.54001,1.02194,0.99485,0.00415,0.00091,0.00009
372.67999,1.02194,0.99469,0.00429,0.00092,0.00009
372.82001,1.02194,0.99462,0.00437,0.00092,0.00009
372.95999,1.02194,0.99481,0.00418,0.00091,0.00009
373.10001,1.02194,0.99476,0.00423,0.00092,0.00009
373.23999,1.02194,0.99447,0.00450,0.00095,0.00009
373.38000,1.02194,0.99461,0.00435,0.00094,0.00009
373.51999,1.02194,0.99450,0.00446,0.00095,0.00009
373.66000,1.02194,0.99435,0.00459,0.00097,0.00009
373.79999,1.02194,0.99436,0.00457,0.00098,0.00009
373.94000,1.02194,0.99422,0.00469,0.00099,0.00010
374.07999,1.02194,0.99413,0.00477,0.00101,0.00010
374.22000,1.02194,0.99404,0.00485,0.00102,0.00010
374.35999,1.02194,0.99391,0.00495,0.00104,0.00010
374.50000,1.02194,0.99400,0.00487,0.00103,0.00010
374.64001,1.02191,0.99391,0.00495,0.00105,0.00010
374.78000,1.02194,0.99391,0.00496,0.00104,0.00009
374.92001,1.02191,0.99382,0.00505,0.00104,0.00009
375.06000,1.02194,0.99408,0.00480,0.00102,0.00010
375.20001,1.02191,0.99417,0.00473,0.00101,0.00010
375.34000,1.02194,0.99420,0.00470,0.00100,0.00010
375.48001,1.02191,0.99450,0.00443,0.00097,0.00010
375.62000,1.02194,0.99406,0.00483,0.00101,0.00009
375.76001,1.02194,0.99413,0.00478,0.00100,0.00009
375.89999,1.02194,0.99434,0.00458,0.00098,0.00010
376.04001,1.02194,0.99432,0.00461,0.00098,0.00009
376.17999,1.02194,0.99454,0.00441,0.00095,0.00009
376.32001,1.02194,0.99456,0.00440,0.00095,0.00009
376.45999,1.02194,0.99442,0.00453,0.00096,0.00009
376.60001,1.02194,0.99455,0.00442,0.00094,0.00009
376.73999,1.02194,0.99461,0.00436,0.00094,0.00009
376.88000,1.02194,0.99469,0.00428,0.00094,0.00009
377.01999,1.02194,0.99458,0.00438,0.00095,0.00009
377.16000,1.02194,0.99450,0.00445,0.00095,0.00009
377.29999,1.02194,0.99439,0.00456,0.00096,0.00009
377.44000,1.02194,0.99453,0.00444,0.00094,0.00009
377.57999,1.02194,0.99467,0.00431,0.00093,0.00009
377.72000,1.02194,0.99469,0.00429,0.00092,0.00009
377.85999,1.02194,0.99475,0.00425,0.00091,0.00009
378.00000,1.02194,0.99471,0.00428,0.00091,0.00009
378.14001,1.02191,0.99473,0.00427,0.00091,0.00009
378.28000,1.02194,0.99487,0.00415,0.00089,0.00009
378.42001,1.02191,0.99498,0.00405,0.00088,0.00009
378.56000,1.02194,0.99490,0.00412,0.00089,0.00009
378.70001,1.02191,0.99488,0.00415,0.00089,0.00009
378.84000,1.02194,0.99485,0.00417,0.00089,0.00009
378.98001,1.02191,0.99502,0.00403,0.00087,0.00009
379.12000,1.02194,0.99508,0.00397,0.00086,0.00009
379.26001,1.02194,0.99501,0.00403,0.00087,0.00009
379.39999,1.02194,0.99497,0.00407,0.00087,0.00009
379.54001,1.02194,0.99502,0.00402,0.00087,0.00009
379.67999,1.02194,0.99510,0.00396,0.00086,0.00009
379.82001,1.02194,0.99502,0.00403,0.00087,0.00009
379.95999,1.02194,0.99483,0.00420,0.00088,0.00009
380.10001,1.02194,0.99512,0.00394,0.00086,0.00009
380.23999,1.02194,0.99506,0.00400,0.00086,0.00008
380.38000,1.02194,0.99529,0.00379,0.00083,0.00009
380.51999,1.02194,0.99544,0.00366,0.00082,0.00009
380.66000,1.02194,0.99522,0.00387,0.00083,0.00008
380.79999,1.02194,0.99531,0.00378,0.00082,0.00008
380.94000,1.02194,0.99541,0.00369,0.00082,0.00008
381.07999,1.02194,0.99531,0.00378,0.00082,0.00008
381.22000,1.02194,0.99536,0.00374,0.00082,0.00008
381.35999,1.02194,0.99533,0.00376,0.00083,0.00009
381.50000,1.02194,0.99508,0.00399,0.00085,0.00008
381.64001,1.02191,0.99517,0.00390,0.00084,0.00009
381.78000,1.02194,0.99516,0.00390,0.00085,0.00009
381.92001,1.02191,0.99501,0.00403,0.00087,0.00009
382.06000,1.02194,0.99494,0.00410,0.00088,0.00009
382.20001,1.02191,0.99508,0.00397,0.00086,0.00009
382.34000,1.02194,0.99487,0.00416,0.00088,0.00009
382.48001,1.02191,0.99494,0.00409,0.00088,0.00009
382.62000,1.02194,0.99492,0.00410,0.00089,0.00009
382.76001,1.02194,0.99485,0.00417,0.00089,0.00009
382.89999,1.02194,0.99483,0.00417,0.00090,0.00009
383.04001,1.02194,0.99466,0.00432,0.00093,0.00009
383.17999,1.02194,0.99451,0.00446,0.00094,0.00009
383.32001,1.02194,0.99452,0.00445,0.00094,0.00009
383.45999,1.02194,0.99472,0.00426,0.00093,0.00009
383.60001,1.02194,0.99465,0.00433,0.00093,0.00009
383.73999,1.02194,0.99465,0.00433,0.00093,0.00009
383.88000,1.02194,0.99467,0.00431,0.00092,0.00009
384.01999,1.02194,0.99462,0.00435,0.00093,0.00009
384.16000,1.02194,0.99427,0.00467,0.00097,0.00009
384.29999,1.02194,0.99445,0.00449,0.00097,0.00010
384.44000,1.02194,0.99438,0.00455,0.00098,0.00010
384.57999,1.02194,0.99423,0.00469,0.00099,0.00009
384.72000,1.02194,0.99411,0.00480,0.00099,0.00009
384.85999,1.02194,0.99437,0.00456,0.00097,0.00009
385.00000,1.02194,0.99425,0.00468,0.00098,0.00009
385.14001,1.02191,0.99434,0.00459,0.00097,0.00010
385.28000,1.02194,0.99419,0.00472,0.00100,0.00010
385.42001,1.02191,0.99408,0.00481,0.00101,0.00010
385.56000,1.02194,0.99393,0.00494,0.00104,0.00010
385.70001,1.02191,0.99361,0.00522,0.00107,0.00010
385.84000,1.02194,0.99356,0.00526,0.00108,0.00010
385.98001,1.02191,0.99370,0.00513,0.00107,0.00010
386.12000,1.02194,0.99374,0.00510,0.00106,0.00010
386.26001,1.02194,0.99383,0.00501,0.00106,0.00010
386.39999,1.02194,0.99396,0.00491,0.00104,0.00010
386.54001,1.02194,0.99404,0.00484,0.00102,0.00010
386.67999,1.02194,0.99422,0.00469,0.00100,0.00010
386.82001,1.02194,0.99414,0.00476,0.00101,0.00009
386.95999,1.02194,0.99416,0.00474,0.00100,0.00009
387.10001,1.02194,0.99433,0.00460,0.00098,0.00009
387.23999,1.02194,0.99458,0.00437,0.00095,0.00010
387.38000,1.02194,0.99444,0.00451,0.00096,0.00009
387.51999,1.02194,0.99448,0.00447,0.00096,0.00009
387.66000,1.02194,0.99454,0.00442,0.00095,0.00009
387.79999,1.02194,0.99461,0.00436,0.00094,0.00009
387.94000,1.02194,0.99466,0.00431,0.00093,0.00009
388.07999,1.02194,0.99456,0.00440,0.00094,0.00009
388.22000,1.02194,0.99473,0.00425,0.00093,0.00009
388.35999,1.02194,0.99470,0.00428,0.00092,0.00009
388.50000,1.02194,0.99467,0.00432,0.00092,0.00009
388.64001,1.02191,0.99470,0.00429,0.00092,0.00009
388.78000,1.02194,0.99472,0.00427,0.00092,0.00009
388.92001,1.02191,0.99480,0.00420,0.00091,0.00009
389.06000,1.02194,0.99488,0.00413,0.00090,0.00009
389.20001,1.02191,0.99472,0.00428,0.00091,0.00009
389.34000,1.02194,0.99466,0.00433,0.00092,0.00009
389.48001,1.02191,0.99461,0.00437,0.00093,0.00009
389.62000,1.02194,0.99482,0.00418,0.00091,0.00009
389.76001,1.02194,0.99478,0.00421,0.00092,0.00009
389.89999,1.02194,0.99474,0.00426,0.00092,0.00009
390.04001,1.02194,0.99469,0.00431,0.00091,0.00009
390.17999,1.02194,0.99481,0.00420,0.00090,0.00009
390.32001,1.02194,0.99491,0.00412,0.00088,0.00009
390.45999,1.02194,0.99510,0.00395,0.00086,0.00009
390.60001,1.02194,0.99496,0.00406,0.00088,0.00009
390.73999,1.02194,0.99505,0.00399,0.00087,0.00009
390.88000,1.02194,0.99502,0.00402,0.00087,0.00009
391.01999,1.02194,0.99503,0.00401,0.00087,0.00009
391.16000,1.02194,0.99497,0.00408,0.00087,0.00009
391.29999,1.02194,0.99504,0.00401,0.00087,0.00009
391.44000,1.02194,0.99515,0.00390,0.00086,0.00009
391.57999,1.02194,0.99511,0.00395,0.00086,0.00009
391.72000,1.02194,0.99502,0.00403,0.00086,0.00009
391.85999,1.02194,0.99508,0.00396,0.00087,0.00009
392.00000,1.02194,0.99491,0.00412,0.00088,0.00009
392.14001,1.02191,0.99483,0.00420,0.00089,0.00009
392.28000,1.02194,0.99495,0.00408,0.00088,0.00009
392.42001,1.02191,0.99473,0.00429,0.00090,0.00009
392.56000,1.02194,0.99479,0.00423,0.00090,0.00009
392.70001,1.02191,0.99485,0.00417,0.00090,0.00009
392.84000,1.02194,0.99484,0.00417,0.00090,0.00009
392.98001,1.02191,0.99473,0.00427,0.00091,0.00009
393.12000,1.02194,0.99480,0.00420,0.00091,0.00009
393.26001,1.02194,0.99466,0.00433,0.00092,0.00009
393.39999,1.02194,0.99470,0.00429,0.00092,0.00009
393.54001,1.02194,0.99458,0.00440,0.00093,0.00009
393.67999,1.02194,0.99464,0.00434,0.00093,0.00009
393.82001,1.02194,0.99466,0.00432,0.00093,0.00009
393.95999,1.02194,0.99483,0.00416,0.00092,0.00009
394.10001,1.02194,0.99456,0.00441,0.00094,0.00009
394.23999,1.02194,0.99475,0.00424,0.00092,0.00009
394.38000,1.02194,0.99489,0.00411,0.00091,0.00009
394.51999,1.02194,0.99486,0.00414,0.00091,0.00009
394.66000,1.02194,0.99498,0.00403,0.00089,0.00009
394.79999,1.02194,0.99475,0.00424,0.00092,0.00009
394.94000,1.02194,0.99479,0.00421,0.00091,0.00009
395.07999,1.02194,0.99484,0.00415,0.00091,0.00009
395.22000,1.02194,0.99476,0.00423,0.00092,0.00009
395.35999,1.02194,0.99451,0.00444,0.00095,0.00009
395.50000,1.02194,0.99438,0.00456,0.00097,0.00009
395.64001,1.02191,0.99440,0.00453,0.00097,0.00009
395.78000,1.02194,0.99434,0.00457,0.00099,0.00010
395.92001,1.02191,0.99417,0.00473,0.00101,0.00010
396.06000,1.02194,0.99395,0.00492,0.00104,0.00010
396.20001,1.02191,0.99392,0.00495,0.00104,0.00010
396.34000,1.02194,0.99394,0.00492,0.00104,0.00010
396.48001,1.02191,0.99387,0.00498,0.00105,0.00010
396.62000,1.02194,0.99369,0.00514,0.00107,0.00010
396.76001,1.02194,0.99352,0.00529,0.00109,0.00010
396.89999,1.02194,0.99355,0.00526,0.00109,0.00010
397.04001,1.02194,0.99354,0.00526,0.00110,0.00010
397.17999,1.02194,0.99337,0.00542,0.00111,0.00010
397.32001,1.02194,0.99347,0.00532,0.00111,0.00010
397.45999,1.02194,0.99348,0.00531,0.00110,0.00010
397.60001,1.02194,0.99370,0.00512,0.00108,0.00010
397.73999,1.02194,0.99374,0.00509,0.00108,0.00010
397.88000,1.02194,0.99373,0.00510,0.00107,0.00010
398.01999,1.02194,0.99381,0.00503,0.00106,0.00010
398.16000,1.02194,0.99410,0.00475,0.00104,0.00010
398.29999,1.02194,0.99391,0.00493,0.00106,0.00010
398.44000,1.02194,0.99393,0.00492,0.00105,0.00010
398.57999,1.02194,0.99404,0.00483,0.00104,0.00010
398.72000,1.02194,0.99390,0.00496,0.00105,0.00010
398.85999,1.02194,0.99425,0.00465,0.00101,0.00010
399.00000,1.02194,0.99438,0.00453,0.00099,0.00010
399.14001,1.02191,0.99416,0.00473,0.00101,0.00010
399.28000,1.02194,0.99406,0.00482,0.00102,0.00010
399.42001,1.02191,0.99410,0.00478,0.00102,0.00010
399.56000,1.02194,0.99403,0.00485,0.00102,0.00010
399.70001,1.02191,0.99405,0.00482,0.00103,0.00010
399.84000,1.02194,0.99399,0.00487,0.00104,0.00010
399.98001,1.02191,0.99400,0.00486,0.00104,0.00010
400.12000,1.02194,0.99385,0.00501,0.00105,0.00010
400.26001,1.02194,0.99362,0.00521,0.00108,0.00010
400.39999,1.02194,0.99365,0.00518,0.00107,0.00010
400.54001,1.02194,0.99357,0.00525,0.00108,0.00010
400.67999,1.02194,0.99347,0.00534,0.00110,0.00010
400.82001,1.02194,0.99368,0.00514,0.00108,0.00010
400.95999,1.02194,0.99358,0.00523,0.00109,0.00010
401.10001,1.02194,0.99341,0.00539,0.00110,0.00010
401.23999,1.02194,0.99391,0.00493,0.00106,0.00010
401.38000,1.02194,0.99362,0.00521,0.00108,0.00010
401.51999,1.02194,0.99402,0.00483,0.00104,0.00010
401.66000,1.02194,0.99389,0.00496,0.00105,0.00010
401.79999,1.02194,0.99393,0.00492,0.00105,0.00010
401.94000,1.02194,0.99416,0.00472,0.00103,0.00010
402.07999,1.02194,0.99415,0.00472,0.00103,0.00010
402.22000,1.02194,0.99418,0.00469,0.00103,0.00010
402.35999,1.02194,0.99416,0.00472,0.00102,0.00010
402.50000,1.02194,0.99430,0.00460,0.00101,0.00010
402.64001,1.02191,0.99434,0.00457,0.00099,0.00010
402.78000,1.02194,0.99422,0.00468,0.00101,0.00010
402.92001,1.02191,0.99424,0.00466,0.00101,0.00010
403.06000,1.02194,0.99433,0.00457,0.00100,0.00010
403.20001,1.02191,0.99429,0.00460,0.00101,0.00010
403.34000,1.02194,0.99416,0.00471,0.00103,0.00010
403.48001,1.02191,0.99416,0.00471,0.00103,0.00010
403.62000,1.02194,0.99394,0.00491,0.00105,0.00010
403.76001,1.02194,0.99424,0.00465,0.00102,0.00010
403.89999,1.02194,0.99424,0.00465,0.00101,0.00010
404.04001,1.02194,0.99442,0.00449,0.00099,0.00010
404.17999,1.02194,0.99430,0.00461,0.00100,0.00010
404.32001,1.02194,0.99423,0.00466,0.00100,0.00010
404.45999,1.02194,0.99417,0.00472,0.00101,0.00010
404.60001,1.02194,0.99444,0.00448,0.00099,0.00010
404.73999,1.02194,0.99403,0.00484,0.00103,0.00010
404.88000,1.02194,0.99403,0.00483,0.00104,0.00010
405.01999,1.02194,0.99383,0.00501,0.00106,0.00010
405.16000,1.02194,0.99368,0.00513,0.00109,0.00010
405.29999,1.02194,0.99352,0.00527,0.00111,0.00010
405.44000,1.02194,0.99351,0.00528,0.00111,0.00010
405.57999,1.02194,0.99334,0.00543,0.00113,0.00010
405.72000,1.02194,0.99351,0.00528,0.00111,0.00010
405.85999,1.02194,0.99358,0.00522,0.00110,0.00010
406.00000,1.02194,0.99365,0.00516,0.00109,0.00010
406.14001,1.02191,0.99380,0.00502,0.00108,0.00010
406.28000,1.02194,0.99380,0.00503,0.00107,0.00010
406.42001,1.02191,0.99385,0.00498,0.00106,0.00010
406.56000,1.02194,0.99379,0.00504,0.00107,0.00010
406.70001,1.02191,0.99336,0.00542,0.00111,0.00010
406.84000,1.02194,0.99320,0.00556,0.00114,0.00010
406.98001,1.02191,0.99375,0.00505,0.00110,0.00011
407.12000,1.02194,0.99357,0.00523,0.00110,0.00010
407.26001,1.02194,0.99349,0.00530,0.00111,0.00010
407.39999,1.02194,0.99371,0.00509,0.00110,0.00011
407.54001,1.02194,0.99381,0.00500,0.00108,0.00010
407.67999,1.02194,0.99403,0.00483,0.00104,0.00010
407.82001,1.02194,0.99434,0.00454,0.00101,0.00011
407.95999,1.02194,0.99376,0.00507,0.00107,0.00010
408.10001,1.02194,0.99387,0.00497,0.00106,0.00010
408.23999,1.02194,0.99409,0.00477,0.00104,0.00010
408.38000,1.02194,0.99401,0.00485,0.00104,0.00010
408.51999,1.02194,0.99380,0.00504,0.00106,0.00010
408.66000,1.02194,0.99397,0.00488,0.00105,0.00010
408.79999,1.02194,0.99391,0.00494,0.00105,0.00010
408.94000,1.02194,0.99372,0.00512,0.00107,0.00010
409.07999,1.02194,0.99375,0.00508,0.00106,0.00010
409.22000,1.02194,0.99378,0.00505,0.00107,0.00010
409.35999,1.02194,0.99381,0.00503,0.00106,0.00010
409.50000,1.02194,0.99363,0.00517,0.00109,0.00010
409.64001,1.02191,0.99248,0.00624,0.00117,0.00011
409.78000,1.02194,0.99270,0.00601,0.00118,0.00011
409.92001,1.02191,0.99306,0.00568,0.00115,0.00010
410.06000,1.02194,0.99328,0.00549,0.00113,0.00010
410.20001,1.02191,0.99344,0.00536,0.00109,0.00010
410.34000,1.02194,0.99326,0.00547,0.00116,0.00011
410.48001,1.02191,0.99377,0.00500,0.00111,0.00011
410.62000,1.02194,0.99422,0.00467,0.00102,0.00010
410.76001,1.02194,0.99422,0.00467,0.00102,0.00010
410.89999,1.02194,0.99397,0.00489,0.00104,0.00010
411.04001,1.02194,0.99396,0.00490,0.00104,0.00010
411.17999,1.02194,0.99410,0.00477,0.00103,0.00010
411.32001,1.02194,0.99444,0.00449,0.00098,0.00010
411.45999,1.02194,0.99451,0.00443,0.00097,0.00010
411.60001,1.02194,0.99468,0.00429,0.00094,0.00009
411.73999,1.02194,0.99475,0.00423,0.00093,0.00009
411.88000,1.02194,0.99464,0.00433,0.00093,0.00009
412.01999,1.02194,0.99481,0.00418,0.00092,0.00009
412.16000,1.02194,0.99452,0.00444,0.00095,0.00009
412.29999,1.02194,0.99489,0.00410,0.00092,0.00010
412.44000,1.02194,0.99471,0.00425,0.00094,0.00009
412.57999,1.02194,0.99472,0.00425,0.00094,0.00009
412.72000,1.02194,0.99493,0.00407,0.00090,0.00010
412.85999,1.02194,0.99481,0.00419,0.00091,0.00009
413.00000,1.02194,0.99482,0.00419,0.00091,0.00009
413.14001,1.02191,0.99489,0.00413,0.00089,0.00009
413.28000,1.02194,0.99495,0.00407,0.00089,0.00009
413.42001,1.02191,0.99484,0.00418,0.00090,0.00009
413.56000,1.02194,0.99506,0.00397,0.00087,0.00009
413.70001,1.02191,0.99500,0.00404,0.00087,0.00009
413.84000,1.02194,0.99501,0.00403,0.00087,0.00009
413.98001,1.02191,0.99509,0.00396,0.00086,0.00009
414.12000,1.02194,0.99513,0.00393,0.00085,0.00009
414.26001,1.02194,0.99526,0.00381,0.00084,0.00009
414.39999,1.02194,0.99527,0.00381,0.00084,0.00009
414.54001,1.02194,0.99521,0.00387,0.00084,0.00008
414.67999,1.02194,0.99526,0.00383,0.00083,0.00008
414.82001,1.02194,0.99539,0.00371,0.00082,0.00009
414.95999,1.02194,0.99537,0.00372,0.00082,0.00009
415.10001,1.02194,0.99515,0.00392,0.00084,0.00008
415.23999,1.02194,0.99519,0.00389,0.00084,0.00008
415.38000,1.02194,0.99520,0.00387,0.00085,0.00009
415.51999,1.02194,0.99524,0.00384,0.00084,0.00009
415.66000,1.02194,0.99519,0.00387,0.00085,0.00009
415.79999,1.02194,0.99512,0.00394,0.00085,0.00009
415.94000,1.02194,0.99516,0.00391,0.00084,0.00008
416.07999,1.02194,0.99518,0.00389,0.00084,0.00008
416.22000,1.02194,0.99519,0.00388,0.00084,0.00009
416.35999,1.02194,0.99530,0.00378,0.00083,0.00009
416.50000,1.02194,0.99518,0.00389,0.00084,0.00008
416.64001,1.02191,0.99521,0.00386,0.00084,0.00009
416.78000,1.02194,0.99513,0.00394,0.00085,0.00009
416.92001,1.02191,0.99503,0.00402,0.00086,0.00009
417.06000,1.02194,0.99491,0.00412,0.00088,0.00009
417.20001,1.02191,0.99494,0.00409,0.00089,0.00009
417.34000,1.02194,0.99500,0.00403,0.00088,0.00009
417.48001,1.02191,0.99482,0.00420,0.00090,0.00009
417.62000,1.02194,0.99485,0.00417,0.00090,0.00009
417.76001,1.02194,0.99470,0.00430,0.00091,0.00009
417.89999,1.02194,0.99491,0.00410,0.00090,0.00009
418.04001,1.02194,0.99496,0.00405,0.00089,0.00009
418.17999,1.02194,0.99487,0.00414,0.00090,0.00009
418.32001,1.02194,0.99481,0.00420,0.00090,0.00009
418.45999,1.02194,0.99473,0.00427,0.00092,0.00009
418.60001,1.02194,0.99460,0.00439,0.00093,0.00009
418.73999,1.02194,0.99466,0.00432,0.00093,0.00009
418.88000,1.02194,0.99467,0.00430,0.00093,0.00009
419.01999,1.02194,0.99444,0.00451,0.00096,0.00009
419.16000,1.02194,0.99438,0.00455,0.00097,0.00009
419.29999,1.02194,0.99422,0.00470,0.00098,0.00009
419.44000,1.02194,0.99437,0.00456,0.00098,0.00009
419.57999,1.02194,0.99433,0.00460,0.00098,0.00009
419.72000,1.02194,0.99440,0.00454,0.00098,0.00009
419.85999,1.02194,0.99451,0.00443,0.00096,0.00009
420.00000,1.02194,0.99442,0.00452,0.00097,0.00009
420.14001,1.02191,0.99431,0.00462,0.00098,0.00009
420.28000,1.02194,0.99455,0.00440,0.00096,0.00010
420.42001,1.02191,0.99424,0.00467,0.00099,0.00009
420.56000,1.02194,0.99446,0.00446,0.00097,0.00010
420.70001,1.02191,0.99409,0.00479,0.00102,0.00010
420.84000,1.02194,0.99382,0.00503,0.00105,0.00010
420.98001,1.02191,0.99378,0.00506,0.00106,0.00010
421.12000,1.02194,0.99385,0.00500,0.00105,0.00010
421.26001,1.02194,0.99400,0.00487,0.00104,0.00010
421.39999,1.02194,0.99396,0.00490,0.00104,0.00010
421.54001,1.02194,0.99387,0.00498,0.00105,0.00010
421.67999,1.02194,0.99395,0.00492,0.00104,0.00010
421.82001,1.02194,0.99396,0.00491,0.00103,0.00009
421.95999,1.02194,0.99387,0.00498,0.00105,0.00010
422.10001,1.02194,0.99413,0.00474,0.00103,0.00010
422.23999,1.02194,0.99410,0.00477,0.00103,0.00010
422.38000,1.02194,0.99386,0.00499,0.00105,0.00010
422.51999,1.02194,0.99381,0.00501,0.00108,0.00010
422.66000,1.02194,0.99394,0.00490,0.00106,0.00010
422.79999,1.02194,0.99385,0.00498,0.00106,0.00010
422.94000,1.02194,0.99406,0.00479,0.00105,0.00010
423.07999,1.02194,0.99407,0.00477,0.00105,0.00010
423.22000,1.02194,0.99414,0.00472,0.00103,0.00010
423.35999,1.02194,0.99419,0.00470,0.00102,0.00010
423.50000,1.02194,0.99421,0.00467,0.00102,0.00010
423.64001,1.02191,0.99398,0.00488,0.00104,0.00010
423.78000,1.02194,0.99417,0.00471,0.00102,0.00010
423.92001,1.02191,0.99402,0.00484,0.00104,0.00010
424.06000,1.02194,0.99407,0.00478,0.00105,0.00010
424.20001,1.02191,0.99385,0.00498,0.00107,0.00010
424.34000,1.02194,0.99394,0.00490,0.00105,0.00010
424.48001,1.02191,0.99372,0.00510,0.00108,0.00010
424.62000,1.02194,0.99382,0.00500,0.00107,0.00010
424.76001,1.02194,0.99345,0.00535,0.00110,0.00010
424.89999,1.02194,0.99377,0.00506,0.00107,0.00010
425.04001,1.02194,0.99374,0.00509,0.00108,0.00010
425.17999,1.02194,0.99373,0.00509,0.00108,0.00010
425.32001,1.02194,0.99383,0.00501,0.00106,0.00010
425.45999,1.02194,0.99404,0.00482,0.00103,0.00010
425.60001,1.02194,0.99405,0.00483,0.00103,0.00010
425.73999,1.02194,0.99412,0.00476,0.00102,0.00010
425.88000,1.02194,0.99400,0.00488,0.00102,0.00009
426.01999,1.02194,0.99405,0.00484,0.00101,0.00009
426.16000,1.02194,0.99444,0.00449,0.00098,0.00010
426.29999,1.02194,0.99426,0.00466,0.00099,0.00009
426.44000,1.02194,0.99433,0.00459,0.00098,0.00009
426.57999,1.02194,0.99420,0.00471,0.00099,0.00009
426.72000,1.02194,0.99422,0.00470,0.00099,0.00009
426.85999,1.02194,0.99433,0.00461,0.00098,0.00009
427.00000,1.02194,0.99451,0.00444,0.00096,0.00009
427.14001,1.02191,0.99444,0.00450,0.00096,0.00009
427.28000,1.02194,0.99454,0.00442,0.00095,0.00009
427.42001,1.02191,0.99435,0.00459,0.00097,0.00009
427.56000,1.02194,0.99444,0.00451,0.00096,0.00009
427.70001,1.02191,0.99458,0.00438,0.00095,0.00009
427.84000,1.02194,0.99470,0.00428,0.00093,0.00009
427.98001,1.02191,0.99453,0.00444,0.00094,0.00009
428.12000,1.02194,0.99456,0.00442,0.00094,0.00009
428.26001,1.02194,0.99463,0.00435,0.00093,0.00009
428.39999,1.02194,0.99484,0.00417,0.00091,0.00009
428.54001,1.02194,0.99488,0.00414,0.00090,0.00009
428.67999,1.02194,0.99488,0.00414,0.00089,0.00009
428.82001,1.02194,0.99493,0.00410,0.00088,0.00009
428.95999,1.02194,0.99497,0.00406,0.00088,0.00009
429.10001,1.02194,0.99501,0.00403,0.00087,0.00009
429.23999,1.02194,0.99517,0.00389,0.00086,0.00009
429.38000,1.02194,0.99489,0.00415,0.00088,0.00009
429.51999,1.02194,0.99505,0.00399,0.00087,0.00009
429.66000,1.02194,0.99522,0.00385,0.00085,0.00009
429.79999,1.02194,0.99506,0.00400,0.00086,0.00009
429.94000,1.02194,0.99517,0.00389,0.00085,0.00009
430.07999,1.02194,0.99512,0.00394,0.00086,0.00009
430.22000,1.02194,0.99494,0.00411,0.00087,0.00008
430.35999,1.02194,0.99505,0.00401,0.00086,0.00009
430.50000,1.02194,0.99508,0.00398,0.00086,0.00009
430.64001,1.02191,0.99506,0.00399,0.00086,0.00008
430.78000,1.02194,0.99526,0.00381,0.00084,0.00009
430.92001,1.02191,0.99515,0.00391,0.00085,0.00009
431.06000,1.02194,0.99522,0.00385,0.00084,0.00008
431.20001,1.02191,0.99515,0.00392,0.00084,0.00008
431.34000,1.02194,0.99529,0.00379,0.00083,0.00009
431.48001,1.02191,0.99535,0.00374,0.00083,0.00009
431.62000,1.02194,0.99523,0.00385,0.00084,0.00008
431.76001,1.02194,0.99535,0.00374,0.00083,0.00009
431.89999,1.02194,0.99536,0.00373,0.00083,0.00009
432.04001,1.02194,0.99521,0.00387,0.00084,0.00008
432.17999,1.02194,0.99523,0.00385,0.00084,0.00008
432.32001,1.02194,0.99525,0.00383,0.00083,0.00008
432.45999,1.02194,0.99521,0.00387,0.00084,0.00008
432.60001,1.02194,0.99517,0.00390,0.00084,0.00008
432.73999,1.02194,0.99523,0.00385,0.00084,0.00009
432.88000,1.02194,0.99516,0.00390,0.00085,0.00009
433.01999,1.02194,0.99520,0.00387,0.00084,0.00009
433.16000,1.02194,0.99504,0.00401,0.00086,0.00009
433.29999,1.02194,0.99512,0.00394,0.00085,0.00008
433.44000,1.02194,0.99523,0.00384,0.00084,0.00009
433.57999,1.02194,0.99505,0.00401,0.00086,0.00008
433.72000,1.02194,0.99529,0.00379,0.00083,0.00009
433.85999,1.02194,0.99509,0.00397,0.00085,0.00008
434.00000,1.02194,0.99517,0.00391,0.00084,0.00008
434.14001,1.02191,0.99533,0.00375,0.00083,0.00009
434.28000,1.02194,0.99522,0.00385,0.00084,0.00009
434.42001,1.02191,0.99516,0.00391,0.00084,0.00008
434.56000,1.02194,0.99537,0.00372,0.00083,0.00009
434.70001,1.02191,0.99522,0.00386,0.00084,0.00008
434.84000,1.02194,0.99523,0.00385,0.00084,0.00008
434.98001,1.02191,0.99532,0.00377,0.00083,0.00009
435.12000,1.02194,0.99522,0.00385,0.00084,0.00008
435.26001,1.02194,0.99521,0.00386,0.00084,0.00009
435.39999,1.02194,0.99539,0.00370,0.00082,0.00009
435.54001,1.02194,0.99528,0.00380,0.00083,0.00008
435.67999,1.02194,0.99532,0.00377,0.00083,0.00008
435.82001,1.02194,0.99519,0.00388,0.00084,0.00009
435.95999,1.02194,0.99522,0.00385,0.00084,0.00008
436.10001,1.02194,0.99537,0.00372,0.00082,0.00009
436.23999,1.02194,0.99534,0.00374,0.00083,0.00009
436.38000,1.02194,0.99537,0.00372,0.00083,0.00009
436.51999,1.02194,0.99512,0.00395,0.00085,0.00009
436.66000,1.02194,0.99523,0.00385,0.00084,0.00008
436.79999,1.02194,0.99533,0.00376,0.00083,0.00009
436.94000,1.02194,0.99536,0.00372,0.00083,0.00009
437.07999,1.02194,0.99515,0.00392,0.00085,0.00008
437.22000,1.02194,0.99508,0.00398,0.00085,0.00009
437.35999,1.02194,0.99509,0.00398,0.00085,0.00008
437.50000,1.02194,0.99522,0.00384,0.00085,0.00009
437.64001,1.02191,0.99516,0.00390,0.00085,0.00009
437.78000,1.02194,0.99511,0.00394,0.00086,0.00009
437.92001,1.02191,0.99498,0.00406,0.00088,0.00009
438.06000,1.02194,0.99497,0.00407,0.00088,0.00009
438.20001,1.02191,0.99494,0.00408,0.00089,0.00009
438.34000,1.02194,0.99485,0.00416,0.00090,0.00009
438.48001,1.02191,0.99477,0.00423,0.00091,0.00009
438.62000,1.02194,0.99476,0.00423,0.00092,0.00009
438.76001,1.02194,0.99476,0.00423,0.00092,0.00009
438.89999,1.02194,0.99456,0.00441,0.00094,0.00009
439.04001,1.02194,0.99463,0.00434,0.00094,0.00009
439.17999,1.02194,0.99462,0.00435,0.00094,0.00009
439.32001,1.02194,0.99455,0.00441,0.00095,0.00009
439.45999,1.02194,0.99464,0.00433,0.00094,0.00009
439.60001,1.02194,0.99472,0.00426,0.00093,0.00009
439.73999,1.02194,0.99452,0.00445,0.00094,0.00009
439.88000,1.02194,0.99491,0.00409,0.00091,0.00009
440.01999,1.02194,0.99478,0.00420,0.00092,0.00009
440.16000,1.02194,0.99468,0.00430,0.00093,0.00009
440.29999,1.02194,0.99441,0.00454,0.00096,0.00009
440.44000,1.02194,0.99447,0.00447,0.00096,0.00009
440.57999,1.02194,0.99432,0.00461,0.00098,0.00009
440.72000,1.02194,0.99432,0.00459,0.00099,0.00010
440.85999,1.02194,0.99410,0.00479,0.00101,0.00010
441.00000,1.02194,0.99404,0.00484,0.00102,0.00010
441.14001,1.02191,0.99382,0.00504,0.00105,0.00010
441.28000,1.02194,0.99393,0.00493,0.00104,0.00010
441.42001,1.02191,0.99375,0.00509,0.00107,0.00010
441.56000,1.02194,0.99390,0.00495,0.00106,0.00010
441.70001,1.02191,0.99392,0.00494,0.00105,0.00010
441.84000,1.02194,0.99397,0.00489,0.00104,0.00010
441.98001,1.02191,0.99382,0.00504,0.00105,0.00010
442.12000,1.02194,0.99389,0.00497,0.00105,0.00010
442.26001,1.02194,0.99403,0.00484,0.00103,0.00010
442.39999,1.02194,0.99405,0.00482,0.00104,0.00010
442.54001,1.02194,0.99394,0.00490,0.00105,0.00010
442.67999,1.02194,0.99387,0.00496,0.00106,0.00010
442.82001,1.02194,0.99389,0.00495,0.00106,0.00010
442.95999,1.02194,0.99397,0.00488,0.00105,0.00010
443.10001,1.02194,0.99393,0.00491,0.00105,0.00010
443.23999,1.02194,0.99398,0.00487,0.00105,0.00010
443.38000,1.02194,0.99421,0.00467,0.00102,0.00010
443.51999,1.02194,0.99413,0.00474,0.00103,0.00010
443.66000,1.02194,0.99414,0.00474,0.00102,0.00010
443.79999,1.02194,0.99402,0.00485,0.00103,0.00010
443.94000,1.02194,0.99407,0.00481,0.00102,0.00010
444.07999,1.02194,0.99402,0.00485,0.00103,0.00010
444.22000,1.02194,0.99395,0.00491,0.00104,0.00010
444.35999,1.02194,0.99384,0.00501,0.00105,0.00010
444.50000,1.02194,0.99372,0.00512,0.00106,0.00010
444.64001,1.02191,0.99406,0.00481,0.00103,0.00010
444.78000,1.02194,0.99419,0.00470,0.00101,0.00010
444.92001,1.02191,0.99432,0.00460,0.00099,0.00009
445.06000,1.02194,0.99439,0.00455,0.00097,0.00009
445.20001,1.02191,0.99462,0.00434,0.00094,0.00010
445.34000,1.02194,0.99477,0.00421,0.00093,0.00009
445.48001,1.02191,0.99472,0.00426,0.00093,0.00009
445.62000,1.02194,0.99481,0.00418,0.00092,0.00009
445.76001,1.02194,0.99478,0.00421,0.00092,0.00009
445.89999,1.02194,0.99488,0.00412,0.00091,0.00009
446.04001,1.02194,0.99468,0.00431,0.00092,0.00009
446.17999,1.02194,0.99487,0.00412,0.00091,0.00009
446.32001,1.02194,0.99456,0.00441,0.00094,0.00009
446.45999,1.02194,0.99464,0.00432,0.00094,0.00009
446.60001,1.02194,0.99469,0.00428,0.00094,0.00010
446.73999,1.02194,0.99463,0.00433,0.00094,0.00009
446.88000,1.02194,0.99461,0.00437,0.00093,0.00009
447.01999,1.02194,0.99474,0.00425,0.00092,0.00009
447.16000,1.02194,0.99474,0.00426,0.00091,0.00009
447.29999,1.02194,0.99495,0.00408,0.00088,0.00009
447.44000,1.02194,0.99495,0.00408,0.00088,0.00009
447.57999,1.02194,0.99499,0.00404,0.00088,0.00009
447.72000,1.02194,0.99487,0.00415,0.00089,0.00009
447.85999,1.02194,0.99490,0.00412,0.00089,0.00009
448.00000,1.02194,0.99502,0.00402,0.00087,0.00009
448.14001,1.02191,0.99511,0.00394,0.00086,0.00009
448.28000,1.02194,0.99492,0.00412,0.00087,0.00008
448.42001,1.02191,0.99497,0.00408,0.00087,0.00009
448.56000,1.02194,0.99503,0.00402,0.00086,0.00009
448.70001,1.02191,0.99527,0.00380,0.00084,0.00009
448.84000,1.02194,0.99518,0.00389,0.00085,0.00009
448.98001,1.02191,0.99510,0.00396,0.00085,0.00008
449.12000,1.02194,0.99521,0.00386,0.00084,0.00009
449.26001,1.02194,0.99515,0.00392,0.00084,0.00008
449.39999,1.02194,0.99525,0.00384,0.00083,0.00008
449.54001,1.02194,0.99534,0.00375,0.00083,0.00009
449.67999,1.02194,0.99525,0.00384,0.00083,0.00008
449.82001,1.02194,0.99519,0.00388,0.00084,0.00008
449.95999,1.02194,0.99526,0.00383,0.00083,0.00009
450.10001,1.02194,0.99510,0.00396,0.00085,0.00009
450.23999,1.02194,0.99510,0.00396,0.00086,0.00008
450.38000,1.02194,0.99507,0.00398,0.00086,0.00009
450.51999,1.02194,0.99514,0.00392,0.00086,0.00009
450.66000,1.02194,0.99511,0.00395,0.00086,0.00009
450.79999,1.02194,0.99508,0.00398,0.00086,0.00009
450.94000,1.02194,0.99498,0.00408,0.00086,0.00008
451.07999,1.02194,0.99520,0.00387,0.00085,0.00009
451.22000,1.02194,0.99505,0.00399,0.00087,0.00009
451.35999,1.02194,0.99518,0.00387,0.00086,0.00009
451.50000,1.02194,0.99486,0.00416,0.00089,0.00009
451.64001,1.02191,0.99467,0.00432,0.00092,0.00009
451.78000,1.02194,0.99475,0.00424,0.00092,0.00009
451.92001,1.02191,0.99465,0.00433,0.00092,0.00009
452.06000,1.02194,0.99482,0.00417,0.00091,0.00009
452.20001,1.02191,0.99478,0.00421,0.00092,0.00009
452.34000,1.02194,0.99470,0.00429,0.00091,0.00009
452.48001,1.02191,0.99474,0.00426,0.00091,0.00009
452.62000,1.02194,0.99455,0.00443,0.00093,0.00009
452.76001,1.02194,0.99456,0.00441,0.00094,0.00009
452.89999,1.02194,0.99467,0.00431,0.00093,0.00009
453.04001,1.02194,0.99463,0.00433,0.00094,0.00009
453.17999,1.02194,0.99453,0.00443,0.00095,0.00009
453.32001,1.02194,0.99453,0.00443,0.00095,0.00009
453.45999,1.02194,0.99452,0.00444,0.00095,0.00009
453.60001,1.02194,0.99456,0.00441,0.00094,0.00009
453.73999,1.02194,0.99451,0.00444,0.00096,0.00009
453.88000,1.02194,0.99453,0.00442,0.00095,0.00009
454.01999,1.02194,0.99431,0.00462,0.00098,0.00009
454.16000,1.02194,0.99425,0.00466,0.00099,0.00010
454.29999,1.02194,0.99423,0.00468,0.00100,0.00010
454.44000,1.02194,0.99414,0.00476,0.00100,0.00009
454.57999,1.02194,0.99428,0.00464,0.00099,0.00010
454.72000,1.02194,0.99440,0.00453,0.00098,0.00010
454.85999,1.02194,0.99454,0.00441,0.00096,0.00009
455.00000,1.02194,0.99450,0.00446,0.00096,0.00009
455.14001,1.02191,0.99459,0.00437,0.00095,0.00009
455.28000,1.02194,0.99462,0.00435,0.00094,0.00009
455.42001,1.02191,0.99469,0.00429,0.00093,0.00009
455.56000,1.02194,0.99464,0.00434,0.00093,0.00009
455.70001,1.02191,0.99478,0.00420,0.00093,0.00009
455.84000,1.02194,0.99450,0.00445,0.00096,0.00009
455.98001,1.02191,0.99458,0.00438,0.00094,0.00009
456.12000,1.02194,0.99467,0.00430,0.00093,0.00009
456.26001,1.02194,0.99473,0.00425,0.00093,0.00010
456.39999,1.02194,0.99457,0.00439,0.00094,0.00009
456.54001,1.02194,0.99486,0.00413,0.00092,0.00009
456.67999,1.02194,0.99471,0.00427,0.00092,0.00009
456.82001,1.02194,0.99495,0.00406,0.00090,0.00009
456.95999,1.02194,0.99467,0.00432,0.00092,0.00009
457.10001,1.02194,0.99477,0.00423,0.00091,0.00009
457.23999,1.02194,0.99483,0.00418,0.00090,0.00009
457.38000,1.02194,0.99484,0.00417,0.00090,0.00009
457.51999,1.02194,0.99483,0.00418,0.00090,0.00009
457.66000,1.02194,0.99498,0.00405,0.00088,0.00009
457.79999,1.02194,0.99497,0.00406,0.00087,0.00009
457.94000,1.02194,0.99506,0.00399,0.00086,0.00009
458.07999,1.02194,0.99515,0.00392,0.00085,0.00009
458.22000,1.02194,0.99534,0.00374,0.00083,0.00009
458.35999,1.02194,0.99539,0.00370,0.00082,0.00009
458.50000,1.02194,0.99549,0.00362,0.00081,0.00009
458.64001,1.02191,0.99528,0.00381,0.00083,0.00008
458.78000,1.02194,0.99530,0.00378,0.00083,0.00009
458.92001,1.02191,0.99514,0.00393,0.00085,0.00008
459.06000,1.02194,0.99524,0.00383,0.00084,0.00009
459.20001,1.02191,0.99526,0.00382,0.00084,0.00009
459.34000,1.02194,0.99519,0.00388,0.00085,0.00009
459.48001,1.02191,0.99518,0.00389,0.00085,0.00009
459.62000,1.02194,0.99525,0.00382,0.00084,0.00009
459.76001,1.02194,0.99521,0.00387,0.00084,0.00008
459.89999,1.02194,0.99533,0.00376,0.00083,0.00008
460.04001,1.02194,0.99551,0.00360,0.00081,0.00009
460.17999,1.02194,0.99544,0.00366,0.00081,0.00009
460.32001,1.02194,0.99537,0.00372,0.00082,0.00008
460.45999,1.02194,0.99539,0.00371,0.00082,0.00008
460.60001,1.02194,0.99548,0.00362,0.00081,0.00009
460.73999,1.02194,0.99550,0.00361,0.00081,0.00009
460.88000,1.02194,0.99524,0.00383,0.00084,0.00009
461.01999,1.02194,0.99518,0.00389,0.00085,0.00009
461.16000,1.02194,0.99513,0.00392,0.00086,0.00009
461.29999,1.02194,0.99502,0.00402,0.00087,0.00009
461.44000,1.02194,0.99491,0.00411,0.00088,0.00009
461.57999,1.02194,0.99486,0.00415,0.00090,0.00009
461.72000,1.02194,0.99458,0.00440,0.00093,0.00009
461.85999,1.02194,0.99455,0.00444,0.00093,0.00009
462.00000,1.02194,0.99457,0.00441,0.00093,0.00009
462.14001,1.02191,0.99450,0.00447,0.00094,0.00009
462.28000,1.02194,0.99436,0.00459,0.00096,0.00009
462.42001,1.02191,0.99449,0.00447,0.00095,0.00009
462.56000,1.02194,0.99448,0.00448,0.00095,0.00009
462.70001,1.02191,0.99457,0.00440,0.00094,0.00009
462.84000,1.02194,0.99471,0.00428,0.00092,0.00009
462.98001,1.02191,0.99466,0.00432,0.00093,0.00009
463.12000,1.02194,0.99467,0.00431,0.00093,0.00009
463.26001,1.02194,0.99465,0.00433,0.00093,0.00009
463.39999,1.02194,0.99473,0.00426,0.00092,0.00009
463.54001,1.02194,0.99459,0.00438,0.00094,0.00009
463.67999,1.02194,0.99462,0.00434,0.00094,0.00009
463.82001,1.02194,0.99454,0.00442,0.00095,0.00009
463.95999,1.02194,0.99456,0.00439,0.00096,0.00009
464.10001,1.02194,0.99446,0.00448,0.00097,0.00010
464.23999,1.02194,0.99429,0.00463,0.00098,0.00009
464.38000,1.02194,0.99426,0.00466,0.00099,0.00009
464.51999,1.02194,0.99422,0.00468,0.00100,0.00010
464.66000,1.02194,0.99414,0.00474,0.00102,0.00010
464.79999,1.02194,0.99410,0.00479,0.00102,0.00010
464.94000,1.02194,0.99406,0.00481,0.00103,0.00010
465.07999,1.02194,0.99393,0.00493,0.00104,0.00010
465.22000,1.02194,0.99388,0.00498,0.00105,0.00010
465.35999,1.02194,0.99404,0.00483,0.00103,0.00010
465.50000,1.02194,0.99387,0.00498,0.00105,0.00010
465.64001,1.02191,0.99390,0.00496,0.00104,0.00010
465.78000,1.02194,0.99393,0.00493,0.00104,0.00010
465.92001,1.02191,0.99394,0.00493,0.00104,0.00010
466.06000,1.02194,0.99408,0.00478,0.00103,0.00010
466.20001,1.02191,0.99397,0.00488,0.00105,0.00010
466.34000,1.02194,0.99389,0.00496,0.00105,0.00010
466.48001,1.02191,0.99388,0.00497,0.00105,0.00010
466.62000,1.02194,0.99406,0.00481,0.00104,0.00010
466.76001,1.02194,0.99399,0.00487,0.00104,0.00010
466.89999,1.02194,0.99420,0.00470,0.00101,0.00010
467.04001,1.02194,0.99408,0.00480,0.00102,0.00009
467.17999,1.02194,0.99417,0.00473,0.00101,0.00010
467.32001,1.02194,0.99434,0.00458,0.00099,0.00010
467.45999,1.02194,0.99444,0.00448,0.00098,0.00010
467.60001,1.02194,0.99431,0.00460,0.00099,0.00010
467.73999,1.02194,0.99422,0.00468,0.00100,0.00010
467.88000,1.02194,0.99419,0.00471,0.00100,0.00010
468.01999,1.02194,0.99422,0.00468,0.00100,0.00010
468.16000,1.02194,0.99425,0.00466,0.00099,0.00009
468.29999,1.02194,0.99436,0.00457,0.00098,0.00009
468.44000,1.02194,0.99452,0.00442,0.00096,0.00009
468.57999,1.02194,0.99452,0.00443,0.00096,0.00010
468.72000,1.02194,0.99445,0.00450,0.00096,0.00009
468.85999,1.02194,0.99458,0.00439,0.00094,0.00009
469.00000,1.02194,0.99466,0.00431,0.00093,0.00009
469.14001,1.02191,0.99465,0.00433,0.00093,0.00009
469.28000,1.02194,0.99480,0.00419,0.00092,0.00009
469.42001,1.02191,0.99474,0.00426,0.00092,0.00009
469.56000,1.02194,0.99502,0.00400,0.00088,0.00009
469.70001,1.02191,0.99491,0.00411,0.00089,0.00009
469.84000,1.02194,0.99490,0.00412,0.00089,0.00009
469.98001,1.02191,0.99491,0.00411,0.00089,0.00009
470.12000,1.02194,0.99499,0.00404,0.00088,0.00009
470.26001,1.02194,0.99502,0.00402,0.00087,0.00009
470.39999,1.02194,0.99508,0.00396,0.00087,0.00009
470.54001,1.02194,0.99514,0.00392,0.00086,0.00009
470.67999,1.02194,0.99527,0.00380,0.00084,0.00009
470.82001,1.02194,0.99506,0.00401,0.00085,0.00008
470.95999,1.02194,0.99523,0.00384,0.00084,0.00009
471.10001,1.02194,0.99525,0.00383,0.00084,0.00009
471.23999,1.02194,0.99538,0.00371,0.00083,0.00009
471.38000,1.02194,0.99521,0.00386,0.00084,0.00009
471.51999,1.02194,0.99516,0.00391,0.00085,0.00008
471.66000,1.02194,0.99516,0.00392,0.00084,0.00008
471.79999,1.02194,0.99535,0.00375,0.00082,0.00008
471.94000,1.02194,0.99532,0.00377,0.00082,0.00008
472.07999,1.02194,0.99521,0.00387,0.00084,0.00008
472.22000,1.02194,0.99546,0.00364,0.00082,0.00009
472.35999,1.02194,0.99544,0.00366,0.00081,0.00008
472.50000,1.02194,0.99539,0.00371,0.00082,0.00009
472.64001,1.02191,0.99525,0.00384,0.00083,0.00008
472.78000,1.02194,0.99531,0.00378,0.00083,0.00008
472.92001,1.02191,0.99534,0.00375,0.00082,0.00008
473.06000,1.02194,0.99540,0.00370,0.00082,0.00009
473.20001,1.02191,0.99533,0.00376,0.00083,0.00009
473.34000,1.02194,0.99528,0.00381,0.00083,0.00009
473.48001,1.02191,0.99527,0.00381,0.00083,0.00008
473.62000,1.02194,0.99529,0.00380,0.00083,0.00009
473.76001,1.02194,0.99525,0.00383,0.00083,0.00009
473.89999,1.02194,0.99518,0.00390,0.00084,0.00008
474.04001,1.02194,0.99526,0.00382,0.00083,0.00008
474.17999,1.02194,0.99509,0.00398,0.00085,0.00008
474.32001,1.02194,0.99524,0.00383,0.00084,0.00009
474.45999,1.02194,0.99512,0.00394,0.00085,0.00009
474.60001,1.02194,0.99501,0.00405,0.00086,0.00008
474.73999,1.02194,0.99514,0.00392,0.00085,0.00009
474.88000,1.02194,0.99525,0.00382,0.00085,0.00009
475.01999,1.02194,0.99506,0.00400,0.00086,0.00008
475.16000,1.02194,0.99514,0.00392,0.00085,0.00009
475.29999,1.02194,0.99496,0.00407,0.00088,0.00009
475.44000,1.02194,0.99499,0.00404,0.00088,0.00009
475.57999,1.02194,0.99493,0.00410,0.00089,0.00009
475.72000,1.02194,0.99485,0.00415,0.00090,0.00009
475.85999,1.02194,0.99482,0.00417,0.00091,0.00009
476.00000,1.02194,0.99474,0.00426,0.00091,0.00009
476.14001,1.02191,0.99471,0.00428,0.00092,0.00009
476.28000,1.02194,0.99462,0.00436,0.00093,0.00009
476.42001,1.02191,0.99456,0.00441,0.00094,0.00009
476.56000,1.02194,0.99463,0.00435,0.00094,0.00009
476.70001,1.02191,0.99474,0.00423,0.00093,0.00009
476.84000,1.02194,0.99457,0.00439,0.00095,0.00009
476.98001,1.02191,0.99446,0.00449,0.00096,0.00009
477.12000,1.02194,0.99446,0.00448,0.00096,0.00009
477.26001,1.02194,0.99440,0.00454,0.00097,0.00009
477.39999,1.02194,0.99448,0.00446,0.00096,0.00009
477.54001,1.02194,0.99437,0.00455,0.00098,0.00010
477.67999,1.02194,0.99437,0.00455,0.00098,0.00010
477.82001,1.02194,0.99399,0.00490,0.00102,0.00009
477.95999,1.02194,0.99398,0.00490,0.00102,0.00010
478.10001,1.02194,0.99396,0.00491,0.00103,0.00010
478.23999,1.02194,0.99382,0.00503,0.00105,0.00010
478.38000,1.02194,0.99389,0.00495,0.00105,0.00010
478.51999,1.02194,0.99364,0.00518,0.00108,0.00010
478.66000,1.02194,0.99381,0.00503,0.00106,0.00010
478.79999,1.02194,0.99389,0.00496,0.00105,0.00010
478.94000,1.02194,0.99381,0.00503,0.00106,0.00010
479.07999,1.02194,0.99386,0.00499,0.00105,0.00010
479.22000,1.02194,0.99408,0.00479,0.00103,0.00010
479.35999,1.02194,0.99386,0.00500,0.00105,0.00010
479.50000,1.02194,0.99393,0.00494,0.00104,0.00010
479.64001,1.02191,0.99419,0.00470,0.00101,0.00010
479.78000,1.02194,0.99419,0.00471,0.00100,0.00010
479.92001,1.02191,0.99415,0.00475,0.00101,0.00010
480.06000,1.02194,0.99414,0.00475,0.00101,0.00010
480.20001,1.02191,0.99414,0.00475,0.00101,0.00010
480.34000,1.02194,0.99430,0.00462,0.00099,0.00009
480.48001,1.02191,0.99444,0.00449,0.00097,0.00010
480.62000,1.02194,0.99427,0.00465,0.00099,0.00009
480.76001,1.02194,0.99444,0.00449,0.00097,0.00010
480.89999,1.02194,0.99430,0.00463,0.00098,0.00009
481.04001,1.02194,0.99435,0.00459,0.00097,0.00009
481.17999,1.02194,0.99444,0.00449,0.00097,0.00009
481.32001,1.02194,0.99444,0.00450,0.00097,0.00009
481.45999,1.02194,0.99448,0.00446,0.00096,0.00009
481.60001,1.02194,0.99471,0.00426,0.00093,0.00009
481.73999,1.02194,0.99475,0.00424,0.00092,0.00009
481.88000,1.02194,0.99478,0.00420,0.00092,0.00009
482.01999,1.02194,0.99480,0.00419,0.00092,0.00009
482.16000,1.02194,0.99413,0.00479,0.00099,0.00009
482.29999,1.02194,0.99336,0.00549,0.00105,0.00010
482.44000,1.02194,0.99263,0.00614,0.00112,0.00010
482.57999,1.02194,0.99162,0.00708,0.00119,0.00011
482.72000,1.02194,0.99140,0.00720,0.00129,0.00011
482.85999,1.02194,0.98989,0.00861,0.00138,0.00012
483.00000,1.02194,0.98812,0.01028,0.00148,0.00012
483.14001,1.02191,0.98819,0.01014,0.00154,0.00013
483.28000,1.02194,0.98914,0.00924,0.00150,0.00013
483.42001,1.02191,0.98942,0.00903,0.00143,0.00012
483.56000,1.02194,0.98972,0.00864,0.00150,0.00013
483.70001,1.02191,0.99111,0.00726,0.00148,0.00015
483.84000,1.02194,0.99273,0.00584,0.00130,0.00013
483.98001,1.02191,0.99361,0.00510,0.00117,0.00012
484.12000,1.02194,0.99423,0.00463,0.00104,0.00010
484.26001,1.02194,0.99450,0.00443,0.00098,0.00010
484.39999,1.02194,0.99493,0.00406,0.00091,0.00009
484.54001,1.02194,0.99481,0.00419,0.00091,0.00009
484.67999,1.02194,0.99502,0.00401,0.00088,0.00009
484.82001,1.02194,0.99500,0.00404,0.00088,0.00009
484.95999,1.02194,0.99498,0.00406,0.00088,0.00009
485.10001,1.02194,0.99506,0.00398,0.00087,0.00009
485.23999,1.02194,0.99501,0.00403,0.00087,0.00009
485.38000,1.02194,0.99506,0.00399,0.00086,0.00009
485.51999,1.02194,0.99516,0.00390,0.00085,0.00009
485.66000,1.02194,0.99512,0.00394,0.00085,0.00008
485.79999,1.02194,0.99529,0.00378,0.00084,0.00009
485.94000,1.02194,0.99505,0.00400,0.00086,0.00009
486.07999,1.02194,0.99503,0.00401,0.00087,0.00009
486.22000,1.02194,0.99507,0.00398,0.00086,0.00009
486.35999,1.02194,0.99516,0.00390,0.00085,0.00009
486.50000,1.02194,0.99497,0.00408,0.00087,0.00009
486.64001,1.02191,0.99505,0.00400,0.00086,0.00009
486.78000,1.02194,0.99500,0.00406,0.00086,0.00008
486.92001,1.02191,0.99516,0.00390,0.00085,0.00009
487.06000,1.02194,0.99505,0.00401,0.00086,0.00008
487.20001,1.02191,0.99528,0.00380,0.00084,0.00009
487.34000,1.02194,0.99525,0.00383,0.00083,0.00008
487.48001,1.02191,0.99531,0.00378,0.00083,0.00009
487.62000,1.02194,0.99522,0.00386,0.00084,0.00009
487.76001,1.02194,0.99517,0.00390,0.00084,0.00008
487.89999,1.02194,0.99509,0.00397,0.00085,0.00009
488.04001,1.02194,0.99501,0.00403,0.00087,0.00009
488.17999,1.02194,0.99504,0.00400,0.00087,0.00009
488.32001,1.02194,0.99492,0.00412,0.00088,0.00009
488.45999,1.02194,0.99492,0.00412,0.00088,0.00009
488.60001,1.02194,0.99481,0.00421,0.00089,0.00008
488.73999,1.02194,0.99494,0.00411,0.00087,0.00008
488.88000,1.02194,0.99511,0.00394,0.00086,0.00009
489.01999,1.02194,0.99512,0.00394,0.00086,0.00009
489.16000,1.02194,0.99496,0.00408,0.00087,0.00009
489.29999,1.02194,0.99500,0.00404,0.00087,0.00009
489.44000,1.02194,0.99497,0.00407,0.00088,0.00009
489.57999,1.02194,0.99496,0.00408,0.00088,0.00009
489.72000,1.02194,0.99510,0.00394,0.00087,0.00009
489.85999,1.02194,0.99497,0.00406,0.00088,0.00009
490.00000,1.02194,0.99479,0.00422,0.00090,0.00009
490.14001,1.02191,0.99467,0.00433,0.00091,0.00009
490.28000,1.02194,0.99464,0.00435,0.00092,0.00009
490.42001,1.02191,0.99445,0.00451,0.00095,0.00009
490.56000,1.02194,0.99460,0.00436,0.00094,0.00009
490.70001,1.02191,0.99434,0.00459,0.00098,0.00009
490.84000,1.02194,0.99437,0.00457,0.00097,0.00009
490.98001,1.02191,0.99431,0.00462,0.00097,0.00009
491.12000,1.02194,0.99451,0.00445,0.00095,0.00009
491.26001,1.02194,0.99447,0.00449,0.00095,0.00009
491.39999,1.02194,0.99461,0.00437,0.00094,0.00009
491.54001,1.02194,0.99461,0.00436,0.00094,0.00009
491.67999,1.02194,0.99460,0.00436,0.00094,0.00009
491.82001,1.02194,0.99449,0.00446,0.00096,0.00009
491.95999,1.02194,0.99443,0.00450,0.00097,0.00010
492.10001,1.02194,0.99441,0.00452,0.00097,0.00010
492.23999,1.02194,0.99428,0.00464,0.00099,0.00009
492.38000,1.02194,0.99426,0.00466,0.00099,0.00009
492.51999,1.02194,0.99426,0.00466,0.00099,0.00009
492.66000,1.02194,0.99429,0.00464,0.00098,0.00009
492.79999,1.02194,0.99446,0.00449,0.00096,0.00009
492.94000,1.02194,0.99453,0.00443,0.00095,0.00009
493.07999,1.02194,0.99464,0.00433,0.00094,0.00009
493.22000,1.02194,0.99462,0.00435,0.00094,0.00009
493.35999,1.02194,0.99469,0.00429,0.00093,0.00009
493.50000,1.02194,0.99451,0.00445,0.00095,0.00009
493.64001,1.02191,0.99467,0.00430,0.00094,0.00009
493.78000,1.02194,0.99470,0.00427,0.00093,0.00009
493.92001,1.02191,0.99467,0.00431,0.00093,0.00009
494.06000,1.02194,0.99482,0.00418,0.00091,0.00009
494.20001,1.02191,0.99482,0.00419,0.00091,0.00009
494.34000,1.02194,0.99493,0.00408,0.00089,0.00009
494.48001,1.02191,0.99488,0.00413,0.00090,0.00009
494.62000,1.02194,0.99488,0.00413,0.00090,0.00009
494.76001,1.02194,0.99477,0.00422,0.00091,0.00009
494.89999,1.02194,0.99471,0.00428,0.00092,0.00009
495.04001,1.02194,0.99469,0.00429,0.00093,0.00009
495.17999,1.02194,0.99454,0.00443,0.00094,0.00009
495.32001,1.02194,0.99459,0.00438,0.00094,0.00009
495.45999,1.02194,0.99444,0.00452,0.00096,0.00009
495.60001,1.02194,0.99432,0.00462,0.00097,0.00009
495.73999,1.02194,0.99451,0.00444,0.00096,0.00009
495.88000,1.02194,0.99456,0.00440,0.00095,0.00009
496.01999,1.02194,0.99457,0.00439,0.00094,0.00009
496.16000,1.02194,0.99456,0.00440,0.00094,0.00009
496.29999,1.02194,0.99451,0.00445,0.00095,0.00009
496.44000,1.02194,0.99449,0.00447,0.00095,0.00009
496.57999,1.02194,0.99452,0.00443,0.00096,0.00009
496.72000,1.02194,0.99438,0.00455,0.00097,0.00010
496.85999,1.02194,0.99420,0.00471,0.00100,0.00010
497.00000,1.02194,0.99424,0.00466,0.00100,0.00010
497.14001,1.02191,0.99417,0.00472,0.00101,0.00010
497.28000,1.02194,0.99402,0.00487,0.00102,0.00009
497.42001,1.02191,0.99421,0.00469,0.00101,0.00010
497.56000,1.02194,0.99407,0.00481,0.00102,0.00010
497.70001,1.02191,0.99402,0.00486,0.00103,0.00010
497.84000,1.02194,0.99392,0.00494,0.00104,0.00010
497.98001,1.02191,0.99403,0.00484,0.00103,0.00010
498.12000,1.02194,0.99409,0.00478,0.00103,0.00010
498.26001,1.02194,0.99408,0.00478,0.00103,0.00010
498.39999,1.02194,0.99396,0.00489,0.00104,0.00010
498.54001,1.02194,0.99379,0.00505,0.00106,0.00010
498.67999,1.02194,0.99379,0.00506,0.00105,0.00010
498.82001,1.02194,0.99370,0.00513,0.00107,0.00010
498.95999,1.02194,0.99377,0.00506,0.00107,0.00010
499.10001,1.02194,0.99410,0.00476,0.00104,0.00010
499.23999,1.02194,0.99376,0.00507,0.00107,0.00010
499.38000,1.02194,0.99374,0.00508,0.00108,0.00010
499.51999,1.02194,0.99375,0.00507,0.00108,0.00010
499.66000,1.02194,0.99370,0.00511,0.00108,0.00010
499.79999,1.02194,0.99380,0.00502,0.00108,0.00010
499.94000,1.02194,0.99376,0.00505,0.00109,0.00010
500.07999,1.02194,0.99370,0.00511,0.00109,0.00010
500.22000,1.02194,0.99395,0.00489,0.00105,0.00010
500.35999,1.02194,0.99393,0.00491,0.00106,0.00010
500.50000,1.02194,0.99382,0.00501,0.00107,0.00010
500.64001,1.02191,0.99398,0.00487,0.00105,0.00010
500.78000,1.02194,0.99430,0.00458,0.00102,0.00010
500.92001,1.02191,0.99405,0.00481,0.00104,0.00010
501.06000,1.02194,0.99378,0.00505,0.00107,0.00010
501.20001,1.02191,0.99358,0.00522,0.00109,0.00010
501.34000,1.02194,0.99378,0.00505,0.00108,0.00010
501.48001,1.02191,0.99386,0.00497,0.00107,0.00010
501.62000,1.02194,0.99383,0.00500,0.00107,0.00010
501.76001,1.02194,0.99397,0.00487,0.00106,0.00010
501.89999,1.02194,0.99375,0.00507,0.00108,0.00010
502.04001,1.02194,0.99393,0.00492,0.00105,0.00010
502.17999,1.02194,0.99400,0.00487,0.00104,0.00010
502.32001,1.02194,0.99394,0.00491,0.00105,0.00010
502.45999,1.02194,0.99389,0.00494,0.00107,0.00010
502.60001,1.02194,0.99399,0.00485,0.00106,0.00010
502.73999,1.02194,0.99387,0.00496,0.00107,0.00010
502.88000,1.02194,0.99385,0.00498,0.00107,0.00010
503.01999,1.02194,0.99366,0.00515,0.00109,0.00010
503.16000,1.02194,0.99363,0.00518,0.00109,0.00010
503.29999,1.02194,0.99408,0.00478,0.00104,0.00010
503.44000,1.02194,0.99403,0.00483,0.00104,0.00010
503.57999,1.02194,0.99406,0.00479,0.00105,0.00010
503.72000,1.02194,0.99396,0.00489,0.00104,0.00010
503.85999,1.02194,0.99412,0.00476,0.00102,0.00010
504.00000,1.02194,0.99415,0.00473,0.00102,0.00010
504.14001,1.02191,0.99417,0.00471,0.00102,0.00010
504.28000,1.02194,0.99415,0.00473,0.00102,0.00010
504.42001,1.02191,0.99420,0.00469,0.00102,0.00010
504.56000,1.02194,0.99386,0.00500,0.00104,0.00010
504.70001,1.02191,0.99407,0.00480,0.00103,0.00010
504.84000,1.02194,0.99399,0.00487,0.00104,0.00010
504.98001,1.02191,0.99395,0.00491,0.00104,0.00010
505.12000,1.02194,0.99403,0.00484,0.00103,0.00010
505.26001,1.02194,0.99431,0.00459,0.00100,0.00010
505.39999,1.02194,0.99415,0.00475,0.00101,0.00009
505.54001,1.02194,0.99430,0.00461,0.00099,0.00009
505.67999,1.02194,0.99442,0.00451,0.00097,0.00009
505.82001,1.02194,0.99446,0.00448,0.00096,0.00009
505.95999,1.02194,0.99454,0.00441,0.00096,0.00009
506.10001,1.02194,0.99458,0.00437,0.00095,0.00010
506.23999,1.02194,0.99451,0.00444,0.00096,0.00009
506.38000,1.02194,0.99449,0.00445,0.00096,0.00009
506.51999,1.02194,0.99443,0.00452,0.00096,0.00009
506.66000,1.02194,0.99453,0.00443,0.00095,0.00009
506.79999,1.02194,0.99451,0.00445,0.00095,0.00009
506.94000,1.02194,0.99447,0.00448,0.00096,0.00009
507.07999,1.02194,0.99443,0.00452,0.00096,0.00009
507.22000,1.02194,0.99466,0.00431,0.00093,0.00009
507.35999,1.02194,0.99484,0.00416,0.00091,0.00009
507.50000,1.02194,0.99472,0.00427,0.00092,0.00009
507.64001,1.02191,0.99472,0.00427,0.00092,0.00009
507.78000,1.02194,0.99462,0.00436,0.00093,0.00009
507.92001,1.02191,0.99465,0.00434,0.00093,0.00009
508.06000,1.02194,0.99472,0.00426,0.00092,0.00009
508.20001,1.02191,0.99456,0.00441,0.00094,0.00009
508.34000,1.02194,0.99456,0.00440,0.00094,0.00009
508.48001,1.02191,0.99462,0.00434,0.00094,0.00009
508.62000,1.02194,0.99451,0.00446,0.00094,0.00009
508.76001,1.02194,0.99457,0.00440,0.00094,0.00009
508.89999,1.02194,0.99459,0.00437,0.00094,0.00009
509.04001,1.02194,0.99454,0.00442,0.00095,0.00009
509.17999,1.02194,0.99445,0.00450,0.00096,0.00009
509.32001,1.02194,0.99443,0.00451,0.00097,0.00009
509.45999,1.02194,0.99450,0.00445,0.00096,0.00010
509.60001,1.02194,0.99425,0.00467,0.00099,0.00009
509.73999,1.02194,0.99441,0.00452,0.00098,0.00010
509.88000,1.02194,0.99425,0.00466,0.00100,0.00010
510.01999,1.02194,0.99411,0.00478,0.00101,0.00010
510.16000,1.02194,0.99394,0.00493,0.00103,0.00010
510.29999,1.02194,0.99391,0.00495,0.00104,0.00010
510.44000,1.02194,0.99388,0.00498,0.00105,0.00010
510.57999,1.02194,0.99380,0.00504,0.00106,0.00010
510.72000,1.02194,0.99364,0.00519,0.00108,0.00010
510.85999,1.02194,0.99381,0.00503,0.00106,0.00010
511.00000,1.02191,0.99361,0.00520,0.00109,0.00010
511.14001,1.02191,0.99345,0.00535,0.00110,0.00010
511.28000,1.02194,0.99370,0.00512,0.00109,0.00010
511.42001,1.02194,0.99352,0.00527,0.00111,0.00010
511.56000,1.02191,0.99380,0.00502,0.00108,0.00010
511.70001,1.02191,0.99360,0.00520,0.00110,0.00010
511.84000,1.02194,0.99351,0.00528,0.00110,0.00010
511.98001,1.02194,0.99358,0.00523,0.00110,0.00010
512.12000,1.02197,0.99388,0.00495,0.00107,0.00010
512.26001,1.02191,0.99364,0.00517,0.00109,0.00010
512.40002,1.02191,0.99391,0.00492,0.00107,0.00010
512.53998,1.02197,0.99377,0.00506,0.00107,0.00010
512.67999,1.02197,0.99387,0.00496,0.00107,0.00010
512.82001,1.02191,0.99388,0.00495,0.00107,0.00010
512.96002,1.02191,0.99395,0.00488,0.00106,0.00010
513.09998,1.02197,0.99373,0.00508,0.00108,0.00010
513.23999,1.02197,0.99414,0.00471,0.00104,0.00010
513.38000,1.02191,0.99380,0.00502,0.00108,0.00010
513.52002,1.02191,0.99405,0.00479,0.00105,0.00010
513.65997,1.02197,0.99383,0.00500,0.00107,0.00010
513.79999,1.02197,0.99381,0.00501,0.00107,0.00010
513.94000,1.02191,0.99381,0.00502,0.00107,0.00010
514.08002,1.02191,0.99390,0.00493,0.00107,0.00010
514.21997,1.02197,0.99363,0.00517,0.00109,0.00010
514.35999,1.02197,0.99363,0.00517,0.00110,0.00010
514.50000,1.02191,0.99365,0.00515,0.00110,0.00010
514.64001,1.02191,0.99376,0.00505,0.00108,0.00010
514.78003,1.02191,0.99408,0.00476,0.00105,0.00011
514.91998,1.02197,0.99383,0.00499,0.00107,0.00010
515.06000,1.02191,0.99363,0.00518,0.00109,0.00010
515.20001,1.02191,0.99366,0.00516,0.00109,0.00010
515.34003,1.02191,0.99376,0.00506,0.00108,0.00010
515.47998,1.02197,0.99358,0.00522,0.00110,0.00010
515.62000,1.02197,0.99358,0.00521,0.00110,0.00011
515.76001,1.02191,0.99357,0.00522,0.00111,0.00010
515.90002,1.02191,0.99371,0.00510,0.00109,0.00010
516.03998,1.02197,0.99360,0.00520,0.00109,0.00010
516.17999,1.02197,0.99342,0.00536,0.00111,0.00010
516.32001,1.02191,0.99357,0.00522,0.00111,0.00010
516.46002,1.02191,0.99365,0.00515,0.00110,0.00010
516.59998,1.02197,0.99368,0.00512,0.00109,0.00010
516.73999,1.02197,0.99373,0.00507,0.00109,0.00011
516.88000,1.02191,0.99354,0.00525,0.00111,0.00010
517.02002,1.02191,0.99374,0.00508,0.00108,0.00010
517.15997,1.02197,0.99393,0.00491,0.00106,0.00010
517.29999,1.02197,0.99404,0.00481,0.00105,0.00010
517.44000,1.02191,0.99395,0.00490,0.00105,0.00010
517.58002,1.02191,0.99379,0.00503,0.00107,0.00010
517.71997,1.02197,0.99383,0.00500,0.00107,0.00010
517.85999,1.02197,0.99370,0.00511,0.00109,0.00010
518.00000,1.02191,0.99372,0.00510,0.00108,0.00010
518.14001,1.02191,0.99368,0.00513,0.00109,0.00010
518.28003,1.02191,0.99398,0.00487,0.00106,0.00010
518.41998,1.02197,0.99396,0.00489,0.00104,0.00010
518.56000,1.02191,0.99415,0.00473,0.00102,0.00010
518.70001,1.02191,0.99405,0.00482,0.00103,0.00010
518.84003,1.02191,0.99412,0.00476,0.00102,0.00010
518.97998,1.02197,0.99415,0.00474,0.00101,0.00010
519.12000,1.02197,0.99429,0.00461,0.00100,0.00010
519.26001,1.02191,0.99413,0.00477,0.00101,0.00010
519.40002,1.02191,0.99434,0.00458,0.00099,0.00010
519.53998,1.02197,0.99421,0.00470,0.00099,0.00009
519.67999,1.02197,0.99437,0.00456,0.00098,0.00010
519.82001,1.02191,0.99430,0.00462,0.00099,0.00009
519.96002,1.02191,0.99412,0.00478,0.00100,0.00009
520.09998,1.02197,0.99432,0.00460,0.00098,0.00010
520.23999,1.02197,0.99438,0.00455,0.00098,0.00009
520.38000,1.02191,0.99438,0.00456,0.00097,0.00009
520.52002,1.02191,0.99473,0.00424,0.00093,0.00010
520.65997,1.02197,0.99456,0.00440,0.00094,0.00009
520.79999,1.02197,0.99484,0.00416,0.00091,0.00009
520.94000,1.02191,0.99503,0.00400,0.00088,0.00009
521.08002,1.02191,0.99518,0.00387,0.00086,0.00009
521.21997,1.02197,0.99511,0.00393,0.00086,0.00009
521.35999,1.02197,0.99506,0.00398,0.00087,0.00009
521.50000,1.02191,0.99509,0.00394,0.00087,0.00009
521.64001,1.02191,0.99514,0.00390,0.00087,0.00009
521.78003,1.02191,0.99487,0.00414,0.00090,0.00009
521.91998,1.02197,0.99484,0.00416,0.00091,0.00009
522.06000,1.02191,0.99479,0.00421,0.00091,0.00009
522.20001,1.02191,0.99494,0.00409,0.00089,0.00009
522.34003,1.02191,0.99494,0.00410,0.00088,0.00009
522.47998,1.02197,0.99508,0.00396,0.00086,0.00009
522.62000,1.02197,0.99507,0.00397,0.00087,0.00009
522.76001,1.02191,0.99511,0.00394,0.00086,0.00009
522.90002,1.02191,0.99503,0.00401,0.00087,0.00009
523.03998,1.02197,0.99499,0.00404,0.00088,0.00009
523.17999,1.02197,0.99498,0.00405,0.00088,0.00009
523.32001,1.02191,0.99513,0.00392,0.00086,0.00009
523.46002,1.02191,0.99518,0.00388,0.00085,0.00009
523.59998,1.02197,0.99512,0.00394,0.00085,0.00008
523.73999,1.02197,0.99506,0.00400,0.00086,0.00008
523.88000,1.02191,0.99516,0.00391,0.00084,0.00008
524.02002,1.02191,0.99540,0.00369,0.00082,0.00009
524.15997,1.02197,0.99532,0.00377,0.00083,0.00008
524.29999,1.02197,0.99517,0.00390,0.00084,0.00008
524.44000,1.02191,0.99522,0.00386,0.00084,0.00008
524.58002,1.02191,0.99529,0.00380,0.00083,0.00008
524.71997,1.02197,0.99521,0.00386,0.00084,0.00008
524.85999,1.02197,0.99527,0.00381,0.00084,0.00009
525.00000,1.02191,0.99530,0.00378,0.00084,0.00009
525.14001,1.02191,0.99523,0.00384,0.00084,0.00009
525.28003,1.02191,0.99526,0.00382,0.00084,0.00009
525.41998,1.02197,0.99527,0.00381,0.00084,0.00009
525.56000,1.02191,0.99522,0.00385,0.00084,0.00009
525.70001,1.02191,0.99502,0.00403,0.00086,0.00009
525.84003,1.02191,0.99523,0.00384,0.00084,0.00009
525.97998,1.02197,0.99486,0.00417,0.00088,0.00009
526.12000,1.02197,0.99500,0.00404,0.00087,0.00009
526.26001,1.02191,0.99497,0.00406,0.00088,0.00009
526.40002,1.02191,0.99484,0.00417,0.00089,0.00009
526.53998,1.02197,0.99468,0.00432,0.00091,0.00009
526.67999,1.02197,0.99475,0.00425,0.00091,0.00009
526.82001,1.02191,0.99469,0.00430,0.00092,0.00009
526.96002,1.02191,0.99484,0.00416,0.00091,0.00009
527.09998,1.02197,0.99449,0.00449,0.00094,0.00009
527.23999,1.02197,0.99457,0.00440,0.00094,0.00009
527.38000,1.02191,0.99463,0.00436,0.00093,0.00009
527.52002,1.02191,0.99456,0.00441,0.00094,0.00009
527.65997,1.02197,0.99450,0.00446,0.00095,0.00009
527.79999,1.02197,0.99453,0.00442,0.00095,0.00009
527.94000,1.02191,0.99442,0.00453,0.00096,0.00009
528.08002,1.02191,0.99447,0.00448,0.00096,0.00009
528.21997,1.02197,0.99455,0.00440,0.00095,0.00009
528.35999,1.02197,0.99453,0.00443,0.00095,0.00009
528.50000,1.02191,0.99448,0.00447,0.00095,0.00009
528.64001,1.02191,0.99439,0.00455,0.00096,0.00009
528.78003,1.02191,0.99449,0.00445,0.00096,0.00010
528.91998,1.02197,0.99417,0.00474,0.00099,0.00009
529.06000,1.02191,0.99428,0.00463,0.00099,0.00010
529.20001,1.02191,0.99404,0.00484,0.00102,0.00010
529.34003,1.02191,0.99427,0.00463,0.00100,0.00010
529.47998,1.02197,0.99381,0.00505,0.00104,0.00010
529.62000,1.02197,0.99389,0.00497,0.00105,0.00010
529.76001,1.02191,0.99358,0.00523,0.00109,0.00010
529.90002,1.02191,0.99368,0.00515,0.00107,0.00010
530.03998,1.02197,0.99379,0.00504,0.00107,0.00010
530.17999,1.02197,0.99381,0.00502,0.00107,0.00010
530.32001,1.02191,0.99362,0.00519,0.00109,0.00010
530.46002,1.02191,0.99361,0.00521,0.00109,0.00010
530.59998,1.02197,0.99368,0.00515,0.00108,0.00010
530.73999,1.02197,0.99369,0.00513,0.00108,0.00010
530.88000,1.02191,0.99387,0.00497,0.00106,0.00010
531.02002,1.02191,0.99391,0.00493,0.00106,0.00010
531.15997,1.02197,0.99374,0.00509,0.00108,0.00010
531.29999,1.02197,0.99378,0.00506,0.00106,0.00010
531.44000,1.02191,0.99364,0.00517,0.00108,0.00010
531.58002,1.02191,0.99368,0.00514,0.00108,0.00010
531.71997,1.02197,0.99396,0.00489,0.00105,0.00010
531.85999,1.02197,0.99403,0.00483,0.00105,0.00010
532.00000,1.02191,0.99385,0.00498,0.00107,0.00010
532.14001,1.02191,0.99368,0.00514,0.00108,0.00010
532.28003,1.02191,0.99373,0.00510,0.00107,0.00010
532.41998,1.02197,0.99385,0.00499,0.00107,0.00010
532.56000,1.02191,0.99408,0.00477,0.00104,0.00010
532.70001,1.02191,0.99386,0.00497,0.00107,0.00010
532.84003,1.02191,0.99377,0.00505,0.00107,0.00010
532.97998,1.02197,0.99389,0.00495,0.00106,0.00010
533.12000,1.02197,0.99370,0.00512,0.00108,0.00010
533.26001,1.02191,0.99373,0.00508,0.00108,0.00010
533.40002,1.02191,0.99392,0.00491,0.00106,0.00011
533.53998,1.02197,0.99368,0.00513,0.00109,0.00010
533.67999,1.02197,0.99384,0.00499,0.00106,0.00010
533.82001,1.02191,0.99388,0.00497,0.00106,0.00010
533.96002,1.02191,0.99395,0.00491,0.00104,0.00010
534.09998,1.02197,0.99402,0.00485,0.00103,0.00010
534.23999,1.02197,0.99393,0.00494,0.00104,0.00010
534.38000,1.02191,0.99428,0.00462,0.00100,0.00010
534.52002,1.02191,0.99436,0.00456,0.00098,0.00010
534.65997,1.02197,0.99423,0.00468,0.00100,0.00009
534.79999,1.02197,0.99424,0.00468,0.00098,0.00009
534.94000,1.02191,0.99441,0.00453,0.00097,0.00009
535.08002,1.02191,0.99427,0.00467,0.00098,0.00009
535.21997,1.02197,0.99455,0.00440,0.00095,0.00009
535.35999,1.02197,0.99455,0.00440,0.00095,0.00009
535.50000,1.02191,0.99450,0.00446,0.00095,0.00009
535.64001,1.02191,0.99448,0.00447,0.00096,0.00009
535.78003,1.02191,0.99450,0.00446,0.00095,0.00009
535.91998,1.02197,0.99456,0.00440,0.00094,0.00009
536.06000,1.02191,0.99470,0.00427,0.00093,0.00009
536.20001,1.02191,0.99467,0.00430,0.00093,0.00009
536.34003,1.02191,0.99459,0.00438,0.00094,0.00009
536.47998,1.02197,0.99454,0.00443,0.00094,0.00009
536.62000,1.02197,0.99453,0.00444,0.00094,0.00009
536.76001,1.02191,0.99466,0.00432,0.00092,0.00009
536.90002,1.02191,0.99477,0.00423,0.00091,0.00009
537.03998,1.02197,0.99481,0.00420,0.00090,0.00009
537.17999,1.02197,0.99492,0.00410,0.00089,0.00009
537.32001,1.02191,0.99488,0.00414,0.00089,0.00009
537.46002,1.02191,0.99490,0.00413,0.00088,0.00009
537.59998,1.02197,0.99507,0.00398,0.00087,0.00009
537.73999,1.02197,0.99500,0.00404,0.00087,0.00009
537.88000,1.02191,0.99506,0.00398,0.00087,0.00009
538.02002,1.02191,0.99500,0.00405,0.00087,0.00009
538.15997,1.02197,0.99518,0.00388,0.00085,0.00009
538.29999,1.02197,0.99506,0.00399,0.00086,0.00009
538.44000,1.02191,0.99515,0.00391,0.00085,0.00009
538.58002,1.02191,0.99516,0.00391,0.00085,0.00008
538.71997,1.02197,0.99521,0.00387,0.00084,0.00008
538.85999,1.02197,0.99521,0.00387,0.00084,0.00008
539.00000,1.02191,0.99531,0.00378,0.00083,0.00008
539.14001,1.02191,0.99527,0.00381,0.00083,0.00009
539.28003,1.02191,0.99523,0.00384,0.00084,0.00008
539.41998,1.02197,0.99523,0.00384,0.00084,0.00009
539.56000,1.02191,0.99520,0.00387,0.00084,0.00009
539.70001,1.02191,0.99528,0.00379,0.00084,0.00009
539.84003,1.02191,0.99523,0.00384,0.00084,0.00009
539.97998,1.02197,0.99515,0.00392,0.00085,0.00009
540.12000,1.02197,0.99525,0.00383,0.00084,0.00009
540.26001,1.02191,0.99512,0.00395,0.00085,0.00009
540.40002,1.02191,0.99518,0.00389,0.00084,0.00008
540.53998,1.02197,0.99530,0.00378,0.00083,0.00009
540.67999,1.02197,0.99524,0.00384,0.00084,0.00009
540.82001,1.02191,0.99511,0.00395,0.00085,0.00009
540.96002,1.02191,0.99508,0.00397,0.00086,0.00009
541.09998,1.02197,0.99506,0.00399,0.00086,0.00009
541.23999,1.02197,0.99516,0.00390,0.00085,0.00009
541.38000,1.02191,0.99510,0.00395,0.00086,0.00009
541.52002,1.02191,0.99519,0.00388,0.00085,0.00009
541.65997,1.02197,0.99512,0.00394,0.00085,0.00009
541.79999,1.02197,0.99496,0.00408,0.00087,0.00008
541.94000,1.02191,0.99504,0.00401,0.00086,0.00009
542.08002,1.02191,0.99516,0.00391,0.00085,0.00009
542.21997,1.02197,0.99512,0.00394,0.00086,0.00009
542.35999,1.02197,0.99496,0.00408,0.00087,0.00009
542.50000,1.02191,0.99497,0.00407,0.00087,0.00009
542.64001,1.02191,0.99490,0.00414,0.00088,0.00009
542.78003,1.02191,0.99489,0.00414,0.00088,0.00009
542.91998,1.02197,0.99515,0.00391,0.00086,0.00009
543.06000,1.02191,0.99509,0.00396,0.00087,0.00009
543.20001,1.02191,0.99498,0.00405,0.00088,0.00009
543.34003,1.02191,0.99503,0.00401,0.00087,0.00009
543.47998,1.02197,0.99508,0.00396,0.00087,0.00009
543.62000,1.02197,0.99505,0.00399,0.00087,0.00009
543.76001,1.02191,0.99507,0.00398,0.00087,0.00009
543.90002,1.02191,0.99492,0.00410,0.00089,0.00009
544.03998,1.02197,0.99479,0.00421,0.00091,0.00009
544.17999,1.02197,0.99473,0.00426,0.00092,0.00009
544.32001,1.02191,0.99466,0.00432,0.00093,0.00009
544.46002,1.02191,0.99460,0.00437,0.00094,0.00009
544.59998,1.02197,0.99448,0.00448,0.00095,0.00009
544.73999,1.02197,0.99451,0.00445,0.00095,0.00009
544.88000,1.02191,0.99459,0.00438,0.00094,0.00009
545.02002,1.02191,0.99467,0.00430,0.00093,0.00009
545.15997,1.02197,0.99464,0.00433,0.00094,0.00009
545.29999,1.02197,0.99442,0.00452,0.00096,0.00009
545.44000,1.02191,0.99435,0.00458,0.00097,0.00009
545.58002,1.02191,0.99449,0.00445,0.00096,0.00009
545.71997,1.02197,0.99441,0.00452,0.00097,0.00009
545.85999,1.02197,0.99427,0.00465,0.00099,0.00009
546.00000,1.02191,0.99427,0.00465,0.00099,0.00009
546.14001,1.02191,0.99427,0.00464,0.00099,0.00010
546.28003,1.02191,0.99412,0.00478,0.00101,0.00010
546.41998,1.02197,0.99427,0.00462,0.00100,0.00010
546.56000,1.02191,0.99408,0.00479,0.00103,0.00010
546.70001,1.02191,0.99407,0.00481,0.00103,0.00010
546.84003,1.02191,0.99408,0.00479,0.00102,0.00010
546.97998,1.02197,0.99407,0.00481,0.00103,0.00010
547.12000,1.02197,0.99401,0.00486,0.00103,0.00010
547.26001,1.02191,0.99407,0.00482,0.00102,0.00010
547.40002,1.02191,0.99424,0.00466,0.00101,0.00010
547.53998,1.02197,0.99427,0.00462,0.00101,0.00010
547.67999,1.02197,0.99401,0.00487,0.00103,0.00010
547.82001,1.02191,0.99413,0.00475,0.00102,0.00010
547.96002,1.02191,0.99402,0.00484,0.00104,0.00010
548.09998,1.02197,0.99406,0.00481,0.00104,0.00010
548.23999,1.02197,0.99393,0.00490,0.00106,0.00010
548.38000,1.02191,0.99363,0.00517,0.00109,0.00010
548.52002,1.02191,0.99378,0.00504,0.00108,0.00010
548.65997,1.02197,0.99377,0.00505,0.00108,0.00010
548.79999,1.02197,0.99376,0.00505,0.00109,0.00010
548.94000,1.02191,0.99374,0.00507,0.00108,0.00010
549.08002,1.02191,0.99354,0.00525,0.00110,0.00010
549.21997,1.02197,0.99352,0.00527,0.00110,0.00010
549.35999,1.02197,0.99339,0.00539,0.00112,0.00010
549.50000,1.02191,0.99336,0.00541,0.00113,0.00010
549.64001,1.02191,0.99339,0.00538,0.00113,0.00010
549.78003,1.02191,0.99349,0.00529,0.00112,0.00010
549.91998,1.02197,0.99337,0.00540,0.00113,0.00010
550.06000,1.02191,0.99376,0.00505,0.00108,0.00010
550.20001,1.02191,0.99393,0.00491,0.00106,0.00010
550.34003,1.02191,0.99377,0.00505,0.00108,0.00010
550.47998,1.02197,0.99366,0.00516,0.00109,0.00010
550.62000,1.02197,0.99374,0.00508,0.00108,0.00010
550.76001,1.02191,0.99372,0.00509,0.00108,0.00010
550.90002,1.02191,0.99353,0.00527,0.00110,0.00010
551.03998,1.02197,0.99354,0.00525,0.00110,0.00010
551.17999,1.02197,0.99368,0.00512,0.00109,0.00010
551.32001,1.02191,0.99353,0.00527,0.00110,0.00010
551.46002,1.02191,0.99348,0.00531,0.00110,0.00010
551.59998,1.02197,0.99360,0.00520,0.00110,0.00010
551.73999,1.02197,0.99358,0.00522,0.00110,0.00010
551.88000,1.02191,0.99369,0.00513,0.00108,0.00010
552.02002,1.02191,0.99384,0.00499,0.00107,0.00010
552.15997,1.02197,0.99376,0.00506,0.00108,0.00010
552.29999,1.02197,0.99364,0.00518,0.00108,0.00010
552.44000,1.02191,0.99380,0.00504,0.00106,0.00010
552.58002,1.02191,0.99370,0.00513,0.00107,0.00010
552.71997,1.02197,0.99379,0.00504,0.00107,0.00010
552.85999,1.02197,0.99377,0.00506,0.00107,0.00010
553.00000,1.02191,0.99381,0.00503,0.00106,0.00010
553.14001,1.02191,0.99361,0.00521,0.00108,0.00010
553.28003,1.02191,0.99367,0.00516,0.00107,0.00010
553.41998,1.02197,0.99372,0.00512,0.00107,0.00010
553.56000,1.02191,0.99385,0.00500,0.00105,0.00010
553.70001,1.02191,0.99401,0.00486,0.00103,0.00010
553.84003,1.02191,0.99381,0.00507,0.00104,0.00009
553.97998,1.02197,0.99411,0.00479,0.00101,0.00009
554.12000,1.02197,0.99432,0.00459,0.00099,0.00010
554.26001,1.02191,0.99429,0.00463,0.00098,0.00010
554.40002,1.02191,0.99435,0.00458,0.00097,0.00009
554.53998,1.02197,0.99458,0.00438,0.00095,0.00009
554.67999,1.02197,0.99445,0.00450,0.00095,0.00009
554.82001,1.02191,0.99474,0.00424,0.00093,0.00009
554.96002,1.02191,0.99479,0.00419,0.00092,0.00009
555.09998,1.02197,0.99459,0.00438,0.00093,0.00009
555.23999,1.02197,0.99491,0.00409,0.00090,0.00009
555.38000,1.02191,0.99485,0.00415,0.00091,0.00009
555.52002,1.02191,0.99472,0.00426,0.00093,0.00009
555.65997,1.02197,0.99456,0.00441,0.00094,0.00009
555.79999,1.02197,0.99469,0.00429,0.00093,0.00009
555.94000,1.02191,0.99463,0.00434,0.00093,0.00009
556.08002,1.02191,0.99486,0.00414,0.00091,0.00009
556.21997,1.02197,0.99477,0.00423,0.00091,0.00009
556.35999,1.02197,0.99500,0.00403,0.00088,0.00009
556.50000,1.02191,0.99481,0.00421,0.00089,0.00009
556.64001,1.02191,0.99499,0.00404,0.00088,0.00009
556.78003,1.02191,0.99496,0.00407,0.00088,0.00009
556.91998,1.02197,0.99515,0.00390,0.00086,0.00009
557.06000,1.02191,0.99492,0.00412,0.00088,0.00009
557.20001,1.02191,0.99503,0.00401,0.00087,0.00009
557.34003,1.02191,0.99493,0.00411,0.00087,0.00008
557.47998,1.02197,0.99527,0.00379,0.00085,0.00009
557.62000,1.02197,0.99527,0.00381,0.00084,0.00009
557.76001,1.02191,0.99534,0.00375,0.00083,0.00009
557.90002,1.02191,0.99518,0.00389,0.00084,0.00008
558.03998,1.02197,0.99537,0.00372,0.00082,0.00008
558.17999,1.02197,0.99531,0.00378,0.00082,0.00008
558.32001,1.02191,0.99543,0.00367,0.00082,0.00008
558.46002,1.02191,0.99544,0.00366,0.00081,0.00009
558.59998,1.02197,0.99542,0.00367,0.00082,0.00009
558.73999,1.02197,0.99534,0.00376,0.00082,0.00008
558.88000,1.02191,0.99543,0.00367,0.00081,0.00008
559.02002,1.02191,0.99525,0.00383,0.00083,0.00008
559.15997,1.02197,0.99528,0.00380,0.00083,0.00008
559.29999,1.02197,0.99516,0.00391,0.00084,0.00008
559.44000,1.02191,0.99517,0.00389,0.00085,0.00009
559.58002,1.02191,0.99505,0.00400,0.00087,0.00009
559.71997,1.02197,0.99502,0.00402,0.00087,0.00009
559.85999,1.02197,0.99480,0.00422,0.00090,0.00009
560.00000,1.02191,0.99494,0.00409,0.00089,0.00009
560.14001,1.02191,0.99482,0.00419,0.00090,0.00009
560.28003,1.02191,0.99488,0.00414,0.00090,0.00009
560.41998,1.02197,0.99492,0.00410,0.00089,0.00009
560.56000,1.02191,0.99480,0.00421,0.00090,0.00009
560.70001,1.02191,0.99483,0.00418,0.00090,0.00009
560.84003,1.02191,0.99483,0.00418,0.00090,0.00009
560.97998,1.02197,0.99482,0.00419,0.00090,0.00009
561.12000,1.02197,0.99481,0.00420,0.00091,0.00009
561.26001,1.02191,0.99482,0.00418,0.00091,0.00009
561.40002,1.02191,0.99472,0.00427,0.00092,0.00009
561.53998,1.02197,0.99468,0.00431,0.00092,0.00009
561.67999,1.02197,0.99471,0.00428,0.00093,0.00009
561.82001,1.02191,0.99467,0.00431,0.00093,0.00009
561.96002,1.02191,0.99466,0.00431,0.00093,0.00009
562.09998,1.02197,0.99467,0.00430,0.00094,0.00009
562.23999,1.02197,0.99463,0.00435,0.00094,0.00009
562.38000,1.02191,0.99464,0.00433,0.00093,0.00009
562.52002,1.02191,0.99480,0.00418,0.00092,0.00009
562.65997,1.02197,0.99447,0.00448,0.00096,0.00009
562.79999,1.02197,0.99453,0.00442,0.00095,0.00009
562.94000,1.02191,0.99437,0.00456,0.00098,0.00010
563.08002,1.02191,0.99421,0.00470,0.00100,0.00010
563.21997,1.02197,0.99404,0.00484,0.00102,0.00010
563.35999,1.02197,0.99390,0.00495,0.00105,0.00010
563.50000,1.02191,0.99367,0.00516,0.00107,0.00010
563.64001,1.02191,0.99362,0.00520,0.00108,0.00010
563.78003,1.02191,0.99328,0.00551,0.00112,0.00010
563.91998,1.02197,0.99354,0.00527,0.00110,0.00010
564.06000,1.02191,0.99352,0.00528,0.00110,0.00010
564.20001,1.02191,0.99339,0.00540,0.00111,0.00010
564.34003,1.02191,0.99353,0.00527,0.00110,0.00010
564.47998,1.02197,0.99368,0.00514,0.00108,0.00010
564.62000,1.02197,0.99396,0.00490,0.00104,0.00010
564.76001,1.02191,0.99420,0.00468,0.00102,0.00010
564.90002,1.02191,0.99410,0.00478,0.00102,0.00010
565.03998,1.02197,0.99407,0.00481,0.00103,0.00010
565.17999,1.02197,0.99408,0.00479,0.00103,0.00010
565.32001,1.02191,0.99392,0.00493,0.00105,0.00010
565.46002,1.02191,0.99400,0.00485,0.00105,0.00010
565.59998,1.02197,0.99383,0.00500,0.00107,0.00010
565.73999,1.02197,0.99408,0.00476,0.00106,0.00011
565.88000,1.02191,0.99381,0.00501,0.00107,0.00010
566.02002,1.02191,0.99391,0.00493,0.00106,0.00010
566.15997,1.02197,0.99398,0.00486,0.00105,0.00010
566.29999,1.02197,0.99409,0.00477,0.00104,0.00010
566.44000,1.02191,0.99412,0.00475,0.00103,0.00010
566.58002,1.02191,0.99409,0.00477,0.00104,0.00010
566.71997,1.02197,0.99389,0.00495,0.00106,0.00010
566.85999,1.02197,0.99410,0.00476,0.00104,0.00011
567.00000,1.02191,0.99372,0.00510,0.00108,0.00010
567.14001,1.02191,0.99373,0.00509,0.00108,0.00010
567.28003,1.02191,0.99371,0.00510,0.00109,0.00010
567.41998,1.02197,0.99357,0.00524,0.00110,0.00010
567.56000,1.02191,0.99375,0.00508,0.00107,0.00010
567.70001,1.02191,0.99385,0.00499,0.00106,0.00010
567.84003,1.02191,0.99395,0.00489,0.00106,0.00010
567.97998,1.02197,0.99382,0.00502,0.00106,0.00010
568.12000,1.02197,0.99383,0.00501,0.00106,0.00010
568.26001,1.02191,0.99390,0.00494,0.00106,0.00010
568.40002,1.02191,0.99366,0.00516,0.00108,0.00010
568.53998,1.02197,0.99380,0.00504,0.00107,0.00010
568.67999,1.02197,0.99382,0.00501,0.00107,0.00010
568.82001,1.02191,0.99388,0.00497,0.00105,0.00010
568.96002,1.02191,0.99389,0.00497,0.00104,0.00009
569.09998,1.02197,0.99418,0.00471,0.00101,0.00010
569.23999,1.02197,0.99420,0.00470,0.00100,0.00010
569.38000,1.02191,0.99427,0.00465,0.00099,0.00009
569.52002,1.02191,0.99437,0.00456,0.00098,0.00009
569.65997,1.02197,0.99450,0.00445,0.00096,0.00009
569.79999,1.02197,0.99458,0.00438,0.00095,0.00010
569.94000,1.02191,0.99439,0.00454,0.00097,0.00009
570.08002,1.02191,0.99441,0.00452,0.00097,0.00009
570.21997,1.02197,0.99443,0.00451,0.00097,0.00009
570.35999,1.02197,0.99441,0.00453,0.00097,0.00009
570.50000,1.02191,0.99447,0.00448,0.00096,0.00009
570.64001,1.02191,0.99444,0.00450,0.00097,0.00009
570.78003,1.02191,0.99440,0.00454,0.00096,0.00009
570.91998,1.02197,0.99455,0.00441,0.00095,0.00009
571.06000,1.02191,0.99467,0.00430,0.00093,0.00009
571.20001,1.02191,0.99473,0.00426,0.00092,0.00009
571.34003,1.02191,0.99479,0.00421,0.00091,0.00009
571.47998,1.02197,0.99486,0.00415,0.00090,0.00009
571.62000,1.02197,0.99488,0.00414,0.00089,0.00009
571.76001,1.02191,0.99501,0.00402,0.00088,0.00009
571.90002,1.02191,0.99496,0.00407,0.00088,0.00009
572.03998,1.02197,0.99499,0.00404,0.00088,0.00009
572.17999,1.02197,0.99510,0.00395,0.00086,0.00009
572.32001,1.02191,0.99513,0.00392,0.00086,0.00009
572.46002,1.02191,0.99511,0.00395,0.00085,0.00009
572.59998,1.02197,0.99512,0.00395,0.00085,0.00008
572.73999,1.02197,0.99524,0.00384,0.00084,0.00009
572.88000,1.02191,0.99525,0.00383,0.00084,0.00009
573.02002,1.02191,0.99527,0.00380,0.00084,0.00009
573.15997,1.02197,0.99511,0.00396,0.00085,0.00009
573.29999,1.02197,0.99521,0.00386,0.00085,0.00009
573.44000,1.02191,0.99515,0.00391,0.00085,0.00009
573.58002,1.02191,0.99512,0.00395,0.00085,0.00008
573.71997,1.02197,0.99512,0.00394,0.00085,0.00008
573.85999,1.02197,0.99511,0.00396,0.00085,0.00008
574.00000,1.02191,0.99519,0.00388,0.00084,0.00008
574.14001,1.02191,0.99539,0.00371,0.00082,0.00008
574.28003,1.02191,0.99517,0.00390,0.00084,0.00008
574.41998,1.02197,0.99520,0.00387,0.00084,0.00008
574.56000,1.02191,0.99517,0.00390,0.00084,0.00008
574.70001,1.02191,0.99519,0.00388,0.00084,0.00009
574.84003,1.02191,0.99517,0.00390,0.00085,0.00009
574.97998,1.02197,0.99505,0.00399,0.00087,0.00009
575.12000,1.02197,0.99480,0.00421,0.00089,0.00009
575.26001,1.02191,0.99487,0.00415,0.00089,0.00009
575.40002,1.02191,0.99479,0.00421,0.00091,0.00009
575.53998,1.02197,0.99475,0.00425,0.00091,0.00009
575.67999,1.02197,0.99465,0.00434,0.00092,0.00009
575.82001,1.02191,0.99466,0.00433,0.00092,0.00009
575.96002,1.02191,0.99481,0.00420,0.00091,0.00009
576.09998,1.02197,0.99459,0.00439,0.00093,0.00009
576.23999,1.02197,0.99479,0.00421,0.00091,0.00009
576.38000,1.02191,0.99471,0.00428,0.00092,0.00009
576.52002,1.02191,0.99457,0.00440,0.00093,0.00009
576.65997,1.02197,0.99476,0.00423,0.00092,0.00009
576.79999,1.02197,0.99490,0.00410,0.00091,0.00009
576.94000,1.02191,0.99474,0.00425,0.00092,0.00009
577.08002,1.02191,0.99479,0.00420,0.00092,0.00009
577.21997,1.02197,0.99454,0.00442,0.00094,0.00009
577.35999,1.02197,0.99444,0.00452,0.00095,0.00009
577.50000,1.02191,0.99455,0.00441,0.00095,0.00009
577.64001,1.02191,0.99452,0.00442,0.00096,0.00010
577.78003,1.02191,0.99439,0.00454,0.00098,0.00010
577.91998,1.02197,0.99426,0.00465,0.00099,0.00009
578.06000,1.02191,0.99432,0.00460,0.00098,0.00010
578.20001,1.02191,0.99432,0.00460,0.00098,0.00010
578.34003,1.02191,0.99411,0.00479,0.00100,0.00010
578.47998,1.02197,0.99412,0.00477,0.00101,0.00010
578.62000,1.02197,0.99425,0.00465,0.00101,0.00010
578.76001,1.02191,0.99410,0.00478,0.00102,0.00010
578.90002,1.02191,0.99383,0.00503,0.00105,0.00010
579.03998,1.02197,0.99383,0.00502,0.00106,0.00010
579.17999,1.02197,0.99388,0.00497,0.00105,0.00010
579.32001,1.02191,0.99402,0.00485,0.00103,0.00010
579.46002,1.02191,0.99409,0.00478,0.00103,0.00010
579.59998,1.02197,0.99397,0.00489,0.00104,0.00010
579.73999,1.02197,0.99376,0.00509,0.00106,0.00010
579.88000,1.02191,0.99392,0.00493,0.00105,0.00010
580.02002,1.02191,0.99420,0.00467,0.00103,0.00010
580.15997,1.02197,0.99405,0.00482,0.00103,0.00010
580.29999,1.02197,0.99390,0.00495,0.00105,0.00010
580.44000,1.02191,0.99409,0.00477,0.00104,0.00010
580.58002,1.02191,0.99387,0.00497,0.00106,0.00010
580.71997,1.02197,0.99416,0.00471,0.00103,0.00010
580.85999,1.02197,0.99438,0.00451,0.00100,0.00010
581.00000,1.02191,0.99396,0.00490,0.00104,0.00010
581.14001,1.02191,0.99374,0.00509,0.00107,0.00010
581.28003,1.02191,0.99395,0.00489,0.00105,0.00010
581.41998,1.02197,0.99395,0.00489,0.00105,0.00010
581.56000,1.02191,0.99366,0.00514,0.00109,0.00010
581.70001,1.02191,0.99360,0.00519,0.00111,0.00011
581.84003,1.02191,0.99344,0.00533,0.00112,0.00010
581.97998,1.02197,0.99381,0.00501,0.00108,0.00010
582.12000,1.02197,0.99379,0.00504,0.00107,0.00010
582.26001,1.02191,0.99389,0.00494,0.00106,0.00010
582.40002,1.02191,0.99398,0.00488,0.00105,0.00010
582.53998,1.02197,0.99407,0.00479,0.00104,0.00010
582.67999,1.02197,0.99414,0.00473,0.00103,0.00010
582.82001,1.02191,0.99395,0.00490,0.00105,0.00010
582.96002,1.02191,0.99413,0.00473,0.00104,0.00010
583.09998,1.02197,0.99412,0.00474,0.00104,0.00010
583.23999,1.02197,0.99411,0.00475,0.00104,0.00010
583.38000,1.02191,0.99395,0.00490,0.00105,0.00010
583.52002,1.02191,0.99413,0.00474,0.00103,0.00010
583.65997,1.02197,0.99406,0.00481,0.00103,0.00010
583.79999,1.02197,0.99395,0.00491,0.00104,0.00010
583.94000,1.02191,0.99385,0.00500,0.00106,0.00010
584.08002,1.02191,0.99397,0.00488,0.00105,0.00010
584.21997,1.02197,0.99366,0.00516,0.00108,0.00010
584.35999,1.02197,0.99373,0.00510,0.00108,0.00010
584.50000,1.02191,0.99356,0.00524,0.00110,0.00010
584.64001,1.02191,0.99371,0.00511,0.00108,0.00010
584.78003,1.02191,0.99372,0.00511,0.00107,0.00010
584.91998,1.02197,0.99402,0.00485,0.00103,0.00010
585.06000,1.02191,0.99421,0.00469,0.00101,0.00009
585.20001,1.02191,0.99457,0.00437,0.00096,0.00010
585.34003,1.02191,0.99438,0.00455,0.00097,0.00009
585.47998,1.02197,0.99447,0.00447,0.00096,0.00009
585.62000,1.02197,0.99441,0.00453,0.00097,0.00009
585.76001,1.02191,0.99458,0.00437,0.00095,0.00010
585.90002,1.02191,0.99464,0.00431,0.00095,0.00010
586.03998,1.02197,0.99436,0.00456,0.00098,0.00009
586.17999,1.02197,0.99431,0.00462,0.00098,0.00009
586.32001,1.02191,0.99458,0.00438,0.00095,0.00009
586.46002,1.02191,0.99456,0.00439,0.00095,0.00009
586.59998,1.02197,0.99455,0.00441,0.00095,0.00009
586.73999,1.02197,0.99478,0.00420,0.00092,0.00009
586.88000,1.02191,0.99464,0.00433,0.00094,0.00009
587.02002,1.02191,0.99479,0.00420,0.00091,0.00009
587.15997,1.02197,0.99498,0.00403,0.00090,0.00009
587.29999,1.02197,0.99484,0.00418,0.00090,0.00009
587.44000,1.02191,0.99484,0.00418,0.00090,0.00009
587.58002,1.02191,0.99488,0.00414,0.00090,0.00009
587.71997,1.02197,0.99482,0.00419,0.00090,0.00009
587.85999,1.02197,0.99499,0.00404,0.00088,0.00009
588.00000,1.02191,0.99511,0.00392,0.00087,0.00009
588.14001,1.02191,0.99493,0.00410,0.00089,0.00009
588.28003,1.02191,0.99510,0.00395,0.00087,0.00009
588.41998,1.02197,0.99512,0.00394,0.00086,0.00009
588.56000,1.02191,0.99508,0.00397,0.00086,0.00009
588.70001,1.02191,0.99517,0.00389,0.00085,0.00009
588.84003,1.02191,0.99518,0.00389,0.00085,0.00009
588.97998,1.02197,0.99513,0.00393,0.00086,0.00009
589.12000,1.02197,0.99527,0.00380,0.00084,0.00009
589.26001,1.02191,0.99524,0.00383,0.00084,0.00009
589.40002,1.02191,0.99511,0.00396,0.00085,0.00008
589.53998,1.02197,0.99536,0.00373,0.00083,0.00009
589.67999,1.02197,0.99526,0.00383,0.00083,0.00008
589.82001,1.02191,0.99523,0.00386,0.00083,0.00008
589.96002,1.02191,0.99520,0.00387,0.00084,0.00009
590.09998,1.02197,0.99516,0.00390,0.00085,0.00009
590.23999,1.02197,0.99506,0.00399,0.00086,0.00009
590.38000,1.02191,0.99504,0.00400,0.00087,0.00009
590.52002,1.02191,0.99516,0.00390,0.00086,0.00009
590.65997,1.02197,0.99500,0.00405,0.00087,0.00009
590.79999,1.02197,0.99507,0.00399,0.00086,0.00009
590.94000,1.02191,0.99512,0.00394,0.00085,0.00009
591.08002,1.02191,0.99506,0.00400,0.00086,0.00009
591.21997,1.02197,0.99528,0.00379,0.00084,0.00009
591.35999,1.02197,0.99514,0.00392,0.00085,0.00009
591.50000,1.02191,0.99515,0.00391,0.00085,0.00008
591.64001,1.02191,0.99519,0.00388,0.00085,0.00009
591.78003,1.02191,0.99524,0.00384,0.00084,0.00008
591.91998,1.02197,0.99518,0.00390,0.00084,0.00008
592.06000,1.02191,0.99520,0.00387,0.00084,0.00008
592.20001,1.02191,0.99518,0.00388,0.00085,0.00009
592.34003,1.02191,0.99510,0.00395,0.00086,0.00009
592.47998,1.02197,0.99495,0.00409,0.00087,0.00009
592.62000,1.02197,0.99516,0.00389,0.00086,0.00009
592.76001,1.02191,0.99503,0.00402,0.00087,0.00009
592.90002,1.02191,0.99512,0.00394,0.00086,0.00009
593.03998,1.02197,0.99499,0.00405,0.00087,0.00009
593.17999,1.02197,0.99488,0.00415,0.00088,0.00009
593.32001,1.02191,0.99509,0.00396,0.00086,0.00009
593.46002,1.02191,0.99506,0.00398,0.00087,0.00009
593.59998,1.02197,0.99480,0.00421,0.00090,0.00009
593.73999,1.02197,0.99482,0.00419,0.00090,0.00009
593.88000,1.02191,0.99469,0.00431,0.00092,0.00009
594.02002,1.02191,0.99473,0.00427,0.00091,0.00009
594.15997,1.02197,0.99462,0.00436,0.00093,0.00009
594.29999,1.02197,0.99470,0.00428,0.00093,0.00009
594.44000,1.02191,0.99462,0.00436,0.00093,0.00009
594.58002,1.02191,0.99465,0.00432,0.00093,0.00009
594.71997,1.02197,0.99457,0.00440,0.00094,0.00009
594.85999,1.02197,0.99459,0.00438,0.00094,0.00009
595.00000,1.02191,0.99472,0.00426,0.00092,0.00009
595.14001,1.02191,0.99466,0.00431,0.00093,0.00009
595.28003,1.02191,0.99467,0.00430,0.00094,0.00009
595.41998,1.02197,0.99462,0.00435,0.00094,0.00009
595.56000,1.02191,0.99458,0.00438,0.00095,0.00009
595.70001,1.02191,0.99447,0.00448,0.00096,0.00009
595.84003,1.02191,0.99445,0.00449,0.00096,0.00010
595.97998,1.02197,0.99440,0.00453,0.00097,0.00010
596.12000,1.02197,0.99438,0.00455,0.00098,0.00010
596.26001,1.02191,0.99443,0.00450,0.00097,0.00010
596.40002,1.02191,0.99404,0.00486,0.00101,0.00009
596.53998,1.02197,0.99407,0.00481,0.00102,0.00010
596.67999,1.02197,0.99380,0.00506,0.00105,0.00010
596.82001,1.02191,0.99389,0.00497,0.00104,0.00010
596.96002,1.02191,0.99386,0.00499,0.00105,0.00010
597.09998,1.02197,0.99402,0.00484,0.00104,0.00010
597.23999,1.02197,0.99413,0.00475,0.00103,0.00010
597.38000,1.02191,0.99402,0.00485,0.00103,0.00010
597.52002,1.02191,0.99396,0.00492,0.00103,0.00009
597.65997,1.02197,0.99412,0.00477,0.00102,0.00010
597.79999,1.02197,0.99406,0.00481,0.00103,0.00010
597.94000,1.02191,0.99393,0.00492,0.00105,0.00010
598.08002,1.02191,0.99401,0.00483,0.00105,0.00010
598.21997,1.02197,0.99346,0.00533,0.00111,0.00010
598.35999,1.02197,0.99358,0.00521,0.00111,0.00010
598.50000,1.02191,0.99333,0.00543,0.00114,0.00010
598.64001,1.02191,0.99344,0.00533,0.00113,0.00010
598.78003,1.02191,0.99346,0.00531,0.00113,0.00011
598.91998,1.02197,0.99338,0.00538,0.00114,0.00011
599.06000,1.02191,0.99344,0.00533,0.00112,0.00011
599.20001,1.02191,0.99370,0.00510,0.00110,0.00011
599.34003,1.02191,0.99340,0.00537,0.00113,0.00010
599.47998,1.02197,0.99377,0.00503,0.00109,0.00011
599.62000,1.02197,0.99377,0.00504,0.00109,0.00010
599.76001,1.02191,0.99359,0.00521,0.00110,0.00010
