Time (seconds), Duration (seconds),pred_(unlabeled),pred_brushing_teeth,pred_hair_drying,pred_showering
0.00000,1.02194,1.00000,0.00000,0.00000,0.00000
0.14000,1.02194,1.00000,0.00000,0.00000,0.00000
0.28000,1.02194,1.00000,0.00000,0.00000,0.00000
0.42000,1.02194,1.00000,0.00000,0.00000,0.00000
0.56000,1.02194,1.00000,0.00000,0.00000,0.00000
0.70000,1.02194,1.00000,0.00000,0.00000,0.00000
0.84000,1.02194,1.00000,0.00000,0.00000,0.00000
0.98000,1.02194,1.00000,0.00000,0.00000,0.00000
1.12000,1.02194,1.00000,0.00000,0.00000,0.00000
1.26000,1.02194,1.00000,0.00000,0.00000,0.00000
1.40000,1.02194,1.00000,0.00000,0.00000,0.00000
1.54000,1.02194,1.00000,0.00000,0.00000,0.00000
1.68000,1.02194,1.00000,0.00000,0.00000,0.00000
1.82000,1.02194,1.00000,0.00000,0.00000,0.00000
1.96000,1.02194,1.00000,0.00000,0.00000,0.00000
2.10000,1.02194,1.00000,0.00000,0.00000,0.00000
2.24000,1.02194,1.00000,0.00000,0.00000,0.00000
2.38000,1.02194,1.00000,0.00000,0.00000,0.00000
2.52000,1.02194,1.00000,0.00000,0.00000,0.00000
2.66000,1.02194,1.00000,0.00000,0.00000,0.00000
2.80000,1.02194,1.00000,0.00000,0.00000,0.00000
2.94000,1.02194,1.00000,0.00000,0.00000,0.00000
3.08000,1.02194,1.00000,0.00000,0.00000,0.00000
3.22000,1.02194,1.00000,0.00000,0.00000,0.00000
3.36000,1.02194,1.00000,0.00000,0.00000,0.00000
3.50000,1.02194,1.00000,0.00000,0.00000,0.00000
3.64000,1.02194,1.00000,0.00000,0.00000,0.00000
3.78000,1.02194,1.00000,0.00000,0.00000,0.00000
3.92000,1.02194,1.00000,0.00000,0.00000,0.00000
4.06000,1.02194,0.99995,0.00000,0.00000,0.00004
4.20000,1.02194,0.99846,0.00000,0.00007,0.00147
4.34000,1.02194,0.97042,0.00000,0.00193,0.02764
4.48000,1.02194,0.83961,0.00004,0.02546,0.13489
4.62000,1.02194,0.76862,0.00023,0.12670,0.10445
4.76000,1.02194,0.21458,0.00306,0.74305,0.03931
4.90000,1.02194,0.10001,0.02092,0.85787,0.02121
5.04000,1.02194,0.00423,0.00077,0.99466,0.00035
5.18000,1.02194,0.00244,0.00014,0.99727,0.00015
5.32000,1.02194,0.00234,0.00014,0.99736,0.00016
5.46000,1.02194,0.00180,0.00008,0.99800,0.00011
5.60000,1.02194,0.00242,0.00014,0.99725,0.00019
5.74000,1.02194,0.00192,0.00010,0.99786,0.00012
5.88000,1.02194,0.00143,0.00003,0.99847,0.00007
6.02000,1.02194,0.00194,0.00008,0.99786,0.00012
6.16000,1.02194,0.00132,0.00003,0.99859,0.00006
6.30000,1.02194,0.00145,0.00004,0.99843,0.00007
6.44000,1.02194,0.00188,0.00008,0.99792,0.00012
6.58000,1.02194,0.00180,0.00008,0.99801,0.00011
6.72000,1.02194,0.00154,0.00005,0.99833,0.00008
6.86000,1.02194,0.00141,0.00004,0.99848,0.00008
7.00000,1.02194,0.00126,0.00003,0.99865,0.00006
7.14000,1.02194,0.00123,0.00003,0.99867,0.00007
7.28000,1.02194,0.00142,0.00005,0.99844,0.00009
7.42000,1.02194,0.00133,0.00004,0.99856,0.00007
7.56000,1.02194,0.00122,0.00002,0.99870,0.00006
7.70000,1.02194,0.00099,0.00002,0.99895,0.00005
7.84000,1.02194,0.00104,0.00002,0.99890,0.00005
7.98000,1.02194,0.00119,0.00003,0.99873,0.00006
8.12000,1.02194,0.00113,0.00002,0.99880,0.00005
8.26000,1.02194,0.00113,0.00002,0.99880,0.00005
8.40000,1.02194,0.00152,0.00006,0.99833,0.00009
8.54000,1.02194,0.00148,0.00006,0.99838,0.00008
8.68000,1.02194,0.00138,0.00007,0.99847,0.00008
8.82000,1.02194,0.00148,0.00008,0.99836,0.00009
8.96000,1.02194,0.00155,0.00011,0.99823,0.00010
9.10000,1.02194,0.00117,0.00007,0.99870,0.00006
9.24000,1.02194,0.00163,0.00014,0.99812,0.00011
9.38000,1.02194,0.00213,0.00026,0.99744,0.00017
9.52000,1.02194,0.00137,0.00007,0.99849,0.00007
9.66000,1.02194,0.00167,0.00009,0.99814,0.00010
9.80000,1.02194,0.00141,0.00005,0.99845,0.00008
9.94000,1.02194,0.00101,0.00003,0.99892,0.00005
10.08000,1.02194,0.00148,0.00006,0.99837,0.00008
10.22000,1.02194,0.00188,0.00014,0.99785,0.00013
10.36000,1.02194,0.00119,0.00003,0.99872,0.00006
10.50000,1.02194,0.00137,0.00004,0.99852,0.00007
10.64000,1.02194,0.00134,0.00004,0.99855,0.00007
10.78000,1.02194,0.00119,0.00004,0.99871,0.00006
10.92000,1.02194,0.00128,0.00004,0.99862,0.00007
11.06000,1.02194,0.00125,0.00004,0.99864,0.00007
11.20000,1.02194,0.00132,0.00004,0.99857,0.00007
11.34000,1.02194,0.00114,0.00003,0.99877,0.00006
11.48000,1.02194,0.00111,0.00003,0.99881,0.00006
11.62000,1.02194,0.00107,0.00002,0.99886,0.00005
11.76000,1.02194,0.00120,0.00004,0.99870,0.00006
11.90000,1.02194,0.00093,0.00002,0.99902,0.00004
12.04000,1.02194,0.00126,0.00004,0.99864,0.00006
12.18000,1.02194,0.00117,0.00004,0.99873,0.00006
12.32000,1.02194,0.00124,0.00005,0.99864,0.00007
12.46000,1.02194,0.00133,0.00006,0.99854,0.00007
12.60000,1.02194,0.00155,0.00009,0.99827,0.00009
12.74000,1.02194,0.00109,0.00003,0.99883,0.00005
12.88000,1.02194,0.00125,0.00005,0.99864,0.00007
13.02000,1.02194,0.00115,0.00003,0.99876,0.00006
13.16000,1.02194,0.00107,0.00003,0.99885,0.00005
13.30000,1.02194,0.00104,0.00003,0.99888,0.00005
13.44000,1.02194,0.00146,0.00006,0.99840,0.00008
13.58000,1.02194,0.00106,0.00002,0.99887,0.00005
13.72000,1.02194,0.00131,0.00005,0.99856,0.00007
13.86000,1.02194,0.00140,0.00007,0.99845,0.00008
14.00000,1.02194,0.00120,0.00005,0.99869,0.00007
14.14000,1.02194,0.00109,0.00004,0.99882,0.00005
14.28000,1.02194,0.00122,0.00004,0.99868,0.00006
14.42000,1.02194,0.00108,0.00003,0.99883,0.00006
14.56000,1.02194,0.00104,0.00003,0.99888,0.00005
14.70000,1.02194,0.00123,0.00004,0.99867,0.00007
14.84000,1.02194,0.00120,0.00003,0.99871,0.00006
14.98000,1.02194,0.00126,0.00003,0.99864,0.00006
15.12000,1.02194,0.00110,0.00003,0.99882,0.00005
15.26000,1.02194,0.00116,0.00003,0.99876,0.00006
15.40000,1.02194,0.00149,0.00009,0.99834,0.00009
15.54000,1.02194,0.00128,0.00005,0.99860,0.00007
15.68000,1.02194,0.00146,0.00009,0.99836,0.00009
15.82000,1.02194,0.00125,0.00005,0.99863,0.00007
15.96000,1.02194,0.00125,0.00005,0.99863,0.00007
16.10000,1.02194,0.00105,0.00003,0.99888,0.00005
16.24000,1.02194,0.00127,0.00005,0.99860,0.00007
16.38000,1.02194,0.00107,0.00003,0.99885,0.00005
16.52000,1.02194,0.00110,0.00004,0.99880,0.00006
16.66000,1.02194,0.00127,0.00006,0.99860,0.00007
16.80000,1.02194,0.00108,0.00003,0.99883,0.00006
16.94000,1.02194,0.00100,0.00002,0.99893,0.00005
17.08000,1.02194,0.00096,0.00002,0.99897,0.00004
17.22000,1.02194,0.00115,0.00004,0.99875,0.00006
17.36000,1.02194,0.00102,0.00003,0.99891,0.00005
17.50000,1.02194,0.00114,0.00004,0.99876,0.00006
17.64000,1.02194,0.00115,0.00004,0.99876,0.00006
17.78000,1.02194,0.00119,0.00003,0.99872,0.00006
17.92000,1.02194,0.00110,0.00003,0.99882,0.00005
18.06000,1.02194,0.00102,0.00002,0.99891,0.00005
18.20000,1.02194,0.00133,0.00005,0.99855,0.00007
18.34000,1.02194,0.00124,0.00005,0.99864,0.00007
18.48000,1.02194,0.00137,0.00007,0.99848,0.00008
18.62000,1.02194,0.00110,0.00004,0.99880,0.00005
18.76000,1.02194,0.00125,0.00005,0.99863,0.00007
18.90000,1.02194,0.00128,0.00006,0.99859,0.00007
19.04000,1.02194,0.00142,0.00008,0.99841,0.00009
19.18000,1.02194,0.00137,0.00006,0.99849,0.00008
19.32000,1.02194,0.00115,0.00004,0.99875,0.00006
19.46000,1.02194,0.00119,0.00004,0.99871,0.00006
19.60000,1.02194,0.00142,0.00006,0.99843,0.00009
19.74000,1.02194,0.00091,0.00002,0.99902,0.00004
19.88000,1.02194,0.00104,0.00003,0.99889,0.00005
20.02000,1.02194,0.00149,0.00008,0.99834,0.00009
20.16000,1.02194,0.00119,0.00004,0.99871,0.00006
20.30000,1.02194,0.00115,0.00004,0.99876,0.00006
20.44000,1.02194,0.00136,0.00006,0.99850,0.00008
20.58000,1.02194,0.00099,0.00003,0.99893,0.00005
20.72000,1.02194,0.00108,0.00003,0.99883,0.00005
20.86000,1.02194,0.00133,0.00006,0.99854,0.00007
21.00000,1.02194,0.00129,0.00005,0.99858,0.00007
21.14000,1.02194,0.00107,0.00003,0.99885,0.00005
21.28000,1.02194,0.00099,0.00003,0.99894,0.00005
21.42000,1.02194,0.00110,0.00004,0.99880,0.00006
21.56000,1.02194,0.00136,0.00006,0.99849,0.00008
21.70000,1.02194,0.00116,0.00004,0.99874,0.00006
21.84000,1.02194,0.00105,0.00003,0.99887,0.00005
21.98000,1.02194,0.00105,0.00003,0.99887,0.00005
22.12000,1.02194,0.00091,0.00001,0.99904,0.00004
22.26000,1.02194,0.00110,0.00003,0.99882,0.00005
22.40000,1.02194,0.00154,0.00006,0.99831,0.00009
22.54000,1.02194,0.00119,0.00003,0.99872,0.00006
22.68000,1.02194,0.00142,0.00006,0.99844,0.00008
22.82000,1.02194,0.00137,0.00006,0.99850,0.00007
22.96000,1.02194,0.00121,0.00004,0.99868,0.00006
23.10000,1.02194,0.00142,0.00007,0.99843,0.00008
23.24000,1.02194,0.00145,0.00006,0.99840,0.00008
23.38000,1.02194,0.00108,0.00003,0.99884,0.00005
23.52000,1.02194,0.00118,0.00003,0.99872,0.00006
23.66000,1.02194,0.00123,0.00005,0.99865,0.00007
23.80000,1.02194,0.00112,0.00003,0.99879,0.00006
23.94000,1.02194,0.00145,0.00005,0.99841,0.00008
24.08000,1.02194,0.00193,0.00007,0.99787,0.00013
24.22000,1.02194,0.02394,0.00009,0.97230,0.00367
24.36000,1.02194,0.01169,0.00001,0.98689,0.00141
24.50000,1.02194,0.10543,0.00011,0.84282,0.05163
24.64000,1.02194,0.39157,0.00002,0.51943,0.08898
24.78000,1.02194,0.03234,0.00000,0.96430,0.00336
24.92000,1.02194,0.01764,0.00012,0.97940,0.00284
25.06000,1.02194,0.00181,0.00000,0.99809,0.00010
25.20000,1.02194,0.00018,0.00000,0.99982,0.00000
25.34000,1.02194,0.00035,0.00000,0.99964,0.00001
25.48000,1.02194,0.00118,0.00002,0.99874,0.00006
25.62000,1.02194,0.00054,0.00000,0.99945,0.00001
25.76000,1.02194,0.00096,0.00000,0.99900,0.00003
25.90000,1.02194,0.00096,0.00000,0.99900,0.00003
26.04000,1.02194,0.00206,0.00002,0.99783,0.00009
26.18000,1.02194,0.00694,0.00012,0.99229,0.00066
26.32000,1.02194,0.03926,0.00107,0.94528,0.01439
26.46000,1.02194,0.06470,0.00359,0.88220,0.04951
26.60000,1.02194,0.06892,0.00375,0.86766,0.05967
26.74000,1.02194,0.08739,0.01240,0.76446,0.13575
26.88000,1.02194,0.04578,0.01256,0.91104,0.03062
27.02000,1.02194,0.01303,0.00339,0.98091,0.00267
27.16000,1.02194,0.00632,0.00079,0.99224,0.00066
27.30000,1.02194,0.00675,0.00108,0.99150,0.00067
27.44000,1.02194,0.00414,0.00034,0.99522,0.00029
27.58000,1.02194,0.00496,0.00076,0.99381,0.00047
27.72000,1.02194,0.00315,0.00029,0.99631,0.00025
27.86000,1.02194,0.00411,0.00082,0.99460,0.00047
28.00000,1.02194,0.00334,0.00044,0.99587,0.00034
28.14000,1.02194,0.00266,0.00023,0.99687,0.00023
28.28000,1.02194,0.00256,0.00020,0.99702,0.00023
28.42000,1.02194,0.00134,0.00003,0.99855,0.00008
28.56000,1.02194,0.00106,0.00002,0.99887,0.00005
28.70000,1.02194,0.00122,0.00002,0.99870,0.00007
28.84000,1.02194,0.00099,0.00002,0.99895,0.00004
28.98000,1.02194,0.00116,0.00002,0.99876,0.00006
29.12000,1.02194,0.00134,0.00004,0.99853,0.00008
29.26000,1.02194,0.00100,0.00002,0.99894,0.00004
29.40000,1.02194,0.00145,0.00004,0.99843,0.00008
29.54000,1.02194,0.00110,0.00002,0.99884,0.00005
29.68000,1.02194,0.00112,0.00002,0.99881,0.00005
29.82000,1.02194,0.00111,0.00002,0.99883,0.00005
29.96000,1.02194,0.00122,0.00003,0.99870,0.00006
30.10000,1.02194,0.00110,0.00002,0.99883,0.00005
30.24000,1.02194,0.00183,0.00007,0.99798,0.00012
30.38000,1.02194,0.00131,0.00003,0.99859,0.00007
30.52000,1.02194,0.00119,0.00002,0.99873,0.00005
30.66000,1.02194,0.00136,0.00003,0.99854,0.00007
30.80000,1.02194,0.00130,0.00003,0.99861,0.00006
30.94000,1.02194,0.00126,0.00003,0.99865,0.00006
31.08000,1.02194,0.00129,0.00003,0.99861,0.00007
31.22000,1.02194,0.00137,0.00003,0.99853,0.00007
31.36000,1.02194,0.00135,0.00003,0.99855,0.00007
31.50000,1.02194,0.00129,0.00003,0.99862,0.00006
31.64000,1.02194,0.00129,0.00003,0.99862,0.00006
31.78000,1.02194,0.00132,0.00003,0.99859,0.00007
31.92000,1.02194,0.00114,0.00002,0.99878,0.00006
32.06000,1.02193,0.00140,0.00003,0.99850,0.00007
32.20000,1.02194,0.00149,0.00004,0.99839,0.00008
32.34000,1.02194,0.00134,0.00003,0.99857,0.00007
32.48000,1.02194,0.00114,0.00002,0.99880,0.00005
32.62000,1.02194,0.00150,0.00003,0.99838,0.00008
32.76000,1.02194,0.00129,0.00002,0.99862,0.00007
32.90000,1.02193,0.00120,0.00002,0.99873,0.00005
33.04000,1.02194,0.00122,0.00002,0.99870,0.00006
33.18000,1.02194,0.00160,0.00004,0.99826,0.00009
33.32000,1.02194,0.00116,0.00002,0.99877,0.00005
33.46000,1.02194,0.00126,0.00002,0.99866,0.00006
33.60000,1.02194,0.00118,0.00001,0.99875,0.00005
33.74000,1.02193,0.00142,0.00003,0.99847,0.00008
33.88000,1.02194,0.00121,0.00002,0.99870,0.00006
34.02000,1.02194,0.00127,0.00003,0.99864,0.00007
34.16000,1.02194,0.00135,0.00003,0.99854,0.00007
34.30000,1.02194,0.00133,0.00003,0.99857,0.00007
34.44000,1.02194,0.00122,0.00002,0.99869,0.00006
34.58000,1.02193,0.00116,0.00002,0.99877,0.00005
34.72000,1.02193,0.00118,0.00002,0.99874,0.00006
34.86000,1.02194,0.00115,0.00002,0.99876,0.00006
35.00000,1.02194,0.00109,0.00002,0.99884,0.00005
35.14000,1.02194,0.00139,0.00004,0.99848,0.00009
35.28000,1.02194,0.00112,0.00002,0.99881,0.00005
35.42000,1.02194,0.00123,0.00002,0.99869,0.00006
35.56000,1.02193,0.00117,0.00002,0.99876,0.00005
35.70000,1.02194,0.00112,0.00001,0.99881,0.00005
35.84000,1.02194,0.00115,0.00002,0.99878,0.00005
35.98000,1.02194,0.00153,0.00004,0.99834,0.00009
36.12000,1.02194,0.00142,0.00003,0.99847,0.00008
36.26000,1.02194,0.00116,0.00002,0.99877,0.00005
36.40000,1.02193,0.00155,0.00004,0.99832,0.00009
36.54000,1.02194,0.00119,0.00002,0.99873,0.00006
36.68000,1.02194,0.00124,0.00002,0.99867,0.00006
36.82000,1.02194,0.00149,0.00003,0.99840,0.00008
36.96000,1.02194,0.00147,0.00003,0.99843,0.00008
37.10000,1.02194,0.00144,0.00002,0.99846,0.00008
37.24000,1.02193,0.00134,0.00003,0.99857,0.00007
37.38000,1.02194,0.00143,0.00003,0.99846,0.00008
37.52000,1.02194,0.00181,0.00005,0.99803,0.00011
37.66000,1.02194,0.00111,0.00001,0.99884,0.00004
37.80000,1.02194,0.00138,0.00002,0.99852,0.00007
37.94000,1.02194,0.00153,0.00003,0.99835,0.00009
38.08000,1.02193,0.00161,0.00004,0.99824,0.00011
38.22000,1.02193,0.00176,0.00005,0.99810,0.00010
38.36000,1.02194,0.00173,0.00004,0.99813,0.00010
38.50000,1.02194,0.00111,0.00001,0.99883,0.00005
38.64000,1.02194,0.00105,0.00001,0.99889,0.00005
38.78000,1.02194,0.00153,0.00004,0.99833,0.00010
38.92000,1.02194,0.00152,0.00004,0.99834,0.00010
39.06000,1.02193,0.00143,0.00003,0.99846,0.00008
39.20000,1.02194,0.00130,0.00002,0.99861,0.00007
39.34000,1.02194,0.00100,0.00001,0.99894,0.00004
39.48000,1.02194,0.00124,0.00002,0.99868,0.00006
39.62000,1.02194,0.00122,0.00002,0.99870,0.00006
39.76000,1.02194,0.00127,0.00002,0.99865,0.00006
39.90000,1.02193,0.00144,0.00003,0.99845,0.00008
40.04000,1.02194,0.00123,0.00002,0.99868,0.00006
40.18000,1.02194,0.00105,0.00001,0.99889,0.00005
40.32000,1.02194,0.00131,0.00002,0.99860,0.00007
40.46000,1.02194,0.00114,0.00001,0.99880,0.00005
40.60000,1.02194,0.00131,0.00002,0.99860,0.00007
40.74000,1.02193,0.00116,0.00001,0.99877,0.00006
40.88000,1.02194,0.00144,0.00003,0.99845,0.00008
41.02000,1.02194,0.00141,0.00002,0.99849,0.00008
41.16000,1.02194,0.00118,0.00002,0.99875,0.00006
41.30000,1.02194,0.00137,0.00002,0.99854,0.00007
41.44000,1.02194,0.00150,0.00003,0.99838,0.00008
41.58000,1.02193,0.00125,0.00002,0.99866,0.00006
41.72000,1.02193,0.00168,0.00003,0.99818,0.00011
41.86000,1.02194,0.00179,0.00005,0.99806,0.00011
42.00000,1.02194,0.00126,0.00002,0.99867,0.00005
42.14000,1.02194,0.00175,0.00004,0.99812,0.00009
42.28000,1.02194,0.00137,0.00003,0.99854,0.00007
42.42000,1.02194,0.00157,0.00004,0.99831,0.00008
42.56000,1.02193,0.00173,0.00005,0.99813,0.00010
42.70000,1.02194,0.00168,0.00005,0.99817,0.00010
42.84000,1.02194,0.00144,0.00003,0.99846,0.00008
42.98000,1.02194,0.00134,0.00003,0.99856,0.00007
43.12000,1.02194,0.00150,0.00004,0.99838,0.00009
43.26000,1.02194,0.00143,0.00003,0.99846,0.00008
43.40000,1.02193,0.00145,0.00003,0.99845,0.00008
43.54000,1.02194,0.00153,0.00004,0.99835,0.00008
43.68000,1.02194,0.00131,0.00002,0.99860,0.00006
43.82000,1.02194,0.00171,0.00004,0.99815,0.00010
43.96000,1.02194,0.00150,0.00002,0.99839,0.00008
44.10000,1.02194,0.00168,0.00004,0.99819,0.00009
44.24000,1.02193,0.00178,0.00004,0.99806,0.00011
44.38000,1.02194,0.00178,0.00004,0.99805,0.00013
44.52000,1.02194,0.00141,0.00002,0.99849,0.00007
44.66000,1.02194,0.00194,0.00005,0.99789,0.00012
44.80000,1.02194,0.00195,0.00005,0.99788,0.00013
44.94000,1.02194,0.00123,0.00001,0.99870,0.00006
45.08000,1.02193,0.00183,0.00005,0.99800,0.00012
45.22000,1.02193,0.00189,0.00006,0.99792,0.00013
45.36000,1.02194,0.00153,0.00003,0.99835,0.00009
45.50000,1.02194,0.00167,0.00003,0.99820,0.00010
45.64000,1.02194,0.00142,0.00002,0.99849,0.00007
45.78000,1.02194,0.00147,0.00003,0.99842,0.00008
45.92000,1.02194,0.00139,0.00003,0.99851,0.00007
46.06000,1.02193,0.00160,0.00003,0.99829,0.00008
46.20000,1.02194,0.00172,0.00004,0.99814,0.00010
46.34000,1.02194,0.00133,0.00002,0.99858,0.00006
46.48000,1.02194,0.00124,0.00001,0.99869,0.00005
46.62000,1.02194,0.00194,0.00005,0.99787,0.00013
46.76000,1.02194,0.00146,0.00003,0.99843,0.00008
46.90000,1.02193,0.00137,0.00003,0.99854,0.00007
47.04000,1.02194,0.00181,0.00005,0.99804,0.00010
47.18000,1.02194,0.00148,0.00002,0.99843,0.00007
47.32000,1.02194,0.00149,0.00003,0.99841,0.00008
47.46000,1.02194,0.00136,0.00002,0.99855,0.00006
47.60000,1.02194,0.00175,0.00005,0.99809,0.00011
47.74000,1.02193,0.00172,0.00004,0.99813,0.00011
47.88000,1.02194,0.00163,0.00004,0.99823,0.00009
48.02000,1.02194,0.00165,0.00003,0.99823,0.00009
48.16000,1.02194,0.00173,0.00004,0.99813,0.00010
48.30000,1.02194,0.00152,0.00003,0.99837,0.00008
48.44000,1.02194,0.00217,0.00008,0.99759,0.00015
48.58000,1.02193,0.00168,0.00004,0.99818,0.00010
48.72000,1.02193,0.00175,0.00003,0.99811,0.00010
48.86000,1.02194,0.00142,0.00002,0.99849,0.00007
49.00000,1.02194,0.00160,0.00003,0.99828,0.00010
49.14000,1.02194,0.00186,0.00006,0.99797,0.00011
49.28000,1.02194,0.00163,0.00003,0.99826,0.00009
49.42000,1.02194,0.00180,0.00004,0.99805,0.00010
49.56000,1.02193,0.00142,0.00002,0.99849,0.00007
49.70000,1.02194,0.00155,0.00004,0.99833,0.00008
49.84000,1.02194,0.00174,0.00004,0.99811,0.00011
49.98000,1.02194,0.00187,0.00007,0.99795,0.00012
50.12000,1.02194,0.00162,0.00003,0.99825,0.00010
50.26000,1.02194,0.00154,0.00004,0.99835,0.00008
50.40000,1.02193,0.00132,0.00002,0.99859,0.00007
50.54000,1.02194,0.00168,0.00003,0.99819,0.00009
50.68000,1.02194,0.00145,0.00002,0.99846,0.00007
50.82000,1.02194,0.00171,0.00005,0.99814,0.00010
50.96000,1.02194,0.00147,0.00003,0.99842,0.00008
51.10000,1.02194,0.00168,0.00005,0.99817,0.00010
51.24000,1.02193,0.00189,0.00007,0.99793,0.00012
51.38000,1.02194,0.00168,0.00004,0.99818,0.00010
51.52000,1.02194,0.00131,0.00002,0.99861,0.00006
51.66000,1.02194,0.00135,0.00002,0.99857,0.00006
51.80000,1.02194,0.00174,0.00004,0.99812,0.00010
51.94000,1.02194,0.00176,0.00005,0.99809,0.00011
52.08000,1.02193,0.00142,0.00002,0.99849,0.00007
52.22000,1.02193,0.00185,0.00005,0.99798,0.00013
52.36000,1.02194,0.00175,0.00004,0.99809,0.00012
52.50000,1.02194,0.00158,0.00004,0.99829,0.00009
52.64000,1.02194,0.00170,0.00003,0.99817,0.00010
52.78000,1.02194,0.00177,0.00003,0.99809,0.00011
52.92000,1.02194,0.00170,0.00003,0.99816,0.00011
53.06000,1.02193,0.00192,0.00007,0.99787,0.00014
53.20000,1.02194,0.00143,0.00002,0.99847,0.00007
53.34000,1.02194,0.00206,0.00005,0.99774,0.00015
53.48000,1.02194,0.00124,0.00002,0.99869,0.00006
53.62000,1.02194,0.00144,0.00003,0.99846,0.00008
53.76000,1.02194,0.00192,0.00004,0.99791,0.00013
53.90000,1.02193,0.00171,0.00004,0.99815,0.00010
54.04000,1.02194,0.00150,0.00002,0.99840,0.00008
54.18000,1.02194,0.00203,0.00005,0.99778,0.00014
54.32000,1.02194,0.00146,0.00002,0.99845,0.00007
54.46000,1.02194,0.00217,0.00005,0.99763,0.00015
54.60000,1.02194,0.00143,0.00002,0.99848,0.00007
54.74000,1.02193,0.00170,0.00003,0.99817,0.00010
54.88000,1.02194,0.00199,0.00005,0.99783,0.00013
55.02000,1.02194,0.00168,0.00004,0.99818,0.00011
55.16000,1.02194,0.00202,0.00006,0.99777,0.00014
55.30000,1.02194,0.00174,0.00004,0.99810,0.00012
55.44000,1.02194,0.00202,0.00004,0.99776,0.00017
55.58000,1.02193,0.00257,0.00004,0.99718,0.00021
55.72000,1.02193,0.00167,0.00003,0.99817,0.00013
55.86000,1.02194,0.00157,0.00003,0.99830,0.00010
56.00000,1.02194,0.00173,0.00003,0.99813,0.00010
56.14000,1.02194,0.00160,0.00004,0.99826,0.00011
56.28000,1.02194,0.00152,0.00003,0.99837,0.00008
56.42000,1.02194,0.00172,0.00004,0.99815,0.00009
56.56000,1.02193,0.00170,0.00003,0.99817,0.00010
56.70000,1.02194,0.00146,0.00003,0.99843,0.00008
56.84000,1.02194,0.00173,0.00004,0.99811,0.00012
56.98000,1.02194,0.00174,0.00005,0.99810,0.00011
57.12000,1.02194,0.00157,0.00003,0.99832,0.00008
57.26000,1.02194,0.00215,0.00006,0.99764,0.00014
57.40000,1.02193,0.00137,0.00002,0.99854,0.00007
57.54000,1.02194,0.00181,0.00003,0.99806,0.00010
57.68000,1.02194,0.00208,0.00006,0.99773,0.00014
57.82000,1.02194,0.00206,0.00005,0.99774,0.00015
57.96000,1.02194,0.00178,0.00004,0.99807,0.00011
58.10000,1.02194,0.00196,0.00004,0.99787,0.00013
58.24000,1.02193,0.00179,0.00004,0.99805,0.00011
58.38000,1.02194,0.00139,0.00002,0.99853,0.00007
58.52000,1.02194,0.00175,0.00004,0.99811,0.00010
58.66000,1.02194,0.00161,0.00003,0.99827,0.00009
58.80000,1.02194,0.00175,0.00005,0.99810,0.00010
58.94000,1.02194,0.00160,0.00003,0.99827,0.00009
59.08000,1.02193,0.00172,0.00004,0.99816,0.00009
59.22000,1.02193,0.00168,0.00003,0.99820,0.00009
59.36000,1.02194,0.00149,0.00002,0.99842,0.00007
59.50000,1.02194,0.00172,0.00003,0.99816,0.00009
59.64000,1.02194,0.00234,0.00007,0.99743,0.00016
59.78000,1.02194,0.00189,0.00004,0.99795,0.00011
59.92000,1.02194,0.00207,0.00005,0.99774,0.00014
60.06000,1.02193,0.00177,0.00004,0.99808,0.00011
60.20000,1.02194,0.00164,0.00004,0.99821,0.00010
60.34000,1.02194,0.00167,0.00004,0.99819,0.00010
60.48000,1.02194,0.00163,0.00003,0.99825,0.00009
60.62000,1.02194,0.00174,0.00004,0.99812,0.00011
60.76000,1.02194,0.00145,0.00002,0.99844,0.00008
60.90000,1.02193,0.00189,0.00004,0.99795,0.00013
61.04000,1.02194,0.00155,0.00004,0.99831,0.00010
61.18000,1.02194,0.00150,0.00002,0.99841,0.00008
61.32000,1.02194,0.00308,0.00011,0.99656,0.00025
61.46000,1.02194,0.00144,0.00002,0.99847,0.00007
61.60000,1.02194,0.00169,0.00002,0.99820,0.00009
61.74000,1.02193,0.00202,0.00006,0.99777,0.00016
61.88000,1.02194,0.00194,0.00005,0.99787,0.00013
62.02000,1.02194,0.00224,0.00008,0.99754,0.00015
62.16000,1.02194,0.00226,0.00006,0.99753,0.00016
62.30000,1.02194,0.00196,0.00005,0.99787,0.00012
62.44000,1.02194,0.00170,0.00003,0.99819,0.00009
62.58000,1.02193,0.00205,0.00006,0.99777,0.00013
62.72000,1.02193,0.00156,0.00003,0.99834,0.00008
62.86000,1.02194,0.00199,0.00005,0.99784,0.00012
63.00000,1.02193,0.00182,0.00005,0.99803,0.00010
63.14000,1.02193,0.00232,0.00009,0.99743,0.00016
63.28000,1.02194,0.00195,0.00005,0.99789,0.00011
63.42000,1.02194,0.00177,0.00004,0.99809,0.00010
63.56000,1.02194,0.00179,0.00004,0.99807,0.00010
63.70000,1.02194,0.00181,0.00004,0.99804,0.00011
63.84000,1.02194,0.00204,0.00007,0.99777,0.00013
63.98000,1.02194,0.00207,0.00007,0.99773,0.00013
64.12000,1.02193,0.00190,0.00004,0.99795,0.00011
64.26000,1.02193,0.00171,0.00003,0.99817,0.00009
64.40000,1.02193,0.00182,0.00003,0.99804,0.00010
64.54000,1.02193,0.00186,0.00004,0.99798,0.00011
64.68000,1.02193,0.00188,0.00005,0.99796,0.00011
64.82000,1.02193,0.00239,0.00008,0.99737,0.00017
64.96000,1.02194,0.00216,0.00006,0.99763,0.00014
65.10000,1.02194,0.00159,0.00003,0.99830,0.00009
65.24000,1.02194,0.00187,0.00006,0.99793,0.00013
65.38000,1.02194,0.00193,0.00006,0.99788,0.00013
65.52000,1.02194,0.00193,0.00006,0.99787,0.00013
65.66000,1.02193,0.00168,0.00004,0.99818,0.00010
65.80000,1.02193,0.00189,0.00004,0.99797,0.00010
65.94000,1.02193,0.00206,0.00004,0.99777,0.00012
66.08000,1.02193,0.00139,0.00002,0.99852,0.00007
66.22000,1.02193,0.00160,0.00003,0.99829,0.00009
66.36000,1.02193,0.00206,0.00011,0.99766,0.00017
66.50000,1.02193,0.00164,0.00005,0.99821,0.00009
66.64000,1.02193,0.00244,0.00011,0.99727,0.00018
66.78000,1.02194,0.00134,0.00002,0.99857,0.00007
66.92000,1.02194,0.00110,0.00001,0.99884,0.00005
67.06000,1.02194,0.00143,0.00002,0.99846,0.00009
67.20000,1.02194,0.00154,0.00004,0.99831,0.00011
67.34000,1.02194,0.00129,0.00002,0.99862,0.00006
67.48000,1.02193,0.00134,0.00002,0.99857,0.00007
67.62000,1.02193,0.00102,0.00001,0.99893,0.00004
67.76000,1.02193,0.00127,0.00003,0.99864,0.00007
67.90000,1.02193,0.00131,0.00003,0.99860,0.00007
68.04000,1.02193,0.00127,0.00002,0.99864,0.00006
68.18000,1.02193,0.00125,0.00002,0.99867,0.00006
68.32000,1.02193,0.00103,0.00001,0.99891,0.00004
68.46000,1.02194,0.00142,0.00003,0.99848,0.00007
68.60000,1.02194,0.00130,0.00002,0.99862,0.00006
68.74000,1.02194,0.00150,0.00002,0.99840,0.00008
68.88000,1.02194,0.00129,0.00002,0.99864,0.00006
69.02000,1.02194,0.00157,0.00002,0.99832,0.00008
69.16000,1.02193,0.00153,0.00003,0.99836,0.00008
69.30000,1.02193,0.00138,0.00001,0.99854,0.00006
69.44000,1.02193,0.00189,0.00005,0.99796,0.00010
69.58000,1.02193,0.00148,0.00002,0.99844,0.00006
69.72000,1.02193,0.00158,0.00003,0.99831,0.00008
69.86000,1.02193,0.00182,0.00006,0.99802,0.00010
70.00000,1.02193,0.00194,0.00007,0.99788,0.00011
70.14000,1.02193,0.00174,0.00004,0.99812,0.00009
70.28000,1.02194,0.00150,0.00003,0.99840,0.00007
70.42000,1.02194,0.00147,0.00003,0.99843,0.00007
70.56000,1.02194,0.00189,0.00005,0.99796,0.00010
70.70000,1.02194,0.00156,0.00003,0.99833,0.00007
70.84000,1.02194,0.00158,0.00002,0.99833,0.00007
70.98000,1.02193,0.00208,0.00006,0.99775,0.00012
71.12000,1.02193,0.00139,0.00002,0.99853,0.00006
71.26000,1.02193,0.00161,0.00003,0.99828,0.00007
71.40000,1.02193,0.00205,0.00007,0.99776,0.00012
71.54000,1.02193,0.00161,0.00004,0.99827,0.00008
71.68000,1.02193,0.00169,0.00004,0.99818,0.00008
71.82000,1.02193,0.00181,0.00005,0.99803,0.00010
71.96000,1.02194,0.00137,0.00002,0.99854,0.00006
72.10000,1.02194,0.00137,0.00002,0.99855,0.00006
72.24000,1.02194,0.00166,0.00004,0.99821,0.00009
72.38000,1.02194,0.00133,0.00002,0.99860,0.00006
72.52000,1.02194,0.00137,0.00002,0.99854,0.00006
72.66000,1.02193,0.00159,0.00003,0.99830,0.00007
72.80000,1.02193,0.00166,0.00004,0.99821,0.00009
72.94000,1.02193,0.00140,0.00003,0.99851,0.00007
73.08000,1.02193,0.00156,0.00004,0.99832,0.00008
73.22000,1.02193,0.00193,0.00006,0.99790,0.00011
73.36000,1.02193,0.00162,0.00004,0.99826,0.00008
73.50000,1.02193,0.00125,0.00002,0.99868,0.00005
73.64000,1.02193,0.00209,0.00006,0.99773,0.00012
73.78000,1.02194,0.00156,0.00003,0.99834,0.00007
73.92000,1.02194,0.00161,0.00003,0.99829,0.00008
74.06000,1.02194,0.00206,0.00007,0.99775,0.00012
74.20000,1.02194,0.00154,0.00004,0.99834,0.00008
74.34000,1.02194,0.00161,0.00003,0.99828,0.00008
74.48000,1.02193,0.00205,0.00006,0.99777,0.00011
74.62000,1.02193,0.00170,0.00003,0.99818,0.00008
74.76000,1.02193,0.00157,0.00003,0.99832,0.00007
74.90000,1.02193,0.00164,0.00003,0.99825,0.00008
75.04000,1.02193,0.00176,0.00006,0.99809,0.00010
75.18000,1.02193,0.00169,0.00004,0.99818,0.00009
75.32000,1.02193,0.00157,0.00003,0.99832,0.00008
75.46000,1.02194,0.00182,0.00004,0.99805,0.00009
75.60000,1.02194,0.00163,0.00003,0.99826,0.00008
75.74000,1.02194,0.00167,0.00003,0.99821,0.00008
75.88000,1.02194,0.00188,0.00003,0.99799,0.00010
76.02000,1.02194,0.00185,0.00004,0.99801,0.00010
76.16000,1.02193,0.00164,0.00003,0.99826,0.00007
76.30000,1.02193,0.00197,0.00006,0.99786,0.00011
76.44000,1.02193,0.00167,0.00004,0.99819,0.00009
76.58000,1.02193,0.00152,0.00003,0.99837,0.00007
76.72000,1.02193,0.00170,0.00003,0.99818,0.00008
76.86000,1.02193,0.00167,0.00004,0.99821,0.00008
77.00000,1.02193,0.00130,0.00002,0.99863,0.00005
77.14000,1.02193,0.00165,0.00004,0.99823,0.00008
77.28000,1.02194,0.00178,0.00005,0.99807,0.00009
77.42000,1.02194,0.00186,0.00005,0.99798,0.00011
77.56000,1.02194,0.00161,0.00003,0.99828,0.00008
77.70000,1.02194,0.00171,0.00003,0.99819,0.00008
77.84000,1.02194,0.00154,0.00002,0.99838,0.00006
77.98000,1.02193,0.00172,0.00003,0.99817,0.00008
78.12000,1.02193,0.00174,0.00004,0.99813,0.00009
78.26000,1.02193,0.00184,0.00005,0.99802,0.00010
78.40000,1.02193,0.00203,0.00008,0.99777,0.00012
78.54000,1.02193,0.00193,0.00006,0.99791,0.00011
78.68000,1.02193,0.00164,0.00003,0.99825,0.00008
78.82000,1.02193,0.00174,0.00004,0.99813,0.00009
78.96000,1.02194,0.00156,0.00003,0.99833,0.00007
79.10000,1.02194,0.00181,0.00005,0.99806,0.00009
79.24000,1.02194,0.00189,0.00005,0.99796,0.00010
79.38000,1.02194,0.00152,0.00003,0.99838,0.00007
79.52000,1.02194,0.00157,0.00004,0.99832,0.00007
79.66000,1.02193,0.00202,0.00007,0.99780,0.00012
79.80000,1.02193,0.00152,0.00003,0.99837,0.00008
79.94000,1.02193,0.00152,0.00003,0.99838,0.00007
80.08000,1.02193,0.00182,0.00004,0.99805,0.00009
80.22000,1.02193,0.00139,0.00002,0.99853,0.00006
80.36000,1.02193,0.00146,0.00002,0.99846,0.00006
80.50000,1.02193,0.00198,0.00006,0.99786,0.00011
80.64000,1.02193,0.00170,0.00004,0.99817,0.00008
80.78000,1.02194,0.00158,0.00003,0.99831,0.00008
80.92000,1.02194,0.00174,0.00004,0.99814,0.00009
81.06000,1.02194,0.00168,0.00004,0.99820,0.00008
81.20000,1.02194,0.00157,0.00003,0.99832,0.00008
81.34000,1.02194,0.00140,0.00002,0.99851,0.00006
81.48000,1.02193,0.00179,0.00004,0.99807,0.00009
81.62000,1.02193,0.00179,0.00004,0.99807,0.00009
81.76000,1.02193,0.00150,0.00002,0.99841,0.00007
81.90000,1.02193,0.00182,0.00004,0.99804,0.00010
82.04000,1.02193,0.00130,0.00002,0.99862,0.00005
82.18000,1.02193,0.00182,0.00004,0.99806,0.00009
82.32000,1.02193,0.00173,0.00004,0.99814,0.00009
82.46000,1.02194,0.00149,0.00003,0.99842,0.00006
82.60000,1.02194,0.00193,0.00005,0.99791,0.00011
82.74000,1.02194,0.00184,0.00006,0.99801,0.00010
82.88000,1.02194,0.00160,0.00003,0.99829,0.00008
83.02000,1.02194,0.00197,0.00007,0.99786,0.00011
83.16000,1.02193,0.00156,0.00003,0.99834,0.00007
83.30000,1.02193,0.00153,0.00003,0.99837,0.00007
83.44000,1.02193,0.00131,0.00002,0.99861,0.00006
83.58000,1.02193,0.00163,0.00005,0.99824,0.00008
83.72000,1.02193,0.00170,0.00004,0.99818,0.00009
83.86000,1.02193,0.00150,0.00004,0.99839,0.00007
84.00000,1.02193,0.00133,0.00002,0.99859,0.00005
84.14000,1.02193,0.00187,0.00006,0.99796,0.00011
84.28000,1.02194,0.00130,0.00002,0.99862,0.00006
84.42000,1.02194,0.00198,0.00006,0.99785,0.00011
84.56000,1.02194,0.00198,0.00005,0.99787,0.00010
84.70000,1.02194,0.00162,0.00002,0.99828,0.00007
84.84000,1.02194,0.00162,0.00003,0.99828,0.00007
84.98000,1.02193,0.00151,0.00002,0.99840,0.00006
85.12000,1.02193,0.00192,0.00005,0.99794,0.00010
85.26000,1.02193,0.00185,0.00005,0.99800,0.00010
85.40000,1.02193,0.00156,0.00003,0.99833,0.00007
85.54000,1.02193,0.00212,0.00008,0.99767,0.00013
85.68000,1.02193,0.00147,0.00003,0.99843,0.00007
85.82000,1.02193,0.00181,0.00005,0.99804,0.00010
85.96000,1.02194,0.00154,0.00004,0.99834,0.00007
86.10000,1.02194,0.00161,0.00003,0.99828,0.00008
86.24000,1.02194,0.00156,0.00004,0.99832,0.00008
86.38000,1.02194,0.00144,0.00003,0.99846,0.00007
86.52000,1.02194,0.00181,0.00005,0.99804,0.00010
86.66000,1.02193,0.00128,0.00002,0.99865,0.00005
86.80000,1.02193,0.00201,0.00006,0.99780,0.00013
86.94000,1.02193,0.00159,0.00004,0.99828,0.00008
87.08000,1.02193,0.00151,0.00002,0.99840,0.00007
87.22000,1.02193,0.00197,0.00005,0.99787,0.00011
87.36000,1.02193,0.00142,0.00002,0.99849,0.00006
87.50000,1.02193,0.00171,0.00004,0.99817,0.00009
87.64000,1.02193,0.00174,0.00003,0.99814,0.00008
87.78000,1.02194,0.00190,0.00005,0.99794,0.00010
87.92000,1.02194,0.00142,0.00002,0.99850,0.00006
88.06000,1.02194,0.00180,0.00004,0.99807,0.00009
88.20000,1.02194,0.00162,0.00005,0.99825,0.00008
88.34000,1.02194,0.00159,0.00003,0.99830,0.00008
88.48000,1.02193,0.00185,0.00005,0.99799,0.00010
88.62000,1.02193,0.00175,0.00004,0.99813,0.00008
88.76000,1.02193,0.00166,0.00003,0.99824,0.00007
88.90000,1.02193,0.00130,0.00001,0.99863,0.00005
89.04000,1.02193,0.00162,0.00004,0.99826,0.00008
89.18000,1.02193,0.00156,0.00003,0.99834,0.00007
89.32000,1.02193,0.00177,0.00005,0.99808,0.00010
89.46000,1.02194,0.00177,0.00005,0.99809,0.00009
89.60000,1.02194,0.00159,0.00004,0.99830,0.00008
89.74000,1.02194,0.00149,0.00003,0.99841,0.00007
89.88000,1.02194,0.00144,0.00002,0.99847,0.00007
90.02000,1.02194,0.00155,0.00003,0.99834,0.00007
90.16000,1.02193,0.00139,0.00002,0.99853,0.00006
90.30000,1.02193,0.00182,0.00005,0.99802,0.00010
90.44000,1.02193,0.00155,0.00003,0.99834,0.00008
90.58000,1.02193,0.00171,0.00004,0.99816,0.00008
90.72000,1.02193,0.00165,0.00004,0.99823,0.00008
90.86000,1.02193,0.00171,0.00003,0.99817,0.00009
91.00000,1.02193,0.00153,0.00002,0.99837,0.00007
91.14000,1.02193,0.00164,0.00003,0.99825,0.00007
91.28000,1.02194,0.00248,0.00008,0.99728,0.00016
91.42000,1.02194,0.00157,0.00003,0.99833,0.00008
91.56000,1.02194,0.00151,0.00002,0.99840,0.00007
91.70000,1.02194,0.00237,0.00008,0.99740,0.00015
91.84000,1.02194,0.00163,0.00004,0.99825,0.00008
91.98000,1.02193,0.00174,0.00004,0.99813,0.00009
92.12000,1.02193,0.00184,0.00006,0.99800,0.00010
92.26000,1.02193,0.00169,0.00005,0.99817,0.00009
92.40000,1.02193,0.00187,0.00006,0.99797,0.00010
92.54000,1.02193,0.00157,0.00003,0.99832,0.00007
92.68000,1.02193,0.00145,0.00002,0.99846,0.00006
92.82000,1.02193,0.00154,0.00003,0.99836,0.00007
92.96000,1.02194,0.00158,0.00004,0.99830,0.00008
93.10000,1.02194,0.00161,0.00004,0.99827,0.00008
93.24000,1.02194,0.00156,0.00004,0.99832,0.00008
93.38000,1.02194,0.00172,0.00005,0.99813,0.00010
93.52000,1.02194,0.00142,0.00004,0.99847,0.00007
93.66000,1.02193,0.00137,0.00003,0.99854,0.00006
93.80000,1.02193,0.00150,0.00004,0.99838,0.00008
93.94000,1.02193,0.00156,0.00004,0.99833,0.00007
94.08000,1.02193,0.00169,0.00004,0.99819,0.00009
94.22000,1.02193,0.00166,0.00003,0.99822,0.00009
94.36000,1.02193,0.00145,0.00002,0.99846,0.00007
94.50000,1.02193,0.00170,0.00003,0.99819,0.00008
94.64000,1.02193,0.00186,0.00003,0.99802,0.00009
94.78000,1.02194,0.00169,0.00004,0.99819,0.00009
94.92000,1.02194,0.00147,0.00003,0.99844,0.00007
95.06000,1.02194,0.00195,0.00005,0.99789,0.00011
95.20000,1.02194,0.00179,0.00005,0.99806,0.00010
95.34000,1.02194,0.00170,0.00003,0.99818,0.00008
95.48000,1.02193,0.00225,0.00008,0.99753,0.00014
95.62000,1.02193,0.00133,0.00002,0.99860,0.00005
95.76000,1.02193,0.00170,0.00003,0.99820,0.00008
95.90000,1.02193,0.00171,0.00003,0.99817,0.00008
96.04000,1.02193,0.00178,0.00004,0.99809,0.00009
96.18000,1.02193,0.00204,0.00007,0.99779,0.00011
96.32000,1.02193,0.00180,0.00004,0.99807,0.00009
96.46000,1.02194,0.00193,0.00005,0.99791,0.00011
96.60000,1.02194,0.00174,0.00003,0.99815,0.00008
96.74000,1.02194,0.00193,0.00005,0.99793,0.00010
96.88000,1.02194,0.00157,0.00003,0.99832,0.00008
97.02000,1.02194,0.00165,0.00004,0.99822,0.00009
97.16000,1.02193,0.00192,0.00006,0.99791,0.00011
97.30000,1.02193,0.00173,0.00004,0.99815,0.00008
97.44000,1.02193,0.00164,0.00003,0.99825,0.00008
97.58000,1.02193,0.00161,0.00003,0.99828,0.00007
97.72000,1.02193,0.00144,0.00002,0.99847,0.00006
97.86000,1.02193,0.00170,0.00004,0.99817,0.00009
98.00000,1.02193,0.00159,0.00004,0.99829,0.00008
98.14000,1.02193,0.00181,0.00005,0.99805,0.00010
98.28000,1.02194,0.00148,0.00003,0.99842,0.00007
98.42000,1.02194,0.00151,0.00003,0.99838,0.00008
98.56000,1.02194,0.00154,0.00004,0.99834,0.00008
98.70000,1.02194,0.00194,0.00005,0.99790,0.00011
98.84000,1.02194,0.00172,0.00004,0.99815,0.00009
98.98000,1.02193,0.00134,0.00001,0.99860,0.00005
99.12000,1.02193,0.00158,0.00003,0.99831,0.00007
99.26000,1.02193,0.00160,0.00003,0.99830,0.00007
99.40000,1.02193,0.00179,0.00004,0.99808,0.00009
99.54000,1.02193,0.00163,0.00003,0.99827,0.00007
99.68000,1.02193,0.00178,0.00004,0.99810,0.00009
99.82000,1.02193,0.00192,0.00005,0.99792,0.00010
99.96000,1.02194,0.00166,0.00004,0.99821,0.00008
100.10000,1.02194,0.00153,0.00003,0.99837,0.00007
100.24000,1.02194,0.00147,0.00002,0.99845,0.00006
100.38000,1.02194,0.00166,0.00004,0.99822,0.00008
100.52000,1.02194,0.00167,0.00004,0.99821,0.00009
100.66000,1.02193,0.00161,0.00004,0.99826,0.00009
100.80000,1.02193,0.00165,0.00004,0.99822,0.00008
100.94000,1.02193,0.00178,0.00004,0.99808,0.00010
101.08000,1.02193,0.00122,0.00002,0.99872,0.00005
101.22000,1.02193,0.00159,0.00003,0.99830,0.00008
101.36000,1.02193,0.00179,0.00005,0.99806,0.00010
101.50000,1.02193,0.00153,0.00003,0.99837,0.00007
101.64000,1.02193,0.00177,0.00004,0.99810,0.00009
101.78000,1.02194,0.00161,0.00003,0.99828,0.00008
101.92000,1.02194,0.00153,0.00003,0.99836,0.00007
102.06000,1.02194,0.00166,0.00004,0.99822,0.00008
102.20000,1.02194,0.00158,0.00003,0.99832,0.00007
102.34000,1.02194,0.00162,0.00004,0.99826,0.00008
102.48000,1.02193,0.00167,0.00004,0.99821,0.00008
102.62000,1.02193,0.00193,0.00005,0.99791,0.00011
102.76000,1.02193,0.00174,0.00005,0.99812,0.00009
102.90000,1.02193,0.00178,0.00004,0.99809,0.00009
103.04000,1.02193,0.00197,0.00005,0.99786,0.00011
103.18000,1.02193,0.00142,0.00002,0.99850,0.00006
103.32000,1.02193,0.00166,0.00003,0.99823,0.00008
103.46000,1.02194,0.00156,0.00003,0.99834,0.00007
103.60000,1.02194,0.00161,0.00003,0.99828,0.00008
103.74000,1.02194,0.00180,0.00006,0.99804,0.00010
103.88000,1.02194,0.00145,0.00003,0.99846,0.00007
104.02000,1.02194,0.00206,0.00009,0.99772,0.00013
104.16000,1.02193,0.00136,0.00002,0.99856,0.00006
104.30000,1.02193,0.00149,0.00003,0.99841,0.00007
104.44000,1.02193,0.00159,0.00003,0.99830,0.00008
104.58000,1.02193,0.00171,0.00003,0.99818,0.00008
104.72000,1.02193,0.00146,0.00002,0.99846,0.00006
104.86000,1.02193,0.00191,0.00005,0.99793,0.00011
105.00000,1.02193,0.00164,0.00004,0.99824,0.00009
105.14000,1.02193,0.00172,0.00004,0.99815,0.00009
105.28000,1.02194,0.00208,0.00006,0.99774,0.00012
105.42000,1.02194,0.00145,0.00002,0.99846,0.00006
105.56000,1.02194,0.00158,0.00003,0.99832,0.00007
105.70000,1.02194,0.00161,0.00004,0.99828,0.00008
105.84000,1.02194,0.00160,0.00003,0.99829,0.00008
105.98000,1.02193,0.00182,0.00006,0.99802,0.00010
106.12000,1.02193,0.00151,0.00003,0.99838,0.00008
106.26000,1.02193,0.00163,0.00004,0.99825,0.00009
106.40000,1.02193,0.00131,0.00002,0.99862,0.00006
106.54000,1.02193,0.00166,0.00004,0.99821,0.00009
106.68000,1.02193,0.00137,0.00002,0.99854,0.00006
106.82000,1.02193,0.00153,0.00003,0.99837,0.00007
106.96000,1.02194,0.00168,0.00004,0.99819,0.00008
107.10000,1.02194,0.00138,0.00002,0.99854,0.00006
107.24000,1.02194,0.00134,0.00002,0.99858,0.00006
107.38000,1.02194,0.00188,0.00006,0.99796,0.00011
107.52000,1.02194,0.00168,0.00004,0.99819,0.00009
107.66000,1.02193,0.00141,0.00002,0.99851,0.00006
107.80000,1.02193,0.00181,0.00004,0.99805,0.00010
107.94000,1.02193,0.00128,0.00002,0.99864,0.00006
108.08000,1.02193,0.00164,0.00003,0.99824,0.00008
108.22000,1.02193,0.00175,0.00005,0.99810,0.00010
108.36000,1.02193,0.00151,0.00002,0.99840,0.00007
108.50000,1.02193,0.00136,0.00002,0.99856,0.00006
108.64000,1.02193,0.00144,0.00002,0.99846,0.00007
108.78000,1.02194,0.00175,0.00004,0.99812,0.00009
108.92000,1.02194,0.00159,0.00003,0.99830,0.00008
109.06000,1.02194,0.00166,0.00003,0.99822,0.00008
109.20000,1.02194,0.00172,0.00004,0.99815,0.00009
109.34000,1.02194,0.00154,0.00004,0.99834,0.00008
109.48000,1.02193,0.00193,0.00006,0.99790,0.00010
109.62000,1.02193,0.00168,0.00004,0.99820,0.00009
109.76000,1.02193,0.00139,0.00003,0.99852,0.00006
109.90000,1.02193,0.00148,0.00002,0.99843,0.00007
110.04000,1.02193,0.00182,0.00005,0.99803,0.00010
110.18000,1.02193,0.00135,0.00002,0.99857,0.00006
110.32000,1.02193,0.00160,0.00004,0.99829,0.00008
110.46000,1.02194,0.00151,0.00004,0.99838,0.00008
110.60000,1.02194,0.00148,0.00003,0.99841,0.00007
110.74000,1.02194,0.00130,0.00002,0.99862,0.00006
110.88000,1.02194,0.00146,0.00003,0.99844,0.00007
111.02000,1.02194,0.00163,0.00004,0.99826,0.00008
111.16000,1.02193,0.00142,0.00002,0.99849,0.00006
111.30000,1.02193,0.00145,0.00002,0.99846,0.00006
111.44000,1.02193,0.00140,0.00002,0.99851,0.00006
111.58000,1.02193,0.00166,0.00003,0.99822,0.00008
111.72000,1.02193,0.00211,0.00006,0.99770,0.00013
111.86000,1.02193,0.00144,0.00002,0.99847,0.00007
112.00000,1.02193,0.00181,0.00003,0.99806,0.00009
112.14000,1.02193,0.00175,0.00004,0.99812,0.00009
112.28000,1.02194,0.00142,0.00002,0.99849,0.00006
112.42000,1.02194,0.00191,0.00006,0.99793,0.00010
112.56000,1.02194,0.00183,0.00006,0.99802,0.00010
112.70000,1.02194,0.00165,0.00003,0.99823,0.00008
112.84000,1.02194,0.00171,0.00003,0.99817,0.00008
112.98000,1.02193,0.00149,0.00002,0.99842,0.00006
113.12000,1.02193,0.00155,0.00002,0.99835,0.00007
113.26000,1.02193,0.00157,0.00003,0.99833,0.00008
113.40000,1.02193,0.00176,0.00004,0.99811,0.00009
113.54000,1.02193,0.00178,0.00005,0.99807,0.00010
113.68000,1.02193,0.00157,0.00003,0.99832,0.00008
113.82000,1.02193,0.00145,0.00003,0.99845,0.00007
113.96000,1.02194,0.00174,0.00005,0.99811,0.00010
114.10000,1.02194,0.00165,0.00004,0.99821,0.00009
114.24000,1.02194,0.00131,0.00002,0.99861,0.00005
114.38000,1.02194,0.00156,0.00003,0.99834,0.00007
114.52000,1.02194,0.00153,0.00003,0.99836,0.00008
114.66000,1.02193,0.00113,0.00001,0.99882,0.00004
114.80000,1.02193,0.00179,0.00005,0.99805,0.00010
114.94000,1.02193,0.00159,0.00004,0.99829,0.00008
115.08000,1.02193,0.00150,0.00003,0.99840,0.00007
115.22000,1.02193,0.00161,0.00003,0.99827,0.00009
115.36000,1.02193,0.00134,0.00002,0.99857,0.00006
115.50000,1.02193,0.00155,0.00003,0.99834,0.00008
115.64000,1.02193,0.00167,0.00004,0.99820,0.00009
115.78000,1.02194,0.00117,0.00001,0.99877,0.00004
115.92000,1.02194,0.00158,0.00004,0.99831,0.00008
116.06000,1.02194,0.00136,0.00002,0.99856,0.00006
116.20000,1.02194,0.00149,0.00003,0.99841,0.00007
116.34000,1.02194,0.00168,0.00004,0.99819,0.00009
116.48000,1.02193,0.00186,0.00005,0.99799,0.00011
116.62000,1.02193,0.00191,0.00004,0.99795,0.00010
116.76000,1.02193,0.00186,0.00004,0.99801,0.00009
116.90000,1.02193,0.00148,0.00002,0.99844,0.00007
117.04000,1.02193,0.00143,0.00002,0.99847,0.00007
117.18000,1.02193,0.00166,0.00004,0.99821,0.00009
117.32000,1.02193,0.00172,0.00005,0.99813,0.00009
117.46000,1.02194,0.00147,0.00002,0.99843,0.00007
117.60000,1.02194,0.00161,0.00004,0.99827,0.00008
117.74000,1.02194,0.00134,0.00002,0.99858,0.00006
117.88000,1.02194,0.00147,0.00003,0.99842,0.00008
118.02000,1.02194,0.00141,0.00003,0.99850,0.00006
118.16000,1.02193,0.00174,0.00005,0.99812,0.00010
118.30000,1.02193,0.00130,0.00002,0.99862,0.00006
118.44000,1.02193,0.00143,0.00003,0.99848,0.00006
118.58000,1.02193,0.00181,0.00005,0.99804,0.00010
118.72000,1.02193,0.00136,0.00002,0.99856,0.00006
118.86000,1.02193,0.00151,0.00003,0.99839,0.00007
119.00000,1.02193,0.00148,0.00003,0.99841,0.00008
119.14000,1.02193,0.00125,0.00002,0.99867,0.00005
119.28000,1.02194,0.00152,0.00003,0.99837,0.00007
119.42000,1.02194,0.00164,0.00004,0.99824,0.00008
119.56000,1.02194,0.00128,0.00001,0.99865,0.00005
119.70000,1.02194,0.00143,0.00003,0.99847,0.00007
119.84000,1.02194,0.00152,0.00003,0.99838,0.00008
119.98000,1.02193,0.00164,0.00005,0.99822,0.00009
120.12000,1.02193,0.00137,0.00002,0.99855,0.00006
120.26000,1.02193,0.00142,0.00002,0.99849,0.00006
120.40000,1.02193,0.00131,0.00002,0.99862,0.00006
120.54000,1.02193,0.00133,0.00002,0.99858,0.00006
120.68000,1.02193,0.00165,0.00005,0.99821,0.00009
120.82000,1.02193,0.00189,0.00006,0.99794,0.00012
120.96000,1.02194,0.00162,0.00004,0.99825,0.00009
121.10000,1.02194,0.00107,0.00001,0.99888,0.00004
121.24000,1.02194,0.00142,0.00003,0.99848,0.00007
121.38000,1.02194,0.00114,0.00001,0.99879,0.00005
121.52000,1.02194,0.00148,0.00003,0.99841,0.00007
121.66000,1.02193,0.00162,0.00004,0.99827,0.00008
121.80000,1.02193,0.00155,0.00003,0.99834,0.00008
121.94000,1.02193,0.00143,0.00002,0.99850,0.00006
122.08000,1.02193,0.00189,0.00004,0.99798,0.00009
122.22000,1.02193,0.00153,0.00002,0.99838,0.00007
122.36000,1.02193,0.00167,0.00003,0.99821,0.00009
122.50000,1.02193,0.00171,0.00004,0.99815,0.00009
122.64000,1.02193,0.00209,0.00007,0.99770,0.00014
122.78000,1.02194,0.00173,0.00004,0.99814,0.00009
122.92000,1.02194,0.00139,0.00002,0.99853,0.00006
123.06000,1.02194,0.00160,0.00003,0.99830,0.00008
123.20000,1.02194,0.00148,0.00002,0.99842,0.00007
123.34000,1.02194,0.00149,0.00002,0.99843,0.00006
123.48000,1.02193,0.00165,0.00003,0.99825,0.00008
123.62000,1.02193,0.00167,0.00003,0.99821,0.00008
123.76000,1.02193,0.00137,0.00002,0.99855,0.00006
123.90000,1.02193,0.00198,0.00008,0.99781,0.00013
124.04000,1.02193,0.00202,0.00008,0.99776,0.00014
124.18000,1.02193,0.00146,0.00003,0.99844,0.00007
124.32000,1.02193,0.00180,0.00003,0.99807,0.00010
124.46000,1.02194,0.00129,0.00002,0.99864,0.00005
124.60000,1.02194,0.00122,0.00001,0.99871,0.00005
124.74000,1.02194,0.00164,0.00004,0.99823,0.00008
124.88000,1.02194,0.00182,0.00005,0.99803,0.00010
125.02000,1.02194,0.00181,0.00005,0.99805,0.00009
125.16000,1.02193,0.00134,0.00002,0.99859,0.00006
125.30000,1.02193,0.00192,0.00006,0.99791,0.00011
125.44000,1.02193,0.00181,0.00006,0.99802,0.00011
125.58000,1.02193,0.00194,0.00006,0.99790,0.00011
125.72000,1.02193,0.00205,0.00004,0.99780,0.00011
125.86000,1.02193,0.00170,0.00003,0.99819,0.00008
126.00000,1.02193,0.00157,0.00002,0.99834,0.00007
126.14000,1.02193,0.00149,0.00003,0.99841,0.00008
126.28000,1.02194,0.00186,0.00004,0.99800,0.00009
126.42000,1.02194,0.00195,0.00006,0.99789,0.00010
126.56000,1.02194,0.00153,0.00003,0.99837,0.00007
126.70000,1.02194,0.00176,0.00005,0.99810,0.00009
126.84000,1.02194,0.00212,0.00008,0.99767,0.00012
126.98000,1.02193,0.00162,0.00003,0.99827,0.00007
127.12000,1.02193,0.00151,0.00002,0.99840,0.00007
127.26000,1.02193,0.00162,0.00003,0.99828,0.00008
127.40000,1.02193,0.00156,0.00003,0.99833,0.00007
127.54000,1.02193,0.00175,0.00004,0.99813,0.00008
127.68000,1.02193,0.00188,0.00005,0.99796,0.00010
127.82000,1.02193,0.00161,0.00004,0.99827,0.00008
127.96000,1.02193,0.00155,0.00004,0.99833,0.00008
128.10001,1.02193,0.00166,0.00004,0.99822,0.00008
128.24001,1.02193,0.00141,0.00003,0.99849,0.00007
128.38000,1.02193,0.00144,0.00003,0.99845,0.00007
128.52000,1.02193,0.00172,0.00006,0.99813,0.00009
128.66000,1.02193,0.00149,0.00003,0.99840,0.00008
128.80000,1.02193,0.00127,0.00002,0.99865,0.00005
128.94000,1.02194,0.00129,0.00002,0.99864,0.00006
129.08000,1.02194,0.00134,0.00002,0.99858,0.00006
129.22000,1.02194,0.00175,0.00004,0.99811,0.00010
129.36000,1.02194,0.00161,0.00004,0.99827,0.00008
129.50000,1.02194,0.00143,0.00002,0.99849,0.00006
129.64000,1.02194,0.00194,0.00007,0.99787,0.00011
129.78000,1.02194,0.00139,0.00002,0.99853,0.00006
129.92000,1.02194,0.00202,0.00008,0.99778,0.00011
130.06000,1.02194,0.00164,0.00003,0.99825,0.00009
130.20000,1.02194,0.00129,0.00002,0.99863,0.00006
130.34000,1.02194,0.00157,0.00003,0.99832,0.00008
130.48000,1.02194,0.00173,0.00006,0.99811,0.00010
130.62000,1.02194,0.00130,0.00002,0.99862,0.00006
130.75999,1.02194,0.00173,0.00006,0.99811,0.00010
130.89999,1.02194,0.00128,0.00002,0.99863,0.00006
131.03999,1.02194,0.00147,0.00003,0.99842,0.00008
131.17999,1.02194,0.00129,0.00002,0.99863,0.00006
131.32001,1.02193,0.00163,0.00003,0.99825,0.00008
131.46001,1.02193,0.00152,0.00003,0.99838,0.00007
131.60001,1.02193,0.00124,0.00001,0.99869,0.00005
131.74001,1.02193,0.00161,0.00003,0.99828,0.00008
131.88000,1.02193,0.00152,0.00003,0.99838,0.00007
132.02000,1.02193,0.00152,0.00003,0.99838,0.00007
132.16000,1.02193,0.00162,0.00004,0.99826,0.00008
132.30000,1.02193,0.00175,0.00004,0.99812,0.00009
132.44000,1.02194,0.00141,0.00002,0.99850,0.00006
132.58000,1.02194,0.00162,0.00003,0.99826,0.00008
132.72000,1.02194,0.00192,0.00005,0.99793,0.00010
132.86000,1.02194,0.00157,0.00003,0.99832,0.00008
133.00000,1.02194,0.00159,0.00003,0.99830,0.00008
133.14000,1.02194,0.00143,0.00002,0.99848,0.00007
133.28000,1.02194,0.00159,0.00003,0.99829,0.00008
133.42000,1.02194,0.00160,0.00004,0.99828,0.00008
133.56000,1.02194,0.00146,0.00003,0.99845,0.00007
133.70000,1.02194,0.00158,0.00003,0.99830,0.00008
133.84000,1.02194,0.00137,0.00002,0.99855,0.00006
133.98000,1.02194,0.00174,0.00004,0.99814,0.00009
134.12000,1.02194,0.00165,0.00003,0.99823,0.00008
134.25999,1.02194,0.00133,0.00002,0.99860,0.00005
134.39999,1.02194,0.00159,0.00003,0.99830,0.00008
134.53999,1.02194,0.00175,0.00004,0.99811,0.00010
134.67999,1.02194,0.00143,0.00003,0.99848,0.00007
134.82001,1.02193,0.00156,0.00004,0.99833,0.00008
134.96001,1.02193,0.00148,0.00003,0.99842,0.00007
135.10001,1.02193,0.00137,0.00002,0.99855,0.00006
135.24001,1.02193,0.00149,0.00003,0.99841,0.00007
135.38000,1.02193,0.00153,0.00003,0.99836,0.00008
135.52000,1.02193,0.00144,0.00003,0.99846,0.00007
135.66000,1.02193,0.00143,0.00003,0.99847,0.00007
135.80000,1.02193,0.00145,0.00002,0.99847,0.00006
135.94000,1.02194,0.00145,0.00002,0.99846,0.00007
136.08000,1.02194,0.00154,0.00003,0.99837,0.00007
136.22000,1.02194,0.00176,0.00003,0.99812,0.00009
136.36000,1.02194,0.00184,0.00004,0.99802,0.00010
136.50000,1.02194,0.00153,0.00002,0.99837,0.00007
136.64000,1.02194,0.00224,0.00006,0.99757,0.00014
136.78000,1.02194,0.00150,0.00002,0.99841,0.00007
136.92000,1.02194,0.00212,0.00004,0.99770,0.00013
137.06000,1.02194,0.00170,0.00003,0.99818,0.00009
137.20000,1.02194,0.00219,0.00007,0.99758,0.00016
137.34000,1.02194,0.00202,0.00005,0.99782,0.00011
137.48000,1.02194,0.00158,0.00002,0.99833,0.00007
137.62000,1.02194,0.00151,0.00003,0.99839,0.00007
137.75999,1.02194,0.00138,0.00003,0.99853,0.00006
137.89999,1.02194,0.00172,0.00005,0.99814,0.00009
138.03999,1.02194,0.00172,0.00004,0.99815,0.00009
138.17999,1.02194,0.00143,0.00002,0.99849,0.00006
138.32001,1.02193,0.00140,0.00002,0.99851,0.00007
138.46001,1.02193,0.00153,0.00003,0.99837,0.00007
138.60001,1.02193,0.00164,0.00003,0.99825,0.00008
138.74001,1.02193,0.00168,0.00003,0.99820,0.00009
138.88000,1.02193,0.00136,0.00002,0.99856,0.00006
139.02000,1.02193,0.00170,0.00004,0.99817,0.00008
139.16000,1.02193,0.00158,0.00003,0.99832,0.00007
139.30000,1.02193,0.00170,0.00004,0.99818,0.00008
139.44000,1.02194,0.00180,0.00004,0.99808,0.00009
139.58000,1.02194,0.00246,0.00008,0.99732,0.00015
139.72000,1.02194,0.00181,0.00003,0.99806,0.00010
139.86000,1.02194,0.00236,0.00005,0.99743,0.00017
140.00000,1.02194,0.00171,0.00004,0.99815,0.00010
140.14000,1.02194,0.00170,0.00004,0.99815,0.00011
140.28000,1.02194,0.00207,0.00006,0.99774,0.00013
140.42000,1.02194,0.00143,0.00002,0.99849,0.00006
140.56000,1.02194,0.00183,0.00003,0.99803,0.00010
140.70000,1.02194,0.00163,0.00003,0.99826,0.00008
140.84000,1.02194,0.00139,0.00002,0.99853,0.00006
140.98000,1.02194,0.00195,0.00006,0.99787,0.00012
141.12000,1.02194,0.00133,0.00002,0.99859,0.00006
141.25999,1.02194,0.00181,0.00005,0.99804,0.00010
141.39999,1.02194,0.00175,0.00004,0.99810,0.00010
141.53999,1.02194,0.00128,0.00002,0.99865,0.00006
141.67999,1.02194,0.00164,0.00003,0.99824,0.00009
141.82001,1.02193,0.00153,0.00003,0.99837,0.00008
141.96001,1.02193,0.00164,0.00003,0.99826,0.00007
142.10001,1.02193,0.00183,0.00003,0.99806,0.00009
142.24001,1.02193,0.00155,0.00002,0.99836,0.00007
142.38000,1.02193,0.00150,0.00002,0.99841,0.00007
142.52000,1.02193,0.00211,0.00007,0.99770,0.00012
142.66000,1.02193,0.00189,0.00005,0.99795,0.00010
142.80000,1.02193,0.00173,0.00004,0.99815,0.00008
142.94000,1.02194,0.00176,0.00005,0.99811,0.00009
143.08000,1.02194,0.00154,0.00003,0.99836,0.00007
143.22000,1.02194,0.00141,0.00003,0.99850,0.00007
143.36000,1.02194,0.00156,0.00004,0.99832,0.00008
143.50000,1.02194,0.00146,0.00003,0.99843,0.00007
143.64000,1.02194,0.00157,0.00004,0.99832,0.00008
143.78000,1.02194,0.00178,0.00004,0.99808,0.00010
143.92000,1.02194,0.00124,0.00002,0.99869,0.00005
144.06000,1.02194,0.00143,0.00002,0.99849,0.00006
144.20000,1.02194,0.00197,0.00006,0.99785,0.00012
144.34000,1.02194,0.00133,0.00002,0.99859,0.00006
144.48000,1.02194,0.00181,0.00005,0.99804,0.00010
144.62000,1.02194,0.00153,0.00003,0.99836,0.00008
144.75999,1.02194,0.00142,0.00002,0.99850,0.00006
144.89999,1.02194,0.00142,0.00002,0.99849,0.00006
145.03999,1.02194,0.00135,0.00002,0.99858,0.00006
145.17999,1.02194,0.00157,0.00003,0.99832,0.00008
145.32001,1.02193,0.00160,0.00004,0.99828,0.00008
145.46001,1.02193,0.00145,0.00002,0.99847,0.00006
145.60001,1.02193,0.00150,0.00003,0.99840,0.00007
145.74001,1.02193,0.00142,0.00002,0.99849,0.00006
145.88000,1.02193,0.00173,0.00004,0.99814,0.00009
146.02000,1.02193,0.00162,0.00003,0.99826,0.00008
146.16000,1.02193,0.00178,0.00005,0.99808,0.00009
146.30000,1.02193,0.00149,0.00003,0.99842,0.00007
146.44000,1.02194,0.00155,0.00003,0.99835,0.00007
146.58000,1.02194,0.00165,0.00003,0.99824,0.00008
146.72000,1.02194,0.00162,0.00003,0.99827,0.00008
146.86000,1.02194,0.00172,0.00004,0.99816,0.00009
147.00000,1.02194,0.00168,0.00004,0.99820,0.00008
147.14000,1.02194,0.00173,0.00004,0.99815,0.00009
147.28000,1.02194,0.00162,0.00004,0.99826,0.00008
147.42000,1.02194,0.00135,0.00002,0.99857,0.00006
147.56000,1.02194,0.00173,0.00004,0.99814,0.00009
147.70000,1.02194,0.00150,0.00003,0.99839,0.00007
147.84000,1.02194,0.00173,0.00005,0.99813,0.00009
147.98000,1.02194,0.00162,0.00003,0.99828,0.00008
148.12000,1.02194,0.00160,0.00003,0.99828,0.00008
148.25999,1.02194,0.00141,0.00002,0.99851,0.00006
148.39999,1.02194,0.00154,0.00003,0.99834,0.00008
148.53999,1.02194,0.00156,0.00003,0.99833,0.00008
148.67999,1.02194,0.00173,0.00004,0.99814,0.00009
148.82001,1.02193,0.00142,0.00002,0.99850,0.00006
148.96001,1.02193,0.00162,0.00003,0.99827,0.00008
149.10001,1.02193,0.00169,0.00004,0.99819,0.00008
149.24001,1.02193,0.00158,0.00003,0.99832,0.00008
149.38000,1.02193,0.00170,0.00004,0.99818,0.00009
149.52000,1.02193,0.00168,0.00004,0.99820,0.00009
149.66000,1.02193,0.00159,0.00004,0.99829,0.00008
149.80000,1.02193,0.00145,0.00002,0.99847,0.00006
149.94000,1.02194,0.00168,0.00003,0.99821,0.00008
150.08000,1.02194,0.00136,0.00002,0.99857,0.00006
150.22000,1.02194,0.00156,0.00003,0.99834,0.00007
150.36000,1.02194,0.00165,0.00005,0.99822,0.00009
150.50000,1.02194,0.00172,0.00005,0.99814,0.00010
150.64000,1.02194,0.00160,0.00004,0.99827,0.00008
150.78000,1.02194,0.00137,0.00002,0.99856,0.00006
150.92000,1.02194,0.00164,0.00003,0.99825,0.00008
151.06000,1.02194,0.00139,0.00002,0.99853,0.00006
151.20000,1.02194,0.00156,0.00003,0.99834,0.00007
151.34000,1.02194,0.00176,0.00004,0.99811,0.00009
151.48000,1.02194,0.00182,0.00005,0.99802,0.00011
151.62000,1.02194,0.00153,0.00003,0.99836,0.00008
151.75999,1.02194,0.00172,0.00004,0.99815,0.00010
151.89999,1.02194,0.00170,0.00004,0.99817,0.00009
152.03999,1.02194,0.00133,0.00002,0.99859,0.00006
152.17999,1.02194,0.00169,0.00004,0.99819,0.00009
152.32001,1.02193,0.00163,0.00003,0.99826,0.00008
152.46001,1.02193,0.00135,0.00002,0.99857,0.00006
152.60001,1.02193,0.00161,0.00003,0.99829,0.00008
152.74001,1.02193,0.00187,0.00005,0.99797,0.00011
152.88000,1.02193,0.00167,0.00004,0.99820,0.00009
153.02000,1.02193,0.00158,0.00003,0.99831,0.00008
153.16000,1.02193,0.00192,0.00005,0.99793,0.00010
153.30000,1.02193,0.00136,0.00002,0.99856,0.00006
153.44000,1.02194,0.00135,0.00002,0.99858,0.00006
153.58000,1.02194,0.00142,0.00002,0.99850,0.00006
153.72000,1.02194,0.00137,0.00002,0.99854,0.00006
153.86000,1.02194,0.00167,0.00003,0.99820,0.00010
154.00000,1.02194,0.00156,0.00003,0.99832,0.00009
154.14000,1.02194,0.00162,0.00003,0.99827,0.00008
154.28000,1.02194,0.00169,0.00003,0.99818,0.00009
154.42000,1.02194,0.00113,0.00001,0.99881,0.00005
154.56000,1.02194,0.00127,0.00002,0.99866,0.00005
154.70000,1.02194,0.00183,0.00006,0.99801,0.00011
154.84000,1.02194,0.00145,0.00003,0.99845,0.00007
154.98000,1.02194,0.00156,0.00003,0.99834,0.00007
155.12000,1.02194,0.00176,0.00004,0.99811,0.00009
155.25999,1.02194,0.00129,0.00002,0.99864,0.00006
155.39999,1.02194,0.00153,0.00002,0.99838,0.00007
155.53999,1.02194,0.00148,0.00002,0.99843,0.00007
155.67999,1.02194,0.00157,0.00003,0.99832,0.00008
155.82001,1.02193,0.00155,0.00003,0.99834,0.00008
155.96001,1.02193,0.00150,0.00003,0.99840,0.00008
156.10001,1.02193,0.00146,0.00003,0.99844,0.00007
156.24001,1.02193,0.00167,0.00004,0.99820,0.00009
156.38000,1.02193,0.00152,0.00003,0.99837,0.00007
156.52000,1.02193,0.00136,0.00002,0.99856,0.00006
156.66000,1.02193,0.00149,0.00003,0.99841,0.00007
156.80000,1.02193,0.00143,0.00002,0.99848,0.00007
156.94000,1.02194,0.00199,0.00006,0.99783,0.00012
157.08000,1.02194,0.00144,0.00002,0.99847,0.00007
157.22000,1.02194,0.00148,0.00002,0.99843,0.00007
157.36000,1.02194,0.00162,0.00003,0.99826,0.00008
157.50000,1.02194,0.00130,0.00002,0.99862,0.00006
157.64000,1.02194,0.00181,0.00005,0.99803,0.00010
157.78000,1.02194,0.00169,0.00004,0.99817,0.00009
157.92000,1.02194,0.00147,0.00003,0.99843,0.00007
158.06000,1.02194,0.00135,0.00002,0.99856,0.00006
158.20000,1.02194,0.00156,0.00002,0.99834,0.00008
158.34000,1.02194,0.00181,0.00005,0.99804,0.00010
158.48000,1.02194,0.00150,0.00003,0.99840,0.00007
158.62000,1.02194,0.00152,0.00003,0.99837,0.00008
158.75999,1.02194,0.00145,0.00002,0.99845,0.00007
158.89999,1.02194,0.00155,0.00002,0.99835,0.00008
159.03999,1.02194,0.00127,0.00002,0.99865,0.00006
159.17999,1.02194,0.00170,0.00004,0.99817,0.00010
159.32001,1.02193,0.00148,0.00003,0.99842,0.00008
159.46001,1.02193,0.00187,0.00004,0.99799,0.00010
159.60001,1.02193,0.00173,0.00003,0.99815,0.00009
159.74001,1.02193,0.00130,0.00001,0.99862,0.00006
159.88000,1.02193,0.00140,0.00002,0.99851,0.00007
160.02000,1.02193,0.00183,0.00005,0.99803,0.00010
160.16000,1.02193,0.00192,0.00004,0.99793,0.00011
160.30000,1.02193,0.00129,0.00001,0.99865,0.00005
160.44000,1.02194,0.00156,0.00002,0.99835,0.00007
160.58000,1.02194,0.00166,0.00003,0.99822,0.00009
160.72000,1.02194,0.00147,0.00003,0.99843,0.00007
160.86000,1.02194,0.00194,0.00007,0.99788,0.00011
161.00000,1.02194,0.00162,0.00004,0.99826,0.00008
161.14000,1.02194,0.00138,0.00002,0.99854,0.00006
161.28000,1.02194,0.00161,0.00003,0.99828,0.00008
161.42000,1.02194,0.00139,0.00002,0.99852,0.00006
161.56000,1.02194,0.00166,0.00003,0.99823,0.00008
161.70000,1.02194,0.00161,0.00003,0.99828,0.00008
161.84000,1.02194,0.00148,0.00003,0.99843,0.00007
161.98000,1.02194,0.00182,0.00004,0.99804,0.00010
162.12000,1.02194,0.00150,0.00003,0.99840,0.00007
162.25999,1.02194,0.00150,0.00002,0.99841,0.00007
162.39999,1.02194,0.00170,0.00004,0.99817,0.00009
162.53999,1.02194,0.00163,0.00003,0.99825,0.00008
162.67999,1.02194,0.00180,0.00004,0.99806,0.00009
162.82001,1.02193,0.00159,0.00003,0.99831,0.00007
162.96001,1.02193,0.00153,0.00002,0.99837,0.00007
163.10001,1.02193,0.00151,0.00003,0.99839,0.00008
163.24001,1.02193,0.00159,0.00003,0.99830,0.00008
163.38000,1.02193,0.00210,0.00006,0.99772,0.00012
163.52000,1.02193,0.00163,0.00003,0.99825,0.00009
163.66000,1.02193,0.00134,0.00002,0.99859,0.00006
163.80000,1.02193,0.00178,0.00004,0.99809,0.00009
163.94000,1.02194,0.00145,0.00003,0.99845,0.00007
164.08000,1.02194,0.00135,0.00002,0.99858,0.00006
164.22000,1.02194,0.00192,0.00005,0.99792,0.00010
164.36000,1.02194,0.00146,0.00003,0.99844,0.00006
164.50000,1.02194,0.00145,0.00002,0.99846,0.00006
164.64000,1.02194,0.00187,0.00005,0.99799,0.00010
164.78000,1.02194,0.00152,0.00003,0.99838,0.00007
164.92000,1.02194,0.00137,0.00002,0.99856,0.00005
165.06000,1.02194,0.00169,0.00003,0.99821,0.00008
165.20000,1.02194,0.00154,0.00003,0.99836,0.00007
165.34000,1.02194,0.00174,0.00004,0.99812,0.00010
165.48000,1.02194,0.00192,0.00006,0.99791,0.00012
165.62000,1.02194,0.00164,0.00004,0.99824,0.00008
165.75999,1.02194,0.00140,0.00002,0.99852,0.00006
165.89999,1.02194,0.00181,0.00005,0.99805,0.00010
166.03999,1.02194,0.00136,0.00002,0.99856,0.00006
166.17999,1.02194,0.00172,0.00004,0.99816,0.00009
166.32001,1.02193,0.00183,0.00004,0.99803,0.00010
166.46001,1.02193,0.00152,0.00003,0.99838,0.00007
166.60001,1.02193,0.00153,0.00003,0.99837,0.00007
166.74001,1.02193,0.00171,0.00004,0.99815,0.00010
166.88000,1.02193,0.00140,0.00002,0.99851,0.00007
167.02000,1.02193,0.00161,0.00003,0.99828,0.00008
167.16000,1.02193,0.00174,0.00003,0.99814,0.00008
167.30000,1.02193,0.00142,0.00002,0.99851,0.00006
167.44000,1.02194,0.00156,0.00003,0.99833,0.00007
167.58000,1.02194,0.00151,0.00002,0.99840,0.00007
167.72000,1.02194,0.00174,0.00004,0.99813,0.00009
167.86000,1.02194,0.00175,0.00004,0.99812,0.00009
168.00000,1.02194,0.00169,0.00004,0.99818,0.00009
168.14000,1.02194,0.00179,0.00004,0.99808,0.00009
168.28000,1.02194,0.00173,0.00003,0.99815,0.00009
168.42000,1.02194,0.00165,0.00002,0.99825,0.00007
168.56000,1.02194,0.00153,0.00002,0.99839,0.00006
168.70000,1.02194,0.00205,0.00004,0.99780,0.00012
168.84000,1.02194,0.00167,0.00004,0.99821,0.00008
168.98000,1.02194,0.00198,0.00004,0.99788,0.00010
169.12000,1.02194,0.00192,0.00003,0.99794,0.00011
169.25999,1.02194,0.00174,0.00003,0.99812,0.00011
169.39999,1.02194,0.00163,0.00003,0.99824,0.00009
169.53999,1.02194,0.00161,0.00004,0.99826,0.00009
169.67999,1.02194,0.00199,0.00006,0.99782,0.00013
169.82001,1.02193,0.00203,0.00006,0.99780,0.00012
169.96001,1.02193,0.00126,0.00001,0.99868,0.00005
170.10001,1.02193,0.00151,0.00002,0.99840,0.00007
170.24001,1.02193,0.00140,0.00002,0.99852,0.00007
170.38000,1.02193,0.00183,0.00005,0.99801,0.00011
170.52000,1.02193,0.00184,0.00005,0.99801,0.00010
170.66000,1.02193,0.00194,0.00005,0.99790,0.00011
170.80000,1.02193,0.00153,0.00003,0.99837,0.00007
170.94000,1.02194,0.00152,0.00003,0.99837,0.00008
171.08000,1.02194,0.00148,0.00003,0.99842,0.00007
171.22000,1.02194,0.00161,0.00003,0.99828,0.00008
171.36000,1.02194,0.00131,0.00002,0.99861,0.00006
171.50000,1.02194,0.00157,0.00003,0.99832,0.00008
171.64000,1.02194,0.00163,0.00004,0.99824,0.00009
171.78000,1.02194,0.00139,0.00002,0.99853,0.00006
171.92000,1.02194,0.00173,0.00004,0.99813,0.00009
172.06000,1.02194,0.00162,0.00003,0.99826,0.00008
172.20000,1.02194,0.00142,0.00002,0.99849,0.00006
172.34000,1.02194,0.00156,0.00003,0.99833,0.00008
172.48000,1.02194,0.00162,0.00003,0.99826,0.00009
172.62000,1.02194,0.00159,0.00003,0.99829,0.00009
172.75999,1.02194,0.00179,0.00005,0.99806,0.00010
172.89999,1.02194,0.00159,0.00002,0.99832,0.00008
173.03999,1.02194,0.00155,0.00003,0.99834,0.00008
173.17999,1.02194,0.00145,0.00003,0.99845,0.00007
173.32001,1.02193,0.00177,0.00005,0.99809,0.00009
173.46001,1.02193,0.00158,0.00003,0.99832,0.00008
173.60001,1.02193,0.00140,0.00002,0.99852,0.00006
173.74001,1.02193,0.00145,0.00003,0.99846,0.00007
173.88000,1.02193,0.00164,0.00004,0.99824,0.00008
174.02000,1.02193,0.00134,0.00002,0.99858,0.00006
174.16000,1.02193,0.00158,0.00004,0.99830,0.00008
174.30000,1.02193,0.00164,0.00003,0.99825,0.00008
174.44000,1.02194,0.00169,0.00004,0.99819,0.00008
174.58000,1.02194,0.00140,0.00002,0.99852,0.00006
174.72000,1.02194,0.00154,0.00002,0.99837,0.00007
174.86000,1.02194,0.00171,0.00002,0.99819,0.00008
175.00000,1.02194,0.00184,0.00004,0.99803,0.00009
175.14000,1.02194,0.00210,0.00004,0.99773,0.00013
175.28000,1.02194,0.00154,0.00003,0.99835,0.00008
175.42000,1.02194,0.00179,0.00004,0.99807,0.00010
175.56000,1.02194,0.00210,0.00008,0.99769,0.00013
175.70000,1.02194,0.00157,0.00003,0.99832,0.00008
175.84000,1.02194,0.00143,0.00002,0.99848,0.00007
175.98000,1.02194,0.00161,0.00003,0.99827,0.00009
176.12000,1.02194,0.00154,0.00003,0.99835,0.00007
176.25999,1.02194,0.00155,0.00003,0.99836,0.00007
176.39999,1.02194,0.00159,0.00002,0.99830,0.00008
176.53999,1.02194,0.00136,0.00002,0.99856,0.00006
176.67999,1.02194,0.00174,0.00003,0.99813,0.00009
176.82001,1.02193,0.00174,0.00004,0.99812,0.00009
176.96001,1.02193,0.00146,0.00003,0.99843,0.00008
177.10001,1.02193,0.00161,0.00003,0.99827,0.00009
177.24001,1.02193,0.00184,0.00004,0.99801,0.00011
177.38000,1.02193,0.00168,0.00004,0.99819,0.00009
177.52000,1.02193,0.00103,0.00001,0.99893,0.00004
177.66000,1.02193,0.00163,0.00003,0.99824,0.00009
177.80000,1.02193,0.00163,0.00004,0.99824,0.00009
177.94000,1.02194,0.00130,0.00002,0.99862,0.00006
178.08000,1.02194,0.00180,0.00004,0.99806,0.00010
178.22000,1.02194,0.00162,0.00003,0.99827,0.00008
178.36000,1.02194,0.00128,0.00002,0.99865,0.00005
178.50000,1.02194,0.00179,0.00004,0.99807,0.00010
178.64000,1.02194,0.00170,0.00003,0.99816,0.00010
178.78000,1.02194,0.00142,0.00002,0.99850,0.00006
178.92000,1.02194,0.00187,0.00004,0.99799,0.00010
179.06000,1.02194,0.00138,0.00001,0.99854,0.00006
179.20000,1.02194,0.00121,0.00001,0.99873,0.00005
179.34000,1.02194,0.00171,0.00004,0.99817,0.00009
179.48000,1.02194,0.00168,0.00004,0.99818,0.00010
179.62000,1.02194,0.00132,0.00002,0.99861,0.00006
179.75999,1.02194,0.00150,0.00003,0.99840,0.00007
179.89999,1.02194,0.00166,0.00004,0.99820,0.00009
180.03999,1.02194,0.00127,0.00002,0.99865,0.00006
180.17999,1.02194,0.00149,0.00003,0.99841,0.00007
180.32001,1.02193,0.00157,0.00003,0.99832,0.00008
180.46001,1.02193,0.00104,0.00001,0.99892,0.00004
180.60001,1.02193,0.00141,0.00002,0.99850,0.00007
180.74001,1.02193,0.00151,0.00003,0.99840,0.00007
180.88000,1.02193,0.00180,0.00004,0.99806,0.00010
181.02000,1.02193,0.00162,0.00003,0.99827,0.00008
181.16000,1.02193,0.00151,0.00002,0.99841,0.00006
181.30000,1.02193,0.00158,0.00003,0.99832,0.00008
181.44000,1.02194,0.00139,0.00002,0.99853,0.00006
181.58000,1.02194,0.00176,0.00004,0.99810,0.00009
181.72000,1.02194,0.00178,0.00005,0.99807,0.00010
181.86000,1.02194,0.00152,0.00002,0.99839,0.00007
182.00000,1.02194,0.00176,0.00004,0.99811,0.00009
182.14000,1.02194,0.00147,0.00003,0.99843,0.00007
182.28000,1.02194,0.00173,0.00004,0.99813,0.00009
182.42000,1.02194,0.00145,0.00002,0.99847,0.00007
182.56000,1.02194,0.00158,0.00003,0.99830,0.00008
182.70000,1.02194,0.00142,0.00002,0.99849,0.00007
182.84000,1.02194,0.00149,0.00003,0.99841,0.00007
182.98000,1.02194,0.00138,0.00002,0.99853,0.00007
183.12000,1.02194,0.00152,0.00003,0.99838,0.00007
183.25999,1.02194,0.00155,0.00002,0.99835,0.00008
183.39999,1.02194,0.00184,0.00004,0.99802,0.00010
183.53999,1.02194,0.00143,0.00002,0.99848,0.00006
183.67999,1.02194,0.00183,0.00004,0.99803,0.00010
183.82001,1.02193,0.00151,0.00002,0.99840,0.00007
183.96001,1.02193,0.00159,0.00003,0.99830,0.00008
184.10001,1.02193,0.00204,0.00005,0.99780,0.00012
184.24001,1.02193,0.00163,0.00004,0.99825,0.00008
184.38000,1.02193,0.00169,0.00004,0.99818,0.00010
184.52000,1.02193,0.00192,0.00006,0.99791,0.00011
184.66000,1.02193,0.00168,0.00003,0.99820,0.00008
184.80000,1.02193,0.00164,0.00004,0.99824,0.00008
184.94000,1.02194,0.00142,0.00002,0.99850,0.00006
185.08000,1.02194,0.00187,0.00004,0.99798,0.00010
185.22000,1.02194,0.00169,0.00003,0.99820,0.00008
185.36000,1.02194,0.00171,0.00003,0.99818,0.00008
185.50000,1.02194,0.00165,0.00003,0.99823,0.00009
185.64000,1.02194,0.00168,0.00003,0.99820,0.00008
185.78000,1.02194,0.00212,0.00006,0.99771,0.00012
185.92000,1.02194,0.00173,0.00003,0.99815,0.00009
186.06000,1.02194,0.00158,0.00003,0.99832,0.00007
186.20000,1.02194,0.00167,0.00003,0.99821,0.00008
186.34000,1.02194,0.00197,0.00006,0.99785,0.00012
186.48000,1.02194,0.00189,0.00004,0.99796,0.00011
186.62000,1.02194,0.00164,0.00003,0.99825,0.00008
186.75999,1.02194,0.00169,0.00003,0.99820,0.00008
186.89999,1.02194,0.00170,0.00003,0.99817,0.00009
187.03999,1.02194,0.00152,0.00003,0.99839,0.00007
187.17999,1.02194,0.00198,0.00005,0.99787,0.00010
187.32001,1.02193,0.00176,0.00003,0.99812,0.00008
187.46001,1.02193,0.00178,0.00003,0.99810,0.00008
187.60001,1.02193,0.00164,0.00003,0.99827,0.00007
187.74001,1.02193,0.00198,0.00004,0.99788,0.00010
187.88000,1.02193,0.00219,0.00006,0.99763,0.00013
188.02000,1.02193,0.00154,0.00003,0.99835,0.00007
188.16000,1.02193,0.00199,0.00006,0.99784,0.00012
188.30000,1.02193,0.00220,0.00008,0.99758,0.00015
188.44000,1.02194,0.00181,0.00004,0.99805,0.00010
188.58000,1.02194,0.00215,0.00005,0.99765,0.00014
188.72000,1.02194,0.00153,0.00003,0.99837,0.00008
188.86000,1.02194,0.00160,0.00002,0.99830,0.00008
189.00000,1.02194,0.00178,0.00004,0.99808,0.00010
189.14000,1.02194,0.00168,0.00003,0.99820,0.00009
189.28000,1.02194,0.00195,0.00005,0.99789,0.00012
189.42000,1.02194,0.00145,0.00002,0.99846,0.00007
189.56000,1.02194,0.00191,0.00004,0.99794,0.00010
189.70000,1.02194,0.00159,0.00003,0.99830,0.00008
189.84000,1.02194,0.00132,0.00002,0.99861,0.00006
189.98000,1.02194,0.00156,0.00003,0.99833,0.00008
190.12000,1.02194,0.00180,0.00005,0.99804,0.00010
190.25999,1.02194,0.00186,0.00005,0.99799,0.00010
190.39999,1.02194,0.00204,0.00003,0.99782,0.00011
190.53999,1.02194,0.00142,0.00002,0.99850,0.00007
190.67999,1.02194,0.00186,0.00003,0.99801,0.00010
190.82001,1.02193,0.00173,0.00004,0.99813,0.00010
190.96001,1.02193,0.00182,0.00004,0.99801,0.00012
191.10001,1.02193,0.00201,0.00006,0.99781,0.00012
191.24001,1.02193,0.00169,0.00003,0.99820,0.00008
191.38000,1.02193,0.00171,0.00003,0.99816,0.00009
191.52000,1.02193,0.00157,0.00003,0.99833,0.00007
191.66000,1.02193,0.00178,0.00003,0.99811,0.00009
191.80000,1.02193,0.00186,0.00004,0.99800,0.00010
191.94000,1.02194,0.00191,0.00002,0.99796,0.00010
192.08000,1.02194,0.00216,0.00006,0.99765,0.00014
192.22000,1.02194,0.00165,0.00003,0.99825,0.00008
192.36000,1.02194,0.00186,0.00005,0.99797,0.00012
192.50000,1.02194,0.00172,0.00003,0.99814,0.00010
192.64000,1.02194,0.00246,0.00009,0.99730,0.00015
192.78000,1.02194,0.00176,0.00003,0.99812,0.00009
192.92000,1.02194,0.00143,0.00002,0.99848,0.00007
193.06000,1.02194,0.00142,0.00002,0.99849,0.00007
193.20000,1.02194,0.00168,0.00004,0.99819,0.00009
193.34000,1.02194,0.00185,0.00004,0.99801,0.00010
193.48000,1.02194,0.00189,0.00004,0.99797,0.00010
193.62000,1.02194,0.00148,0.00002,0.99844,0.00007
193.75999,1.02194,0.00167,0.00002,0.99823,0.00008
193.89999,1.02194,0.00187,0.00004,0.99797,0.00011
194.03999,1.02194,0.00145,0.00002,0.99845,0.00007
194.17999,1.02194,0.00149,0.00003,0.99840,0.00008
194.32001,1.02193,0.00194,0.00005,0.99790,0.00011
194.46001,1.02193,0.00167,0.00003,0.99821,0.00008
194.60001,1.02193,0.00131,0.00002,0.99862,0.00006
194.74001,1.02193,0.00145,0.00003,0.99845,0.00007
194.88000,1.02193,0.00174,0.00004,0.99813,0.00009
195.02000,1.02193,0.00159,0.00003,0.99831,0.00007
195.16000,1.02193,0.00173,0.00003,0.99816,0.00008
195.30000,1.02193,0.00180,0.00004,0.99807,0.00009
195.44000,1.02194,0.00164,0.00003,0.99824,0.00008
195.58000,1.02194,0.00206,0.00006,0.99775,0.00012
195.72000,1.02194,0.00167,0.00004,0.99821,0.00008
195.86000,1.02194,0.00178,0.00004,0.99808,0.00009
196.00000,1.02194,0.00139,0.00002,0.99853,0.00006
196.14000,1.02194,0.00154,0.00003,0.99836,0.00007
196.28000,1.02194,0.00204,0.00005,0.99779,0.00013
196.42000,1.02194,0.00176,0.00005,0.99809,0.00009
196.56000,1.02194,0.00186,0.00003,0.99802,0.00009
196.70000,1.02194,0.00200,0.00005,0.99784,0.00011
196.84000,1.02194,0.00140,0.00001,0.99853,0.00006
196.98000,1.02194,0.00199,0.00005,0.99785,0.00012
197.12000,1.02194,0.00166,0.00003,0.99822,0.00008
197.25999,1.02194,0.00192,0.00005,0.99792,0.00011
197.39999,1.02194,0.00174,0.00004,0.99813,0.00009
197.53999,1.02194,0.00159,0.00003,0.99830,0.00008
197.67999,1.02194,0.00158,0.00003,0.99831,0.00008
197.82001,1.02193,0.00152,0.00003,0.99838,0.00007
197.96001,1.02193,0.00159,0.00003,0.99831,0.00008
198.10001,1.02193,0.00139,0.00002,0.99853,0.00006
198.24001,1.02193,0.00139,0.00002,0.99852,0.00006
198.38000,1.02193,0.00150,0.00003,0.99841,0.00007
198.52000,1.02193,0.00174,0.00005,0.99812,0.00010
198.66000,1.02193,0.00166,0.00004,0.99821,0.00009
198.80000,1.02193,0.00163,0.00004,0.99825,0.00008
198.94000,1.02194,0.00147,0.00002,0.99845,0.00007
199.08000,1.02194,0.00172,0.00004,0.99815,0.00009
199.22000,1.02194,0.00141,0.00002,0.99850,0.00006
199.36000,1.02194,0.00161,0.00003,0.99826,0.00009
199.50000,1.02194,0.00136,0.00002,0.99855,0.00007
199.64000,1.02194,0.00181,0.00005,0.99803,0.00011
199.78000,1.02194,0.00161,0.00003,0.99828,0.00008
199.92000,1.02194,0.00170,0.00004,0.99817,0.00009
200.06000,1.02194,0.00142,0.00002,0.99849,0.00007
200.20000,1.02194,0.00129,0.00002,0.99863,0.00006
200.34000,1.02194,0.00165,0.00003,0.99824,0.00008
200.48000,1.02194,0.00186,0.00005,0.99797,0.00012
200.62000,1.02194,0.00138,0.00002,0.99854,0.00006
200.75999,1.02194,0.00186,0.00003,0.99802,0.00009
200.89999,1.02194,0.00197,0.00004,0.99789,0.00010
201.03999,1.02194,0.00147,0.00001,0.99846,0.00006
201.17999,1.02194,0.00171,0.00002,0.99818,0.00008
201.32001,1.02193,0.00194,0.00004,0.99791,0.00011
201.46001,1.02193,0.00204,0.00007,0.99777,0.00012
201.60001,1.02193,0.00210,0.00006,0.99771,0.00013
201.74001,1.02193,0.00197,0.00005,0.99786,0.00012
201.88000,1.02193,0.00166,0.00003,0.99824,0.00008
202.02000,1.02193,0.00172,0.00003,0.99816,0.00009
202.16000,1.02193,0.00140,0.00002,0.99852,0.00006
202.30000,1.02193,0.00187,0.00004,0.99799,0.00010
202.44000,1.02194,0.00173,0.00004,0.99815,0.00008
202.58000,1.02194,0.00171,0.00004,0.99817,0.00009
202.72000,1.02194,0.00168,0.00004,0.99819,0.00009
202.86000,1.02194,0.00162,0.00004,0.99826,0.00008
203.00000,1.02194,0.00171,0.00005,0.99815,0.00009
203.14000,1.02194,0.00135,0.00003,0.99857,0.00006
203.28000,1.02194,0.00160,0.00004,0.99828,0.00008
203.42000,1.02194,0.00150,0.00003,0.99840,0.00007
203.56000,1.02194,0.00142,0.00002,0.99850,0.00006
203.70000,1.02194,0.00183,0.00004,0.99803,0.00010
203.84000,1.02194,0.00149,0.00003,0.99841,0.00007
203.98000,1.02194,0.00146,0.00003,0.99845,0.00007
204.12000,1.02194,0.00155,0.00003,0.99834,0.00007
204.25999,1.02194,0.00188,0.00005,0.99797,0.00010
204.39999,1.02194,0.00173,0.00004,0.99815,0.00009
204.53999,1.02194,0.00152,0.00002,0.99838,0.00007
204.67999,1.02194,0.00162,0.00003,0.99828,0.00007
204.82001,1.02193,0.00156,0.00003,0.99834,0.00007
204.96001,1.02193,0.00153,0.00003,0.99836,0.00007
205.10001,1.02193,0.00168,0.00003,0.99820,0.00009
205.24001,1.02193,0.00160,0.00003,0.99829,0.00008
205.38000,1.02193,0.00175,0.00004,0.99811,0.00009
205.52000,1.02193,0.00170,0.00003,0.99818,0.00009
205.66000,1.02193,0.00143,0.00003,0.99847,0.00007
205.80000,1.02193,0.00159,0.00003,0.99830,0.00008
205.94000,1.02194,0.00171,0.00005,0.99816,0.00009
206.08000,1.02194,0.00177,0.00005,0.99808,0.00010
206.22000,1.02194,0.00147,0.00003,0.99843,0.00007
206.36000,1.02194,0.00173,0.00003,0.99815,0.00010
206.50000,1.02194,0.00132,0.00002,0.99859,0.00007
206.64000,1.02194,0.00138,0.00002,0.99853,0.00007
206.78000,1.02194,0.00184,0.00005,0.99799,0.00012
206.92000,1.02194,0.00140,0.00003,0.99850,0.00007
207.06000,1.02194,0.00135,0.00003,0.99856,0.00006
207.20000,1.02194,0.00166,0.00004,0.99821,0.00009
207.34000,1.02194,0.00133,0.00003,0.99857,0.00007
207.48000,1.02194,0.00141,0.00002,0.99850,0.00007
207.62000,1.02194,0.00151,0.00003,0.99839,0.00007
207.75999,1.02194,0.00130,0.00002,0.99864,0.00005
207.89999,1.02194,0.00145,0.00002,0.99847,0.00006
208.03999,1.02194,0.00163,0.00003,0.99826,0.00008
208.17999,1.02194,0.00151,0.00003,0.99840,0.00007
208.32001,1.02193,0.00157,0.00002,0.99833,0.00007
208.46001,1.02193,0.00185,0.00005,0.99800,0.00010
208.60001,1.02193,0.00162,0.00004,0.99826,0.00008
208.74001,1.02193,0.00184,0.00005,0.99801,0.00010
208.88000,1.02193,0.00167,0.00004,0.99820,0.00009
209.02000,1.02193,0.00143,0.00002,0.99848,0.00006
209.16000,1.02193,0.00210,0.00006,0.99769,0.00014
209.30000,1.02193,0.00149,0.00003,0.99841,0.00007
209.44000,1.02194,0.00184,0.00003,0.99804,0.00009
209.58000,1.02194,0.00183,0.00004,0.99802,0.00010
209.72000,1.02194,0.00121,0.00001,0.99873,0.00005
209.86000,1.02194,0.00194,0.00005,0.99791,0.00011
210.00000,1.02194,0.00174,0.00005,0.99813,0.00009
210.14000,1.02194,0.00157,0.00003,0.99833,0.00007
210.28000,1.02194,0.00178,0.00004,0.99808,0.00010
210.42000,1.02194,0.00150,0.00003,0.99840,0.00007
210.56000,1.02194,0.00187,0.00005,0.99798,0.00010
210.70000,1.02194,0.00152,0.00003,0.99838,0.00007
210.84000,1.02194,0.00152,0.00003,0.99838,0.00007
210.98000,1.02194,0.00170,0.00005,0.99817,0.00009
211.12000,1.02194,0.00147,0.00003,0.99843,0.00007
211.25999,1.02194,0.00152,0.00003,0.99837,0.00007
211.39999,1.02194,0.00153,0.00003,0.99837,0.00007
211.53999,1.02194,0.00163,0.00004,0.99825,0.00009
211.67999,1.02194,0.00141,0.00002,0.99851,0.00006
211.82001,1.02193,0.00162,0.00003,0.99828,0.00008
211.96001,1.02193,0.00147,0.00002,0.99844,0.00006
212.10001,1.02193,0.00139,0.00002,0.99853,0.00006
212.24001,1.02193,0.00151,0.00002,0.99839,0.00007
212.38000,1.02193,0.00160,0.00003,0.99829,0.00008
212.52000,1.02193,0.00161,0.00003,0.99828,0.00008
212.66000,1.02193,0.00161,0.00004,0.99826,0.00008
212.80000,1.02193,0.00160,0.00004,0.99828,0.00008
212.94000,1.02194,0.00137,0.00002,0.99855,0.00006
213.08000,1.02194,0.00131,0.00002,0.99862,0.00006
213.22000,1.02194,0.00144,0.00003,0.99846,0.00007
213.36000,1.02194,0.00129,0.00002,0.99863,0.00006
213.50000,1.02194,0.00167,0.00005,0.99819,0.00009
213.64000,1.02194,0.00143,0.00003,0.99848,0.00007
213.78000,1.02194,0.00156,0.00003,0.99834,0.00008
213.92000,1.02194,0.00154,0.00003,0.99835,0.00007
214.06000,1.02194,0.00131,0.00001,0.99862,0.00005
214.20000,1.02194,0.00159,0.00003,0.99830,0.00008
214.34000,1.02194,0.00143,0.00002,0.99849,0.00006
214.48000,1.02194,0.00170,0.00004,0.99817,0.00009
214.62000,1.02194,0.00168,0.00005,0.99818,0.00009
214.75999,1.02194,0.00160,0.00004,0.99827,0.00009
214.89999,1.02194,0.00172,0.00005,0.99813,0.00010
215.03999,1.02194,0.00142,0.00002,0.99849,0.00006
215.17999,1.02194,0.00184,0.00005,0.99801,0.00010
215.32001,1.02193,0.00132,0.00002,0.99861,0.00005
215.46001,1.02193,0.00146,0.00002,0.99845,0.00006
215.60001,1.02193,0.00154,0.00003,0.99836,0.00007
215.74001,1.02193,0.00142,0.00002,0.99851,0.00006
215.88000,1.02193,0.00184,0.00005,0.99802,0.00009
216.02000,1.02193,0.00182,0.00004,0.99804,0.00010
216.16000,1.02193,0.00169,0.00004,0.99820,0.00008
216.30000,1.02193,0.00201,0.00005,0.99782,0.00011
216.44000,1.02194,0.00162,0.00003,0.99826,0.00008
216.58000,1.02194,0.00149,0.00002,0.99843,0.00007
216.72000,1.02194,0.00185,0.00005,0.99801,0.00009
216.86000,1.02194,0.00161,0.00003,0.99829,0.00007
217.00000,1.02194,0.00163,0.00003,0.99826,0.00008
217.14000,1.02194,0.00167,0.00003,0.99822,0.00008
217.28000,1.02194,0.00185,0.00005,0.99801,0.00010
217.42000,1.02194,0.00170,0.00003,0.99819,0.00009
217.56000,1.02194,0.00173,0.00004,0.99815,0.00009
217.70000,1.02194,0.00157,0.00002,0.99834,0.00007
217.84000,1.02194,0.00184,0.00004,0.99803,0.00009
217.98000,1.02194,0.00158,0.00002,0.99833,0.00007
218.12000,1.02194,0.00169,0.00004,0.99819,0.00009
218.25999,1.02194,0.00177,0.00005,0.99807,0.00010
218.39999,1.02194,0.00167,0.00005,0.99820,0.00009
218.53999,1.02194,0.00190,0.00006,0.99793,0.00012
218.67999,1.02194,0.00138,0.00002,0.99854,0.00006
218.82001,1.02193,0.00161,0.00003,0.99828,0.00008
218.96001,1.02193,0.00156,0.00003,0.99834,0.00008
219.10001,1.02193,0.00134,0.00002,0.99858,0.00006
219.24001,1.02193,0.00152,0.00003,0.99838,0.00008
219.38000,1.02193,0.00146,0.00003,0.99845,0.00007
219.52000,1.02193,0.00170,0.00003,0.99818,0.00009
219.66000,1.02193,0.00192,0.00006,0.99791,0.00011
219.80000,1.02193,0.00140,0.00002,0.99852,0.00007
219.94000,1.02194,0.00159,0.00003,0.99830,0.00008
220.08000,1.02194,0.00159,0.00003,0.99830,0.00008
220.22000,1.02194,0.00140,0.00002,0.99852,0.00006
220.36000,1.02194,0.00176,0.00003,0.99813,0.00009
220.50000,1.02194,0.00165,0.00003,0.99825,0.00008
220.64000,1.02194,0.00186,0.00004,0.99798,0.00011
220.78000,1.02194,0.00141,0.00003,0.99849,0.00007
220.92000,1.02194,0.00174,0.00005,0.99809,0.00012
221.06000,1.02194,0.00169,0.00004,0.99817,0.00009
221.20000,1.02194,0.00157,0.00003,0.99832,0.00008
221.34000,1.02194,0.00159,0.00003,0.99830,0.00008
221.48000,1.02194,0.00134,0.00002,0.99858,0.00006
221.62000,1.02194,0.00165,0.00004,0.99822,0.00009
221.75999,1.02194,0.00151,0.00003,0.99838,0.00008
221.89999,1.02194,0.00134,0.00002,0.99858,0.00006
222.03999,1.02194,0.00187,0.00005,0.99798,0.00010
222.17999,1.02194,0.00147,0.00002,0.99844,0.00007
222.32001,1.02193,0.00131,0.00002,0.99863,0.00005
222.46001,1.02193,0.00155,0.00003,0.99835,0.00007
222.60001,1.02193,0.00147,0.00003,0.99844,0.00007
222.74001,1.02193,0.00154,0.00003,0.99835,0.00007
222.88000,1.02193,0.00195,0.00006,0.99788,0.00012
223.02000,1.02193,0.00162,0.00003,0.99827,0.00008
223.16000,1.02193,0.00185,0.00004,0.99803,0.00009
223.30000,1.02193,0.00198,0.00004,0.99788,0.00010
223.44000,1.02194,0.00158,0.00002,0.99833,0.00007
223.58000,1.02194,0.00178,0.00004,0.99809,0.00010
223.72000,1.02194,0.00164,0.00003,0.99825,0.00008
223.86000,1.02194,0.00188,0.00006,0.99795,0.00012
224.00000,1.02194,0.00167,0.00004,0.99819,0.00009
224.14000,1.02194,0.00158,0.00004,0.99830,0.00008
224.28000,1.02194,0.00161,0.00003,0.99827,0.00008
224.42000,1.02194,0.00158,0.00003,0.99832,0.00007
224.56000,1.02194,0.00125,0.00002,0.99869,0.00005
224.70000,1.02194,0.00153,0.00003,0.99837,0.00007
224.84000,1.02194,0.00172,0.00004,0.99815,0.00009
224.98000,1.02194,0.00164,0.00003,0.99825,0.00008
225.12000,1.02194,0.00161,0.00003,0.99828,0.00008
225.25999,1.02194,0.00158,0.00003,0.99832,0.00007
225.39999,1.02194,0.00150,0.00002,0.99841,0.00007
225.53999,1.02194,0.00152,0.00003,0.99837,0.00008
225.67999,1.02194,0.00192,0.00005,0.99793,0.00011
225.82001,1.02193,0.00163,0.00003,0.99827,0.00007
225.96001,1.02193,0.00162,0.00002,0.99829,0.00007
226.10001,1.02193,0.00174,0.00003,0.99814,0.00008
226.24001,1.02193,0.00168,0.00003,0.99821,0.00008
226.38000,1.02193,0.00187,0.00004,0.99799,0.00010
226.52000,1.02193,0.00196,0.00005,0.99789,0.00010
226.66000,1.02193,0.00198,0.00006,0.99785,0.00011
226.80000,1.02193,0.00179,0.00004,0.99807,0.00011
226.94000,1.02194,0.00172,0.00004,0.99815,0.00009
227.08000,1.02194,0.00193,0.00005,0.99790,0.00011
227.22000,1.02194,0.00133,0.00002,0.99858,0.00006
227.36000,1.02194,0.00157,0.00003,0.99832,0.00008
227.50000,1.02194,0.00187,0.00006,0.99795,0.00011
227.64000,1.02194,0.00130,0.00002,0.99862,0.00006
227.78000,1.02194,0.00157,0.00003,0.99832,0.00008
227.92000,1.02194,0.00147,0.00003,0.99844,0.00007
228.06000,1.02194,0.00160,0.00003,0.99829,0.00008
228.20000,1.02194,0.00169,0.00004,0.99819,0.00008
228.34000,1.02194,0.00144,0.00002,0.99848,0.00006
228.48000,1.02194,0.00180,0.00004,0.99807,0.00010
228.62000,1.02194,0.00149,0.00003,0.99841,0.00007
228.75999,1.02194,0.00159,0.00004,0.99829,0.00008
228.89999,1.02194,0.00172,0.00004,0.99815,0.00009
229.03999,1.02194,0.00173,0.00005,0.99812,0.00009
229.17999,1.02194,0.00160,0.00003,0.99828,0.00008
229.32001,1.02193,0.00171,0.00005,0.99816,0.00009
229.46001,1.02193,0.00148,0.00002,0.99843,0.00007
229.60001,1.02193,0.00168,0.00003,0.99820,0.00009
229.74001,1.02193,0.00117,0.00001,0.99877,0.00004
229.88000,1.02193,0.00179,0.00004,0.99806,0.00010
230.02000,1.02193,0.00178,0.00005,0.99808,0.00010
230.16000,1.02193,0.00171,0.00004,0.99815,0.00009
230.30000,1.02193,0.00169,0.00003,0.99819,0.00008
230.44000,1.02194,0.00127,0.00002,0.99866,0.00005
230.58000,1.02194,0.00161,0.00003,0.99829,0.00007
230.72000,1.02194,0.00147,0.00003,0.99844,0.00007
230.86000,1.02194,0.00151,0.00003,0.99840,0.00007
231.00000,1.02194,0.00230,0.00008,0.99748,0.00014
231.14000,1.02194,0.00163,0.00004,0.99825,0.00008
231.28000,1.02194,0.00153,0.00002,0.99838,0.00007
231.42000,1.02194,0.00182,0.00004,0.99804,0.00010
231.56000,1.02194,0.00145,0.00002,0.99846,0.00007
231.70000,1.02194,0.00177,0.00004,0.99810,0.00009
231.84000,1.02194,0.00162,0.00003,0.99827,0.00008
231.98000,1.02194,0.00164,0.00003,0.99824,0.00009
232.12000,1.02194,0.00156,0.00003,0.99833,0.00008
232.25999,1.02194,0.00169,0.00004,0.99818,0.00009
232.39999,1.02194,0.00160,0.00003,0.99829,0.00008
232.53999,1.02194,0.00180,0.00003,0.99808,0.00009
232.67999,1.02194,0.00166,0.00004,0.99822,0.00008
232.82001,1.02193,0.00148,0.00002,0.99843,0.00007
232.96001,1.02193,0.00178,0.00005,0.99807,0.00010
233.10001,1.02193,0.00165,0.00003,0.99822,0.00009
233.24001,1.02193,0.00178,0.00005,0.99808,0.00009
233.38000,1.02193,0.00150,0.00003,0.99840,0.00007
233.52000,1.02193,0.00158,0.00004,0.99830,0.00008
233.66000,1.02193,0.00137,0.00002,0.99855,0.00006
233.80000,1.02193,0.00211,0.00006,0.99771,0.00012
233.94000,1.02194,0.00140,0.00002,0.99851,0.00006
234.08000,1.02194,0.00155,0.00003,0.99835,0.00007
234.22000,1.02194,0.00143,0.00002,0.99848,0.00006
234.36000,1.02194,0.00161,0.00004,0.99828,0.00008
234.50000,1.02194,0.00161,0.00003,0.99828,0.00008
234.64000,1.02194,0.00187,0.00004,0.99799,0.00010
234.78000,1.02194,0.00148,0.00003,0.99842,0.00007
234.92000,1.02194,0.00170,0.00004,0.99817,0.00009
235.06000,1.02194,0.00155,0.00003,0.99835,0.00008
235.20000,1.02194,0.00158,0.00003,0.99831,0.00008
235.34000,1.02194,0.00160,0.00003,0.99830,0.00008
235.48000,1.02194,0.00142,0.00002,0.99850,0.00006
235.62000,1.02194,0.00137,0.00002,0.99855,0.00006
235.75999,1.02194,0.00169,0.00004,0.99819,0.00009
235.89999,1.02194,0.00169,0.00004,0.99819,0.00008
236.03999,1.02194,0.00196,0.00005,0.99787,0.00011
236.17999,1.02194,0.00144,0.00002,0.99848,0.00006
236.32001,1.02193,0.00158,0.00003,0.99832,0.00007
236.46001,1.02193,0.00179,0.00005,0.99806,0.00010
236.60001,1.02193,0.00141,0.00002,0.99851,0.00006
236.74001,1.02193,0.00169,0.00004,0.99819,0.00009
236.88000,1.02193,0.00172,0.00004,0.99817,0.00008
237.02000,1.02193,0.00144,0.00002,0.99848,0.00006
237.16000,1.02193,0.00133,0.00002,0.99859,0.00006
237.30000,1.02193,0.00144,0.00002,0.99847,0.00007
237.44000,1.02194,0.00182,0.00005,0.99803,0.00010
237.58000,1.02194,0.00155,0.00003,0.99834,0.00008
237.72000,1.02194,0.00180,0.00004,0.99807,0.00009
237.86000,1.02194,0.00162,0.00003,0.99827,0.00008
238.00000,1.02194,0.00132,0.00002,0.99861,0.00005
238.14000,1.02194,0.00159,0.00002,0.99831,0.00008
238.28000,1.02194,0.00149,0.00003,0.99840,0.00008
238.42000,1.02194,0.00145,0.00003,0.99845,0.00007
238.56000,1.02194,0.00178,0.00005,0.99807,0.00009
238.70000,1.02194,0.00155,0.00003,0.99834,0.00008
238.84000,1.02194,0.00134,0.00002,0.99858,0.00006
238.98000,1.02194,0.00186,0.00005,0.99799,0.00010
239.12000,1.02194,0.00164,0.00004,0.99823,0.00008
239.25999,1.02194,0.00139,0.00002,0.99853,0.00006
239.39999,1.02194,0.00181,0.00004,0.99805,0.00009
239.53999,1.02194,0.00146,0.00003,0.99844,0.00007
239.67999,1.02194,0.00159,0.00005,0.99829,0.00008
239.82001,1.02193,0.00174,0.00005,0.99811,0.00010
239.96001,1.02193,0.00161,0.00003,0.99827,0.00008
240.10001,1.02193,0.00153,0.00002,0.99837,0.00007
240.24001,1.02193,0.00182,0.00004,0.99805,0.00009
240.38000,1.02193,0.00152,0.00002,0.99840,0.00007
240.52000,1.02193,0.00162,0.00004,0.99826,0.00009
240.66000,1.02193,0.00143,0.00002,0.99848,0.00007
240.80000,1.02193,0.00219,0.00009,0.99758,0.00014
240.94000,1.02194,0.00149,0.00003,0.99841,0.00007
241.08000,1.02194,0.00158,0.00003,0.99832,0.00007
241.22000,1.02194,0.00170,0.00003,0.99818,0.00009
241.36000,1.02194,0.00141,0.00002,0.99851,0.00006
241.50000,1.02194,0.00141,0.00002,0.99852,0.00006
241.64000,1.02194,0.00176,0.00004,0.99812,0.00009
241.78000,1.02194,0.00144,0.00002,0.99848,0.00006
241.92000,1.02194,0.00164,0.00003,0.99826,0.00008
242.06000,1.02194,0.00202,0.00005,0.99782,0.00011
242.20000,1.02194,0.00178,0.00004,0.99810,0.00008
242.34000,1.02194,0.00182,0.00003,0.99805,0.00009
242.48000,1.02194,0.00194,0.00004,0.99791,0.00010
242.62000,1.02194,0.00168,0.00003,0.99821,0.00008
242.75999,1.02194,0.00174,0.00004,0.99813,0.00009
242.89999,1.02194,0.00156,0.00003,0.99834,0.00008
243.03999,1.02194,0.00182,0.00004,0.99804,0.00010
243.17999,1.02194,0.00177,0.00003,0.99811,0.00008
243.32001,1.02193,0.00160,0.00003,0.99830,0.00007
243.46001,1.02193,0.00147,0.00003,0.99844,0.00006
243.60001,1.02193,0.00181,0.00005,0.99805,0.00009
243.74001,1.02193,0.00212,0.00008,0.99768,0.00013
243.88000,1.02193,0.00143,0.00002,0.99849,0.00006
244.02000,1.02193,0.00173,0.00004,0.99814,0.00009
244.16000,1.02193,0.00160,0.00004,0.99829,0.00008
244.30000,1.02193,0.00158,0.00003,0.99832,0.00008
244.44000,1.02194,0.00174,0.00004,0.99812,0.00009
244.58000,1.02194,0.00149,0.00003,0.99842,0.00007
244.72000,1.02194,0.00150,0.00003,0.99840,0.00007
244.86000,1.02194,0.00140,0.00002,0.99851,0.00007
245.00000,1.02194,0.00173,0.00004,0.99814,0.00009
245.14000,1.02194,0.00135,0.00002,0.99857,0.00006
245.28000,1.02194,0.00140,0.00002,0.99851,0.00006
245.42000,1.02194,0.00163,0.00004,0.99825,0.00008
245.56000,1.02194,0.00146,0.00003,0.99844,0.00007
245.70000,1.02194,0.00167,0.00004,0.99821,0.00008
245.84000,1.02194,0.00145,0.00002,0.99846,0.00007
245.98000,1.02194,0.00131,0.00002,0.99862,0.00006
246.12000,1.02194,0.00127,0.00001,0.99866,0.00005
246.25999,1.02194,0.00176,0.00004,0.99810,0.00010
246.39999,1.02194,0.00148,0.00003,0.99843,0.00007
246.53999,1.02194,0.00181,0.00004,0.99806,0.00010
246.67999,1.02194,0.00172,0.00004,0.99813,0.00010
246.82001,1.02193,0.00125,0.00001,0.99868,0.00005
246.96001,1.02193,0.00199,0.00006,0.99785,0.00011
247.10001,1.02193,0.00163,0.00003,0.99825,0.00008
247.24001,1.02193,0.00151,0.00003,0.99840,0.00007
247.38000,1.02193,0.00168,0.00003,0.99821,0.00008
247.52000,1.02193,0.00184,0.00004,0.99802,0.00009
247.66000,1.02193,0.00146,0.00003,0.99844,0.00007
247.80000,1.02193,0.00155,0.00002,0.99835,0.00007
247.94000,1.02194,0.00196,0.00006,0.99788,0.00010
248.08000,1.02194,0.00171,0.00003,0.99817,0.00008
248.22000,1.02194,0.00167,0.00003,0.99822,0.00008
248.36000,1.02194,0.00150,0.00002,0.99841,0.00006
248.50000,1.02194,0.00190,0.00004,0.99796,0.00010
248.64000,1.02194,0.00154,0.00003,0.99837,0.00007
248.78000,1.02194,0.00206,0.00006,0.99777,0.00011
248.92000,1.02194,0.00200,0.00005,0.99783,0.00011
249.06000,1.02194,0.00165,0.00004,0.99824,0.00008
249.20000,1.02194,0.00177,0.00004,0.99810,0.00009
249.34000,1.02194,0.00179,0.00004,0.99807,0.00009
249.48000,1.02194,0.00174,0.00004,0.99812,0.00010
249.62000,1.02194,0.00133,0.00002,0.99859,0.00006
249.75999,1.02194,0.00164,0.00004,0.99823,0.00009
249.89999,1.02194,0.00183,0.00005,0.99800,0.00011
250.03999,1.02194,0.00137,0.00002,0.99855,0.00006
250.17999,1.02194,0.00142,0.00002,0.99850,0.00006
250.32001,1.02193,0.00145,0.00002,0.99847,0.00006
250.46001,1.02193,0.00161,0.00002,0.99828,0.00008
250.60001,1.02193,0.00145,0.00002,0.99847,0.00006
250.74001,1.02193,0.00195,0.00005,0.99789,0.00011
250.88000,1.02193,0.00167,0.00003,0.99822,0.00008
251.02000,1.02193,0.00160,0.00003,0.99830,0.00008
251.16000,1.02193,0.00211,0.00006,0.99770,0.00012
251.30000,1.02193,0.00151,0.00002,0.99839,0.00007
251.44000,1.02194,0.00157,0.00003,0.99831,0.00008
251.58000,1.02194,0.00169,0.00004,0.99818,0.00010
251.72000,1.02194,0.00181,0.00006,0.99802,0.00011
251.86000,1.02194,0.00147,0.00002,0.99844,0.00007
252.00000,1.02194,0.00171,0.00003,0.99818,0.00009
252.14000,1.02194,0.00123,0.00002,0.99871,0.00005
252.28000,1.02194,0.00145,0.00002,0.99847,0.00006
252.42000,1.02194,0.00150,0.00003,0.99841,0.00007
252.56000,1.02194,0.00173,0.00003,0.99816,0.00008
252.70000,1.02194,0.00180,0.00003,0.99807,0.00009
252.84000,1.02194,0.00167,0.00003,0.99822,0.00008
252.98000,1.02194,0.00181,0.00004,0.99806,0.00010
253.12000,1.02194,0.00164,0.00004,0.99822,0.00010
253.25999,1.02194,0.00184,0.00004,0.99802,0.00009
253.39999,1.02194,0.00204,0.00006,0.99778,0.00012
253.53999,1.02194,0.00131,0.00002,0.99861,0.00006
253.67999,1.02194,0.00140,0.00003,0.99852,0.00006
253.82001,1.02193,0.00184,0.00006,0.99799,0.00011
253.96001,1.02193,0.00141,0.00003,0.99850,0.00007
254.10001,1.02193,0.00148,0.00003,0.99842,0.00007
254.24001,1.02193,0.00168,0.00005,0.99819,0.00009
254.38000,1.02193,0.00127,0.00002,0.99866,0.00005
254.52000,1.02193,0.00168,0.00004,0.99820,0.00009
254.66000,1.02193,0.00133,0.00002,0.99860,0.00005
254.80000,1.02193,0.00148,0.00003,0.99843,0.00007
254.94000,1.02194,0.00156,0.00003,0.99834,0.00007
255.08000,1.02193,0.00157,0.00003,0.99833,0.00007
255.22000,1.02194,0.00210,0.00007,0.99772,0.00012
255.36000,1.02193,0.00167,0.00003,0.99822,0.00008
255.50000,1.02194,0.00140,0.00002,0.99852,0.00006
255.64000,1.02193,0.00156,0.00003,0.99834,0.00007
255.78000,1.02194,0.00171,0.00004,0.99816,0.00009
255.92000,1.02193,0.00187,0.00004,0.99800,0.00010
256.06000,1.02194,0.00175,0.00003,0.99814,0.00008
256.20001,1.02191,0.00148,0.00002,0.99843,0.00007
256.34000,1.02194,0.00154,0.00003,0.99836,0.00007
256.48001,1.02191,0.00175,0.00004,0.99813,0.00009
256.62000,1.02194,0.00189,0.00005,0.99796,0.00010
256.76001,1.02194,0.00167,0.00003,0.99821,0.00008
256.89999,1.02194,0.00163,0.00003,0.99826,0.00008
257.04001,1.02194,0.00166,0.00003,0.99822,0.00008
257.17999,1.02194,0.00158,0.00002,0.99833,0.00007
257.32001,1.02194,0.00162,0.00003,0.99827,0.00008
257.45999,1.02194,0.00170,0.00004,0.99817,0.00009
257.60001,1.02194,0.00159,0.00004,0.99829,0.00008
257.73999,1.02194,0.00166,0.00004,0.99822,0.00008
257.88000,1.02194,0.00178,0.00005,0.99807,0.00010
258.01999,1.02194,0.00149,0.00003,0.99841,0.00007
258.16000,1.02194,0.00154,0.00002,0.99837,0.00007
258.29999,1.02194,0.00151,0.00002,0.99840,0.00007
258.44000,1.02194,0.00185,0.00004,0.99801,0.00010
258.57999,1.02194,0.00140,0.00002,0.99852,0.00006
258.72000,1.02194,0.00182,0.00003,0.99804,0.00010
258.85999,1.02194,0.00155,0.00003,0.99834,0.00008
259.00000,1.02194,0.00177,0.00005,0.99808,0.00010
259.14001,1.02191,0.00181,0.00005,0.99803,0.00010
259.28000,1.02194,0.00142,0.00002,0.99849,0.00007
259.42001,1.02191,0.00133,0.00002,0.99859,0.00006
259.56000,1.02194,0.00152,0.00003,0.99837,0.00008
259.70001,1.02191,0.00146,0.00003,0.99844,0.00008
259.84000,1.02194,0.00127,0.00001,0.99866,0.00005
259.98001,1.02191,0.00197,0.00005,0.99786,0.00011
260.12000,1.02194,0.00144,0.00002,0.99847,0.00006
260.26001,1.02194,0.00162,0.00003,0.99826,0.00008
260.39999,1.02194,0.00160,0.00003,0.99828,0.00008
260.54001,1.02194,0.00154,0.00003,0.99835,0.00007
260.67999,1.02194,0.00172,0.00004,0.99815,0.00009
260.82001,1.02194,0.00165,0.00004,0.99822,0.00009
260.95999,1.02194,0.00160,0.00003,0.99829,0.00007
261.10001,1.02194,0.00192,0.00004,0.99794,0.00010
261.23999,1.02194,0.00148,0.00002,0.99843,0.00006
261.38000,1.02194,0.00149,0.00003,0.99841,0.00007
261.51999,1.02194,0.00170,0.00004,0.99818,0.00008
261.66000,1.02194,0.00167,0.00003,0.99821,0.00009
261.79999,1.02194,0.00163,0.00003,0.99826,0.00008
261.94000,1.02194,0.00176,0.00003,0.99813,0.00008
262.07999,1.02194,0.00162,0.00003,0.99828,0.00008
262.22000,1.02194,0.00153,0.00002,0.99838,0.00006
262.35999,1.02194,0.00178,0.00004,0.99809,0.00009
262.50000,1.02194,0.00163,0.00003,0.99826,0.00008
262.64001,1.02191,0.00148,0.00002,0.99842,0.00007
262.78000,1.02194,0.00182,0.00005,0.99803,0.00010
262.92001,1.02191,0.00174,0.00004,0.99812,0.00009
263.06000,1.02194,0.00156,0.00003,0.99834,0.00008
263.20001,1.02191,0.00177,0.00003,0.99811,0.00009
263.34000,1.02194,0.00193,0.00004,0.99792,0.00011
263.48001,1.02191,0.00136,0.00002,0.99857,0.00006
263.62000,1.02194,0.00155,0.00002,0.99836,0.00007
263.76001,1.02194,0.00198,0.00004,0.99786,0.00012
263.89999,1.02194,0.00162,0.00002,0.99828,0.00008
264.04001,1.02194,0.00208,0.00005,0.99775,0.00011
264.17999,1.02194,0.00192,0.00004,0.99793,0.00011
264.32001,1.02194,0.00178,0.00005,0.99806,0.00010
264.45999,1.02194,0.00178,0.00005,0.99808,0.00009
264.60001,1.02194,0.00188,0.00005,0.99797,0.00010
264.73999,1.02194,0.00155,0.00003,0.99835,0.00007
264.88000,1.02194,0.00149,0.00002,0.99842,0.00007
265.01999,1.02194,0.00176,0.00004,0.99811,0.00009
265.16000,1.02194,0.00185,0.00004,0.99801,0.00010
265.29999,1.02194,0.00156,0.00003,0.99834,0.00007
265.44000,1.02194,0.00162,0.00003,0.99828,0.00007
265.57999,1.02194,0.00188,0.00004,0.99798,0.00009
265.72000,1.02194,0.00144,0.00002,0.99847,0.00006
265.85999,1.02194,0.00177,0.00005,0.99808,0.00010
266.00000,1.02194,0.00185,0.00007,0.99798,0.00011
266.14001,1.02191,0.00167,0.00004,0.99820,0.00009
266.28000,1.02194,0.00155,0.00003,0.99835,0.00007
266.42001,1.02191,0.00140,0.00002,0.99852,0.00006
266.56000,1.02194,0.00142,0.00003,0.99849,0.00007
266.70001,1.02191,0.00152,0.00003,0.99837,0.00008
266.84000,1.02194,0.00162,0.00004,0.99824,0.00009
266.98001,1.02191,0.00165,0.00004,0.99823,0.00008
267.12000,1.02194,0.00183,0.00003,0.99803,0.00011
267.26001,1.02194,0.00127,0.00002,0.99866,0.00006
267.39999,1.02194,0.00168,0.00003,0.99820,0.00009
267.54001,1.02194,0.00197,0.00006,0.99786,0.00011
267.67999,1.02194,0.00125,0.00001,0.99868,0.00005
267.82001,1.02194,0.00171,0.00003,0.99817,0.00009
267.95999,1.02194,0.00185,0.00004,0.99801,0.00010
268.10001,1.02194,0.00175,0.00003,0.99813,0.00009
268.23999,1.02194,0.00168,0.00003,0.99820,0.00009
268.38000,1.02194,0.00188,0.00005,0.99796,0.00011
268.51999,1.02194,0.00151,0.00004,0.99837,0.00008
268.66000,1.02194,0.00143,0.00003,0.99848,0.00007
268.79999,1.02194,0.00154,0.00004,0.99834,0.00008
268.94000,1.02194,0.00118,0.00001,0.99876,0.00005
269.07999,1.02194,0.00160,0.00004,0.99828,0.00008
269.22000,1.02194,0.00151,0.00002,0.99840,0.00007
269.35999,1.02194,0.00175,0.00004,0.99812,0.00009
269.50000,1.02194,0.00150,0.00003,0.99841,0.00007
269.64001,1.02191,0.00200,0.00004,0.99783,0.00012
269.78000,1.02194,0.00151,0.00002,0.99840,0.00007
269.92001,1.02191,0.00163,0.00002,0.99826,0.00008
270.06000,1.02194,0.00168,0.00004,0.99820,0.00009
270.20001,1.02191,0.00141,0.00002,0.99850,0.00006
270.34000,1.02194,0.00194,0.00006,0.99789,0.00011
270.48001,1.02191,0.00143,0.00002,0.99849,0.00006
270.62000,1.02194,0.00185,0.00004,0.99800,0.00010
270.76001,1.02194,0.00165,0.00003,0.99824,0.00008
270.89999,1.02194,0.00164,0.00003,0.99826,0.00008
271.04001,1.02194,0.00174,0.00004,0.99814,0.00009
271.17999,1.02194,0.00170,0.00003,0.99819,0.00009
271.32001,1.02194,0.00205,0.00006,0.99777,0.00012
271.45999,1.02194,0.00208,0.00004,0.99774,0.00013
271.60001,1.02194,0.00218,0.00006,0.99762,0.00013
271.73999,1.02194,0.00156,0.00002,0.99834,0.00008
271.88000,1.02194,0.00139,0.00002,0.99853,0.00006
272.01999,1.02194,0.00199,0.00004,0.99786,0.00011
272.16000,1.02194,0.00170,0.00005,0.99815,0.00010
272.29999,1.02194,0.00140,0.00002,0.99851,0.00006
272.44000,1.02194,0.00188,0.00006,0.99796,0.00011
272.57999,1.02194,0.00152,0.00003,0.99838,0.00007
272.72000,1.02194,0.00146,0.00002,0.99845,0.00007
272.85999,1.02194,0.00153,0.00003,0.99837,0.00007
273.00000,1.02194,0.00163,0.00003,0.99826,0.00008
273.14001,1.02191,0.00163,0.00003,0.99825,0.00008
273.28000,1.02194,0.00151,0.00002,0.99841,0.00007
273.42001,1.02191,0.00155,0.00003,0.99835,0.00008
273.56000,1.02194,0.00162,0.00004,0.99826,0.00008
273.70001,1.02191,0.00170,0.00004,0.99817,0.00009
273.84000,1.02194,0.00189,0.00006,0.99795,0.00010
273.98001,1.02191,0.00151,0.00003,0.99839,0.00007
274.12000,1.02194,0.00159,0.00003,0.99830,0.00008
274.26001,1.02194,0.00161,0.00003,0.99828,0.00008
274.39999,1.02194,0.00174,0.00004,0.99813,0.00009
274.54001,1.02194,0.00179,0.00004,0.99808,0.00009
274.67999,1.02194,0.00178,0.00005,0.99808,0.00010
274.82001,1.02194,0.00145,0.00002,0.99845,0.00007
274.95999,1.02194,0.00160,0.00004,0.99827,0.00008
275.10001,1.02194,0.00178,0.00005,0.99807,0.00010
275.23999,1.02194,0.00179,0.00005,0.99806,0.00010
275.38000,1.02194,0.00139,0.00002,0.99853,0.00006
275.51999,1.02194,0.00206,0.00005,0.99779,0.00011
275.66000,1.02194,0.00199,0.00004,0.99787,0.00010
275.79999,1.02194,0.00186,0.00003,0.99802,0.00009
275.94000,1.02194,0.00211,0.00003,0.99774,0.00012
276.07999,1.02194,0.00190,0.00005,0.99793,0.00012
276.22000,1.02194,0.00185,0.00004,0.99802,0.00009
276.35999,1.02194,0.00234,0.00012,0.99739,0.00015
276.50000,1.02194,0.00161,0.00003,0.99828,0.00008
276.64001,1.02191,0.00243,0.00010,0.99733,0.00014
276.78000,1.02194,0.00228,0.00006,0.99753,0.00013
276.92001,1.02191,0.00230,0.00009,0.99747,0.00014
277.06000,1.02194,0.00184,0.00004,0.99803,0.00009
277.20001,1.02191,0.00225,0.00007,0.99756,0.00012
277.34000,1.02194,0.00200,0.00006,0.99783,0.00011
277.48001,1.02191,0.00230,0.00009,0.99747,0.00013
277.62000,1.02194,0.00191,0.00007,0.99791,0.00010
277.76001,1.02194,0.00202,0.00006,0.99780,0.00011
277.89999,1.02194,0.00219,0.00007,0.99762,0.00013
278.04001,1.02194,0.00228,0.00007,0.99752,0.00013
278.17999,1.02194,0.00175,0.00003,0.99813,0.00009
278.32001,1.02194,0.00153,0.00002,0.99838,0.00007
278.45999,1.02194,0.00180,0.00005,0.99805,0.00011
278.60001,1.02194,0.00163,0.00004,0.99824,0.00009
278.73999,1.02194,0.00165,0.00003,0.99823,0.00008
278.88000,1.02194,0.00154,0.00003,0.99836,0.00007
279.01999,1.02194,0.00144,0.00002,0.99847,0.00007
279.16000,1.02194,0.00143,0.00003,0.99848,0.00007
279.29999,1.02194,0.00153,0.00003,0.99837,0.00007
279.44000,1.02194,0.00157,0.00003,0.99832,0.00008
279.57999,1.02194,0.00143,0.00002,0.99848,0.00006
279.72000,1.02194,0.00158,0.00003,0.99830,0.00008
279.85999,1.02194,0.00152,0.00003,0.99838,0.00007
280.00000,1.02194,0.00156,0.00003,0.99833,0.00008
280.14001,1.02191,0.00132,0.00002,0.99860,0.00006
280.28000,1.02194,0.00207,0.00003,0.99778,0.00012
280.42001,1.02191,0.01280,0.00017,0.98571,0.00132
280.56000,1.02194,0.20680,0.00005,0.77844,0.01470
280.70001,1.02191,0.80183,0.00001,0.18087,0.01730
280.84000,1.02194,0.96537,0.00000,0.02922,0.00540
280.98001,1.02191,0.98676,0.00000,0.00486,0.00837
281.12000,1.02194,0.97011,0.00000,0.00114,0.02874
281.26001,1.02194,0.99801,0.00000,0.00010,0.00189
281.39999,1.02194,0.99892,0.00000,0.00004,0.00104
281.54001,1.02194,0.99922,0.00000,0.00003,0.00075
281.67999,1.02194,0.99975,0.00000,0.00002,0.00023
281.82001,1.02194,0.99989,0.00000,0.00001,0.00010
281.95999,1.02194,0.99994,0.00000,0.00001,0.00005
282.10001,1.02194,0.99997,0.00000,0.00001,0.00003
282.23999,1.02194,0.99998,0.00000,0.00001,0.00002
282.38000,1.02194,0.99998,0.00000,0.00000,0.00001
282.51999,1.02194,0.99998,0.00000,0.00000,0.00001
282.66000,1.02194,0.99998,0.00000,0.00000,0.00001
282.79999,1.02194,0.99999,0.00000,0.00000,0.00001
282.94000,1.02194,0.99999,0.00000,0.00000,0.00001
283.07999,1.02194,0.99999,0.00000,0.00000,0.00001
283.22000,1.02194,0.99998,0.00000,0.00000,0.00001
283.35999,1.02194,0.99998,0.00000,0.00000,0.00001
283.50000,1.02194,0.99997,0.00000,0.00001,0.00002
