Time (seconds), Duration (seconds),pred_(unlabeled),pred_brushing_teeth,pred_hair_drying,pred_showering
0.00000,1.05394,0.16098,0.00048,0.00225,0.83629
0.10000,1.05394,0.04247,0.00019,0.00127,0.95607
0.20000,1.05394,0.01331,0.00016,0.00071,0.98582
0.30000,1.05394,0.01469,0.00016,0.00078,0.98437
0.40000,1.05394,0.01563,0.00016,0.00075,0.98346
0.50000,1.05394,0.01539,0.00015,0.00082,0.98364
0.60000,1.05394,0.01602,0.00012,0.00076,0.98309
0.70000,1.05394,0.01476,0.00015,0.00081,0.98428
0.80000,1.05394,0.01802,0.00012,0.00071,0.98115
0.90000,1.05394,0.01345,0.00010,0.00070,0.98575
1.00000,1.05394,0.01516,0.00010,0.00070,0.98403
1.10000,1.05394,0.01874,0.00014,0.00084,0.98028
1.20000,1.05394,0.01723,0.00012,0.00083,0.98181
1.30000,1.05394,0.01653,0.00013,0.00092,0.98242
1.40000,1.05394,0.01918,0.00015,0.00097,0.97970
1.50000,1.05394,0.01748,0.00016,0.00095,0.98141
1.60000,1.05394,0.01476,0.00013,0.00099,0.98413
1.70000,1.05394,0.00986,0.00008,0.00070,0.98936
1.80000,1.05394,0.01103,0.00010,0.00081,0.98806
1.90000,1.05394,0.01209,0.00009,0.00070,0.98712
2.00000,1.05394,0.01225,0.00010,0.00081,0.98683
2.10000,1.05394,0.01126,0.00011,0.00079,0.98785
2.20000,1.05394,0.01373,0.00010,0.00073,0.98543
2.30000,1.05394,0.01306,0.00009,0.00068,0.98616
2.40000,1.05394,0.01064,0.00009,0.00071,0.98856
2.50000,1.05394,0.00945,0.00011,0.00077,0.98966
2.60000,1.05394,0.01815,0.00018,0.00090,0.98077
2.70000,1.05394,0.01699,0.00019,0.00093,0.98190
2.80000,1.05394,0.01499,0.00016,0.00076,0.98409
2.90000,1.05394,0.01420,0.00019,0.00088,0.98473
3.00000,1.05394,0.01532,0.00017,0.00092,0.98358
3.10000,1.05394,0.01815,0.00023,0.00103,0.98059
3.20000,1.05394,0.01606,0.00021,0.00096,0.98277
3.30000,1.05394,0.02164,0.00031,0.00123,0.97682
3.40000,1.05394,0.02064,0.00031,0.00122,0.97783
3.50000,1.05394,0.02272,0.00021,0.00107,0.97601
3.60000,1.05394,0.02218,0.00023,0.00107,0.97651
3.70000,1.05394,0.01922,0.00030,0.00147,0.97901
3.80000,1.05394,0.01703,0.00030,0.00126,0.98140
3.90000,1.05394,0.02405,0.00050,0.00160,0.97385
4.00000,1.05394,0.02075,0.00052,0.00139,0.97734
4.10000,1.05394,0.02018,0.00063,0.00148,0.97771
4.20000,1.05394,0.01657,0.00051,0.00118,0.98174
4.30000,1.05394,0.02567,0.00070,0.00129,0.97234
4.40000,1.05394,0.01591,0.00075,0.00132,0.98202
4.50000,1.05394,0.00978,0.00043,0.00090,0.98889
4.60000,1.05394,0.00522,0.00028,0.00073,0.99377
4.70000,1.05394,0.00514,0.00015,0.00043,0.99427
4.80000,1.05394,0.00372,0.00007,0.00029,0.99592
4.90000,1.05394,0.00241,0.00004,0.00019,0.99735
5.00000,1.05394,0.00287,0.00005,0.00025,0.99683
5.10000,1.05394,0.00298,0.00004,0.00019,0.99680
5.20000,1.05394,0.00217,0.00002,0.00013,0.99768
5.30000,1.05394,0.00139,0.00002,0.00012,0.99848
5.40000,1.05394,0.00203,0.00002,0.00014,0.99781
5.50000,1.05394,0.00286,0.00003,0.00022,0.99688
5.60000,1.05394,0.00333,0.00003,0.00021,0.99644
5.70000,1.05394,0.00251,0.00004,0.00026,0.99719
5.80000,1.05394,0.00308,0.00005,0.00028,0.99660
5.90000,1.05394,0.00319,0.00007,0.00037,0.99636
6.00000,1.05394,0.00348,0.00007,0.00036,0.99609
6.10000,1.05394,0.00247,0.00006,0.00029,0.99718
6.20000,1.05394,0.00319,0.00007,0.00028,0.99647
6.30000,1.05394,0.00363,0.00015,0.00047,0.99576
6.40000,1.05394,0.00608,0.00020,0.00056,0.99315
6.50000,1.05394,0.00685,0.00021,0.00048,0.99246
6.60000,1.05394,0.00757,0.00030,0.00075,0.99138
6.70000,1.05394,0.01128,0.00058,0.00107,0.98706
6.80000,1.05394,0.01692,0.00041,0.00101,0.98167
6.90000,1.05394,0.01794,0.00030,0.00085,0.98091
7.00000,1.05394,0.01524,0.00031,0.00106,0.98338
7.10000,1.05394,0.02365,0.00052,0.00152,0.97431
7.20000,1.05394,0.02819,0.00055,0.00178,0.96947
7.30000,1.05394,0.02772,0.00041,0.00130,0.97056
7.40000,1.05394,0.02623,0.00032,0.00137,0.97208
7.50000,1.05394,0.02186,0.00034,0.00136,0.97644
7.60000,1.05394,0.02838,0.00037,0.00140,0.96985
7.70000,1.05394,0.02436,0.00036,0.00134,0.97394
7.80000,1.05394,0.02850,0.00045,0.00189,0.96916
7.90000,1.05394,0.02926,0.00058,0.00167,0.96849
8.00000,1.05394,0.03121,0.00073,0.00196,0.96610
8.10000,1.05394,0.02757,0.00053,0.00173,0.97017
8.20000,1.05394,0.02915,0.00054,0.00202,0.96830
8.30000,1.05394,0.02776,0.00051,0.00170,0.97004
8.40000,1.05394,0.02763,0.00067,0.00188,0.96982
8.50000,1.05394,0.02812,0.00059,0.00178,0.96951
8.60000,1.05394,0.02612,0.00045,0.00124,0.97219
8.70000,1.05394,0.01873,0.00031,0.00109,0.97987
8.80000,1.05394,0.01234,0.00010,0.00063,0.98693
8.90000,1.05394,0.00529,0.00003,0.00030,0.99438
9.00000,1.05394,0.00461,0.00002,0.00018,0.99519
9.10000,1.05394,0.00359,0.00002,0.00019,0.99620
9.20000,1.05394,0.00261,0.00001,0.00015,0.99723
9.30000,1.05394,0.00168,0.00001,0.00017,0.99813
9.40000,1.05394,0.00182,0.00001,0.00016,0.99801
9.50000,1.05394,0.00103,0.00001,0.00013,0.99884
9.60000,1.05394,0.00117,0.00001,0.00012,0.99871
9.70000,1.05394,0.00086,0.00001,0.00011,0.99903
9.80000,1.05394,0.00161,0.00002,0.00022,0.99815
9.90000,1.05394,0.00243,0.00003,0.00029,0.99725
10.00000,1.05394,0.00213,0.00003,0.00027,0.99757
10.10000,1.05394,0.00193,0.00003,0.00030,0.99774
10.20000,1.05394,0.00080,0.00002,0.00018,0.99900
10.30000,1.05394,0.00089,0.00001,0.00014,0.99895
10.40000,1.05394,0.00070,0.00001,0.00009,0.99920
10.50000,1.05394,0.00056,0.00001,0.00010,0.99934
10.60000,1.05394,0.00064,0.00001,0.00007,0.99928
10.70000,1.05394,0.00068,0.00001,0.00005,0.99927
10.80000,1.05394,0.00062,0.00001,0.00008,0.99929
10.90000,1.05394,0.00048,0.00001,0.00007,0.99945
11.00000,1.05394,0.00048,0.00001,0.00007,0.99944
11.10000,1.05394,0.00067,0.00003,0.00014,0.99917
11.20000,1.05394,0.00104,0.00006,0.00018,0.99872
11.30000,1.05394,0.00323,0.00022,0.00043,0.99612
11.40000,1.05394,0.00701,0.00060,0.00086,0.99152
11.50000,1.05394,0.01036,0.00067,0.00098,0.98798
11.60000,1.05394,0.00592,0.00078,0.00118,0.99212
11.70000,1.05394,0.00792,0.00134,0.00194,0.98881
11.80000,1.05394,0.01514,0.00193,0.00263,0.98031
11.90000,1.05394,0.00732,0.00064,0.00108,0.99096
12.00000,1.05394,0.00785,0.00078,0.00141,0.98995
12.10000,1.05394,0.00599,0.00039,0.00080,0.99282
12.20000,1.05394,0.00550,0.00026,0.00091,0.99333
12.30000,1.05394,0.00624,0.00013,0.00051,0.99312
12.40000,1.05394,0.00646,0.00010,0.00037,0.99307
12.50000,1.05394,0.00423,0.00009,0.00045,0.99523
12.60000,1.05394,0.00398,0.00010,0.00052,0.99540
12.70000,1.05394,0.00542,0.00011,0.00053,0.99395
12.80000,1.05394,0.01408,0.00053,0.00139,0.98399
12.90000,1.05394,0.01507,0.00061,0.00174,0.98258
13.00000,1.05394,0.01489,0.00069,0.00162,0.98280
13.10000,1.05394,0.01726,0.00078,0.00189,0.98006
13.20000,1.05394,0.01300,0.00060,0.00116,0.98524
13.30000,1.05394,0.01169,0.00047,0.00098,0.98686
13.40000,1.05394,0.01214,0.00054,0.00078,0.98654
13.50000,1.05394,0.00909,0.00060,0.00117,0.98915
13.60000,1.05394,0.00792,0.00039,0.00082,0.99087
13.70000,1.05394,0.00689,0.00027,0.00061,0.99223
13.80000,1.05394,0.00692,0.00021,0.00058,0.99229
13.90000,1.05394,0.00408,0.00009,0.00034,0.99549
14.00000,1.05394,0.00457,0.00007,0.00028,0.99508
14.10000,1.05394,0.00390,0.00009,0.00041,0.99560
14.20000,1.05394,0.00433,0.00009,0.00039,0.99519
14.30000,1.05394,0.00275,0.00007,0.00033,0.99685
14.40000,1.05394,0.00242,0.00007,0.00030,0.99721
14.50000,1.05394,0.00225,0.00005,0.00022,0.99749
14.60000,1.05394,0.00165,0.00004,0.00019,0.99813
14.70000,1.05394,0.00190,0.00006,0.00026,0.99778
14.80000,1.05394,0.00274,0.00008,0.00050,0.99669
14.90000,1.05394,0.00275,0.00006,0.00034,0.99684
15.00000,1.05394,0.00196,0.00005,0.00030,0.99769
15.10000,1.05394,0.00200,0.00007,0.00039,0.99755
15.20000,1.05394,0.00164,0.00005,0.00034,0.99798
15.30000,1.05394,0.00290,0.00007,0.00042,0.99662
15.40000,1.05394,0.00321,0.00007,0.00046,0.99626
15.50000,1.05394,0.00449,0.00009,0.00058,0.99484
15.60000,1.05394,0.00427,0.00009,0.00060,0.99504
15.70000,1.05394,0.00380,0.00007,0.00039,0.99574
15.80000,1.05394,0.00376,0.00006,0.00033,0.99585
15.90000,1.05394,0.00698,0.00013,0.00061,0.99228
16.00000,1.05394,0.00863,0.00025,0.00075,0.99038
16.10000,1.05394,0.01075,0.00033,0.00112,0.98780
16.20000,1.05394,0.01123,0.00057,0.00145,0.98675
16.30000,1.05394,0.01183,0.00050,0.00127,0.98640
16.40000,1.05394,0.01177,0.00059,0.00118,0.98647
16.50000,1.05394,0.01289,0.00097,0.00175,0.98439
16.60000,1.05394,0.01304,0.00092,0.00141,0.98463
16.70000,1.05394,0.01857,0.00188,0.00215,0.97740
16.80000,1.05394,0.01857,0.00192,0.00195,0.97756
16.90000,1.05394,0.01114,0.00099,0.00137,0.98651
17.00000,1.05394,0.01060,0.00082,0.00096,0.98761
17.10000,1.05394,0.00997,0.00071,0.00086,0.98846
17.20000,1.05394,0.01228,0.00078,0.00106,0.98588
17.30000,1.05394,0.01337,0.00109,0.00105,0.98449
17.40000,1.05394,0.01190,0.00069,0.00113,0.98628
17.50000,1.05394,0.00840,0.00051,0.00101,0.99008
17.60000,1.05394,0.00791,0.00041,0.00100,0.99068
17.70000,1.05394,0.00746,0.00037,0.00077,0.99140
17.80000,1.05394,0.00504,0.00022,0.00060,0.99414
17.90000,1.05394,0.00571,0.00024,0.00064,0.99342
18.00000,1.05394,0.00540,0.00020,0.00054,0.99386
18.10000,1.05394,0.00461,0.00014,0.00049,0.99476
18.20000,1.05394,0.00222,0.00005,0.00026,0.99746
18.30000,1.05394,0.00219,0.00014,0.00052,0.99716
18.40000,1.05394,0.00265,0.00014,0.00039,0.99682
18.50000,1.05394,0.00154,0.00008,0.00031,0.99808
18.60000,1.05394,0.00136,0.00008,0.00036,0.99821
18.70000,1.05394,0.00175,0.00021,0.00076,0.99728
18.80000,1.05394,0.00207,0.00022,0.00080,0.99691
18.90000,1.05394,0.00298,0.00038,0.00127,0.99537
19.00000,1.05394,0.00295,0.00038,0.00099,0.99568
19.10000,1.05394,0.00294,0.00039,0.00128,0.99538
19.20000,1.05394,0.00250,0.00020,0.00083,0.99647
19.30000,1.05394,0.00362,0.00017,0.00091,0.99530
19.40000,1.05394,0.00380,0.00025,0.00096,0.99499
19.50000,1.05394,0.00498,0.00034,0.00102,0.99366
19.60000,1.05394,0.00638,0.00037,0.00113,0.99212
19.70000,1.05394,0.00691,0.00029,0.00088,0.99191
19.80000,1.05394,0.00630,0.00020,0.00062,0.99288
19.90000,1.05394,0.00692,0.00019,0.00059,0.99231
20.00000,1.05394,0.01019,0.00029,0.00084,0.98868
20.10000,1.05394,0.01011,0.00032,0.00085,0.98873
20.20000,1.05394,0.01299,0.00033,0.00085,0.98582
20.30000,1.05394,0.00844,0.00021,0.00067,0.99068
20.40000,1.05394,0.00800,0.00020,0.00071,0.99109
20.50000,1.05394,0.00739,0.00026,0.00080,0.99155
20.60000,1.05394,0.00758,0.00031,0.00099,0.99112
20.70000,1.05394,0.00481,0.00032,0.00103,0.99384
20.80000,1.05394,0.00603,0.00061,0.00196,0.99141
20.90000,1.05394,0.00654,0.00073,0.00226,0.99047
21.00000,1.05394,0.00581,0.00084,0.00247,0.99088
21.10000,1.05394,0.00553,0.00134,0.00338,0.98974
21.20000,1.05394,0.00617,0.00214,0.00440,0.98729
21.30000,1.05394,0.00668,0.00425,0.00721,0.98187
21.40000,1.05394,0.00592,0.00317,0.00604,0.98486
21.50000,1.05394,0.00596,0.00434,0.00878,0.98092
21.60000,1.05394,0.00657,0.00388,0.00763,0.98191
21.70000,1.05394,0.00574,0.00326,0.00553,0.98547
21.80000,1.05394,0.00392,0.00246,0.00369,0.98992
21.90000,1.05394,0.00484,0.00594,0.00708,0.98215
22.00000,1.05394,0.00388,0.00266,0.00460,0.98886
22.10000,1.05394,0.00386,0.00291,0.00531,0.98792
22.20000,1.05394,0.00308,0.00193,0.00389,0.99110
22.30000,1.05394,0.00338,0.00224,0.00424,0.99014
22.40000,1.05394,0.00279,0.00116,0.00263,0.99342
22.50000,1.05394,0.00387,0.00117,0.00259,0.99237
22.60000,1.05394,0.00222,0.00049,0.00161,0.99567
22.70000,1.05394,0.00249,0.00057,0.00202,0.99492
22.80000,1.05394,0.00239,0.00052,0.00145,0.99564
22.90000,1.05394,0.00189,0.00035,0.00128,0.99648
23.00000,1.05394,0.00239,0.00041,0.00147,0.99573
23.10000,1.05394,0.00170,0.00025,0.00097,0.99708
23.20000,1.05394,0.00183,0.00054,0.00173,0.99589
23.30000,1.05394,0.00198,0.00086,0.00239,0.99477
23.40000,1.05394,0.00232,0.00057,0.00182,0.99529
23.50000,1.05394,0.00206,0.00099,0.00223,0.99473
23.60000,1.05394,0.00342,0.00159,0.00404,0.99095
23.70000,1.05394,0.00172,0.00096,0.00245,0.99487
23.80000,1.05394,0.00183,0.00101,0.00302,0.99415
23.90000,1.05394,0.00196,0.00101,0.00207,0.99497
24.00000,1.05394,0.00176,0.00051,0.00150,0.99624
24.10000,1.05394,0.00149,0.00052,0.00148,0.99651
24.20000,1.05394,0.00127,0.00037,0.00157,0.99679
24.30000,1.05394,0.00127,0.00042,0.00110,0.99721
24.40000,1.05394,0.00083,0.00034,0.00097,0.99787
24.50000,1.05394,0.00086,0.00029,0.00110,0.99774
24.60000,1.05394,0.00107,0.00047,0.00133,0.99713
24.70000,1.05394,0.00206,0.00045,0.00106,0.99642
24.80000,1.05394,0.00193,0.00035,0.00093,0.99679
24.90000,1.05394,0.00199,0.00038,0.00105,0.99658
25.00000,1.05394,0.00290,0.00048,0.00122,0.99540
25.10000,1.05394,0.00306,0.00037,0.00089,0.99568
25.20000,1.05394,0.00429,0.00041,0.00086,0.99444
25.30000,1.05394,0.00743,0.00054,0.00096,0.99107
25.40000,1.05394,0.00650,0.00026,0.00073,0.99251
25.50000,1.05394,0.00566,0.00012,0.00047,0.99375
25.60000,1.05394,0.00514,0.00011,0.00049,0.99426
25.70000,1.05394,0.00607,0.00018,0.00056,0.99320
25.80000,1.05394,0.00548,0.00016,0.00053,0.99383
25.90000,1.05394,0.00413,0.00013,0.00059,0.99516
26.00000,1.05394,0.00510,0.00019,0.00090,0.99381
26.10000,1.05394,0.00505,0.00015,0.00065,0.99415
26.20000,1.05394,0.00310,0.00008,0.00047,0.99635
26.30000,1.05394,0.00149,0.00005,0.00041,0.99806
26.40000,1.05394,0.00191,0.00007,0.00039,0.99763
26.50000,1.05394,0.00136,0.00008,0.00042,0.99814
26.60000,1.05394,0.00170,0.00008,0.00038,0.99784
26.70000,1.05394,0.00118,0.00007,0.00034,0.99841
26.80000,1.05394,0.00240,0.00014,0.00061,0.99684
26.90000,1.05394,0.00232,0.00015,0.00056,0.99698
27.00000,1.05394,0.00321,0.00016,0.00053,0.99610
27.10000,1.05394,0.00383,0.00029,0.00056,0.99533
27.20000,1.05394,0.00582,0.00036,0.00084,0.99298
27.30000,1.05394,0.00596,0.00034,0.00073,0.99296
27.40000,1.05394,0.00895,0.00080,0.00213,0.98812
27.50000,1.05394,0.00865,0.00098,0.00139,0.98899
27.60000,1.05394,0.00720,0.00071,0.00139,0.99070
27.70000,1.05394,0.00608,0.00047,0.00089,0.99256
27.80000,1.05394,0.00714,0.00057,0.00143,0.99086
27.90000,1.05394,0.00844,0.00080,0.00122,0.98954
28.00000,1.05394,0.00881,0.00046,0.00134,0.98938
28.10000,1.05394,0.00782,0.00046,0.00107,0.99065
28.20000,1.05394,0.00915,0.00041,0.00128,0.98916
28.30000,1.05394,0.01385,0.00056,0.00163,0.98396
28.40000,1.05394,0.00950,0.00019,0.00080,0.98952
28.50000,1.05394,0.00912,0.00014,0.00090,0.98984
28.60000,1.05394,0.01229,0.00015,0.00092,0.98664
28.70000,1.05394,0.01066,0.00011,0.00082,0.98841
28.80000,1.05394,0.01162,0.00009,0.00078,0.98751
28.90000,1.05394,0.00566,0.00004,0.00045,0.99384
29.00000,1.05394,0.00671,0.00006,0.00062,0.99261
29.10000,1.05394,0.00694,0.00006,0.00048,0.99252
29.20000,1.05394,0.00792,0.00012,0.00072,0.99124
29.30000,1.05394,0.00814,0.00016,0.00065,0.99105
29.40000,1.05394,0.00581,0.00011,0.00045,0.99363
29.50000,1.05394,0.00347,0.00010,0.00043,0.99601
29.60000,1.05394,0.00276,0.00012,0.00046,0.99666
29.70000,1.05394,0.00277,0.00017,0.00056,0.99651
29.80000,1.05394,0.00215,0.00016,0.00058,0.99711
29.90000,1.05394,0.00290,0.00028,0.00074,0.99608
30.00000,1.05394,0.00264,0.00024,0.00069,0.99643
30.10000,1.05394,0.00297,0.00023,0.00068,0.99611
30.20000,1.05394,0.00146,0.00009,0.00056,0.99790
30.30000,1.05394,0.00174,0.00016,0.00052,0.99758
30.40000,1.05394,0.00216,0.00012,0.00049,0.99723
30.50000,1.05394,0.00286,0.00014,0.00045,0.99655
30.60000,1.05394,0.00255,0.00008,0.00035,0.99702
30.70000,1.05394,0.00304,0.00009,0.00031,0.99656
30.80000,1.05394,0.00342,0.00007,0.00030,0.99621
30.90000,1.05394,0.00262,0.00007,0.00030,0.99701
31.00000,1.05394,0.00304,0.00006,0.00028,0.99661
31.10000,1.05394,0.00601,0.00013,0.00048,0.99338
31.20000,1.05394,0.00599,0.00009,0.00043,0.99349
31.30000,1.05394,0.00715,0.00011,0.00059,0.99216
31.40000,1.05394,0.00734,0.00012,0.00058,0.99196
31.50000,1.05394,0.00719,0.00009,0.00050,0.99221
31.60000,1.05394,0.00687,0.00010,0.00048,0.99255
31.70000,1.05394,0.00853,0.00016,0.00062,0.99069
31.80000,1.05394,0.00783,0.00013,0.00061,0.99143
31.90000,1.05394,0.00728,0.00015,0.00065,0.99192
32.00000,1.05394,0.00449,0.00018,0.00063,0.99470
32.10000,1.05394,0.00527,0.00029,0.00123,0.99321
32.20000,1.05394,0.00520,0.00028,0.00081,0.99371
32.30000,1.05394,0.00743,0.00065,0.00190,0.99002
32.40000,1.05394,0.00694,0.00074,0.00145,0.99087
32.50000,1.05394,0.00923,0.00090,0.00225,0.98762
32.60000,1.05394,0.00524,0.00039,0.00104,0.99333
32.70000,1.05394,0.00665,0.00095,0.00323,0.98918
32.80000,1.05394,0.00646,0.00080,0.00206,0.99067
32.90000,1.05394,0.00553,0.00081,0.00234,0.99132
33.00000,1.05394,0.00666,0.00062,0.00139,0.99134
33.10000,1.05394,0.00656,0.00059,0.00151,0.99134
33.20000,1.05394,0.00544,0.00038,0.00095,0.99322
33.30000,1.05394,0.00781,0.00044,0.00129,0.99046
33.40000,1.05394,0.00670,0.00031,0.00097,0.99203
33.50000,1.05394,0.00639,0.00026,0.00098,0.99236
33.60000,1.05394,0.00691,0.00029,0.00098,0.99181
33.70000,1.05394,0.01049,0.00025,0.00080,0.98846
33.80000,1.05394,0.01092,0.00035,0.00134,0.98739
33.90000,1.05394,0.01223,0.00015,0.00077,0.98685
34.00000,1.05394,0.01455,0.00021,0.00108,0.98416
34.10000,1.05394,0.01055,0.00012,0.00073,0.98860
34.20000,1.05394,0.00929,0.00023,0.00107,0.98941
34.30000,1.05394,0.00691,0.00021,0.00109,0.99179
34.40000,1.05394,0.00600,0.00021,0.00113,0.99266
34.50000,1.05394,0.00426,0.00019,0.00105,0.99450
34.60000,1.05394,0.00400,0.00019,0.00099,0.99482
34.70000,1.05394,0.00278,0.00016,0.00096,0.99610
34.80000,1.05394,0.00232,0.00012,0.00071,0.99685
34.90000,1.05394,0.00260,0.00012,0.00074,0.99655
35.00000,1.05394,0.00270,0.00019,0.00082,0.99629
35.10000,1.05394,0.00182,0.00010,0.00052,0.99756
35.20000,1.05394,0.00126,0.00007,0.00042,0.99825
35.30000,1.05394,0.00141,0.00005,0.00033,0.99822
35.40000,1.05394,0.00159,0.00004,0.00023,0.99814
35.50000,1.05394,0.00199,0.00005,0.00027,0.99768
35.60000,1.05394,0.00208,0.00005,0.00027,0.99760
35.70000,1.05394,0.00244,0.00005,0.00028,0.99723
35.80000,1.05394,0.00142,0.00005,0.00026,0.99828
35.90000,1.05394,0.00195,0.00007,0.00042,0.99756
36.00000,1.05394,0.00179,0.00005,0.00035,0.99781
36.10000,1.05394,0.00270,0.00010,0.00055,0.99665
36.20000,1.05394,0.00425,0.00017,0.00066,0.99493
36.30000,1.05394,0.00427,0.00016,0.00064,0.99493
36.40000,1.05394,0.00576,0.00021,0.00076,0.99327
36.50000,1.05394,0.00525,0.00020,0.00076,0.99379
36.60000,1.05394,0.00505,0.00030,0.00077,0.99387
36.70000,1.05394,0.00762,0.00062,0.00140,0.99036
36.80000,1.05394,0.00692,0.00065,0.00114,0.99129
36.90000,1.05394,0.00818,0.00054,0.00076,0.99052
37.00000,1.05394,0.00815,0.00064,0.00090,0.99032
37.10000,1.05394,0.00929,0.00035,0.00062,0.98974
37.20000,1.05394,0.00962,0.00076,0.00133,0.98830
37.30000,1.05394,0.01077,0.00050,0.00088,0.98785
37.40000,1.05394,0.00829,0.00051,0.00112,0.99008
37.50000,1.05394,0.00780,0.00031,0.00094,0.99095
37.60000,1.05394,0.00904,0.00030,0.00078,0.98988
37.70000,1.05394,0.00881,0.00019,0.00064,0.99036
37.80000,1.05394,0.00651,0.00011,0.00041,0.99297
37.90000,1.05394,0.00447,0.00010,0.00050,0.99493
38.00000,1.05394,0.00415,0.00007,0.00025,0.99553
38.10000,1.05394,0.00351,0.00011,0.00038,0.99600
38.20000,1.05394,0.00342,0.00014,0.00044,0.99600
38.30000,1.05394,0.00324,0.00028,0.00068,0.99580
38.40000,1.05394,0.00499,0.00039,0.00092,0.99370
38.50000,1.05394,0.00523,0.00036,0.00072,0.99369
38.60000,1.05394,0.00297,0.00026,0.00073,0.99604
38.70000,1.05394,0.00324,0.00049,0.00108,0.99519
38.80000,1.05394,0.00525,0.00169,0.00401,0.98905
38.90000,1.05394,0.00547,0.00136,0.00269,0.99048
39.00000,1.05394,0.00625,0.00249,0.00548,0.98578
39.10000,1.05394,0.00533,0.00196,0.00316,0.98955
39.20000,1.05394,0.00638,0.00183,0.00420,0.98758
39.30000,1.05394,0.00529,0.00192,0.00375,0.98904
39.40000,1.05394,0.00687,0.00469,0.00675,0.98170
39.50000,1.05394,0.00557,0.00694,0.00826,0.97922
39.60000,1.05394,0.01187,0.00984,0.01023,0.96805
39.70000,1.05394,0.00596,0.00380,0.00527,0.98498
39.80000,1.05394,0.00944,0.00607,0.00600,0.97850
39.90000,1.05394,0.00864,0.00560,0.00565,0.98010
40.00000,1.05394,0.01091,0.00365,0.00379,0.98165
40.10000,1.05394,0.00724,0.00166,0.00232,0.98879
40.20000,1.05394,0.00771,0.00156,0.00268,0.98805
40.30000,1.05394,0.00645,0.00059,0.00155,0.99140
40.40000,1.05394,0.00528,0.00034,0.00135,0.99303
40.50000,1.05394,0.00684,0.00071,0.00208,0.99037
40.60000,1.05394,0.01271,0.00100,0.00246,0.98383
40.70000,1.05394,0.00854,0.00063,0.00164,0.98919
40.80000,1.05394,0.00795,0.00069,0.00189,0.98948
40.90000,1.05394,0.00967,0.00203,0.00367,0.98462
41.00000,1.05394,0.01529,0.00424,0.00591,0.97456
41.10000,1.05394,0.01229,0.00600,0.00814,0.97357
41.20000,1.05394,0.01989,0.00895,0.01027,0.96089
41.30000,1.05394,0.02499,0.01893,0.01335,0.94274
41.40000,1.05394,0.03083,0.01498,0.01185,0.94234
41.50000,1.05394,0.02399,0.00994,0.00788,0.95819
41.60000,1.05394,0.01500,0.00916,0.00728,0.96857
41.70000,1.05394,0.01493,0.00737,0.00717,0.97053
41.80000,1.05394,0.01260,0.00480,0.00446,0.97814
41.90000,1.05394,0.00960,0.00182,0.00195,0.98663
42.00000,1.05394,0.00699,0.00094,0.00143,0.99063
42.10000,1.05394,0.00878,0.00076,0.00134,0.98912
42.20000,1.05394,0.01055,0.00078,0.00123,0.98744
42.30000,1.05394,0.00601,0.00032,0.00098,0.99268
42.40000,1.05394,0.00723,0.00028,0.00069,0.99180
42.50000,1.05394,0.01151,0.00025,0.00069,0.98755
42.60000,1.05394,0.00962,0.00016,0.00077,0.98945
42.70000,1.05394,0.01117,0.00016,0.00076,0.98791
42.80000,1.05394,0.01411,0.00014,0.00066,0.98508
42.90000,1.05394,0.01486,0.00019,0.00080,0.98416
43.00000,1.05394,0.01438,0.00034,0.00110,0.98418
43.10000,1.05394,0.01494,0.00052,0.00128,0.98325
43.20000,1.05394,0.01578,0.00083,0.00202,0.98137
43.30000,1.05394,0.02401,0.00160,0.00292,0.97148
43.40000,1.05394,0.01849,0.00120,0.00187,0.97844
43.50000,1.05394,0.01660,0.00157,0.00233,0.97951
43.60000,1.05394,0.01365,0.00254,0.00240,0.98141
43.70000,1.05394,0.01653,0.00338,0.00287,0.97722
43.80000,1.05394,0.01181,0.00237,0.00231,0.98350
43.90000,1.05394,0.01246,0.00239,0.00220,0.98295
44.00000,1.05394,0.00903,0.00177,0.00182,0.98738
44.10000,1.05394,0.01097,0.00127,0.00172,0.98604
44.20000,1.05394,0.01252,0.00101,0.00116,0.98531
44.30000,1.05394,0.01478,0.00094,0.00108,0.98320
44.40000,1.05394,0.01503,0.00099,0.00132,0.98267
44.50000,1.05394,0.01802,0.00072,0.00137,0.97990
44.60000,1.05394,0.02147,0.00044,0.00114,0.97696
44.70000,1.05394,0.01725,0.00034,0.00136,0.98105
44.80000,1.05394,0.01749,0.00023,0.00099,0.98129
44.90000,1.05394,0.01521,0.00018,0.00086,0.98376
45.00000,1.05394,0.01272,0.00013,0.00077,0.98638
45.10000,1.05394,0.01185,0.00008,0.00063,0.98744
45.20000,1.05394,0.01193,0.00009,0.00069,0.98729
45.30000,1.05394,0.01555,0.00017,0.00078,0.98350
45.40000,1.05394,0.01629,0.00019,0.00081,0.98271
45.50000,1.05394,0.01026,0.00014,0.00058,0.98902
45.60000,1.05394,0.00894,0.00013,0.00052,0.99041
45.70000,1.05394,0.01150,0.00017,0.00062,0.98771
45.80000,1.05394,0.01339,0.00019,0.00066,0.98576
45.90000,1.05394,0.01114,0.00022,0.00071,0.98793
46.00000,1.05394,0.01231,0.00023,0.00061,0.98684
46.10000,1.05394,0.01591,0.00045,0.00108,0.98256
46.20000,1.05394,0.00947,0.00025,0.00073,0.98955
46.30000,1.05394,0.01000,0.00029,0.00090,0.98881
46.40000,1.05394,0.00800,0.00034,0.00080,0.99086
46.50000,1.05394,0.00928,0.00058,0.00107,0.98908
46.60000,1.05394,0.01007,0.00055,0.00092,0.98846
46.70000,1.05394,0.01420,0.00082,0.00143,0.98356
46.80000,1.05394,0.01179,0.00066,0.00126,0.98629
46.90000,1.05394,0.01083,0.00052,0.00117,0.98748
47.00000,1.05394,0.01041,0.00043,0.00106,0.98810
47.10000,1.05394,0.00965,0.00033,0.00103,0.98899
47.20000,1.05394,0.01650,0.00046,0.00108,0.98195
47.30000,1.05394,0.01540,0.00024,0.00083,0.98353
47.40000,1.05394,0.01154,0.00009,0.00045,0.98792
47.50000,1.05394,0.01174,0.00009,0.00047,0.98770
47.60000,1.05394,0.01008,0.00008,0.00042,0.98942
47.70000,1.05394,0.01141,0.00012,0.00052,0.98795
47.80000,1.05394,0.01175,0.00012,0.00048,0.98765
47.90000,1.05394,0.01105,0.00014,0.00057,0.98825
48.00000,1.05394,0.01040,0.00012,0.00056,0.98893
48.10000,1.05394,0.00830,0.00010,0.00049,0.99111
48.20000,1.05394,0.00866,0.00016,0.00059,0.99059
48.30000,1.05394,0.00787,0.00020,0.00073,0.99120
48.40000,1.05394,0.00731,0.00023,0.00074,0.99172
48.50000,1.05394,0.00656,0.00029,0.00078,0.99237
48.60000,1.05394,0.00787,0.00031,0.00085,0.99097
48.70000,1.05394,0.00732,0.00022,0.00068,0.99178
48.80000,1.05394,0.00978,0.00036,0.00081,0.98906
48.90000,1.05394,0.00752,0.00029,0.00063,0.99156
49.00000,1.05394,0.00773,0.00028,0.00076,0.99123
49.10000,1.05394,0.00681,0.00034,0.00091,0.99194
49.20000,1.05394,0.00586,0.00017,0.00061,0.99337
49.30000,1.05394,0.00559,0.00010,0.00046,0.99384
49.40000,1.05394,0.00402,0.00006,0.00029,0.99564
49.50000,1.05394,0.00404,0.00007,0.00036,0.99552
49.60000,1.05394,0.00498,0.00007,0.00039,0.99456
49.70000,1.05394,0.00566,0.00010,0.00050,0.99373
49.80000,1.05394,0.00426,0.00008,0.00048,0.99518
49.90000,1.05394,0.00444,0.00010,0.00067,0.99478
50.00000,1.05394,0.00466,0.00010,0.00063,0.99462
50.10000,1.05394,0.00405,0.00010,0.00064,0.99522
50.20000,1.05394,0.00671,0.00018,0.00068,0.99243
50.30000,1.05394,0.00744,0.00018,0.00086,0.99152
50.40000,1.05394,0.00701,0.00020,0.00096,0.99183
50.50000,1.05394,0.00584,0.00020,0.00073,0.99323
50.60000,1.05394,0.00450,0.00015,0.00062,0.99472
50.70000,1.05394,0.00623,0.00019,0.00060,0.99298
50.80000,1.05394,0.00564,0.00019,0.00067,0.99350
50.90000,1.05394,0.00744,0.00020,0.00044,0.99192
51.00000,1.05394,0.00753,0.00018,0.00050,0.99179
51.10000,1.05394,0.00692,0.00020,0.00051,0.99237
51.20000,1.05394,0.00640,0.00019,0.00063,0.99278
51.30000,1.05394,0.00722,0.00025,0.00068,0.99184
51.40000,1.05394,0.00743,0.00036,0.00081,0.99140
51.50000,1.05394,0.00624,0.00036,0.00088,0.99252
51.60000,1.05394,0.00620,0.00045,0.00111,0.99223
51.70000,1.05394,0.00567,0.00054,0.00130,0.99249
51.80000,1.05394,0.00598,0.00082,0.00159,0.99161
51.90000,1.05394,0.00511,0.00084,0.00171,0.99234
52.00000,1.05394,0.00390,0.00102,0.00173,0.99335
52.10000,1.05394,0.00880,0.00199,0.00372,0.98549
52.20000,1.05394,0.00696,0.00435,0.00501,0.98368
52.30000,1.05394,0.00859,0.00295,0.00495,0.98351
52.40000,1.05394,0.00782,0.00335,0.00415,0.98467
52.50000,1.05394,0.00432,0.00157,0.00266,0.99145
52.60000,1.05394,0.00918,0.00353,0.00549,0.98180
52.70000,1.05394,0.00393,0.00171,0.00265,0.99171
52.80000,1.05394,0.00485,0.00193,0.00274,0.99048
52.90000,1.05394,0.00564,0.00255,0.00475,0.98707
53.00000,1.05394,0.00544,0.00172,0.00306,0.98978
53.10000,1.05394,0.00266,0.00086,0.00181,0.99468
53.20000,1.05394,0.00363,0.00080,0.00182,0.99374
53.30000,1.05394,0.00224,0.00048,0.00127,0.99602
53.40000,1.05394,0.00607,0.00104,0.00283,0.99006
53.50000,1.05394,0.00828,0.00102,0.00404,0.98666
53.60000,1.05394,0.00777,0.00103,0.00416,0.98704
53.70000,1.05394,0.01865,0.00240,0.00691,0.97203
53.80000,1.05394,0.01776,0.00209,0.00591,0.97424
53.90000,1.05394,0.02740,0.00293,0.00877,0.96090
54.00000,1.05394,0.03009,0.00254,0.00579,0.96158
54.10000,1.05394,0.03139,0.00185,0.00624,0.96052
54.20000,1.05394,0.03554,0.00173,0.00546,0.95727
54.30000,1.05394,0.04162,0.00177,0.00844,0.94817
54.40000,1.05394,0.04484,0.00212,0.00756,0.94548
54.50000,1.05394,0.03856,0.00196,0.00306,0.95642
54.60000,1.05394,0.02528,0.00085,0.00148,0.97240
54.70000,1.05394,0.01889,0.00061,0.00119,0.97931
54.80000,1.05394,0.02121,0.00058,0.00119,0.97702
54.90000,1.05394,0.01279,0.00028,0.00075,0.98618
55.00000,1.05394,0.01167,0.00032,0.00089,0.98711
55.10000,1.05394,0.00648,0.00023,0.00066,0.99264
55.20000,1.05394,0.00962,0.00037,0.00108,0.98893
55.30000,1.05394,0.00753,0.00024,0.00061,0.99162
55.40000,1.05394,0.00744,0.00028,0.00091,0.99138
55.50000,1.05394,0.00485,0.00015,0.00042,0.99457
55.60000,1.05394,0.00545,0.00021,0.00075,0.99358
55.70000,1.05394,0.00479,0.00020,0.00058,0.99442
55.80000,1.05394,0.00603,0.00046,0.00114,0.99236
55.90000,1.05394,0.00448,0.00031,0.00068,0.99453
56.00000,1.05394,0.00651,0.00049,0.00105,0.99196
56.10000,1.05394,0.00737,0.00050,0.00099,0.99114
56.20000,1.05394,0.00598,0.00051,0.00099,0.99252
56.30000,1.05394,0.00782,0.00097,0.00175,0.98946
56.40000,1.05394,0.00397,0.00047,0.00099,0.99456
56.50000,1.05394,0.00301,0.00074,0.00168,0.99457
56.60000,1.05394,0.00263,0.00041,0.00097,0.99598
56.70000,1.05394,0.00281,0.00042,0.00107,0.99571
56.80000,1.05394,0.00317,0.00034,0.00095,0.99554
56.90000,1.05394,0.00355,0.00039,0.00111,0.99495
57.00000,1.05394,0.00381,0.00020,0.00072,0.99527
57.10000,1.05394,0.00135,0.00010,0.00081,0.99774
57.20000,1.05394,0.00115,0.00005,0.00042,0.99838
57.30000,1.05394,0.00222,0.00007,0.00068,0.99703
57.40000,1.05394,0.00419,0.00007,0.00059,0.99515
57.50000,1.05394,0.00207,0.00002,0.00025,0.99766
57.60000,1.05394,0.00100,0.00001,0.00026,0.99873
57.70000,1.05394,0.00090,0.00001,0.00016,0.99893
57.80000,1.05394,0.00079,0.00001,0.00017,0.99904
57.90000,1.05394,0.00040,0.00000,0.00007,0.99952
58.00000,1.05394,0.00070,0.00001,0.00016,0.99914
58.10000,1.05394,0.00074,0.00001,0.00016,0.99910
58.20000,1.05394,0.00108,0.00001,0.00025,0.99865
58.30000,1.05394,0.00129,0.00001,0.00026,0.99844
58.40000,1.05394,0.00112,0.00001,0.00023,0.99864
58.50000,1.05394,0.00281,0.00005,0.00049,0.99665
58.60000,1.05394,0.00454,0.00007,0.00076,0.99463
58.70000,1.05394,0.00759,0.00013,0.00104,0.99124
58.80000,1.05394,0.01306,0.00014,0.00115,0.98565
58.90000,1.05394,0.01333,0.00018,0.00169,0.98480
59.00000,1.05394,0.01264,0.00019,0.00138,0.98579
59.10000,1.05394,0.01415,0.00023,0.00116,0.98446
59.20000,1.05394,0.01230,0.00014,0.00076,0.98679
59.30000,1.05394,0.01095,0.00013,0.00072,0.98820
59.40000,1.05394,0.00937,0.00010,0.00051,0.99002
59.50000,1.05394,0.01355,0.00011,0.00051,0.98583
59.60000,1.05394,0.01224,0.00010,0.00052,0.98713
59.70000,1.05394,0.00814,0.00009,0.00046,0.99131
59.80000,1.05394,0.00907,0.00014,0.00070,0.99010
59.90000,1.05394,0.01278,0.00015,0.00058,0.98648
60.00000,1.05394,0.01194,0.00016,0.00067,0.98723
60.10000,1.05394,0.01379,0.00018,0.00062,0.98541
60.20000,1.05394,0.01714,0.00028,0.00102,0.98156
60.30000,1.05394,0.01946,0.00028,0.00109,0.97917
60.40000,1.05394,0.01324,0.00021,0.00087,0.98569
60.50000,1.05394,0.01568,0.00024,0.00090,0.98318
60.60000,1.05394,0.01699,0.00031,0.00096,0.98173
60.70000,1.05394,0.01894,0.00035,0.00097,0.97973
60.80000,1.05394,0.02001,0.00037,0.00113,0.97848
60.90000,1.05394,0.02118,0.00055,0.00156,0.97670
61.00000,1.05394,0.02168,0.00053,0.00153,0.97625
61.10000,1.05394,0.02246,0.00048,0.00114,0.97591
61.20000,1.05394,0.02296,0.00056,0.00143,0.97505
61.30000,1.05394,0.02404,0.00055,0.00155,0.97385
61.40000,1.05394,0.02330,0.00056,0.00136,0.97478
61.50000,1.05394,0.02007,0.00040,0.00125,0.97828
61.60000,1.05394,0.01666,0.00045,0.00139,0.98149
61.70000,1.05394,0.02095,0.00077,0.00165,0.97663
61.80000,1.05394,0.01200,0.00038,0.00104,0.98658
61.90000,1.05394,0.01209,0.00030,0.00090,0.98672
62.00000,1.05394,0.00891,0.00022,0.00076,0.99010
62.10000,1.05394,0.00901,0.00025,0.00078,0.98996
62.20000,1.05394,0.00813,0.00025,0.00073,0.99089
62.30000,1.05394,0.00803,0.00029,0.00084,0.99085
62.40000,1.05394,0.01016,0.00042,0.00086,0.98856
62.50000,1.05394,0.01275,0.00065,0.00135,0.98525
62.60000,1.05394,0.01038,0.00026,0.00080,0.98856
62.70000,1.05394,0.00867,0.00026,0.00081,0.99027
62.80000,1.05394,0.01037,0.00024,0.00074,0.98865
62.90000,1.05394,0.00991,0.00026,0.00088,0.98895
63.00000,1.05394,0.01080,0.00029,0.00112,0.98778
63.10000,1.05394,0.01032,0.00030,0.00095,0.98843
63.20000,1.05394,0.01114,0.00027,0.00086,0.98774
63.30000,1.05394,0.01102,0.00020,0.00067,0.98811
63.40000,1.05393,0.01164,0.00016,0.00065,0.98755
63.50000,1.05394,0.01235,0.00016,0.00065,0.98684
63.60000,1.05394,0.01389,0.00025,0.00082,0.98503
63.70000,1.05394,0.01639,0.00022,0.00088,0.98252
63.80000,1.05394,0.01219,0.00016,0.00063,0.98703
63.90000,1.05393,0.01332,0.00021,0.00080,0.98566
64.00000,1.05394,0.01167,0.00013,0.00061,0.98759
64.10000,1.05394,0.01169,0.00017,0.00081,0.98732
64.20000,1.05394,0.01251,0.00015,0.00067,0.98667
64.30000,1.05393,0.01091,0.00014,0.00066,0.98830
64.40000,1.05393,0.00961,0.00010,0.00041,0.98989
64.50000,1.05394,0.00800,0.00010,0.00036,0.99153
64.60000,1.05394,0.00619,0.00009,0.00036,0.99337
64.70000,1.05394,0.00700,0.00008,0.00038,0.99254
64.80000,1.05393,0.00669,0.00006,0.00030,0.99296
64.90000,1.05393,0.00703,0.00007,0.00035,0.99255
65.00000,1.05394,0.00704,0.00005,0.00033,0.99257
65.10000,1.05394,0.00610,0.00004,0.00032,0.99354
65.20000,1.05394,0.00668,0.00006,0.00035,0.99292
65.30000,1.05393,0.00673,0.00007,0.00039,0.99281
65.40000,1.05393,0.00513,0.00009,0.00074,0.99403
65.50000,1.05394,0.00528,0.00009,0.00053,0.99409
65.60000,1.05394,0.00765,0.00012,0.00060,0.99162
65.70000,1.05394,0.00538,0.00008,0.00045,0.99408
65.80000,1.05393,0.00515,0.00016,0.00071,0.99397
65.90000,1.05393,0.00501,0.00014,0.00057,0.99428
66.00000,1.05394,0.00594,0.00017,0.00064,0.99325
66.10000,1.05394,0.00391,0.00012,0.00047,0.99549
66.20000,1.05394,0.00421,0.00012,0.00045,0.99522
66.30000,1.05393,0.00482,0.00013,0.00059,0.99446
66.40000,1.05393,0.00833,0.00014,0.00051,0.99103
66.50000,1.05394,0.00743,0.00019,0.00070,0.99169
66.60000,1.05394,0.01026,0.00038,0.00076,0.98860
66.70000,1.05394,0.01143,0.00072,0.00122,0.98663
66.80000,1.05393,0.01228,0.00086,0.00139,0.98547
66.90000,1.05393,0.02114,0.00211,0.00271,0.97404
67.00000,1.05394,0.02139,0.00268,0.00310,0.97283
67.10000,1.05394,0.01862,0.00246,0.00276,0.97617
67.20000,1.05394,0.02718,0.00523,0.00548,0.96210
67.30000,1.05393,0.02265,0.00599,0.00622,0.96515
67.40000,1.05393,0.03233,0.00827,0.00584,0.95356
67.50000,1.05394,0.01814,0.00430,0.00355,0.97401
67.60000,1.05394,0.01171,0.00334,0.00401,0.98094
67.70000,1.05394,0.01546,0.00401,0.00425,0.97629
67.80000,1.05393,0.01147,0.00257,0.00243,0.98353
67.90000,1.05393,0.00912,0.00236,0.00269,0.98583
68.00000,1.05394,0.01023,0.00301,0.00312,0.98363
68.10000,1.05394,0.01206,0.00596,0.00500,0.97698
68.20000,1.05394,0.01111,0.00386,0.00344,0.98158
68.30000,1.05393,0.00535,0.00166,0.00233,0.99066
68.40000,1.05393,0.00673,0.00312,0.00273,0.98742
68.50000,1.05394,0.00783,0.00352,0.00430,0.98436
68.60000,1.05394,0.00529,0.00151,0.00214,0.99106
68.70000,1.05394,0.00536,0.00167,0.00239,0.99057
68.80000,1.05393,0.00683,0.00191,0.00227,0.98900
68.90000,1.05393,0.00463,0.00110,0.00142,0.99285
69.00000,1.05394,0.00426,0.00047,0.00090,0.99437
69.10000,1.05394,0.00352,0.00036,0.00082,0.99529
69.20000,1.05394,0.00586,0.00040,0.00099,0.99275
69.30000,1.05393,0.00428,0.00021,0.00063,0.99488
69.40000,1.05393,0.00335,0.00012,0.00049,0.99605
69.50000,1.05394,0.00304,0.00009,0.00040,0.99647
69.60000,1.05394,0.00234,0.00007,0.00035,0.99724
69.70000,1.05394,0.00245,0.00005,0.00036,0.99715
69.80000,1.05393,0.00311,0.00006,0.00041,0.99642
69.90000,1.05393,0.00280,0.00004,0.00037,0.99678
70.00000,1.05394,0.00296,0.00006,0.00046,0.99652
70.10000,1.05394,0.00255,0.00003,0.00033,0.99709
70.20000,1.05394,0.00284,0.00005,0.00040,0.99671
70.30000,1.05393,0.00312,0.00008,0.00053,0.99627
70.40000,1.05393,0.00461,0.00018,0.00074,0.99447
70.50000,1.05394,0.00379,0.00018,0.00086,0.99517
70.60000,1.05394,0.00617,0.00065,0.00194,0.99123
70.70000,1.05394,0.00766,0.00091,0.00211,0.98932
70.80000,1.05393,0.00717,0.00095,0.00186,0.99002
70.90000,1.05393,0.00571,0.00054,0.00151,0.99223
71.00000,1.05394,0.00780,0.00108,0.00154,0.98958
71.10000,1.05394,0.00894,0.00119,0.00225,0.98762
71.20000,1.05394,0.00606,0.00094,0.00255,0.99044
71.30000,1.05393,0.01031,0.00083,0.00483,0.98402
71.40000,1.05393,0.01606,0.00204,0.00594,0.97595
71.50000,1.05394,0.00887,0.00047,0.00223,0.98843
71.60000,1.05394,0.01118,0.00039,0.00263,0.98580
71.70000,1.05394,0.00871,0.00025,0.00210,0.98895
71.80000,1.05393,0.01185,0.00042,0.00323,0.98451
71.90000,1.05393,0.00889,0.00025,0.00202,0.98883
72.00000,1.05394,0.01085,0.00028,0.00267,0.98620
72.10000,1.05394,0.01386,0.00034,0.00344,0.98237
72.20000,1.05394,0.01619,0.00039,0.00172,0.98170
72.30000,1.05393,0.01146,0.00018,0.00093,0.98743
72.40000,1.05393,0.00952,0.00012,0.00055,0.98981
72.50000,1.05394,0.00803,0.00011,0.00061,0.99125
72.60000,1.05394,0.00709,0.00011,0.00056,0.99224
72.70000,1.05394,0.00676,0.00011,0.00054,0.99260
72.80000,1.05393,0.00506,0.00011,0.00050,0.99433
72.90000,1.05393,0.00625,0.00011,0.00042,0.99322
73.00000,1.05394,0.00425,0.00010,0.00034,0.99531
73.10000,1.05394,0.00361,0.00008,0.00050,0.99581
73.20000,1.05394,0.00293,0.00010,0.00047,0.99651
73.30000,1.05393,0.00380,0.00011,0.00054,0.99555
73.40000,1.05393,0.00224,0.00007,0.00025,0.99744
73.50000,1.05394,0.00397,0.00020,0.00088,0.99495
73.60000,1.05394,0.00628,0.00025,0.00125,0.99223
73.70000,1.05394,0.00546,0.00028,0.00149,0.99277
73.80000,1.05393,0.00426,0.00009,0.00064,0.99501
73.90000,1.05393,0.00613,0.00016,0.00101,0.99271
74.00000,1.05394,0.00661,0.00022,0.00138,0.99179
74.10000,1.05394,0.00967,0.00024,0.00142,0.98867
74.20000,1.05394,0.00800,0.00015,0.00103,0.99083
74.30000,1.05393,0.00873,0.00022,0.00148,0.98958
74.40000,1.05393,0.00587,0.00023,0.00123,0.99267
74.50000,1.05394,0.00287,0.00009,0.00047,0.99658
74.60000,1.05394,0.00222,0.00009,0.00044,0.99726
74.70000,1.05394,0.00407,0.00019,0.00125,0.99449
74.80000,1.05393,0.00321,0.00019,0.00103,0.99556
74.90000,1.05393,0.00225,0.00017,0.00082,0.99676
75.00000,1.05394,0.00229,0.00025,0.00108,0.99638
75.10000,1.05394,0.00289,0.00036,0.00129,0.99546
75.20000,1.05394,0.00404,0.00053,0.00134,0.99409
75.30000,1.05393,0.00458,0.00031,0.00114,0.99397
75.40000,1.05393,0.00720,0.00044,0.00160,0.99076
75.50000,1.05394,0.00645,0.00047,0.00172,0.99136
75.60000,1.05394,0.00833,0.00058,0.00133,0.98977
75.70000,1.05394,0.00920,0.00040,0.00079,0.98961
75.80000,1.05393,0.00979,0.00045,0.00107,0.98870
75.90000,1.05393,0.01386,0.00042,0.00084,0.98488
76.00000,1.05394,0.01192,0.00033,0.00088,0.98686
76.10000,1.05394,0.01323,0.00024,0.00070,0.98583
76.20000,1.05394,0.00845,0.00020,0.00073,0.99062
76.30000,1.05393,0.00834,0.00016,0.00061,0.99089
76.40000,1.05393,0.00983,0.00017,0.00067,0.98933
76.50000,1.05394,0.00515,0.00011,0.00051,0.99424
76.60000,1.05394,0.00517,0.00015,0.00080,0.99387
76.70000,1.05394,0.00676,0.00023,0.00087,0.99214
76.80000,1.05393,0.00586,0.00022,0.00107,0.99284
76.90000,1.05393,0.00609,0.00029,0.00126,0.99237
77.00000,1.05394,0.00608,0.00025,0.00101,0.99267
77.10000,1.05394,0.00411,0.00017,0.00080,0.99492
77.20000,1.05394,0.00530,0.00020,0.00075,0.99375
77.30000,1.05393,0.00508,0.00023,0.00087,0.99383
77.40000,1.05393,0.00587,0.00019,0.00064,0.99330
77.50000,1.05394,0.00428,0.00013,0.00062,0.99497
77.60000,1.05394,0.00515,0.00010,0.00043,0.99432
77.70000,1.05394,0.00549,0.00009,0.00042,0.99400
77.80000,1.05393,0.00359,0.00005,0.00026,0.99610
77.90000,1.05393,0.00514,0.00006,0.00026,0.99453
78.00000,1.05394,0.00801,0.00013,0.00037,0.99149
78.10000,1.05394,0.00826,0.00012,0.00037,0.99126
78.20000,1.05394,0.00718,0.00009,0.00039,0.99234
78.30000,1.05393,0.00764,0.00007,0.00032,0.99197
78.40000,1.05393,0.00821,0.00010,0.00040,0.99128
78.50000,1.05394,0.00623,0.00008,0.00032,0.99336
78.60000,1.05394,0.00723,0.00013,0.00047,0.99217
78.70000,1.05394,0.00757,0.00009,0.00040,0.99194
78.80000,1.05393,0.01101,0.00015,0.00058,0.98826
78.90000,1.05393,0.00637,0.00007,0.00033,0.99323
79.00000,1.05394,0.00767,0.00010,0.00042,0.99181
79.10000,1.05394,0.00632,0.00012,0.00038,0.99318
79.20000,1.05394,0.01067,0.00025,0.00060,0.98848
79.30000,1.05393,0.01087,0.00031,0.00053,0.98828
79.40000,1.05393,0.01355,0.00049,0.00087,0.98510
79.50000,1.05394,0.01268,0.00056,0.00080,0.98596
79.60000,1.05394,0.01505,0.00072,0.00091,0.98332
79.70000,1.05394,0.01163,0.00066,0.00112,0.98659
79.80000,1.05393,0.00956,0.00055,0.00098,0.98891
79.90000,1.05393,0.00802,0.00047,0.00091,0.99061
80.00000,1.05394,0.01043,0.00056,0.00109,0.98792
80.10000,1.05394,0.00679,0.00039,0.00084,0.99198
80.20000,1.05394,0.00810,0.00060,0.00126,0.99004
80.30000,1.05393,0.00703,0.00056,0.00110,0.99130
80.40000,1.05393,0.00761,0.00069,0.00135,0.99035
80.50000,1.05394,0.00447,0.00032,0.00078,0.99444
80.60000,1.05394,0.00494,0.00055,0.00133,0.99317
80.70000,1.05394,0.00655,0.00084,0.00143,0.99118
80.80000,1.05393,0.00644,0.00083,0.00143,0.99130
80.90000,1.05393,0.00453,0.00062,0.00128,0.99356
81.00000,1.05394,0.00703,0.00101,0.00155,0.99041
81.10000,1.05394,0.00659,0.00062,0.00117,0.99161
81.20000,1.05394,0.00330,0.00028,0.00067,0.99575
81.30000,1.05393,0.00248,0.00024,0.00073,0.99655
81.40000,1.05393,0.00371,0.00024,0.00075,0.99530
81.50000,1.05394,0.00540,0.00042,0.00106,0.99313
81.60000,1.05394,0.00388,0.00034,0.00077,0.99500
81.70000,1.05394,0.00554,0.00044,0.00096,0.99306
81.80000,1.05393,0.00616,0.00033,0.00088,0.99262
81.90000,1.05393,0.00489,0.00025,0.00076,0.99410
82.00000,1.05394,0.00562,0.00033,0.00081,0.99324
82.10000,1.05394,0.00669,0.00041,0.00091,0.99199
82.20000,1.05394,0.00850,0.00041,0.00108,0.99001
82.30000,1.05393,0.00529,0.00022,0.00088,0.99361
82.40000,1.05393,0.00561,0.00023,0.00086,0.99330
82.50000,1.05394,0.00725,0.00021,0.00075,0.99179
82.60000,1.05394,0.00686,0.00013,0.00063,0.99239
82.70000,1.05394,0.00780,0.00016,0.00069,0.99135
82.80000,1.05393,0.00709,0.00016,0.00071,0.99204
82.90000,1.05393,0.00541,0.00008,0.00036,0.99416
83.00000,1.05394,0.00469,0.00006,0.00033,0.99492
83.10000,1.05394,0.00591,0.00011,0.00048,0.99351
83.20000,1.05394,0.00696,0.00013,0.00050,0.99242
83.30000,1.05393,0.00671,0.00013,0.00048,0.99268
83.40000,1.05393,0.00611,0.00011,0.00040,0.99338
83.50000,1.05394,0.00516,0.00009,0.00045,0.99429
83.60000,1.05394,0.00476,0.00010,0.00044,0.99470
83.70000,1.05394,0.00532,0.00011,0.00053,0.99404
83.80000,1.05393,0.00446,0.00012,0.00054,0.99488
83.90000,1.05393,0.00492,0.00016,0.00066,0.99426
84.00000,1.05394,0.00453,0.00017,0.00069,0.99461
84.10000,1.05394,0.00413,0.00008,0.00043,0.99536
84.20000,1.05394,0.00292,0.00007,0.00035,0.99665
84.30000,1.05393,0.00254,0.00006,0.00034,0.99706
84.40000,1.05393,0.00289,0.00011,0.00049,0.99652
84.50000,1.05394,0.00401,0.00013,0.00044,0.99542
84.60000,1.05394,0.00492,0.00016,0.00057,0.99435
84.70000,1.05394,0.00511,0.00016,0.00054,0.99418
84.80000,1.05393,0.00508,0.00013,0.00044,0.99436
84.90000,1.05393,0.00410,0.00014,0.00041,0.99535
85.00000,1.05394,0.00697,0.00021,0.00059,0.99222
85.10000,1.05394,0.00754,0.00031,0.00064,0.99151
85.20000,1.05394,0.00912,0.00050,0.00099,0.98939
85.30000,1.05393,0.01080,0.00058,0.00091,0.98771
85.40000,1.05393,0.00904,0.00041,0.00071,0.98984
85.50000,1.05394,0.00739,0.00041,0.00065,0.99155
85.60000,1.05394,0.00718,0.00050,0.00083,0.99149
85.70000,1.05394,0.00974,0.00050,0.00078,0.98897
85.80000,1.05393,0.00765,0.00040,0.00074,0.99121
85.90000,1.05393,0.00735,0.00048,0.00089,0.99129
86.00000,1.05394,0.00851,0.00055,0.00098,0.98996
86.10000,1.05394,0.00942,0.00061,0.00107,0.98890
86.20000,1.05394,0.00843,0.00029,0.00061,0.99067
86.30000,1.05393,0.00729,0.00022,0.00064,0.99185
86.40000,1.05393,0.00728,0.00025,0.00074,0.99173
86.50000,1.05394,0.00713,0.00021,0.00066,0.99199
86.60000,1.05394,0.00754,0.00019,0.00052,0.99175
86.70000,1.05394,0.00549,0.00018,0.00052,0.99381
86.80000,1.05393,0.00687,0.00024,0.00058,0.99230
86.90000,1.05393,0.00747,0.00022,0.00047,0.99183
87.00000,1.05394,0.00962,0.00018,0.00046,0.98975
87.10000,1.05394,0.00801,0.00017,0.00045,0.99137
87.20000,1.05394,0.01196,0.00032,0.00060,0.98712
87.30000,1.05393,0.00876,0.00034,0.00071,0.99019
87.40000,1.05393,0.00674,0.00021,0.00055,0.99251
87.50000,1.05394,0.00774,0.00033,0.00062,0.99131
87.60000,1.05394,0.00771,0.00026,0.00056,0.99147
87.70000,1.05394,0.01147,0.00054,0.00106,0.98693
87.80000,1.05393,0.01128,0.00045,0.00104,0.98723
87.90000,1.05393,0.00761,0.00053,0.00094,0.99093
88.00000,1.05394,0.00569,0.00050,0.00101,0.99279
88.10000,1.05394,0.00493,0.00054,0.00101,0.99352
88.20000,1.05394,0.00446,0.00046,0.00103,0.99405
88.30000,1.05393,0.00664,0.00081,0.00134,0.99121
88.40000,1.05393,0.00463,0.00064,0.00106,0.99367
88.50000,1.05394,0.00497,0.00075,0.00117,0.99311
88.60000,1.05394,0.00394,0.00064,0.00119,0.99423
88.70000,1.05394,0.00349,0.00065,0.00126,0.99460
88.80000,1.05393,0.00322,0.00048,0.00135,0.99496
88.90000,1.05393,0.00292,0.00040,0.00110,0.99558
89.00000,1.05394,0.00459,0.00080,0.00179,0.99282
89.10000,1.05394,0.00698,0.00136,0.00301,0.98865
89.20000,1.05394,0.00605,0.00176,0.00385,0.98834
89.30000,1.05393,0.00981,0.00402,0.00591,0.98026
89.40000,1.05393,0.01362,0.00475,0.00522,0.97641
89.50000,1.05394,0.00908,0.00384,0.00518,0.98190
89.60000,1.05394,0.01235,0.01034,0.00771,0.96960
89.70000,1.05394,0.01068,0.00999,0.00819,0.97113
89.80000,1.05393,0.02130,0.01851,0.00886,0.95133
89.90000,1.05393,0.01109,0.00696,0.00607,0.97588
90.00000,1.05394,0.01608,0.00969,0.00548,0.96875
90.10000,1.05394,0.00988,0.00438,0.00450,0.98125
90.20000,1.05394,0.01370,0.00247,0.00315,0.98068
90.30000,1.05393,0.00582,0.00078,0.00136,0.99205
90.40000,1.05393,0.00694,0.00106,0.00161,0.99038
90.50000,1.05394,0.00413,0.00030,0.00092,0.99465
90.60000,1.05394,0.00507,0.00026,0.00084,0.99384
90.70000,1.05394,0.00517,0.00015,0.00057,0.99411
90.80000,1.05393,0.00444,0.00018,0.00076,0.99462
90.90000,1.05393,0.00467,0.00016,0.00055,0.99463
91.00000,1.05394,0.00519,0.00016,0.00056,0.99409
91.10000,1.05394,0.00625,0.00025,0.00079,0.99271
91.20000,1.05394,0.00458,0.00033,0.00133,0.99376
91.30000,1.05393,0.00708,0.00064,0.00177,0.99051
91.40000,1.05393,0.00620,0.00060,0.00147,0.99174
91.50000,1.05394,0.00991,0.00143,0.00275,0.98590
91.60000,1.05394,0.00713,0.00102,0.00264,0.98922
91.70000,1.05394,0.01201,0.00219,0.00388,0.98192
91.80000,1.05393,0.00693,0.00114,0.00298,0.98895
91.90000,1.05393,0.00880,0.00233,0.00454,0.98433
92.00000,1.05394,0.00997,0.00198,0.00415,0.98390
92.10000,1.05394,0.01253,0.00210,0.00421,0.98116
92.20000,1.05394,0.01351,0.00125,0.00194,0.98330
92.30000,1.05393,0.01301,0.00150,0.00305,0.98244
92.40000,1.05393,0.00848,0.00039,0.00115,0.98998
92.50000,1.05394,0.00611,0.00029,0.00107,0.99252
92.60000,1.05394,0.00648,0.00024,0.00074,0.99254
92.70000,1.05394,0.00606,0.00025,0.00095,0.99274
92.80000,1.05393,0.00674,0.00017,0.00068,0.99241
92.90000,1.05393,0.00529,0.00013,0.00063,0.99394
93.00000,1.05394,0.00537,0.00012,0.00055,0.99396
93.10000,1.05394,0.00559,0.00012,0.00057,0.99372
93.20000,1.05394,0.00481,0.00009,0.00048,0.99462
93.30000,1.05393,0.00489,0.00009,0.00048,0.99455
93.40000,1.05393,0.00427,0.00011,0.00046,0.99516
93.50000,1.05394,0.00282,0.00009,0.00054,0.99655
93.60000,1.05394,0.00452,0.00018,0.00073,0.99458
93.70000,1.05394,0.00331,0.00012,0.00054,0.99602
93.80000,1.05393,0.00412,0.00014,0.00061,0.99513
93.90000,1.05393,0.00474,0.00015,0.00082,0.99430
94.00000,1.05394,0.01195,0.00060,0.00290,0.98455
94.10000,1.05394,0.01879,0.00116,0.00404,0.97602
94.20000,1.05394,0.02508,0.00178,0.00533,0.96781
94.30000,1.05393,0.03393,0.00265,0.00609,0.95733
94.40000,1.05393,0.03091,0.00241,0.00610,0.96058
94.50000,1.05394,0.03702,0.00169,0.00401,0.95728
94.60000,1.05394,0.03374,0.00163,0.00475,0.95988
94.70000,1.05394,0.04275,0.00214,0.00533,0.94978
94.80000,1.05393,0.03476,0.00195,0.00436,0.95893
94.90000,1.05393,0.01637,0.00116,0.00188,0.98058
95.00000,1.05394,0.02140,0.00131,0.00190,0.97539
95.10000,1.05394,0.01603,0.00079,0.00162,0.98156
95.20000,1.05394,0.01680,0.00085,0.00172,0.98063
95.30000,1.05393,0.02423,0.00197,0.00263,0.97117
95.40000,1.05393,0.02615,0.00270,0.00315,0.96800
95.50000,1.05394,0.02292,0.00279,0.00328,0.97101
95.60000,1.05394,0.02388,0.00358,0.00418,0.96836
95.70000,1.05394,0.02855,0.00395,0.00374,0.96376
95.80000,1.05393,0.03987,0.00466,0.00567,0.94980
95.90000,1.05393,0.02189,0.00189,0.00261,0.97362
96.00000,1.05394,0.02053,0.00240,0.00216,0.97491
96.10000,1.05394,0.02327,0.00266,0.00308,0.97099
96.20000,1.05394,0.02067,0.00120,0.00209,0.97604
96.30000,1.05393,0.01120,0.00059,0.00271,0.98550
96.40000,1.05393,0.01045,0.00069,0.00223,0.98663
96.50000,1.05394,0.01283,0.00056,0.00279,0.98383
96.60000,1.05394,0.00739,0.00023,0.00159,0.99078
96.70000,1.05394,0.00943,0.00030,0.00210,0.98817
96.80000,1.05393,0.00633,0.00021,0.00207,0.99138
96.90000,1.05393,0.01684,0.00033,0.00847,0.97435
97.00000,1.05394,0.02380,0.00046,0.01351,0.96222
97.10000,1.05394,0.03950,0.00121,0.02549,0.93380
97.20000,1.05394,0.03828,0.00191,0.03021,0.92961
97.30000,1.05393,0.03997,0.00142,0.01640,0.94221
97.40000,1.05393,0.03949,0.00081,0.00958,0.95013
97.50000,1.05394,0.03989,0.00127,0.01494,0.94390
97.60000,1.05394,0.03291,0.00117,0.01438,0.95154
97.70000,1.05394,0.03830,0.00103,0.01238,0.94829
97.80000,1.05393,0.00763,0.00036,0.00231,0.98969
97.90000,1.05393,0.00519,0.00021,0.00059,0.99401
98.00000,1.05394,0.00343,0.00009,0.00033,0.99615
98.10000,1.05394,0.00326,0.00007,0.00029,0.99638
98.20000,1.05394,0.00218,0.00003,0.00020,0.99759
98.30000,1.05393,0.00098,0.00002,0.00015,0.99885
98.40000,1.05393,0.00137,0.00003,0.00025,0.99834
98.50000,1.05394,0.00091,0.00003,0.00025,0.99880
98.60000,1.05394,0.00117,0.00003,0.00020,0.99860
98.70000,1.05394,0.00062,0.00003,0.00026,0.99909
98.80000,1.05393,0.00100,0.00004,0.00032,0.99864
98.90000,1.05393,0.00066,0.00003,0.00027,0.99904
99.00000,1.05394,0.00085,0.00005,0.00041,0.99868
99.10000,1.05394,0.00130,0.00009,0.00048,0.99813
99.20000,1.05394,0.00236,0.00023,0.00088,0.99653
99.30000,1.05393,0.00228,0.00015,0.00057,0.99700
99.40000,1.05393,0.00233,0.00008,0.00049,0.99709
99.50000,1.05394,0.00274,0.00009,0.00050,0.99666
99.60000,1.05394,0.00320,0.00010,0.00063,0.99606
99.70000,1.05394,0.00427,0.00011,0.00052,0.99509
99.80000,1.05393,0.00448,0.00011,0.00070,0.99471
99.90000,1.05393,0.00448,0.00010,0.00048,0.99494
100.00000,1.05394,0.00304,0.00004,0.00031,0.99661
100.10000,1.05394,0.00224,0.00004,0.00038,0.99734
100.20000,1.05394,0.00203,0.00003,0.00034,0.99759
100.30000,1.05393,0.00186,0.00005,0.00039,0.99770
100.40000,1.05393,0.00170,0.00003,0.00026,0.99802
100.50000,1.05394,0.00209,0.00008,0.00058,0.99725
100.60000,1.05394,0.00253,0.00007,0.00053,0.99688
100.70000,1.05394,0.00256,0.00009,0.00071,0.99665
100.80000,1.05393,0.00232,0.00007,0.00056,0.99705
100.90000,1.05393,0.00418,0.00018,0.00113,0.99451
101.00000,1.05394,0.00549,0.00018,0.00100,0.99334
101.10000,1.05394,0.00413,0.00011,0.00079,0.99496
101.20000,1.05394,0.00493,0.00016,0.00089,0.99402
101.30000,1.05393,0.00792,0.00024,0.00112,0.99073
101.40000,1.05393,0.01111,0.00033,0.00145,0.98711
101.50000,1.05394,0.00732,0.00010,0.00060,0.99198
101.60000,1.05394,0.01334,0.00024,0.00117,0.98525
101.70000,1.05394,0.01352,0.00018,0.00125,0.98505
101.80000,1.05393,0.01621,0.00024,0.00189,0.98165
101.90000,1.05393,0.01113,0.00014,0.00139,0.98735
102.00000,1.05394,0.01515,0.00027,0.00181,0.98278
102.10000,1.05394,0.02225,0.00043,0.00230,0.97502
102.20000,1.05394,0.01704,0.00021,0.00187,0.98088
102.30000,1.05393,0.01497,0.00014,0.00160,0.98329
102.40000,1.05393,0.01673,0.00026,0.00221,0.98080
102.50000,1.05394,0.02834,0.00039,0.00283,0.96844
102.60000,1.05394,0.02452,0.00044,0.00221,0.97283
102.70000,1.05394,0.01947,0.00023,0.00111,0.97918
102.80000,1.05393,0.02509,0.00031,0.00131,0.97329
102.90000,1.05393,0.02660,0.00035,0.00176,0.97129
103.00000,1.05394,0.02145,0.00024,0.00152,0.97678
103.10000,1.05394,0.01836,0.00027,0.00151,0.97986
103.20000,1.05394,0.02650,0.00041,0.00171,0.97137
103.30000,1.05393,0.04499,0.00077,0.00227,0.95197
103.40000,1.05393,0.03938,0.00063,0.00220,0.95779
103.50000,1.05394,0.04251,0.00066,0.00230,0.95453
103.60000,1.05394,0.02478,0.00041,0.00159,0.97322
103.70000,1.05394,0.02375,0.00066,0.00202,0.97357
103.80000,1.05393,0.02118,0.00070,0.00169,0.97642
103.90000,1.05393,0.02375,0.00178,0.00222,0.97224
104.00000,1.05394,0.02212,0.00244,0.00251,0.97294
104.10000,1.05394,0.03963,0.00422,0.00329,0.95286
104.20000,1.05394,0.02738,0.00229,0.00219,0.96814
104.30000,1.05393,0.02179,0.00230,0.00203,0.97388
104.40000,1.05393,0.01706,0.00182,0.00188,0.97924
104.50000,1.05394,0.02354,0.00219,0.00211,0.97216
104.60000,1.05394,0.03812,0.00272,0.00250,0.95666
104.70000,1.05394,0.02767,0.00189,0.00280,0.96763
104.80000,1.05393,0.04736,0.00153,0.00249,0.94862
104.90000,1.05393,0.03588,0.00089,0.00282,0.96041
105.00000,1.05394,0.04020,0.00056,0.00233,0.95691
105.10000,1.05394,0.02647,0.00048,0.00246,0.97059
105.20000,1.05394,0.02528,0.00038,0.00226,0.97208
105.30000,1.05393,0.02039,0.00041,0.00203,0.97717
105.40000,1.05393,0.01475,0.00035,0.00208,0.98282
105.50000,1.05394,0.01482,0.00046,0.00178,0.98294
105.60000,1.05394,0.01494,0.00038,0.00130,0.98338
105.70000,1.05394,0.01082,0.00044,0.00127,0.98747
105.80000,1.05393,0.01298,0.00093,0.00176,0.98433
105.90000,1.05393,0.01366,0.00181,0.00220,0.98232
106.00000,1.05394,0.01588,0.00303,0.00243,0.97867
106.10000,1.05394,0.01981,0.00725,0.00338,0.96956
106.20000,1.05394,0.03673,0.01087,0.00427,0.94813
106.30000,1.05393,0.07268,0.02819,0.00744,0.89169
106.40000,1.05393,0.05482,0.01253,0.00546,0.92719
106.50000,1.05394,0.06092,0.01060,0.00499,0.92350
106.60000,1.05394,0.05487,0.00869,0.00492,0.93152
106.70000,1.05394,0.04294,0.00504,0.00450,0.94752
106.80000,1.05393,0.04858,0.00374,0.00361,0.94407
106.90000,1.05393,0.02961,0.00216,0.00318,0.96504
107.00000,1.05394,0.03324,0.00154,0.00248,0.96274
107.10000,1.05394,0.03424,0.00135,0.00245,0.96196
107.20000,1.05394,0.02744,0.00085,0.00179,0.96992
107.30000,1.05393,0.02546,0.00064,0.00190,0.97200
107.40000,1.05393,0.02764,0.00058,0.00176,0.97001
107.50000,1.05394,0.03377,0.00061,0.00170,0.96391
107.60000,1.05394,0.03161,0.00073,0.00230,0.96536
107.70000,1.05394,0.03106,0.00070,0.00220,0.96604
107.80000,1.05393,0.01789,0.00036,0.00160,0.98014
107.90000,1.05393,0.02108,0.00029,0.00136,0.97727
108.00000,1.05394,0.02647,0.00041,0.00161,0.97151
108.10000,1.05394,0.01961,0.00025,0.00119,0.97895
108.20000,1.05394,0.02522,0.00035,0.00132,0.97312
108.30000,1.05393,0.02067,0.00030,0.00126,0.97777
108.40000,1.05393,0.02214,0.00028,0.00125,0.97633
108.50000,1.05394,0.01667,0.00024,0.00104,0.98205
108.60000,1.05394,0.02030,0.00027,0.00120,0.97823
108.70000,1.05394,0.02167,0.00023,0.00118,0.97692
108.80000,1.05393,0.02933,0.00033,0.00161,0.96873
108.90000,1.05393,0.01301,0.00014,0.00100,0.98584
109.00000,1.05394,0.01100,0.00021,0.00125,0.98753
109.10000,1.05394,0.01385,0.00019,0.00109,0.98487
109.20000,1.05394,0.01506,0.00019,0.00126,0.98349
109.30000,1.05393,0.01413,0.00022,0.00121,0.98443
109.40000,1.05393,0.02053,0.00027,0.00138,0.97781
109.50000,1.05394,0.01857,0.00028,0.00162,0.97953
109.60000,1.05394,0.01666,0.00029,0.00155,0.98150
109.70000,1.05394,0.01999,0.00039,0.00146,0.97816
109.80000,1.05393,0.03310,0.00058,0.00178,0.96454
109.90000,1.05393,0.03353,0.00052,0.00186,0.96409
110.00000,1.05394,0.03724,0.00058,0.00219,0.95999
110.10000,1.05394,0.03444,0.00047,0.00160,0.96349
110.20000,1.05394,0.03967,0.00056,0.00168,0.95809
110.30000,1.05393,0.03578,0.00039,0.00122,0.96260
110.40000,1.05393,0.03485,0.00048,0.00182,0.96285
110.50000,1.05394,0.02559,0.00032,0.00131,0.97278
110.60000,1.05394,0.03717,0.00050,0.00207,0.96026
110.70000,1.05394,0.02627,0.00029,0.00141,0.97203
110.80000,1.05393,0.02745,0.00030,0.00159,0.97066
110.90000,1.05393,0.02520,0.00028,0.00154,0.97298
111.00000,1.05394,0.02747,0.00031,0.00169,0.97053
111.10000,1.05394,0.03349,0.00035,0.00212,0.96403
111.20000,1.05394,0.03554,0.00039,0.00222,0.96186
111.30000,1.05393,0.03416,0.00043,0.00198,0.96343
111.40000,1.05393,0.03266,0.00045,0.00187,0.96502
111.50000,1.05394,0.03272,0.00038,0.00186,0.96504
111.60000,1.05394,0.03359,0.00037,0.00186,0.96418
111.70000,1.05394,0.02928,0.00033,0.00170,0.96868
111.80000,1.05393,0.03046,0.00039,0.00174,0.96741
111.90000,1.05393,0.03479,0.00066,0.00195,0.96260
112.00000,1.05394,0.02734,0.00049,0.00152,0.97065
112.10000,1.05394,0.02007,0.00032,0.00126,0.97836
112.20000,1.05394,0.02405,0.00031,0.00125,0.97439
112.30000,1.05393,0.02204,0.00026,0.00137,0.97633
112.40000,1.05393,0.02307,0.00024,0.00124,0.97545
112.50000,1.05394,0.02215,0.00021,0.00130,0.97633
112.60000,1.05394,0.02032,0.00022,0.00104,0.97842
112.70000,1.05394,0.02634,0.00028,0.00147,0.97191
112.80000,1.05393,0.02550,0.00026,0.00152,0.97271
112.90000,1.05393,0.02501,0.00021,0.00141,0.97337
113.00000,1.05394,0.02786,0.00022,0.00149,0.97043
113.10000,1.05394,0.02584,0.00021,0.00141,0.97253
113.20000,1.05394,0.02938,0.00027,0.00148,0.96887
113.30000,1.05393,0.03257,0.00028,0.00145,0.96570
113.40000,1.05393,0.03253,0.00035,0.00157,0.96556
113.50000,1.05394,0.03234,0.00038,0.00154,0.96574
113.60000,1.05394,0.03348,0.00047,0.00164,0.96441
113.70000,1.05394,0.02740,0.00034,0.00128,0.97098
113.80000,1.05393,0.02293,0.00031,0.00123,0.97553
113.90000,1.05393,0.02496,0.00027,0.00122,0.97355
114.00000,1.05394,0.02333,0.00026,0.00111,0.97529
114.10000,1.05394,0.02212,0.00022,0.00107,0.97660
114.20000,1.05394,0.01982,0.00027,0.00115,0.97875
114.30000,1.05393,0.02100,0.00040,0.00132,0.97728
114.40000,1.05393,0.02052,0.00048,0.00151,0.97748
114.50000,1.05394,0.01758,0.00060,0.00160,0.98022
114.60000,1.05394,0.01757,0.00088,0.00176,0.97980
114.70000,1.05394,0.01679,0.00106,0.00180,0.98035
114.80000,1.05393,0.02208,0.00146,0.00186,0.97460
114.90000,1.05393,0.02212,0.00159,0.00196,0.97433
115.00000,1.05394,0.02662,0.00166,0.00205,0.96967
115.10000,1.05394,0.03013,0.00242,0.00239,0.96506
115.20000,1.05394,0.03212,0.00181,0.00234,0.96372
115.30000,1.05393,0.02646,0.00141,0.00186,0.97027
115.40000,1.05393,0.02565,0.00088,0.00178,0.97169
115.50000,1.05394,0.02451,0.00069,0.00141,0.97339
115.60000,1.05394,0.02269,0.00053,0.00177,0.97501
115.70000,1.05394,0.02613,0.00048,0.00123,0.97215
115.80000,1.05393,0.02858,0.00059,0.00133,0.96950
115.90000,1.05393,0.02555,0.00050,0.00131,0.97263
116.00000,1.05394,0.02199,0.00050,0.00155,0.97597
116.10000,1.05394,0.03135,0.00071,0.00153,0.96642
116.20000,1.05394,0.02807,0.00085,0.00189,0.96919
116.30000,1.05393,0.01607,0.00061,0.00111,0.98221
116.40000,1.05393,0.01570,0.00061,0.00128,0.98241
116.50000,1.05394,0.01726,0.00112,0.00126,0.98036
116.60000,1.05394,0.01715,0.00097,0.00100,0.98088
116.70000,1.05394,0.01547,0.00075,0.00096,0.98282
116.80000,1.05393,0.01311,0.00079,0.00110,0.98500
116.90000,1.05393,0.01920,0.00096,0.00088,0.97896
117.00000,1.05394,0.01260,0.00054,0.00069,0.98618
117.10000,1.05394,0.01094,0.00049,0.00078,0.98779
117.20000,1.05394,0.01534,0.00058,0.00102,0.98306
117.30000,1.05393,0.02460,0.00069,0.00118,0.97353
117.40000,1.05393,0.02139,0.00065,0.00145,0.97651
117.50000,1.05394,0.02724,0.00047,0.00155,0.97074
117.60000,1.05394,0.02157,0.00034,0.00106,0.97704
117.70000,1.05394,0.02561,0.00048,0.00171,0.97220
117.80000,1.05393,0.02136,0.00030,0.00126,0.97708
117.90000,1.05393,0.02677,0.00038,0.00179,0.97107
118.00000,1.05394,0.02255,0.00031,0.00159,0.97555
118.10000,1.05394,0.02102,0.00031,0.00178,0.97689
118.20000,1.05394,0.02085,0.00027,0.00145,0.97742
118.30000,1.05393,0.01929,0.00031,0.00161,0.97879
118.40000,1.05393,0.01836,0.00040,0.00145,0.97979
118.50000,1.05394,0.02579,0.00051,0.00160,0.97210
118.60000,1.05394,0.02033,0.00038,0.00116,0.97812
118.70000,1.05394,0.02560,0.00043,0.00133,0.97264
118.80000,1.05393,0.02030,0.00038,0.00112,0.97820
118.90000,1.05393,0.02071,0.00039,0.00105,0.97786
119.00000,1.05394,0.01987,0.00041,0.00097,0.97875
119.10000,1.05394,0.02472,0.00057,0.00134,0.97337
119.20000,1.05394,0.02243,0.00055,0.00121,0.97580
119.30000,1.05393,0.01659,0.00052,0.00124,0.98164
119.40000,1.05393,0.02219,0.00031,0.00096,0.97654
119.50000,1.05394,0.02122,0.00033,0.00109,0.97736
119.60000,1.05394,0.02314,0.00040,0.00110,0.97536
119.70000,1.05394,0.01947,0.00034,0.00090,0.97929
119.80000,1.05393,0.02021,0.00042,0.00109,0.97828
119.90000,1.05393,0.01905,0.00060,0.00129,0.97907
120.00000,1.05394,0.02671,0.00068,0.00115,0.97146
120.10000,1.05394,0.02104,0.00047,0.00093,0.97756
120.20000,1.05394,0.02343,0.00060,0.00121,0.97476
120.30000,1.05393,0.02186,0.00052,0.00116,0.97647
120.40000,1.05393,0.02890,0.00061,0.00095,0.96953
120.50000,1.05394,0.01929,0.00057,0.00091,0.97924
120.60000,1.05394,0.01896,0.00057,0.00111,0.97936
120.70000,1.05394,0.02146,0.00047,0.00097,0.97710
120.80000,1.05393,0.02302,0.00044,0.00107,0.97547
120.90000,1.05393,0.02075,0.00030,0.00097,0.97798
121.00000,1.05394,0.02572,0.00041,0.00133,0.97254
121.10000,1.05394,0.02584,0.00032,0.00128,0.97256
121.20000,1.05394,0.02630,0.00036,0.00162,0.97172
121.30000,1.05393,0.02891,0.00027,0.00141,0.96942
121.40000,1.05393,0.02424,0.00022,0.00137,0.97417
121.50000,1.05394,0.02826,0.00019,0.00137,0.97018
121.60000,1.05394,0.02620,0.00017,0.00141,0.97221
121.70000,1.05394,0.03077,0.00019,0.00177,0.96726
121.80000,1.05393,0.02426,0.00022,0.00150,0.97402
121.90000,1.05393,0.02071,0.00018,0.00136,0.97775
122.00000,1.05394,0.01609,0.00013,0.00102,0.98276
122.10000,1.05394,0.02633,0.00021,0.00105,0.97240
122.20000,1.05394,0.02505,0.00029,0.00124,0.97342
122.30000,1.05393,0.02477,0.00038,0.00158,0.97327
122.40000,1.05393,0.02632,0.00035,0.00143,0.97190
122.50000,1.05394,0.02594,0.00030,0.00110,0.97266
122.60000,1.05394,0.03285,0.00038,0.00118,0.96559
122.70000,1.05394,0.02786,0.00035,0.00132,0.97047
122.80000,1.05393,0.02688,0.00031,0.00126,0.97155
122.90000,1.05393,0.02481,0.00028,0.00123,0.97368
123.00000,1.05394,0.02420,0.00027,0.00141,0.97412
123.10000,1.05394,0.01563,0.00021,0.00125,0.98291
123.20000,1.05394,0.01504,0.00025,0.00119,0.98351
123.30000,1.05393,0.01171,0.00015,0.00077,0.98737
123.40000,1.05393,0.01338,0.00020,0.00086,0.98556
123.50000,1.05394,0.01889,0.00021,0.00098,0.97991
123.60000,1.05394,0.01544,0.00029,0.00110,0.98317
123.70000,1.05394,0.01664,0.00026,0.00100,0.98210
123.80000,1.05393,0.01826,0.00046,0.00127,0.98002
123.90000,1.05393,0.02686,0.00055,0.00161,0.97098
124.00000,1.05394,0.02971,0.00094,0.00213,0.96723
124.10000,1.05394,0.03545,0.00076,0.00201,0.96177
124.20000,1.05394,0.03661,0.00068,0.00224,0.96046
124.30000,1.05393,0.03489,0.00063,0.00176,0.96271
124.40000,1.05393,0.03936,0.00072,0.00187,0.95805
124.50000,1.05394,0.02818,0.00062,0.00182,0.96937
124.60000,1.05394,0.03332,0.00070,0.00159,0.96439
124.70000,1.05394,0.02629,0.00056,0.00147,0.97168
124.80000,1.05393,0.02327,0.00058,0.00147,0.97468
124.90000,1.05393,0.02410,0.00050,0.00143,0.97396
125.00000,1.05394,0.01824,0.00033,0.00106,0.98036
125.10000,1.05394,0.02223,0.00041,0.00150,0.97587
125.20000,1.05394,0.02101,0.00030,0.00131,0.97738
125.30000,1.05393,0.02384,0.00031,0.00143,0.97442
125.40000,1.05393,0.02182,0.00029,0.00131,0.97659
125.50000,1.05394,0.02621,0.00025,0.00156,0.97198
125.60000,1.05394,0.02555,0.00022,0.00152,0.97272
125.70000,1.05394,0.02530,0.00022,0.00147,0.97300
125.80000,1.05393,0.02565,0.00026,0.00145,0.97265
125.90000,1.05393,0.04002,0.00037,0.00179,0.95782
126.00000,1.05394,0.03824,0.00037,0.00192,0.95948
126.10000,1.05394,0.04970,0.00041,0.00190,0.94799
126.20000,1.05394,0.04348,0.00038,0.00179,0.95435
126.30000,1.05393,0.03940,0.00038,0.00202,0.95819
126.40000,1.05393,0.03514,0.00024,0.00114,0.96348
126.50000,1.05394,0.02991,0.00030,0.00123,0.96856
126.60000,1.05394,0.02154,0.00019,0.00078,0.97750
126.70000,1.05394,0.02268,0.00015,0.00082,0.97635
126.80000,1.05393,0.01721,0.00011,0.00068,0.98200
126.90000,1.05393,0.01313,0.00009,0.00063,0.98615
127.00000,1.05394,0.00995,0.00006,0.00042,0.98957
127.10000,1.05393,0.00757,0.00005,0.00037,0.99201
127.20000,1.05394,0.00884,0.00005,0.00037,0.99073
127.30000,1.05394,0.00948,0.00006,0.00041,0.99004
127.40000,1.05393,0.01079,0.00008,0.00052,0.98860
127.50000,1.05394,0.01039,0.00007,0.00047,0.98907
127.60000,1.05393,0.00963,0.00005,0.00041,0.98991
127.70000,1.05394,0.01157,0.00008,0.00057,0.98778
127.80000,1.05394,0.01376,0.00008,0.00057,0.98559
127.90000,1.05393,0.01575,0.00010,0.00072,0.98343
128.00000,1.05394,0.01694,0.00012,0.00085,0.98210
128.10001,1.05392,0.01769,0.00015,0.00099,0.98117
128.20000,1.05394,0.01874,0.00015,0.00087,0.98023
128.30000,1.05394,0.01904,0.00014,0.00095,0.97987
128.39999,1.05394,0.01810,0.00015,0.00108,0.98067
128.50000,1.05394,0.01993,0.00019,0.00124,0.97864
128.60001,1.05392,0.03281,0.00028,0.00157,0.96534
128.70000,1.05394,0.02856,0.00023,0.00163,0.96958
128.80000,1.05394,0.02142,0.00018,0.00119,0.97721
128.89999,1.05394,0.03158,0.00024,0.00154,0.96664
129.00000,1.05394,0.03057,0.00021,0.00145,0.96777
129.10001,1.05392,0.02999,0.00023,0.00173,0.96805
129.20000,1.05394,0.03010,0.00018,0.00158,0.96814
129.30000,1.05394,0.03503,0.00021,0.00182,0.96294
129.39999,1.05394,0.02735,0.00020,0.00172,0.97074
129.50000,1.05394,0.02684,0.00019,0.00144,0.97153
129.60001,1.05392,0.02244,0.00014,0.00131,0.97611
129.70000,1.05394,0.02505,0.00017,0.00150,0.97327
129.80000,1.05394,0.02134,0.00015,0.00145,0.97707
129.89999,1.05394,0.02259,0.00013,0.00115,0.97613
130.00000,1.05394,0.02056,0.00012,0.00114,0.97818
130.10001,1.05392,0.02076,0.00013,0.00097,0.97814
130.20000,1.05394,0.01549,0.00014,0.00103,0.98333
130.30000,1.05394,0.01945,0.00023,0.00147,0.97884
130.39999,1.05394,0.02545,0.00046,0.00199,0.97210
130.50000,1.05394,0.02823,0.00058,0.00210,0.96908
130.60001,1.05392,0.02230,0.00079,0.00252,0.97439
130.70000,1.05394,0.01810,0.00065,0.00185,0.97940
130.80000,1.05394,0.01676,0.00053,0.00167,0.98104
130.89999,1.05394,0.01502,0.00057,0.00151,0.98291
131.00000,1.05394,0.01123,0.00052,0.00141,0.98684
131.10001,1.05392,0.00970,0.00054,0.00110,0.98865
131.20000,1.05394,0.01187,0.00059,0.00129,0.98625
131.30000,1.05394,0.00849,0.00022,0.00072,0.99058
131.39999,1.05394,0.01024,0.00020,0.00064,0.98892
131.50000,1.05394,0.00877,0.00015,0.00060,0.99049
131.60001,1.05392,0.00812,0.00014,0.00063,0.99110
131.70000,1.05394,0.00789,0.00009,0.00051,0.99152
131.80000,1.05394,0.00628,0.00008,0.00051,0.99312
131.89999,1.05394,0.00864,0.00008,0.00048,0.99080
132.00000,1.05394,0.00966,0.00007,0.00057,0.98969
132.10001,1.05392,0.00817,0.00006,0.00061,0.99116
132.20000,1.05394,0.00993,0.00006,0.00050,0.98951
132.30000,1.05394,0.00673,0.00004,0.00044,0.99278
132.39999,1.05394,0.00663,0.00004,0.00036,0.99297
132.50000,1.05394,0.00601,0.00003,0.00026,0.99371
132.60001,1.05392,0.00936,0.00004,0.00032,0.99028
132.70000,1.05394,0.00950,0.00004,0.00039,0.99007
132.80000,1.05394,0.01211,0.00006,0.00044,0.98739
132.89999,1.05394,0.01061,0.00006,0.00043,0.98890
133.00000,1.05394,0.01072,0.00006,0.00043,0.98879
133.10001,1.05392,0.01080,0.00006,0.00043,0.98871
133.20000,1.05394,0.01338,0.00009,0.00060,0.98594
133.30000,1.05394,0.01303,0.00008,0.00070,0.98619
133.39999,1.05394,0.01468,0.00008,0.00073,0.98451
133.50000,1.05394,0.01441,0.00008,0.00080,0.98472
133.60001,1.05392,0.01518,0.00008,0.00078,0.98396
133.70000,1.05394,0.01399,0.00008,0.00087,0.98506
133.80000,1.05394,0.01297,0.00007,0.00071,0.98626
133.89999,1.05394,0.01266,0.00007,0.00072,0.98655
134.00000,1.05394,0.01332,0.00006,0.00064,0.98598
134.10001,1.05392,0.01067,0.00005,0.00058,0.98871
134.20000,1.05394,0.01168,0.00005,0.00057,0.98769
134.30000,1.05394,0.01110,0.00006,0.00066,0.98819
134.39999,1.05394,0.01097,0.00007,0.00060,0.98836
134.50000,1.05394,0.01183,0.00010,0.00087,0.98720
134.60001,1.05392,0.01576,0.00010,0.00085,0.98330
134.70000,1.05394,0.01724,0.00013,0.00108,0.98155
134.80000,1.05394,0.01595,0.00016,0.00121,0.98269
134.89999,1.05394,0.01770,0.00026,0.00159,0.98045
135.00000,1.05394,0.02203,0.00027,0.00137,0.97633
135.10001,1.05392,0.02158,0.00027,0.00138,0.97676
135.20000,1.05394,0.02652,0.00030,0.00134,0.97184
135.30000,1.05394,0.02770,0.00035,0.00137,0.97058
135.39999,1.05394,0.03049,0.00035,0.00136,0.96780
135.50000,1.05394,0.02319,0.00029,0.00113,0.97539
135.60001,1.05392,0.02082,0.00028,0.00097,0.97793
135.70000,1.05394,0.02276,0.00029,0.00083,0.97612
135.80000,1.05394,0.02211,0.00023,0.00092,0.97674
135.89999,1.05394,0.02583,0.00020,0.00082,0.97314
136.00000,1.05394,0.03423,0.00031,0.00129,0.96417
136.10001,1.05392,0.03032,0.00026,0.00121,0.96820
136.20000,1.05394,0.02609,0.00020,0.00109,0.97262
136.30000,1.05394,0.02449,0.00022,0.00099,0.97431
136.39999,1.05394,0.02705,0.00022,0.00106,0.97167
136.50000,1.05394,0.02922,0.00028,0.00111,0.96939
136.60001,1.05392,0.02706,0.00023,0.00115,0.97155
136.70000,1.05394,0.02835,0.00026,0.00103,0.97036
136.80000,1.05394,0.02472,0.00019,0.00104,0.97405
136.89999,1.05394,0.02200,0.00020,0.00086,0.97693
137.00000,1.05394,0.02013,0.00017,0.00069,0.97900
137.10001,1.05392,0.02307,0.00018,0.00065,0.97609
137.20000,1.05394,0.01700,0.00015,0.00064,0.98221
137.30000,1.05394,0.01773,0.00014,0.00053,0.98160
137.39999,1.05394,0.02042,0.00018,0.00066,0.97874
137.50000,1.05394,0.02156,0.00021,0.00080,0.97743
137.60001,1.05392,0.02049,0.00019,0.00076,0.97856
137.70000,1.05394,0.01940,0.00018,0.00066,0.97975
137.80000,1.05394,0.01965,0.00016,0.00068,0.97951
137.89999,1.05394,0.01508,0.00014,0.00070,0.98408
138.00000,1.05394,0.01804,0.00011,0.00065,0.98120
138.10001,1.05392,0.01406,0.00010,0.00052,0.98532
138.20000,1.05394,0.01793,0.00040,0.00096,0.98072
138.30000,1.05394,0.02174,0.00057,0.00101,0.97668
138.39999,1.05394,0.02414,0.00048,0.00099,0.97440
138.50000,1.05394,0.01802,0.00028,0.00070,0.98100
138.60001,1.05392,0.01704,0.00039,0.00089,0.98168
138.70000,1.05394,0.01483,0.00031,0.00092,0.98395
138.80000,1.05394,0.03170,0.00106,0.00216,0.96508
138.89999,1.05394,0.03609,0.00139,0.00272,0.95981
139.00000,1.05394,0.06542,0.00339,0.00367,0.92752
139.10001,1.05392,0.04604,0.00167,0.00432,0.94797
139.20000,1.05394,0.03399,0.00056,0.00267,0.96277
139.30000,1.05394,0.03778,0.00057,0.00265,0.95900
139.39999,1.05394,0.04225,0.00064,0.00294,0.95417
139.50000,1.05394,0.03644,0.00056,0.00217,0.96083
139.60001,1.05392,0.04192,0.00094,0.00326,0.95388
139.70000,1.05394,0.03631,0.00053,0.00218,0.96098
139.80000,1.05394,0.02563,0.00026,0.00175,0.97236
139.89999,1.05394,0.02237,0.00017,0.00106,0.97639
140.00000,1.05394,0.01397,0.00012,0.00102,0.98489
140.10001,1.05392,0.01063,0.00013,0.00088,0.98836
140.20000,1.05394,0.00598,0.00008,0.00072,0.99323
140.30000,1.05394,0.00731,0.00013,0.00117,0.99139
140.39999,1.05394,0.00954,0.00015,0.00163,0.98868
140.50000,1.05394,0.00508,0.00006,0.00100,0.99387
140.60001,1.05392,0.00511,0.00007,0.00150,0.99332
140.70000,1.05394,0.00560,0.00006,0.00097,0.99337
140.80000,1.05394,0.00638,0.00009,0.00121,0.99232
140.89999,1.05394,0.00552,0.00005,0.00102,0.99342
141.00000,1.05394,0.01091,0.00011,0.00216,0.98682
141.10001,1.05392,0.00892,0.00007,0.00168,0.98934
141.20000,1.05394,0.01208,0.00005,0.00083,0.98704
141.30000,1.05394,0.00562,0.00001,0.00028,0.99409
141.39999,1.05394,0.00416,0.00001,0.00016,0.99568
141.50000,1.05394,0.00356,0.00001,0.00012,0.99631
141.60001,1.05392,0.00200,0.00001,0.00008,0.99791
141.70000,1.05394,0.00160,0.00000,0.00007,0.99833
141.80000,1.05394,0.00091,0.00000,0.00004,0.99905
141.89999,1.05394,0.00088,0.00000,0.00004,0.99908
142.00000,1.05394,0.00082,0.00001,0.00008,0.99910
142.10001,1.05392,0.00119,0.00000,0.00006,0.99875
142.20000,1.05394,0.00074,0.00000,0.00004,0.99922
142.30000,1.05394,0.00119,0.00001,0.00006,0.99874
142.39999,1.05394,0.00156,0.00001,0.00015,0.99828
142.50000,1.05394,0.00294,0.00001,0.00011,0.99694
142.60001,1.05392,0.00323,0.00002,0.00016,0.99659
142.70000,1.05394,0.00434,0.00002,0.00021,0.99543
142.80000,1.05394,0.00503,0.00004,0.00032,0.99460
142.89999,1.05394,0.00415,0.00002,0.00021,0.99562
143.00000,1.05394,0.00487,0.00002,0.00019,0.99492
143.10001,1.05392,0.00505,0.00002,0.00022,0.99471
143.20000,1.05394,0.00625,0.00003,0.00027,0.99346
143.30000,1.05394,0.00531,0.00004,0.00040,0.99426
143.39999,1.05394,0.00821,0.00009,0.00051,0.99119
143.50000,1.05394,0.00639,0.00006,0.00040,0.99314
143.60001,1.05392,0.00508,0.00007,0.00046,0.99439
143.70000,1.05394,0.00706,0.00008,0.00046,0.99240
143.80000,1.05394,0.00860,0.00015,0.00071,0.99054
143.89999,1.05394,0.00989,0.00012,0.00064,0.98935
144.00000,1.05394,0.01192,0.00022,0.00089,0.98697
144.10001,1.05392,0.01396,0.00021,0.00100,0.98482
144.20000,1.05394,0.01615,0.00035,0.00150,0.98200
144.30000,1.05394,0.01532,0.00030,0.00115,0.98322
144.39999,1.05394,0.01341,0.00027,0.00093,0.98539
144.50000,1.05394,0.01509,0.00031,0.00109,0.98352
144.60001,1.05392,0.01863,0.00039,0.00122,0.97976
144.70000,1.05394,0.01729,0.00035,0.00123,0.98112
144.80000,1.05394,0.02612,0.00054,0.00163,0.97171
144.89999,1.05394,0.02902,0.00053,0.00163,0.96882
145.00000,1.05394,0.03118,0.00049,0.00177,0.96655
145.10001,1.05392,0.02892,0.00047,0.00151,0.96910
145.20000,1.05394,0.03666,0.00077,0.00216,0.96040
145.30000,1.05394,0.04081,0.00067,0.00176,0.95676
145.39999,1.05394,0.05004,0.00070,0.00198,0.94728
145.50000,1.05394,0.04942,0.00074,0.00216,0.94768
145.60001,1.05392,0.05896,0.00104,0.00324,0.93677
145.70000,1.05394,0.05755,0.00085,0.00286,0.93874
145.80000,1.05394,0.06062,0.00096,0.00285,0.93557
145.89999,1.05394,0.06625,0.00117,0.00327,0.92931
146.00000,1.05394,0.07045,0.00145,0.00369,0.92442
146.10001,1.05392,0.05935,0.00126,0.00400,0.93539
146.20000,1.05394,0.06551,0.00117,0.00339,0.92993
146.30000,1.05394,0.05023,0.00129,0.00314,0.94534
146.39999,1.05394,0.04119,0.00117,0.00293,0.95470
146.50000,1.05394,0.03503,0.00091,0.00198,0.96208
146.60001,1.05392,0.03828,0.00136,0.00234,0.95803
146.70000,1.05394,0.02921,0.00097,0.00176,0.96806
146.80000,1.05394,0.02193,0.00100,0.00217,0.97490
146.89999,1.05394,0.02176,0.00085,0.00151,0.97588
147.00000,1.05394,0.02188,0.00103,0.00173,0.97536
147.10001,1.05392,0.02479,0.00083,0.00131,0.97306
147.20000,1.05394,0.01970,0.00045,0.00123,0.97862
147.30000,1.05394,0.00749,0.00022,0.00096,0.99133
147.39999,1.05394,0.00640,0.00027,0.00100,0.99233
147.50000,1.05394,0.00858,0.00029,0.00113,0.99000
147.60001,1.05392,0.01377,0.00029,0.00106,0.98489
147.70000,1.05394,0.01092,0.00026,0.00129,0.98753
147.80000,1.05394,0.00836,0.00020,0.00103,0.99041
147.89999,1.05394,0.01281,0.00023,0.00149,0.98547
148.00000,1.05394,0.01391,0.00020,0.00140,0.98448
148.10001,1.05392,0.01289,0.00024,0.00163,0.98523
148.20000,1.05394,0.02559,0.00066,0.00313,0.97062
148.30000,1.05394,0.02837,0.00032,0.00175,0.96956
148.39999,1.05394,0.03945,0.00035,0.00170,0.95850
148.50000,1.05394,0.04039,0.00030,0.00163,0.95768
148.60001,1.05392,0.02422,0.00024,0.00137,0.97418
148.70000,1.05394,0.02536,0.00027,0.00136,0.97301
148.80000,1.05394,0.02711,0.00023,0.00118,0.97149
148.89999,1.05394,0.02194,0.00019,0.00096,0.97691
149.00000,1.05394,0.01821,0.00015,0.00089,0.98074
149.10001,1.05392,0.01853,0.00016,0.00110,0.98021
149.20000,1.05394,0.01892,0.00018,0.00102,0.97988
149.30000,1.05394,0.01868,0.00019,0.00099,0.98014
149.39999,1.05394,0.01493,0.00015,0.00081,0.98411
149.50000,1.05394,0.01250,0.00018,0.00086,0.98646
149.60001,1.05392,0.01500,0.00019,0.00078,0.98403
149.70000,1.05394,0.01245,0.00016,0.00066,0.98672
149.80000,1.05394,0.01514,0.00017,0.00079,0.98391
149.89999,1.05394,0.01333,0.00020,0.00072,0.98575
150.00000,1.05394,0.01559,0.00021,0.00074,0.98345
150.10001,1.05392,0.01430,0.00019,0.00072,0.98479
150.20000,1.05394,0.01877,0.00019,0.00083,0.98021
150.30000,1.05394,0.01687,0.00018,0.00067,0.98228
150.39999,1.05394,0.01814,0.00028,0.00110,0.98049
150.50000,1.05394,0.02016,0.00026,0.00110,0.97847
150.60001,1.05392,0.02986,0.00040,0.00113,0.96860
150.70000,1.05394,0.01935,0.00026,0.00096,0.97943
150.80000,1.05394,0.01872,0.00027,0.00095,0.98006
150.89999,1.05394,0.01805,0.00015,0.00070,0.98110
151.00000,1.05394,0.02286,0.00026,0.00095,0.97592
151.10001,1.05392,0.02113,0.00020,0.00088,0.97780
151.20000,1.05394,0.02050,0.00031,0.00115,0.97803
151.30000,1.05394,0.02336,0.00022,0.00092,0.97550
151.39999,1.05394,0.02816,0.00033,0.00120,0.97031
151.50000,1.05394,0.01991,0.00016,0.00096,0.97897
151.60001,1.05392,0.02115,0.00021,0.00109,0.97755
151.70000,1.05394,0.01997,0.00021,0.00115,0.97868
151.80000,1.05394,0.02905,0.00033,0.00136,0.96925
151.89999,1.05394,0.03096,0.00029,0.00127,0.96749
152.00000,1.05394,0.03629,0.00032,0.00135,0.96203
152.10001,1.05392,0.03421,0.00037,0.00163,0.96380
152.20000,1.05394,0.03918,0.00040,0.00142,0.95900
152.30000,1.05394,0.03204,0.00041,0.00140,0.96614
152.39999,1.05394,0.03154,0.00040,0.00140,0.96667
152.50000,1.05394,0.04177,0.00045,0.00156,0.95622
152.60001,1.05392,0.04600,0.00060,0.00180,0.95160
152.70000,1.05394,0.05323,0.00056,0.00200,0.94421
152.80000,1.05394,0.04317,0.00068,0.00204,0.95411
152.89999,1.05394,0.03646,0.00048,0.00169,0.96137
153.00000,1.05394,0.03538,0.00056,0.00187,0.96218
153.10001,1.05392,0.02738,0.00045,0.00174,0.97043
153.20000,1.05394,0.02513,0.00035,0.00127,0.97325
153.30000,1.05394,0.01678,0.00028,0.00111,0.98182
153.39999,1.05394,0.01413,0.00024,0.00097,0.98466
153.50000,1.05394,0.01234,0.00014,0.00072,0.98680
153.60001,1.05392,0.01120,0.00015,0.00058,0.98807
153.70000,1.05394,0.00993,0.00013,0.00061,0.98933
153.80000,1.05394,0.00959,0.00010,0.00052,0.98979
153.89999,1.05394,0.01021,0.00011,0.00055,0.98913
154.00000,1.05394,0.01171,0.00015,0.00072,0.98741
154.10001,1.05392,0.00993,0.00013,0.00074,0.98920
154.20000,1.05394,0.01246,0.00019,0.00102,0.98633
154.30000,1.05394,0.01437,0.00015,0.00090,0.98458
154.39999,1.05394,0.02020,0.00019,0.00117,0.97844
154.50000,1.05394,0.01954,0.00020,0.00121,0.97906
154.60001,1.05392,0.02594,0.00022,0.00134,0.97250
154.70000,1.05394,0.02277,0.00022,0.00129,0.97572
154.80000,1.05394,0.03007,0.00037,0.00176,0.96780
154.89999,1.05394,0.02139,0.00024,0.00136,0.97701
155.00000,1.05394,0.02236,0.00021,0.00129,0.97614
155.10001,1.05392,0.02204,0.00021,0.00141,0.97634
155.20000,1.05394,0.02496,0.00028,0.00176,0.97299
155.30000,1.05394,0.02370,0.00025,0.00154,0.97451
155.39999,1.05394,0.02226,0.00023,0.00143,0.97608
155.50000,1.05394,0.02202,0.00021,0.00122,0.97654
155.60001,1.05392,0.02645,0.00022,0.00136,0.97197
155.70000,1.05394,0.02193,0.00017,0.00125,0.97665
155.80000,1.05394,0.02555,0.00018,0.00157,0.97271
155.89999,1.05394,0.02422,0.00015,0.00135,0.97428
156.00000,1.05394,0.02108,0.00013,0.00130,0.97750
156.10001,1.05392,0.01950,0.00012,0.00119,0.97920
156.20000,1.05394,0.02821,0.00019,0.00163,0.96997
156.30000,1.05394,0.02283,0.00015,0.00138,0.97563
156.39999,1.05394,0.02013,0.00017,0.00157,0.97812
156.50000,1.05394,0.01906,0.00021,0.00167,0.97906
156.60001,1.05392,0.02263,0.00028,0.00164,0.97544
156.70000,1.05394,0.02249,0.00031,0.00158,0.97562
156.80000,1.05394,0.01588,0.00030,0.00132,0.98250
156.89999,1.05394,0.02101,0.00036,0.00133,0.97730
157.00000,1.05394,0.02339,0.00041,0.00124,0.97497
157.10001,1.05392,0.02538,0.00044,0.00144,0.97273
157.20000,1.05394,0.02080,0.00035,0.00117,0.97767
157.30000,1.05394,0.02720,0.00050,0.00155,0.97074
157.39999,1.05394,0.03115,0.00038,0.00134,0.96713
157.50000,1.05394,0.02937,0.00037,0.00157,0.96869
157.60001,1.05392,0.02227,0.00020,0.00116,0.97637
157.70000,1.05394,0.02749,0.00027,0.00131,0.97093
157.80000,1.05394,0.03378,0.00037,0.00163,0.96422
157.89999,1.05394,0.03748,0.00046,0.00170,0.96037
158.00000,1.05394,0.03999,0.00049,0.00187,0.95766
158.10001,1.05392,0.03575,0.00044,0.00171,0.96210
158.20000,1.05394,0.03784,0.00059,0.00208,0.95949
158.30000,1.05394,0.04167,0.00061,0.00200,0.95572
158.39999,1.05394,0.03682,0.00078,0.00202,0.96038
158.50000,1.05394,0.04193,0.00060,0.00167,0.95581
158.60001,1.05392,0.03802,0.00063,0.00176,0.95959
158.70000,1.05394,0.03733,0.00047,0.00154,0.96067
158.80000,1.05394,0.02291,0.00035,0.00141,0.97533
158.89999,1.05394,0.02306,0.00029,0.00122,0.97543
159.00000,1.05394,0.02733,0.00037,0.00118,0.97112
159.10001,1.05392,0.03716,0.00046,0.00139,0.96099
159.20000,1.05394,0.02481,0.00037,0.00127,0.97355
159.30000,1.05394,0.02046,0.00026,0.00126,0.97802
159.39999,1.05394,0.01856,0.00023,0.00119,0.98001
159.50000,1.05394,0.02076,0.00028,0.00131,0.97765
159.60001,1.05392,0.02345,0.00036,0.00149,0.97471
159.70000,1.05394,0.02987,0.00048,0.00149,0.96816
159.80000,1.05394,0.02533,0.00052,0.00190,0.97225
159.89999,1.05394,0.02120,0.00034,0.00131,0.97714
160.00000,1.05394,0.01682,0.00035,0.00157,0.98126
160.10001,1.05392,0.01688,0.00055,0.00160,0.98098
160.20000,1.05394,0.01538,0.00059,0.00163,0.98239
160.30000,1.05394,0.01849,0.00093,0.00192,0.97866
160.39999,1.05394,0.01436,0.00086,0.00164,0.98314
160.50000,1.05394,0.02203,0.00155,0.00205,0.97436
160.60001,1.05392,0.02257,0.00204,0.00261,0.97278
160.70000,1.05394,0.02849,0.00360,0.00252,0.96538
160.80000,1.05394,0.02043,0.00286,0.00247,0.97423
160.89999,1.05394,0.03829,0.00371,0.00266,0.95534
161.00000,1.05394,0.04498,0.00243,0.00243,0.95015
161.10001,1.05392,0.03703,0.00217,0.00238,0.95842
161.20000,1.05394,0.03669,0.00264,0.00265,0.95801
161.30000,1.05394,0.05874,0.00326,0.00280,0.93519
161.39999,1.05394,0.05518,0.00225,0.00252,0.94005
161.50000,1.05394,0.04884,0.00146,0.00222,0.94748
161.60001,1.05392,0.02990,0.00070,0.00186,0.96754
161.70000,1.05394,0.03113,0.00065,0.00193,0.96629
161.80000,1.05394,0.03184,0.00070,0.00191,0.96555
161.89999,1.05394,0.03337,0.00058,0.00200,0.96405
162.00000,1.05394,0.02947,0.00069,0.00199,0.96786
162.10001,1.05392,0.04149,0.00099,0.00203,0.95549
162.20000,1.05394,0.03343,0.00053,0.00158,0.96445
162.30000,1.05394,0.02584,0.00045,0.00159,0.97213
162.39999,1.05394,0.02676,0.00053,0.00200,0.97072
162.50000,1.05394,0.02248,0.00049,0.00160,0.97543
162.60001,1.05392,0.03352,0.00061,0.00195,0.96392
162.70000,1.05394,0.02355,0.00032,0.00133,0.97480
162.80000,1.05394,0.03736,0.00084,0.00228,0.95952
162.89999,1.05394,0.03103,0.00075,0.00162,0.96660
163.00000,1.05394,0.02734,0.00049,0.00171,0.97045
163.10001,1.05392,0.01653,0.00019,0.00093,0.98235
163.20000,1.05394,0.01950,0.00024,0.00112,0.97914
163.30000,1.05394,0.01288,0.00017,0.00088,0.98607
163.39999,1.05394,0.01168,0.00013,0.00070,0.98749
163.50000,1.05394,0.01206,0.00014,0.00075,0.98705
163.60001,1.05392,0.01133,0.00013,0.00065,0.98789
163.70000,1.05394,0.01644,0.00025,0.00106,0.98225
163.80000,1.05394,0.01221,0.00012,0.00071,0.98696
163.89999,1.05394,0.01324,0.00016,0.00094,0.98565
164.00000,1.05394,0.01590,0.00017,0.00084,0.98309
164.10001,1.05392,0.01862,0.00020,0.00097,0.98022
164.20000,1.05394,0.01512,0.00021,0.00111,0.98355
164.30000,1.05394,0.02255,0.00036,0.00129,0.97580
164.39999,1.05394,0.02007,0.00056,0.00183,0.97753
164.50000,1.05394,0.02618,0.00096,0.00204,0.97082
164.60001,1.05392,0.02014,0.00076,0.00198,0.97712
164.70000,1.05394,0.01792,0.00058,0.00118,0.98032
164.80000,1.05394,0.01364,0.00051,0.00132,0.98453
164.89999,1.05394,0.01837,0.00071,0.00118,0.97974
165.00000,1.05394,0.01869,0.00067,0.00130,0.97934
165.10001,1.05392,0.01686,0.00075,0.00143,0.98096
165.20000,1.05394,0.01002,0.00044,0.00097,0.98857
165.30000,1.05394,0.01164,0.00056,0.00126,0.98654
165.39999,1.05394,0.00811,0.00022,0.00061,0.99106
165.50000,1.05394,0.00641,0.00016,0.00066,0.99278
165.60001,1.05392,0.00733,0.00017,0.00064,0.99186
165.70000,1.05394,0.00887,0.00036,0.00103,0.98975
165.80000,1.05394,0.00664,0.00021,0.00052,0.99263
165.89999,1.05394,0.00441,0.00023,0.00071,0.99465
166.00000,1.05394,0.00489,0.00029,0.00093,0.99389
166.10001,1.05392,0.00647,0.00066,0.00142,0.99146
166.20000,1.05394,0.00632,0.00044,0.00078,0.99247
166.30000,1.05394,0.00865,0.00074,0.00114,0.98946
166.39999,1.05394,0.00852,0.00085,0.00176,0.98887
166.50000,1.05394,0.00699,0.00067,0.00124,0.99110
166.60001,1.05392,0.00883,0.00078,0.00138,0.98902
166.70000,1.05394,0.00732,0.00077,0.00134,0.99058
166.80000,1.05394,0.00729,0.00069,0.00115,0.99087
166.89999,1.05394,0.00410,0.00019,0.00053,0.99518
167.00000,1.05394,0.00340,0.00013,0.00040,0.99606
167.10001,1.05392,0.00487,0.00018,0.00048,0.99446
167.20000,1.05394,0.00403,0.00014,0.00039,0.99544
167.30000,1.05394,0.00254,0.00007,0.00025,0.99714
167.39999,1.05394,0.00322,0.00009,0.00026,0.99643
167.50000,1.05394,0.00251,0.00008,0.00027,0.99714
167.60001,1.05392,0.00254,0.00007,0.00024,0.99714
167.70000,1.05394,0.00641,0.00023,0.00060,0.99276
167.80000,1.05394,0.01081,0.00054,0.00119,0.98746
167.89999,1.05394,0.01324,0.00083,0.00159,0.98434
168.00000,1.05394,0.00847,0.00039,0.00079,0.99035
168.10001,1.05392,0.00978,0.00051,0.00097,0.98874
168.20000,1.05394,0.01013,0.00067,0.00132,0.98788
168.30000,1.05394,0.00892,0.00045,0.00105,0.98957
168.39999,1.05394,0.00892,0.00048,0.00107,0.98952
168.50000,1.05394,0.01017,0.00055,0.00083,0.98845
168.60001,1.05392,0.00819,0.00031,0.00054,0.99096
168.70000,1.05394,0.00767,0.00025,0.00047,0.99162
168.80000,1.05394,0.00773,0.00030,0.00049,0.99148
168.89999,1.05394,0.00830,0.00028,0.00053,0.99089
169.00000,1.05394,0.00878,0.00033,0.00064,0.99024
169.10001,1.05392,0.00608,0.00040,0.00077,0.99275
169.20000,1.05394,0.00972,0.00078,0.00084,0.98866
169.30000,1.05394,0.00912,0.00077,0.00105,0.98906
169.39999,1.05394,0.00832,0.00042,0.00070,0.99055
169.50000,1.05394,0.00774,0.00029,0.00050,0.99147
169.60001,1.05392,0.00917,0.00046,0.00080,0.98957
169.70000,1.05394,0.00982,0.00022,0.00052,0.98944
169.80000,1.05394,0.00654,0.00015,0.00053,0.99278
169.89999,1.05394,0.00709,0.00022,0.00056,0.99213
170.00000,1.05394,0.01213,0.00022,0.00067,0.98698
170.10001,1.05392,0.00837,0.00006,0.00037,0.99119
170.20000,1.05394,0.00863,0.00009,0.00053,0.99075
170.30000,1.05394,0.00840,0.00008,0.00050,0.99101
170.39999,1.05394,0.00592,0.00006,0.00052,0.99349
170.50000,1.05394,0.00682,0.00007,0.00051,0.99260
170.60001,1.05392,0.00775,0.00009,0.00042,0.99174
170.70000,1.05394,0.00435,0.00006,0.00044,0.99514
170.80000,1.05394,0.00568,0.00014,0.00064,0.99353
170.89999,1.05394,0.00581,0.00015,0.00063,0.99341
171.00000,1.05394,0.00641,0.00012,0.00052,0.99294
171.10001,1.05392,0.00611,0.00011,0.00058,0.99319
171.20000,1.05394,0.00713,0.00016,0.00071,0.99200
171.30000,1.05394,0.00595,0.00017,0.00078,0.99311
171.39999,1.05394,0.00322,0.00006,0.00039,0.99633
171.50000,1.05394,0.00227,0.00003,0.00028,0.99742
171.60001,1.05392,0.00349,0.00005,0.00040,0.99607
171.70000,1.05394,0.00285,0.00002,0.00025,0.99688
171.80000,1.05394,0.00235,0.00001,0.00019,0.99745
171.89999,1.05394,0.00166,0.00001,0.00021,0.99812
172.00000,1.05394,0.00104,0.00001,0.00014,0.99881
172.10001,1.05392,0.00079,0.00001,0.00010,0.99911
172.20000,1.05394,0.00102,0.00001,0.00012,0.99885
172.30000,1.05394,0.00135,0.00001,0.00015,0.99849
172.39999,1.05394,0.00301,0.00002,0.00024,0.99672
172.50000,1.05394,0.00230,0.00002,0.00021,0.99747
172.60001,1.05392,0.00298,0.00004,0.00026,0.99673
172.70000,1.05394,0.00349,0.00006,0.00036,0.99609
172.80000,1.05394,0.00632,0.00011,0.00046,0.99311
172.89999,1.05394,0.00868,0.00019,0.00058,0.99055
173.00000,1.05394,0.00719,0.00010,0.00046,0.99225
173.10001,1.05392,0.00772,0.00018,0.00080,0.99130
173.20000,1.05394,0.00770,0.00014,0.00062,0.99154
173.30000,1.05394,0.00783,0.00013,0.00055,0.99149
173.39999,1.05394,0.00684,0.00022,0.00063,0.99231
173.50000,1.05394,0.00867,0.00033,0.00081,0.99020
173.60001,1.05392,0.01403,0.00045,0.00090,0.98462
173.70000,1.05394,0.01206,0.00031,0.00082,0.98681
173.80000,1.05394,0.01042,0.00027,0.00070,0.98862
173.89999,1.05394,0.01187,0.00028,0.00079,0.98706
174.00000,1.05394,0.01394,0.00032,0.00096,0.98478
174.10001,1.05392,0.01671,0.00036,0.00113,0.98180
174.20000,1.05394,0.01614,0.00028,0.00107,0.98251
174.30000,1.05394,0.01580,0.00027,0.00116,0.98277
174.39999,1.05394,0.01293,0.00014,0.00074,0.98619
174.50000,1.05394,0.01187,0.00008,0.00062,0.98743
174.60001,1.05392,0.00845,0.00005,0.00048,0.99102
174.70000,1.05394,0.00984,0.00005,0.00048,0.98963
174.80000,1.05394,0.00965,0.00006,0.00048,0.98981
174.89999,1.05394,0.01251,0.00007,0.00054,0.98688
175.00000,1.05394,0.00947,0.00005,0.00052,0.98996
175.10001,1.05392,0.00861,0.00005,0.00053,0.99081
175.20000,1.05394,0.00957,0.00004,0.00043,0.98996
175.30000,1.05394,0.00896,0.00005,0.00052,0.99046
175.39999,1.05394,0.00923,0.00005,0.00045,0.99027
175.50000,1.05394,0.00971,0.00006,0.00057,0.98966
175.60001,1.05392,0.01211,0.00009,0.00075,0.98705
175.70000,1.05394,0.01574,0.00012,0.00077,0.98337
175.80000,1.05394,0.01403,0.00013,0.00082,0.98502
175.89999,1.05394,0.01759,0.00015,0.00077,0.98149
176.00000,1.05394,0.02439,0.00025,0.00109,0.97426
176.10001,1.05392,0.01991,0.00024,0.00099,0.97887
176.20000,1.05394,0.02602,0.00026,0.00105,0.97267
176.30000,1.05394,0.01858,0.00020,0.00087,0.98035
176.39999,1.05394,0.01708,0.00020,0.00100,0.98172
176.50000,1.05394,0.01313,0.00020,0.00086,0.98581
176.60001,1.05392,0.01616,0.00019,0.00073,0.98292
176.70000,1.05394,0.01928,0.00025,0.00081,0.97966
176.80000,1.05394,0.02411,0.00036,0.00101,0.97452
176.89999,1.05394,0.02393,0.00040,0.00096,0.97471
177.00000,1.05394,0.01862,0.00033,0.00101,0.98004
177.10001,1.05392,0.02630,0.00041,0.00109,0.97220
177.20000,1.05394,0.02300,0.00051,0.00127,0.97522
177.30000,1.05394,0.02552,0.00066,0.00170,0.97212
177.39999,1.05394,0.03159,0.00074,0.00181,0.96587
177.50000,1.05394,0.03820,0.00085,0.00222,0.95873
177.60001,1.05392,0.03915,0.00073,0.00174,0.95839
177.70000,1.05394,0.03515,0.00055,0.00199,0.96230
177.80000,1.05394,0.02245,0.00027,0.00125,0.97603
177.89999,1.05394,0.01998,0.00026,0.00143,0.97833
178.00000,1.05394,0.01425,0.00025,0.00132,0.98418
178.10001,1.05392,0.00887,0.00025,0.00110,0.98979
178.20000,1.05394,0.01002,0.00041,0.00123,0.98835
178.30000,1.05394,0.00876,0.00038,0.00125,0.98961
178.39999,1.05394,0.00658,0.00046,0.00150,0.99147
178.50000,1.05394,0.00714,0.00034,0.00105,0.99147
178.60001,1.05392,0.00509,0.00037,0.00093,0.99361
178.70000,1.05394,0.00617,0.00114,0.00202,0.99067
178.80000,1.05394,0.00782,0.00238,0.00283,0.98698
178.89999,1.05394,0.01093,0.00539,0.00569,0.97799
179.00000,1.05394,0.01045,0.00344,0.00324,0.98287
179.10001,1.05392,0.01005,0.00473,0.00480,0.98042
179.20000,1.05394,0.01194,0.00543,0.00456,0.97807
179.30000,1.05394,0.01638,0.00651,0.00629,0.97083
179.39999,1.05394,0.01776,0.00502,0.00431,0.97291
179.50000,1.05394,0.02570,0.01155,0.00807,0.95467
179.60001,1.05392,0.02285,0.00856,0.00708,0.96151
179.70000,1.05394,0.02217,0.00904,0.00689,0.96190
179.80000,1.05394,0.02045,0.00369,0.00426,0.97160
179.89999,1.05394,0.01893,0.00301,0.00343,0.97463
180.00000,1.05394,0.01722,0.00231,0.00310,0.97737
180.10001,1.05392,0.01634,0.00114,0.00173,0.98078
180.20000,1.05394,0.01776,0.00095,0.00171,0.97959
180.30000,1.05394,0.00984,0.00059,0.00134,0.98824
180.39999,1.05394,0.00927,0.00024,0.00051,0.98998
180.50000,1.05394,0.00465,0.00010,0.00041,0.99485
180.60001,1.05392,0.00491,0.00011,0.00043,0.99455
180.70000,1.05394,0.00414,0.00011,0.00039,0.99535
180.80000,1.05394,0.00529,0.00019,0.00055,0.99397
180.89999,1.05394,0.00566,0.00018,0.00054,0.99361
181.00000,1.05394,0.00895,0.00036,0.00102,0.98968
181.10001,1.05392,0.01154,0.00033,0.00074,0.98739
181.20000,1.05394,0.01248,0.00067,0.00133,0.98551
181.30000,1.05394,0.01947,0.00053,0.00093,0.97907
181.39999,1.05394,0.01964,0.00123,0.00215,0.97698
181.50000,1.05394,0.02384,0.00161,0.00244,0.97211
181.60001,1.05392,0.03170,0.00198,0.00288,0.96343
181.70000,1.05394,0.02566,0.00111,0.00186,0.97137
181.80000,1.05394,0.02692,0.00136,0.00203,0.96969
181.89999,1.05394,0.02743,0.00088,0.00141,0.97027
182.00000,1.05394,0.02981,0.00099,0.00152,0.96768
182.10001,1.05392,0.02930,0.00128,0.00193,0.96749
182.20000,1.05394,0.02528,0.00103,0.00162,0.97207
182.30000,1.05394,0.03147,0.00122,0.00197,0.96534
182.39999,1.05394,0.03300,0.00139,0.00193,0.96368
182.50000,1.05394,0.02762,0.00125,0.00212,0.96901
182.60001,1.05392,0.02034,0.00052,0.00113,0.97801
182.70000,1.05394,0.02271,0.00048,0.00146,0.97534
182.80000,1.05394,0.02446,0.00044,0.00128,0.97382
182.89999,1.05394,0.02557,0.00078,0.00201,0.97165
183.00000,1.05394,0.02117,0.00033,0.00096,0.97754
183.10001,1.05392,0.02331,0.00052,0.00160,0.97456
183.20000,1.05394,0.02109,0.00038,0.00124,0.97729
183.30000,1.05394,0.02371,0.00048,0.00124,0.97457
183.39999,1.05394,0.02112,0.00043,0.00127,0.97718
183.50000,1.05394,0.03049,0.00128,0.00210,0.96612
183.60001,1.05392,0.02215,0.00115,0.00181,0.97490
183.70000,1.05394,0.01905,0.00093,0.00151,0.97851
183.80000,1.05394,0.02028,0.00123,0.00185,0.97664
183.89999,1.05394,0.02441,0.00188,0.00242,0.97129
184.00000,1.05394,0.01415,0.00117,0.00178,0.98290
184.10001,1.05392,0.01557,0.00090,0.00172,0.98181
184.20000,1.05394,0.00897,0.00046,0.00124,0.98932
184.30000,1.05394,0.01091,0.00065,0.00184,0.98660
184.39999,1.05394,0.01012,0.00040,0.00179,0.98769
184.50000,1.05394,0.00922,0.00031,0.00164,0.98882
184.60001,1.05392,0.00950,0.00030,0.00165,0.98854
184.70000,1.05394,0.01322,0.00041,0.00196,0.98442
184.80000,1.05394,0.00978,0.00016,0.00117,0.98888
184.89999,1.05394,0.01251,0.00031,0.00198,0.98520
185.00000,1.05394,0.01464,0.00025,0.00160,0.98351
185.10001,1.05392,0.01943,0.00037,0.00221,0.97800
185.20000,1.05394,0.01591,0.00024,0.00139,0.98246
185.30000,1.05394,0.01319,0.00031,0.00135,0.98516
185.39999,1.05394,0.01686,0.00053,0.00166,0.98095
185.50000,1.05394,0.01612,0.00057,0.00110,0.98220
185.60001,1.05392,0.01737,0.00065,0.00143,0.98055
185.70000,1.05394,0.01495,0.00084,0.00152,0.98270
185.80000,1.05394,0.01764,0.00133,0.00159,0.97944
185.89999,1.05394,0.01628,0.00177,0.00157,0.98039
186.00000,1.05394,0.02112,0.00190,0.00180,0.97518
186.10001,1.05392,0.02348,0.00313,0.00200,0.97140
186.20000,1.05394,0.03811,0.00587,0.00317,0.95284
186.30000,1.05394,0.02278,0.00273,0.00246,0.97203
186.39999,1.05394,0.02845,0.00195,0.00188,0.96771
186.50000,1.05394,0.03063,0.00221,0.00237,0.96480
186.60001,1.05392,0.02952,0.00200,0.00215,0.96634
186.70000,1.05394,0.01793,0.00123,0.00187,0.97898
186.80000,1.05394,0.02026,0.00073,0.00134,0.97767
186.89999,1.05394,0.01644,0.00042,0.00108,0.98206
187.00000,1.05394,0.01647,0.00034,0.00093,0.98226
187.10001,1.05392,0.01221,0.00028,0.00100,0.98651
187.20000,1.05394,0.01234,0.00033,0.00123,0.98609
187.30000,1.05394,0.01360,0.00035,0.00140,0.98465
187.39999,1.05394,0.01162,0.00044,0.00158,0.98636
187.50000,1.05394,0.01071,0.00056,0.00176,0.98697
187.60001,1.05392,0.01394,0.00087,0.00213,0.98306
187.70000,1.05394,0.01125,0.00074,0.00206,0.98594
187.80000,1.05394,0.01254,0.00114,0.00252,0.98380
187.89999,1.05394,0.01573,0.00183,0.00341,0.97904
188.00000,1.05394,0.01821,0.00253,0.00385,0.97541
188.10001,1.05392,0.01450,0.00196,0.00347,0.98008
188.20000,1.05394,0.01415,0.00149,0.00256,0.98179
188.30000,1.05394,0.01427,0.00121,0.00270,0.98182
188.39999,1.05394,0.01253,0.00099,0.00213,0.98435
188.50000,1.05394,0.01573,0.00114,0.00260,0.98053
188.60001,1.05392,0.02161,0.00150,0.00218,0.97471
188.70000,1.05394,0.01860,0.00110,0.00247,0.97783
188.80000,1.05394,0.01991,0.00137,0.00244,0.97627
188.89999,1.05394,0.01348,0.00063,0.00144,0.98444
189.00000,1.05394,0.01502,0.00145,0.00194,0.98159
189.10001,1.05392,0.00851,0.00130,0.00212,0.98807
189.20000,1.05394,0.00823,0.00211,0.00239,0.98727
189.30000,1.05394,0.00795,0.00268,0.00323,0.98614
189.39999,1.05394,0.00725,0.00390,0.00318,0.98567
189.50000,1.05394,0.00927,0.00508,0.00541,0.98023
189.60001,1.05392,0.00743,0.00545,0.00505,0.98207
189.70000,1.05394,0.00709,0.00753,0.00742,0.97796
189.80000,1.05394,0.00695,0.01012,0.00786,0.97507
189.89999,1.05394,0.00830,0.01552,0.01199,0.96418
190.00000,1.05394,0.00729,0.01110,0.01077,0.97084
190.10001,1.05392,0.00925,0.00846,0.01043,0.97186
190.20000,1.05394,0.00957,0.00988,0.00842,0.97213
190.30000,1.05394,0.00953,0.00814,0.00794,0.97439
190.39999,1.05394,0.01180,0.00630,0.00534,0.97657
190.50000,1.05394,0.00959,0.00491,0.00452,0.98098
190.60001,1.05392,0.00958,0.00478,0.00480,0.98084
190.70000,1.05394,0.01323,0.00433,0.00427,0.97817
190.80000,1.05394,0.01330,0.00437,0.00313,0.97921
190.89999,1.05394,0.02852,0.01013,0.00535,0.95600
191.00000,1.05394,0.02147,0.00753,0.00432,0.96668
191.10001,1.05392,0.02787,0.01040,0.00604,0.95569
191.20000,1.05394,0.02081,0.00595,0.00358,0.96966
191.30000,1.05394,0.02583,0.00598,0.00430,0.96389
191.39999,1.05394,0.01781,0.00396,0.00410,0.97412
191.50000,1.05394,0.02339,0.00689,0.00528,0.96443
191.60001,1.05392,0.02418,0.00549,0.00430,0.96604
191.70000,1.05394,0.01637,0.00487,0.00486,0.97390
191.80000,1.05394,0.01372,0.00274,0.00301,0.98052
191.89999,1.05394,0.01241,0.00251,0.00281,0.98226
192.00000,1.05394,0.00962,0.00168,0.00185,0.98686
192.10001,1.05392,0.01119,0.00083,0.00142,0.98656
192.20000,1.05394,0.01006,0.00084,0.00137,0.98773
192.30000,1.05394,0.01221,0.00141,0.00187,0.98450
192.39999,1.05394,0.00955,0.00107,0.00130,0.98808
192.50000,1.05394,0.00979,0.00089,0.00132,0.98800
192.60001,1.05392,0.01298,0.00151,0.00152,0.98399
192.70000,1.05394,0.01148,0.00065,0.00105,0.98683
192.80000,1.05394,0.00798,0.00053,0.00094,0.99055
192.89999,1.05394,0.00758,0.00062,0.00109,0.99070
193.00000,1.05394,0.01097,0.00117,0.00169,0.98617
193.10001,1.05392,0.00857,0.00085,0.00129,0.98929
193.20000,1.05394,0.01032,0.00106,0.00185,0.98676
193.30000,1.05394,0.00770,0.00058,0.00123,0.99049
193.39999,1.05394,0.00837,0.00049,0.00121,0.98993
193.50000,1.05394,0.00839,0.00033,0.00105,0.99022
193.60001,1.05392,0.01026,0.00067,0.00167,0.98741
193.70000,1.05394,0.00881,0.00070,0.00153,0.98895
193.80000,1.05394,0.00908,0.00062,0.00181,0.98849
193.89999,1.05394,0.01246,0.00056,0.00165,0.98533
194.00000,1.05394,0.00934,0.00037,0.00121,0.98909
194.10001,1.05392,0.00819,0.00038,0.00135,0.99008
194.20000,1.05394,0.01049,0.00047,0.00144,0.98760
194.30000,1.05394,0.00811,0.00060,0.00191,0.98938
194.39999,1.05394,0.00668,0.00071,0.00181,0.99080
194.50000,1.05394,0.00741,0.00079,0.00227,0.98954
194.60001,1.05392,0.00874,0.00097,0.00242,0.98786
194.70000,1.05394,0.01280,0.00178,0.00428,0.98115
194.80000,1.05394,0.00948,0.00224,0.00372,0.98455
194.89999,1.05394,0.01022,0.00269,0.00480,0.98229
195.00000,1.05394,0.00980,0.00346,0.00500,0.98174
195.10001,1.05392,0.01531,0.00650,0.00853,0.96965
195.20000,1.05394,0.01291,0.00743,0.00919,0.97047
195.30000,1.05394,0.01013,0.00332,0.00570,0.98085
195.39999,1.05394,0.00560,0.00309,0.00524,0.98606
195.50000,1.05394,0.00562,0.00262,0.00532,0.98645
195.60001,1.05392,0.00565,0.00244,0.00427,0.98764
195.70000,1.05394,0.00359,0.00146,0.00287,0.99209
195.80000,1.05394,0.00482,0.00166,0.00325,0.99027
195.89999,1.05394,0.00424,0.00143,0.00298,0.99135
196.00000,1.05394,0.00565,0.00195,0.00391,0.98849
196.10001,1.05392,0.00666,0.00195,0.00294,0.98845
196.20000,1.05394,0.00873,0.00202,0.00225,0.98700
196.30000,1.05394,0.00873,0.00168,0.00232,0.98727
196.39999,1.05394,0.00733,0.00150,0.00228,0.98889
196.50000,1.05394,0.00794,0.00127,0.00218,0.98862
196.60001,1.05392,0.00732,0.00142,0.00236,0.98890
196.70000,1.05394,0.00471,0.00071,0.00131,0.99327
196.80000,1.05394,0.00469,0.00065,0.00124,0.99342
196.89999,1.05394,0.00435,0.00057,0.00119,0.99389
197.00000,1.05394,0.00501,0.00057,0.00129,0.99312
197.10001,1.05392,0.00438,0.00047,0.00122,0.99393
197.20000,1.05394,0.00519,0.00055,0.00121,0.99305
197.30000,1.05394,0.00326,0.00041,0.00111,0.99522
197.39999,1.05394,0.00417,0.00040,0.00106,0.99437
197.50000,1.05394,0.00408,0.00021,0.00067,0.99504
197.60001,1.05392,0.00674,0.00034,0.00080,0.99213
197.70000,1.05394,0.00400,0.00018,0.00052,0.99530
197.80000,1.05394,0.00555,0.00033,0.00089,0.99322
197.89999,1.05394,0.00527,0.00020,0.00061,0.99392
198.00000,1.05394,0.00651,0.00028,0.00085,0.99237
198.10001,1.05392,0.00490,0.00017,0.00060,0.99433
198.20000,1.05394,0.00714,0.00055,0.00117,0.99113
198.30000,1.05394,0.00961,0.00071,0.00139,0.98830
198.39999,1.05394,0.01373,0.00114,0.00199,0.98313
198.50000,1.05394,0.01353,0.00152,0.00203,0.98293
198.60001,1.05392,0.01344,0.00219,0.00307,0.98131
198.70000,1.05394,0.01525,0.00265,0.00319,0.97891
198.80000,1.05394,0.02157,0.00507,0.00420,0.96916
198.89999,1.05394,0.01758,0.00320,0.00274,0.97648
199.00000,1.05394,0.01528,0.00277,0.00281,0.97914
199.10001,1.05392,0.01500,0.00188,0.00238,0.98075
199.20000,1.05394,0.01183,0.00083,0.00106,0.98628
199.30000,1.05394,0.00989,0.00044,0.00081,0.98886
199.39999,1.05394,0.00887,0.00045,0.00085,0.98983
199.50000,1.05394,0.00856,0.00037,0.00088,0.99019
199.60001,1.05392,0.00774,0.00022,0.00072,0.99133
199.70000,1.05394,0.00638,0.00017,0.00069,0.99276
199.80000,1.05394,0.00475,0.00013,0.00066,0.99446
199.89999,1.05394,0.00476,0.00017,0.00083,0.99424
200.00000,1.05394,0.00837,0.00041,0.00202,0.98920
200.10001,1.05392,0.00866,0.00045,0.00164,0.98925
200.20000,1.05394,0.00817,0.00083,0.00267,0.98833
200.30000,1.05394,0.01361,0.00211,0.00358,0.98070
200.39999,1.05394,0.01196,0.00140,0.00306,0.98358
200.50000,1.05394,0.01472,0.00162,0.00260,0.98107
200.60001,1.05392,0.01349,0.00168,0.00311,0.98172
200.70000,1.05394,0.01552,0.00184,0.00282,0.97983
200.80000,1.05394,0.01907,0.00233,0.00358,0.97503
200.89999,1.05394,0.01414,0.00165,0.00213,0.98209
201.00000,1.05394,0.01803,0.00276,0.00415,0.97506
201.10001,1.05392,0.01904,0.00322,0.00506,0.97268
201.20000,1.05394,0.01707,0.00160,0.00291,0.97842
201.30000,1.05394,0.01270,0.00143,0.00233,0.98354
201.39999,1.05394,0.01007,0.00156,0.00256,0.98580
201.50000,1.05394,0.01033,0.00165,0.00271,0.98531
201.60001,1.05392,0.00974,0.00140,0.00195,0.98691
201.70000,1.05394,0.00759,0.00079,0.00149,0.99012
201.80000,1.05394,0.00648,0.00102,0.00200,0.99050
201.89999,1.05394,0.00852,0.00081,0.00168,0.98899
202.00000,1.05394,0.00673,0.00070,0.00118,0.99139
202.10001,1.05392,0.00555,0.00059,0.00112,0.99274
202.20000,1.05394,0.00763,0.00071,0.00122,0.99043
202.30000,1.05394,0.00770,0.00111,0.00134,0.98985
202.39999,1.05394,0.00635,0.00072,0.00175,0.99118
202.50000,1.05394,0.00525,0.00086,0.00241,0.99148
202.60001,1.05392,0.00722,0.00160,0.00309,0.98809
202.70000,1.05394,0.00889,0.00259,0.00432,0.98420
202.80000,1.05394,0.01309,0.00259,0.00419,0.98013
202.89999,1.05394,0.01179,0.00298,0.00478,0.98045
203.00000,1.05394,0.01143,0.00286,0.00441,0.98129
203.10001,1.05392,0.00989,0.00273,0.00403,0.98335
203.20000,1.05394,0.01370,0.00418,0.00567,0.97644
203.30000,1.05394,0.01016,0.00379,0.00546,0.98059
203.39999,1.05394,0.01371,0.00405,0.00369,0.97854
203.50000,1.05394,0.01368,0.00436,0.00419,0.97776
203.60001,1.05392,0.01259,0.00290,0.00336,0.98115
203.70000,1.05394,0.01207,0.00320,0.00338,0.98135
203.80000,1.05394,0.01172,0.00393,0.00342,0.98093
203.89999,1.05394,0.01964,0.00560,0.00380,0.97096
204.00000,1.05394,0.01698,0.00361,0.00348,0.97593
204.10001,1.05392,0.02070,0.00509,0.00404,0.97017
204.20000,1.05394,0.02369,0.00410,0.00327,0.96894
204.30000,1.05394,0.02164,0.00374,0.00268,0.97195
204.39999,1.05394,0.01795,0.00281,0.00247,0.97677
204.50000,1.05394,0.02359,0.00213,0.00153,0.97275
204.60001,1.05392,0.01291,0.00157,0.00167,0.98386
204.70000,1.05394,0.01371,0.00209,0.00188,0.98232
204.80000,1.05394,0.01317,0.00255,0.00257,0.98171
204.89999,1.05394,0.01375,0.00268,0.00271,0.98087
205.00000,1.05394,0.01354,0.00140,0.00174,0.98331
205.10001,1.05392,0.01098,0.00081,0.00138,0.98683
205.20000,1.05394,0.00960,0.00079,0.00165,0.98797
205.30000,1.05394,0.00972,0.00082,0.00191,0.98754
205.39999,1.05394,0.00849,0.00062,0.00152,0.98938
205.50000,1.05394,0.00766,0.00097,0.00251,0.98886
205.60001,1.05392,0.00923,0.00096,0.00223,0.98758
205.70000,1.05394,0.00608,0.00060,0.00171,0.99161
205.80000,1.05394,0.00772,0.00082,0.00206,0.98940
205.89999,1.05394,0.00673,0.00090,0.00171,0.99066
206.00000,1.05394,0.00898,0.00148,0.00234,0.98720
206.10001,1.05392,0.00863,0.00227,0.00295,0.98614
206.20000,1.05394,0.00794,0.00356,0.00463,0.98386
206.30000,1.05394,0.00654,0.00323,0.00463,0.98561
206.39999,1.05394,0.00558,0.00265,0.00545,0.98632
206.50000,1.05394,0.00574,0.00260,0.00449,0.98716
206.60001,1.05392,0.00526,0.00236,0.00468,0.98769
206.70000,1.05394,0.00729,0.00386,0.00745,0.98140
206.80000,1.05394,0.00539,0.00173,0.00542,0.98746
206.89999,1.05394,0.00578,0.00322,0.00734,0.98366
207.00000,1.05394,0.00389,0.00157,0.00550,0.98904
207.10001,1.05392,0.00290,0.00148,0.00606,0.98956
207.20000,1.05394,0.00518,0.00269,0.01074,0.98139
207.30000,1.05394,0.00410,0.00354,0.01041,0.98196
207.39999,1.05394,0.00462,0.00247,0.00874,0.98417
207.50000,1.05394,0.00391,0.00187,0.00624,0.98798
207.60001,1.05392,0.00280,0.00112,0.00337,0.99271
207.70000,1.05394,0.00430,0.00149,0.00425,0.98997
207.80000,1.05394,0.00513,0.00145,0.00407,0.98935
207.89999,1.05394,0.00535,0.00104,0.00319,0.99042
208.00000,1.05394,0.00474,0.00079,0.00233,0.99213
208.10001,1.05392,0.00445,0.00062,0.00193,0.99300
208.20000,1.05394,0.00570,0.00031,0.00104,0.99294
208.30000,1.05394,0.00825,0.00046,0.00124,0.99005
208.39999,1.05394,0.00655,0.00040,0.00115,0.99191
208.50000,1.05394,0.00815,0.00033,0.00120,0.99031
208.60001,1.05392,0.00712,0.00017,0.00066,0.99205
208.70000,1.05394,0.00732,0.00035,0.00118,0.99115
208.80000,1.05394,0.01082,0.00053,0.00123,0.98742
208.89999,1.05394,0.01097,0.00068,0.00147,0.98688
209.00000,1.05394,0.01158,0.00073,0.00165,0.98604
209.10001,1.05392,0.01207,0.00068,0.00143,0.98583
209.20000,1.05394,0.01426,0.00063,0.00148,0.98363
209.30000,1.05394,0.01867,0.00088,0.00151,0.97895
209.39999,1.05394,0.01593,0.00095,0.00157,0.98155
209.50000,1.05394,0.01643,0.00137,0.00199,0.98021
209.60001,1.05392,0.01367,0.00072,0.00143,0.98418
209.70000,1.05394,0.01589,0.00063,0.00130,0.98218
209.80000,1.05394,0.01377,0.00037,0.00100,0.98486
209.89999,1.05394,0.01323,0.00046,0.00126,0.98505
210.00000,1.05394,0.01235,0.00038,0.00107,0.98619
210.10001,1.05392,0.01499,0.00039,0.00096,0.98366
210.20000,1.05394,0.01302,0.00042,0.00102,0.98554
210.30000,1.05394,0.01317,0.00050,0.00132,0.98501
210.39999,1.05394,0.01881,0.00055,0.00115,0.97949
210.50000,1.05394,0.01367,0.00042,0.00113,0.98478
210.60001,1.05392,0.00956,0.00046,0.00133,0.98865
210.70000,1.05394,0.01028,0.00056,0.00150,0.98766
210.80000,1.05394,0.01328,0.00121,0.00234,0.98317
210.89999,1.05394,0.01551,0.00169,0.00341,0.97939
211.00000,1.05394,0.01504,0.00216,0.00408,0.97872
211.10001,1.05392,0.01744,0.00306,0.00523,0.97427
211.20000,1.05394,0.01847,0.00280,0.00428,0.97444
211.30000,1.05394,0.01275,0.00212,0.00379,0.98134
211.39999,1.05394,0.01493,0.00371,0.00584,0.97552
211.50000,1.05394,0.02376,0.00631,0.00741,0.96252
211.60001,1.05392,0.02285,0.00484,0.00549,0.96682
211.70000,1.05394,0.01828,0.00350,0.00488,0.97335
211.80000,1.05394,0.01636,0.00248,0.00300,0.97816
211.89999,1.05394,0.01240,0.00125,0.00197,0.98439
212.00000,1.05394,0.00937,0.00075,0.00149,0.98840
212.10001,1.05392,0.01193,0.00088,0.00179,0.98540
212.20000,1.05394,0.01036,0.00077,0.00162,0.98724
212.30000,1.05394,0.01161,0.00066,0.00152,0.98620
212.39999,1.05394,0.01068,0.00077,0.00169,0.98686
212.50000,1.05394,0.01058,0.00064,0.00162,0.98717
212.60001,1.05392,0.01030,0.00078,0.00145,0.98747
212.70000,1.05394,0.01241,0.00071,0.00172,0.98516
212.80000,1.05394,0.01167,0.00061,0.00135,0.98636
212.89999,1.05394,0.01031,0.00063,0.00120,0.98786
213.00000,1.05394,0.01215,0.00062,0.00120,0.98603
213.10001,1.05392,0.00992,0.00084,0.00144,0.98780
213.20000,1.05394,0.01608,0.00089,0.00133,0.98169
213.30000,1.05394,0.01113,0.00059,0.00127,0.98700
213.39999,1.05394,0.01408,0.00047,0.00094,0.98451
213.50000,1.05394,0.01236,0.00048,0.00111,0.98605
213.60001,1.05392,0.01343,0.00045,0.00114,0.98498
213.70000,1.05394,0.01248,0.00036,0.00089,0.98627
213.80000,1.05394,0.01011,0.00025,0.00084,0.98880
213.89999,1.05394,0.00961,0.00027,0.00093,0.98919
214.00000,1.05394,0.00691,0.00019,0.00089,0.99201
214.10001,1.05392,0.00803,0.00012,0.00059,0.99127
214.20000,1.05394,0.00618,0.00013,0.00060,0.99309
214.30000,1.05394,0.00558,0.00016,0.00065,0.99361
214.39999,1.05394,0.00774,0.00021,0.00073,0.99133
214.50000,1.05394,0.00629,0.00018,0.00069,0.99284
214.60001,1.05392,0.00586,0.00011,0.00053,0.99350
214.70000,1.05394,0.00498,0.00014,0.00058,0.99430
214.80000,1.05394,0.00647,0.00029,0.00113,0.99211
214.89999,1.05394,0.01032,0.00069,0.00178,0.98721
215.00000,1.05394,0.01024,0.00062,0.00141,0.98772
215.10001,1.05392,0.01381,0.00079,0.00187,0.98354
215.20000,1.05394,0.00933,0.00056,0.00154,0.98857
215.30000,1.05394,0.00893,0.00050,0.00120,0.98938
215.39999,1.05394,0.00975,0.00072,0.00131,0.98821
215.50000,1.05394,0.00650,0.00053,0.00130,0.99168
215.60001,1.05392,0.00700,0.00047,0.00097,0.99156
215.70000,1.05394,0.00601,0.00032,0.00068,0.99299
215.80000,1.05394,0.00484,0.00018,0.00051,0.99447
215.89999,1.05394,0.00573,0.00017,0.00054,0.99356
216.00000,1.05394,0.00502,0.00012,0.00041,0.99445
216.10001,1.05392,0.00550,0.00014,0.00051,0.99385
216.20000,1.05394,0.00406,0.00010,0.00042,0.99542
216.30000,1.05394,0.00457,0.00010,0.00046,0.99487
216.39999,1.05394,0.00558,0.00017,0.00069,0.99357
216.50000,1.05394,0.01069,0.00029,0.00079,0.98823
216.60001,1.05392,0.00764,0.00027,0.00082,0.99127
216.70000,1.05394,0.01348,0.00041,0.00117,0.98495
216.80000,1.05394,0.01289,0.00050,0.00130,0.98530
216.89999,1.05394,0.01498,0.00083,0.00170,0.98248
217.00000,1.05394,0.02209,0.00169,0.00223,0.97399
217.10001,1.05392,0.02295,0.00245,0.00254,0.97206
217.20000,1.05394,0.02041,0.00247,0.00306,0.97407
217.30000,1.05394,0.02217,0.00228,0.00211,0.97344
217.39999,1.05394,0.01227,0.00098,0.00159,0.98517
217.50000,1.05394,0.01816,0.00303,0.00424,0.97457
217.60001,1.05392,0.01019,0.00173,0.00230,0.98578
217.70000,1.05394,0.01848,0.00527,0.00376,0.97249
217.80000,1.05394,0.01514,0.00305,0.00243,0.97938
217.89999,1.05394,0.01312,0.00138,0.00169,0.98381
218.00000,1.05394,0.00856,0.00079,0.00121,0.98944
218.10001,1.05392,0.01155,0.00077,0.00131,0.98636
218.20000,1.05394,0.00526,0.00040,0.00118,0.99315
218.30000,1.05394,0.00659,0.00040,0.00130,0.99172
218.39999,1.05394,0.00588,0.00020,0.00069,0.99323
218.50000,1.05394,0.00766,0.00021,0.00066,0.99147
218.60001,1.05392,0.00612,0.00015,0.00057,0.99316
218.70000,1.05394,0.00568,0.00012,0.00050,0.99370
218.80000,1.05394,0.00568,0.00015,0.00054,0.99363
218.89999,1.05394,0.00301,0.00015,0.00063,0.99622
219.00000,1.05394,0.00328,0.00017,0.00046,0.99610
219.10001,1.05392,0.00434,0.00037,0.00073,0.99456
219.20000,1.05394,0.00547,0.00052,0.00086,0.99314
219.30000,1.05394,0.00702,0.00080,0.00128,0.99091
219.39999,1.05394,0.00991,0.00164,0.00156,0.98689
219.50000,1.05394,0.00716,0.00183,0.00204,0.98896
219.60001,1.05392,0.00974,0.00220,0.00208,0.98598
219.70000,1.05394,0.01032,0.00241,0.00216,0.98512
219.80000,1.05394,0.01190,0.00252,0.00282,0.98277
219.89999,1.05394,0.01812,0.00295,0.00294,0.97599
220.00000,1.05394,0.02055,0.00330,0.00297,0.97318
220.10001,1.05392,0.01293,0.00236,0.00236,0.98235
220.20000,1.05394,0.01355,0.00242,0.00311,0.98091
220.30000,1.05394,0.01426,0.00190,0.00421,0.97963
220.39999,1.05394,0.02097,0.00307,0.00794,0.96802
220.50000,1.05394,0.01390,0.00199,0.00473,0.97938
220.60001,1.05392,0.01447,0.00139,0.00502,0.97913
220.70000,1.05394,0.01235,0.00164,0.00490,0.98112
220.80000,1.05394,0.02258,0.00241,0.00727,0.96773
220.89999,1.05394,0.01121,0.00101,0.00347,0.98431
221.00000,1.05394,0.01070,0.00122,0.00579,0.98229
221.10001,1.05392,0.01482,0.00149,0.00520,0.97849
221.20000,1.05394,0.01234,0.00126,0.00283,0.98357
221.30000,1.05394,0.01050,0.00095,0.00167,0.98689
221.39999,1.05394,0.01170,0.00090,0.00135,0.98605
221.50000,1.05394,0.00969,0.00070,0.00122,0.98839
221.60001,1.05392,0.01383,0.00072,0.00139,0.98406
221.70000,1.05394,0.00916,0.00065,0.00146,0.98873
221.80000,1.05394,0.00750,0.00043,0.00101,0.99106
221.89999,1.05394,0.00914,0.00054,0.00121,0.98911
222.00000,1.05394,0.00746,0.00039,0.00115,0.99101
222.10001,1.05392,0.00874,0.00043,0.00104,0.98978
222.20000,1.05394,0.00924,0.00032,0.00093,0.98951
222.30000,1.05394,0.00764,0.00017,0.00069,0.99151
222.39999,1.05394,0.00509,0.00017,0.00076,0.99398
222.50000,1.05394,0.00572,0.00019,0.00083,0.99327
222.60001,1.05392,0.00717,0.00019,0.00072,0.99192
222.70000,1.05394,0.01181,0.00034,0.00113,0.98672
222.80000,1.05394,0.01526,0.00025,0.00083,0.98366
222.89999,1.05394,0.01515,0.00024,0.00085,0.98375
223.00000,1.05394,0.01561,0.00018,0.00091,0.98330
223.10001,1.05392,0.01684,0.00018,0.00084,0.98214
223.20000,1.05394,0.01804,0.00026,0.00100,0.98070
223.30000,1.05394,0.01834,0.00031,0.00112,0.98023
223.39999,1.05394,0.01937,0.00035,0.00133,0.97895
223.50000,1.05394,0.02107,0.00040,0.00143,0.97710
223.60001,1.05392,0.01500,0.00051,0.00163,0.98286
223.70000,1.05394,0.02599,0.00094,0.00214,0.97094
223.80000,1.05394,0.01905,0.00098,0.00204,0.97793
223.89999,1.05394,0.01681,0.00096,0.00204,0.98019
224.00000,1.05394,0.01723,0.00110,0.00193,0.97974
224.10001,1.05392,0.01609,0.00120,0.00246,0.98025
224.20000,1.05394,0.01349,0.00129,0.00198,0.98325
224.30000,1.05394,0.01162,0.00144,0.00244,0.98449
224.39999,1.05394,0.00752,0.00063,0.00100,0.99084
224.50000,1.05394,0.00574,0.00049,0.00098,0.99279
224.60001,1.05392,0.00262,0.00016,0.00047,0.99675
224.70000,1.05394,0.00253,0.00012,0.00041,0.99694
224.80000,1.05394,0.00210,0.00007,0.00027,0.99755
224.89999,1.05394,0.00211,0.00006,0.00021,0.99761
225.00000,1.05394,0.00151,0.00005,0.00031,0.99813
225.10001,1.05392,0.00199,0.00006,0.00029,0.99765
225.20000,1.05394,0.00209,0.00006,0.00028,0.99757
225.30000,1.05394,0.00453,0.00024,0.00063,0.99461
225.39999,1.05394,0.00737,0.00096,0.00217,0.98950
225.50000,1.05394,0.02303,0.00390,0.00437,0.96870
225.60001,1.05392,0.03292,0.00712,0.00524,0.95473
225.70000,1.05394,0.02373,0.01568,0.00901,0.95158
225.80000,1.05394,0.02231,0.02153,0.01185,0.94430
225.89999,1.05394,0.04425,0.07573,0.01938,0.86063
226.00000,1.05394,0.02301,0.04998,0.01285,0.91417
226.10001,1.05392,0.03080,0.04547,0.01498,0.90875
226.20000,1.05394,0.01596,0.01605,0.00747,0.96051
226.30000,1.05394,0.01332,0.01166,0.00580,0.96922
226.39999,1.05394,0.00692,0.00515,0.00331,0.98463
226.50000,1.05394,0.00500,0.00158,0.00200,0.99143
226.60001,1.05392,0.00960,0.00248,0.00340,0.98451
226.70000,1.05394,0.01194,0.00404,0.00315,0.98087
226.80000,1.05394,0.02631,0.00388,0.00279,0.96701
226.89999,1.05394,0.02228,0.00620,0.00291,0.96861
227.00000,1.05394,0.05050,0.02418,0.00491,0.92042
227.10001,1.05392,0.28203,0.01953,0.00430,0.69414
227.20000,1.05394,0.72384,0.02129,0.00605,0.24883
227.30000,1.05394,0.67574,0.01721,0.00628,0.30077
227.39999,1.05394,0.75863,0.01817,0.00541,0.21779
227.50000,1.05394,0.72602,0.01817,0.00426,0.25155
227.60001,1.05392,0.67333,0.01164,0.00582,0.30921
227.70000,1.05394,0.54421,0.00810,0.00501,0.44269
227.80000,1.05394,0.40916,0.00378,0.00450,0.58255
227.89999,1.05394,0.33070,0.00315,0.00570,0.66045
228.00000,1.05394,0.14896,0.00134,0.00317,0.84653
228.10001,1.05392,0.01911,0.00092,0.00146,0.97851
228.20000,1.05394,0.00884,0.00081,0.00114,0.98921
228.30000,1.05394,0.01451,0.00251,0.00213,0.98085
228.39999,1.05394,0.01753,0.00242,0.00219,0.97786
228.50000,1.05394,0.01407,0.00250,0.00320,0.98023
228.60001,1.05392,0.01726,0.00474,0.00447,0.97353
228.70000,1.05394,0.02719,0.00575,0.00595,0.96110
228.80000,1.05394,0.10031,0.00780,0.00406,0.88783
228.89999,1.05394,0.12137,0.01158,0.00618,0.86087
229.00000,1.05394,0.13670,0.00967,0.00541,0.84822
229.10001,1.05392,0.27260,0.01858,0.00719,0.70163
229.20000,1.05394,0.24841,0.02635,0.00964,0.71559
229.30000,1.05394,0.11359,0.00855,0.00386,0.87400
229.39999,1.05394,0.08355,0.00699,0.00306,0.90641
229.50000,1.05394,0.11535,0.01117,0.00306,0.87041
229.60001,1.05392,0.09381,0.00805,0.00322,0.89492
229.70000,1.05394,0.07596,0.00469,0.00141,0.91795
229.80000,1.05394,0.02915,0.00334,0.00211,0.96540
229.89999,1.05394,0.06913,0.01476,0.00388,0.91224
230.00000,1.05394,0.18889,0.03028,0.00585,0.77498
230.10001,1.05392,0.12146,0.02137,0.00329,0.85388
230.20000,1.05394,0.09563,0.00659,0.00326,0.89452
230.30000,1.05394,0.12111,0.01286,0.00490,0.86113
230.39999,1.05394,0.09625,0.00456,0.00292,0.89628
230.50000,1.05394,0.04642,0.00188,0.00160,0.95009
230.60001,1.05392,0.02823,0.00089,0.00141,0.96947
230.70000,1.05394,0.02790,0.00115,0.00156,0.96939
230.80000,1.05394,0.01805,0.00050,0.00111,0.98034
230.89999,1.05394,0.00227,0.00008,0.00032,0.99732
231.00000,1.05394,0.00088,0.00003,0.00018,0.99891
231.10001,1.05392,0.00136,0.00005,0.00021,0.99838
231.20000,1.05394,0.00185,0.00013,0.00047,0.99755
231.30000,1.05394,0.00197,0.00011,0.00041,0.99751
231.39999,1.05394,0.00268,0.00022,0.00068,0.99642
231.50000,1.05394,0.00422,0.00055,0.00105,0.99418
231.60001,1.05392,0.00754,0.00117,0.00168,0.98961
231.70000,1.05394,0.00714,0.00102,0.00136,0.99048
231.80000,1.05394,0.00697,0.00096,0.00153,0.99054
231.89999,1.05394,0.00713,0.00083,0.00108,0.99096
232.00000,1.05394,0.00648,0.00087,0.00142,0.99123
232.10001,1.05392,0.00905,0.00105,0.00147,0.98843
232.20000,1.05394,0.01550,0.00105,0.00139,0.98206
232.30000,1.05394,0.01220,0.00080,0.00119,0.98581
232.39999,1.05394,0.01421,0.00072,0.00100,0.98406
232.50000,1.05394,0.01147,0.00029,0.00084,0.98740
232.60001,1.05392,0.01402,0.00033,0.00079,0.98487
232.70000,1.05394,0.01320,0.00035,0.00085,0.98560
232.80000,1.05394,0.01292,0.00027,0.00082,0.98599
232.89999,1.05394,0.01421,0.00025,0.00085,0.98469
233.00000,1.05394,0.01113,0.00016,0.00067,0.98804
233.10001,1.05392,0.00978,0.00012,0.00062,0.98947
233.20000,1.05394,0.01052,0.00012,0.00062,0.98874
233.30000,1.05394,0.01080,0.00013,0.00068,0.98840
233.39999,1.05394,0.00855,0.00010,0.00062,0.99072
233.50000,1.05394,0.00611,0.00009,0.00067,0.99313
233.60001,1.05392,0.00604,0.00008,0.00052,0.99336
233.70000,1.05394,0.00623,0.00009,0.00050,0.99318
233.80000,1.05394,0.00941,0.00012,0.00054,0.98993
233.89999,1.05394,0.00618,0.00021,0.00077,0.99284
234.00000,1.05394,0.00967,0.00055,0.00157,0.98822
234.10001,1.05392,0.00793,0.00060,0.00139,0.99008
234.20000,1.05394,0.01328,0.00134,0.00186,0.98352
234.30000,1.05394,0.01250,0.00186,0.00215,0.98349
234.39999,1.05394,0.01280,0.00187,0.00232,0.98301
234.50000,1.05394,0.01103,0.00232,0.00248,0.98417
234.60001,1.05392,0.01426,0.00599,0.00535,0.97440
234.70000,1.05394,0.01421,0.00719,0.00437,0.97423
234.80000,1.05394,0.01040,0.00811,0.00537,0.97612
234.89999,1.05394,0.01166,0.00627,0.00460,0.97747
235.00000,1.05394,0.01698,0.00795,0.00407,0.97100
235.10001,1.05392,0.01325,0.00489,0.00438,0.97748
235.20000,1.05394,0.00803,0.00389,0.00360,0.98449
235.30000,1.05394,0.01123,0.00738,0.00569,0.97571
235.39999,1.05394,0.01813,0.01389,0.00506,0.96292
235.50000,1.05394,0.01283,0.00578,0.00345,0.97793
235.60001,1.05392,0.01270,0.00784,0.00431,0.97515
235.70000,1.05394,0.01741,0.01382,0.00687,0.96190
235.80000,1.05394,0.01694,0.02041,0.00626,0.95640
235.89999,1.05394,0.01820,0.01578,0.00510,0.96092
236.00000,1.05394,0.01194,0.01122,0.00378,0.97306
236.10001,1.05392,0.01454,0.00949,0.00341,0.97256
236.20000,1.05394,0.01070,0.00632,0.00313,0.97985
236.30000,1.05394,0.00855,0.00282,0.00186,0.98677
236.39999,1.05394,0.00779,0.00188,0.00177,0.98857
236.50000,1.05394,0.00703,0.00133,0.00144,0.99020
236.60001,1.05392,0.00765,0.00059,0.00101,0.99074
236.70000,1.05394,0.00373,0.00013,0.00054,0.99560
236.80000,1.05394,0.00406,0.00011,0.00048,0.99535
236.89999,1.05394,0.00399,0.00009,0.00042,0.99550
237.00000,1.05394,0.00497,0.00016,0.00066,0.99421
237.10001,1.05392,0.00767,0.00020,0.00082,0.99131
237.20000,1.05394,0.00844,0.00020,0.00095,0.99041
237.30000,1.05394,0.00881,0.00017,0.00096,0.99006
237.39999,1.05394,0.00914,0.00027,0.00129,0.98930
237.50000,1.05394,0.00771,0.00012,0.00076,0.99141
237.60001,1.05392,0.00858,0.00013,0.00096,0.99033
237.70000,1.05394,0.00882,0.00016,0.00124,0.98978
237.80000,1.05394,0.00664,0.00013,0.00103,0.99220
237.89999,1.05394,0.00720,0.00011,0.00103,0.99165
238.00000,1.05394,0.00509,0.00007,0.00075,0.99409
238.10001,1.05392,0.00462,0.00008,0.00078,0.99452
238.20000,1.05394,0.00269,0.00005,0.00046,0.99679
238.30000,1.05394,0.00429,0.00010,0.00068,0.99492
238.39999,1.05394,0.00547,0.00013,0.00070,0.99370
238.50000,1.05394,0.00379,0.00016,0.00089,0.99516
238.60001,1.05392,0.00215,0.00011,0.00042,0.99732
238.70000,1.05394,0.00323,0.00024,0.00107,0.99545
238.80000,1.05394,0.00493,0.00047,0.00103,0.99357
238.89999,1.05394,0.00324,0.00058,0.00141,0.99477
239.00000,1.05394,0.00424,0.00108,0.00176,0.99292
239.10001,1.05392,0.01113,0.00550,0.00547,0.97790
239.20000,1.05394,0.01131,0.00565,0.00349,0.97954
239.30000,1.05394,0.00980,0.00330,0.00285,0.98405
239.39999,1.05394,0.01091,0.00753,0.00526,0.97629
239.50000,1.05394,0.01749,0.00546,0.00489,0.97217
239.60001,1.05392,0.01368,0.01007,0.00594,0.97031
239.70000,1.05394,0.01326,0.00638,0.00386,0.97649
239.80000,1.05394,0.03296,0.03465,0.00596,0.92643
239.89999,1.05394,0.02577,0.02582,0.00397,0.94444
240.00000,1.05394,0.02660,0.02240,0.00261,0.94840
240.10001,1.05392,0.01032,0.00735,0.00178,0.98055
240.20000,1.05394,0.00993,0.00489,0.00109,0.98409
240.30000,1.05394,0.00530,0.00530,0.00182,0.98758
240.39999,1.05394,0.00406,0.00340,0.00182,0.99072
240.50000,1.05394,0.00399,0.00561,0.00251,0.98789
240.60001,1.05392,0.00430,0.00223,0.00149,0.99198
240.70000,1.05394,0.00265,0.00071,0.00134,0.99529
240.80000,1.05394,0.00185,0.00044,0.00147,0.99624
240.89999,1.05394,0.00187,0.00022,0.00155,0.99636
241.00000,1.05394,0.00265,0.00044,0.00158,0.99534
241.10001,1.05392,0.00392,0.00056,0.00191,0.99361
241.20000,1.05394,0.00900,0.00135,0.00414,0.98550
241.30000,1.05394,0.01298,0.00170,0.00322,0.98210
241.39999,1.05394,0.01932,0.00119,0.00204,0.97745
241.50000,1.05394,0.01580,0.00141,0.00247,0.98032
241.60001,1.05392,0.01802,0.00132,0.00266,0.97800
241.70000,1.05394,0.03047,0.00265,0.00418,0.96269
241.80000,1.05394,0.04340,0.00280,0.00353,0.95027
241.89999,1.05394,0.03375,0.00203,0.00303,0.96118
242.00000,1.05394,0.03310,0.00153,0.00260,0.96277
242.10001,1.05392,0.01856,0.00061,0.00159,0.97924
242.20000,1.05394,0.00572,0.00022,0.00108,0.99298
242.30000,1.05394,0.00201,0.00009,0.00042,0.99748
242.39999,1.05394,0.00183,0.00009,0.00052,0.99756
242.50000,1.05394,0.00142,0.00007,0.00031,0.99820
242.60001,1.05392,0.00156,0.00007,0.00038,0.99799
242.70000,1.05394,0.00168,0.00004,0.00023,0.99806
242.80000,1.05394,0.00193,0.00004,0.00036,0.99766
242.89999,1.05394,0.00185,0.00005,0.00038,0.99772
243.00000,1.05394,0.00231,0.00006,0.00044,0.99719
243.10001,1.05392,0.00568,0.00012,0.00087,0.99333
243.20000,1.05394,0.01108,0.00017,0.00148,0.98726
243.30000,1.05394,0.02167,0.00037,0.00262,0.97534
243.39999,1.05394,0.03017,0.00045,0.00339,0.96599
243.50000,1.05394,0.02942,0.00043,0.00421,0.96594
243.60001,1.05392,0.03001,0.00035,0.00378,0.96586
243.70000,1.05394,0.03074,0.00038,0.00373,0.96515
243.80000,1.05394,0.03084,0.00038,0.00391,0.96486
243.89999,1.05394,0.03858,0.00047,0.00429,0.95666
244.00000,1.05394,0.04863,0.00079,0.00520,0.94538
244.10001,1.05392,0.06679,0.00110,0.00591,0.92620
244.20000,1.05394,0.06458,0.00096,0.00545,0.92901
244.30000,1.05394,0.05926,0.00106,0.00504,0.93464
244.39999,1.05394,0.04975,0.00109,0.00412,0.94503
244.50000,1.05394,0.05749,0.00107,0.00339,0.93804
244.60001,1.05392,0.05655,0.00130,0.00412,0.93803
244.70000,1.05394,0.05498,0.00105,0.00342,0.94055
244.80000,1.05394,0.03970,0.00074,0.00279,0.95677
244.89999,1.05394,0.03854,0.00065,0.00233,0.95847
245.00000,1.05394,0.03443,0.00068,0.00240,0.96248
245.10001,1.05392,0.03026,0.00056,0.00227,0.96691
245.20000,1.05394,0.02935,0.00050,0.00226,0.96789
245.30000,1.05394,0.02864,0.00062,0.00274,0.96800
245.39999,1.05394,0.02208,0.00039,0.00160,0.97593
245.50000,1.05394,0.01824,0.00036,0.00161,0.97979
245.60001,1.05392,0.01604,0.00030,0.00133,0.98234
245.70000,1.05394,0.02359,0.00048,0.00162,0.97432
245.80000,1.05394,0.01972,0.00047,0.00157,0.97823
245.89999,1.05394,0.01638,0.00038,0.00148,0.98177
246.00000,1.05394,0.01535,0.00058,0.00176,0.98231
246.10001,1.05392,0.02111,0.00096,0.00187,0.97606
246.20000,1.05394,0.01838,0.00081,0.00156,0.97926
246.30000,1.05394,0.02321,0.00116,0.00182,0.97382
246.39999,1.05394,0.02423,0.00139,0.00169,0.97269
246.50000,1.05394,0.02182,0.00113,0.00174,0.97530
246.60001,1.05392,0.02115,0.00097,0.00145,0.97643
246.70000,1.05394,0.02050,0.00075,0.00149,0.97726
246.80000,1.05394,0.02116,0.00075,0.00157,0.97652
246.89999,1.05394,0.01618,0.00051,0.00123,0.98208
247.00000,1.05394,0.01830,0.00034,0.00103,0.98033
247.10001,1.05392,0.02141,0.00035,0.00122,0.97702
247.20000,1.05394,0.01910,0.00027,0.00111,0.97952
247.30000,1.05394,0.01273,0.00015,0.00105,0.98607
247.39999,1.05394,0.01428,0.00027,0.00116,0.98429
247.50000,1.05394,0.01966,0.00045,0.00210,0.97778
247.60001,1.05392,0.01968,0.00101,0.00252,0.97679
247.70000,1.05394,0.02445,0.00102,0.00254,0.97199
247.80000,1.05394,0.03095,0.00224,0.00310,0.96371
247.89999,1.05394,0.03574,0.00222,0.00423,0.95782
248.00000,1.05394,0.02930,0.00240,0.00373,0.96458
248.10001,1.05392,0.02874,0.00205,0.00343,0.96577
248.20000,1.05394,0.05179,0.00561,0.00541,0.93718
248.30000,1.05394,0.05307,0.00399,0.00590,0.93704
248.39999,1.05394,0.05320,0.00262,0.00413,0.94005
248.50000,1.05394,0.05533,0.00204,0.00474,0.93790
248.60001,1.05392,0.05406,0.00134,0.00380,0.94080
248.70000,1.05394,0.05864,0.00140,0.00398,0.93598
248.80000,1.05394,0.05430,0.00093,0.00240,0.94237
248.89999,1.05394,0.05503,0.00096,0.00282,0.94119
249.00000,1.05394,0.05762,0.00090,0.00289,0.93858
249.10001,1.05392,0.04124,0.00060,0.00253,0.95563
249.20000,1.05394,0.03445,0.00048,0.00189,0.96318
249.30000,1.05394,0.02755,0.00048,0.00170,0.97027
249.39999,1.05394,0.02556,0.00040,0.00124,0.97280
249.50000,1.05394,0.02837,0.00064,0.00138,0.96961
249.60001,1.05392,0.02140,0.00041,0.00126,0.97693
249.70000,1.05394,0.02148,0.00034,0.00099,0.97718
249.80000,1.05394,0.02018,0.00028,0.00087,0.97866
249.89999,1.05394,0.01702,0.00035,0.00096,0.98167
250.00000,1.05394,0.01903,0.00033,0.00081,0.97983
250.10001,1.05392,0.02403,0.00053,0.00119,0.97425
250.20000,1.05394,0.02274,0.00043,0.00104,0.97579
250.30000,1.05394,0.01608,0.00047,0.00121,0.98224
250.39999,1.05394,0.01496,0.00041,0.00112,0.98351
250.50000,1.05394,0.01818,0.00050,0.00128,0.98005
250.60001,1.05392,0.01952,0.00051,0.00139,0.97857
250.70000,1.05394,0.01792,0.00058,0.00127,0.98023
250.80000,1.05394,0.01504,0.00068,0.00155,0.98273
250.89999,1.05394,0.01333,0.00040,0.00107,0.98520
251.00000,1.05394,0.01392,0.00041,0.00108,0.98459
251.10001,1.05392,0.01470,0.00036,0.00095,0.98399
251.20000,1.05394,0.01605,0.00049,0.00122,0.98223
251.30000,1.05394,0.01881,0.00037,0.00114,0.97968
251.39999,1.05394,0.01799,0.00045,0.00115,0.98042
251.50000,1.05394,0.01742,0.00032,0.00099,0.98127
251.60001,1.05392,0.01829,0.00028,0.00089,0.98054
251.70000,1.05394,0.01494,0.00022,0.00086,0.98398
251.80000,1.05394,0.01801,0.00026,0.00088,0.98085
251.89999,1.05394,0.02267,0.00050,0.00145,0.97537
252.00000,1.05394,0.02559,0.00044,0.00125,0.97272
252.10001,1.05392,0.02486,0.00052,0.00145,0.97316
252.20000,1.05394,0.03015,0.00063,0.00156,0.96766
252.30000,1.05394,0.02237,0.00057,0.00146,0.97560
252.39999,1.05394,0.02755,0.00064,0.00159,0.97022
252.50000,1.05394,0.03352,0.00072,0.00165,0.96411
252.60001,1.05392,0.04084,0.00093,0.00197,0.95625
252.70000,1.05394,0.03547,0.00081,0.00185,0.96186
252.80000,1.05394,0.02974,0.00061,0.00154,0.96812
252.89999,1.05394,0.02834,0.00047,0.00137,0.96982
253.00000,1.05394,0.01840,0.00036,0.00127,0.97997
253.10001,1.05392,0.01543,0.00043,0.00136,0.98278
253.20000,1.05394,0.01673,0.00055,0.00130,0.98142
253.30000,1.05394,0.01378,0.00044,0.00129,0.98448
253.39999,1.05394,0.01790,0.00071,0.00152,0.97988
253.50000,1.05394,0.01472,0.00055,0.00132,0.98341
253.60001,1.05392,0.01483,0.00058,0.00154,0.98305
253.70000,1.05394,0.01544,0.00054,0.00121,0.98282
253.80000,1.05394,0.02221,0.00099,0.00177,0.97503
