Time (seconds), Duration (seconds),pred_(unlabeled),pred_brushing_teeth,pred_hair_drying,pred_showering
0.00000,1.02194,1.00000,0.00000,0.00000,0.00000
0.14000,1.02194,1.00000,0.00000,0.00000,0.00000
0.28000,1.02194,1.00000,0.00000,0.00000,0.00000
0.42000,1.02194,1.00000,0.00000,0.00000,0.00000
0.56000,1.02194,1.00000,0.00000,0.00000,0.00000
0.70000,1.02194,1.00000,0.00000,0.00000,0.00000
0.84000,1.02194,1.00000,0.00000,0.00000,0.00000
0.98000,1.02194,0.99999,0.00000,0.00000,0.00001
1.12000,1.02194,0.99999,0.00000,0.00000,0.00001
1.26000,1.02194,0.99999,0.00000,0.00000,0.00000
1.40000,1.02194,1.00000,0.00000,0.00000,0.00000
1.54000,1.02194,0.99998,0.00000,0.00001,0.00002
1.68000,1.02194,0.99995,0.00000,0.00001,0.00004
1.82000,1.02194,0.99999,0.00000,0.00001,0.00000
1.96000,1.02194,1.00000,0.00000,0.00000,0.00000
2.10000,1.02194,1.00000,0.00000,0.00000,0.00000
2.24000,1.02194,1.00000,0.00000,0.00000,0.00000
2.38000,1.02194,1.00000,0.00000,0.00000,0.00000
2.52000,1.02194,1.00000,0.00000,0.00000,0.00000
2.66000,1.02194,1.00000,0.00000,0.00000,0.00000
2.80000,1.02194,1.00000,0.00000,0.00000,0.00000
2.94000,1.02194,1.00000,0.00000,0.00000,0.00000
3.08000,1.02194,1.00000,0.00000,0.00000,0.00000
3.22000,1.02194,1.00000,0.00000,0.00000,0.00000
3.36000,1.02194,1.00000,0.00000,0.00000,0.00000
3.50000,1.02194,1.00000,0.00000,0.00000,0.00000
3.64000,1.02194,1.00000,0.00000,0.00000,0.00000
3.78000,1.02194,1.00000,0.00000,0.00000,0.00000
3.92000,1.02194,1.00000,0.00000,0.00000,0.00000
4.06000,1.02194,1.00000,0.00000,0.00000,0.00000
4.20000,1.02194,1.00000,0.00000,0.00000,0.00000
4.34000,1.02194,1.00000,0.00000,0.00000,0.00000
4.48000,1.02194,1.00000,0.00000,0.00000,0.00000
4.62000,1.02194,1.00000,0.00000,0.00000,0.00000
4.76000,1.02194,1.00000,0.00000,0.00000,0.00000
4.90000,1.02194,1.00000,0.00000,0.00000,0.00000
5.04000,1.02194,1.00000,0.00000,0.00000,0.00000
5.18000,1.02194,1.00000,0.00000,0.00000,0.00000
5.32000,1.02194,1.00000,0.00000,0.00000,0.00000
5.46000,1.02194,1.00000,0.00000,0.00000,0.00000
5.60000,1.02194,1.00000,0.00000,0.00000,0.00000
5.74000,1.02194,1.00000,0.00000,0.00000,0.00000
5.88000,1.02194,1.00000,0.00000,0.00000,0.00000
6.02000,1.02194,1.00000,0.00000,0.00000,0.00000
6.16000,1.02194,1.00000,0.00000,0.00000,0.00000
6.30000,1.02194,1.00000,0.00000,0.00000,0.00000
6.44000,1.02194,1.00000,0.00000,0.00000,0.00000
6.58000,1.02194,1.00000,0.00000,0.00000,0.00000
6.72000,1.02194,1.00000,0.00000,0.00000,0.00000
6.86000,1.02194,1.00000,0.00000,0.00000,0.00000
7.00000,1.02194,1.00000,0.00000,0.00000,0.00000
7.14000,1.02194,1.00000,0.00000,0.00000,0.00000
7.28000,1.02194,1.00000,0.00000,0.00000,0.00000
7.42000,1.02194,1.00000,0.00000,0.00000,0.00000
7.56000,1.02194,1.00000,0.00000,0.00000,0.00000
7.70000,1.02194,1.00000,0.00000,0.00000,0.00000
7.84000,1.02194,1.00000,0.00000,0.00000,0.00000
7.98000,1.02194,1.00000,0.00000,0.00000,0.00000
8.12000,1.02194,1.00000,0.00000,0.00000,0.00000
8.26000,1.02194,1.00000,0.00000,0.00000,0.00000
8.40000,1.02194,1.00000,0.00000,0.00000,0.00000
8.54000,1.02194,1.00000,0.00000,0.00000,0.00000
8.68000,1.02194,1.00000,0.00000,0.00000,0.00000
8.82000,1.02194,1.00000,0.00000,0.00000,0.00000
8.96000,1.02194,1.00000,0.00000,0.00000,0.00000
9.10000,1.02194,1.00000,0.00000,0.00000,0.00000
9.24000,1.02194,1.00000,0.00000,0.00000,0.00000
9.38000,1.02194,1.00000,0.00000,0.00000,0.00000
9.52000,1.02194,1.00000,0.00000,0.00000,0.00000
9.66000,1.02194,1.00000,0.00000,0.00000,0.00000
9.80000,1.02194,1.00000,0.00000,0.00000,0.00000
9.94000,1.02194,1.00000,0.00000,0.00000,0.00000
10.08000,1.02194,1.00000,0.00000,0.00000,0.00000
10.22000,1.02194,0.99984,0.00000,0.00000,0.00015
10.36000,1.02194,0.99237,0.00000,0.00007,0.00755
10.50000,1.02194,0.99981,0.00000,0.00002,0.00018
10.64000,1.02194,0.99873,0.00000,0.00020,0.00107
10.78000,1.02194,0.99989,0.00000,0.00005,0.00006
10.92000,1.02194,0.99994,0.00000,0.00005,0.00001
11.06000,1.02194,0.99998,0.00000,0.00001,0.00000
11.20000,1.02194,1.00000,0.00000,0.00000,0.00000
11.34000,1.02194,1.00000,0.00000,0.00000,0.00000
11.48000,1.02194,1.00000,0.00000,0.00000,0.00000
11.62000,1.02194,1.00000,0.00000,0.00000,0.00000
11.76000,1.02194,1.00000,0.00000,0.00000,0.00000
11.90000,1.02194,1.00000,0.00000,0.00000,0.00000
12.04000,1.02194,1.00000,0.00000,0.00000,0.00000
12.18000,1.02194,1.00000,0.00000,0.00000,0.00000
12.32000,1.02194,1.00000,0.00000,0.00000,0.00000
12.46000,1.02194,1.00000,0.00000,0.00000,0.00000
12.60000,1.02194,1.00000,0.00000,0.00000,0.00000
12.74000,1.02194,0.99998,0.00000,0.00000,0.00002
12.88000,1.02194,0.99924,0.00000,0.00001,0.00075
13.02000,1.02194,0.99879,0.00000,0.00001,0.00120
13.16000,1.02194,0.99948,0.00000,0.00000,0.00052
13.30000,1.02194,0.99961,0.00000,0.00000,0.00039
13.44000,1.02194,0.99997,0.00000,0.00000,0.00003
13.58000,1.02194,1.00000,0.00000,0.00000,0.00000
13.72000,1.02194,1.00000,0.00000,0.00000,0.00000
13.86000,1.02194,1.00000,0.00000,0.00000,0.00000
14.00000,1.02194,1.00000,0.00000,0.00000,0.00000
14.14000,1.02194,1.00000,0.00000,0.00000,0.00000
14.28000,1.02194,1.00000,0.00000,0.00000,0.00000
14.42000,1.02194,0.99999,0.00000,0.00000,0.00001
14.56000,1.02194,0.99999,0.00000,0.00000,0.00001
14.70000,1.02194,0.99999,0.00000,0.00000,0.00001
14.84000,1.02194,0.99999,0.00000,0.00000,0.00001
14.98000,1.02194,0.99999,0.00000,0.00000,0.00001
15.12000,1.02194,0.99999,0.00000,0.00000,0.00001
15.26000,1.02194,0.99999,0.00000,0.00000,0.00001
15.40000,1.02194,0.99999,0.00000,0.00000,0.00001
15.54000,1.02194,0.99999,0.00000,0.00000,0.00001
15.68000,1.02194,1.00000,0.00000,0.00000,0.00000
15.82000,1.02194,1.00000,0.00000,0.00000,0.00000
15.96000,1.02194,1.00000,0.00000,0.00000,0.00000
16.10000,1.02194,1.00000,0.00000,0.00000,0.00000
16.24000,1.02194,1.00000,0.00000,0.00000,0.00000
16.38000,1.02194,1.00000,0.00000,0.00000,0.00000
16.52000,1.02194,1.00000,0.00000,0.00000,0.00000
16.66000,1.02194,1.00000,0.00000,0.00000,0.00000
16.80000,1.02194,1.00000,0.00000,0.00000,0.00000
16.94000,1.02194,1.00000,0.00000,0.00000,0.00000
17.08000,1.02194,1.00000,0.00000,0.00000,0.00000
17.22000,1.02194,1.00000,0.00000,0.00000,0.00000
17.36000,1.02194,1.00000,0.00000,0.00000,0.00000
17.50000,1.02194,0.99998,0.00000,0.00000,0.00002
17.64000,1.02194,0.99980,0.00000,0.00001,0.00018
17.78000,1.02194,0.99669,0.00000,0.00020,0.00311
17.92000,1.02194,0.97321,0.00000,0.00036,0.02643
18.06000,1.02194,0.99862,0.00000,0.00013,0.00126
18.20000,1.02194,0.99973,0.00000,0.00004,0.00023
18.34000,1.02194,0.99989,0.00000,0.00002,0.00009
18.48000,1.02194,0.99994,0.00000,0.00000,0.00006
18.62000,1.02194,0.99998,0.00000,0.00000,0.00001
18.76000,1.02194,0.99996,0.00000,0.00000,0.00004
18.90000,1.02194,0.99956,0.00000,0.00000,0.00043
19.04000,1.02194,0.99922,0.00000,0.00001,0.00077
19.18000,1.02194,0.99966,0.00000,0.00000,0.00033
19.32000,1.02194,0.99990,0.00000,0.00000,0.00010
19.46000,1.02194,0.99998,0.00000,0.00000,0.00002
19.60000,1.02194,0.99999,0.00000,0.00000,0.00001
19.74000,1.02194,0.99998,0.00000,0.00000,0.00002
19.88000,1.02194,0.99994,0.00000,0.00000,0.00006
20.02000,1.02194,0.99992,0.00000,0.00000,0.00008
20.16000,1.02194,0.99975,0.00000,0.00001,0.00025
20.30000,1.02194,0.99962,0.00000,0.00001,0.00037
20.44000,1.02194,0.99938,0.00000,0.00002,0.00060
20.58000,1.02194,0.99956,0.00000,0.00001,0.00043
20.72000,1.02194,0.99976,0.00000,0.00000,0.00023
20.86000,1.02194,0.99986,0.00000,0.00000,0.00014
21.00000,1.02194,0.99990,0.00000,0.00000,0.00010
21.14000,1.02194,0.99989,0.00000,0.00000,0.00011
21.28000,1.02194,0.99992,0.00000,0.00000,0.00008
21.42000,1.02194,0.99992,0.00000,0.00000,0.00007
21.56000,1.02194,0.99991,0.00000,0.00000,0.00009
21.70000,1.02194,0.99991,0.00000,0.00000,0.00009
21.84000,1.02194,0.99990,0.00000,0.00000,0.00010
21.98000,1.02194,0.99991,0.00000,0.00000,0.00008
22.12000,1.02194,0.99997,0.00000,0.00000,0.00003
22.26000,1.02194,0.99999,0.00000,0.00000,0.00001
22.40000,1.02194,1.00000,0.00000,0.00000,0.00000
22.54000,1.02194,1.00000,0.00000,0.00000,0.00000
22.68000,1.02194,1.00000,0.00000,0.00000,0.00000
22.82000,1.02194,1.00000,0.00000,0.00000,0.00000
22.96000,1.02194,1.00000,0.00000,0.00000,0.00000
23.10000,1.02194,1.00000,0.00000,0.00000,0.00000
23.24000,1.02194,0.99995,0.00000,0.00000,0.00005
23.38000,1.02194,0.99966,0.00000,0.00001,0.00033
23.52000,1.02194,0.99978,0.00000,0.00001,0.00021
23.66000,1.02194,0.99929,0.00000,0.00001,0.00070
23.80000,1.02194,0.99955,0.00000,0.00001,0.00044
23.94000,1.02194,0.99966,0.00000,0.00001,0.00033
24.08000,1.02194,0.99964,0.00000,0.00001,0.00036
24.22000,1.02194,0.99976,0.00000,0.00001,0.00023
24.36000,1.02194,0.99984,0.00000,0.00000,0.00016
24.50000,1.02194,0.99988,0.00000,0.00000,0.00012
24.64000,1.02194,0.99988,0.00000,0.00000,0.00012
24.78000,1.02194,0.99985,0.00000,0.00000,0.00014
24.92000,1.02194,0.99977,0.00000,0.00001,0.00023
25.06000,1.02194,0.99997,0.00000,0.00000,0.00002
25.20000,1.02194,0.99999,0.00000,0.00000,0.00000
25.34000,1.02194,1.00000,0.00000,0.00000,0.00000
25.48000,1.02194,0.99999,0.00000,0.00000,0.00000
25.62000,1.02194,1.00000,0.00000,0.00000,0.00000
25.76000,1.02194,1.00000,0.00000,0.00000,0.00000
25.90000,1.02194,1.00000,0.00000,0.00000,0.00000
26.04000,1.02194,0.99971,0.00000,0.00001,0.00028
26.18000,1.02194,0.99977,0.00000,0.00001,0.00022
26.32000,1.02194,0.99991,0.00000,0.00000,0.00009
26.46000,1.02194,0.99971,0.00000,0.00001,0.00028
26.60000,1.02194,0.99975,0.00000,0.00001,0.00024
26.74000,1.02194,0.99968,0.00000,0.00001,0.00031
26.88000,1.02194,0.99968,0.00000,0.00001,0.00031
27.02000,1.02194,0.99975,0.00000,0.00001,0.00024
27.16000,1.02194,0.99981,0.00000,0.00000,0.00018
27.30000,1.02194,0.99982,0.00000,0.00000,0.00018
27.44000,1.02194,0.99985,0.00000,0.00001,0.00014
27.58000,1.02194,0.99985,0.00000,0.00001,0.00014
27.72000,1.02194,0.99993,0.00000,0.00000,0.00006
27.86000,1.02194,0.99991,0.00000,0.00000,0.00009
28.00000,1.02194,0.99956,0.00000,0.00002,0.00042
28.14000,1.02194,0.99956,0.00000,0.00002,0.00043
28.28000,1.02194,0.99841,0.00000,0.00004,0.00156
28.42000,1.02194,0.99375,0.00000,0.00014,0.00611
28.56000,1.02194,0.98993,0.00000,0.00040,0.00967
28.70000,1.02194,0.89338,0.00000,0.00045,0.10617
28.84000,1.02194,0.90400,0.00000,0.00025,0.09575
28.98000,1.02194,0.96014,0.00000,0.00019,0.03967
29.12000,1.02194,0.98897,0.00000,0.00009,0.01094
29.26000,1.02194,0.99651,0.00000,0.00002,0.00346
29.40000,1.02194,0.99941,0.00000,0.00001,0.00058
29.54000,1.02194,0.99881,0.00000,0.00001,0.00118
29.68000,1.02194,0.99545,0.00000,0.00002,0.00453
29.82000,1.02194,0.99083,0.00000,0.00005,0.00912
29.96000,1.02194,0.99931,0.00000,0.00005,0.00064
30.10000,1.02194,0.99997,0.00000,0.00001,0.00001
30.24000,1.02194,1.00000,0.00000,0.00000,0.00000
30.38000,1.02194,1.00000,0.00000,0.00000,0.00000
30.52000,1.02194,1.00000,0.00000,0.00000,0.00000
30.66000,1.02194,1.00000,0.00000,0.00000,0.00000
30.80000,1.02194,1.00000,0.00000,0.00000,0.00000
30.94000,1.02194,1.00000,0.00000,0.00000,0.00000
31.08000,1.02194,0.99974,0.00000,0.00000,0.00026
31.22000,1.02194,0.99954,0.00000,0.00001,0.00045
31.36000,1.02194,0.99675,0.00000,0.00003,0.00322
31.50000,1.02194,0.99368,0.00000,0.00007,0.00625
31.64000,1.02194,0.99250,0.00000,0.00008,0.00741
31.78000,1.02194,0.99077,0.00000,0.00011,0.00913
31.92000,1.02194,0.99015,0.00000,0.00013,0.00972
32.06000,1.02193,0.98890,0.00000,0.00017,0.01093
32.20000,1.02194,0.98852,0.00000,0.00018,0.01129
32.34000,1.02194,0.98549,0.00000,0.00020,0.01430
32.48000,1.02194,0.98841,0.00000,0.00021,0.01138
32.62000,1.02194,0.98519,0.00000,0.00026,0.01454
32.76000,1.02194,0.98098,0.00001,0.00034,0.01867
32.90000,1.02193,0.97734,0.00001,0.00045,0.02220
33.04000,1.02194,0.97421,0.00002,0.00054,0.02523
33.18000,1.02194,0.97495,0.00002,0.00051,0.02451
33.32000,1.02194,0.96831,0.00003,0.00058,0.03108
33.46000,1.02194,0.95923,0.00004,0.00074,0.03999
33.60000,1.02194,0.96322,0.00003,0.00066,0.03609
33.74000,1.02193,0.94820,0.00005,0.00079,0.05096
33.88000,1.02194,0.93609,0.00012,0.00114,0.06265
34.02000,1.02194,0.92801,0.00020,0.00129,0.07050
34.16000,1.02194,0.92352,0.00018,0.00141,0.07489
34.30000,1.02194,0.87521,0.00024,0.00230,0.12224
34.44000,1.02194,0.90745,0.00005,0.00150,0.09100
34.58000,1.02193,0.99105,0.00000,0.00023,0.00872
34.72000,1.02193,0.99853,0.00000,0.00006,0.00140
34.86000,1.02194,0.99890,0.00000,0.00004,0.00106
35.00000,1.02194,0.99883,0.00000,0.00004,0.00113
35.14000,1.02194,0.99984,0.00000,0.00002,0.00014
35.28000,1.02194,0.99984,0.00000,0.00003,0.00013
35.42000,1.02194,0.99973,0.00000,0.00003,0.00024
35.56000,1.02193,0.99902,0.00000,0.00006,0.00092
35.70000,1.02194,0.99912,0.00000,0.00005,0.00083
35.84000,1.02194,0.99563,0.00000,0.00015,0.00423
35.98000,1.02194,0.99583,0.00000,0.00021,0.00396
36.12000,1.02194,0.99522,0.00000,0.00028,0.00450
36.26000,1.02194,0.99722,0.00000,0.00019,0.00259
36.40000,1.02193,0.99821,0.00000,0.00015,0.00165
36.54000,1.02194,0.99918,0.00000,0.00010,0.00072
36.68000,1.02194,0.99951,0.00000,0.00005,0.00044
36.82000,1.02194,0.99863,0.00000,0.00007,0.00130
36.96000,1.02194,0.99942,0.00000,0.00007,0.00051
37.10000,1.02194,0.99927,0.00000,0.00007,0.00066
37.24000,1.02193,0.99700,0.00000,0.00016,0.00284
37.38000,1.02194,0.99738,0.00000,0.00013,0.00249
37.52000,1.02194,0.99384,0.00002,0.00022,0.00592
37.66000,1.02194,0.97956,0.00012,0.00052,0.01981
37.80000,1.02194,0.94219,0.00460,0.00123,0.05198
37.94000,1.02194,0.94601,0.00298,0.00183,0.04917
38.08000,1.02193,0.94961,0.01867,0.00153,0.03019
38.22000,1.02193,0.93214,0.02944,0.00203,0.03639
38.36000,1.02194,0.90394,0.00688,0.00361,0.08557
38.50000,1.02194,0.77670,0.00198,0.00918,0.21214
38.64000,1.02194,0.98493,0.00003,0.00267,0.01238
38.78000,1.02194,0.99415,0.00000,0.00246,0.00339
38.92000,1.02194,0.99937,0.00000,0.00028,0.00035
39.06000,1.02193,0.99985,0.00000,0.00007,0.00008
39.20000,1.02194,0.99937,0.00000,0.00018,0.00045
39.34000,1.02194,0.99963,0.00000,0.00015,0.00022
39.48000,1.02194,0.99311,0.00000,0.00073,0.00616
39.62000,1.02194,0.98687,0.00000,0.00113,0.01201
39.76000,1.02194,0.99231,0.00001,0.00043,0.00725
39.90000,1.02193,0.97505,0.00004,0.00155,0.02336
40.04000,1.02194,0.80578,0.00013,0.00715,0.18694
40.18000,1.02194,0.67883,0.00026,0.00290,0.31800
40.32000,1.02194,0.80579,0.00032,0.00216,0.19172
40.46000,1.02194,0.86261,0.00052,0.00267,0.13421
40.60000,1.02194,0.90500,0.00084,0.00185,0.09230
40.74000,1.02193,0.91150,0.00036,0.00165,0.08650
40.88000,1.02194,0.90674,0.00161,0.00216,0.08950
41.02000,1.02194,0.94190,0.00098,0.00182,0.05531
41.16000,1.02194,0.91918,0.00434,0.00242,0.07406
41.30000,1.02194,0.91629,0.00464,0.00247,0.07660
41.44000,1.02194,0.92877,0.00669,0.00223,0.06231
41.58000,1.02193,0.92343,0.00600,0.00256,0.06801
41.72000,1.02193,0.92181,0.00477,0.00269,0.07072
41.86000,1.02194,0.92373,0.00577,0.00257,0.06793
42.00000,1.02194,0.93242,0.00535,0.00220,0.06003
42.14000,1.02194,0.80601,0.00176,0.00376,0.18847
42.28000,1.02194,0.62867,0.00056,0.00961,0.36116
42.42000,1.02194,0.55955,0.00025,0.00883,0.43137
42.56000,1.02193,0.58277,0.00003,0.00202,0.41518
42.70000,1.02194,0.77704,0.00002,0.00236,0.22057
42.84000,1.02194,0.71222,0.00009,0.00147,0.28622
42.98000,1.02194,0.29757,0.00205,0.00452,0.69585
43.12000,1.02194,0.35973,0.00173,0.00522,0.63332
43.26000,1.02194,0.53818,0.00129,0.00339,0.45714
43.40000,1.02193,0.51725,0.00041,0.00330,0.47904
43.54000,1.02194,0.61627,0.00033,0.00220,0.38121
43.68000,1.02194,0.86570,0.00004,0.00147,0.13279
43.82000,1.02194,0.97308,0.00000,0.00085,0.02607
43.96000,1.02194,0.94109,0.00001,0.00124,0.05766
44.10000,1.02194,0.95786,0.00001,0.00106,0.04107
44.24000,1.02193,0.89534,0.00004,0.00138,0.10324
44.38000,1.02194,0.99134,0.00000,0.00061,0.00805
44.52000,1.02194,0.99919,0.00000,0.00012,0.00070
44.66000,1.02194,0.99933,0.00000,0.00007,0.00060
44.80000,1.02194,0.99919,0.00000,0.00009,0.00071
44.94000,1.02194,0.99940,0.00000,0.00015,0.00045
45.08000,1.02193,0.99244,0.00000,0.00026,0.00729
45.22000,1.02193,0.83145,0.00005,0.00214,0.16635
45.36000,1.02194,0.49093,0.00038,0.00474,0.50395
45.50000,1.02194,0.55933,0.00018,0.00155,0.43895
45.64000,1.02194,0.67977,0.00038,0.00171,0.31815
45.78000,1.02194,0.84669,0.00047,0.00191,0.15092
45.92000,1.02194,0.83438,0.00281,0.00192,0.16089
46.06000,1.02193,0.87708,0.00085,0.00237,0.11970
46.20000,1.02194,0.89969,0.00265,0.00289,0.09477
46.34000,1.02194,0.92209,0.00217,0.00252,0.07322
46.48000,1.02194,0.92498,0.00268,0.00252,0.06983
46.62000,1.02194,0.91960,0.00176,0.00235,0.07629
46.76000,1.02194,0.91541,0.00171,0.00226,0.08062
46.90000,1.02193,0.90806,0.00196,0.00243,0.08754
47.04000,1.02194,0.90944,0.00180,0.00276,0.08600
47.18000,1.02194,0.91602,0.00164,0.00263,0.07971
47.32000,1.02194,0.91117,0.00170,0.00267,0.08446
47.46000,1.02194,0.90582,0.00135,0.00284,0.09000
47.60000,1.02194,0.91265,0.00130,0.00240,0.08365
47.74000,1.02193,0.90091,0.00146,0.00244,0.09519
47.88000,1.02194,0.89867,0.00153,0.00261,0.09718
48.02000,1.02194,0.90495,0.00139,0.00238,0.09128
48.16000,1.02194,0.90642,0.00143,0.00242,0.08972
48.30000,1.02194,0.92118,0.00133,0.00239,0.07510
48.44000,1.02194,0.91455,0.00153,0.00237,0.08156
48.58000,1.02193,0.91390,0.00138,0.00228,0.08245
48.72000,1.02193,0.91622,0.00118,0.00224,0.08036
48.86000,1.02194,0.91860,0.00123,0.00211,0.07806
49.00000,1.02194,0.91350,0.00139,0.00220,0.08292
49.14000,1.02194,0.91414,0.00094,0.00234,0.08259
49.28000,1.02194,0.92210,0.00081,0.00216,0.07493
49.42000,1.02194,0.91848,0.00080,0.00210,0.07862
49.56000,1.02193,0.91717,0.00108,0.00217,0.07959
49.70000,1.02194,0.90191,0.00106,0.00252,0.09452
49.84000,1.02194,0.88405,0.00076,0.00268,0.11251
49.98000,1.02194,0.82900,0.00058,0.00446,0.16596
50.12000,1.02194,0.62760,0.00047,0.00599,0.36594
50.26000,1.02194,0.58608,0.00013,0.00382,0.40998
50.40000,1.02193,0.75077,0.00002,0.00124,0.24797
50.54000,1.02194,0.84995,0.00003,0.00122,0.14880
50.68000,1.02194,0.86183,0.00001,0.00119,0.13696
50.82000,1.02194,0.79557,0.00015,0.00134,0.20295
50.96000,1.02194,0.82131,0.00006,0.00140,0.17724
51.10000,1.02194,0.86495,0.00007,0.00200,0.13297
51.24000,1.02193,0.88673,0.00026,0.00188,0.11114
51.38000,1.02194,0.86515,0.00073,0.00273,0.13140
51.52000,1.02194,0.95022,0.00003,0.00077,0.04898
51.66000,1.02194,0.96645,0.00001,0.00053,0.03301
51.80000,1.02194,0.97385,0.00001,0.00041,0.02573
51.94000,1.02194,0.97130,0.00001,0.00048,0.02821
52.08000,1.02193,0.97206,0.00001,0.00044,0.02750
52.22000,1.02193,0.97489,0.00001,0.00043,0.02467
52.36000,1.02194,0.96303,0.00002,0.00060,0.03634
52.50000,1.02194,0.95464,0.00004,0.00069,0.04462
52.64000,1.02194,0.94736,0.00007,0.00096,0.05161
52.78000,1.02194,0.94115,0.00010,0.00112,0.05763
52.92000,1.02194,0.94222,0.00010,0.00106,0.05662
53.06000,1.02193,0.94775,0.00009,0.00101,0.05115
53.20000,1.02194,0.94340,0.00012,0.00105,0.05543
53.34000,1.02194,0.95503,0.00007,0.00079,0.04411
53.48000,1.02194,0.94558,0.00009,0.00090,0.05342
53.62000,1.02194,0.94712,0.00010,0.00102,0.05177
53.76000,1.02194,0.94743,0.00008,0.00089,0.05159
53.90000,1.02193,0.93407,0.00008,0.00105,0.06481
54.04000,1.02194,0.94891,0.00005,0.00090,0.05014
54.18000,1.02194,0.94421,0.00004,0.00080,0.05495
54.32000,1.02194,0.94106,0.00004,0.00086,0.05804
54.46000,1.02194,0.94123,0.00003,0.00082,0.05792
54.60000,1.02194,0.94275,0.00003,0.00074,0.05648
54.74000,1.02193,0.95344,0.00002,0.00066,0.04588
54.88000,1.02194,0.95708,0.00002,0.00066,0.04225
55.02000,1.02194,0.96442,0.00001,0.00056,0.03502
55.16000,1.02194,0.95763,0.00001,0.00058,0.04177
55.30000,1.02194,0.95663,0.00002,0.00058,0.04278
55.44000,1.02194,0.96350,0.00001,0.00049,0.03600
55.58000,1.02193,0.95846,0.00002,0.00060,0.04093
55.72000,1.02193,0.95111,0.00002,0.00073,0.04813
55.86000,1.02194,0.94831,0.00002,0.00070,0.05097
56.00000,1.02194,0.95057,0.00001,0.00063,0.04878
56.14000,1.02194,0.96493,0.00001,0.00041,0.03465
56.28000,1.02194,0.96873,0.00000,0.00033,0.03093
56.42000,1.02194,0.96994,0.00000,0.00036,0.02970
56.56000,1.02193,0.96855,0.00000,0.00039,0.03105
56.70000,1.02194,0.96517,0.00000,0.00034,0.03448
56.84000,1.02194,0.96565,0.00000,0.00035,0.03400
56.98000,1.02194,0.96602,0.00000,0.00035,0.03363
57.12000,1.02194,0.96418,0.00000,0.00033,0.03549
57.26000,1.02194,0.95481,0.00000,0.00038,0.04481
57.40000,1.02193,0.94602,0.00000,0.00041,0.05357
57.54000,1.02194,0.94056,0.00000,0.00036,0.05908
57.68000,1.02194,0.94819,0.00000,0.00033,0.05147
57.82000,1.02194,0.95242,0.00000,0.00030,0.04728
57.96000,1.02194,0.94545,0.00000,0.00032,0.05423
58.10000,1.02194,0.95616,0.00000,0.00029,0.04355
58.24000,1.02193,0.95587,0.00000,0.00029,0.04384
58.38000,1.02194,0.97718,0.00000,0.00019,0.02263
58.52000,1.02194,0.98286,0.00000,0.00019,0.01696
58.66000,1.02194,0.99534,0.00000,0.00010,0.00456
58.80000,1.02194,0.99802,0.00000,0.00005,0.00193
58.94000,1.02194,0.99815,0.00000,0.00005,0.00181
59.08000,1.02193,0.99704,0.00000,0.00005,0.00290
59.22000,1.02193,0.99737,0.00000,0.00004,0.00260
59.36000,1.02194,0.99485,0.00000,0.00005,0.00510
59.50000,1.02194,0.98783,0.00000,0.00010,0.01207
59.64000,1.02194,0.98988,0.00000,0.00007,0.01004
59.78000,1.02194,0.98991,0.00000,0.00007,0.01002
59.92000,1.02194,0.98690,0.00000,0.00010,0.01301
60.06000,1.02193,0.98213,0.00000,0.00013,0.01774
60.20000,1.02194,0.97174,0.00000,0.00019,0.02807
60.34000,1.02194,0.95736,0.00000,0.00021,0.04243
60.48000,1.02194,0.96594,0.00000,0.00020,0.03387
60.62000,1.02194,0.97355,0.00000,0.00016,0.02628
60.76000,1.02194,0.97324,0.00000,0.00017,0.02659
60.90000,1.02193,0.97855,0.00000,0.00015,0.02130
61.04000,1.02194,0.97454,0.00000,0.00015,0.02531
61.18000,1.02194,0.97444,0.00000,0.00015,0.02541
61.32000,1.02194,0.94936,0.00000,0.00023,0.05040
61.46000,1.02194,0.91689,0.00000,0.00028,0.08283
61.60000,1.02194,0.84413,0.00001,0.00053,0.15533
61.74000,1.02193,0.77077,0.00002,0.00077,0.22845
61.88000,1.02194,0.75562,0.00001,0.00067,0.24370
62.02000,1.02194,0.78931,0.00001,0.00048,0.21020
62.16000,1.02194,0.93254,0.00000,0.00026,0.06720
62.30000,1.02194,0.98018,0.00000,0.00009,0.01973
62.44000,1.02194,0.99281,0.00000,0.00004,0.00715
62.58000,1.02193,0.99379,0.00000,0.00004,0.00617
62.72000,1.02193,0.99240,0.00000,0.00005,0.00755
62.86000,1.02194,0.99337,0.00000,0.00006,0.00658
63.00000,1.02193,0.97879,0.00000,0.00014,0.02107
63.14000,1.02193,0.96222,0.00000,0.00020,0.03758
63.28000,1.02194,0.95433,0.00000,0.00022,0.04545
63.42000,1.02194,0.95330,0.00000,0.00020,0.04650
63.56000,1.02194,0.96600,0.00000,0.00016,0.03384
63.70000,1.02194,0.97767,0.00000,0.00014,0.02220
63.84000,1.02194,0.98685,0.00000,0.00009,0.01306
63.98000,1.02194,0.99060,0.00000,0.00006,0.00934
64.12000,1.02193,0.99228,0.00000,0.00005,0.00767
64.26000,1.02193,0.99204,0.00000,0.00005,0.00791
64.40000,1.02193,0.99128,0.00000,0.00006,0.00866
64.54000,1.02193,0.99130,0.00000,0.00006,0.00865
64.68000,1.02193,0.99068,0.00000,0.00006,0.00926
64.82000,1.02193,0.99222,0.00000,0.00005,0.00773
64.96000,1.02194,0.99201,0.00000,0.00005,0.00794
65.10000,1.02194,0.99270,0.00000,0.00005,0.00725
65.24000,1.02194,0.99256,0.00000,0.00005,0.00739
65.38000,1.02194,0.99285,0.00000,0.00005,0.00710
65.52000,1.02194,0.99115,0.00000,0.00005,0.00879
65.66000,1.02193,0.99186,0.00000,0.00006,0.00808
65.80000,1.02193,0.98956,0.00000,0.00007,0.01037
65.94000,1.02193,0.98576,0.00000,0.00008,0.01416
66.08000,1.02193,0.98624,0.00000,0.00007,0.01369
66.22000,1.02193,0.98675,0.00000,0.00008,0.01317
66.36000,1.02193,0.98612,0.00000,0.00008,0.01379
66.50000,1.02193,0.99049,0.00000,0.00006,0.00945
66.64000,1.02193,0.99336,0.00000,0.00005,0.00659
66.78000,1.02194,0.99527,0.00000,0.00004,0.00469
66.92000,1.02194,0.99653,0.00000,0.00003,0.00343
67.06000,1.02194,0.99716,0.00000,0.00003,0.00281
67.20000,1.02194,0.99741,0.00000,0.00003,0.00256
67.34000,1.02194,0.99664,0.00000,0.00003,0.00332
67.48000,1.02193,0.99454,0.00000,0.00005,0.00542
67.62000,1.02193,0.99507,0.00000,0.00004,0.00489
67.76000,1.02193,0.99553,0.00000,0.00004,0.00443
67.90000,1.02193,0.99543,0.00000,0.00004,0.00453
68.04000,1.02193,0.99529,0.00000,0.00004,0.00468
68.18000,1.02193,0.99550,0.00000,0.00004,0.00446
68.32000,1.02193,0.99568,0.00000,0.00004,0.00429
68.46000,1.02194,0.99633,0.00000,0.00003,0.00363
68.60000,1.02194,0.99670,0.00000,0.00003,0.00327
68.74000,1.02194,0.99670,0.00000,0.00003,0.00327
68.88000,1.02194,0.99716,0.00000,0.00003,0.00282
69.02000,1.02194,0.99765,0.00000,0.00002,0.00233
69.16000,1.02193,0.99822,0.00000,0.00002,0.00176
69.30000,1.02193,0.99874,0.00000,0.00002,0.00124
69.44000,1.02193,0.99879,0.00000,0.00002,0.00119
69.58000,1.02193,0.99895,0.00000,0.00001,0.00103
69.72000,1.02193,0.99887,0.00000,0.00002,0.00111
69.86000,1.02193,0.99875,0.00000,0.00002,0.00123
70.00000,1.02193,0.99883,0.00000,0.00002,0.00115
70.14000,1.02193,0.99832,0.00000,0.00002,0.00165
70.28000,1.02194,0.99883,0.00000,0.00001,0.00115
70.42000,1.02194,0.99885,0.00000,0.00002,0.00113
70.56000,1.02194,0.99890,0.00000,0.00001,0.00109
70.70000,1.02194,0.99890,0.00000,0.00001,0.00109
70.84000,1.02194,0.99899,0.00000,0.00001,0.00100
70.98000,1.02193,0.99893,0.00000,0.00001,0.00105
71.12000,1.02193,0.99906,0.00000,0.00001,0.00093
71.26000,1.02193,0.99901,0.00000,0.00001,0.00098
71.40000,1.02193,0.99920,0.00000,0.00001,0.00079
71.54000,1.02193,0.99979,0.00000,0.00001,0.00020
71.68000,1.02193,0.99992,0.00000,0.00000,0.00008
71.82000,1.02193,0.99996,0.00000,0.00000,0.00004
71.96000,1.02194,0.99998,0.00000,0.00000,0.00002
72.10000,1.02194,0.99999,0.00000,0.00000,0.00001
72.24000,1.02194,1.00000,0.00000,0.00000,0.00000
72.38000,1.02194,1.00000,0.00000,0.00000,0.00000
72.52000,1.02194,1.00000,0.00000,0.00000,0.00000
72.66000,1.02193,1.00000,0.00000,0.00000,0.00000
72.80000,1.02193,1.00000,0.00000,0.00000,0.00000
72.94000,1.02193,1.00000,0.00000,0.00000,0.00000
73.08000,1.02193,1.00000,0.00000,0.00000,0.00000
73.22000,1.02193,0.99998,0.00000,0.00000,0.00001
73.36000,1.02193,1.00000,0.00000,0.00000,0.00000
73.50000,1.02193,1.00000,0.00000,0.00000,0.00000
73.64000,1.02193,1.00000,0.00000,0.00000,0.00000
73.78000,1.02194,1.00000,0.00000,0.00000,0.00000
73.92000,1.02194,1.00000,0.00000,0.00000,0.00000
74.06000,1.02194,1.00000,0.00000,0.00000,0.00000
74.20000,1.02194,1.00000,0.00000,0.00000,0.00000
74.34000,1.02194,1.00000,0.00000,0.00000,0.00000
74.48000,1.02193,1.00000,0.00000,0.00000,0.00000
74.62000,1.02193,1.00000,0.00000,0.00000,0.00000
74.76000,1.02193,1.00000,0.00000,0.00000,0.00000
74.90000,1.02193,1.00000,0.00000,0.00000,0.00000
75.04000,1.02193,1.00000,0.00000,0.00000,0.00000
75.18000,1.02193,1.00000,0.00000,0.00000,0.00000
75.32000,1.02193,1.00000,0.00000,0.00000,0.00000
75.46000,1.02194,0.99993,0.00000,0.00000,0.00007
75.60000,1.02194,0.99930,0.00000,0.00001,0.00069
75.74000,1.02194,0.99840,0.00000,0.00002,0.00158
75.88000,1.02194,0.99637,0.00000,0.00003,0.00360
76.02000,1.02194,0.99079,0.00000,0.00005,0.00916
76.16000,1.02193,0.98842,0.00000,0.00006,0.01152
76.30000,1.02193,0.99485,0.00000,0.00003,0.00512
76.44000,1.02193,0.98601,0.00000,0.00006,0.01393
76.58000,1.02193,0.99088,0.00000,0.00004,0.00908
76.72000,1.02193,0.99528,0.00000,0.00003,0.00469
76.86000,1.02193,0.99741,0.00000,0.00002,0.00258
77.00000,1.02193,0.99879,0.00000,0.00001,0.00120
77.14000,1.02193,0.99915,0.00000,0.00001,0.00084
77.28000,1.02194,0.99917,0.00000,0.00001,0.00082
77.42000,1.02194,0.99933,0.00000,0.00001,0.00066
77.56000,1.02194,0.99921,0.00000,0.00001,0.00078
77.70000,1.02194,0.99880,0.00000,0.00001,0.00118
77.84000,1.02194,0.99878,0.00000,0.00001,0.00121
77.98000,1.02193,0.99916,0.00000,0.00001,0.00083
78.12000,1.02193,0.99909,0.00000,0.00001,0.00090
78.26000,1.02193,0.99912,0.00000,0.00001,0.00086
78.40000,1.02193,0.99905,0.00000,0.00001,0.00094
78.54000,1.02193,0.99917,0.00000,0.00001,0.00081
78.68000,1.02193,0.99907,0.00000,0.00001,0.00091
78.82000,1.02193,0.99878,0.00000,0.00001,0.00120
78.96000,1.02194,0.99883,0.00000,0.00001,0.00116
79.10000,1.02194,0.99892,0.00000,0.00001,0.00106
79.24000,1.02194,0.99903,0.00000,0.00001,0.00096
79.38000,1.02194,0.99887,0.00000,0.00001,0.00112
79.52000,1.02194,0.99881,0.00000,0.00001,0.00118
79.66000,1.02193,0.99858,0.00000,0.00002,0.00140
79.80000,1.02193,0.99837,0.00000,0.00002,0.00161
79.94000,1.02193,0.99821,0.00000,0.00002,0.00177
80.08000,1.02193,0.99821,0.00000,0.00002,0.00177
80.22000,1.02193,0.99809,0.00000,0.00002,0.00189
80.36000,1.02193,0.99817,0.00000,0.00002,0.00181
80.50000,1.02193,0.99858,0.00000,0.00002,0.00141
80.64000,1.02193,0.99898,0.00000,0.00001,0.00101
80.78000,1.02194,0.99907,0.00000,0.00001,0.00092
80.92000,1.02194,0.99918,0.00000,0.00001,0.00081
81.06000,1.02194,0.99928,0.00000,0.00001,0.00070
81.20000,1.02194,0.99915,0.00000,0.00001,0.00084
81.34000,1.02194,0.99917,0.00000,0.00001,0.00082
81.48000,1.02193,0.99993,0.00000,0.00000,0.00007
81.62000,1.02193,1.00000,0.00000,0.00000,0.00000
81.76000,1.02193,1.00000,0.00000,0.00000,0.00000
81.90000,1.02193,1.00000,0.00000,0.00000,0.00000
82.04000,1.02193,1.00000,0.00000,0.00000,0.00000
82.18000,1.02193,1.00000,0.00000,0.00000,0.00000
82.32000,1.02193,1.00000,0.00000,0.00000,0.00000
82.46000,1.02194,0.99999,0.00000,0.00000,0.00001
82.60000,1.02194,1.00000,0.00000,0.00000,0.00000
82.74000,1.02194,1.00000,0.00000,0.00000,0.00000
82.88000,1.02194,1.00000,0.00000,0.00000,0.00000
83.02000,1.02194,1.00000,0.00000,0.00000,0.00000
83.16000,1.02193,1.00000,0.00000,0.00000,0.00000
83.30000,1.02193,1.00000,0.00000,0.00000,0.00000
83.44000,1.02193,1.00000,0.00000,0.00000,0.00000
83.58000,1.02193,1.00000,0.00000,0.00000,0.00000
83.72000,1.02193,1.00000,0.00000,0.00000,0.00000
83.86000,1.02193,1.00000,0.00000,0.00000,0.00000
84.00000,1.02193,1.00000,0.00000,0.00000,0.00000
84.14000,1.02193,1.00000,0.00000,0.00000,0.00000
84.28000,1.02194,1.00000,0.00000,0.00000,0.00000
84.42000,1.02194,1.00000,0.00000,0.00000,0.00000
84.56000,1.02194,1.00000,0.00000,0.00000,0.00000
84.70000,1.02194,0.99995,0.00000,0.00000,0.00005
84.84000,1.02194,0.99973,0.00000,0.00000,0.00026
84.98000,1.02193,0.99990,0.00000,0.00000,0.00010
85.12000,1.02193,0.99996,0.00000,0.00000,0.00004
85.26000,1.02193,0.99999,0.00000,0.00000,0.00001
85.40000,1.02193,0.99999,0.00000,0.00000,0.00001
85.54000,1.02193,0.99998,0.00000,0.00000,0.00002
85.68000,1.02193,0.99998,0.00000,0.00000,0.00002
85.82000,1.02193,0.99993,0.00000,0.00000,0.00006
85.96000,1.02194,0.99988,0.00000,0.00000,0.00011
86.10000,1.02194,0.99991,0.00000,0.00000,0.00009
86.24000,1.02194,0.99999,0.00000,0.00000,0.00001
86.38000,1.02194,1.00000,0.00000,0.00000,0.00000
86.52000,1.02194,1.00000,0.00000,0.00000,0.00000
86.66000,1.02193,1.00000,0.00000,0.00000,0.00000
86.80000,1.02193,1.00000,0.00000,0.00000,0.00000
86.94000,1.02193,1.00000,0.00000,0.00000,0.00000
87.08000,1.02193,1.00000,0.00000,0.00000,0.00000
87.22000,1.02193,1.00000,0.00000,0.00000,0.00000
87.36000,1.02193,1.00000,0.00000,0.00000,0.00000
87.50000,1.02193,1.00000,0.00000,0.00000,0.00000
87.64000,1.02193,1.00000,0.00000,0.00000,0.00000
87.78000,1.02194,0.99998,0.00000,0.00000,0.00001
87.92000,1.02194,0.99997,0.00000,0.00000,0.00003
88.06000,1.02194,0.99990,0.00000,0.00000,0.00009
88.20000,1.02194,0.99977,0.00000,0.00000,0.00023
88.34000,1.02194,0.99948,0.00000,0.00001,0.00051
88.48000,1.02193,0.99947,0.00000,0.00001,0.00052
88.62000,1.02193,0.99964,0.00000,0.00001,0.00036
88.76000,1.02193,0.99970,0.00000,0.00001,0.00029
88.90000,1.02193,0.99959,0.00000,0.00001,0.00041
89.04000,1.02193,0.99942,0.00000,0.00001,0.00057
89.18000,1.02193,0.99926,0.00000,0.00001,0.00073
89.32000,1.02193,0.99878,0.00000,0.00001,0.00121
89.46000,1.02194,0.99824,0.00000,0.00002,0.00174
89.60000,1.02194,0.99883,0.00000,0.00001,0.00115
89.74000,1.02194,0.99909,0.00000,0.00001,0.00090
89.88000,1.02194,0.99934,0.00000,0.00001,0.00065
90.02000,1.02194,0.99921,0.00000,0.00001,0.00078
90.16000,1.02193,0.99311,0.00000,0.00015,0.00674
90.30000,1.02193,0.98522,0.00000,0.00014,0.01464
90.44000,1.02193,0.97129,0.00000,0.00024,0.02847
90.58000,1.02193,0.99483,0.00000,0.00014,0.00502
90.72000,1.02193,0.99948,0.00000,0.00001,0.00051
90.86000,1.02193,0.99896,0.00000,0.00005,0.00099
91.00000,1.02193,0.99964,0.00000,0.00001,0.00035
91.14000,1.02193,0.99943,0.00000,0.00001,0.00056
91.28000,1.02194,0.99957,0.00000,0.00001,0.00042
91.42000,1.02194,0.99960,0.00000,0.00001,0.00039
91.56000,1.02194,0.99963,0.00000,0.00001,0.00037
91.70000,1.02194,0.99965,0.00000,0.00001,0.00034
91.84000,1.02194,0.99975,0.00000,0.00000,0.00025
91.98000,1.02193,0.99975,0.00000,0.00000,0.00025
92.12000,1.02193,0.99971,0.00000,0.00001,0.00028
92.26000,1.02193,0.99969,0.00000,0.00001,0.00030
92.40000,1.02193,0.99954,0.00000,0.00001,0.00045
92.54000,1.02193,0.99950,0.00000,0.00001,0.00049
92.68000,1.02193,0.99943,0.00000,0.00001,0.00056
92.82000,1.02193,0.99946,0.00000,0.00001,0.00053
92.96000,1.02194,0.99933,0.00000,0.00001,0.00066
93.10000,1.02194,0.99921,0.00000,0.00001,0.00078
93.24000,1.02194,0.99920,0.00000,0.00001,0.00079
93.38000,1.02194,0.99929,0.00000,0.00001,0.00070
93.52000,1.02194,0.99856,0.00000,0.00002,0.00142
93.66000,1.02193,0.99578,0.00000,0.00004,0.00419
93.80000,1.02193,0.99195,0.00000,0.00006,0.00800
93.94000,1.02193,0.97834,0.00000,0.00012,0.02155
94.08000,1.02193,0.95502,0.00000,0.00021,0.04477
94.22000,1.02193,0.94688,0.00000,0.00019,0.05293
94.36000,1.02193,0.97629,0.00000,0.00010,0.02362
94.50000,1.02193,0.99156,0.00000,0.00006,0.00838
94.64000,1.02193,0.99604,0.00000,0.00003,0.00393
94.78000,1.02194,0.99765,0.00000,0.00002,0.00232
94.92000,1.02194,0.99843,0.00000,0.00002,0.00156
95.06000,1.02194,0.99830,0.00000,0.00002,0.00168
95.20000,1.02194,0.99822,0.00000,0.00002,0.00176
95.34000,1.02194,0.99811,0.00000,0.00002,0.00187
95.48000,1.02193,0.99783,0.00000,0.00002,0.00215
95.62000,1.02193,0.99830,0.00000,0.00002,0.00168
95.76000,1.02193,0.99875,0.00000,0.00001,0.00124
95.90000,1.02193,0.99990,0.00000,0.00000,0.00010
96.04000,1.02193,0.99999,0.00000,0.00000,0.00001
96.18000,1.02193,1.00000,0.00000,0.00000,0.00000
96.32000,1.02193,1.00000,0.00000,0.00000,0.00000
96.46000,1.02194,1.00000,0.00000,0.00000,0.00000
96.60000,1.02194,1.00000,0.00000,0.00000,0.00000
96.74000,1.02194,0.99999,0.00000,0.00000,0.00000
96.88000,1.02194,0.99999,0.00000,0.00000,0.00001
97.02000,1.02194,0.99999,0.00000,0.00000,0.00001
97.16000,1.02193,1.00000,0.00000,0.00000,0.00000
97.30000,1.02193,1.00000,0.00000,0.00000,0.00000
97.44000,1.02193,1.00000,0.00000,0.00000,0.00000
97.58000,1.02193,0.99996,0.00000,0.00000,0.00004
97.72000,1.02193,0.99985,0.00000,0.00000,0.00014
97.86000,1.02193,0.99887,0.00000,0.00001,0.00112
98.00000,1.02193,0.99739,0.00000,0.00002,0.00259
98.14000,1.02193,0.99647,0.00000,0.00003,0.00350
98.28000,1.02194,0.99657,0.00000,0.00003,0.00340
98.42000,1.02194,0.99673,0.00000,0.00003,0.00324
98.56000,1.02194,0.99572,0.00000,0.00004,0.00424
98.70000,1.02194,0.99549,0.00000,0.00014,0.00436
98.84000,1.02194,0.98961,0.00000,0.00012,0.01027
98.98000,1.02193,0.99185,0.00000,0.00009,0.00807
99.12000,1.02193,0.99598,0.00000,0.00004,0.00398
99.26000,1.02193,0.99860,0.00000,0.00003,0.00137
99.40000,1.02193,0.99648,0.00000,0.00004,0.00348
99.54000,1.02193,0.99430,0.00000,0.00005,0.00566
99.68000,1.02193,0.99214,0.00000,0.00005,0.00781
99.82000,1.02193,0.99852,0.00000,0.00002,0.00146
99.96000,1.02194,0.99945,0.00000,0.00001,0.00054
100.10000,1.02194,0.99871,0.00000,0.00002,0.00127
100.24000,1.02194,0.99714,0.00000,0.00002,0.00283
100.38000,1.02194,0.97537,0.00000,0.00010,0.02453
100.52000,1.02194,0.84338,0.00000,0.00032,0.15629
100.66000,1.02193,0.61246,0.00000,0.00017,0.38737
100.80000,1.02193,0.87896,0.00000,0.00020,0.12084
100.94000,1.02193,0.99060,0.00000,0.00004,0.00937
101.08000,1.02193,0.99931,0.00000,0.00002,0.00068
101.22000,1.02193,0.99998,0.00000,0.00000,0.00001
101.36000,1.02193,1.00000,0.00000,0.00000,0.00000
101.50000,1.02193,0.99998,0.00000,0.00000,0.00002
101.64000,1.02193,0.99985,0.00000,0.00000,0.00015
101.78000,1.02194,0.99931,0.00000,0.00001,0.00068
101.92000,1.02194,0.99712,0.00000,0.00001,0.00287
102.06000,1.02194,0.99918,0.00000,0.00001,0.00081
102.20000,1.02194,0.99985,0.00000,0.00000,0.00014
102.34000,1.02194,0.99952,0.00000,0.00001,0.00047
102.48000,1.02193,0.99989,0.00000,0.00001,0.00011
102.62000,1.02193,0.99987,0.00000,0.00000,0.00012
102.76000,1.02193,0.99985,0.00000,0.00001,0.00014
102.90000,1.02193,0.99937,0.00000,0.00001,0.00063
103.04000,1.02193,0.99921,0.00000,0.00001,0.00078
103.18000,1.02193,0.99852,0.00000,0.00002,0.00146
103.32000,1.02193,0.99440,0.00000,0.00003,0.00557
103.46000,1.02194,0.99942,0.00000,0.00002,0.00056
103.60000,1.02194,0.99987,0.00000,0.00002,0.00011
103.74000,1.02194,0.99994,0.00000,0.00001,0.00005
103.88000,1.02194,0.99999,0.00000,0.00001,0.00000
104.02000,1.02194,1.00000,0.00000,0.00000,0.00000
104.16000,1.02193,1.00000,0.00000,0.00000,0.00000
104.30000,1.02193,1.00000,0.00000,0.00000,0.00000
104.44000,1.02193,0.99996,0.00000,0.00000,0.00004
104.58000,1.02193,0.99864,0.00000,0.00002,0.00134
104.72000,1.02193,0.99691,0.00000,0.00003,0.00306
104.86000,1.02193,0.99116,0.00000,0.00005,0.00878
105.00000,1.02193,0.98868,0.00000,0.00006,0.01126
105.14000,1.02193,0.98952,0.00000,0.00006,0.01042
105.28000,1.02194,0.98981,0.00000,0.00006,0.01013
105.42000,1.02194,0.98900,0.00000,0.00006,0.01094
105.56000,1.02194,0.98967,0.00000,0.00006,0.01027
105.70000,1.02194,0.99006,0.00000,0.00006,0.00988
105.84000,1.02194,0.99117,0.00000,0.00006,0.00877
105.98000,1.02193,0.99217,0.00000,0.00005,0.00778
106.12000,1.02193,0.99682,0.00000,0.00003,0.00315
106.26000,1.02193,0.99891,0.00000,0.00002,0.00108
106.40000,1.02193,0.99892,0.00000,0.00001,0.00107
106.54000,1.02193,0.99879,0.00000,0.00001,0.00119
106.68000,1.02193,0.99910,0.00000,0.00001,0.00088
106.82000,1.02193,0.99918,0.00000,0.00001,0.00081
106.96000,1.02194,0.99749,0.00000,0.00002,0.00249
107.10000,1.02194,0.99700,0.00000,0.00003,0.00297
107.24000,1.02194,0.99903,0.00000,0.00002,0.00095
107.38000,1.02194,0.99978,0.00000,0.00001,0.00021
107.52000,1.02194,0.99999,0.00000,0.00000,0.00001
107.66000,1.02193,1.00000,0.00000,0.00000,0.00000
107.80000,1.02193,1.00000,0.00000,0.00000,0.00000
107.94000,1.02193,1.00000,0.00000,0.00000,0.00000
108.08000,1.02193,1.00000,0.00000,0.00000,0.00000
108.22000,1.02193,1.00000,0.00000,0.00000,0.00000
108.36000,1.02193,1.00000,0.00000,0.00000,0.00000
108.50000,1.02193,1.00000,0.00000,0.00000,0.00000
108.64000,1.02193,0.99913,0.00000,0.00002,0.00085
108.78000,1.02194,0.99110,0.00000,0.00005,0.00884
108.92000,1.02194,0.99198,0.00000,0.00004,0.00798
109.06000,1.02194,0.99858,0.00000,0.00001,0.00141
109.20000,1.02194,0.99883,0.00000,0.00001,0.00116
109.34000,1.02194,0.99898,0.00000,0.00001,0.00101
109.48000,1.02193,0.99976,0.00000,0.00000,0.00024
109.62000,1.02193,0.99985,0.00000,0.00000,0.00014
109.76000,1.02193,0.99985,0.00000,0.00000,0.00015
109.90000,1.02193,0.99986,0.00000,0.00000,0.00014
110.04000,1.02193,0.99998,0.00000,0.00000,0.00001
110.18000,1.02193,1.00000,0.00000,0.00000,0.00000
110.32000,1.02193,1.00000,0.00000,0.00000,0.00000
110.46000,1.02194,1.00000,0.00000,0.00000,0.00000
110.60000,1.02194,1.00000,0.00000,0.00000,0.00000
110.74000,1.02194,1.00000,0.00000,0.00000,0.00000
110.88000,1.02194,1.00000,0.00000,0.00000,0.00000
111.02000,1.02194,0.99997,0.00000,0.00000,0.00002
111.16000,1.02193,0.99959,0.00000,0.00001,0.00040
111.30000,1.02193,0.99984,0.00000,0.00000,0.00016
111.44000,1.02193,0.99990,0.00000,0.00000,0.00010
111.58000,1.02193,0.99990,0.00000,0.00000,0.00009
111.72000,1.02193,0.99990,0.00000,0.00000,0.00010
111.86000,1.02193,0.99984,0.00000,0.00000,0.00015
112.00000,1.02193,0.99976,0.00000,0.00001,0.00023
112.14000,1.02193,0.99856,0.00000,0.00002,0.00142
112.28000,1.02194,0.99991,0.00000,0.00001,0.00009
112.42000,1.02194,0.99999,0.00000,0.00000,0.00000
112.56000,1.02194,0.99999,0.00000,0.00001,0.00000
112.70000,1.02194,0.99999,0.00000,0.00000,0.00000
112.84000,1.02194,1.00000,0.00000,0.00000,0.00000
112.98000,1.02193,1.00000,0.00000,0.00000,0.00000
113.12000,1.02193,0.99999,0.00000,0.00000,0.00001
113.26000,1.02193,0.99994,0.00000,0.00001,0.00006
113.40000,1.02193,0.99986,0.00000,0.00001,0.00013
113.54000,1.02193,0.99986,0.00000,0.00003,0.00011
113.68000,1.02193,0.99999,0.00000,0.00000,0.00000
113.82000,1.02193,1.00000,0.00000,0.00000,0.00000
113.96000,1.02194,1.00000,0.00000,0.00000,0.00000
114.10000,1.02194,1.00000,0.00000,0.00000,0.00000
114.24000,1.02194,1.00000,0.00000,0.00000,0.00000
114.38000,1.02194,0.99995,0.00000,0.00000,0.00005
114.52000,1.02194,0.99983,0.00000,0.00000,0.00017
114.66000,1.02193,0.99938,0.00000,0.00001,0.00061
114.80000,1.02193,0.99858,0.00000,0.00002,0.00140
114.94000,1.02193,0.99820,0.00000,0.00002,0.00179
115.08000,1.02193,0.99796,0.00000,0.00002,0.00202
115.22000,1.02193,0.99803,0.00000,0.00002,0.00195
115.36000,1.02193,0.99852,0.00000,0.00002,0.00147
115.50000,1.02193,0.99872,0.00000,0.00001,0.00127
115.64000,1.02193,0.99902,0.00000,0.00001,0.00097
115.78000,1.02194,0.99917,0.00000,0.00001,0.00082
115.92000,1.02194,0.99943,0.00000,0.00001,0.00056
116.06000,1.02194,0.99934,0.00000,0.00001,0.00065
116.20000,1.02194,0.99985,0.00000,0.00001,0.00014
116.34000,1.02194,0.99983,0.00000,0.00003,0.00014
116.48000,1.02193,0.99976,0.00000,0.00006,0.00018
116.62000,1.02193,0.99955,0.00000,0.00009,0.00037
116.76000,1.02193,0.99945,0.00000,0.00007,0.00048
116.90000,1.02193,0.99968,0.00000,0.00003,0.00030
117.04000,1.02193,0.99948,0.00000,0.00004,0.00048
117.18000,1.02193,0.99935,0.00000,0.00002,0.00063
117.32000,1.02193,0.99931,0.00000,0.00002,0.00068
117.46000,1.02194,0.99976,0.00000,0.00001,0.00024
117.60000,1.02194,0.99994,0.00000,0.00000,0.00005
117.74000,1.02194,0.99997,0.00000,0.00000,0.00003
117.88000,1.02194,0.99996,0.00000,0.00000,0.00003
118.02000,1.02194,0.99993,0.00000,0.00000,0.00006
118.16000,1.02193,0.99992,0.00000,0.00000,0.00007
118.30000,1.02193,0.98487,0.00000,0.00036,0.01477
118.44000,1.02193,0.87482,0.00000,0.00118,0.12399
118.58000,1.02193,0.99137,0.00000,0.00011,0.00852
118.72000,1.02193,0.99967,0.00000,0.00016,0.00017
118.86000,1.02193,0.99999,0.00000,0.00001,0.00000
119.00000,1.02193,0.99999,0.00000,0.00001,0.00000
119.14000,1.02193,1.00000,0.00000,0.00000,0.00000
119.28000,1.02194,1.00000,0.00000,0.00000,0.00000
119.42000,1.02194,1.00000,0.00000,0.00000,0.00000
119.56000,1.02194,1.00000,0.00000,0.00000,0.00000
119.70000,1.02194,0.99975,0.00000,0.00002,0.00024
119.84000,1.02194,0.99034,0.00000,0.00004,0.00962
119.98000,1.02193,0.99242,0.00000,0.00016,0.00742
120.12000,1.02193,0.97906,0.00000,0.00011,0.02083
120.26000,1.02193,0.81465,0.00000,0.00058,0.18476
120.40000,1.02193,0.86518,0.00000,0.00042,0.13440
120.54000,1.02193,0.73057,0.00000,0.00037,0.26906
120.68000,1.02193,0.57810,0.00000,0.00026,0.42164
120.82000,1.02193,0.76857,0.00000,0.00027,0.23116
120.96000,1.02194,0.73305,0.00000,0.00023,0.26672
121.10000,1.02194,0.52379,0.00001,0.00029,0.47591
121.24000,1.02194,0.79134,0.00000,0.00013,0.20853
121.38000,1.02194,0.99147,0.00000,0.00002,0.00851
121.52000,1.02194,0.99944,0.00000,0.00002,0.00054
121.66000,1.02193,0.99973,0.00000,0.00003,0.00025
121.80000,1.02193,0.99998,0.00000,0.00001,0.00001
121.94000,1.02193,1.00000,0.00000,0.00000,0.00000
122.08000,1.02193,1.00000,0.00000,0.00000,0.00000
122.22000,1.02193,1.00000,0.00000,0.00000,0.00000
122.36000,1.02193,1.00000,0.00000,0.00000,0.00000
122.50000,1.02193,1.00000,0.00000,0.00000,0.00000
122.64000,1.02193,0.99995,0.00000,0.00003,0.00002
122.78000,1.02194,0.99669,0.00000,0.00008,0.00323
122.92000,1.02194,0.98881,0.00000,0.00006,0.01113
123.06000,1.02194,0.99959,0.00000,0.00002,0.00039
123.20000,1.02194,0.99754,0.00000,0.00007,0.00238
123.34000,1.02194,0.99416,0.00000,0.00018,0.00567
123.48000,1.02193,0.99392,0.00000,0.00013,0.00595
123.62000,1.02193,0.96175,0.00000,0.00030,0.03795
123.76000,1.02193,0.96160,0.00000,0.00026,0.03814
123.90000,1.02193,0.99400,0.00000,0.00009,0.00591
124.04000,1.02193,0.99921,0.00000,0.00002,0.00078
124.18000,1.02193,0.99962,0.00000,0.00001,0.00037
124.32000,1.02193,0.99893,0.00000,0.00002,0.00105
124.46000,1.02194,0.99726,0.00000,0.00008,0.00267
124.60000,1.02194,0.99371,0.00000,0.00014,0.00615
124.74000,1.02194,0.99993,0.00000,0.00001,0.00006
124.88000,1.02194,1.00000,0.00000,0.00000,0.00000
125.02000,1.02194,1.00000,0.00000,0.00000,0.00000
125.16000,1.02193,1.00000,0.00000,0.00000,0.00000
125.30000,1.02193,1.00000,0.00000,0.00000,0.00000
125.44000,1.02193,1.00000,0.00000,0.00000,0.00000
125.58000,1.02193,1.00000,0.00000,0.00000,0.00000
125.72000,1.02193,1.00000,0.00000,0.00000,0.00000
125.86000,1.02193,1.00000,0.00000,0.00000,0.00000
126.00000,1.02193,1.00000,0.00000,0.00000,0.00000
126.14000,1.02193,1.00000,0.00000,0.00000,0.00000
126.28000,1.02194,0.99999,0.00000,0.00000,0.00000
126.42000,1.02194,0.99998,0.00000,0.00000,0.00002
126.56000,1.02194,0.99993,0.00000,0.00000,0.00007
126.70000,1.02194,0.99986,0.00000,0.00000,0.00014
126.84000,1.02194,0.99984,0.00000,0.00000,0.00016
126.98000,1.02193,0.99991,0.00000,0.00000,0.00008
127.12000,1.02193,0.99996,0.00000,0.00000,0.00004
127.26000,1.02193,0.99997,0.00000,0.00000,0.00003
127.40000,1.02193,0.99997,0.00000,0.00000,0.00002
127.54000,1.02193,0.99998,0.00000,0.00000,0.00002
127.68000,1.02193,0.99998,0.00000,0.00000,0.00002
127.82000,1.02193,0.99999,0.00000,0.00000,0.00001
127.96000,1.02193,0.99999,0.00000,0.00000,0.00001
128.10001,1.02193,0.99999,0.00000,0.00000,0.00001
128.24001,1.02193,0.99999,0.00000,0.00000,0.00001
128.38000,1.02193,0.99999,0.00000,0.00000,0.00001
128.52000,1.02193,0.99999,0.00000,0.00000,0.00001
128.66000,1.02193,0.99999,0.00000,0.00000,0.00001
128.80000,1.02193,0.99998,0.00000,0.00000,0.00002
128.94000,1.02194,0.99998,0.00000,0.00000,0.00002
129.08000,1.02194,0.99998,0.00000,0.00000,0.00002
129.22000,1.02194,0.99999,0.00000,0.00000,0.00001
129.36000,1.02194,0.99998,0.00000,0.00000,0.00002
129.50000,1.02194,0.99998,0.00000,0.00000,0.00002
129.64000,1.02194,0.99998,0.00000,0.00000,0.00002
129.78000,1.02194,0.99998,0.00000,0.00000,0.00002
129.92000,1.02194,0.99998,0.00000,0.00000,0.00002
130.06000,1.02194,0.99997,0.00000,0.00000,0.00003
130.20000,1.02194,0.99996,0.00000,0.00000,0.00004
130.34000,1.02194,0.99995,0.00000,0.00000,0.00005
130.48000,1.02194,0.99991,0.00000,0.00000,0.00008
130.62000,1.02194,0.99998,0.00000,0.00000,0.00002
130.75999,1.02194,0.99993,0.00000,0.00003,0.00004
130.89999,1.02194,0.99900,0.00000,0.00009,0.00091
131.03999,1.02194,0.99470,0.00000,0.00016,0.00514
131.17999,1.02194,0.98468,0.00000,0.00554,0.00978
131.32001,1.02193,0.98012,0.00000,0.00333,0.01655
131.46001,1.02193,0.59401,0.00005,0.01100,0.39495
131.60001,1.02193,0.86575,0.00000,0.00351,0.13074
131.74001,1.02193,0.99624,0.00000,0.00015,0.00362
131.88000,1.02193,0.99983,0.00000,0.00001,0.00016
132.02000,1.02193,0.99980,0.00000,0.00008,0.00012
132.16000,1.02193,0.99980,0.00000,0.00006,0.00015
132.30000,1.02193,0.99927,0.00000,0.00003,0.00070
132.44000,1.02194,0.99861,0.00000,0.00007,0.00131
132.58000,1.02194,0.99950,0.00000,0.00008,0.00042
132.72000,1.02194,0.99774,0.00000,0.00030,0.00196
132.86000,1.02194,0.99772,0.00000,0.00078,0.00150
133.00000,1.02194,0.99967,0.00000,0.00008,0.00025
133.14000,1.02194,0.99411,0.00000,0.00118,0.00471
133.28000,1.02194,0.99813,0.00000,0.00053,0.00134
133.42000,1.02194,0.96112,0.00000,0.00715,0.03173
133.56000,1.02194,0.93741,0.00000,0.00663,0.05596
133.70000,1.02194,0.91491,0.00000,0.00149,0.08361
133.84000,1.02194,0.99496,0.00000,0.00055,0.00448
133.98000,1.02194,0.99964,0.00000,0.00002,0.00034
134.12000,1.02194,0.99956,0.00000,0.00002,0.00043
134.25999,1.02194,0.99998,0.00000,0.00000,0.00002
134.39999,1.02194,0.99999,0.00000,0.00000,0.00001
134.53999,1.02194,0.99999,0.00000,0.00000,0.00001
134.67999,1.02194,0.99993,0.00000,0.00000,0.00007
134.82001,1.02193,0.99982,0.00000,0.00000,0.00018
134.96001,1.02193,0.99987,0.00000,0.00000,0.00013
135.10001,1.02193,0.99984,0.00000,0.00000,0.00016
135.24001,1.02193,0.99988,0.00000,0.00000,0.00011
135.38000,1.02193,0.99991,0.00000,0.00000,0.00008
135.52000,1.02193,0.99998,0.00000,0.00000,0.00002
135.66000,1.02193,0.99998,0.00000,0.00000,0.00002
135.80000,1.02193,0.99998,0.00000,0.00000,0.00002
135.94000,1.02194,0.99998,0.00000,0.00000,0.00002
136.08000,1.02194,0.99998,0.00000,0.00000,0.00002
136.22000,1.02194,0.99997,0.00000,0.00000,0.00003
136.36000,1.02194,0.99994,0.00000,0.00000,0.00006
136.50000,1.02194,0.99993,0.00000,0.00000,0.00007
136.64000,1.02194,0.99990,0.00000,0.00000,0.00009
136.78000,1.02194,0.99993,0.00000,0.00000,0.00007
136.92000,1.02194,0.99993,0.00000,0.00000,0.00007
137.06000,1.02194,0.99988,0.00000,0.00001,0.00012
137.20000,1.02194,0.99989,0.00000,0.00001,0.00011
137.34000,1.02194,0.99992,0.00000,0.00001,0.00007
137.48000,1.02194,0.99993,0.00000,0.00001,0.00006
137.62000,1.02194,0.99996,0.00000,0.00001,0.00004
137.75999,1.02194,0.99999,0.00000,0.00000,0.00001
137.89999,1.02194,1.00000,0.00000,0.00000,0.00000
138.03999,1.02194,1.00000,0.00000,0.00000,0.00000
138.17999,1.02194,0.99999,0.00000,0.00000,0.00001
138.32001,1.02193,0.99998,0.00000,0.00000,0.00001
138.46001,1.02193,0.99996,0.00000,0.00000,0.00004
138.60001,1.02193,0.99983,0.00000,0.00001,0.00017
138.74001,1.02193,0.99999,0.00000,0.00000,0.00001
138.88000,1.02193,1.00000,0.00000,0.00000,0.00000
139.02000,1.02193,1.00000,0.00000,0.00000,0.00000
139.16000,1.02193,1.00000,0.00000,0.00000,0.00000
139.30000,1.02193,1.00000,0.00000,0.00000,0.00000
139.44000,1.02194,1.00000,0.00000,0.00000,0.00000
139.58000,1.02194,1.00000,0.00000,0.00000,0.00000
139.72000,1.02194,1.00000,0.00000,0.00000,0.00000
139.86000,1.02194,1.00000,0.00000,0.00000,0.00000
140.00000,1.02194,1.00000,0.00000,0.00000,0.00000
140.14000,1.02194,1.00000,0.00000,0.00000,0.00000
140.28000,1.02194,1.00000,0.00000,0.00000,0.00000
140.42000,1.02194,0.99999,0.00000,0.00000,0.00001
140.56000,1.02194,0.99996,0.00000,0.00000,0.00004
140.70000,1.02194,0.99998,0.00000,0.00000,0.00002
140.84000,1.02194,0.99999,0.00000,0.00000,0.00001
140.98000,1.02194,0.99999,0.00000,0.00000,0.00001
141.12000,1.02194,0.99999,0.00000,0.00000,0.00001
141.25999,1.02194,0.99999,0.00000,0.00000,0.00001
141.39999,1.02194,0.99998,0.00000,0.00000,0.00002
141.53999,1.02194,0.99998,0.00000,0.00000,0.00002
141.67999,1.02194,1.00000,0.00000,0.00000,0.00000
141.82001,1.02193,1.00000,0.00000,0.00000,0.00000
141.96001,1.02193,1.00000,0.00000,0.00000,0.00000
142.10001,1.02193,1.00000,0.00000,0.00000,0.00000
142.24001,1.02193,1.00000,0.00000,0.00000,0.00000
142.38000,1.02193,1.00000,0.00000,0.00000,0.00000
142.52000,1.02193,0.99994,0.00000,0.00001,0.00005
142.66000,1.02193,0.99292,0.00000,0.00006,0.00702
142.80000,1.02193,0.99405,0.00000,0.00004,0.00591
142.94000,1.02194,0.99854,0.00000,0.00001,0.00144
143.08000,1.02194,0.99954,0.00000,0.00004,0.00042
143.22000,1.02194,0.99931,0.00000,0.00006,0.00063
143.36000,1.02194,0.99994,0.00000,0.00001,0.00005
143.50000,1.02194,0.99988,0.00000,0.00003,0.00009
143.64000,1.02194,0.99999,0.00000,0.00000,0.00000
143.78000,1.02194,0.99999,0.00000,0.00000,0.00000
143.92000,1.02194,1.00000,0.00000,0.00000,0.00000
144.06000,1.02194,1.00000,0.00000,0.00000,0.00000
144.20000,1.02194,1.00000,0.00000,0.00000,0.00000
144.34000,1.02194,1.00000,0.00000,0.00000,0.00000
144.48000,1.02194,1.00000,0.00000,0.00000,0.00000
144.62000,1.02194,0.99993,0.00000,0.00000,0.00007
144.75999,1.02194,0.99931,0.00000,0.00001,0.00068
144.89999,1.02194,0.97611,0.00000,0.00008,0.02381
145.03999,1.02194,0.96004,0.00000,0.00008,0.03988
145.17999,1.02194,0.98838,0.00000,0.00004,0.01159
145.32001,1.02193,0.99729,0.00000,0.00002,0.00270
145.46001,1.02193,0.99875,0.00000,0.00001,0.00124
145.60001,1.02193,0.99955,0.00000,0.00001,0.00044
145.74001,1.02193,0.99987,0.00000,0.00000,0.00012
145.88000,1.02193,0.99990,0.00000,0.00000,0.00009
146.02000,1.02193,0.99993,0.00000,0.00000,0.00007
146.16000,1.02193,0.99993,0.00000,0.00000,0.00006
146.30000,1.02193,0.99993,0.00000,0.00000,0.00007
146.44000,1.02194,0.99992,0.00000,0.00000,0.00008
146.58000,1.02194,0.99993,0.00000,0.00000,0.00007
146.72000,1.02194,0.99993,0.00000,0.00000,0.00007
146.86000,1.02194,0.99992,0.00000,0.00000,0.00007
147.00000,1.02194,0.99994,0.00000,0.00000,0.00006
147.14000,1.02194,0.99995,0.00000,0.00000,0.00005
147.28000,1.02194,0.99990,0.00000,0.00000,0.00010
147.42000,1.02194,0.99977,0.00000,0.00000,0.00023
147.56000,1.02194,0.99957,0.00000,0.00001,0.00042
147.70000,1.02194,0.99995,0.00000,0.00000,0.00005
147.84000,1.02194,0.99996,0.00000,0.00002,0.00003
147.98000,1.02194,0.99993,0.00000,0.00001,0.00005
148.12000,1.02194,0.99995,0.00000,0.00001,0.00004
148.25999,1.02194,0.99987,0.00000,0.00000,0.00012
148.39999,1.02194,1.00000,0.00000,0.00000,0.00000
148.53999,1.02194,0.99995,0.00000,0.00000,0.00005
148.67999,1.02194,0.99997,0.00000,0.00000,0.00003
148.82001,1.02193,0.99997,0.00000,0.00000,0.00003
148.96001,1.02193,0.99998,0.00000,0.00000,0.00002
149.10001,1.02193,0.99998,0.00000,0.00000,0.00002
149.24001,1.02193,0.99999,0.00000,0.00000,0.00001
149.38000,1.02193,0.99999,0.00000,0.00000,0.00000
149.52000,1.02193,0.99999,0.00000,0.00000,0.00001
149.66000,1.02193,0.99997,0.00000,0.00000,0.00003
149.80000,1.02193,0.99999,0.00000,0.00000,0.00001
149.94000,1.02194,0.99996,0.00000,0.00001,0.00002
150.08000,1.02194,0.99914,0.00000,0.00005,0.00081
150.22000,1.02194,0.98981,0.00000,0.00004,0.01015
150.36000,1.02194,0.96051,0.00000,0.00031,0.03917
150.50000,1.02194,0.94608,0.00000,0.00010,0.05382
150.64000,1.02194,0.99489,0.00000,0.00003,0.00508
150.78000,1.02194,0.99980,0.00000,0.00000,0.00020
150.92000,1.02194,0.99999,0.00000,0.00000,0.00001
151.06000,1.02194,1.00000,0.00000,0.00000,0.00000
151.20000,1.02194,1.00000,0.00000,0.00000,0.00000
151.34000,1.02194,1.00000,0.00000,0.00000,0.00000
151.48000,1.02194,1.00000,0.00000,0.00000,0.00000
151.62000,1.02194,0.99999,0.00000,0.00000,0.00001
151.75999,1.02194,1.00000,0.00000,0.00000,0.00000
151.89999,1.02194,0.99974,0.00000,0.00001,0.00025
152.03999,1.02194,0.99952,0.00000,0.00001,0.00047
152.17999,1.02194,0.99740,0.00000,0.00002,0.00258
152.32001,1.02193,0.99922,0.00000,0.00002,0.00076
152.46001,1.02193,0.99961,0.00000,0.00004,0.00035
152.60001,1.02193,0.99998,0.00000,0.00000,0.00002
152.74001,1.02193,1.00000,0.00000,0.00000,0.00000
152.88000,1.02193,1.00000,0.00000,0.00000,0.00000
153.02000,1.02193,1.00000,0.00000,0.00000,0.00000
153.16000,1.02193,1.00000,0.00000,0.00000,0.00000
153.30000,1.02193,1.00000,0.00000,0.00000,0.00000
153.44000,1.02194,1.00000,0.00000,0.00000,0.00000
153.58000,1.02194,1.00000,0.00000,0.00000,0.00000
153.72000,1.02194,1.00000,0.00000,0.00000,0.00000
153.86000,1.02194,1.00000,0.00000,0.00000,0.00000
154.00000,1.02194,1.00000,0.00000,0.00000,0.00000
154.14000,1.02194,1.00000,0.00000,0.00000,0.00000
154.28000,1.02194,1.00000,0.00000,0.00000,0.00000
154.42000,1.02194,1.00000,0.00000,0.00000,0.00000
154.56000,1.02194,1.00000,0.00000,0.00000,0.00000
154.70000,1.02194,0.99998,0.00000,0.00000,0.00001
154.84000,1.02194,0.99993,0.00000,0.00000,0.00007
154.98000,1.02194,0.99989,0.00000,0.00001,0.00010
155.12000,1.02194,0.99997,0.00000,0.00000,0.00003
155.25999,1.02194,0.99998,0.00000,0.00000,0.00001
155.39999,1.02194,1.00000,0.00000,0.00000,0.00000
155.53999,1.02194,1.00000,0.00000,0.00000,0.00000
155.67999,1.02194,1.00000,0.00000,0.00000,0.00000
155.82001,1.02193,1.00000,0.00000,0.00000,0.00000
155.96001,1.02193,1.00000,0.00000,0.00000,0.00000
156.10001,1.02193,1.00000,0.00000,0.00000,0.00000
156.24001,1.02193,1.00000,0.00000,0.00000,0.00000
156.38000,1.02193,1.00000,0.00000,0.00000,0.00000
156.52000,1.02193,0.99998,0.00000,0.00000,0.00001
156.66000,1.02193,1.00000,0.00000,0.00000,0.00000
156.80000,1.02193,0.99998,0.00000,0.00000,0.00001
156.94000,1.02194,0.99999,0.00000,0.00000,0.00001
157.08000,1.02194,1.00000,0.00000,0.00000,0.00000
157.22000,1.02194,1.00000,0.00000,0.00000,0.00000
157.36000,1.02194,1.00000,0.00000,0.00000,0.00000
157.50000,1.02194,1.00000,0.00000,0.00000,0.00000
157.64000,1.02194,1.00000,0.00000,0.00000,0.00000
157.78000,1.02194,1.00000,0.00000,0.00000,0.00000
157.92000,1.02194,1.00000,0.00000,0.00000,0.00000
158.06000,1.02194,0.99991,0.00000,0.00000,0.00008
158.20000,1.02194,0.99799,0.00000,0.00001,0.00199
158.34000,1.02194,0.99755,0.00000,0.00002,0.00243
158.48000,1.02194,0.99961,0.00000,0.00001,0.00038
158.62000,1.02194,0.99993,0.00000,0.00000,0.00006
158.75999,1.02194,1.00000,0.00000,0.00000,0.00000
158.89999,1.02194,1.00000,0.00000,0.00000,0.00000
159.03999,1.02194,1.00000,0.00000,0.00000,0.00000
159.17999,1.02194,1.00000,0.00000,0.00000,0.00000
159.32001,1.02193,1.00000,0.00000,0.00000,0.00000
159.46001,1.02193,1.00000,0.00000,0.00000,0.00000
159.60001,1.02193,1.00000,0.00000,0.00000,0.00000
159.74001,1.02193,0.99996,0.00000,0.00000,0.00003
159.88000,1.02193,1.00000,0.00000,0.00000,0.00000
160.02000,1.02193,1.00000,0.00000,0.00000,0.00000
160.16000,1.02193,1.00000,0.00000,0.00000,0.00000
160.30000,1.02193,1.00000,0.00000,0.00000,0.00000
160.44000,1.02194,1.00000,0.00000,0.00000,0.00000
160.58000,1.02194,1.00000,0.00000,0.00000,0.00000
160.72000,1.02194,1.00000,0.00000,0.00000,0.00000
160.86000,1.02194,1.00000,0.00000,0.00000,0.00000
161.00000,1.02194,0.99998,0.00000,0.00000,0.00002
161.14000,1.02194,0.99996,0.00000,0.00000,0.00003
161.28000,1.02194,0.99992,0.00000,0.00000,0.00008
161.42000,1.02194,0.99971,0.00000,0.00000,0.00028
161.56000,1.02194,0.99970,0.00000,0.00000,0.00029
161.70000,1.02194,0.99984,0.00000,0.00000,0.00015
161.84000,1.02194,0.99981,0.00000,0.00000,0.00018
161.98000,1.02194,0.99984,0.00000,0.00000,0.00015
162.12000,1.02194,0.99987,0.00000,0.00000,0.00012
162.25999,1.02194,0.99985,0.00000,0.00000,0.00015
162.39999,1.02194,0.99984,0.00000,0.00000,0.00016
162.53999,1.02194,0.99984,0.00000,0.00000,0.00016
162.67999,1.02194,0.99982,0.00000,0.00000,0.00018
162.82001,1.02193,0.99984,0.00000,0.00000,0.00016
162.96001,1.02193,0.99984,0.00000,0.00000,0.00016
163.10001,1.02193,0.99982,0.00000,0.00000,0.00018
163.24001,1.02193,0.99986,0.00000,0.00000,0.00014
163.38000,1.02193,0.99994,0.00000,0.00002,0.00004
163.52000,1.02193,0.99999,0.00000,0.00000,0.00000
163.66000,1.02193,1.00000,0.00000,0.00000,0.00000
163.80000,1.02193,1.00000,0.00000,0.00000,0.00000
163.94000,1.02194,1.00000,0.00000,0.00000,0.00000
164.08000,1.02194,1.00000,0.00000,0.00000,0.00000
164.22000,1.02194,1.00000,0.00000,0.00000,0.00000
164.36000,1.02194,0.99996,0.00000,0.00000,0.00003
164.50000,1.02194,0.99988,0.00000,0.00000,0.00012
164.64000,1.02194,0.99979,0.00000,0.00001,0.00020
164.78000,1.02194,0.99998,0.00000,0.00000,0.00002
164.92000,1.02194,1.00000,0.00000,0.00000,0.00000
165.06000,1.02194,1.00000,0.00000,0.00000,0.00000
165.20000,1.02194,1.00000,0.00000,0.00000,0.00000
165.34000,1.02194,1.00000,0.00000,0.00000,0.00000
165.48000,1.02194,1.00000,0.00000,0.00000,0.00000
165.62000,1.02194,1.00000,0.00000,0.00000,0.00000
165.75999,1.02194,0.99995,0.00000,0.00000,0.00005
165.89999,1.02194,0.99923,0.00000,0.00001,0.00076
166.03999,1.02194,0.99800,0.00000,0.00002,0.00198
166.17999,1.02194,0.99683,0.00000,0.00002,0.00315
166.32001,1.02193,0.99863,0.00000,0.00002,0.00135
166.46001,1.02193,0.99905,0.00000,0.00001,0.00094
166.60001,1.02193,0.99890,0.00000,0.00001,0.00109
166.74001,1.02193,0.99895,0.00000,0.00001,0.00104
166.88000,1.02193,0.99909,0.00000,0.00001,0.00090
167.02000,1.02193,0.99950,0.00000,0.00001,0.00049
167.16000,1.02193,0.99946,0.00000,0.00001,0.00053
167.30000,1.02193,0.99956,0.00000,0.00001,0.00043
167.44000,1.02194,0.99948,0.00000,0.00001,0.00051
167.58000,1.02194,0.99949,0.00000,0.00001,0.00050
167.72000,1.02194,0.99949,0.00000,0.00001,0.00050
167.86000,1.02194,0.99953,0.00000,0.00001,0.00047
168.00000,1.02194,0.99965,0.00000,0.00001,0.00035
168.14000,1.02194,0.99977,0.00000,0.00000,0.00023
168.28000,1.02194,0.99971,0.00000,0.00001,0.00029
168.42000,1.02194,0.99949,0.00000,0.00001,0.00050
168.56000,1.02194,0.99886,0.00000,0.00001,0.00113
168.70000,1.02194,0.99838,0.00000,0.00001,0.00161
168.84000,1.02194,0.99974,0.00000,0.00001,0.00025
168.98000,1.02194,1.00000,0.00000,0.00000,0.00000
169.12000,1.02194,1.00000,0.00000,0.00000,0.00000
169.25999,1.02194,1.00000,0.00000,0.00000,0.00000
169.39999,1.02194,1.00000,0.00000,0.00000,0.00000
169.53999,1.02194,1.00000,0.00000,0.00000,0.00000
169.67999,1.02194,1.00000,0.00000,0.00000,0.00000
169.82001,1.02193,0.99952,0.00000,0.00001,0.00047
169.96001,1.02193,0.98836,0.00000,0.00004,0.01160
170.10001,1.02193,0.96983,0.00000,0.00007,0.03010
170.24001,1.02193,0.97451,0.00000,0.00007,0.02542
170.38000,1.02193,0.99604,0.00000,0.00004,0.00392
170.52000,1.02193,0.99990,0.00000,0.00001,0.00008
170.66000,1.02193,0.99998,0.00000,0.00000,0.00002
170.80000,1.02193,0.99996,0.00000,0.00001,0.00003
170.94000,1.02194,1.00000,0.00000,0.00000,0.00000
171.08000,1.02194,1.00000,0.00000,0.00000,0.00000
171.22000,1.02194,1.00000,0.00000,0.00000,0.00000
171.36000,1.02194,0.99995,0.00000,0.00001,0.00004
171.50000,1.02194,0.99946,0.00000,0.00003,0.00051
171.64000,1.02194,0.99982,0.00000,0.00005,0.00013
171.78000,1.02194,0.99982,0.00000,0.00003,0.00016
171.92000,1.02194,0.99986,0.00000,0.00002,0.00012
172.06000,1.02194,0.99977,0.00000,0.00003,0.00020
172.20000,1.02194,0.99946,0.00000,0.00002,0.00052
172.34000,1.02194,0.99547,0.00000,0.00005,0.00447
172.48000,1.02194,0.99168,0.00000,0.00003,0.00829
172.62000,1.02194,0.99438,0.00000,0.00003,0.00559
172.75999,1.02194,0.99945,0.00000,0.00000,0.00054
172.89999,1.02194,0.99985,0.00000,0.00000,0.00015
173.03999,1.02194,0.99999,0.00000,0.00000,0.00001
173.17999,1.02194,0.99999,0.00000,0.00000,0.00001
173.32001,1.02193,0.99992,0.00000,0.00001,0.00008
173.46001,1.02193,0.99988,0.00000,0.00000,0.00012
173.60001,1.02193,0.99999,0.00000,0.00000,0.00000
173.74001,1.02193,0.99997,0.00000,0.00001,0.00002
173.88000,1.02193,0.99998,0.00000,0.00000,0.00001
174.02000,1.02193,1.00000,0.00000,0.00000,0.00000
174.16000,1.02193,1.00000,0.00000,0.00000,0.00000
174.30000,1.02193,1.00000,0.00000,0.00000,0.00000
174.44000,1.02194,1.00000,0.00000,0.00000,0.00000
174.58000,1.02194,1.00000,0.00000,0.00000,0.00000
174.72000,1.02194,1.00000,0.00000,0.00000,0.00000
174.86000,1.02194,0.99874,0.00000,0.00002,0.00125
175.00000,1.02194,0.97554,0.00000,0.00014,0.02432
175.14000,1.02194,0.95874,0.00000,0.00014,0.04111
175.28000,1.02194,0.98142,0.00000,0.00009,0.01849
175.42000,1.02194,0.98965,0.00000,0.00006,0.01029
175.56000,1.02194,0.99270,0.00000,0.00006,0.00725
175.70000,1.02194,0.99387,0.00000,0.00005,0.00608
175.84000,1.02194,0.99575,0.00000,0.00004,0.00421
175.98000,1.02194,0.99460,0.00000,0.00005,0.00535
176.12000,1.02194,0.99310,0.00000,0.00006,0.00684
176.25999,1.02194,0.99097,0.00000,0.00007,0.00896
176.39999,1.02194,0.99406,0.00000,0.00005,0.00589
176.53999,1.02194,0.99469,0.00000,0.00004,0.00527
176.67999,1.02194,0.99288,0.00000,0.00005,0.00707
176.82001,1.02193,0.99176,0.00000,0.00005,0.00819
176.96001,1.02193,0.99308,0.00000,0.00005,0.00688
177.10001,1.02193,0.99255,0.00000,0.00005,0.00741
177.24001,1.02193,0.99117,0.00000,0.00005,0.00877
177.38000,1.02193,0.99023,0.00000,0.00005,0.00971
177.52000,1.02193,0.99083,0.00000,0.00005,0.00912
177.66000,1.02193,0.98906,0.00000,0.00006,0.01088
177.80000,1.02193,0.98971,0.00000,0.00006,0.01024
177.94000,1.02194,0.98783,0.00000,0.00006,0.01210
178.08000,1.02194,0.98753,0.00000,0.00006,0.01241
178.22000,1.02194,0.98969,0.00000,0.00006,0.01026
178.36000,1.02194,0.98555,0.00000,0.00007,0.01438
178.50000,1.02194,0.98535,0.00000,0.00007,0.01457
178.64000,1.02194,0.98548,0.00000,0.00007,0.01445
178.78000,1.02194,0.98711,0.00000,0.00007,0.01282
178.92000,1.02194,0.98886,0.00000,0.00006,0.01107
179.06000,1.02194,0.99073,0.00000,0.00006,0.00922
179.20000,1.02194,0.99020,0.00000,0.00006,0.00974
179.34000,1.02194,0.99166,0.00000,0.00005,0.00829
179.48000,1.02194,0.99209,0.00000,0.00005,0.00786
179.62000,1.02194,0.98946,0.00000,0.00006,0.01048
179.75999,1.02194,0.98875,0.00000,0.00006,0.01119
179.89999,1.02194,0.99034,0.00000,0.00006,0.00961
180.03999,1.02194,0.98936,0.00000,0.00006,0.01058
180.17999,1.02194,0.98839,0.00000,0.00006,0.01154
180.32001,1.02193,0.99013,0.00000,0.00006,0.00981
180.46001,1.02193,0.99072,0.00000,0.00006,0.00922
180.60001,1.02193,0.99117,0.00000,0.00006,0.00877
180.74001,1.02193,0.99227,0.00000,0.00005,0.00767
180.88000,1.02193,0.99520,0.00000,0.00004,0.00476
181.02000,1.02193,0.99698,0.00000,0.00003,0.00299
181.16000,1.02193,0.99726,0.00000,0.00003,0.00271
181.30000,1.02193,0.99781,0.00000,0.00003,0.00216
181.44000,1.02194,0.99771,0.00000,0.00003,0.00226
181.58000,1.02194,0.99612,0.00000,0.00007,0.00381
181.72000,1.02194,0.99523,0.00000,0.00007,0.00470
181.86000,1.02194,0.99661,0.00000,0.00006,0.00333
182.00000,1.02194,0.99671,0.00000,0.00004,0.00324
182.14000,1.02194,0.99291,0.00000,0.00006,0.00703
182.28000,1.02194,0.99465,0.00000,0.00004,0.00531
182.42000,1.02194,0.98867,0.00000,0.00007,0.01127
182.56000,1.02194,0.97863,0.00000,0.00010,0.02127
182.70000,1.02194,0.96720,0.00000,0.00013,0.03267
182.84000,1.02194,0.96593,0.00000,0.00013,0.03394
182.98000,1.02194,0.96549,0.00000,0.00013,0.03438
183.12000,1.02194,0.96671,0.00000,0.00013,0.03316
183.25999,1.02194,0.97440,0.00000,0.00012,0.02549
183.39999,1.02194,0.97007,0.00000,0.00012,0.02981
183.53999,1.02194,0.96025,0.00000,0.00015,0.03960
183.67999,1.02194,0.97094,0.00000,0.00011,0.02894
183.82001,1.02193,0.98631,0.00000,0.00009,0.01360
183.96001,1.02193,0.98828,0.00000,0.00009,0.01163
184.10001,1.02193,0.98623,0.00000,0.00008,0.01369
184.24001,1.02193,0.99284,0.00000,0.00006,0.00711
184.38000,1.02193,0.99577,0.00000,0.00004,0.00419
184.52000,1.02193,0.99651,0.00000,0.00003,0.00345
184.66000,1.02193,0.99607,0.00000,0.00003,0.00390
184.80000,1.02193,0.99631,0.00000,0.00003,0.00365
184.94000,1.02194,0.99714,0.00000,0.00003,0.00283
185.08000,1.02194,0.99771,0.00000,0.00002,0.00226
185.22000,1.02194,0.99734,0.00000,0.00003,0.00264
185.36000,1.02194,0.99767,0.00000,0.00002,0.00230
185.50000,1.02194,0.99786,0.00000,0.00002,0.00212
185.64000,1.02194,0.99791,0.00000,0.00002,0.00207
185.78000,1.02194,0.99786,0.00000,0.00002,0.00212
185.92000,1.02194,0.99800,0.00000,0.00002,0.00197
186.06000,1.02194,0.99795,0.00000,0.00002,0.00203
186.20000,1.02194,0.99750,0.00000,0.00002,0.00248
186.34000,1.02194,0.99773,0.00000,0.00002,0.00225
186.48000,1.02194,0.99791,0.00000,0.00002,0.00207
186.62000,1.02194,0.99790,0.00000,0.00002,0.00207
186.75999,1.02194,0.99814,0.00000,0.00002,0.00184
186.89999,1.02194,0.99836,0.00000,0.00002,0.00162
187.03999,1.02194,0.99866,0.00000,0.00002,0.00133
187.17999,1.02194,0.99887,0.00000,0.00002,0.00111
187.32001,1.02193,0.99894,0.00000,0.00002,0.00105
187.46001,1.02193,0.99878,0.00000,0.00002,0.00121
187.60001,1.02193,0.99840,0.00000,0.00002,0.00158
187.74001,1.02193,0.99767,0.00000,0.00002,0.00231
187.88000,1.02193,0.99888,0.00000,0.00001,0.00111
188.02000,1.02193,0.99959,0.00000,0.00001,0.00040
188.16000,1.02193,0.99989,0.00000,0.00000,0.00010
188.30000,1.02193,0.99999,0.00000,0.00000,0.00000
188.44000,1.02194,1.00000,0.00000,0.00000,0.00000
188.58000,1.02194,1.00000,0.00000,0.00000,0.00000
188.72000,1.02194,1.00000,0.00000,0.00000,0.00000
188.86000,1.02194,1.00000,0.00000,0.00000,0.00000
189.00000,1.02194,1.00000,0.00000,0.00000,0.00000
189.14000,1.02194,1.00000,0.00000,0.00000,0.00000
189.28000,1.02194,0.99996,0.00000,0.00003,0.00001
189.42000,1.02194,0.99889,0.00000,0.00018,0.00092
189.56000,1.02194,0.99592,0.00000,0.00031,0.00376
189.70000,1.02194,0.99663,0.00000,0.00015,0.00322
189.84000,1.02194,0.96819,0.00000,0.00021,0.03160
189.98000,1.02194,0.96417,0.00000,0.00023,0.03560
190.12000,1.02194,0.99804,0.00000,0.00002,0.00195
190.25999,1.02194,0.99961,0.00000,0.00001,0.00039
190.39999,1.02194,0.99983,0.00000,0.00000,0.00017
190.53999,1.02194,0.99993,0.00000,0.00000,0.00006
190.67999,1.02194,0.99975,0.00000,0.00000,0.00024
190.82001,1.02193,0.99968,0.00000,0.00000,0.00031
190.96001,1.02193,0.99976,0.00000,0.00000,0.00024
191.10001,1.02193,0.99971,0.00000,0.00000,0.00029
191.24001,1.02193,0.99824,0.00000,0.00001,0.00175
191.38000,1.02193,0.99077,0.00000,0.00004,0.00920
191.52000,1.02193,0.98652,0.00000,0.00004,0.01344
191.66000,1.02193,0.99784,0.00000,0.00002,0.00215
191.80000,1.02193,0.99966,0.00000,0.00001,0.00033
191.94000,1.02194,0.99997,0.00000,0.00000,0.00002
192.08000,1.02194,1.00000,0.00000,0.00000,0.00000
192.22000,1.02194,0.99999,0.00000,0.00000,0.00001
192.36000,1.02194,0.99999,0.00000,0.00000,0.00001
192.50000,1.02194,0.99992,0.00000,0.00000,0.00008
192.64000,1.02194,0.99990,0.00000,0.00000,0.00010
192.78000,1.02194,0.99987,0.00000,0.00000,0.00013
192.92000,1.02194,0.99998,0.00000,0.00000,0.00002
193.06000,1.02194,1.00000,0.00000,0.00000,0.00000
193.20000,1.02194,1.00000,0.00000,0.00000,0.00000
193.34000,1.02194,1.00000,0.00000,0.00000,0.00000
193.48000,1.02194,1.00000,0.00000,0.00000,0.00000
193.62000,1.02194,1.00000,0.00000,0.00000,0.00000
193.75999,1.02194,1.00000,0.00000,0.00000,0.00000
193.89999,1.02194,1.00000,0.00000,0.00000,0.00000
194.03999,1.02194,1.00000,0.00000,0.00000,0.00000
194.17999,1.02194,1.00000,0.00000,0.00000,0.00000
194.32001,1.02193,1.00000,0.00000,0.00000,0.00000
194.46001,1.02193,0.99999,0.00000,0.00000,0.00001
194.60001,1.02193,0.99998,0.00000,0.00000,0.00001
194.74001,1.02193,1.00000,0.00000,0.00000,0.00000
194.88000,1.02193,1.00000,0.00000,0.00000,0.00000
195.02000,1.02193,1.00000,0.00000,0.00000,0.00000
195.16000,1.02193,1.00000,0.00000,0.00000,0.00000
195.30000,1.02193,1.00000,0.00000,0.00000,0.00000
195.44000,1.02194,1.00000,0.00000,0.00000,0.00000
195.58000,1.02194,0.99998,0.00000,0.00000,0.00002
195.72000,1.02194,0.99906,0.00000,0.00001,0.00093
195.86000,1.02194,0.99819,0.00000,0.00001,0.00180
196.00000,1.02194,0.99912,0.00000,0.00001,0.00087
196.14000,1.02194,0.99961,0.00000,0.00000,0.00039
196.28000,1.02194,0.99892,0.00000,0.00001,0.00107
196.42000,1.02194,0.99915,0.00000,0.00001,0.00084
196.56000,1.02194,0.99771,0.00000,0.00001,0.00228
196.70000,1.02194,0.99994,0.00000,0.00000,0.00006
196.84000,1.02194,1.00000,0.00000,0.00000,0.00000
196.98000,1.02194,1.00000,0.00000,0.00000,0.00000
197.12000,1.02194,1.00000,0.00000,0.00000,0.00000
197.25999,1.02194,1.00000,0.00000,0.00000,0.00000
197.39999,1.02194,1.00000,0.00000,0.00000,0.00000
197.53999,1.02194,1.00000,0.00000,0.00000,0.00000
197.67999,1.02194,1.00000,0.00000,0.00000,0.00000
197.82001,1.02193,1.00000,0.00000,0.00000,0.00000
197.96001,1.02193,1.00000,0.00000,0.00000,0.00000
198.10001,1.02193,1.00000,0.00000,0.00000,0.00000
198.24001,1.02193,0.99999,0.00000,0.00000,0.00001
198.38000,1.02193,1.00000,0.00000,0.00000,0.00000
198.52000,1.02193,0.99990,0.00000,0.00001,0.00009
198.66000,1.02193,0.99993,0.00000,0.00001,0.00006
198.80000,1.02193,0.99998,0.00000,0.00000,0.00002
198.94000,1.02194,0.99999,0.00000,0.00001,0.00001
199.08000,1.02194,0.99984,0.00000,0.00003,0.00013
199.22000,1.02194,0.99857,0.00000,0.00015,0.00127
199.36000,1.02194,0.99422,0.00000,0.00015,0.00563
199.50000,1.02194,0.99930,0.00000,0.00002,0.00069
199.64000,1.02194,0.99701,0.00000,0.00004,0.00295
199.78000,1.02194,0.99991,0.00000,0.00000,0.00008
199.92000,1.02194,0.99999,0.00000,0.00000,0.00001
200.06000,1.02194,0.99999,0.00000,0.00000,0.00001
200.20000,1.02194,0.99998,0.00000,0.00000,0.00002
200.34000,1.02194,1.00000,0.00000,0.00000,0.00000
200.48000,1.02194,1.00000,0.00000,0.00000,0.00000
200.62000,1.02194,0.99999,0.00000,0.00000,0.00001
200.75999,1.02194,0.99996,0.00000,0.00000,0.00004
200.89999,1.02194,0.99996,0.00000,0.00000,0.00004
201.03999,1.02194,1.00000,0.00000,0.00000,0.00000
201.17999,1.02194,1.00000,0.00000,0.00000,0.00000
201.32001,1.02193,1.00000,0.00000,0.00000,0.00000
201.46001,1.02193,1.00000,0.00000,0.00000,0.00000
201.60001,1.02193,1.00000,0.00000,0.00000,0.00000
201.74001,1.02193,1.00000,0.00000,0.00000,0.00000
201.88000,1.02193,1.00000,0.00000,0.00000,0.00000
202.02000,1.02193,1.00000,0.00000,0.00000,0.00000
202.16000,1.02193,1.00000,0.00000,0.00000,0.00000
202.30000,1.02193,1.00000,0.00000,0.00000,0.00000
202.44000,1.02194,1.00000,0.00000,0.00000,0.00000
202.58000,1.02194,1.00000,0.00000,0.00000,0.00000
202.72000,1.02194,0.99998,0.00000,0.00000,0.00002
202.86000,1.02194,0.99995,0.00000,0.00000,0.00005
203.00000,1.02194,0.99982,0.00000,0.00000,0.00017
203.14000,1.02194,0.99975,0.00000,0.00000,0.00025
203.28000,1.02194,0.99976,0.00000,0.00000,0.00023
203.42000,1.02194,0.99980,0.00000,0.00000,0.00019
203.56000,1.02194,0.99977,0.00000,0.00000,0.00023
203.70000,1.02194,0.99971,0.00000,0.00001,0.00028
203.84000,1.02194,0.99930,0.00000,0.00001,0.00069
203.98000,1.02194,0.99965,0.00000,0.00001,0.00034
204.12000,1.02194,0.99988,0.00000,0.00001,0.00011
204.25999,1.02194,0.99994,0.00000,0.00000,0.00005
204.39999,1.02194,0.99999,0.00000,0.00000,0.00001
204.53999,1.02194,0.99999,0.00000,0.00000,0.00001
204.67999,1.02194,1.00000,0.00000,0.00000,0.00000
204.82001,1.02193,0.99998,0.00000,0.00000,0.00002
204.96001,1.02193,0.99996,0.00000,0.00000,0.00004
205.10001,1.02193,0.99979,0.00000,0.00001,0.00020
205.24001,1.02193,0.99955,0.00000,0.00001,0.00044
205.38000,1.02193,0.99978,0.00000,0.00002,0.00021
205.52000,1.02193,0.99999,0.00000,0.00000,0.00000
205.66000,1.02193,1.00000,0.00000,0.00000,0.00000
205.80000,1.02193,1.00000,0.00000,0.00000,0.00000
205.94000,1.02194,1.00000,0.00000,0.00000,0.00000
206.08000,1.02194,1.00000,0.00000,0.00000,0.00000
206.22000,1.02194,1.00000,0.00000,0.00000,0.00000
206.36000,1.02194,1.00000,0.00000,0.00000,0.00000
206.50000,1.02194,1.00000,0.00000,0.00000,0.00000
206.64000,1.02194,1.00000,0.00000,0.00000,0.00000
206.78000,1.02194,1.00000,0.00000,0.00000,0.00000
206.92000,1.02194,1.00000,0.00000,0.00000,0.00000
207.06000,1.02194,1.00000,0.00000,0.00000,0.00000
207.20000,1.02194,1.00000,0.00000,0.00000,0.00000
207.34000,1.02194,1.00000,0.00000,0.00000,0.00000
207.48000,1.02194,1.00000,0.00000,0.00000,0.00000
207.62000,1.02194,1.00000,0.00000,0.00000,0.00000
207.75999,1.02194,1.00000,0.00000,0.00000,0.00000
207.89999,1.02194,0.99999,0.00000,0.00000,0.00001
208.03999,1.02194,0.99998,0.00000,0.00000,0.00002
208.17999,1.02194,0.99995,0.00000,0.00000,0.00005
208.32001,1.02193,0.99995,0.00000,0.00000,0.00005
208.46001,1.02193,0.99997,0.00000,0.00000,0.00003
208.60001,1.02193,0.99969,0.00000,0.00002,0.00029
208.74001,1.02193,0.99987,0.00000,0.00002,0.00011
208.88000,1.02193,0.99996,0.00000,0.00001,0.00003
209.02000,1.02193,1.00000,0.00000,0.00000,0.00000
209.16000,1.02193,1.00000,0.00000,0.00000,0.00000
209.30000,1.02193,1.00000,0.00000,0.00000,0.00000
209.44000,1.02194,1.00000,0.00000,0.00000,0.00000
209.58000,1.02194,1.00000,0.00000,0.00000,0.00000
209.72000,1.02194,0.99995,0.00000,0.00000,0.00004
209.86000,1.02194,0.99944,0.00000,0.00001,0.00055
210.00000,1.02194,0.99614,0.00000,0.00003,0.00383
210.14000,1.02194,0.99656,0.00000,0.00003,0.00341
210.28000,1.02194,0.99589,0.00000,0.00003,0.00408
210.42000,1.02194,0.98971,0.00000,0.00006,0.01023
210.56000,1.02194,0.95427,0.00000,0.00016,0.04557
210.70000,1.02194,0.88586,0.00000,0.00023,0.11391
210.84000,1.02194,0.94449,0.00000,0.00015,0.05535
210.98000,1.02194,0.98156,0.00000,0.00009,0.01836
211.12000,1.02194,0.98955,0.00000,0.00005,0.01040
211.25999,1.02194,0.99993,0.00000,0.00001,0.00007
211.39999,1.02194,1.00000,0.00000,0.00000,0.00000
211.53999,1.02194,1.00000,0.00000,0.00000,0.00000
211.67999,1.02194,1.00000,0.00000,0.00000,0.00000
211.82001,1.02193,0.99998,0.00000,0.00001,0.00001
211.96001,1.02193,0.99996,0.00000,0.00001,0.00003
212.10001,1.02193,0.99931,0.00000,0.00001,0.00068
212.24001,1.02193,0.99316,0.00000,0.00057,0.00628
212.38000,1.02193,0.99867,0.00000,0.00017,0.00115
212.52000,1.02193,0.99051,0.00000,0.00062,0.00887
212.66000,1.02193,0.99924,0.00000,0.00004,0.00072
212.80000,1.02193,0.99944,0.00000,0.00002,0.00054
212.94000,1.02194,0.94561,0.00000,0.00011,0.05428
213.08000,1.02194,0.92538,0.00000,0.00074,0.07387
213.22000,1.02194,0.80174,0.00000,0.00164,0.19662
213.36000,1.02194,0.96863,0.00000,0.00078,0.03059
213.50000,1.02194,0.99325,0.00000,0.00084,0.00591
213.64000,1.02194,0.99976,0.00000,0.00004,0.00020
213.78000,1.02194,0.99964,0.00000,0.00009,0.00027
213.92000,1.02194,0.99985,0.00000,0.00010,0.00005
214.06000,1.02194,0.99970,0.00000,0.00007,0.00023
214.20000,1.02194,0.99935,0.00000,0.00005,0.00060
214.34000,1.02194,0.99931,0.00000,0.00005,0.00064
214.48000,1.02194,0.99981,0.00000,0.00003,0.00016
214.62000,1.02194,0.98739,0.00000,0.00110,0.01150
214.75999,1.02194,0.99504,0.00000,0.00022,0.00474
214.89999,1.02194,0.96847,0.00000,0.00042,0.03111
215.03999,1.02194,0.98905,0.00000,0.00027,0.01067
215.17999,1.02194,0.99823,0.00000,0.00006,0.00171
215.32001,1.02193,0.99671,0.00000,0.00007,0.00321
215.46001,1.02193,0.99713,0.00000,0.00009,0.00278
215.60001,1.02193,0.98456,0.00000,0.00019,0.01525
215.74001,1.02193,0.91026,0.00000,0.00069,0.08904
215.88000,1.02193,0.88300,0.00000,0.00044,0.11656
216.02000,1.02193,0.96601,0.00000,0.00015,0.03383
216.16000,1.02193,0.98414,0.00000,0.00009,0.01577
216.30000,1.02193,0.99018,0.00000,0.00008,0.00974
216.44000,1.02194,0.99069,0.00000,0.00006,0.00925
216.58000,1.02194,0.99796,0.00000,0.00003,0.00201
216.72000,1.02194,0.99038,0.00000,0.00043,0.00918
216.86000,1.02194,0.91531,0.00000,0.00143,0.08326
217.00000,1.02194,0.98852,0.00000,0.00012,0.01136
217.14000,1.02194,0.99978,0.00000,0.00004,0.00019
217.28000,1.02194,0.99999,0.00000,0.00000,0.00000
217.42000,1.02194,0.99994,0.00000,0.00005,0.00000
217.56000,1.02194,0.99999,0.00000,0.00001,0.00000
217.70000,1.02194,1.00000,0.00000,0.00000,0.00000
217.84000,1.02194,1.00000,0.00000,0.00000,0.00000
217.98000,1.02194,0.99998,0.00000,0.00000,0.00001
218.12000,1.02194,0.99732,0.00000,0.00006,0.00261
218.25999,1.02194,0.94593,0.00000,0.00028,0.05379
218.39999,1.02194,0.99130,0.00000,0.00001,0.00869
218.53999,1.02194,0.99034,0.00000,0.00012,0.00954
218.67999,1.02194,0.88391,0.00000,0.00001,0.11608
218.82001,1.02193,0.56555,0.00000,0.00430,0.43015
218.96001,1.02193,0.94780,0.00000,0.00006,0.05214
219.10001,1.02193,0.90236,0.00000,0.00032,0.09732
219.24001,1.02193,0.89512,0.00000,0.00116,0.10372
219.38000,1.02193,0.99998,0.00000,0.00000,0.00002
219.52000,1.02193,0.99891,0.00000,0.00001,0.00107
219.66000,1.02193,0.99472,0.00000,0.00008,0.00520
219.80000,1.02193,0.99927,0.00000,0.00001,0.00072
219.94000,1.02194,0.99771,0.00000,0.00003,0.00226
220.08000,1.02194,0.99060,0.00000,0.00016,0.00924
220.22000,1.02194,0.92119,0.00000,0.00030,0.07851
220.36000,1.02194,0.89711,0.00000,0.00023,0.10266
220.50000,1.02194,0.91978,0.00001,0.00053,0.07967
220.64000,1.02194,0.99066,0.00000,0.00012,0.00923
220.78000,1.02194,0.99974,0.00000,0.00002,0.00024
220.92000,1.02194,0.99999,0.00000,0.00000,0.00001
221.06000,1.02194,1.00000,0.00000,0.00000,0.00000
221.20000,1.02194,1.00000,0.00000,0.00000,0.00000
221.34000,1.02194,0.99999,0.00000,0.00000,0.00001
221.48000,1.02194,0.99996,0.00000,0.00000,0.00004
221.62000,1.02194,0.99955,0.00000,0.00001,0.00044
221.75999,1.02194,0.99198,0.00000,0.00005,0.00797
221.89999,1.02194,0.98534,0.00000,0.00008,0.01458
222.03999,1.02194,0.98835,0.00000,0.00007,0.01158
222.17999,1.02194,0.99755,0.00000,0.00002,0.00243
222.32001,1.02193,0.99914,0.00000,0.00001,0.00085
222.46001,1.02193,0.99970,0.00000,0.00001,0.00029
222.60001,1.02193,0.99994,0.00000,0.00000,0.00006
222.74001,1.02193,0.99998,0.00000,0.00000,0.00002
222.88000,1.02193,0.99998,0.00000,0.00000,0.00002
223.02000,1.02193,0.99999,0.00000,0.00000,0.00001
223.16000,1.02193,1.00000,0.00000,0.00000,0.00000
223.30000,1.02193,1.00000,0.00000,0.00000,0.00000
223.44000,1.02194,1.00000,0.00000,0.00000,0.00000
223.58000,1.02194,1.00000,0.00000,0.00000,0.00000
223.72000,1.02194,0.99996,0.00000,0.00001,0.00003
223.86000,1.02194,0.99883,0.00000,0.00027,0.00089
224.00000,1.02194,0.98503,0.00000,0.00230,0.01267
224.14000,1.02194,0.87568,0.00000,0.00072,0.12360
224.28000,1.02194,0.92866,0.00000,0.00100,0.07035
224.42000,1.02194,0.97597,0.00000,0.00022,0.02381
224.56000,1.02194,0.99943,0.00000,0.00006,0.00051
224.70000,1.02194,0.99982,0.00000,0.00001,0.00017
224.84000,1.02194,0.99994,0.00000,0.00002,0.00004
224.98000,1.02194,1.00000,0.00000,0.00000,0.00000
225.12000,1.02194,1.00000,0.00000,0.00000,0.00000
225.25999,1.02194,1.00000,0.00000,0.00000,0.00000
225.39999,1.02194,1.00000,0.00000,0.00000,0.00000
225.53999,1.02194,1.00000,0.00000,0.00000,0.00000
225.67999,1.02194,1.00000,0.00000,0.00000,0.00000
225.82001,1.02193,1.00000,0.00000,0.00000,0.00000
225.96001,1.02193,1.00000,0.00000,0.00000,0.00000
226.10001,1.02193,1.00000,0.00000,0.00000,0.00000
226.24001,1.02193,1.00000,0.00000,0.00000,0.00000
226.38000,1.02193,1.00000,0.00000,0.00000,0.00000
226.52000,1.02193,1.00000,0.00000,0.00000,0.00000
226.66000,1.02193,1.00000,0.00000,0.00000,0.00000
226.80000,1.02193,1.00000,0.00000,0.00000,0.00000
226.94000,1.02194,1.00000,0.00000,0.00000,0.00000
227.08000,1.02194,1.00000,0.00000,0.00000,0.00000
227.22000,1.02194,1.00000,0.00000,0.00000,0.00000
227.36000,1.02194,1.00000,0.00000,0.00000,0.00000
227.50000,1.02194,1.00000,0.00000,0.00000,0.00000
227.64000,1.02194,1.00000,0.00000,0.00000,0.00000
227.78000,1.02194,1.00000,0.00000,0.00000,0.00000
227.92000,1.02194,1.00000,0.00000,0.00000,0.00000
228.06000,1.02194,1.00000,0.00000,0.00000,0.00000
228.20000,1.02194,1.00000,0.00000,0.00000,0.00000
228.34000,1.02194,1.00000,0.00000,0.00000,0.00000
228.48000,1.02194,1.00000,0.00000,0.00000,0.00000
228.62000,1.02194,1.00000,0.00000,0.00000,0.00000
228.75999,1.02194,1.00000,0.00000,0.00000,0.00000
228.89999,1.02194,1.00000,0.00000,0.00000,0.00000
229.03999,1.02194,1.00000,0.00000,0.00000,0.00000
229.17999,1.02194,1.00000,0.00000,0.00000,0.00000
229.32001,1.02193,1.00000,0.00000,0.00000,0.00000
229.46001,1.02193,1.00000,0.00000,0.00000,0.00000
229.60001,1.02193,1.00000,0.00000,0.00000,0.00000
229.74001,1.02193,1.00000,0.00000,0.00000,0.00000
229.88000,1.02193,1.00000,0.00000,0.00000,0.00000
230.02000,1.02193,1.00000,0.00000,0.00000,0.00000
230.16000,1.02193,1.00000,0.00000,0.00000,0.00000
230.30000,1.02193,1.00000,0.00000,0.00000,0.00000
230.44000,1.02194,1.00000,0.00000,0.00000,0.00000
230.58000,1.02194,1.00000,0.00000,0.00000,0.00000
230.72000,1.02194,1.00000,0.00000,0.00000,0.00000
230.86000,1.02194,1.00000,0.00000,0.00000,0.00000
231.00000,1.02194,1.00000,0.00000,0.00000,0.00000
231.14000,1.02194,1.00000,0.00000,0.00000,0.00000
231.28000,1.02194,1.00000,0.00000,0.00000,0.00000
231.42000,1.02194,1.00000,0.00000,0.00000,0.00000
231.56000,1.02194,1.00000,0.00000,0.00000,0.00000
231.70000,1.02194,1.00000,0.00000,0.00000,0.00000
231.84000,1.02194,1.00000,0.00000,0.00000,0.00000
231.98000,1.02194,1.00000,0.00000,0.00000,0.00000
232.12000,1.02194,1.00000,0.00000,0.00000,0.00000
232.25999,1.02194,1.00000,0.00000,0.00000,0.00000
232.39999,1.02194,1.00000,0.00000,0.00000,0.00000
232.53999,1.02194,1.00000,0.00000,0.00000,0.00000
232.67999,1.02194,1.00000,0.00000,0.00000,0.00000
232.82001,1.02193,1.00000,0.00000,0.00000,0.00000
232.96001,1.02193,1.00000,0.00000,0.00000,0.00000
233.10001,1.02193,1.00000,0.00000,0.00000,0.00000
233.24001,1.02193,1.00000,0.00000,0.00000,0.00000
233.38000,1.02193,1.00000,0.00000,0.00000,0.00000
233.52000,1.02193,1.00000,0.00000,0.00000,0.00000
233.66000,1.02193,1.00000,0.00000,0.00000,0.00000
233.80000,1.02193,0.99998,0.00000,0.00000,0.00001
233.94000,1.02194,0.99945,0.00000,0.00002,0.00053
234.08000,1.02194,0.99109,0.00000,0.00008,0.00883
234.22000,1.02194,0.99520,0.00000,0.00005,0.00475
234.36000,1.02194,0.98962,0.00000,0.00006,0.01033
234.50000,1.02194,0.99883,0.00000,0.00001,0.00116
234.64000,1.02194,0.99985,0.00000,0.00000,0.00014
234.78000,1.02194,0.99998,0.00000,0.00000,0.00002
234.92000,1.02194,0.99999,0.00000,0.00000,0.00001
235.06000,1.02194,1.00000,0.00000,0.00000,0.00000
235.20000,1.02194,1.00000,0.00000,0.00000,0.00000
235.34000,1.02194,1.00000,0.00000,0.00000,0.00000
235.48000,1.02194,1.00000,0.00000,0.00000,0.00000
235.62000,1.02194,0.99999,0.00000,0.00000,0.00001
235.75999,1.02194,0.99999,0.00000,0.00000,0.00001
235.89999,1.02194,0.99999,0.00000,0.00000,0.00001
236.03999,1.02194,0.99997,0.00000,0.00000,0.00003
236.17999,1.02194,0.99993,0.00000,0.00000,0.00007
236.32001,1.02193,0.99995,0.00000,0.00000,0.00005
236.46001,1.02193,0.99996,0.00000,0.00000,0.00004
236.60001,1.02193,0.99996,0.00000,0.00000,0.00004
236.74001,1.02193,0.99999,0.00000,0.00000,0.00001
236.88000,1.02193,1.00000,0.00000,0.00000,0.00000
237.02000,1.02193,1.00000,0.00000,0.00000,0.00000
237.16000,1.02193,1.00000,0.00000,0.00000,0.00000
237.30000,1.02193,1.00000,0.00000,0.00000,0.00000
237.44000,1.02194,1.00000,0.00000,0.00000,0.00000
237.58000,1.02194,1.00000,0.00000,0.00000,0.00000
237.72000,1.02194,1.00000,0.00000,0.00000,0.00000
237.86000,1.02194,1.00000,0.00000,0.00000,0.00000
238.00000,1.02194,1.00000,0.00000,0.00000,0.00000
238.14000,1.02194,1.00000,0.00000,0.00000,0.00000
238.28000,1.02194,1.00000,0.00000,0.00000,0.00000
238.42000,1.02194,1.00000,0.00000,0.00000,0.00000
238.56000,1.02194,1.00000,0.00000,0.00000,0.00000
238.70000,1.02194,1.00000,0.00000,0.00000,0.00000
238.84000,1.02194,1.00000,0.00000,0.00000,0.00000
238.98000,1.02194,1.00000,0.00000,0.00000,0.00000
239.12000,1.02194,1.00000,0.00000,0.00000,0.00000
239.25999,1.02194,1.00000,0.00000,0.00000,0.00000
239.39999,1.02194,1.00000,0.00000,0.00000,0.00000
239.53999,1.02194,0.99999,0.00000,0.00000,0.00000
239.67999,1.02194,0.99999,0.00000,0.00000,0.00001
239.82001,1.02193,0.99999,0.00000,0.00000,0.00000
239.96001,1.02193,1.00000,0.00000,0.00000,0.00000
240.10001,1.02193,1.00000,0.00000,0.00000,0.00000
240.24001,1.02193,1.00000,0.00000,0.00000,0.00000
240.38000,1.02193,1.00000,0.00000,0.00000,0.00000
240.52000,1.02193,1.00000,0.00000,0.00000,0.00000
240.66000,1.02193,1.00000,0.00000,0.00000,0.00000
240.80000,1.02193,1.00000,0.00000,0.00000,0.00000
240.94000,1.02194,1.00000,0.00000,0.00000,0.00000
241.08000,1.02194,1.00000,0.00000,0.00000,0.00000
241.22000,1.02194,1.00000,0.00000,0.00000,0.00000
241.36000,1.02194,1.00000,0.00000,0.00000,0.00000
241.50000,1.02194,1.00000,0.00000,0.00000,0.00000
241.64000,1.02194,1.00000,0.00000,0.00000,0.00000
241.78000,1.02194,1.00000,0.00000,0.00000,0.00000
241.92000,1.02194,1.00000,0.00000,0.00000,0.00000
242.06000,1.02194,1.00000,0.00000,0.00000,0.00000
242.20000,1.02194,1.00000,0.00000,0.00000,0.00000
242.34000,1.02194,1.00000,0.00000,0.00000,0.00000
242.48000,1.02194,1.00000,0.00000,0.00000,0.00000
242.62000,1.02194,1.00000,0.00000,0.00000,0.00000
242.75999,1.02194,1.00000,0.00000,0.00000,0.00000
242.89999,1.02194,1.00000,0.00000,0.00000,0.00000
243.03999,1.02194,1.00000,0.00000,0.00000,0.00000
243.17999,1.02194,1.00000,0.00000,0.00000,0.00000
243.32001,1.02193,1.00000,0.00000,0.00000,0.00000
243.46001,1.02193,1.00000,0.00000,0.00000,0.00000
243.60001,1.02193,1.00000,0.00000,0.00000,0.00000
243.74001,1.02193,1.00000,0.00000,0.00000,0.00000
243.88000,1.02193,1.00000,0.00000,0.00000,0.00000
244.02000,1.02193,1.00000,0.00000,0.00000,0.00000
244.16000,1.02193,1.00000,0.00000,0.00000,0.00000
244.30000,1.02193,1.00000,0.00000,0.00000,0.00000
244.44000,1.02194,1.00000,0.00000,0.00000,0.00000
244.58000,1.02194,1.00000,0.00000,0.00000,0.00000
244.72000,1.02194,1.00000,0.00000,0.00000,0.00000
244.86000,1.02194,1.00000,0.00000,0.00000,0.00000
245.00000,1.02194,1.00000,0.00000,0.00000,0.00000
245.14000,1.02194,1.00000,0.00000,0.00000,0.00000
245.28000,1.02194,1.00000,0.00000,0.00000,0.00000
245.42000,1.02194,1.00000,0.00000,0.00000,0.00000
245.56000,1.02194,1.00000,0.00000,0.00000,0.00000
245.70000,1.02194,1.00000,0.00000,0.00000,0.00000
245.84000,1.02194,1.00000,0.00000,0.00000,0.00000
245.98000,1.02194,1.00000,0.00000,0.00000,0.00000
246.12000,1.02194,1.00000,0.00000,0.00000,0.00000
246.25999,1.02194,1.00000,0.00000,0.00000,0.00000
246.39999,1.02194,1.00000,0.00000,0.00000,0.00000
246.53999,1.02194,1.00000,0.00000,0.00000,0.00000
246.67999,1.02194,1.00000,0.00000,0.00000,0.00000
246.82001,1.02193,1.00000,0.00000,0.00000,0.00000
246.96001,1.02193,1.00000,0.00000,0.00000,0.00000
247.10001,1.02193,1.00000,0.00000,0.00000,0.00000
247.24001,1.02193,1.00000,0.00000,0.00000,0.00000
247.38000,1.02193,1.00000,0.00000,0.00000,0.00000
247.52000,1.02193,1.00000,0.00000,0.00000,0.00000
247.66000,1.02193,1.00000,0.00000,0.00000,0.00000
247.80000,1.02193,1.00000,0.00000,0.00000,0.00000
247.94000,1.02194,1.00000,0.00000,0.00000,0.00000
248.08000,1.02194,0.99999,0.00000,0.00000,0.00001
248.22000,1.02194,0.99999,0.00000,0.00000,0.00001
248.36000,1.02194,1.00000,0.00000,0.00000,0.00000
248.50000,1.02194,1.00000,0.00000,0.00000,0.00000
248.64000,1.02194,1.00000,0.00000,0.00000,0.00000
248.78000,1.02194,1.00000,0.00000,0.00000,0.00000
248.92000,1.02194,1.00000,0.00000,0.00000,0.00000
249.06000,1.02194,1.00000,0.00000,0.00000,0.00000
249.20000,1.02194,1.00000,0.00000,0.00000,0.00000
249.34000,1.02194,1.00000,0.00000,0.00000,0.00000
249.48000,1.02194,1.00000,0.00000,0.00000,0.00000
249.62000,1.02194,0.99999,0.00000,0.00000,0.00001
249.75999,1.02194,0.99999,0.00000,0.00000,0.00001
249.89999,1.02194,0.99998,0.00000,0.00000,0.00002
250.03999,1.02194,0.99996,0.00000,0.00000,0.00004
250.17999,1.02194,1.00000,0.00000,0.00000,0.00000
250.32001,1.02193,1.00000,0.00000,0.00000,0.00000
250.46001,1.02193,1.00000,0.00000,0.00000,0.00000
250.60001,1.02193,1.00000,0.00000,0.00000,0.00000
250.74001,1.02193,1.00000,0.00000,0.00000,0.00000
250.88000,1.02193,1.00000,0.00000,0.00000,0.00000
251.02000,1.02193,1.00000,0.00000,0.00000,0.00000
251.16000,1.02193,1.00000,0.00000,0.00000,0.00000
251.30000,1.02193,1.00000,0.00000,0.00000,0.00000
251.44000,1.02194,1.00000,0.00000,0.00000,0.00000
251.58000,1.02194,1.00000,0.00000,0.00000,0.00000
251.72000,1.02194,1.00000,0.00000,0.00000,0.00000
251.86000,1.02194,1.00000,0.00000,0.00000,0.00000
252.00000,1.02194,1.00000,0.00000,0.00000,0.00000
252.14000,1.02194,1.00000,0.00000,0.00000,0.00000
252.28000,1.02194,1.00000,0.00000,0.00000,0.00000
252.42000,1.02194,1.00000,0.00000,0.00000,0.00000
252.56000,1.02194,1.00000,0.00000,0.00000,0.00000
252.70000,1.02194,1.00000,0.00000,0.00000,0.00000
252.84000,1.02194,1.00000,0.00000,0.00000,0.00000
252.98000,1.02194,1.00000,0.00000,0.00000,0.00000
253.12000,1.02194,1.00000,0.00000,0.00000,0.00000
253.25999,1.02194,1.00000,0.00000,0.00000,0.00000
253.39999,1.02194,1.00000,0.00000,0.00000,0.00000
253.53999,1.02194,1.00000,0.00000,0.00000,0.00000
253.67999,1.02194,1.00000,0.00000,0.00000,0.00000
253.82001,1.02193,1.00000,0.00000,0.00000,0.00000
253.96001,1.02193,1.00000,0.00000,0.00000,0.00000
254.10001,1.02193,1.00000,0.00000,0.00000,0.00000
254.24001,1.02193,1.00000,0.00000,0.00000,0.00000
254.38000,1.02193,1.00000,0.00000,0.00000,0.00000
254.52000,1.02193,1.00000,0.00000,0.00000,0.00000
254.66000,1.02193,1.00000,0.00000,0.00000,0.00000
254.80000,1.02193,1.00000,0.00000,0.00000,0.00000
254.94000,1.02194,1.00000,0.00000,0.00000,0.00000
255.08000,1.02193,1.00000,0.00000,0.00000,0.00000
255.22000,1.02194,1.00000,0.00000,0.00000,0.00000
255.36000,1.02193,1.00000,0.00000,0.00000,0.00000
255.50000,1.02194,1.00000,0.00000,0.00000,0.00000
255.64000,1.02193,1.00000,0.00000,0.00000,0.00000
255.78000,1.02194,1.00000,0.00000,0.00000,0.00000
255.92000,1.02193,1.00000,0.00000,0.00000,0.00000
256.06000,1.02194,1.00000,0.00000,0.00000,0.00000
256.20001,1.02191,1.00000,0.00000,0.00000,0.00000
256.34000,1.02194,1.00000,0.00000,0.00000,0.00000
256.48001,1.02191,1.00000,0.00000,0.00000,0.00000
256.62000,1.02194,1.00000,0.00000,0.00000,0.00000
256.76001,1.02194,1.00000,0.00000,0.00000,0.00000
256.89999,1.02194,1.00000,0.00000,0.00000,0.00000
257.04001,1.02194,1.00000,0.00000,0.00000,0.00000
257.17999,1.02194,1.00000,0.00000,0.00000,0.00000
257.32001,1.02194,1.00000,0.00000,0.00000,0.00000
257.45999,1.02194,1.00000,0.00000,0.00000,0.00000
257.60001,1.02194,1.00000,0.00000,0.00000,0.00000
257.73999,1.02194,1.00000,0.00000,0.00000,0.00000
257.88000,1.02194,1.00000,0.00000,0.00000,0.00000
258.01999,1.02194,1.00000,0.00000,0.00000,0.00000
258.16000,1.02194,1.00000,0.00000,0.00000,0.00000
258.29999,1.02194,1.00000,0.00000,0.00000,0.00000
258.44000,1.02194,1.00000,0.00000,0.00000,0.00000
258.57999,1.02194,1.00000,0.00000,0.00000,0.00000
258.72000,1.02194,1.00000,0.00000,0.00000,0.00000
258.85999,1.02194,1.00000,0.00000,0.00000,0.00000
259.00000,1.02194,1.00000,0.00000,0.00000,0.00000
259.14001,1.02191,1.00000,0.00000,0.00000,0.00000
259.28000,1.02194,1.00000,0.00000,0.00000,0.00000
259.42001,1.02191,1.00000,0.00000,0.00000,0.00000
259.56000,1.02194,1.00000,0.00000,0.00000,0.00000
259.70001,1.02191,1.00000,0.00000,0.00000,0.00000
259.84000,1.02194,1.00000,0.00000,0.00000,0.00000
259.98001,1.02191,1.00000,0.00000,0.00000,0.00000
260.12000,1.02194,1.00000,0.00000,0.00000,0.00000
260.26001,1.02194,1.00000,0.00000,0.00000,0.00000
260.39999,1.02194,1.00000,0.00000,0.00000,0.00000
260.54001,1.02194,1.00000,0.00000,0.00000,0.00000
260.67999,1.02194,1.00000,0.00000,0.00000,0.00000
260.82001,1.02194,1.00000,0.00000,0.00000,0.00000
260.95999,1.02194,1.00000,0.00000,0.00000,0.00000
261.10001,1.02194,1.00000,0.00000,0.00000,0.00000
261.23999,1.02194,1.00000,0.00000,0.00000,0.00000
261.38000,1.02194,1.00000,0.00000,0.00000,0.00000
261.51999,1.02194,1.00000,0.00000,0.00000,0.00000
261.66000,1.02194,1.00000,0.00000,0.00000,0.00000
261.79999,1.02194,1.00000,0.00000,0.00000,0.00000
261.94000,1.02194,1.00000,0.00000,0.00000,0.00000
262.07999,1.02194,1.00000,0.00000,0.00000,0.00000
262.22000,1.02194,1.00000,0.00000,0.00000,0.00000
262.35999,1.02194,1.00000,0.00000,0.00000,0.00000
262.50000,1.02194,1.00000,0.00000,0.00000,0.00000
262.64001,1.02191,1.00000,0.00000,0.00000,0.00000
262.78000,1.02194,1.00000,0.00000,0.00000,0.00000
262.92001,1.02191,1.00000,0.00000,0.00000,0.00000
263.06000,1.02194,1.00000,0.00000,0.00000,0.00000
263.20001,1.02191,1.00000,0.00000,0.00000,0.00000
263.34000,1.02194,1.00000,0.00000,0.00000,0.00000
263.48001,1.02191,1.00000,0.00000,0.00000,0.00000
263.62000,1.02194,1.00000,0.00000,0.00000,0.00000
263.76001,1.02194,1.00000,0.00000,0.00000,0.00000
263.89999,1.02194,1.00000,0.00000,0.00000,0.00000
264.04001,1.02194,1.00000,0.00000,0.00000,0.00000
264.17999,1.02194,1.00000,0.00000,0.00000,0.00000
264.32001,1.02194,1.00000,0.00000,0.00000,0.00000
264.45999,1.02194,1.00000,0.00000,0.00000,0.00000
264.60001,1.02194,0.99999,0.00000,0.00000,0.00001
264.73999,1.02194,0.99999,0.00000,0.00000,0.00001
264.88000,1.02194,1.00000,0.00000,0.00000,0.00000
265.01999,1.02194,1.00000,0.00000,0.00000,0.00000
265.16000,1.02194,1.00000,0.00000,0.00000,0.00000
265.29999,1.02194,1.00000,0.00000,0.00000,0.00000
265.44000,1.02194,1.00000,0.00000,0.00000,0.00000
265.57999,1.02194,1.00000,0.00000,0.00000,0.00000
265.72000,1.02194,1.00000,0.00000,0.00000,0.00000
265.85999,1.02194,0.99999,0.00000,0.00000,0.00001
266.00000,1.02194,0.99995,0.00000,0.00000,0.00005
266.14001,1.02191,0.99993,0.00000,0.00000,0.00007
266.28000,1.02194,1.00000,0.00000,0.00000,0.00000
266.42001,1.02191,1.00000,0.00000,0.00000,0.00000
266.56000,1.02194,1.00000,0.00000,0.00000,0.00000
266.70001,1.02191,1.00000,0.00000,0.00000,0.00000
266.84000,1.02194,1.00000,0.00000,0.00000,0.00000
266.98001,1.02191,1.00000,0.00000,0.00000,0.00000
267.12000,1.02194,1.00000,0.00000,0.00000,0.00000
267.26001,1.02194,1.00000,0.00000,0.00000,0.00000
267.39999,1.02194,0.99999,0.00000,0.00000,0.00001
267.54001,1.02194,0.99998,0.00000,0.00000,0.00002
267.67999,1.02194,0.99997,0.00000,0.00000,0.00003
267.82001,1.02194,0.99999,0.00000,0.00000,0.00001
267.95999,1.02194,1.00000,0.00000,0.00000,0.00000
268.10001,1.02194,1.00000,0.00000,0.00000,0.00000
268.23999,1.02194,1.00000,0.00000,0.00000,0.00000
268.38000,1.02194,1.00000,0.00000,0.00000,0.00000
268.51999,1.02194,1.00000,0.00000,0.00000,0.00000
268.66000,1.02194,1.00000,0.00000,0.00000,0.00000
268.79999,1.02194,1.00000,0.00000,0.00000,0.00000
268.94000,1.02194,1.00000,0.00000,0.00000,0.00000
269.07999,1.02194,1.00000,0.00000,0.00000,0.00000
269.22000,1.02194,1.00000,0.00000,0.00000,0.00000
269.35999,1.02194,1.00000,0.00000,0.00000,0.00000
269.50000,1.02194,1.00000,0.00000,0.00000,0.00000
269.64001,1.02191,1.00000,0.00000,0.00000,0.00000
269.78000,1.02194,1.00000,0.00000,0.00000,0.00000
269.92001,1.02191,1.00000,0.00000,0.00000,0.00000
270.06000,1.02194,1.00000,0.00000,0.00000,0.00000
270.20001,1.02191,1.00000,0.00000,0.00000,0.00000
270.34000,1.02194,1.00000,0.00000,0.00000,0.00000
270.48001,1.02191,1.00000,0.00000,0.00000,0.00000
270.62000,1.02194,1.00000,0.00000,0.00000,0.00000
270.76001,1.02194,1.00000,0.00000,0.00000,0.00000
270.89999,1.02194,1.00000,0.00000,0.00000,0.00000
271.04001,1.02194,1.00000,0.00000,0.00000,0.00000
271.17999,1.02194,1.00000,0.00000,0.00000,0.00000
271.32001,1.02194,1.00000,0.00000,0.00000,0.00000
271.45999,1.02194,1.00000,0.00000,0.00000,0.00000
271.60001,1.02194,1.00000,0.00000,0.00000,0.00000
271.73999,1.02194,1.00000,0.00000,0.00000,0.00000
271.88000,1.02194,1.00000,0.00000,0.00000,0.00000
272.01999,1.02194,1.00000,0.00000,0.00000,0.00000
272.16000,1.02194,1.00000,0.00000,0.00000,0.00000
272.29999,1.02194,1.00000,0.00000,0.00000,0.00000
272.44000,1.02194,1.00000,0.00000,0.00000,0.00000
272.57999,1.02194,1.00000,0.00000,0.00000,0.00000
272.72000,1.02194,1.00000,0.00000,0.00000,0.00000
272.85999,1.02194,1.00000,0.00000,0.00000,0.00000
273.00000,1.02194,1.00000,0.00000,0.00000,0.00000
273.14001,1.02191,1.00000,0.00000,0.00000,0.00000
273.28000,1.02194,1.00000,0.00000,0.00000,0.00000
273.42001,1.02191,1.00000,0.00000,0.00000,0.00000
273.56000,1.02194,1.00000,0.00000,0.00000,0.00000
273.70001,1.02191,1.00000,0.00000,0.00000,0.00000
273.84000,1.02194,1.00000,0.00000,0.00000,0.00000
273.98001,1.02191,1.00000,0.00000,0.00000,0.00000
274.12000,1.02194,1.00000,0.00000,0.00000,0.00000
274.26001,1.02194,1.00000,0.00000,0.00000,0.00000
274.39999,1.02194,1.00000,0.00000,0.00000,0.00000
274.54001,1.02194,1.00000,0.00000,0.00000,0.00000
274.67999,1.02194,1.00000,0.00000,0.00000,0.00000
274.82001,1.02194,1.00000,0.00000,0.00000,0.00000
274.95999,1.02194,1.00000,0.00000,0.00000,0.00000
275.10001,1.02194,1.00000,0.00000,0.00000,0.00000
275.23999,1.02194,1.00000,0.00000,0.00000,0.00000
275.38000,1.02194,1.00000,0.00000,0.00000,0.00000
275.51999,1.02194,1.00000,0.00000,0.00000,0.00000
275.66000,1.02194,1.00000,0.00000,0.00000,0.00000
275.79999,1.02194,1.00000,0.00000,0.00000,0.00000
275.94000,1.02194,1.00000,0.00000,0.00000,0.00000
276.07999,1.02194,1.00000,0.00000,0.00000,0.00000
276.22000,1.02194,1.00000,0.00000,0.00000,0.00000
276.35999,1.02194,1.00000,0.00000,0.00000,0.00000
276.50000,1.02194,1.00000,0.00000,0.00000,0.00000
276.64001,1.02191,1.00000,0.00000,0.00000,0.00000
276.78000,1.02194,1.00000,0.00000,0.00000,0.00000
276.92001,1.02191,1.00000,0.00000,0.00000,0.00000
277.06000,1.02194,1.00000,0.00000,0.00000,0.00000
277.20001,1.02191,1.00000,0.00000,0.00000,0.00000
277.34000,1.02194,1.00000,0.00000,0.00000,0.00000
277.48001,1.02191,1.00000,0.00000,0.00000,0.00000
277.62000,1.02194,1.00000,0.00000,0.00000,0.00000
277.76001,1.02194,1.00000,0.00000,0.00000,0.00000
277.89999,1.02194,1.00000,0.00000,0.00000,0.00000
278.04001,1.02194,0.99999,0.00000,0.00000,0.00001
278.17999,1.02194,1.00000,0.00000,0.00000,0.00000
278.32001,1.02194,1.00000,0.00000,0.00000,0.00000
278.45999,1.02194,1.00000,0.00000,0.00000,0.00000
278.60001,1.02194,1.00000,0.00000,0.00000,0.00000
278.73999,1.02194,1.00000,0.00000,0.00000,0.00000
278.88000,1.02194,1.00000,0.00000,0.00000,0.00000
279.01999,1.02194,1.00000,0.00000,0.00000,0.00000
279.16000,1.02194,1.00000,0.00000,0.00000,0.00000
279.29999,1.02194,1.00000,0.00000,0.00000,0.00000
279.44000,1.02194,1.00000,0.00000,0.00000,0.00000
279.57999,1.02194,1.00000,0.00000,0.00000,0.00000
279.72000,1.02194,1.00000,0.00000,0.00000,0.00000
279.85999,1.02194,1.00000,0.00000,0.00000,0.00000
280.00000,1.02194,1.00000,0.00000,0.00000,0.00000
280.14001,1.02191,1.00000,0.00000,0.00000,0.00000
280.28000,1.02194,1.00000,0.00000,0.00000,0.00000
280.42001,1.02191,1.00000,0.00000,0.00000,0.00000
280.56000,1.02194,1.00000,0.00000,0.00000,0.00000
280.70001,1.02191,1.00000,0.00000,0.00000,0.00000
280.84000,1.02194,1.00000,0.00000,0.00000,0.00000
280.98001,1.02191,1.00000,0.00000,0.00000,0.00000
281.12000,1.02194,1.00000,0.00000,0.00000,0.00000
281.26001,1.02194,1.00000,0.00000,0.00000,0.00000
281.39999,1.02194,1.00000,0.00000,0.00000,0.00000
281.54001,1.02194,1.00000,0.00000,0.00000,0.00000
281.67999,1.02194,1.00000,0.00000,0.00000,0.00000
281.82001,1.02194,1.00000,0.00000,0.00000,0.00000
281.95999,1.02194,1.00000,0.00000,0.00000,0.00000
282.10001,1.02194,1.00000,0.00000,0.00000,0.00000
282.23999,1.02194,1.00000,0.00000,0.00000,0.00000
282.38000,1.02194,1.00000,0.00000,0.00000,0.00000
282.51999,1.02194,1.00000,0.00000,0.00000,0.00000
282.66000,1.02194,1.00000,0.00000,0.00000,0.00000
282.79999,1.02194,1.00000,0.00000,0.00000,0.00000
282.94000,1.02194,1.00000,0.00000,0.00000,0.00000
283.07999,1.02194,1.00000,0.00000,0.00000,0.00000
283.22000,1.02194,1.00000,0.00000,0.00000,0.00000
283.35999,1.02194,1.00000,0.00000,0.00000,0.00000
283.50000,1.02194,1.00000,0.00000,0.00000,0.00000
283.64001,1.02191,1.00000,0.00000,0.00000,0.00000
283.78000,1.02194,1.00000,0.00000,0.00000,0.00000
283.92001,1.02191,1.00000,0.00000,0.00000,0.00000
284.06000,1.02194,1.00000,0.00000,0.00000,0.00000
284.20001,1.02191,1.00000,0.00000,0.00000,0.00000
284.34000,1.02194,1.00000,0.00000,0.00000,0.00000
284.48001,1.02191,1.00000,0.00000,0.00000,0.00000
284.62000,1.02194,1.00000,0.00000,0.00000,0.00000
284.76001,1.02194,1.00000,0.00000,0.00000,0.00000
284.89999,1.02194,1.00000,0.00000,0.00000,0.00000
285.04001,1.02194,1.00000,0.00000,0.00000,0.00000
285.17999,1.02194,1.00000,0.00000,0.00000,0.00000
285.32001,1.02194,1.00000,0.00000,0.00000,0.00000
285.45999,1.02194,1.00000,0.00000,0.00000,0.00000
285.60001,1.02194,1.00000,0.00000,0.00000,0.00000
285.73999,1.02194,1.00000,0.00000,0.00000,0.00000
285.88000,1.02194,1.00000,0.00000,0.00000,0.00000
286.01999,1.02194,1.00000,0.00000,0.00000,0.00000
286.16000,1.02194,1.00000,0.00000,0.00000,0.00000
286.29999,1.02194,1.00000,0.00000,0.00000,0.00000
286.44000,1.02194,1.00000,0.00000,0.00000,0.00000
286.57999,1.02194,1.00000,0.00000,0.00000,0.00000
286.72000,1.02194,1.00000,0.00000,0.00000,0.00000
286.85999,1.02194,1.00000,0.00000,0.00000,0.00000
287.00000,1.02194,1.00000,0.00000,0.00000,0.00000
287.14001,1.02191,1.00000,0.00000,0.00000,0.00000
287.28000,1.02194,1.00000,0.00000,0.00000,0.00000
287.42001,1.02191,1.00000,0.00000,0.00000,0.00000
287.56000,1.02194,1.00000,0.00000,0.00000,0.00000
287.70001,1.02191,1.00000,0.00000,0.00000,0.00000
287.84000,1.02194,1.00000,0.00000,0.00000,0.00000
287.98001,1.02191,1.00000,0.00000,0.00000,0.00000
288.12000,1.02194,1.00000,0.00000,0.00000,0.00000
288.26001,1.02194,1.00000,0.00000,0.00000,0.00000
288.39999,1.02194,1.00000,0.00000,0.00000,0.00000
288.54001,1.02194,1.00000,0.00000,0.00000,0.00000
288.67999,1.02194,1.00000,0.00000,0.00000,0.00000
288.82001,1.02194,1.00000,0.00000,0.00000,0.00000
288.95999,1.02194,1.00000,0.00000,0.00000,0.00000
289.10001,1.02194,1.00000,0.00000,0.00000,0.00000
289.23999,1.02194,1.00000,0.00000,0.00000,0.00000
289.38000,1.02194,1.00000,0.00000,0.00000,0.00000
289.51999,1.02194,1.00000,0.00000,0.00000,0.00000
289.66000,1.02194,1.00000,0.00000,0.00000,0.00000
289.79999,1.02194,1.00000,0.00000,0.00000,0.00000
289.94000,1.02194,1.00000,0.00000,0.00000,0.00000
290.07999,1.02194,1.00000,0.00000,0.00000,0.00000
290.22000,1.02194,1.00000,0.00000,0.00000,0.00000
290.35999,1.02194,1.00000,0.00000,0.00000,0.00000
290.50000,1.02194,1.00000,0.00000,0.00000,0.00000
290.64001,1.02191,0.99998,0.00000,0.00000,0.00002
290.78000,1.02194,0.99994,0.00000,0.00000,0.00006
290.92001,1.02191,0.99990,0.00000,0.00000,0.00009
291.06000,1.02194,0.99997,0.00000,0.00001,0.00002
291.20001,1.02191,0.99999,0.00000,0.00001,0.00000
291.34000,1.02194,1.00000,0.00000,0.00000,0.00000
291.48001,1.02191,1.00000,0.00000,0.00000,0.00000
291.62000,1.02194,1.00000,0.00000,0.00000,0.00000
291.76001,1.02194,1.00000,0.00000,0.00000,0.00000
291.89999,1.02194,1.00000,0.00000,0.00000,0.00000
292.04001,1.02194,1.00000,0.00000,0.00000,0.00000
292.17999,1.02194,1.00000,0.00000,0.00000,0.00000
292.32001,1.02194,1.00000,0.00000,0.00000,0.00000
292.45999,1.02194,1.00000,0.00000,0.00000,0.00000
292.60001,1.02194,1.00000,0.00000,0.00000,0.00000
292.73999,1.02194,1.00000,0.00000,0.00000,0.00000
292.88000,1.02194,1.00000,0.00000,0.00000,0.00000
293.01999,1.02194,0.99999,0.00000,0.00000,0.00001
293.16000,1.02194,0.99975,0.00000,0.00001,0.00023
293.29999,1.02194,0.99633,0.00000,0.00014,0.00353
293.44000,1.02194,0.96611,0.00000,0.00034,0.03355
293.57999,1.02194,0.98421,0.00000,0.00011,0.01568
293.72000,1.02194,0.99854,0.00000,0.00003,0.00143
293.85999,1.02194,0.99993,0.00000,0.00001,0.00007
294.00000,1.02194,0.99996,0.00000,0.00000,0.00003
294.14001,1.02191,1.00000,0.00000,0.00000,0.00000
294.28000,1.02194,0.99998,0.00000,0.00000,0.00001
294.42001,1.02191,0.99989,0.00000,0.00001,0.00010
294.56000,1.02194,0.99991,0.00000,0.00001,0.00008
294.70001,1.02191,0.99997,0.00000,0.00001,0.00002
294.84000,1.02194,0.99993,0.00000,0.00000,0.00006
294.98001,1.02191,0.99996,0.00000,0.00000,0.00004
295.12000,1.02194,0.99999,0.00000,0.00000,0.00001
295.26001,1.02194,1.00000,0.00000,0.00000,0.00000
295.39999,1.02194,1.00000,0.00000,0.00000,0.00000
295.54001,1.02194,1.00000,0.00000,0.00000,0.00000
295.67999,1.02194,1.00000,0.00000,0.00000,0.00000
295.82001,1.02194,1.00000,0.00000,0.00000,0.00000
295.95999,1.02194,1.00000,0.00000,0.00000,0.00000
296.10001,1.02194,1.00000,0.00000,0.00000,0.00000
296.23999,1.02194,1.00000,0.00000,0.00000,0.00000
296.38000,1.02194,1.00000,0.00000,0.00000,0.00000
296.51999,1.02194,1.00000,0.00000,0.00000,0.00000
296.66000,1.02194,1.00000,0.00000,0.00000,0.00000
296.79999,1.02194,1.00000,0.00000,0.00000,0.00000
296.94000,1.02194,1.00000,0.00000,0.00000,0.00000
297.07999,1.02194,1.00000,0.00000,0.00000,0.00000
297.22000,1.02194,1.00000,0.00000,0.00000,0.00000
297.35999,1.02194,0.99999,0.00000,0.00000,0.00000
297.50000,1.02194,0.99999,0.00000,0.00000,0.00001
297.64001,1.02191,0.99999,0.00000,0.00000,0.00001
297.78000,1.02194,1.00000,0.00000,0.00000,0.00000
297.92001,1.02191,1.00000,0.00000,0.00000,0.00000
298.06000,1.02194,1.00000,0.00000,0.00000,0.00000
298.20001,1.02191,1.00000,0.00000,0.00000,0.00000
298.34000,1.02194,1.00000,0.00000,0.00000,0.00000
298.48001,1.02191,1.00000,0.00000,0.00000,0.00000
298.62000,1.02194,1.00000,0.00000,0.00000,0.00000
298.76001,1.02194,1.00000,0.00000,0.00000,0.00000
298.89999,1.02194,1.00000,0.00000,0.00000,0.00000
299.04001,1.02194,1.00000,0.00000,0.00000,0.00000
299.17999,1.02194,1.00000,0.00000,0.00000,0.00000
299.32001,1.02194,1.00000,0.00000,0.00000,0.00000
299.45999,1.02194,1.00000,0.00000,0.00000,0.00000
299.60001,1.02194,1.00000,0.00000,0.00000,0.00000
299.73999,1.02194,1.00000,0.00000,0.00000,0.00000
299.88000,1.02194,1.00000,0.00000,0.00000,0.00000
300.01999,1.02194,1.00000,0.00000,0.00000,0.00000
300.16000,1.02194,1.00000,0.00000,0.00000,0.00000
300.29999,1.02194,1.00000,0.00000,0.00000,0.00000
300.44000,1.02194,1.00000,0.00000,0.00000,0.00000
300.57999,1.02194,1.00000,0.00000,0.00000,0.00000
300.72000,1.02194,1.00000,0.00000,0.00000,0.00000
300.85999,1.02194,1.00000,0.00000,0.00000,0.00000
301.00000,1.02194,1.00000,0.00000,0.00000,0.00000
301.14001,1.02191,0.99999,0.00000,0.00000,0.00001
301.28000,1.02194,0.99996,0.00000,0.00000,0.00004
301.42001,1.02191,0.99996,0.00000,0.00000,0.00004
301.56000,1.02194,0.99999,0.00000,0.00000,0.00000
301.70001,1.02191,0.99999,0.00000,0.00000,0.00001
301.84000,1.02194,1.00000,0.00000,0.00000,0.00000
301.98001,1.02191,1.00000,0.00000,0.00000,0.00000
302.12000,1.02194,1.00000,0.00000,0.00000,0.00000
302.26001,1.02194,1.00000,0.00000,0.00000,0.00000
302.39999,1.02194,1.00000,0.00000,0.00000,0.00000
302.54001,1.02194,1.00000,0.00000,0.00000,0.00000
302.67999,1.02194,1.00000,0.00000,0.00000,0.00000
302.82001,1.02194,1.00000,0.00000,0.00000,0.00000
302.95999,1.02194,1.00000,0.00000,0.00000,0.00000
303.10001,1.02194,1.00000,0.00000,0.00000,0.00000
303.23999,1.02194,1.00000,0.00000,0.00000,0.00000
303.38000,1.02194,1.00000,0.00000,0.00000,0.00000
303.51999,1.02194,1.00000,0.00000,0.00000,0.00000
303.66000,1.02194,1.00000,0.00000,0.00000,0.00000
303.79999,1.02194,1.00000,0.00000,0.00000,0.00000
303.94000,1.02194,1.00000,0.00000,0.00000,0.00000
304.07999,1.02194,1.00000,0.00000,0.00000,0.00000
304.22000,1.02194,1.00000,0.00000,0.00000,0.00000
304.35999,1.02194,1.00000,0.00000,0.00000,0.00000
304.50000,1.02194,1.00000,0.00000,0.00000,0.00000
304.64001,1.02191,1.00000,0.00000,0.00000,0.00000
304.78000,1.02194,1.00000,0.00000,0.00000,0.00000
304.92001,1.02191,1.00000,0.00000,0.00000,0.00000
305.06000,1.02194,1.00000,0.00000,0.00000,0.00000
305.20001,1.02191,1.00000,0.00000,0.00000,0.00000
305.34000,1.02194,1.00000,0.00000,0.00000,0.00000
305.48001,1.02191,1.00000,0.00000,0.00000,0.00000
305.62000,1.02194,1.00000,0.00000,0.00000,0.00000
305.76001,1.02194,1.00000,0.00000,0.00000,0.00000
305.89999,1.02194,1.00000,0.00000,0.00000,0.00000
306.04001,1.02194,0.99997,0.00000,0.00000,0.00002
306.17999,1.02194,0.99913,0.00000,0.00009,0.00079
306.32001,1.02194,0.97052,0.00000,0.00023,0.02925
306.45999,1.02194,0.88554,0.00000,0.00096,0.11350
306.60001,1.02194,0.97272,0.00000,0.00052,0.02676
306.73999,1.02194,0.99936,0.00000,0.00004,0.00060
306.88000,1.02194,0.99997,0.00000,0.00001,0.00002
307.01999,1.02194,1.00000,0.00000,0.00000,0.00000
307.16000,1.02194,1.00000,0.00000,0.00000,0.00000
307.29999,1.02194,1.00000,0.00000,0.00000,0.00000
307.44000,1.02194,1.00000,0.00000,0.00000,0.00000
307.57999,1.02194,0.99994,0.00000,0.00001,0.00005
307.72000,1.02194,0.99954,0.00000,0.00002,0.00045
307.85999,1.02194,0.99797,0.00000,0.00002,0.00201
308.00000,1.02194,0.99980,0.00000,0.00001,0.00019
308.14001,1.02191,0.99996,0.00000,0.00000,0.00004
308.28000,1.02194,0.99998,0.00000,0.00000,0.00001
308.42001,1.02191,0.99997,0.00000,0.00000,0.00003
308.56000,1.02194,0.99992,0.00000,0.00000,0.00008
308.70001,1.02191,0.99995,0.00000,0.00000,0.00005
308.84000,1.02194,0.99996,0.00000,0.00000,0.00004
308.98001,1.02191,0.99989,0.00000,0.00000,0.00010
309.12000,1.02194,0.99972,0.00000,0.00001,0.00028
309.26001,1.02194,0.99989,0.00000,0.00000,0.00011
309.39999,1.02194,0.99999,0.00000,0.00000,0.00001
309.54001,1.02194,0.99999,0.00000,0.00000,0.00001
309.67999,1.02194,1.00000,0.00000,0.00000,0.00000
309.82001,1.02194,1.00000,0.00000,0.00000,0.00000
309.95999,1.02194,1.00000,0.00000,0.00000,0.00000
310.10001,1.02194,1.00000,0.00000,0.00000,0.00000
310.23999,1.02194,1.00000,0.00000,0.00000,0.00000
310.38000,1.02194,1.00000,0.00000,0.00000,0.00000
310.51999,1.02194,1.00000,0.00000,0.00000,0.00000
310.66000,1.02194,1.00000,0.00000,0.00000,0.00000
310.79999,1.02194,0.99997,0.00000,0.00000,0.00002
310.94000,1.02194,0.99981,0.00000,0.00000,0.00019
311.07999,1.02194,0.99986,0.00000,0.00000,0.00014
311.22000,1.02194,0.99996,0.00000,0.00000,0.00004
311.35999,1.02194,0.99999,0.00000,0.00000,0.00001
311.50000,1.02194,1.00000,0.00000,0.00000,0.00000
311.64001,1.02191,1.00000,0.00000,0.00000,0.00000
311.78000,1.02194,1.00000,0.00000,0.00000,0.00000
311.92001,1.02191,0.99999,0.00000,0.00000,0.00001
312.06000,1.02194,0.99974,0.00000,0.00001,0.00026
312.20001,1.02191,0.99698,0.00000,0.00002,0.00300
312.34000,1.02194,0.99769,0.00000,0.00003,0.00229
312.48001,1.02191,0.99798,0.00000,0.00002,0.00201
312.62000,1.02194,0.99880,0.00000,0.00001,0.00118
312.76001,1.02194,0.99873,0.00000,0.00002,0.00124
312.89999,1.02194,0.99952,0.00000,0.00001,0.00047
313.04001,1.02194,0.99983,0.00000,0.00001,0.00016
313.17999,1.02194,0.99994,0.00000,0.00001,0.00005
313.32001,1.02194,0.99999,0.00000,0.00000,0.00001
313.45999,1.02194,0.99996,0.00000,0.00000,0.00004
313.60001,1.02194,0.99992,0.00000,0.00000,0.00008
313.73999,1.02194,0.99984,0.00000,0.00001,0.00015
313.88000,1.02194,0.99529,0.00000,0.00043,0.00427
314.01999,1.02194,0.98106,0.00000,0.00022,0.01872
314.16000,1.02194,0.99753,0.00000,0.00008,0.00238
314.29999,1.02194,0.99672,0.00000,0.00022,0.00307
314.44000,1.02194,0.99826,0.00000,0.00018,0.00156
314.57999,1.02194,0.99989,0.00000,0.00004,0.00006
314.72000,1.02194,0.99999,0.00000,0.00000,0.00000
314.85999,1.02194,0.99999,0.00000,0.00000,0.00001
315.00000,1.02194,0.99996,0.00000,0.00000,0.00004
315.14001,1.02191,0.99993,0.00000,0.00000,0.00007
315.28000,1.02194,0.99996,0.00000,0.00000,0.00003
315.42001,1.02191,0.99998,0.00000,0.00000,0.00002
315.56000,1.02194,1.00000,0.00000,0.00000,0.00000
315.70001,1.02191,1.00000,0.00000,0.00000,0.00000
315.84000,1.02194,1.00000,0.00000,0.00000,0.00000
315.98001,1.02191,1.00000,0.00000,0.00000,0.00000
316.12000,1.02194,1.00000,0.00000,0.00000,0.00000
316.26001,1.02194,0.99997,0.00000,0.00000,0.00003
316.39999,1.02194,0.99990,0.00000,0.00000,0.00010
316.54001,1.02194,0.99977,0.00000,0.00001,0.00023
316.67999,1.02194,0.99992,0.00000,0.00000,0.00008
316.82001,1.02194,0.99997,0.00000,0.00000,0.00003
316.95999,1.02194,1.00000,0.00000,0.00000,0.00000
317.10001,1.02194,1.00000,0.00000,0.00000,0.00000
317.23999,1.02194,1.00000,0.00000,0.00000,0.00000
317.38000,1.02194,1.00000,0.00000,0.00000,0.00000
317.51999,1.02194,1.00000,0.00000,0.00000,0.00000
317.66000,1.02194,1.00000,0.00000,0.00000,0.00000
317.79999,1.02194,0.99998,0.00000,0.00000,0.00001
317.94000,1.02194,0.99997,0.00000,0.00000,0.00003
318.07999,1.02194,0.99997,0.00000,0.00000,0.00002
318.22000,1.02194,0.99996,0.00000,0.00000,0.00004
318.35999,1.02194,1.00000,0.00000,0.00000,0.00000
318.50000,1.02194,1.00000,0.00000,0.00000,0.00000
318.64001,1.02191,1.00000,0.00000,0.00000,0.00000
318.78000,1.02194,1.00000,0.00000,0.00000,0.00000
318.92001,1.02191,1.00000,0.00000,0.00000,0.00000
319.06000,1.02194,1.00000,0.00000,0.00000,0.00000
319.20001,1.02191,1.00000,0.00000,0.00000,0.00000
319.34000,1.02194,1.00000,0.00000,0.00000,0.00000
319.48001,1.02191,1.00000,0.00000,0.00000,0.00000
319.62000,1.02194,1.00000,0.00000,0.00000,0.00000
319.76001,1.02194,1.00000,0.00000,0.00000,0.00000
319.89999,1.02194,0.99999,0.00000,0.00000,0.00001
320.04001,1.02194,0.99999,0.00000,0.00000,0.00000
320.17999,1.02194,0.99999,0.00000,0.00000,0.00001
320.32001,1.02194,0.99998,0.00000,0.00000,0.00002
320.45999,1.02194,0.99993,0.00000,0.00000,0.00006
320.60001,1.02194,0.99910,0.00000,0.00002,0.00087
320.73999,1.02194,0.99453,0.00000,0.00005,0.00542
320.88000,1.02194,0.98011,0.00000,0.00018,0.01971
321.01999,1.02194,0.89227,0.00001,0.00130,0.10641
321.16000,1.02194,0.94453,0.00000,0.00030,0.05516
321.29999,1.02194,0.97473,0.00000,0.00024,0.02503
321.44000,1.02194,0.99403,0.00000,0.00011,0.00586
321.57999,1.02194,0.99816,0.00000,0.00005,0.00179
321.72000,1.02194,0.99947,0.00000,0.00002,0.00051
321.85999,1.02194,0.99989,0.00000,0.00001,0.00011
322.00000,1.02194,0.99997,0.00000,0.00000,0.00002
322.14001,1.02191,0.99999,0.00000,0.00000,0.00001
322.28000,1.02194,1.00000,0.00000,0.00000,0.00000
322.42001,1.02191,1.00000,0.00000,0.00000,0.00000
322.56000,1.02194,1.00000,0.00000,0.00000,0.00000
322.70001,1.02191,0.99999,0.00000,0.00000,0.00001
322.84000,1.02194,0.99988,0.00000,0.00001,0.00011
322.98001,1.02191,0.99980,0.00000,0.00002,0.00018
323.12000,1.02194,0.99993,0.00000,0.00001,0.00006
323.26001,1.02194,0.99996,0.00000,0.00001,0.00003
323.39999,1.02194,1.00000,0.00000,0.00000,0.00000
323.54001,1.02194,1.00000,0.00000,0.00000,0.00000
323.67999,1.02194,1.00000,0.00000,0.00000,0.00000
323.82001,1.02194,1.00000,0.00000,0.00000,0.00000
323.95999,1.02194,1.00000,0.00000,0.00000,0.00000
324.10001,1.02194,1.00000,0.00000,0.00000,0.00000
324.23999,1.02194,1.00000,0.00000,0.00000,0.00000
324.38000,1.02194,0.99999,0.00000,0.00000,0.00000
324.51999,1.02194,0.99999,0.00000,0.00000,0.00001
324.66000,1.02194,0.99998,0.00000,0.00001,0.00002
324.79999,1.02194,0.99998,0.00000,0.00000,0.00001
324.94000,1.02194,1.00000,0.00000,0.00000,0.00000
325.07999,1.02194,1.00000,0.00000,0.00000,0.00000
325.22000,1.02194,1.00000,0.00000,0.00000,0.00000
325.35999,1.02194,1.00000,0.00000,0.00000,0.00000
325.50000,1.02194,0.99999,0.00000,0.00000,0.00000
325.64001,1.02191,0.99999,0.00000,0.00000,0.00001
325.78000,1.02194,0.99999,0.00000,0.00000,0.00001
325.92001,1.02191,1.00000,0.00000,0.00000,0.00000
326.06000,1.02194,1.00000,0.00000,0.00000,0.00000
326.20001,1.02191,1.00000,0.00000,0.00000,0.00000
326.34000,1.02194,1.00000,0.00000,0.00000,0.00000
326.48001,1.02191,1.00000,0.00000,0.00000,0.00000
326.62000,1.02194,1.00000,0.00000,0.00000,0.00000
326.76001,1.02194,1.00000,0.00000,0.00000,0.00000
326.89999,1.02194,1.00000,0.00000,0.00000,0.00000
327.04001,1.02194,1.00000,0.00000,0.00000,0.00000
327.17999,1.02194,1.00000,0.00000,0.00000,0.00000
327.32001,1.02194,1.00000,0.00000,0.00000,0.00000
327.45999,1.02194,1.00000,0.00000,0.00000,0.00000
327.60001,1.02194,1.00000,0.00000,0.00000,0.00000
327.73999,1.02194,1.00000,0.00000,0.00000,0.00000
327.88000,1.02194,1.00000,0.00000,0.00000,0.00000
328.01999,1.02194,1.00000,0.00000,0.00000,0.00000
328.16000,1.02194,1.00000,0.00000,0.00000,0.00000
328.29999,1.02194,1.00000,0.00000,0.00000,0.00000
328.44000,1.02194,1.00000,0.00000,0.00000,0.00000
328.57999,1.02194,1.00000,0.00000,0.00000,0.00000
328.72000,1.02194,1.00000,0.00000,0.00000,0.00000
328.85999,1.02194,1.00000,0.00000,0.00000,0.00000
329.00000,1.02194,1.00000,0.00000,0.00000,0.00000
329.14001,1.02191,1.00000,0.00000,0.00000,0.00000
329.28000,1.02194,1.00000,0.00000,0.00000,0.00000
329.42001,1.02191,1.00000,0.00000,0.00000,0.00000
329.56000,1.02194,1.00000,0.00000,0.00000,0.00000
329.70001,1.02191,1.00000,0.00000,0.00000,0.00000
329.84000,1.02194,1.00000,0.00000,0.00000,0.00000
329.98001,1.02191,1.00000,0.00000,0.00000,0.00000
330.12000,1.02194,1.00000,0.00000,0.00000,0.00000
330.26001,1.02194,1.00000,0.00000,0.00000,0.00000
330.39999,1.02194,1.00000,0.00000,0.00000,0.00000
330.54001,1.02194,1.00000,0.00000,0.00000,0.00000
330.67999,1.02194,0.99999,0.00000,0.00000,0.00000
330.82001,1.02194,0.99994,0.00000,0.00001,0.00005
330.95999,1.02194,0.99992,0.00000,0.00001,0.00008
331.10001,1.02194,0.99990,0.00000,0.00001,0.00010
331.23999,1.02194,0.99998,0.00000,0.00000,0.00001
331.38000,1.02194,1.00000,0.00000,0.00000,0.00000
331.51999,1.02194,1.00000,0.00000,0.00000,0.00000
331.66000,1.02194,1.00000,0.00000,0.00000,0.00000
331.79999,1.02194,1.00000,0.00000,0.00000,0.00000
331.94000,1.02194,1.00000,0.00000,0.00000,0.00000
332.07999,1.02194,1.00000,0.00000,0.00000,0.00000
332.22000,1.02194,1.00000,0.00000,0.00000,0.00000
332.35999,1.02194,1.00000,0.00000,0.00000,0.00000
332.50000,1.02194,1.00000,0.00000,0.00000,0.00000
332.64001,1.02191,1.00000,0.00000,0.00000,0.00000
332.78000,1.02194,1.00000,0.00000,0.00000,0.00000
332.92001,1.02191,1.00000,0.00000,0.00000,0.00000
333.06000,1.02194,1.00000,0.00000,0.00000,0.00000
333.20001,1.02191,1.00000,0.00000,0.00000,0.00000
333.34000,1.02194,1.00000,0.00000,0.00000,0.00000
333.48001,1.02191,1.00000,0.00000,0.00000,0.00000
333.62000,1.02194,1.00000,0.00000,0.00000,0.00000
333.76001,1.02194,1.00000,0.00000,0.00000,0.00000
333.89999,1.02194,1.00000,0.00000,0.00000,0.00000
334.04001,1.02194,1.00000,0.00000,0.00000,0.00000
334.17999,1.02194,1.00000,0.00000,0.00000,0.00000
334.32001,1.02194,1.00000,0.00000,0.00000,0.00000
334.45999,1.02194,1.00000,0.00000,0.00000,0.00000
334.60001,1.02194,1.00000,0.00000,0.00000,0.00000
334.73999,1.02194,1.00000,0.00000,0.00000,0.00000
334.88000,1.02194,1.00000,0.00000,0.00000,0.00000
335.01999,1.02194,1.00000,0.00000,0.00000,0.00000
335.16000,1.02194,1.00000,0.00000,0.00000,0.00000
335.29999,1.02194,1.00000,0.00000,0.00000,0.00000
335.44000,1.02194,1.00000,0.00000,0.00000,0.00000
335.57999,1.02194,1.00000,0.00000,0.00000,0.00000
335.72000,1.02194,1.00000,0.00000,0.00000,0.00000
335.85999,1.02194,1.00000,0.00000,0.00000,0.00000
336.00000,1.02194,1.00000,0.00000,0.00000,0.00000
336.14001,1.02191,1.00000,0.00000,0.00000,0.00000
336.28000,1.02194,1.00000,0.00000,0.00000,0.00000
336.42001,1.02191,1.00000,0.00000,0.00000,0.00000
336.56000,1.02194,1.00000,0.00000,0.00000,0.00000
336.70001,1.02191,1.00000,0.00000,0.00000,0.00000
336.84000,1.02194,1.00000,0.00000,0.00000,0.00000
336.98001,1.02191,1.00000,0.00000,0.00000,0.00000
337.12000,1.02194,1.00000,0.00000,0.00000,0.00000
337.26001,1.02194,1.00000,0.00000,0.00000,0.00000
337.39999,1.02194,0.99999,0.00000,0.00000,0.00000
337.54001,1.02194,0.99999,0.00000,0.00000,0.00000
337.67999,1.02194,0.99999,0.00000,0.00000,0.00001
337.82001,1.02194,0.99999,0.00000,0.00000,0.00001
337.95999,1.02194,0.99998,0.00000,0.00000,0.00002
338.10001,1.02194,0.99998,0.00000,0.00000,0.00002
338.23999,1.02194,0.99998,0.00000,0.00000,0.00001
338.38000,1.02194,0.99999,0.00000,0.00000,0.00001
338.51999,1.02194,1.00000,0.00000,0.00000,0.00000
338.66000,1.02194,1.00000,0.00000,0.00000,0.00000
338.79999,1.02194,1.00000,0.00000,0.00000,0.00000
338.94000,1.02194,1.00000,0.00000,0.00000,0.00000
339.07999,1.02194,1.00000,0.00000,0.00000,0.00000
339.22000,1.02194,1.00000,0.00000,0.00000,0.00000
339.35999,1.02194,1.00000,0.00000,0.00000,0.00000
339.50000,1.02194,1.00000,0.00000,0.00000,0.00000
339.64001,1.02191,1.00000,0.00000,0.00000,0.00000
339.78000,1.02194,1.00000,0.00000,0.00000,0.00000
339.92001,1.02191,1.00000,0.00000,0.00000,0.00000
340.06000,1.02194,1.00000,0.00000,0.00000,0.00000
340.20001,1.02191,1.00000,0.00000,0.00000,0.00000
340.34000,1.02194,1.00000,0.00000,0.00000,0.00000
340.48001,1.02191,1.00000,0.00000,0.00000,0.00000
340.62000,1.02194,1.00000,0.00000,0.00000,0.00000
340.76001,1.02194,1.00000,0.00000,0.00000,0.00000
340.89999,1.02194,1.00000,0.00000,0.00000,0.00000
341.04001,1.02194,1.00000,0.00000,0.00000,0.00000
341.17999,1.02194,1.00000,0.00000,0.00000,0.00000
341.32001,1.02194,1.00000,0.00000,0.00000,0.00000
341.45999,1.02194,1.00000,0.00000,0.00000,0.00000
341.60001,1.02194,1.00000,0.00000,0.00000,0.00000
341.73999,1.02194,1.00000,0.00000,0.00000,0.00000
341.88000,1.02194,1.00000,0.00000,0.00000,0.00000
342.01999,1.02194,1.00000,0.00000,0.00000,0.00000
342.16000,1.02194,1.00000,0.00000,0.00000,0.00000
342.29999,1.02194,1.00000,0.00000,0.00000,0.00000
342.44000,1.02194,1.00000,0.00000,0.00000,0.00000
342.57999,1.02194,1.00000,0.00000,0.00000,0.00000
342.72000,1.02194,1.00000,0.00000,0.00000,0.00000
342.85999,1.02194,1.00000,0.00000,0.00000,0.00000
343.00000,1.02194,1.00000,0.00000,0.00000,0.00000
343.14001,1.02191,1.00000,0.00000,0.00000,0.00000
343.28000,1.02194,1.00000,0.00000,0.00000,0.00000
343.42001,1.02191,1.00000,0.00000,0.00000,0.00000
343.56000,1.02194,1.00000,0.00000,0.00000,0.00000
343.70001,1.02191,1.00000,0.00000,0.00000,0.00000
343.84000,1.02194,1.00000,0.00000,0.00000,0.00000
343.98001,1.02191,1.00000,0.00000,0.00000,0.00000
344.12000,1.02194,1.00000,0.00000,0.00000,0.00000
344.26001,1.02194,1.00000,0.00000,0.00000,0.00000
344.39999,1.02194,1.00000,0.00000,0.00000,0.00000
344.54001,1.02194,1.00000,0.00000,0.00000,0.00000
344.67999,1.02194,1.00000,0.00000,0.00000,0.00000
344.82001,1.02194,1.00000,0.00000,0.00000,0.00000
344.95999,1.02194,1.00000,0.00000,0.00000,0.00000
345.10001,1.02194,1.00000,0.00000,0.00000,0.00000
345.23999,1.02194,1.00000,0.00000,0.00000,0.00000
345.38000,1.02194,1.00000,0.00000,0.00000,0.00000
345.51999,1.02194,1.00000,0.00000,0.00000,0.00000
345.66000,1.02194,1.00000,0.00000,0.00000,0.00000
345.79999,1.02194,1.00000,0.00000,0.00000,0.00000
345.94000,1.02194,1.00000,0.00000,0.00000,0.00000
346.07999,1.02194,1.00000,0.00000,0.00000,0.00000
346.22000,1.02194,1.00000,0.00000,0.00000,0.00000
346.35999,1.02194,1.00000,0.00000,0.00000,0.00000
346.50000,1.02194,1.00000,0.00000,0.00000,0.00000
346.64001,1.02191,1.00000,0.00000,0.00000,0.00000
346.78000,1.02194,1.00000,0.00000,0.00000,0.00000
346.92001,1.02191,1.00000,0.00000,0.00000,0.00000
347.06000,1.02194,1.00000,0.00000,0.00000,0.00000
347.20001,1.02191,1.00000,0.00000,0.00000,0.00000
347.34000,1.02194,1.00000,0.00000,0.00000,0.00000
347.48001,1.02191,1.00000,0.00000,0.00000,0.00000
347.62000,1.02194,1.00000,0.00000,0.00000,0.00000
347.76001,1.02194,1.00000,0.00000,0.00000,0.00000
347.89999,1.02194,1.00000,0.00000,0.00000,0.00000
348.04001,1.02194,1.00000,0.00000,0.00000,0.00000
348.17999,1.02194,1.00000,0.00000,0.00000,0.00000
348.32001,1.02194,1.00000,0.00000,0.00000,0.00000
348.45999,1.02194,1.00000,0.00000,0.00000,0.00000
348.60001,1.02194,1.00000,0.00000,0.00000,0.00000
348.73999,1.02194,1.00000,0.00000,0.00000,0.00000
348.88000,1.02194,1.00000,0.00000,0.00000,0.00000
349.01999,1.02194,1.00000,0.00000,0.00000,0.00000
349.16000,1.02194,1.00000,0.00000,0.00000,0.00000
349.29999,1.02194,1.00000,0.00000,0.00000,0.00000
349.44000,1.02194,1.00000,0.00000,0.00000,0.00000
349.57999,1.02194,1.00000,0.00000,0.00000,0.00000
349.72000,1.02194,1.00000,0.00000,0.00000,0.00000
349.85999,1.02194,1.00000,0.00000,0.00000,0.00000
350.00000,1.02194,1.00000,0.00000,0.00000,0.00000
350.14001,1.02191,1.00000,0.00000,0.00000,0.00000
350.28000,1.02194,1.00000,0.00000,0.00000,0.00000
350.42001,1.02191,1.00000,0.00000,0.00000,0.00000
350.56000,1.02194,1.00000,0.00000,0.00000,0.00000
350.70001,1.02191,1.00000,0.00000,0.00000,0.00000
350.84000,1.02194,1.00000,0.00000,0.00000,0.00000
350.98001,1.02191,1.00000,0.00000,0.00000,0.00000
351.12000,1.02194,1.00000,0.00000,0.00000,0.00000
351.26001,1.02194,1.00000,0.00000,0.00000,0.00000
351.39999,1.02194,1.00000,0.00000,0.00000,0.00000
351.54001,1.02194,1.00000,0.00000,0.00000,0.00000
351.67999,1.02194,1.00000,0.00000,0.00000,0.00000
351.82001,1.02194,1.00000,0.00000,0.00000,0.00000
351.95999,1.02194,1.00000,0.00000,0.00000,0.00000
352.10001,1.02194,1.00000,0.00000,0.00000,0.00000
352.23999,1.02194,1.00000,0.00000,0.00000,0.00000
352.38000,1.02194,1.00000,0.00000,0.00000,0.00000
352.51999,1.02194,1.00000,0.00000,0.00000,0.00000
352.66000,1.02194,1.00000,0.00000,0.00000,0.00000
352.79999,1.02194,1.00000,0.00000,0.00000,0.00000
352.94000,1.02194,1.00000,0.00000,0.00000,0.00000
353.07999,1.02194,1.00000,0.00000,0.00000,0.00000
353.22000,1.02194,1.00000,0.00000,0.00000,0.00000
353.35999,1.02194,1.00000,0.00000,0.00000,0.00000
353.50000,1.02194,1.00000,0.00000,0.00000,0.00000
353.64001,1.02191,1.00000,0.00000,0.00000,0.00000
353.78000,1.02194,1.00000,0.00000,0.00000,0.00000
353.92001,1.02191,1.00000,0.00000,0.00000,0.00000
354.06000,1.02194,1.00000,0.00000,0.00000,0.00000
354.20001,1.02191,1.00000,0.00000,0.00000,0.00000
354.34000,1.02194,0.99999,0.00000,0.00000,0.00000
354.48001,1.02191,0.99999,0.00000,0.00000,0.00000
354.62000,1.02194,1.00000,0.00000,0.00000,0.00000
354.76001,1.02194,1.00000,0.00000,0.00000,0.00000
354.89999,1.02194,1.00000,0.00000,0.00000,0.00000
355.04001,1.02194,1.00000,0.00000,0.00000,0.00000
355.17999,1.02194,1.00000,0.00000,0.00000,0.00000
355.32001,1.02194,1.00000,0.00000,0.00000,0.00000
355.45999,1.02194,1.00000,0.00000,0.00000,0.00000
355.60001,1.02194,1.00000,0.00000,0.00000,0.00000
355.73999,1.02194,1.00000,0.00000,0.00000,0.00000
355.88000,1.02194,1.00000,0.00000,0.00000,0.00000
356.01999,1.02194,1.00000,0.00000,0.00000,0.00000
356.16000,1.02194,1.00000,0.00000,0.00000,0.00000
356.29999,1.02194,1.00000,0.00000,0.00000,0.00000
356.44000,1.02194,1.00000,0.00000,0.00000,0.00000
356.57999,1.02194,0.99999,0.00000,0.00000,0.00001
356.72000,1.02194,0.99999,0.00000,0.00000,0.00001
356.85999,1.02194,0.99999,0.00000,0.00000,0.00001
357.00000,1.02194,0.99999,0.00000,0.00000,0.00001
357.14001,1.02191,0.99999,0.00000,0.00000,0.00001
357.28000,1.02194,0.99999,0.00000,0.00000,0.00001
357.42001,1.02191,0.99996,0.00000,0.00000,0.00004
357.56000,1.02194,0.99984,0.00000,0.00000,0.00015
357.70001,1.02191,0.99972,0.00000,0.00001,0.00028
357.84000,1.02194,0.99981,0.00000,0.00001,0.00019
357.98001,1.02191,0.99996,0.00000,0.00000,0.00003
358.12000,1.02194,0.99998,0.00000,0.00000,0.00002
358.26001,1.02194,0.99998,0.00000,0.00000,0.00002
358.39999,1.02194,0.99999,0.00000,0.00000,0.00001
358.54001,1.02194,1.00000,0.00000,0.00000,0.00000
358.67999,1.02194,0.99999,0.00000,0.00000,0.00000
358.82001,1.02194,0.99998,0.00000,0.00000,0.00001
358.95999,1.02194,0.99993,0.00000,0.00001,0.00007
359.10001,1.02194,0.99780,0.00000,0.00008,0.00212
359.23999,1.02194,0.99776,0.00000,0.00004,0.00220
359.38000,1.02194,0.99908,0.00000,0.00003,0.00089
359.51999,1.02194,0.99996,0.00000,0.00000,0.00003
359.66000,1.02194,1.00000,0.00000,0.00000,0.00000
359.79999,1.02194,1.00000,0.00000,0.00000,0.00000
359.94000,1.02194,1.00000,0.00000,0.00000,0.00000
360.07999,1.02194,1.00000,0.00000,0.00000,0.00000
360.22000,1.02194,1.00000,0.00000,0.00000,0.00000
360.35999,1.02194,1.00000,0.00000,0.00000,0.00000
360.50000,1.02194,1.00000,0.00000,0.00000,0.00000
360.64001,1.02191,1.00000,0.00000,0.00000,0.00000
360.78000,1.02194,1.00000,0.00000,0.00000,0.00000
360.92001,1.02191,1.00000,0.00000,0.00000,0.00000
361.06000,1.02194,1.00000,0.00000,0.00000,0.00000
361.20001,1.02191,1.00000,0.00000,0.00000,0.00000
361.34000,1.02194,0.99999,0.00000,0.00000,0.00001
361.48001,1.02191,0.99999,0.00000,0.00000,0.00001
361.62000,1.02194,1.00000,0.00000,0.00000,0.00000
361.76001,1.02194,1.00000,0.00000,0.00000,0.00000
361.89999,1.02194,0.99999,0.00000,0.00000,0.00000
362.04001,1.02194,0.99999,0.00000,0.00000,0.00000
362.17999,1.02194,1.00000,0.00000,0.00000,0.00000
362.32001,1.02194,1.00000,0.00000,0.00000,0.00000
362.45999,1.02194,1.00000,0.00000,0.00000,0.00000
362.60001,1.02194,1.00000,0.00000,0.00000,0.00000
362.73999,1.02194,1.00000,0.00000,0.00000,0.00000
362.88000,1.02194,1.00000,0.00000,0.00000,0.00000
363.01999,1.02194,1.00000,0.00000,0.00000,0.00000
363.16000,1.02194,1.00000,0.00000,0.00000,0.00000
363.29999,1.02194,1.00000,0.00000,0.00000,0.00000
363.44000,1.02194,1.00000,0.00000,0.00000,0.00000
363.57999,1.02194,0.99999,0.00000,0.00000,0.00001
363.72000,1.02194,1.00000,0.00000,0.00000,0.00000
363.85999,1.02194,1.00000,0.00000,0.00000,0.00000
364.00000,1.02194,1.00000,0.00000,0.00000,0.00000
364.14001,1.02191,1.00000,0.00000,0.00000,0.00000
364.28000,1.02194,1.00000,0.00000,0.00000,0.00000
364.42001,1.02191,1.00000,0.00000,0.00000,0.00000
364.56000,1.02194,1.00000,0.00000,0.00000,0.00000
364.70001,1.02191,1.00000,0.00000,0.00000,0.00000
364.84000,1.02194,1.00000,0.00000,0.00000,0.00000
364.98001,1.02191,1.00000,0.00000,0.00000,0.00000
365.12000,1.02194,1.00000,0.00000,0.00000,0.00000
365.26001,1.02194,1.00000,0.00000,0.00000,0.00000
365.39999,1.02194,1.00000,0.00000,0.00000,0.00000
365.54001,1.02194,1.00000,0.00000,0.00000,0.00000
365.67999,1.02194,1.00000,0.00000,0.00000,0.00000
365.82001,1.02194,1.00000,0.00000,0.00000,0.00000
365.95999,1.02194,1.00000,0.00000,0.00000,0.00000
366.10001,1.02194,1.00000,0.00000,0.00000,0.00000
366.23999,1.02194,1.00000,0.00000,0.00000,0.00000
366.38000,1.02194,1.00000,0.00000,0.00000,0.00000
366.51999,1.02194,1.00000,0.00000,0.00000,0.00000
366.66000,1.02194,1.00000,0.00000,0.00000,0.00000
366.79999,1.02194,1.00000,0.00000,0.00000,0.00000
366.94000,1.02194,1.00000,0.00000,0.00000,0.00000
367.07999,1.02194,1.00000,0.00000,0.00000,0.00000
367.22000,1.02194,1.00000,0.00000,0.00000,0.00000
367.35999,1.02194,1.00000,0.00000,0.00000,0.00000
367.50000,1.02194,1.00000,0.00000,0.00000,0.00000
367.64001,1.02191,1.00000,0.00000,0.00000,0.00000
367.78000,1.02194,1.00000,0.00000,0.00000,0.00000
367.92001,1.02191,1.00000,0.00000,0.00000,0.00000
368.06000,1.02194,1.00000,0.00000,0.00000,0.00000
368.20001,1.02191,1.00000,0.00000,0.00000,0.00000
368.34000,1.02194,1.00000,0.00000,0.00000,0.00000
368.48001,1.02191,1.00000,0.00000,0.00000,0.00000
368.62000,1.02194,1.00000,0.00000,0.00000,0.00000
368.76001,1.02194,1.00000,0.00000,0.00000,0.00000
368.89999,1.02194,1.00000,0.00000,0.00000,0.00000
369.04001,1.02194,1.00000,0.00000,0.00000,0.00000
369.17999,1.02194,1.00000,0.00000,0.00000,0.00000
369.32001,1.02194,1.00000,0.00000,0.00000,0.00000
369.45999,1.02194,1.00000,0.00000,0.00000,0.00000
369.60001,1.02194,1.00000,0.00000,0.00000,0.00000
369.73999,1.02194,1.00000,0.00000,0.00000,0.00000
369.88000,1.02194,1.00000,0.00000,0.00000,0.00000
370.01999,1.02194,1.00000,0.00000,0.00000,0.00000
370.16000,1.02194,1.00000,0.00000,0.00000,0.00000
370.29999,1.02194,1.00000,0.00000,0.00000,0.00000
370.44000,1.02194,1.00000,0.00000,0.00000,0.00000
370.57999,1.02194,1.00000,0.00000,0.00000,0.00000
370.72000,1.02194,1.00000,0.00000,0.00000,0.00000
370.85999,1.02194,1.00000,0.00000,0.00000,0.00000
371.00000,1.02194,1.00000,0.00000,0.00000,0.00000
371.14001,1.02191,1.00000,0.00000,0.00000,0.00000
371.28000,1.02194,1.00000,0.00000,0.00000,0.00000
371.42001,1.02191,1.00000,0.00000,0.00000,0.00000
371.56000,1.02194,1.00000,0.00000,0.00000,0.00000
371.70001,1.02191,1.00000,0.00000,0.00000,0.00000
371.84000,1.02194,1.00000,0.00000,0.00000,0.00000
371.98001,1.02191,1.00000,0.00000,0.00000,0.00000
372.12000,1.02194,1.00000,0.00000,0.00000,0.00000
372.26001,1.02194,1.00000,0.00000,0.00000,0.00000
372.39999,1.02194,1.00000,0.00000,0.00000,0.00000
372.54001,1.02194,1.00000,0.00000,0.00000,0.00000
372.67999,1.02194,1.00000,0.00000,0.00000,0.00000
372.82001,1.02194,1.00000,0.00000,0.00000,0.00000
372.95999,1.02194,1.00000,0.00000,0.00000,0.00000
373.10001,1.02194,1.00000,0.00000,0.00000,0.00000
373.23999,1.02194,1.00000,0.00000,0.00000,0.00000
373.38000,1.02194,1.00000,0.00000,0.00000,0.00000
373.51999,1.02194,1.00000,0.00000,0.00000,0.00000
373.66000,1.02194,1.00000,0.00000,0.00000,0.00000
373.79999,1.02194,1.00000,0.00000,0.00000,0.00000
373.94000,1.02194,1.00000,0.00000,0.00000,0.00000
374.07999,1.02194,1.00000,0.00000,0.00000,0.00000
374.22000,1.02194,1.00000,0.00000,0.00000,0.00000
374.35999,1.02194,1.00000,0.00000,0.00000,0.00000
374.50000,1.02194,1.00000,0.00000,0.00000,0.00000
374.64001,1.02191,1.00000,0.00000,0.00000,0.00000
374.78000,1.02194,1.00000,0.00000,0.00000,0.00000
374.92001,1.02191,1.00000,0.00000,0.00000,0.00000
375.06000,1.02194,1.00000,0.00000,0.00000,0.00000
375.20001,1.02191,1.00000,0.00000,0.00000,0.00000
375.34000,1.02194,1.00000,0.00000,0.00000,0.00000
375.48001,1.02191,1.00000,0.00000,0.00000,0.00000
375.62000,1.02194,1.00000,0.00000,0.00000,0.00000
375.76001,1.02194,1.00000,0.00000,0.00000,0.00000
375.89999,1.02194,1.00000,0.00000,0.00000,0.00000
376.04001,1.02194,1.00000,0.00000,0.00000,0.00000
376.17999,1.02194,1.00000,0.00000,0.00000,0.00000
376.32001,1.02194,1.00000,0.00000,0.00000,0.00000
376.45999,1.02194,1.00000,0.00000,0.00000,0.00000
376.60001,1.02194,1.00000,0.00000,0.00000,0.00000
376.73999,1.02194,1.00000,0.00000,0.00000,0.00000
376.88000,1.02194,1.00000,0.00000,0.00000,0.00000
377.01999,1.02194,1.00000,0.00000,0.00000,0.00000
377.16000,1.02194,1.00000,0.00000,0.00000,0.00000
377.29999,1.02194,1.00000,0.00000,0.00000,0.00000
377.44000,1.02194,1.00000,0.00000,0.00000,0.00000
377.57999,1.02194,1.00000,0.00000,0.00000,0.00000
377.72000,1.02194,1.00000,0.00000,0.00000,0.00000
377.85999,1.02194,1.00000,0.00000,0.00000,0.00000
378.00000,1.02194,1.00000,0.00000,0.00000,0.00000
378.14001,1.02191,1.00000,0.00000,0.00000,0.00000
378.28000,1.02194,1.00000,0.00000,0.00000,0.00000
378.42001,1.02191,1.00000,0.00000,0.00000,0.00000
378.56000,1.02194,1.00000,0.00000,0.00000,0.00000
378.70001,1.02191,1.00000,0.00000,0.00000,0.00000
378.84000,1.02194,1.00000,0.00000,0.00000,0.00000
378.98001,1.02191,1.00000,0.00000,0.00000,0.00000
379.12000,1.02194,1.00000,0.00000,0.00000,0.00000
379.26001,1.02194,1.00000,0.00000,0.00000,0.00000
379.39999,1.02194,1.00000,0.00000,0.00000,0.00000
379.54001,1.02194,1.00000,0.00000,0.00000,0.00000
379.67999,1.02194,1.00000,0.00000,0.00000,0.00000
379.82001,1.02194,1.00000,0.00000,0.00000,0.00000
379.95999,1.02194,1.00000,0.00000,0.00000,0.00000
380.10001,1.02194,0.99999,0.00000,0.00000,0.00001
380.23999,1.02194,0.99997,0.00000,0.00000,0.00003
380.38000,1.02194,0.99987,0.00000,0.00000,0.00013
380.51999,1.02194,0.99998,0.00000,0.00000,0.00002
380.66000,1.02194,0.99999,0.00000,0.00000,0.00000
380.79999,1.02194,1.00000,0.00000,0.00000,0.00000
380.94000,1.02194,1.00000,0.00000,0.00000,0.00000
381.07999,1.02194,1.00000,0.00000,0.00000,0.00000
381.22000,1.02194,1.00000,0.00000,0.00000,0.00000
381.35999,1.02194,1.00000,0.00000,0.00000,0.00000
381.50000,1.02194,1.00000,0.00000,0.00000,0.00000
381.64001,1.02191,1.00000,0.00000,0.00000,0.00000
381.78000,1.02194,1.00000,0.00000,0.00000,0.00000
381.92001,1.02191,1.00000,0.00000,0.00000,0.00000
382.06000,1.02194,1.00000,0.00000,0.00000,0.00000
382.20001,1.02191,1.00000,0.00000,0.00000,0.00000
382.34000,1.02194,1.00000,0.00000,0.00000,0.00000
382.48001,1.02191,1.00000,0.00000,0.00000,0.00000
382.62000,1.02194,1.00000,0.00000,0.00000,0.00000
382.76001,1.02194,1.00000,0.00000,0.00000,0.00000
382.89999,1.02194,1.00000,0.00000,0.00000,0.00000
383.04001,1.02194,1.00000,0.00000,0.00000,0.00000
383.17999,1.02194,1.00000,0.00000,0.00000,0.00000
383.32001,1.02194,1.00000,0.00000,0.00000,0.00000
383.45999,1.02194,1.00000,0.00000,0.00000,0.00000
383.60001,1.02194,1.00000,0.00000,0.00000,0.00000
383.73999,1.02194,1.00000,0.00000,0.00000,0.00000
383.88000,1.02194,1.00000,0.00000,0.00000,0.00000
384.01999,1.02194,1.00000,0.00000,0.00000,0.00000
384.16000,1.02194,1.00000,0.00000,0.00000,0.00000
384.29999,1.02194,1.00000,0.00000,0.00000,0.00000
384.44000,1.02194,1.00000,0.00000,0.00000,0.00000
384.57999,1.02194,1.00000,0.00000,0.00000,0.00000
384.72000,1.02194,1.00000,0.00000,0.00000,0.00000
384.85999,1.02194,1.00000,0.00000,0.00000,0.00000
385.00000,1.02194,1.00000,0.00000,0.00000,0.00000
385.14001,1.02191,1.00000,0.00000,0.00000,0.00000
385.28000,1.02194,1.00000,0.00000,0.00000,0.00000
385.42001,1.02191,1.00000,0.00000,0.00000,0.00000
385.56000,1.02194,1.00000,0.00000,0.00000,0.00000
385.70001,1.02191,1.00000,0.00000,0.00000,0.00000
385.84000,1.02194,1.00000,0.00000,0.00000,0.00000
385.98001,1.02191,1.00000,0.00000,0.00000,0.00000
386.12000,1.02194,1.00000,0.00000,0.00000,0.00000
386.26001,1.02194,1.00000,0.00000,0.00000,0.00000
386.39999,1.02194,1.00000,0.00000,0.00000,0.00000
386.54001,1.02194,1.00000,0.00000,0.00000,0.00000
386.67999,1.02194,1.00000,0.00000,0.00000,0.00000
386.82001,1.02194,1.00000,0.00000,0.00000,0.00000
386.95999,1.02194,1.00000,0.00000,0.00000,0.00000
387.10001,1.02194,1.00000,0.00000,0.00000,0.00000
387.23999,1.02194,1.00000,0.00000,0.00000,0.00000
387.38000,1.02194,1.00000,0.00000,0.00000,0.00000
387.51999,1.02194,1.00000,0.00000,0.00000,0.00000
387.66000,1.02194,1.00000,0.00000,0.00000,0.00000
387.79999,1.02194,0.99999,0.00000,0.00000,0.00001
387.94000,1.02194,0.99999,0.00000,0.00000,0.00001
388.07999,1.02194,1.00000,0.00000,0.00000,0.00000
388.22000,1.02194,0.99999,0.00000,0.00000,0.00001
388.35999,1.02194,1.00000,0.00000,0.00000,0.00000
388.50000,1.02194,1.00000,0.00000,0.00000,0.00000
388.64001,1.02191,1.00000,0.00000,0.00000,0.00000
388.78000,1.02194,1.00000,0.00000,0.00000,0.00000
388.92001,1.02191,1.00000,0.00000,0.00000,0.00000
389.06000,1.02194,1.00000,0.00000,0.00000,0.00000
389.20001,1.02191,1.00000,0.00000,0.00000,0.00000
389.34000,1.02194,1.00000,0.00000,0.00000,0.00000
389.48001,1.02191,1.00000,0.00000,0.00000,0.00000
389.62000,1.02194,1.00000,0.00000,0.00000,0.00000
389.76001,1.02194,1.00000,0.00000,0.00000,0.00000
389.89999,1.02194,1.00000,0.00000,0.00000,0.00000
390.04001,1.02194,1.00000,0.00000,0.00000,0.00000
390.17999,1.02194,1.00000,0.00000,0.00000,0.00000
390.32001,1.02194,1.00000,0.00000,0.00000,0.00000
390.45999,1.02194,1.00000,0.00000,0.00000,0.00000
390.60001,1.02194,1.00000,0.00000,0.00000,0.00000
390.73999,1.02194,1.00000,0.00000,0.00000,0.00000
390.88000,1.02194,1.00000,0.00000,0.00000,0.00000
391.01999,1.02194,1.00000,0.00000,0.00000,0.00000
391.16000,1.02194,1.00000,0.00000,0.00000,0.00000
391.29999,1.02194,1.00000,0.00000,0.00000,0.00000
391.44000,1.02194,1.00000,0.00000,0.00000,0.00000
391.57999,1.02194,1.00000,0.00000,0.00000,0.00000
391.72000,1.02194,1.00000,0.00000,0.00000,0.00000
391.85999,1.02194,1.00000,0.00000,0.00000,0.00000
392.00000,1.02194,1.00000,0.00000,0.00000,0.00000
392.14001,1.02191,1.00000,0.00000,0.00000,0.00000
392.28000,1.02194,1.00000,0.00000,0.00000,0.00000
392.42001,1.02191,1.00000,0.00000,0.00000,0.00000
392.56000,1.02194,1.00000,0.00000,0.00000,0.00000
392.70001,1.02191,1.00000,0.00000,0.00000,0.00000
392.84000,1.02194,1.00000,0.00000,0.00000,0.00000
392.98001,1.02191,1.00000,0.00000,0.00000,0.00000
393.12000,1.02194,1.00000,0.00000,0.00000,0.00000
393.26001,1.02194,1.00000,0.00000,0.00000,0.00000
393.39999,1.02194,1.00000,0.00000,0.00000,0.00000
393.54001,1.02194,0.99999,0.00000,0.00000,0.00001
393.67999,1.02194,0.99999,0.00000,0.00000,0.00001
393.82001,1.02194,0.99999,0.00000,0.00000,0.00001
393.95999,1.02194,1.00000,0.00000,0.00000,0.00000
394.10001,1.02194,1.00000,0.00000,0.00000,0.00000
394.23999,1.02194,1.00000,0.00000,0.00000,0.00000
394.38000,1.02194,1.00000,0.00000,0.00000,0.00000
394.51999,1.02194,1.00000,0.00000,0.00000,0.00000
394.66000,1.02194,1.00000,0.00000,0.00000,0.00000
394.79999,1.02194,1.00000,0.00000,0.00000,0.00000
394.94000,1.02194,1.00000,0.00000,0.00000,0.00000
395.07999,1.02194,1.00000,0.00000,0.00000,0.00000
395.22000,1.02194,1.00000,0.00000,0.00000,0.00000
395.35999,1.02194,1.00000,0.00000,0.00000,0.00000
395.50000,1.02194,1.00000,0.00000,0.00000,0.00000
395.64001,1.02191,1.00000,0.00000,0.00000,0.00000
395.78000,1.02194,1.00000,0.00000,0.00000,0.00000
395.92001,1.02191,1.00000,0.00000,0.00000,0.00000
396.06000,1.02194,1.00000,0.00000,0.00000,0.00000
396.20001,1.02191,1.00000,0.00000,0.00000,0.00000
396.34000,1.02194,1.00000,0.00000,0.00000,0.00000
396.48001,1.02191,1.00000,0.00000,0.00000,0.00000
396.62000,1.02194,1.00000,0.00000,0.00000,0.00000
396.76001,1.02194,1.00000,0.00000,0.00000,0.00000
396.89999,1.02194,1.00000,0.00000,0.00000,0.00000
397.04001,1.02194,1.00000,0.00000,0.00000,0.00000
397.17999,1.02194,1.00000,0.00000,0.00000,0.00000
397.32001,1.02194,1.00000,0.00000,0.00000,0.00000
397.45999,1.02194,1.00000,0.00000,0.00000,0.00000
397.60001,1.02194,1.00000,0.00000,0.00000,0.00000
397.73999,1.02194,1.00000,0.00000,0.00000,0.00000
397.88000,1.02194,1.00000,0.00000,0.00000,0.00000
398.01999,1.02194,1.00000,0.00000,0.00000,0.00000
398.16000,1.02194,1.00000,0.00000,0.00000,0.00000
398.29999,1.02194,1.00000,0.00000,0.00000,0.00000
398.44000,1.02194,1.00000,0.00000,0.00000,0.00000
398.57999,1.02194,1.00000,0.00000,0.00000,0.00000
398.72000,1.02194,1.00000,0.00000,0.00000,0.00000
398.85999,1.02194,1.00000,0.00000,0.00000,0.00000
399.00000,1.02194,1.00000,0.00000,0.00000,0.00000
399.14001,1.02191,1.00000,0.00000,0.00000,0.00000
399.28000,1.02194,1.00000,0.00000,0.00000,0.00000
399.42001,1.02191,1.00000,0.00000,0.00000,0.00000
399.56000,1.02194,1.00000,0.00000,0.00000,0.00000
399.70001,1.02191,1.00000,0.00000,0.00000,0.00000
399.84000,1.02194,1.00000,0.00000,0.00000,0.00000
399.98001,1.02191,1.00000,0.00000,0.00000,0.00000
400.12000,1.02194,1.00000,0.00000,0.00000,0.00000
400.26001,1.02194,1.00000,0.00000,0.00000,0.00000
400.39999,1.02194,1.00000,0.00000,0.00000,0.00000
400.54001,1.02194,1.00000,0.00000,0.00000,0.00000
400.67999,1.02194,1.00000,0.00000,0.00000,0.00000
400.82001,1.02194,1.00000,0.00000,0.00000,0.00000
400.95999,1.02194,1.00000,0.00000,0.00000,0.00000
401.10001,1.02194,1.00000,0.00000,0.00000,0.00000
401.23999,1.02194,1.00000,0.00000,0.00000,0.00000
401.38000,1.02194,1.00000,0.00000,0.00000,0.00000
401.51999,1.02194,1.00000,0.00000,0.00000,0.00000
401.66000,1.02194,1.00000,0.00000,0.00000,0.00000
401.79999,1.02194,1.00000,0.00000,0.00000,0.00000
401.94000,1.02194,1.00000,0.00000,0.00000,0.00000
402.07999,1.02194,1.00000,0.00000,0.00000,0.00000
