Time (seconds), Duration (seconds),pred_(unlabeled),pred_brushing_teeth,pred_hair_drying,pred_showering,pred_air,pred_plastic,pred_plastic_out,pred_wood,pred_wood_out
0.00000,1.02194,0.99969,0.00019,0.00001,0.00006,0.00001,0.00000,0.00000,0.00000,0.00005
0.14000,1.02194,0.99947,0.00031,0.00002,0.00013,0.00001,0.00000,0.00000,0.00000,0.00005
0.28000,1.02194,0.99971,0.00016,0.00001,0.00007,0.00001,0.00000,0.00000,0.00000,0.00004
0.42000,1.02194,0.99984,0.00008,0.00001,0.00003,0.00001,0.00000,0.00000,0.00000,0.00004
0.56000,1.02194,0.99983,0.00008,0.00001,0.00004,0.00001,0.00000,0.00000,0.00000,0.00004
0.70000,1.02194,0.99983,0.00008,0.00001,0.00004,0.00001,0.00000,0.00000,0.00000,0.00004
0.84000,1.02194,0.99985,0.00007,0.00001,0.00004,0.00001,0.00000,0.00000,0.00000,0.00003
0.98000,1.02194,0.99988,0.00005,0.00000,0.00002,0.00000,0.00000,0.00000,0.00000,0.00003
1.12000,1.02194,0.99988,0.00005,0.00000,0.00003,0.00000,0.00000,0.00000,0.00000,0.00003
1.26000,1.02194,0.99989,0.00004,0.00000,0.00003,0.00001,0.00000,0.00000,0.00000,0.00003
1.40000,1.02194,0.99989,0.00004,0.00000,0.00003,0.00001,0.00000,0.00000,0.00000,0.00003
1.54000,1.02194,0.99984,0.00007,0.00001,0.00004,0.00001,0.00000,0.00000,0.00000,0.00003
1.68000,1.02194,0.99976,0.00013,0.00001,0.00005,0.00001,0.00000,0.00000,0.00000,0.00004
1.82000,1.02194,0.99967,0.00019,0.00001,0.00007,0.00001,0.00000,0.00000,0.00000,0.00005
1.96000,1.02194,0.99947,0.00032,0.00002,0.00012,0.00001,0.00000,0.00000,0.00000,0.00005
2.10000,1.02194,0.99914,0.00057,0.00003,0.00018,0.00001,0.00000,0.00000,0.00000,0.00007
2.24000,1.02194,0.99907,0.00061,0.00003,0.00020,0.00001,0.00000,0.00000,0.00000,0.00007
2.38000,1.02194,0.99928,0.00044,0.00002,0.00018,0.00001,0.00000,0.00000,0.00000,0.00006
2.52000,1.02194,0.99953,0.00026,0.00002,0.00013,0.00001,0.00000,0.00000,0.00000,0.00005
2.66000,1.02194,0.99965,0.00018,0.00001,0.00010,0.00001,0.00000,0.00000,0.00000,0.00005
2.80000,1.02194,0.99974,0.00012,0.00001,0.00007,0.00001,0.00000,0.00000,0.00000,0.00004
2.94000,1.02194,0.99981,0.00009,0.00001,0.00005,0.00001,0.00000,0.00000,0.00000,0.00004
3.08000,1.02194,0.99985,0.00006,0.00001,0.00004,0.00001,0.00000,0.00000,0.00000,0.00004
3.22000,1.02194,0.99988,0.00005,0.00000,0.00003,0.00001,0.00000,0.00000,0.00000,0.00003
3.36000,1.02194,0.99989,0.00004,0.00000,0.00003,0.00001,0.00000,0.00000,0.00000,0.00003
3.50000,1.02194,0.99990,0.00004,0.00000,0.00002,0.00001,0.00000,0.00000,0.00000,0.00003
3.64000,1.02194,0.99989,0.00004,0.00000,0.00003,0.00001,0.00000,0.00000,0.00000,0.00003
3.78000,1.02194,0.99988,0.00004,0.00000,0.00003,0.00001,0.00000,0.00000,0.00000,0.00003
3.92000,1.02194,0.99988,0.00005,0.00000,0.00003,0.00001,0.00000,0.00000,0.00000,0.00003
4.06000,1.02194,0.99988,0.00005,0.00000,0.00003,0.00001,0.00000,0.00000,0.00000,0.00003
4.20000,1.02194,0.99987,0.00005,0.00001,0.00003,0.00001,0.00000,0.00000,0.00000,0.00003
4.34000,1.02194,0.99986,0.00006,0.00001,0.00004,0.00001,0.00000,0.00000,0.00000,0.00003
4.48000,1.02194,0.99986,0.00005,0.00001,0.00004,0.00001,0.00000,0.00000,0.00000,0.00003
4.62000,1.02194,0.99987,0.00005,0.00001,0.00003,0.00001,0.00000,0.00000,0.00000,0.00003
4.76000,1.02194,0.99987,0.00005,0.00001,0.00003,0.00001,0.00000,0.00000,0.00000,0.00003
4.90000,1.02194,0.99986,0.00006,0.00001,0.00004,0.00001,0.00000,0.00000,0.00000,0.00003
5.04000,1.02194,0.99987,0.00005,0.00001,0.00003,0.00001,0.00000,0.00000,0.00000,0.00003
5.18000,1.02194,0.99988,0.00005,0.00000,0.00003,0.00001,0.00000,0.00000,0.00000,0.00003
5.32000,1.02194,0.99988,0.00005,0.00000,0.00003,0.00001,0.00000,0.00000,0.00000,0.00003
5.46000,1.02194,0.99988,0.00005,0.00000,0.00002,0.00000,0.00000,0.00000,0.00000,0.00003
5.60000,1.02194,0.99989,0.00005,0.00000,0.00002,0.00000,0.00000,0.00000,0.00000,0.00003
5.74000,1.02194,0.99989,0.00005,0.00000,0.00002,0.00000,0.00000,0.00000,0.00000,0.00003
5.88000,1.02194,0.99988,0.00005,0.00000,0.00002,0.00000,0.00000,0.00000,0.00000,0.00003
6.02000,1.02194,0.99988,0.00005,0.00000,0.00003,0.00001,0.00000,0.00000,0.00000,0.00003
6.16000,1.02194,0.99988,0.00005,0.00000,0.00003,0.00001,0.00000,0.00000,0.00000,0.00003
6.30000,1.02194,0.99987,0.00005,0.00000,0.00003,0.00001,0.00000,0.00000,0.00000,0.00003
6.44000,1.02194,0.99985,0.00007,0.00001,0.00003,0.00001,0.00000,0.00000,0.00000,0.00003
6.58000,1.02194,0.99985,0.00007,0.00001,0.00004,0.00001,0.00000,0.00000,0.00000,0.00003
6.72000,1.02194,0.99985,0.00007,0.00001,0.00003,0.00001,0.00000,0.00000,0.00000,0.00003
6.86000,1.02194,0.99984,0.00008,0.00001,0.00003,0.00001,0.00000,0.00000,0.00000,0.00004
7.00000,1.02194,0.99982,0.00009,0.00001,0.00004,0.00001,0.00000,0.00000,0.00000,0.00004
7.14000,1.02194,0.99982,0.00009,0.00001,0.00004,0.00001,0.00000,0.00000,0.00000,0.00004
7.28000,1.02194,0.99982,0.00009,0.00001,0.00004,0.00001,0.00000,0.00000,0.00000,0.00004
7.42000,1.02194,0.99981,0.00009,0.00001,0.00004,0.00001,0.00000,0.00000,0.00000,0.00004
7.56000,1.02194,0.99979,0.00010,0.00001,0.00005,0.00001,0.00000,0.00000,0.00000,0.00004
7.70000,1.02194,0.99979,0.00010,0.00001,0.00005,0.00001,0.00000,0.00000,0.00000,0.00004
7.84000,1.02194,0.99980,0.00010,0.00001,0.00005,0.00001,0.00000,0.00000,0.00000,0.00004
7.98000,1.02194,0.99979,0.00011,0.00001,0.00005,0.00001,0.00000,0.00000,0.00000,0.00004
8.12000,1.02194,0.99978,0.00012,0.00001,0.00005,0.00001,0.00000,0.00000,0.00000,0.00004
8.26000,1.02194,0.99979,0.00012,0.00001,0.00004,0.00001,0.00000,0.00000,0.00000,0.00004
8.40000,1.02194,0.99978,0.00012,0.00001,0.00005,0.00001,0.00000,0.00000,0.00000,0.00004
8.54000,1.02194,0.99977,0.00013,0.00001,0.00005,0.00001,0.00000,0.00000,0.00000,0.00004
8.68000,1.02194,0.99976,0.00014,0.00001,0.00005,0.00001,0.00000,0.00000,0.00000,0.00004
8.82000,1.02194,0.99976,0.00014,0.00001,0.00005,0.00001,0.00000,0.00000,0.00000,0.00004
8.96000,1.02194,0.99977,0.00013,0.00001,0.00004,0.00001,0.00000,0.00000,0.00000,0.00004
9.10000,1.02194,0.99977,0.00013,0.00001,0.00004,0.00001,0.00000,0.00000,0.00000,0.00004
9.24000,1.02194,0.99977,0.00013,0.00001,0.00004,0.00001,0.00000,0.00000,0.00000,0.00004
9.38000,1.02194,0.99977,0.00013,0.00001,0.00004,0.00001,0.00000,0.00000,0.00000,0.00004
9.52000,1.02194,0.99977,0.00013,0.00001,0.00004,0.00001,0.00000,0.00000,0.00000,0.00004
9.66000,1.02194,0.99977,0.00013,0.00001,0.00004,0.00001,0.00000,0.00000,0.00000,0.00004
9.80000,1.02194,0.99977,0.00013,0.00001,0.00004,0.00001,0.00000,0.00000,0.00000,0.00004
9.94000,1.02194,0.99975,0.00015,0.00001,0.00005,0.00001,0.00000,0.00000,0.00000,0.00004
10.08000,1.02194,0.99975,0.00015,0.00001,0.00004,0.00001,0.00000,0.00000,0.00000,0.00004
10.22000,1.02194,0.99974,0.00016,0.00001,0.00004,0.00001,0.00000,0.00000,0.00000,0.00004
10.36000,1.02194,0.99975,0.00015,0.00001,0.00004,0.00001,0.00000,0.00000,0.00000,0.00004
10.50000,1.02194,0.99975,0.00015,0.00001,0.00004,0.00001,0.00000,0.00000,0.00000,0.00004
10.64000,1.02194,0.99973,0.00016,0.00001,0.00005,0.00001,0.00000,0.00000,0.00000,0.00004
10.78000,1.02194,0.99974,0.00016,0.00001,0.00004,0.00001,0.00000,0.00000,0.00000,0.00004
10.92000,1.02194,0.99973,0.00017,0.00001,0.00004,0.00001,0.00000,0.00000,0.00000,0.00004
11.06000,1.02194,0.99972,0.00018,0.00001,0.00005,0.00001,0.00000,0.00000,0.00000,0.00004
11.20000,1.02194,0.99968,0.00020,0.00001,0.00005,0.00001,0.00000,0.00000,0.00000,0.00005
11.34000,1.02194,0.99967,0.00021,0.00001,0.00006,0.00001,0.00000,0.00000,0.00000,0.00005
11.48000,1.02194,0.99967,0.00021,0.00001,0.00006,0.00001,0.00000,0.00000,0.00000,0.00005
11.62000,1.02194,0.99968,0.00020,0.00001,0.00005,0.00001,0.00000,0.00000,0.00000,0.00005
11.76000,1.02194,0.99969,0.00019,0.00001,0.00005,0.00001,0.00000,0.00000,0.00000,0.00005
11.90000,1.02194,0.99966,0.00021,0.00001,0.00006,0.00001,0.00000,0.00000,0.00000,0.00005
12.04000,1.02194,0.99962,0.00024,0.00001,0.00007,0.00001,0.00000,0.00000,0.00000,0.00005
12.18000,1.02194,0.99957,0.00028,0.00001,0.00008,0.00001,0.00000,0.00000,0.00000,0.00005
12.32000,1.02194,0.99955,0.00029,0.00001,0.00008,0.00001,0.00000,0.00000,0.00000,0.00005
12.46000,1.02194,0.99951,0.00033,0.00002,0.00008,0.00001,0.00000,0.00000,0.00000,0.00005
12.60000,1.02194,0.99950,0.00034,0.00002,0.00008,0.00001,0.00000,0.00000,0.00000,0.00005
12.74000,1.02194,0.99946,0.00038,0.00002,0.00008,0.00001,0.00000,0.00000,0.00000,0.00005
12.88000,1.02194,0.99948,0.00037,0.00001,0.00008,0.00001,0.00000,0.00000,0.00000,0.00005
13.02000,1.02194,0.99943,0.00041,0.00002,0.00008,0.00001,0.00000,0.00000,0.00000,0.00005
13.16000,1.02194,0.99939,0.00044,0.00002,0.00009,0.00001,0.00000,0.00000,0.00000,0.00006
13.30000,1.02194,0.99925,0.00056,0.00002,0.00010,0.00001,0.00000,0.00000,0.00000,0.00006
13.44000,1.02194,0.99920,0.00060,0.00002,0.00011,0.00001,0.00000,0.00000,0.00000,0.00006
13.58000,1.02194,0.99907,0.00070,0.00002,0.00013,0.00001,0.00000,0.00000,0.00000,0.00007
13.72000,1.02194,0.99902,0.00075,0.00003,0.00013,0.00001,0.00000,0.00000,0.00000,0.00007
13.86000,1.02194,0.99910,0.00069,0.00002,0.00011,0.00001,0.00000,0.00000,0.00000,0.00007
14.00000,1.02194,0.99896,0.00080,0.00003,0.00013,0.00001,0.00000,0.00000,0.00000,0.00007
14.14000,1.02194,0.99895,0.00083,0.00002,0.00012,0.00001,0.00000,0.00000,0.00000,0.00007
14.28000,1.02194,0.99886,0.00089,0.00003,0.00014,0.00001,0.00000,0.00000,0.00000,0.00007
14.42000,1.02194,0.99879,0.00097,0.00003,0.00013,0.00001,0.00000,0.00000,0.00000,0.00007
14.56000,1.02194,0.99852,0.00122,0.00003,0.00014,0.00001,0.00000,0.00000,0.00000,0.00008
14.70000,1.02194,0.99844,0.00128,0.00003,0.00015,0.00001,0.00000,0.00000,0.00000,0.00008
14.84000,1.02194,0.99830,0.00140,0.00003,0.00017,0.00001,0.00000,0.00000,0.00000,0.00008
14.98000,1.02194,0.99814,0.00156,0.00004,0.00017,0.00001,0.00000,0.00000,0.00000,0.00008
15.12000,1.02194,0.99816,0.00156,0.00003,0.00015,0.00001,0.00000,0.00000,0.00000,0.00008
15.26000,1.02194,0.99825,0.00146,0.00003,0.00016,0.00001,0.00000,0.00000,0.00000,0.00008
15.40000,1.02194,0.99811,0.00157,0.00004,0.00019,0.00001,0.00000,0.00000,0.00000,0.00008
15.54000,1.02194,0.99803,0.00166,0.00004,0.00018,0.00001,0.00000,0.00000,0.00000,0.00008
15.68000,1.02194,0.99799,0.00169,0.00004,0.00018,0.00001,0.00000,0.00000,0.00000,0.00009
15.82000,1.02194,0.99756,0.00208,0.00004,0.00021,0.00001,0.00000,0.00000,0.00000,0.00009
15.96000,1.02194,0.99731,0.00230,0.00005,0.00023,0.00001,0.00000,0.00000,0.00000,0.00009
16.10000,1.02194,0.99708,0.00253,0.00005,0.00023,0.00001,0.00000,0.00000,0.00000,0.00009
16.24000,1.02194,0.99693,0.00272,0.00005,0.00020,0.00001,0.00000,0.00000,0.00000,0.00010
16.38000,1.02194,0.99653,0.00312,0.00005,0.00018,0.00001,0.00000,0.00000,0.00000,0.00010
16.52000,1.02194,0.99658,0.00304,0.00005,0.00022,0.00001,0.00000,0.00000,0.00000,0.00010
16.66000,1.02194,0.99666,0.00296,0.00005,0.00022,0.00001,0.00000,0.00000,0.00000,0.00010
16.80000,1.02194,0.99642,0.00323,0.00005,0.00019,0.00001,0.00000,0.00000,0.00000,0.00010
16.94000,1.02194,0.99617,0.00349,0.00005,0.00019,0.00001,0.00000,0.00000,0.00000,0.00010
17.08000,1.02194,0.99531,0.00432,0.00005,0.00019,0.00001,0.00000,0.00000,0.00000,0.00010
17.22000,1.02194,0.99383,0.00577,0.00006,0.00022,0.00001,0.00000,0.00000,0.00000,0.00011
17.36000,1.02194,0.99322,0.00628,0.00007,0.00030,0.00001,0.00000,0.00000,0.00000,0.00012
17.50000,1.02194,0.99109,0.00838,0.00008,0.00031,0.00001,0.00000,0.00000,0.00000,0.00013
17.64000,1.02194,0.98965,0.00981,0.00008,0.00032,0.00001,0.00000,0.00000,0.00000,0.00013
17.78000,1.02194,0.98848,0.01099,0.00008,0.00030,0.00001,0.00000,0.00000,0.00000,0.00014
17.92000,1.02194,0.98899,0.01046,0.00008,0.00032,0.00001,0.00000,0.00000,0.00000,0.00014
18.06000,1.02194,0.99037,0.00908,0.00008,0.00032,0.00001,0.00000,0.00000,0.00000,0.00014
18.20000,1.02194,0.99154,0.00787,0.00008,0.00035,0.00001,0.00000,0.00001,0.00000,0.00013
18.34000,1.02194,0.99042,0.00906,0.00008,0.00030,0.00001,0.00000,0.00000,0.00000,0.00013
18.48000,1.02194,0.99032,0.00922,0.00007,0.00025,0.00001,0.00000,0.00000,0.00000,0.00013
18.62000,1.02194,0.98752,0.01196,0.00008,0.00029,0.00001,0.00000,0.00000,0.00000,0.00013
18.76000,1.02194,0.98684,0.01258,0.00009,0.00034,0.00001,0.00000,0.00000,0.00000,0.00014
18.90000,1.02194,0.98518,0.01428,0.00009,0.00029,0.00001,0.00000,0.00000,0.00000,0.00015
19.04000,1.02194,0.98444,0.01500,0.00009,0.00031,0.00001,0.00000,0.00001,0.00000,0.00016
19.18000,1.02194,0.98125,0.01822,0.00008,0.00027,0.00001,0.00000,0.00001,0.00000,0.00016
19.32000,1.02194,0.98472,0.01478,0.00008,0.00026,0.00001,0.00000,0.00000,0.00000,0.00015
19.46000,1.02194,0.98517,0.01429,0.00009,0.00030,0.00001,0.00000,0.00001,0.00000,0.00015
19.60000,1.02194,0.98419,0.01530,0.00008,0.00027,0.00001,0.00000,0.00000,0.00000,0.00014
19.74000,1.02194,0.98154,0.01785,0.00010,0.00034,0.00001,0.00000,0.00001,0.00000,0.00016
19.88000,1.02194,0.98035,0.01893,0.00012,0.00042,0.00001,0.00000,0.00001,0.00000,0.00016
20.02000,1.02194,0.98220,0.01717,0.00010,0.00035,0.00001,0.00000,0.00001,0.00000,0.00016
20.16000,1.02194,0.97958,0.01964,0.00012,0.00047,0.00001,0.00000,0.00001,0.00000,0.00017
20.30000,1.02194,0.98042,0.01878,0.00013,0.00048,0.00001,0.00000,0.00001,0.00000,0.00017
20.44000,1.02194,0.98401,0.01514,0.00013,0.00054,0.00001,0.00000,0.00001,0.00000,0.00016
20.58000,1.02194,0.98599,0.01317,0.00013,0.00054,0.00001,0.00000,0.00001,0.00000,0.00015
20.72000,1.02194,0.98600,0.01331,0.00011,0.00041,0.00001,0.00000,0.00001,0.00000,0.00014
20.86000,1.02194,0.98649,0.01284,0.00011,0.00040,0.00001,0.00000,0.00001,0.00000,0.00014
21.00000,1.02194,0.98434,0.01496,0.00012,0.00043,0.00001,0.00000,0.00001,0.00000,0.00014
21.14000,1.02194,0.98242,0.01688,0.00012,0.00042,0.00001,0.00000,0.00001,0.00000,0.00015
21.28000,1.02194,0.98390,0.01547,0.00010,0.00035,0.00001,0.00000,0.00001,0.00000,0.00016
21.42000,1.02194,0.98020,0.01921,0.00010,0.00032,0.00001,0.00000,0.00001,0.00000,0.00016
21.56000,1.02194,0.97459,0.02471,0.00012,0.00039,0.00001,0.00000,0.00001,0.00000,0.00017
21.70000,1.02194,0.97360,0.02543,0.00016,0.00061,0.00001,0.00000,0.00001,0.00000,0.00018
21.84000,1.02194,0.97782,0.02016,0.00022,0.00154,0.00002,0.00000,0.00001,0.00000,0.00023
21.98000,1.02194,0.97853,0.01865,0.00032,0.00230,0.00002,0.00000,0.00001,0.00000,0.00018
22.12000,1.02194,0.98457,0.01230,0.00042,0.00251,0.00002,0.00000,0.00001,0.00000,0.00016
22.26000,1.02194,0.98262,0.01345,0.00054,0.00321,0.00002,0.00000,0.00001,0.00000,0.00014
22.40000,1.02194,0.98352,0.01242,0.00058,0.00331,0.00003,0.00000,0.00001,0.00000,0.00013
22.54000,1.02194,0.98720,0.00871,0.00052,0.00340,0.00003,0.00000,0.00001,0.00000,0.00013
22.68000,1.02194,0.97994,0.01257,0.00089,0.00642,0.00003,0.00000,0.00001,0.00000,0.00014
22.82000,1.02194,0.98455,0.01340,0.00029,0.00156,0.00002,0.00000,0.00001,0.00000,0.00017
22.96000,1.02194,0.98083,0.01774,0.00021,0.00101,0.00002,0.00000,0.00001,0.00000,0.00018
23.10000,1.02194,0.97905,0.01974,0.00019,0.00081,0.00002,0.00000,0.00001,0.00000,0.00017
23.24000,1.02194,0.97970,0.01919,0.00017,0.00074,0.00002,0.00000,0.00001,0.00000,0.00017
23.38000,1.02194,0.98164,0.01677,0.00022,0.00115,0.00002,0.00000,0.00001,0.00000,0.00019
23.52000,1.02194,0.98030,0.01774,0.00026,0.00148,0.00002,0.00000,0.00001,0.00000,0.00018
23.66000,1.02194,0.98260,0.01494,0.00031,0.00195,0.00002,0.00000,0.00001,0.00000,0.00018
23.80000,1.02194,0.98352,0.01380,0.00036,0.00213,0.00003,0.00000,0.00001,0.00000,0.00016
23.94000,1.02194,0.98573,0.01221,0.00030,0.00158,0.00002,0.00000,0.00001,0.00000,0.00015
24.08000,1.02194,0.98622,0.01189,0.00028,0.00144,0.00002,0.00000,0.00001,0.00000,0.00015
24.22000,1.02194,0.98529,0.01290,0.00027,0.00135,0.00002,0.00000,0.00001,0.00000,0.00015
24.36000,1.02194,0.98369,0.01519,0.00019,0.00076,0.00002,0.00000,0.00001,0.00000,0.00015
24.50000,1.02194,0.98094,0.01810,0.00016,0.00062,0.00002,0.00000,0.00001,0.00000,0.00017
24.64000,1.02194,0.97710,0.02216,0.00012,0.00042,0.00001,0.00000,0.00001,0.00000,0.00017
24.78000,1.02194,0.97816,0.02121,0.00011,0.00034,0.00001,0.00000,0.00001,0.00000,0.00017
24.92000,1.02194,0.97732,0.02203,0.00011,0.00035,0.00001,0.00000,0.00001,0.00000,0.00017
25.06000,1.02194,0.97549,0.02387,0.00011,0.00035,0.00001,0.00000,0.00001,0.00000,0.00017
25.20000,1.02194,0.97704,0.02232,0.00011,0.00034,0.00001,0.00000,0.00001,0.00000,0.00017
25.34000,1.02194,0.97793,0.02137,0.00012,0.00040,0.00001,0.00000,0.00001,0.00000,0.00017
25.48000,1.02194,0.97729,0.02209,0.00011,0.00034,0.00001,0.00000,0.00001,0.00000,0.00017
25.62000,1.02194,0.97965,0.01980,0.00009,0.00028,0.00001,0.00000,0.00001,0.00000,0.00017
25.76000,1.02194,0.98105,0.01840,0.00009,0.00029,0.00001,0.00000,0.00001,0.00000,0.00016
25.90000,1.02194,0.98415,0.01531,0.00009,0.00029,0.00001,0.00000,0.00001,0.00000,0.00015
26.04000,1.02194,0.98531,0.01414,0.00009,0.00030,0.00001,0.00000,0.00000,0.00000,0.00015
26.18000,1.02194,0.98416,0.01526,0.00010,0.00033,0.00001,0.00000,0.00000,0.00000,0.00014
26.32000,1.02194,0.98320,0.01620,0.00011,0.00033,0.00001,0.00000,0.00000,0.00000,0.00015
26.46000,1.02194,0.98257,0.01669,0.00012,0.00044,0.00001,0.00000,0.00001,0.00000,0.00016
26.60000,1.02194,0.98404,0.01531,0.00011,0.00036,0.00001,0.00000,0.00001,0.00000,0.00016
26.74000,1.02194,0.98330,0.01602,0.00011,0.00038,0.00001,0.00000,0.00001,0.00000,0.00017
26.88000,1.02194,0.98291,0.01639,0.00012,0.00040,0.00001,0.00000,0.00001,0.00000,0.00016
27.02000,1.02194,0.98154,0.01782,0.00011,0.00035,0.00001,0.00000,0.00001,0.00000,0.00016
27.16000,1.02194,0.97973,0.01957,0.00012,0.00041,0.00001,0.00000,0.00001,0.00000,0.00015
27.30000,1.02194,0.98129,0.01806,0.00010,0.00037,0.00001,0.00000,0.00001,0.00000,0.00016
27.44000,1.02194,0.98380,0.01547,0.00011,0.00044,0.00001,0.00000,0.00001,0.00000,0.00016
27.58000,1.02194,0.98167,0.01757,0.00013,0.00046,0.00001,0.00000,0.00001,0.00000,0.00016
27.72000,1.02194,0.98290,0.01637,0.00012,0.00044,0.00001,0.00000,0.00001,0.00000,0.00015
27.86000,1.02194,0.98571,0.01360,0.00011,0.00041,0.00001,0.00000,0.00001,0.00000,0.00015
28.00000,1.02194,0.98713,0.01226,0.00010,0.00035,0.00001,0.00000,0.00000,0.00000,0.00014
28.14000,1.02194,0.98599,0.01332,0.00012,0.00041,0.00001,0.00000,0.00001,0.00000,0.00014
28.28000,1.02194,0.98340,0.01590,0.00012,0.00042,0.00001,0.00000,0.00001,0.00000,0.00015
28.42000,1.02194,0.98064,0.01864,0.00012,0.00042,0.00001,0.00000,0.00001,0.00000,0.00016
28.56000,1.02194,0.98309,0.01619,0.00012,0.00042,0.00001,0.00000,0.00001,0.00000,0.00016
28.70000,1.02194,0.98305,0.01628,0.00012,0.00038,0.00001,0.00000,0.00001,0.00000,0.00015
28.84000,1.02194,0.98165,0.01760,0.00013,0.00044,0.00001,0.00000,0.00001,0.00000,0.00016
28.98000,1.02194,0.97869,0.02059,0.00013,0.00041,0.00001,0.00000,0.00001,0.00000,0.00016
29.12000,1.02194,0.98196,0.01728,0.00013,0.00046,0.00001,0.00000,0.00001,0.00000,0.00015
29.26000,1.02194,0.98357,0.01574,0.00011,0.00041,0.00001,0.00000,0.00001,0.00000,0.00016
29.40000,1.02194,0.97140,0.02772,0.00014,0.00055,0.00001,0.00000,0.00001,0.00000,0.00017
29.54000,1.02194,0.96052,0.03829,0.00021,0.00076,0.00002,0.00000,0.00001,0.00000,0.00019
29.68000,1.02194,0.95842,0.03998,0.00028,0.00109,0.00002,0.00000,0.00001,0.00000,0.00020
29.82000,1.02194,0.95955,0.03890,0.00028,0.00102,0.00002,0.00000,0.00001,0.00000,0.00022
29.96000,1.02194,0.95751,0.04087,0.00029,0.00106,0.00002,0.00000,0.00001,0.00000,0.00024
30.10000,1.02194,0.96457,0.03382,0.00029,0.00107,0.00002,0.00000,0.00001,0.00000,0.00022
30.24000,1.02194,0.97421,0.02461,0.00022,0.00075,0.00002,0.00000,0.00001,0.00000,0.00019
30.38000,1.02194,0.97460,0.02407,0.00024,0.00089,0.00002,0.00000,0.00001,0.00000,0.00018
30.52000,1.02194,0.97808,0.02103,0.00015,0.00055,0.00001,0.00000,0.00001,0.00000,0.00018
30.66000,1.02194,0.97840,0.02084,0.00013,0.00044,0.00001,0.00000,0.00001,0.00000,0.00017
30.80000,1.02194,0.97883,0.02046,0.00012,0.00040,0.00001,0.00000,0.00001,0.00000,0.00017
30.94000,1.02194,0.97525,0.02404,0.00012,0.00040,0.00001,0.00000,0.00001,0.00000,0.00017
31.08000,1.02194,0.97662,0.02271,0.00011,0.00037,0.00001,0.00000,0.00001,0.00000,0.00017
31.22000,1.02194,0.97892,0.02040,0.00011,0.00039,0.00001,0.00000,0.00001,0.00000,0.00017
31.36000,1.02194,0.98110,0.01827,0.00010,0.00035,0.00001,0.00000,0.00001,0.00000,0.00016
31.50000,1.02194,0.97708,0.02073,0.00029,0.00169,0.00002,0.00000,0.00001,0.00000,0.00019
31.64000,1.02194,0.99626,0.00308,0.00006,0.00047,0.00001,0.00000,0.00001,0.00000,0.00012
31.78000,1.02194,0.99663,0.00293,0.00005,0.00027,0.00001,0.00000,0.00000,0.00000,0.00011
31.92000,1.02194,0.99639,0.00302,0.00009,0.00039,0.00001,0.00000,0.00000,0.00000,0.00010
32.06000,1.02193,0.99494,0.00432,0.00011,0.00052,0.00001,0.00000,0.00000,0.00000,0.00009
32.20000,1.02194,0.99624,0.00256,0.00009,0.00097,0.00001,0.00000,0.00001,0.00000,0.00012
32.34000,1.02194,0.99636,0.00075,0.00009,0.00252,0.00001,0.00000,0.00002,0.00000,0.00026
32.48000,1.02194,0.99944,0.00017,0.00002,0.00021,0.00000,0.00000,0.00001,0.00000,0.00015
32.62000,1.02194,0.99966,0.00014,0.00001,0.00007,0.00000,0.00000,0.00001,0.00000,0.00011
32.76000,1.02194,0.99962,0.00014,0.00001,0.00013,0.00000,0.00000,0.00001,0.00000,0.00010
32.90000,1.02193,0.99966,0.00014,0.00001,0.00010,0.00000,0.00000,0.00001,0.00000,0.00009
33.04000,1.02194,0.99898,0.00030,0.00007,0.00057,0.00000,0.00000,0.00000,0.00000,0.00008
33.18000,1.02194,0.99775,0.00081,0.00024,0.00109,0.00002,0.00000,0.00000,0.00000,0.00008
33.32000,1.02194,0.98942,0.00917,0.00021,0.00102,0.00002,0.00000,0.00001,0.00000,0.00015
33.46000,1.02194,0.98155,0.01761,0.00013,0.00052,0.00001,0.00000,0.00001,0.00000,0.00017
33.60000,1.02194,0.96709,0.03118,0.00026,0.00125,0.00002,0.00000,0.00001,0.00000,0.00019
33.74000,1.02193,0.97665,0.02201,0.00021,0.00092,0.00002,0.00000,0.00001,0.00000,0.00019
33.88000,1.02194,0.97918,0.01968,0.00019,0.00075,0.00002,0.00000,0.00001,0.00000,0.00018
34.02000,1.02194,0.98176,0.01693,0.00021,0.00090,0.00002,0.00000,0.00001,0.00000,0.00017
34.16000,1.02194,0.98018,0.01863,0.00021,0.00079,0.00002,0.00000,0.00001,0.00000,0.00016
34.30000,1.02194,0.98126,0.01702,0.00027,0.00128,0.00002,0.00000,0.00001,0.00000,0.00015
34.44000,1.02194,0.98680,0.01220,0.00014,0.00067,0.00002,0.00000,0.00001,0.00000,0.00016
34.58000,1.02193,0.98571,0.01357,0.00012,0.00043,0.00001,0.00000,0.00001,0.00000,0.00015
34.72000,1.02193,0.98238,0.01684,0.00012,0.00048,0.00001,0.00000,0.00001,0.00000,0.00016
34.86000,1.02194,0.98237,0.01681,0.00012,0.00051,0.00001,0.00000,0.00001,0.00000,0.00017
35.00000,1.02194,0.98238,0.01698,0.00010,0.00037,0.00001,0.00000,0.00001,0.00000,0.00015
35.14000,1.02194,0.98624,0.01316,0.00010,0.00034,0.00001,0.00000,0.00000,0.00000,0.00014
35.28000,1.02194,0.98650,0.01298,0.00008,0.00028,0.00001,0.00000,0.00000,0.00000,0.00015
35.42000,1.02194,0.98883,0.01064,0.00008,0.00030,0.00001,0.00000,0.00000,0.00000,0.00014
35.56000,1.02193,0.98989,0.00956,0.00009,0.00032,0.00001,0.00000,0.00000,0.00000,0.00013
35.70000,1.02194,0.99077,0.00872,0.00008,0.00029,0.00001,0.00000,0.00000,0.00000,0.00013
35.84000,1.02194,0.99017,0.00937,0.00007,0.00025,0.00001,0.00000,0.00000,0.00000,0.00013
35.98000,1.02194,0.99088,0.00864,0.00007,0.00026,0.00001,0.00000,0.00000,0.00000,0.00013
36.12000,1.02194,0.98827,0.01098,0.00011,0.00048,0.00001,0.00000,0.00001,0.00000,0.00014
36.26000,1.02194,0.98691,0.01234,0.00012,0.00047,0.00001,0.00000,0.00001,0.00000,0.00014
36.40000,1.02193,0.98646,0.01287,0.00011,0.00040,0.00001,0.00000,0.00001,0.00000,0.00014
36.54000,1.02194,0.98622,0.01312,0.00011,0.00039,0.00001,0.00000,0.00001,0.00000,0.00014
36.68000,1.02194,0.98249,0.01677,0.00012,0.00045,0.00001,0.00000,0.00001,0.00000,0.00015
36.82000,1.02194,0.98395,0.01527,0.00013,0.00048,0.00001,0.00000,0.00001,0.00000,0.00015
36.96000,1.02194,0.98370,0.01565,0.00011,0.00037,0.00001,0.00000,0.00001,0.00000,0.00015
37.10000,1.02194,0.98119,0.01824,0.00009,0.00031,0.00001,0.00000,0.00001,0.00000,0.00016
37.24000,1.02193,0.97908,0.02030,0.00010,0.00034,0.00001,0.00000,0.00001,0.00000,0.00016
37.38000,1.02194,0.98061,0.01880,0.00010,0.00033,0.00001,0.00000,0.00001,0.00000,0.00015
37.52000,1.02194,0.98078,0.01871,0.00008,0.00025,0.00001,0.00000,0.00001,0.00000,0.00016
37.66000,1.02194,0.97970,0.01974,0.00009,0.00029,0.00001,0.00000,0.00001,0.00000,0.00016
37.80000,1.02194,0.97951,0.01991,0.00010,0.00031,0.00001,0.00000,0.00001,0.00000,0.00016
37.94000,1.02194,0.98058,0.01882,0.00010,0.00033,0.00001,0.00000,0.00001,0.00000,0.00016
38.08000,1.02193,0.97919,0.02026,0.00009,0.00029,0.00001,0.00000,0.00001,0.00000,0.00016
38.22000,1.02193,0.98056,0.01886,0.00009,0.00031,0.00001,0.00000,0.00001,0.00000,0.00016
38.36000,1.02194,0.98125,0.01817,0.00010,0.00031,0.00001,0.00000,0.00001,0.00000,0.00016
38.50000,1.02194,0.98226,0.01712,0.00010,0.00033,0.00001,0.00000,0.00001,0.00000,0.00016
38.64000,1.02194,0.98062,0.01875,0.00011,0.00034,0.00001,0.00000,0.00001,0.00000,0.00016
38.78000,1.02194,0.97876,0.02058,0.00012,0.00037,0.00001,0.00000,0.00001,0.00000,0.00015
38.92000,1.02194,0.98133,0.01802,0.00011,0.00037,0.00001,0.00000,0.00001,0.00000,0.00015
39.06000,1.02193,0.98166,0.01774,0.00010,0.00032,0.00001,0.00000,0.00001,0.00000,0.00016
39.20000,1.02194,0.98140,0.01795,0.00010,0.00036,0.00001,0.00000,0.00001,0.00000,0.00016
39.34000,1.02194,0.98131,0.01801,0.00011,0.00039,0.00001,0.00000,0.00001,0.00000,0.00016
39.48000,1.02194,0.98233,0.01706,0.00010,0.00034,0.00001,0.00000,0.00001,0.00000,0.00015
39.62000,1.02194,0.98259,0.01683,0.00010,0.00032,0.00001,0.00000,0.00001,0.00000,0.00016
39.76000,1.02194,0.98173,0.01767,0.00010,0.00033,0.00001,0.00000,0.00001,0.00000,0.00016
39.90000,1.02193,0.98214,0.01720,0.00011,0.00038,0.00001,0.00000,0.00001,0.00000,0.00016
40.04000,1.02194,0.98191,0.01731,0.00012,0.00048,0.00001,0.00000,0.00001,0.00000,0.00016
40.18000,1.02194,0.98090,0.01847,0.00011,0.00035,0.00001,0.00000,0.00001,0.00000,0.00015
40.32000,1.02194,0.98347,0.01589,0.00010,0.00036,0.00001,0.00000,0.00001,0.00000,0.00016
40.46000,1.02194,0.98639,0.01304,0.00009,0.00032,0.00001,0.00000,0.00001,0.00000,0.00015
40.60000,1.02194,0.98760,0.01189,0.00008,0.00028,0.00001,0.00000,0.00000,0.00000,0.00014
40.74000,1.02193,0.98843,0.01100,0.00009,0.00034,0.00001,0.00000,0.00000,0.00000,0.00013
40.88000,1.02194,0.98616,0.01328,0.00009,0.00031,0.00001,0.00000,0.00000,0.00000,0.00014
41.02000,1.02194,0.98588,0.01347,0.00010,0.00039,0.00001,0.00000,0.00001,0.00000,0.00014
41.16000,1.02194,0.98504,0.01420,0.00012,0.00046,0.00001,0.00000,0.00001,0.00000,0.00015
41.30000,1.02194,0.98357,0.01568,0.00012,0.00045,0.00001,0.00000,0.00001,0.00000,0.00016
41.44000,1.02194,0.98417,0.01511,0.00011,0.00042,0.00001,0.00000,0.00001,0.00000,0.00017
41.58000,1.02193,0.98386,0.01546,0.00011,0.00040,0.00001,0.00000,0.00001,0.00000,0.00015
41.72000,1.02193,0.98484,0.01453,0.00010,0.00037,0.00001,0.00000,0.00001,0.00000,0.00015
41.86000,1.02194,0.98574,0.01365,0.00010,0.00035,0.00001,0.00000,0.00001,0.00000,0.00014
42.00000,1.02194,0.98431,0.01513,0.00009,0.00031,0.00001,0.00000,0.00000,0.00000,0.00014
42.14000,1.02194,0.98347,0.01593,0.00009,0.00034,0.00001,0.00000,0.00001,0.00000,0.00016
42.28000,1.02194,0.97957,0.01988,0.00009,0.00029,0.00001,0.00000,0.00001,0.00000,0.00016
42.42000,1.02194,0.98195,0.01751,0.00009,0.00028,0.00001,0.00000,0.00001,0.00000,0.00016
42.56000,1.02193,0.98385,0.01560,0.00009,0.00030,0.00001,0.00000,0.00001,0.00000,0.00015
42.70000,1.02194,0.98582,0.01366,0.00008,0.00028,0.00001,0.00000,0.00000,0.00000,0.00014
42.84000,1.02194,0.98637,0.01306,0.00009,0.00032,0.00001,0.00000,0.00001,0.00000,0.00014
42.98000,1.02194,0.98686,0.01261,0.00009,0.00030,0.00001,0.00000,0.00000,0.00000,0.00014
43.12000,1.02194,0.98722,0.01230,0.00008,0.00025,0.00001,0.00000,0.00000,0.00000,0.00014
43.26000,1.02194,0.98818,0.01125,0.00009,0.00033,0.00001,0.00000,0.00001,0.00000,0.00014
43.40000,1.02193,0.98589,0.01359,0.00008,0.00028,0.00001,0.00000,0.00000,0.00000,0.00014
43.54000,1.02194,0.98561,0.01386,0.00008,0.00029,0.00001,0.00000,0.00001,0.00000,0.00014
43.68000,1.02194,0.98382,0.01566,0.00008,0.00027,0.00001,0.00000,0.00000,0.00000,0.00015
43.82000,1.02194,0.98264,0.01689,0.00008,0.00024,0.00001,0.00000,0.00000,0.00000,0.00014
43.96000,1.02194,0.98338,0.01617,0.00007,0.00022,0.00001,0.00000,0.00000,0.00000,0.00015
44.10000,1.02194,0.98127,0.01828,0.00007,0.00021,0.00001,0.00000,0.00000,0.00000,0.00015
44.24000,1.02193,0.97775,0.02181,0.00007,0.00020,0.00001,0.00000,0.00000,0.00000,0.00015
44.38000,1.02194,0.97548,0.02403,0.00008,0.00023,0.00001,0.00000,0.00000,0.00000,0.00016
44.52000,1.02194,0.97303,0.02645,0.00009,0.00026,0.00001,0.00000,0.00000,0.00000,0.00016
44.66000,1.02194,0.97204,0.02744,0.00009,0.00025,0.00001,0.00000,0.00001,0.00000,0.00017
44.80000,1.02194,0.96575,0.03352,0.00013,0.00040,0.00001,0.00000,0.00001,0.00000,0.00019
44.94000,1.02194,0.96280,0.03650,0.00013,0.00036,0.00001,0.00000,0.00001,0.00000,0.00019
45.08000,1.02193,0.96591,0.03325,0.00015,0.00047,0.00001,0.00000,0.00001,0.00000,0.00020
45.22000,1.02193,0.96786,0.03123,0.00016,0.00054,0.00001,0.00000,0.00001,0.00000,0.00019
45.36000,1.02194,0.96664,0.03256,0.00014,0.00045,0.00001,0.00000,0.00001,0.00000,0.00019
45.50000,1.02194,0.97402,0.02517,0.00014,0.00048,0.00001,0.00000,0.00001,0.00000,0.00018
45.64000,1.02194,0.97805,0.02133,0.00010,0.00033,0.00001,0.00000,0.00001,0.00000,0.00017
45.78000,1.02194,0.98225,0.01716,0.00009,0.00032,0.00001,0.00000,0.00001,0.00000,0.00016
45.92000,1.02194,0.98340,0.01598,0.00010,0.00035,0.00001,0.00000,0.00001,0.00000,0.00015
46.06000,1.02193,0.98448,0.01498,0.00009,0.00029,0.00001,0.00000,0.00001,0.00000,0.00015
46.20000,1.02194,0.98556,0.01381,0.00010,0.00036,0.00001,0.00000,0.00001,0.00000,0.00015
46.34000,1.02194,0.98411,0.01528,0.00010,0.00035,0.00001,0.00000,0.00001,0.00000,0.00015
46.48000,1.02194,0.98557,0.01382,0.00010,0.00034,0.00001,0.00000,0.00001,0.00000,0.00015
46.62000,1.02194,0.98559,0.01368,0.00011,0.00044,0.00001,0.00000,0.00001,0.00000,0.00016
46.76000,1.02194,0.98585,0.01340,0.00012,0.00046,0.00001,0.00000,0.00001,0.00000,0.00015
46.90000,1.02193,0.98569,0.01354,0.00013,0.00048,0.00001,0.00000,0.00001,0.00000,0.00014
47.04000,1.02194,0.98365,0.01556,0.00013,0.00049,0.00001,0.00000,0.00001,0.00000,0.00015
47.18000,1.02194,0.98178,0.01740,0.00014,0.00050,0.00001,0.00000,0.00001,0.00000,0.00016
47.32000,1.02194,0.97818,0.02080,0.00017,0.00066,0.00001,0.00000,0.00001,0.00000,0.00017
47.46000,1.02194,0.97670,0.02241,0.00015,0.00055,0.00001,0.00000,0.00001,0.00000,0.00018
47.60000,1.02194,0.97599,0.02325,0.00012,0.00044,0.00001,0.00000,0.00001,0.00000,0.00018
47.74000,1.02193,0.97604,0.02331,0.00011,0.00036,0.00001,0.00000,0.00001,0.00000,0.00017
47.88000,1.02194,0.97970,0.01968,0.00010,0.00034,0.00001,0.00000,0.00001,0.00000,0.00016
48.02000,1.02194,0.98244,0.01691,0.00010,0.00036,0.00001,0.00000,0.00001,0.00000,0.00016
48.16000,1.02194,0.98331,0.01610,0.00009,0.00032,0.00001,0.00000,0.00001,0.00000,0.00016
48.30000,1.02194,0.98267,0.01666,0.00011,0.00039,0.00001,0.00000,0.00001,0.00000,0.00015
48.44000,1.02194,0.98223,0.01708,0.00011,0.00041,0.00001,0.00000,0.00001,0.00000,0.00015
48.58000,1.02193,0.98181,0.01738,0.00013,0.00051,0.00001,0.00000,0.00001,0.00000,0.00016
48.72000,1.02193,0.97816,0.02110,0.00013,0.00043,0.00001,0.00000,0.00001,0.00000,0.00016
48.86000,1.02194,0.97368,0.02546,0.00014,0.00052,0.00001,0.00000,0.00001,0.00000,0.00017
49.00000,1.02194,0.96713,0.03191,0.00016,0.00060,0.00001,0.00000,0.00001,0.00000,0.00018
49.14000,1.02194,0.96796,0.03115,0.00014,0.00053,0.00001,0.00000,0.00001,0.00000,0.00019
49.28000,1.02194,0.97269,0.02644,0.00014,0.00053,0.00001,0.00000,0.00001,0.00000,0.00019
49.42000,1.02194,0.97354,0.02567,0.00014,0.00046,0.00001,0.00000,0.00001,0.00000,0.00018
49.56000,1.02193,0.97596,0.02324,0.00013,0.00048,0.00001,0.00000,0.00001,0.00000,0.00018
49.70000,1.02194,0.97966,0.01939,0.00015,0.00062,0.00001,0.00000,0.00001,0.00000,0.00016
49.84000,1.02194,0.98439,0.01487,0.00012,0.00045,0.00001,0.00000,0.00001,0.00000,0.00015
49.98000,1.02194,0.98579,0.01346,0.00011,0.00046,0.00001,0.00000,0.00001,0.00000,0.00015
50.12000,1.02194,0.98693,0.01241,0.00011,0.00038,0.00001,0.00000,0.00001,0.00000,0.00015
50.26000,1.02194,0.98689,0.01255,0.00009,0.00031,0.00001,0.00000,0.00000,0.00000,0.00014
50.40000,1.02193,0.98871,0.01075,0.00009,0.00030,0.00001,0.00000,0.00000,0.00000,0.00013
50.54000,1.02194,0.98793,0.01164,0.00007,0.00022,0.00001,0.00000,0.00000,0.00000,0.00013
50.68000,1.02194,0.98755,0.01199,0.00007,0.00024,0.00001,0.00000,0.00000,0.00000,0.00014
50.82000,1.02194,0.98634,0.01317,0.00007,0.00026,0.00001,0.00000,0.00001,0.00000,0.00015
50.96000,1.02194,0.98405,0.01538,0.00009,0.00031,0.00001,0.00000,0.00001,0.00000,0.00015
51.10000,1.02194,0.98452,0.01491,0.00009,0.00031,0.00001,0.00000,0.00000,0.00000,0.00015
51.24000,1.02193,0.98510,0.01426,0.00010,0.00037,0.00001,0.00000,0.00001,0.00000,0.00015
51.38000,1.02194,0.98691,0.01246,0.00010,0.00037,0.00001,0.00000,0.00001,0.00000,0.00014
51.52000,1.02194,0.98894,0.01047,0.00009,0.00035,0.00001,0.00000,0.00001,0.00000,0.00014
51.66000,1.02194,0.98587,0.01342,0.00012,0.00043,0.00001,0.00000,0.00001,0.00000,0.00014
51.80000,1.02194,0.98513,0.01429,0.00010,0.00033,0.00001,0.00000,0.00001,0.00000,0.00014
51.94000,1.02194,0.98544,0.01398,0.00009,0.00032,0.00001,0.00000,0.00001,0.00000,0.00015
52.08000,1.02193,0.98646,0.01291,0.00010,0.00036,0.00001,0.00000,0.00001,0.00000,0.00015
52.22000,1.02193,0.98560,0.01375,0.00010,0.00038,0.00001,0.00000,0.00001,0.00000,0.00015
52.36000,1.02194,0.98582,0.01351,0.00011,0.00040,0.00001,0.00000,0.00001,0.00000,0.00015
52.50000,1.02194,0.98779,0.01166,0.00009,0.00031,0.00001,0.00000,0.00000,0.00000,0.00013
52.64000,1.02194,0.98941,0.01007,0.00008,0.00028,0.00001,0.00000,0.00000,0.00000,0.00013
52.78000,1.02194,0.98905,0.01041,0.00009,0.00030,0.00001,0.00000,0.00000,0.00000,0.00013
52.92000,1.02194,0.98647,0.01306,0.00008,0.00024,0.00001,0.00000,0.00000,0.00000,0.00013
53.06000,1.02193,0.98447,0.01505,0.00008,0.00025,0.00001,0.00000,0.00000,0.00000,0.00014
53.20000,1.02194,0.98161,0.01792,0.00007,0.00023,0.00001,0.00000,0.00000,0.00000,0.00015
53.34000,1.02194,0.97540,0.02406,0.00009,0.00028,0.00001,0.00000,0.00001,0.00000,0.00016
53.48000,1.02194,0.97638,0.02299,0.00010,0.00033,0.00001,0.00000,0.00001,0.00000,0.00017
53.62000,1.02194,0.97006,0.02930,0.00011,0.00033,0.00001,0.00000,0.00001,0.00000,0.00017
53.76000,1.02194,0.96983,0.02952,0.00011,0.00034,0.00001,0.00000,0.00001,0.00000,0.00017
53.90000,1.02193,0.97179,0.02751,0.00012,0.00038,0.00001,0.00000,0.00001,0.00000,0.00018
54.04000,1.02194,0.97246,0.02684,0.00013,0.00038,0.00001,0.00000,0.00001,0.00000,0.00017
54.18000,1.02194,0.97481,0.02458,0.00010,0.00032,0.00001,0.00000,0.00001,0.00000,0.00017
54.32000,1.02194,0.97588,0.02346,0.00011,0.00036,0.00001,0.00000,0.00001,0.00000,0.00018
54.46000,1.02194,0.97664,0.02279,0.00010,0.00029,0.00001,0.00000,0.00001,0.00000,0.00017
54.60000,1.02194,0.97388,0.02532,0.00014,0.00048,0.00001,0.00000,0.00001,0.00000,0.00017
54.74000,1.02193,0.97728,0.02193,0.00014,0.00046,0.00001,0.00000,0.00001,0.00000,0.00017
54.88000,1.02194,0.97891,0.02040,0.00012,0.00039,0.00001,0.00000,0.00001,0.00000,0.00017
55.02000,1.02194,0.97952,0.01974,0.00012,0.00043,0.00001,0.00000,0.00001,0.00000,0.00016
55.16000,1.02194,0.97975,0.01960,0.00011,0.00036,0.00001,0.00000,0.00001,0.00000,0.00016
55.30000,1.02194,0.97921,0.02006,0.00012,0.00043,0.00001,0.00000,0.00001,0.00000,0.00015
55.44000,1.02194,0.98492,0.01455,0.00008,0.00028,0.00001,0.00000,0.00001,0.00000,0.00015
55.58000,1.02193,0.98326,0.01618,0.00009,0.00029,0.00001,0.00000,0.00001,0.00000,0.00015
55.72000,1.02193,0.98029,0.01895,0.00012,0.00045,0.00001,0.00000,0.00001,0.00000,0.00015
55.86000,1.02194,0.97843,0.02075,0.00014,0.00050,0.00001,0.00000,0.00001,0.00000,0.00017
56.00000,1.02194,0.97887,0.02028,0.00014,0.00052,0.00001,0.00000,0.00001,0.00000,0.00016
56.14000,1.02194,0.98180,0.01748,0.00012,0.00042,0.00001,0.00000,0.00001,0.00000,0.00017
56.28000,1.02194,0.97935,0.01984,0.00014,0.00049,0.00001,0.00000,0.00001,0.00000,0.00017
56.42000,1.02194,0.97741,0.02171,0.00015,0.00054,0.00001,0.00000,0.00001,0.00000,0.00016
56.56000,1.02193,0.97796,0.02128,0.00012,0.00046,0.00001,0.00000,0.00001,0.00000,0.00016
56.70000,1.02194,0.98053,0.01872,0.00012,0.00043,0.00001,0.00000,0.00001,0.00000,0.00017
56.84000,1.02194,0.97630,0.02290,0.00013,0.00047,0.00001,0.00000,0.00001,0.00000,0.00017
56.98000,1.02194,0.97449,0.02466,0.00014,0.00051,0.00001,0.00000,0.00001,0.00000,0.00017
57.12000,1.02194,0.97671,0.02250,0.00013,0.00046,0.00001,0.00000,0.00001,0.00000,0.00017
57.26000,1.02194,0.97454,0.02462,0.00013,0.00052,0.00001,0.00000,0.00001,0.00000,0.00017
57.40000,1.02193,0.97378,0.02537,0.00014,0.00051,0.00001,0.00000,0.00001,0.00000,0.00018
57.54000,1.02194,0.96957,0.02945,0.00017,0.00060,0.00001,0.00000,0.00001,0.00000,0.00018
57.68000,1.02194,0.97366,0.02553,0.00013,0.00048,0.00001,0.00000,0.00001,0.00000,0.00019
57.82000,1.02194,0.97290,0.02630,0.00013,0.00046,0.00001,0.00000,0.00001,0.00000,0.00018
57.96000,1.02194,0.97457,0.02454,0.00015,0.00055,0.00001,0.00000,0.00001,0.00000,0.00018
58.10000,1.02194,0.97843,0.02072,0.00014,0.00052,0.00001,0.00000,0.00001,0.00000,0.00017
58.24000,1.02193,0.98000,0.01924,0.00013,0.00045,0.00001,0.00000,0.00001,0.00000,0.00016
58.38000,1.02194,0.98168,0.01764,0.00011,0.00039,0.00001,0.00000,0.00001,0.00000,0.00016
58.52000,1.02194,0.98217,0.01709,0.00013,0.00044,0.00001,0.00000,0.00001,0.00000,0.00016
58.66000,1.02194,0.97973,0.01950,0.00013,0.00045,0.00001,0.00000,0.00001,0.00000,0.00016
58.80000,1.02194,0.98160,0.01764,0.00013,0.00045,0.00001,0.00000,0.00001,0.00000,0.00016
58.94000,1.02194,0.97822,0.02099,0.00014,0.00048,0.00001,0.00000,0.00001,0.00000,0.00017
59.08000,1.02193,0.97994,0.01934,0.00012,0.00042,0.00001,0.00000,0.00001,0.00000,0.00017
59.22000,1.02193,0.97840,0.02080,0.00014,0.00047,0.00001,0.00000,0.00001,0.00000,0.00017
59.36000,1.02194,0.98063,0.01863,0.00013,0.00043,0.00001,0.00000,0.00001,0.00000,0.00016
59.50000,1.02194,0.98090,0.01837,0.00012,0.00043,0.00001,0.00000,0.00001,0.00000,0.00016
59.64000,1.02194,0.98066,0.01865,0.00011,0.00039,0.00001,0.00000,0.00001,0.00000,0.00016
59.78000,1.02194,0.98069,0.01876,0.00009,0.00029,0.00001,0.00000,0.00001,0.00000,0.00015
59.92000,1.02194,0.98162,0.01780,0.00009,0.00031,0.00001,0.00000,0.00001,0.00000,0.00016
60.06000,1.02193,0.98362,0.01583,0.00009,0.00028,0.00001,0.00000,0.00001,0.00000,0.00016
60.20000,1.02194,0.98373,0.01569,0.00010,0.00032,0.00001,0.00000,0.00000,0.00000,0.00015
60.34000,1.02194,0.98340,0.01603,0.00009,0.00032,0.00001,0.00000,0.00000,0.00000,0.00014
60.48000,1.02194,0.98390,0.01560,0.00008,0.00026,0.00001,0.00000,0.00000,0.00000,0.00014
60.62000,1.02194,0.98370,0.01572,0.00009,0.00032,0.00001,0.00000,0.00001,0.00000,0.00015
60.76000,1.02194,0.98386,0.01555,0.00009,0.00032,0.00001,0.00000,0.00001,0.00000,0.00015
60.90000,1.02193,0.98078,0.01866,0.00009,0.00030,0.00001,0.00000,0.00001,0.00000,0.00016
61.04000,1.02194,0.98203,0.01745,0.00008,0.00027,0.00001,0.00000,0.00001,0.00000,0.00015
61.18000,1.02194,0.98343,0.01605,0.00008,0.00027,0.00001,0.00000,0.00000,0.00000,0.00015
61.32000,1.02194,0.98327,0.01622,0.00008,0.00027,0.00001,0.00000,0.00000,0.00000,0.00014
61.46000,1.02194,0.98508,0.01447,0.00007,0.00022,0.00001,0.00000,0.00000,0.00000,0.00015
61.60000,1.02194,0.98139,0.01816,0.00008,0.00021,0.00001,0.00000,0.00000,0.00000,0.00015
61.74000,1.02193,0.98090,0.01860,0.00008,0.00025,0.00001,0.00000,0.00000,0.00000,0.00015
61.88000,1.02194,0.98020,0.01931,0.00008,0.00024,0.00001,0.00000,0.00000,0.00000,0.00016
62.02000,1.02194,0.97930,0.02015,0.00009,0.00029,0.00001,0.00000,0.00001,0.00000,0.00016
62.16000,1.02194,0.97814,0.02137,0.00008,0.00024,0.00001,0.00000,0.00001,0.00000,0.00016
62.30000,1.02194,0.97611,0.02326,0.00011,0.00034,0.00001,0.00000,0.00001,0.00000,0.00017
62.44000,1.02194,0.97638,0.02288,0.00012,0.00043,0.00001,0.00000,0.00001,0.00000,0.00017
62.58000,1.02193,0.97667,0.02252,0.00013,0.00049,0.00001,0.00000,0.00001,0.00000,0.00018
62.72000,1.02193,0.97469,0.02444,0.00015,0.00053,0.00001,0.00000,0.00001,0.00000,0.00018
62.86000,1.02194,0.97709,0.02217,0.00013,0.00043,0.00001,0.00000,0.00001,0.00000,0.00017
63.00000,1.02193,0.97764,0.02144,0.00015,0.00057,0.00001,0.00000,0.00001,0.00000,0.00018
63.14000,1.02193,0.97764,0.02149,0.00015,0.00053,0.00001,0.00000,0.00001,0.00000,0.00017
63.28000,1.02194,0.98213,0.01695,0.00015,0.00059,0.00001,0.00000,0.00001,0.00000,0.00016
63.42000,1.02194,0.98380,0.01505,0.00017,0.00079,0.00002,0.00000,0.00001,0.00000,0.00016
63.56000,1.02194,0.98378,0.01533,0.00014,0.00058,0.00001,0.00000,0.00001,0.00000,0.00015
63.70000,1.02194,0.98700,0.01219,0.00013,0.00051,0.00001,0.00000,0.00001,0.00000,0.00015
63.84000,1.02194,0.98661,0.01259,0.00013,0.00051,0.00001,0.00000,0.00001,0.00000,0.00014
63.98000,1.02194,0.98724,0.01214,0.00010,0.00036,0.00001,0.00000,0.00001,0.00000,0.00014
64.12000,1.02193,0.98681,0.01251,0.00010,0.00042,0.00001,0.00000,0.00001,0.00000,0.00014
64.26000,1.02193,0.98615,0.01323,0.00010,0.00037,0.00001,0.00000,0.00001,0.00000,0.00014
64.40000,1.02193,0.98659,0.01298,0.00007,0.00021,0.00001,0.00000,0.00000,0.00000,0.00014
64.54000,1.02193,0.98424,0.01524,0.00008,0.00027,0.00001,0.00000,0.00000,0.00000,0.00015
64.68000,1.02193,0.97905,0.02036,0.00010,0.00032,0.00001,0.00000,0.00001,0.00000,0.00016
64.82000,1.02193,0.97920,0.02020,0.00010,0.00033,0.00001,0.00000,0.00001,0.00000,0.00015
64.96000,1.02194,0.97744,0.02193,0.00011,0.00034,0.00001,0.00000,0.00001,0.00000,0.00016
65.10000,1.02194,0.97381,0.02563,0.00009,0.00027,0.00001,0.00000,0.00001,0.00000,0.00017
65.24000,1.02194,0.96978,0.02961,0.00011,0.00031,0.00001,0.00000,0.00001,0.00000,0.00018
65.38000,1.02194,0.97545,0.02398,0.00010,0.00029,0.00001,0.00000,0.00001,0.00000,0.00017
65.52000,1.02194,0.97858,0.02083,0.00009,0.00031,0.00001,0.00000,0.00001,0.00000,0.00017
65.66000,1.02193,0.98080,0.01868,0.00008,0.00026,0.00001,0.00000,0.00001,0.00000,0.00016
65.80000,1.02193,0.98318,0.01636,0.00008,0.00023,0.00001,0.00000,0.00000,0.00000,0.00015
65.94000,1.02193,0.98587,0.01366,0.00007,0.00023,0.00001,0.00000,0.00000,0.00000,0.00014
66.08000,1.02193,0.98757,0.01198,0.00007,0.00023,0.00001,0.00000,0.00000,0.00000,0.00014
66.22000,1.02193,0.98866,0.01084,0.00008,0.00028,0.00001,0.00000,0.00000,0.00000,0.00013
66.36000,1.02193,0.98743,0.01205,0.00008,0.00029,0.00001,0.00000,0.00000,0.00000,0.00014
66.50000,1.02193,0.98694,0.01261,0.00007,0.00023,0.00001,0.00000,0.00000,0.00000,0.00014
66.64000,1.02193,0.98779,0.01175,0.00007,0.00024,0.00001,0.00000,0.00000,0.00000,0.00014
66.78000,1.02194,0.98871,0.01083,0.00007,0.00024,0.00001,0.00000,0.00000,0.00000,0.00013
66.92000,1.02194,0.98681,0.01269,0.00008,0.00027,0.00001,0.00000,0.00000,0.00000,0.00014
67.06000,1.02194,0.98430,0.01520,0.00008,0.00027,0.00001,0.00000,0.00000,0.00000,0.00014
67.20000,1.02194,0.98680,0.01275,0.00007,0.00023,0.00001,0.00000,0.00000,0.00000,0.00014
67.34000,1.02194,0.98484,0.01468,0.00007,0.00025,0.00001,0.00000,0.00000,0.00000,0.00014
67.48000,1.02193,0.98495,0.01456,0.00007,0.00025,0.00001,0.00000,0.00001,0.00000,0.00015
67.62000,1.02193,0.98429,0.01518,0.00008,0.00029,0.00001,0.00000,0.00001,0.00000,0.00015
67.76000,1.02193,0.98524,0.01430,0.00007,0.00023,0.00001,0.00000,0.00000,0.00000,0.00014
67.90000,1.02193,0.98503,0.01449,0.00007,0.00025,0.00001,0.00000,0.00000,0.00000,0.00014
68.04000,1.02193,0.98748,0.01207,0.00007,0.00023,0.00001,0.00000,0.00000,0.00000,0.00013
68.18000,1.02193,0.98868,0.01095,0.00005,0.00017,0.00001,0.00000,0.00000,0.00000,0.00013
68.32000,1.02193,0.98786,0.01172,0.00006,0.00021,0.00001,0.00000,0.00000,0.00000,0.00014
68.46000,1.02194,0.98611,0.01344,0.00006,0.00024,0.00001,0.00000,0.00000,0.00000,0.00014
68.60000,1.02194,0.98638,0.01315,0.00007,0.00025,0.00001,0.00000,0.00000,0.00000,0.00014
68.74000,1.02194,0.98607,0.01351,0.00007,0.00021,0.00001,0.00000,0.00000,0.00000,0.00014
68.88000,1.02194,0.98393,0.01562,0.00007,0.00022,0.00001,0.00000,0.00000,0.00000,0.00015
69.02000,1.02194,0.98333,0.01614,0.00008,0.00028,0.00001,0.00000,0.00001,0.00000,0.00015
69.16000,1.02193,0.98403,0.01535,0.00010,0.00036,0.00001,0.00000,0.00001,0.00000,0.00015
69.30000,1.02193,0.98489,0.01455,0.00009,0.00031,0.00001,0.00000,0.00001,0.00000,0.00015
69.44000,1.02193,0.98252,0.01692,0.00009,0.00030,0.00001,0.00000,0.00001,0.00000,0.00015
69.58000,1.02193,0.98438,0.01503,0.00009,0.00034,0.00001,0.00000,0.00001,0.00000,0.00015
69.72000,1.02193,0.98706,0.01233,0.00009,0.00035,0.00001,0.00000,0.00001,0.00000,0.00015
69.86000,1.02193,0.98778,0.01158,0.00009,0.00038,0.00001,0.00000,0.00001,0.00000,0.00015
70.00000,1.02193,0.98891,0.01049,0.00009,0.00036,0.00001,0.00000,0.00001,0.00000,0.00014
70.14000,1.02193,0.98960,0.00983,0.00009,0.00033,0.00001,0.00000,0.00001,0.00000,0.00014
70.28000,1.02194,0.98800,0.01134,0.00010,0.00040,0.00001,0.00000,0.00001,0.00000,0.00014
70.42000,1.02194,0.98760,0.01171,0.00011,0.00042,0.00001,0.00000,0.00001,0.00000,0.00014
70.56000,1.02194,0.98770,0.01167,0.00010,0.00037,0.00001,0.00000,0.00001,0.00000,0.00014
70.70000,1.02194,0.98858,0.01083,0.00009,0.00034,0.00001,0.00000,0.00001,0.00000,0.00014
70.84000,1.02194,0.98668,0.01279,0.00008,0.00029,0.00001,0.00000,0.00000,0.00000,0.00014
70.98000,1.02193,0.98463,0.01486,0.00008,0.00027,0.00001,0.00000,0.00000,0.00000,0.00014
71.12000,1.02193,0.98543,0.01410,0.00008,0.00024,0.00001,0.00000,0.00000,0.00000,0.00014
71.26000,1.02193,0.98482,0.01468,0.00008,0.00026,0.00001,0.00000,0.00000,0.00000,0.00015
71.40000,1.02193,0.98312,0.01638,0.00008,0.00026,0.00001,0.00000,0.00000,0.00000,0.00015
71.54000,1.02193,0.97675,0.02269,0.00010,0.00029,0.00001,0.00000,0.00001,0.00000,0.00016
71.68000,1.02193,0.97483,0.02460,0.00010,0.00030,0.00001,0.00000,0.00001,0.00000,0.00016
71.82000,1.02193,0.97803,0.02138,0.00010,0.00031,0.00001,0.00000,0.00001,0.00000,0.00017
71.96000,1.02194,0.97933,0.02006,0.00010,0.00033,0.00001,0.00000,0.00001,0.00000,0.00016
72.10000,1.02194,0.98068,0.01870,0.00010,0.00034,0.00001,0.00000,0.00001,0.00000,0.00016
72.24000,1.02194,0.98003,0.01936,0.00010,0.00034,0.00001,0.00000,0.00001,0.00000,0.00016
72.38000,1.02194,0.98131,0.01824,0.00007,0.00022,0.00001,0.00000,0.00000,0.00000,0.00014
72.52000,1.02194,0.98231,0.01722,0.00007,0.00024,0.00001,0.00000,0.00000,0.00000,0.00015
72.66000,1.02193,0.98136,0.01813,0.00008,0.00026,0.00001,0.00000,0.00000,0.00000,0.00015
72.80000,1.02193,0.98053,0.01897,0.00008,0.00025,0.00001,0.00000,0.00000,0.00000,0.00014
72.94000,1.02193,0.97941,0.02001,0.00010,0.00031,0.00001,0.00000,0.00001,0.00000,0.00016
73.08000,1.02193,0.97152,0.02791,0.00010,0.00029,0.00001,0.00000,0.00001,0.00000,0.00016
73.22000,1.02193,0.97047,0.02887,0.00011,0.00035,0.00001,0.00000,0.00001,0.00000,0.00018
73.36000,1.02193,0.97142,0.02781,0.00013,0.00044,0.00001,0.00000,0.00001,0.00000,0.00018
73.50000,1.02193,0.96751,0.03170,0.00014,0.00044,0.00001,0.00000,0.00001,0.00000,0.00019
73.64000,1.02193,0.96698,0.03203,0.00016,0.00061,0.00001,0.00000,0.00001,0.00000,0.00020
73.78000,1.02194,0.96983,0.02909,0.00018,0.00068,0.00001,0.00000,0.00001,0.00000,0.00020
73.92000,1.02194,0.97074,0.02817,0.00018,0.00069,0.00002,0.00000,0.00001,0.00000,0.00019
74.06000,1.02194,0.96311,0.03547,0.00025,0.00096,0.00002,0.00000,0.00001,0.00000,0.00018
74.20000,1.02194,0.95318,0.04535,0.00025,0.00099,0.00002,0.00000,0.00001,0.00000,0.00021
74.34000,1.02194,0.94275,0.05548,0.00029,0.00123,0.00002,0.00000,0.00001,0.00000,0.00022
74.48000,1.02193,0.96558,0.03161,0.00028,0.00219,0.00002,0.00000,0.00001,0.00000,0.00031
74.62000,1.02193,0.95812,0.03838,0.00046,0.00281,0.00002,0.00000,0.00001,0.00000,0.00021
74.76000,1.02193,0.97480,0.02165,0.00043,0.00285,0.00002,0.00000,0.00001,0.00000,0.00023
74.90000,1.02193,0.97002,0.02585,0.00059,0.00330,0.00003,0.00000,0.00001,0.00000,0.00020
75.04000,1.02193,0.97448,0.02096,0.00074,0.00359,0.00003,0.00000,0.00001,0.00000,0.00019
75.18000,1.02193,0.97085,0.02258,0.00087,0.00545,0.00003,0.00000,0.00001,0.00000,0.00021
75.32000,1.02193,0.93929,0.03879,0.00222,0.01938,0.00004,0.00000,0.00001,0.00001,0.00025
75.46000,1.02194,0.94796,0.04701,0.00067,0.00399,0.00004,0.00000,0.00001,0.00000,0.00031
75.60000,1.02194,0.94427,0.05059,0.00076,0.00406,0.00004,0.00000,0.00001,0.00000,0.00027
75.74000,1.02194,0.96095,0.03648,0.00036,0.00191,0.00003,0.00000,0.00001,0.00000,0.00026
75.88000,1.02194,0.96593,0.03166,0.00037,0.00180,0.00002,0.00000,0.00001,0.00000,0.00021
76.02000,1.02194,0.97519,0.02306,0.00026,0.00127,0.00002,0.00000,0.00001,0.00000,0.00019
76.16000,1.02193,0.97876,0.02033,0.00015,0.00057,0.00002,0.00000,0.00001,0.00000,0.00017
76.30000,1.02193,0.97796,0.02127,0.00013,0.00046,0.00001,0.00000,0.00001,0.00000,0.00016
76.44000,1.02193,0.97792,0.02138,0.00011,0.00040,0.00001,0.00000,0.00001,0.00000,0.00017
76.58000,1.02193,0.97674,0.02254,0.00012,0.00040,0.00001,0.00000,0.00001,0.00000,0.00018
76.72000,1.02193,0.97985,0.01957,0.00009,0.00030,0.00001,0.00000,0.00001,0.00000,0.00016
76.86000,1.02193,0.98258,0.01691,0.00008,0.00025,0.00001,0.00000,0.00000,0.00000,0.00016
77.00000,1.02193,0.98673,0.01281,0.00007,0.00023,0.00001,0.00000,0.00000,0.00000,0.00015
77.14000,1.02193,0.98566,0.01389,0.00007,0.00022,0.00001,0.00000,0.00000,0.00000,0.00014
77.28000,1.02194,0.98609,0.01345,0.00007,0.00024,0.00001,0.00000,0.00000,0.00000,0.00014
77.42000,1.02194,0.98710,0.01250,0.00006,0.00019,0.00001,0.00000,0.00000,0.00000,0.00014
77.56000,1.02194,0.98927,0.01039,0.00005,0.00015,0.00001,0.00000,0.00000,0.00000,0.00013
77.70000,1.02194,0.98701,0.01260,0.00006,0.00017,0.00001,0.00000,0.00000,0.00000,0.00014
77.84000,1.02194,0.98576,0.01379,0.00007,0.00023,0.00001,0.00000,0.00000,0.00000,0.00014
77.98000,1.02193,0.98764,0.01200,0.00006,0.00016,0.00001,0.00000,0.00000,0.00000,0.00013
78.12000,1.02193,0.98854,0.01110,0.00006,0.00016,0.00001,0.00000,0.00000,0.00000,0.00013
78.26000,1.02193,0.98693,0.01269,0.00006,0.00017,0.00001,0.00000,0.00000,0.00000,0.00013
78.40000,1.02193,0.98575,0.01382,0.00007,0.00021,0.00001,0.00000,0.00000,0.00000,0.00014
78.54000,1.02193,0.98791,0.01163,0.00007,0.00024,0.00001,0.00000,0.00000,0.00000,0.00013
78.68000,1.02193,0.98788,0.01172,0.00006,0.00019,0.00001,0.00000,0.00000,0.00000,0.00014
78.82000,1.02193,0.98780,0.01178,0.00006,0.00021,0.00001,0.00000,0.00000,0.00000,0.00013
78.96000,1.02194,0.98881,0.01081,0.00006,0.00018,0.00001,0.00000,0.00000,0.00000,0.00013
79.10000,1.02194,0.98849,0.01110,0.00006,0.00020,0.00001,0.00000,0.00000,0.00000,0.00013
79.24000,1.02194,0.98427,0.01521,0.00008,0.00028,0.00001,0.00000,0.00000,0.00000,0.00014
79.38000,1.02194,0.98216,0.01729,0.00009,0.00029,0.00001,0.00000,0.00000,0.00000,0.00015
79.52000,1.02194,0.98152,0.01793,0.00009,0.00029,0.00001,0.00000,0.00000,0.00000,0.00015
79.66000,1.02193,0.98188,0.01763,0.00008,0.00023,0.00001,0.00000,0.00000,0.00000,0.00016
79.80000,1.02193,0.98125,0.01820,0.00009,0.00029,0.00001,0.00000,0.00001,0.00000,0.00016
79.94000,1.02193,0.98042,0.01892,0.00011,0.00038,0.00001,0.00000,0.00001,0.00000,0.00015
80.08000,1.02193,0.98394,0.01549,0.00009,0.00031,0.00001,0.00000,0.00001,0.00000,0.00015
80.22000,1.02193,0.98160,0.01787,0.00009,0.00028,0.00001,0.00000,0.00000,0.00000,0.00015
80.36000,1.02193,0.98437,0.01508,0.00008,0.00029,0.00001,0.00000,0.00001,0.00000,0.00015
80.50000,1.02193,0.98243,0.01693,0.00010,0.00036,0.00001,0.00000,0.00001,0.00000,0.00016
80.64000,1.02193,0.98313,0.01626,0.00009,0.00034,0.00001,0.00000,0.00001,0.00000,0.00016
80.78000,1.02194,0.98292,0.01652,0.00009,0.00030,0.00001,0.00000,0.00001,0.00000,0.00015
80.92000,1.02194,0.98259,0.01678,0.00010,0.00035,0.00001,0.00000,0.00001,0.00000,0.00015
81.06000,1.02194,0.98175,0.01770,0.00009,0.00029,0.00001,0.00000,0.00001,0.00000,0.00015
81.20000,1.02194,0.98091,0.01851,0.00010,0.00030,0.00001,0.00000,0.00001,0.00000,0.00016
81.34000,1.02194,0.98007,0.01939,0.00009,0.00028,0.00001,0.00000,0.00001,0.00000,0.00016
81.48000,1.02193,0.98256,0.01685,0.00010,0.00032,0.00001,0.00000,0.00001,0.00000,0.00016
81.62000,1.02193,0.98443,0.01503,0.00009,0.00028,0.00001,0.00000,0.00001,0.00000,0.00015
81.76000,1.02193,0.98447,0.01499,0.00009,0.00029,0.00001,0.00000,0.00000,0.00000,0.00014
81.90000,1.02193,0.98343,0.01608,0.00008,0.00025,0.00001,0.00000,0.00000,0.00000,0.00014
82.04000,1.02193,0.98265,0.01685,0.00009,0.00025,0.00001,0.00000,0.00000,0.00000,0.00014
82.18000,1.02193,0.98137,0.01808,0.00009,0.00029,0.00001,0.00000,0.00000,0.00000,0.00015
82.32000,1.02193,0.97557,0.02386,0.00010,0.00030,0.00001,0.00000,0.00001,0.00000,0.00016
82.46000,1.02194,0.97531,0.02411,0.00010,0.00029,0.00001,0.00000,0.00001,0.00000,0.00017
82.60000,1.02194,0.97654,0.02295,0.00008,0.00024,0.00001,0.00000,0.00001,0.00000,0.00017
82.74000,1.02194,0.98036,0.01921,0.00007,0.00019,0.00001,0.00000,0.00000,0.00000,0.00016
82.88000,1.02194,0.98113,0.01837,0.00008,0.00025,0.00001,0.00000,0.00000,0.00000,0.00015
83.02000,1.02194,0.98215,0.01735,0.00008,0.00025,0.00001,0.00000,0.00000,0.00000,0.00015
83.16000,1.02193,0.98559,0.01400,0.00006,0.00019,0.00001,0.00000,0.00000,0.00000,0.00014
83.30000,1.02193,0.98440,0.01517,0.00006,0.00021,0.00001,0.00000,0.00000,0.00000,0.00014
83.44000,1.02193,0.98603,0.01358,0.00006,0.00017,0.00001,0.00000,0.00000,0.00000,0.00014
83.58000,1.02193,0.98287,0.01668,0.00007,0.00022,0.00001,0.00000,0.00000,0.00000,0.00014
83.72000,1.02193,0.98394,0.01560,0.00007,0.00023,0.00001,0.00000,0.00000,0.00000,0.00014
83.86000,1.02193,0.98344,0.01614,0.00006,0.00020,0.00001,0.00000,0.00000,0.00000,0.00014
84.00000,1.02193,0.98451,0.01507,0.00007,0.00020,0.00001,0.00000,0.00000,0.00000,0.00014
84.14000,1.02193,0.98206,0.01752,0.00007,0.00020,0.00001,0.00000,0.00000,0.00000,0.00015
84.28000,1.02194,0.97809,0.02146,0.00007,0.00021,0.00001,0.00000,0.00000,0.00000,0.00015
84.42000,1.02194,0.97947,0.02013,0.00006,0.00017,0.00001,0.00000,0.00000,0.00000,0.00015
84.56000,1.02194,0.98372,0.01588,0.00006,0.00018,0.00001,0.00000,0.00000,0.00000,0.00015
84.70000,1.02194,0.98155,0.01806,0.00006,0.00017,0.00001,0.00000,0.00000,0.00000,0.00014
84.84000,1.02194,0.98203,0.01757,0.00006,0.00018,0.00001,0.00000,0.00000,0.00000,0.00015
84.98000,1.02193,0.98424,0.01539,0.00006,0.00016,0.00001,0.00000,0.00000,0.00000,0.00014
85.12000,1.02193,0.98443,0.01518,0.00006,0.00018,0.00001,0.00000,0.00000,0.00000,0.00014
85.26000,1.02193,0.98533,0.01428,0.00006,0.00018,0.00001,0.00000,0.00000,0.00000,0.00014
85.40000,1.02193,0.98081,0.01874,0.00007,0.00021,0.00001,0.00000,0.00000,0.00000,0.00015
85.54000,1.02193,0.97989,0.01970,0.00007,0.00018,0.00001,0.00000,0.00000,0.00000,0.00015
85.68000,1.02193,0.97742,0.02211,0.00008,0.00022,0.00001,0.00000,0.00000,0.00000,0.00016
85.82000,1.02193,0.97549,0.02401,0.00008,0.00023,0.00001,0.00000,0.00001,0.00000,0.00017
85.96000,1.02194,0.97655,0.02298,0.00007,0.00021,0.00001,0.00000,0.00001,0.00000,0.00017
86.10000,1.02194,0.97762,0.02191,0.00008,0.00022,0.00001,0.00000,0.00001,0.00000,0.00016
86.24000,1.02194,0.97836,0.02119,0.00007,0.00021,0.00001,0.00000,0.00000,0.00000,0.00016
86.38000,1.02194,0.97919,0.02032,0.00008,0.00024,0.00001,0.00000,0.00001,0.00000,0.00016
86.52000,1.02194,0.98069,0.01883,0.00008,0.00023,0.00001,0.00000,0.00000,0.00000,0.00015
86.66000,1.02193,0.97930,0.02017,0.00009,0.00028,0.00001,0.00000,0.00001,0.00000,0.00016
86.80000,1.02193,0.98064,0.01884,0.00008,0.00026,0.00001,0.00000,0.00001,0.00000,0.00016
86.94000,1.02193,0.98308,0.01642,0.00008,0.00025,0.00001,0.00000,0.00000,0.00000,0.00015
87.08000,1.02193,0.98563,0.01391,0.00007,0.00022,0.00001,0.00000,0.00000,0.00000,0.00014
87.22000,1.02193,0.98730,0.01226,0.00006,0.00022,0.00001,0.00000,0.00000,0.00000,0.00014
87.36000,1.02193,0.98883,0.01074,0.00006,0.00022,0.00001,0.00000,0.00000,0.00000,0.00014
87.50000,1.02193,0.99086,0.00878,0.00005,0.00018,0.00001,0.00000,0.00000,0.00000,0.00012
87.64000,1.02193,0.99172,0.00793,0.00005,0.00017,0.00001,0.00000,0.00000,0.00000,0.00012
87.78000,1.02194,0.99003,0.00959,0.00006,0.00019,0.00001,0.00000,0.00000,0.00000,0.00012
87.92000,1.02194,0.98972,0.00981,0.00007,0.00026,0.00001,0.00000,0.00000,0.00000,0.00012
88.06000,1.02194,0.98910,0.01039,0.00008,0.00029,0.00001,0.00000,0.00000,0.00000,0.00013
88.20000,1.02194,0.98597,0.01351,0.00008,0.00028,0.00001,0.00000,0.00000,0.00000,0.00014
88.34000,1.02194,0.98181,0.01761,0.00010,0.00032,0.00001,0.00000,0.00001,0.00000,0.00015
88.48000,1.02193,0.98158,0.01784,0.00010,0.00031,0.00001,0.00000,0.00001,0.00000,0.00016
88.62000,1.02193,0.97908,0.02030,0.00010,0.00033,0.00001,0.00000,0.00001,0.00000,0.00016
88.76000,1.02193,0.97783,0.02155,0.00010,0.00034,0.00001,0.00000,0.00001,0.00000,0.00017
88.90000,1.02193,0.97639,0.02298,0.00010,0.00034,0.00001,0.00000,0.00001,0.00000,0.00017
89.04000,1.02193,0.98061,0.01874,0.00010,0.00037,0.00001,0.00000,0.00001,0.00000,0.00017
89.18000,1.02193,0.98213,0.01725,0.00010,0.00034,0.00001,0.00000,0.00001,0.00000,0.00016
89.32000,1.02193,0.98380,0.01560,0.00010,0.00034,0.00001,0.00000,0.00001,0.00000,0.00015
89.46000,1.02194,0.98589,0.01352,0.00009,0.00033,0.00001,0.00000,0.00001,0.00000,0.00014
89.60000,1.02194,0.98679,0.01265,0.00009,0.00031,0.00001,0.00000,0.00000,0.00000,0.00014
89.74000,1.02194,0.98610,0.01332,0.00009,0.00033,0.00001,0.00000,0.00001,0.00000,0.00014
89.88000,1.02194,0.98356,0.01589,0.00009,0.00030,0.00001,0.00000,0.00000,0.00000,0.00014
90.02000,1.02194,0.98097,0.01847,0.00009,0.00030,0.00001,0.00000,0.00001,0.00000,0.00016
90.16000,1.02193,0.97854,0.02093,0.00009,0.00026,0.00001,0.00000,0.00001,0.00000,0.00016
90.30000,1.02193,0.98078,0.01870,0.00008,0.00026,0.00001,0.00000,0.00001,0.00000,0.00016
90.44000,1.02193,0.98107,0.01843,0.00008,0.00025,0.00001,0.00000,0.00001,0.00000,0.00016
90.58000,1.02193,0.98227,0.01726,0.00008,0.00023,0.00001,0.00000,0.00000,0.00000,0.00015
90.72000,1.02193,0.98110,0.01843,0.00008,0.00023,0.00001,0.00000,0.00000,0.00000,0.00015
90.86000,1.02193,0.98136,0.01811,0.00009,0.00028,0.00001,0.00000,0.00000,0.00000,0.00015
91.00000,1.02193,0.98141,0.01806,0.00008,0.00026,0.00001,0.00000,0.00001,0.00000,0.00016
91.14000,1.02193,0.97944,0.02001,0.00009,0.00028,0.00001,0.00000,0.00001,0.00000,0.00016
91.28000,1.02194,0.98166,0.01738,0.00012,0.00061,0.00001,0.00000,0.00001,0.00000,0.00020
91.42000,1.02194,0.97815,0.02062,0.00019,0.00087,0.00001,0.00000,0.00001,0.00000,0.00015
91.56000,1.02194,0.98728,0.01164,0.00019,0.00073,0.00001,0.00000,0.00001,0.00000,0.00014
91.70000,1.02194,0.98559,0.01324,0.00022,0.00079,0.00002,0.00000,0.00001,0.00000,0.00014
91.84000,1.02194,0.98587,0.01283,0.00021,0.00091,0.00002,0.00000,0.00001,0.00000,0.00015
91.98000,1.02193,0.98816,0.01062,0.00021,0.00085,0.00002,0.00000,0.00001,0.00000,0.00014
92.12000,1.02193,0.98617,0.01176,0.00031,0.00161,0.00002,0.00000,0.00001,0.00000,0.00013
92.26000,1.02193,0.98774,0.01147,0.00012,0.00050,0.00001,0.00000,0.00001,0.00000,0.00015
92.40000,1.02193,0.98806,0.01136,0.00009,0.00033,0.00001,0.00000,0.00001,0.00000,0.00014
92.54000,1.02193,0.98912,0.01022,0.00010,0.00040,0.00001,0.00000,0.00000,0.00000,0.00013
92.68000,1.02193,0.98942,0.00995,0.00010,0.00038,0.00001,0.00000,0.00001,0.00000,0.00014
92.82000,1.02193,0.98899,0.01044,0.00009,0.00032,0.00001,0.00000,0.00000,0.00000,0.00013
92.96000,1.02194,0.98793,0.01152,0.00009,0.00031,0.00001,0.00000,0.00000,0.00000,0.00014
93.10000,1.02194,0.98741,0.01203,0.00009,0.00031,0.00001,0.00000,0.00000,0.00000,0.00014
93.24000,1.02194,0.98543,0.01402,0.00009,0.00030,0.00001,0.00000,0.00000,0.00000,0.00015
93.38000,1.02194,0.98329,0.01613,0.00009,0.00031,0.00001,0.00000,0.00001,0.00000,0.00015
93.52000,1.02194,0.98415,0.01529,0.00009,0.00031,0.00001,0.00000,0.00001,0.00000,0.00015
93.66000,1.02193,0.98277,0.01667,0.00009,0.00030,0.00001,0.00000,0.00001,0.00000,0.00015
93.80000,1.02193,0.98406,0.01537,0.00009,0.00031,0.00001,0.00000,0.00001,0.00000,0.00015
93.94000,1.02193,0.98518,0.01425,0.00009,0.00032,0.00001,0.00000,0.00001,0.00000,0.00015
94.08000,1.02193,0.98516,0.01419,0.00010,0.00038,0.00001,0.00000,0.00001,0.00000,0.00015
94.22000,1.02193,0.98491,0.01435,0.00011,0.00046,0.00001,0.00000,0.00001,0.00000,0.00015
94.36000,1.02193,0.98615,0.01318,0.00011,0.00040,0.00001,0.00000,0.00001,0.00000,0.00015
94.50000,1.02193,0.98858,0.01077,0.00010,0.00039,0.00001,0.00000,0.00001,0.00000,0.00014
94.64000,1.02193,0.98817,0.01116,0.00011,0.00040,0.00001,0.00000,0.00001,0.00000,0.00014
94.78000,1.02194,0.98866,0.01060,0.00012,0.00046,0.00001,0.00000,0.00001,0.00000,0.00013
94.92000,1.02194,0.98845,0.01083,0.00012,0.00045,0.00001,0.00000,0.00001,0.00000,0.00013
95.06000,1.02194,0.98795,0.01146,0.00010,0.00034,0.00001,0.00000,0.00000,0.00000,0.00013
95.20000,1.02194,0.98505,0.01435,0.00010,0.00034,0.00001,0.00000,0.00001,0.00000,0.00015
95.34000,1.02194,0.98504,0.01436,0.00009,0.00034,0.00001,0.00000,0.00001,0.00000,0.00015
95.48000,1.02193,0.98333,0.01617,0.00008,0.00025,0.00001,0.00000,0.00001,0.00000,0.00016
95.62000,1.02193,0.98046,0.01895,0.00009,0.00032,0.00001,0.00000,0.00001,0.00000,0.00016
95.76000,1.02193,0.97913,0.02029,0.00010,0.00032,0.00001,0.00000,0.00001,0.00000,0.00015
95.90000,1.02193,0.98153,0.01796,0.00009,0.00027,0.00001,0.00000,0.00000,0.00000,0.00015
96.04000,1.02193,0.98313,0.01633,0.00009,0.00029,0.00001,0.00000,0.00001,0.00000,0.00015
96.18000,1.02193,0.97827,0.02107,0.00011,0.00037,0.00001,0.00000,0.00001,0.00000,0.00016
96.32000,1.02193,0.97803,0.02122,0.00012,0.00044,0.00001,0.00000,0.00001,0.00000,0.00016
96.46000,1.02194,0.97794,0.02124,0.00014,0.00049,0.00001,0.00000,0.00001,0.00000,0.00017
96.60000,1.02194,0.97725,0.02199,0.00013,0.00044,0.00001,0.00000,0.00001,0.00000,0.00017
96.74000,1.02194,0.97819,0.02104,0.00013,0.00044,0.00001,0.00000,0.00001,0.00000,0.00017
96.88000,1.02194,0.98188,0.01729,0.00013,0.00050,0.00001,0.00000,0.00001,0.00000,0.00017
97.02000,1.02194,0.98266,0.01667,0.00011,0.00038,0.00001,0.00000,0.00001,0.00000,0.00016
97.16000,1.02193,0.98465,0.01480,0.00009,0.00030,0.00001,0.00000,0.00000,0.00000,0.00015
97.30000,1.02193,0.98422,0.01517,0.00009,0.00035,0.00001,0.00000,0.00001,0.00000,0.00015
97.44000,1.02193,0.98441,0.01504,0.00009,0.00030,0.00001,0.00000,0.00001,0.00000,0.00015
97.58000,1.02193,0.98447,0.01498,0.00009,0.00029,0.00001,0.00000,0.00000,0.00000,0.00014
97.72000,1.02193,0.98247,0.01695,0.00010,0.00032,0.00001,0.00000,0.00001,0.00000,0.00015
97.86000,1.02193,0.97925,0.02019,0.00010,0.00029,0.00001,0.00000,0.00001,0.00000,0.00016
98.00000,1.02193,0.98190,0.01748,0.00010,0.00034,0.00001,0.00000,0.00001,0.00000,0.00016
98.14000,1.02193,0.98147,0.01790,0.00010,0.00035,0.00001,0.00000,0.00001,0.00000,0.00016
98.28000,1.02194,0.98231,0.01714,0.00009,0.00028,0.00001,0.00000,0.00001,0.00000,0.00016
98.42000,1.02194,0.98275,0.01662,0.00010,0.00035,0.00001,0.00000,0.00001,0.00000,0.00016
98.56000,1.02194,0.98343,0.01583,0.00011,0.00044,0.00001,0.00000,0.00001,0.00000,0.00016
98.70000,1.02194,0.98524,0.01406,0.00011,0.00043,0.00001,0.00000,0.00001,0.00000,0.00015
98.84000,1.02194,0.98662,0.01255,0.00013,0.00053,0.00001,0.00000,0.00001,0.00000,0.00015
98.98000,1.02193,0.98719,0.01193,0.00014,0.00058,0.00001,0.00000,0.00001,0.00000,0.00015
99.12000,1.02193,0.98646,0.01262,0.00015,0.00060,0.00002,0.00000,0.00001,0.00000,0.00014
99.26000,1.02193,0.98719,0.01192,0.00014,0.00058,0.00002,0.00000,0.00001,0.00000,0.00014
99.40000,1.02193,0.98742,0.01189,0.00011,0.00042,0.00001,0.00000,0.00001,0.00000,0.00014
99.54000,1.02193,0.98683,0.01254,0.00010,0.00037,0.00001,0.00000,0.00000,0.00000,0.00014
99.68000,1.02193,0.98555,0.01387,0.00009,0.00032,0.00001,0.00000,0.00001,0.00000,0.00014
99.82000,1.02193,0.98345,0.01604,0.00008,0.00027,0.00001,0.00000,0.00000,0.00000,0.00015
99.96000,1.02194,0.98130,0.01822,0.00008,0.00024,0.00001,0.00000,0.00000,0.00000,0.00015
100.10000,1.02194,0.98273,0.01671,0.00009,0.00030,0.00001,0.00000,0.00001,0.00000,0.00016
100.24000,1.02194,0.98514,0.01431,0.00009,0.00030,0.00001,0.00000,0.00000,0.00000,0.00015
100.38000,1.02194,0.98495,0.01448,0.00009,0.00031,0.00001,0.00000,0.00000,0.00000,0.00015
100.52000,1.02194,0.98472,0.01470,0.00010,0.00032,0.00001,0.00000,0.00000,0.00000,0.00015
100.66000,1.02193,0.98573,0.01364,0.00010,0.00036,0.00001,0.00000,0.00001,0.00000,0.00015
100.80000,1.02193,0.98572,0.01366,0.00011,0.00036,0.00001,0.00000,0.00000,0.00000,0.00014
100.94000,1.02193,0.98469,0.01466,0.00011,0.00037,0.00001,0.00000,0.00001,0.00000,0.00015
101.08000,1.02193,0.98318,0.01613,0.00011,0.00040,0.00001,0.00000,0.00001,0.00000,0.00016
101.22000,1.02193,0.98511,0.01428,0.00010,0.00034,0.00001,0.00000,0.00001,0.00000,0.00015
101.36000,1.02193,0.98588,0.01356,0.00009,0.00031,0.00001,0.00000,0.00000,0.00000,0.00014
101.50000,1.02193,0.98622,0.01325,0.00009,0.00028,0.00001,0.00000,0.00000,0.00000,0.00014
101.64000,1.02193,0.98531,0.01419,0.00008,0.00026,0.00001,0.00000,0.00000,0.00000,0.00013
101.78000,1.02194,0.98612,0.01337,0.00008,0.00027,0.00001,0.00000,0.00000,0.00000,0.00014
101.92000,1.02194,0.98222,0.01720,0.00010,0.00032,0.00001,0.00000,0.00000,0.00000,0.00015
102.06000,1.02194,0.98065,0.01882,0.00009,0.00027,0.00001,0.00000,0.00001,0.00000,0.00016
102.20000,1.02194,0.98150,0.01792,0.00010,0.00031,0.00001,0.00000,0.00001,0.00000,0.00016
102.34000,1.02194,0.98401,0.01545,0.00009,0.00028,0.00001,0.00000,0.00001,0.00000,0.00016
102.48000,1.02193,0.98213,0.01726,0.00010,0.00034,0.00001,0.00000,0.00001,0.00000,0.00015
102.62000,1.02193,0.98297,0.01638,0.00011,0.00037,0.00001,0.00000,0.00001,0.00000,0.00015
102.76000,1.02193,0.98298,0.01648,0.00009,0.00029,0.00001,0.00000,0.00000,0.00000,0.00015
102.90000,1.02193,0.98184,0.01759,0.00010,0.00030,0.00001,0.00000,0.00000,0.00000,0.00015
103.04000,1.02193,0.97624,0.02314,0.00011,0.00033,0.00001,0.00000,0.00001,0.00000,0.00017
103.18000,1.02193,0.97362,0.02565,0.00013,0.00040,0.00001,0.00000,0.00001,0.00000,0.00017
103.32000,1.02193,0.97689,0.02249,0.00010,0.00032,0.00001,0.00000,0.00001,0.00000,0.00018
103.46000,1.02194,0.97529,0.02409,0.00011,0.00033,0.00001,0.00000,0.00001,0.00000,0.00017
103.60000,1.02194,0.97799,0.02151,0.00008,0.00024,0.00001,0.00000,0.00001,0.00000,0.00016
103.74000,1.02194,0.98323,0.01629,0.00008,0.00024,0.00001,0.00000,0.00000,0.00000,0.00016
103.88000,1.02194,0.98439,0.01515,0.00007,0.00022,0.00001,0.00000,0.00000,0.00000,0.00014
104.02000,1.02194,0.98340,0.01612,0.00008,0.00024,0.00001,0.00000,0.00000,0.00000,0.00014
104.16000,1.02193,0.98412,0.01532,0.00009,0.00031,0.00001,0.00000,0.00000,0.00000,0.00015
104.30000,1.02193,0.98396,0.01559,0.00007,0.00021,0.00001,0.00000,0.00000,0.00000,0.00014
104.44000,1.02193,0.98255,0.01693,0.00009,0.00027,0.00001,0.00000,0.00000,0.00000,0.00015
104.58000,1.02193,0.98131,0.01810,0.00010,0.00032,0.00001,0.00000,0.00001,0.00000,0.00016
104.72000,1.02193,0.98143,0.01798,0.00010,0.00032,0.00001,0.00000,0.00001,0.00000,0.00015
104.86000,1.02193,0.98029,0.01905,0.00011,0.00038,0.00001,0.00000,0.00001,0.00000,0.00016
105.00000,1.02193,0.98086,0.01855,0.00010,0.00032,0.00001,0.00000,0.00001,0.00000,0.00016
105.14000,1.02193,0.98424,0.01520,0.00009,0.00030,0.00001,0.00000,0.00001,0.00000,0.00015
105.28000,1.02194,0.98495,0.01451,0.00008,0.00029,0.00001,0.00000,0.00001,0.00000,0.00015
105.42000,1.02194,0.98777,0.01171,0.00008,0.00028,0.00001,0.00000,0.00001,0.00000,0.00014
105.56000,1.02194,0.98806,0.01139,0.00009,0.00031,0.00001,0.00000,0.00000,0.00000,0.00014
105.70000,1.02194,0.98753,0.01196,0.00008,0.00028,0.00001,0.00000,0.00000,0.00000,0.00013
105.84000,1.02194,0.98316,0.01633,0.00009,0.00027,0.00001,0.00000,0.00000,0.00000,0.00014
105.98000,1.02193,0.98113,0.01834,0.00009,0.00028,0.00001,0.00000,0.00000,0.00000,0.00015
106.12000,1.02193,0.98209,0.01738,0.00009,0.00027,0.00001,0.00000,0.00000,0.00000,0.00016
106.26000,1.02193,0.97805,0.02135,0.00010,0.00031,0.00001,0.00000,0.00001,0.00000,0.00017
106.40000,1.02193,0.97429,0.02507,0.00011,0.00034,0.00001,0.00000,0.00001,0.00000,0.00017
106.54000,1.02193,0.97671,0.02274,0.00010,0.00027,0.00001,0.00000,0.00000,0.00000,0.00016
106.68000,1.02193,0.97887,0.02053,0.00010,0.00032,0.00001,0.00000,0.00001,0.00000,0.00016
106.82000,1.02193,0.97807,0.02126,0.00012,0.00037,0.00001,0.00000,0.00001,0.00000,0.00016
106.96000,1.02194,0.97841,0.02090,0.00012,0.00038,0.00001,0.00000,0.00001,0.00000,0.00017
107.10000,1.02194,0.98051,0.01880,0.00012,0.00039,0.00001,0.00000,0.00001,0.00000,0.00016
107.24000,1.02194,0.98297,0.01647,0.00009,0.00030,0.00001,0.00000,0.00001,0.00000,0.00016
107.38000,1.02194,0.97985,0.01946,0.00012,0.00040,0.00001,0.00000,0.00001,0.00000,0.00016
107.52000,1.02194,0.98109,0.01815,0.00012,0.00047,0.00001,0.00000,0.00001,0.00000,0.00016
107.66000,1.02193,0.98234,0.01702,0.00010,0.00036,0.00001,0.00000,0.00001,0.00000,0.00016
107.80000,1.02193,0.98036,0.01900,0.00010,0.00036,0.00001,0.00000,0.00001,0.00000,0.00016
107.94000,1.02193,0.97809,0.02108,0.00013,0.00051,0.00001,0.00000,0.00001,0.00000,0.00018
108.08000,1.02193,0.98041,0.01877,0.00014,0.00050,0.00001,0.00000,0.00001,0.00000,0.00016
108.22000,1.02193,0.98344,0.01592,0.00011,0.00037,0.00001,0.00000,0.00001,0.00000,0.00015
108.36000,1.02193,0.98118,0.01817,0.00012,0.00037,0.00001,0.00000,0.00000,0.00000,0.00015
108.50000,1.02193,0.98252,0.01682,0.00011,0.00037,0.00001,0.00000,0.00001,0.00000,0.00015
108.64000,1.02193,0.98345,0.01585,0.00012,0.00042,0.00001,0.00000,0.00001,0.00000,0.00015
108.78000,1.02194,0.98289,0.01644,0.00011,0.00039,0.00001,0.00000,0.00001,0.00000,0.00016
108.92000,1.02194,0.97845,0.02097,0.00010,0.00030,0.00001,0.00000,0.00001,0.00000,0.00016
109.06000,1.02194,0.97769,0.02160,0.00012,0.00041,0.00001,0.00000,0.00001,0.00000,0.00017
109.20000,1.02194,0.97858,0.02066,0.00012,0.00045,0.00001,0.00000,0.00001,0.00000,0.00017
109.34000,1.02194,0.97916,0.01993,0.00014,0.00057,0.00001,0.00000,0.00001,0.00000,0.00017
109.48000,1.02193,0.98124,0.01799,0.00012,0.00046,0.00001,0.00000,0.00001,0.00000,0.00017
109.62000,1.02193,0.98289,0.01636,0.00012,0.00044,0.00001,0.00000,0.00001,0.00000,0.00016
109.76000,1.02193,0.98349,0.01572,0.00012,0.00049,0.00001,0.00000,0.00001,0.00000,0.00016
109.90000,1.02193,0.98546,0.01376,0.00012,0.00049,0.00001,0.00000,0.00001,0.00000,0.00016
110.04000,1.02193,0.98464,0.01454,0.00013,0.00051,0.00001,0.00000,0.00001,0.00000,0.00015
110.18000,1.02193,0.98604,0.01333,0.00010,0.00036,0.00001,0.00000,0.00001,0.00000,0.00015
110.32000,1.02193,0.98689,0.01257,0.00008,0.00029,0.00001,0.00000,0.00001,0.00000,0.00015
110.46000,1.02194,0.98724,0.01223,0.00008,0.00029,0.00001,0.00000,0.00000,0.00000,0.00014
110.60000,1.02194,0.98679,0.01269,0.00008,0.00029,0.00001,0.00000,0.00000,0.00000,0.00014
110.74000,1.02194,0.98639,0.01318,0.00007,0.00021,0.00001,0.00000,0.00000,0.00000,0.00014
110.88000,1.02194,0.98665,0.01297,0.00006,0.00017,0.00001,0.00000,0.00000,0.00000,0.00014
111.02000,1.02194,0.98516,0.01444,0.00006,0.00018,0.00001,0.00000,0.00000,0.00000,0.00014
111.16000,1.02193,0.98295,0.01657,0.00008,0.00024,0.00001,0.00000,0.00000,0.00000,0.00015
111.30000,1.02193,0.98313,0.01634,0.00008,0.00028,0.00001,0.00000,0.00000,0.00000,0.00015
111.44000,1.02193,0.98473,0.01483,0.00007,0.00021,0.00001,0.00000,0.00000,0.00000,0.00015
111.58000,1.02193,0.98434,0.01512,0.00009,0.00029,0.00001,0.00000,0.00000,0.00000,0.00015
111.72000,1.02193,0.98413,0.01528,0.00010,0.00033,0.00001,0.00000,0.00000,0.00000,0.00015
111.86000,1.02193,0.98562,0.01388,0.00009,0.00026,0.00001,0.00000,0.00000,0.00000,0.00014
112.00000,1.02193,0.98334,0.01615,0.00009,0.00026,0.00001,0.00000,0.00000,0.00000,0.00014
112.14000,1.02193,0.98173,0.01775,0.00009,0.00027,0.00001,0.00000,0.00000,0.00000,0.00015
112.28000,1.02194,0.98215,0.01728,0.00009,0.00031,0.00001,0.00000,0.00000,0.00000,0.00015
112.42000,1.02194,0.98210,0.01736,0.00009,0.00028,0.00001,0.00000,0.00000,0.00000,0.00015
112.56000,1.02194,0.98053,0.01895,0.00008,0.00026,0.00001,0.00000,0.00001,0.00000,0.00016
112.70000,1.02194,0.97807,0.02137,0.00010,0.00029,0.00001,0.00000,0.00001,0.00000,0.00016
112.84000,1.02194,0.97781,0.02149,0.00012,0.00041,0.00001,0.00000,0.00001,0.00000,0.00016
112.98000,1.02193,0.97693,0.02234,0.00012,0.00042,0.00001,0.00000,0.00001,0.00000,0.00017
113.12000,1.02193,0.97447,0.02466,0.00015,0.00052,0.00001,0.00000,0.00001,0.00000,0.00017
113.26000,1.02193,0.97114,0.02810,0.00013,0.00043,0.00001,0.00000,0.00001,0.00000,0.00018
113.40000,1.02193,0.97557,0.02366,0.00012,0.00045,0.00001,0.00000,0.00001,0.00000,0.00019
113.54000,1.02193,0.97324,0.02605,0.00012,0.00040,0.00001,0.00000,0.00001,0.00000,0.00017
113.68000,1.02193,0.98019,0.01921,0.00010,0.00032,0.00001,0.00000,0.00001,0.00000,0.00016
113.82000,1.02193,0.98048,0.01881,0.00012,0.00041,0.00001,0.00000,0.00001,0.00000,0.00016
113.96000,1.02194,0.98024,0.01915,0.00010,0.00033,0.00001,0.00000,0.00001,0.00000,0.00016
114.10000,1.02194,0.98389,0.01554,0.00009,0.00031,0.00001,0.00000,0.00000,0.00000,0.00015
114.24000,1.02194,0.98182,0.01747,0.00012,0.00042,0.00001,0.00000,0.00001,0.00000,0.00016
114.38000,1.02194,0.98137,0.01797,0.00011,0.00037,0.00001,0.00000,0.00001,0.00000,0.00016
114.52000,1.02194,0.98367,0.01566,0.00011,0.00039,0.00001,0.00000,0.00001,0.00000,0.00016
114.66000,1.02193,0.98378,0.01553,0.00012,0.00040,0.00001,0.00000,0.00001,0.00000,0.00015
114.80000,1.02193,0.98073,0.01837,0.00015,0.00056,0.00001,0.00000,0.00001,0.00000,0.00016
114.94000,1.02193,0.97832,0.02067,0.00017,0.00066,0.00001,0.00000,0.00001,0.00000,0.00016
115.08000,1.02193,0.98034,0.01877,0.00015,0.00056,0.00001,0.00000,0.00001,0.00000,0.00017
115.22000,1.02193,0.97614,0.02292,0.00016,0.00057,0.00001,0.00000,0.00001,0.00000,0.00017
115.36000,1.02193,0.97196,0.02690,0.00019,0.00073,0.00002,0.00000,0.00001,0.00000,0.00019
115.50000,1.02193,0.97096,0.02779,0.00022,0.00082,0.00002,0.00000,0.00001,0.00000,0.00019
115.64000,1.02193,0.97050,0.02790,0.00025,0.00111,0.00002,0.00000,0.00001,0.00000,0.00020
115.78000,1.02194,0.96920,0.02902,0.00027,0.00129,0.00002,0.00000,0.00001,0.00000,0.00020
115.92000,1.02194,0.97029,0.02810,0.00028,0.00112,0.00002,0.00000,0.00001,0.00000,0.00019
116.06000,1.02194,0.97049,0.02723,0.00035,0.00169,0.00002,0.00000,0.00001,0.00000,0.00021
116.20000,1.02194,0.97259,0.02465,0.00038,0.00213,0.00002,0.00000,0.00001,0.00000,0.00021
116.34000,1.02194,0.97745,0.02008,0.00034,0.00190,0.00002,0.00000,0.00001,0.00000,0.00019
116.48000,1.02193,0.98107,0.01585,0.00040,0.00247,0.00003,0.00000,0.00001,0.00000,0.00018
116.62000,1.02193,0.98432,0.01378,0.00027,0.00143,0.00002,0.00000,0.00001,0.00000,0.00017
116.76000,1.02193,0.98711,0.01127,0.00023,0.00121,0.00002,0.00000,0.00001,0.00000,0.00015
116.90000,1.02193,0.98733,0.01100,0.00023,0.00126,0.00002,0.00000,0.00001,0.00000,0.00015
117.04000,1.02193,0.98998,0.00903,0.00015,0.00067,0.00002,0.00000,0.00001,0.00000,0.00015
117.18000,1.02193,0.98828,0.01088,0.00014,0.00054,0.00001,0.00000,0.00001,0.00000,0.00014
117.32000,1.02193,0.98782,0.01145,0.00012,0.00045,0.00001,0.00000,0.00001,0.00000,0.00013
117.46000,1.02194,0.98687,0.01253,0.00010,0.00035,0.00001,0.00000,0.00000,0.00000,0.00014
117.60000,1.02194,0.98734,0.01212,0.00009,0.00030,0.00001,0.00000,0.00000,0.00000,0.00014
117.74000,1.02194,0.98702,0.01249,0.00008,0.00025,0.00001,0.00000,0.00000,0.00000,0.00014
117.88000,1.02194,0.98409,0.01526,0.00010,0.00037,0.00001,0.00000,0.00001,0.00000,0.00015
118.02000,1.02194,0.98546,0.01399,0.00009,0.00030,0.00001,0.00000,0.00001,0.00000,0.00015
118.16000,1.02193,0.98555,0.01392,0.00009,0.00029,0.00001,0.00000,0.00000,0.00000,0.00014
118.30000,1.02193,0.98489,0.01455,0.00009,0.00030,0.00001,0.00000,0.00000,0.00000,0.00015
118.44000,1.02193,0.98277,0.01664,0.00010,0.00033,0.00001,0.00000,0.00001,0.00000,0.00015
118.58000,1.02193,0.98331,0.01602,0.00011,0.00038,0.00001,0.00000,0.00001,0.00000,0.00015
118.72000,1.02193,0.98206,0.01734,0.00010,0.00033,0.00001,0.00000,0.00001,0.00000,0.00016
118.86000,1.02193,0.98087,0.01852,0.00010,0.00033,0.00001,0.00000,0.00001,0.00000,0.00016
119.00000,1.02193,0.97961,0.01982,0.00010,0.00030,0.00001,0.00000,0.00001,0.00000,0.00016
119.14000,1.02193,0.97742,0.02201,0.00010,0.00030,0.00001,0.00000,0.00001,0.00000,0.00016
119.28000,1.02194,0.97658,0.02280,0.00011,0.00034,0.00001,0.00000,0.00001,0.00000,0.00016
119.42000,1.02194,0.97708,0.02230,0.00011,0.00033,0.00001,0.00000,0.00001,0.00000,0.00017
119.56000,1.02194,0.98155,0.01780,0.00010,0.00035,0.00001,0.00000,0.00001,0.00000,0.00017
119.70000,1.02194,0.97744,0.02197,0.00012,0.00030,0.00001,0.00000,0.00000,0.00000,0.00015
119.84000,1.02194,0.97391,0.02552,0.00010,0.00029,0.00001,0.00000,0.00000,0.00000,0.00016
119.98000,1.02193,0.97426,0.02497,0.00012,0.00046,0.00001,0.00000,0.00001,0.00000,0.00016
120.12000,1.02193,0.97573,0.02358,0.00012,0.00040,0.00001,0.00000,0.00001,0.00000,0.00016
120.26000,1.02193,0.97859,0.02077,0.00011,0.00035,0.00001,0.00000,0.00000,0.00000,0.00016
120.40000,1.02193,0.97774,0.02163,0.00011,0.00034,0.00001,0.00000,0.00001,0.00000,0.00017
120.54000,1.02193,0.97853,0.02100,0.00008,0.00023,0.00001,0.00000,0.00000,0.00000,0.00015
120.68000,1.02193,0.98653,0.01289,0.00010,0.00032,0.00001,0.00000,0.00000,0.00000,0.00014
120.82000,1.02193,0.97821,0.02104,0.00040,0.00024,0.00002,0.00000,0.00000,0.00000,0.00009
120.96000,1.02194,0.99901,0.00054,0.00001,0.00025,0.00000,0.00000,0.00001,0.00000,0.00018
121.10000,1.02194,0.99947,0.00023,0.00001,0.00010,0.00000,0.00000,0.00001,0.00000,0.00018
121.24000,1.02194,0.99953,0.00015,0.00001,0.00011,0.00000,0.00000,0.00001,0.00000,0.00019
121.38000,1.02194,0.99951,0.00007,0.00002,0.00023,0.00000,0.00000,0.00001,0.00000,0.00015
121.52000,1.02194,0.99985,0.00001,0.00000,0.00006,0.00000,0.00000,0.00001,0.00000,0.00007
121.66000,1.02193,0.99932,0.00002,0.00002,0.00059,0.00000,0.00000,0.00001,0.00000,0.00004
121.80000,1.02193,0.99913,0.00004,0.00004,0.00074,0.00000,0.00000,0.00000,0.00000,0.00005
121.94000,1.02193,0.99808,0.00105,0.00006,0.00071,0.00001,0.00000,0.00001,0.00000,0.00010
122.08000,1.02193,0.99848,0.00091,0.00004,0.00046,0.00000,0.00000,0.00001,0.00000,0.00011
122.22000,1.02193,0.99378,0.00334,0.00020,0.00253,0.00001,0.00000,0.00001,0.00000,0.00012
122.36000,1.02193,0.96118,0.03707,0.00030,0.00120,0.00002,0.00000,0.00001,0.00000,0.00022
122.50000,1.02193,0.93861,0.05999,0.00024,0.00089,0.00002,0.00000,0.00001,0.00000,0.00026
122.64000,1.02193,0.94398,0.05465,0.00023,0.00087,0.00002,0.00000,0.00001,0.00000,0.00024
122.78000,1.02194,0.96289,0.03543,0.00025,0.00118,0.00002,0.00000,0.00001,0.00000,0.00022
122.92000,1.02194,0.97071,0.02796,0.00019,0.00090,0.00002,0.00000,0.00001,0.00000,0.00021
123.06000,1.02194,0.97844,0.02036,0.00018,0.00080,0.00002,0.00000,0.00001,0.00000,0.00019
123.20000,1.02194,0.97874,0.01992,0.00022,0.00093,0.00002,0.00000,0.00001,0.00000,0.00017
123.34000,1.02194,0.98256,0.01631,0.00018,0.00076,0.00002,0.00000,0.00001,0.00000,0.00016
123.48000,1.02193,0.98209,0.01682,0.00018,0.00073,0.00002,0.00000,0.00001,0.00000,0.00016
123.62000,1.02193,0.98268,0.01622,0.00018,0.00074,0.00002,0.00000,0.00001,0.00000,0.00016
123.76000,1.02193,0.98294,0.01630,0.00012,0.00046,0.00001,0.00000,0.00001,0.00000,0.00016
123.90000,1.02193,0.98184,0.01740,0.00012,0.00045,0.00001,0.00000,0.00001,0.00000,0.00016
124.04000,1.02193,0.98197,0.01737,0.00010,0.00038,0.00001,0.00000,0.00001,0.00000,0.00016
124.18000,1.02193,0.98134,0.01800,0.00011,0.00038,0.00001,0.00000,0.00001,0.00000,0.00015
124.32000,1.02193,0.98189,0.01747,0.00010,0.00035,0.00001,0.00000,0.00001,0.00000,0.00016
124.46000,1.02194,0.98121,0.01819,0.00010,0.00033,0.00001,0.00000,0.00001,0.00000,0.00016
124.60000,1.02194,0.98319,0.01621,0.00009,0.00033,0.00001,0.00000,0.00001,0.00000,0.00016
124.74000,1.02194,0.98435,0.01506,0.00009,0.00033,0.00001,0.00000,0.00001,0.00000,0.00015
124.88000,1.02194,0.98610,0.01338,0.00008,0.00027,0.00001,0.00000,0.00000,0.00000,0.00015
125.02000,1.02194,0.98575,0.01376,0.00008,0.00025,0.00001,0.00000,0.00000,0.00000,0.00014
125.16000,1.02193,0.98554,0.01390,0.00009,0.00031,0.00001,0.00000,0.00000,0.00000,0.00014
125.30000,1.02193,0.98640,0.01306,0.00009,0.00030,0.00001,0.00000,0.00000,0.00000,0.00014
125.44000,1.02193,0.98639,0.01291,0.00011,0.00042,0.00001,0.00000,0.00001,0.00000,0.00015
125.58000,1.02193,0.98418,0.01515,0.00011,0.00039,0.00001,0.00000,0.00001,0.00000,0.00015
125.72000,1.02193,0.98425,0.01506,0.00011,0.00040,0.00001,0.00000,0.00001,0.00000,0.00016
125.86000,1.02193,0.98207,0.01719,0.00012,0.00044,0.00001,0.00000,0.00001,0.00000,0.00015
126.00000,1.02193,0.98436,0.01488,0.00012,0.00047,0.00001,0.00000,0.00001,0.00000,0.00015
126.14000,1.02193,0.98505,0.01413,0.00012,0.00052,0.00001,0.00000,0.00001,0.00000,0.00016
126.28000,1.02194,0.98260,0.01655,0.00014,0.00053,0.00001,0.00000,0.00001,0.00000,0.00016
126.42000,1.02194,0.98417,0.01510,0.00012,0.00044,0.00001,0.00000,0.00001,0.00000,0.00016
126.56000,1.02194,0.98256,0.01668,0.00013,0.00047,0.00001,0.00000,0.00001,0.00000,0.00015
126.70000,1.02194,0.98481,0.01445,0.00011,0.00045,0.00001,0.00000,0.00001,0.00000,0.00016
126.84000,1.02194,0.98297,0.01623,0.00013,0.00049,0.00001,0.00000,0.00001,0.00000,0.00015
126.98000,1.02193,0.98473,0.01452,0.00012,0.00046,0.00001,0.00000,0.00001,0.00000,0.00015
127.12000,1.02193,0.98535,0.01394,0.00011,0.00042,0.00001,0.00000,0.00001,0.00000,0.00016
127.26000,1.02193,0.98403,0.01508,0.00014,0.00057,0.00001,0.00000,0.00001,0.00000,0.00015
127.40000,1.02193,0.98538,0.01379,0.00014,0.00052,0.00001,0.00000,0.00001,0.00000,0.00015
127.54000,1.02193,0.98569,0.01346,0.00014,0.00054,0.00001,0.00000,0.00001,0.00000,0.00015
127.68000,1.02193,0.98396,0.01525,0.00014,0.00049,0.00001,0.00000,0.00001,0.00000,0.00015
127.82000,1.02193,0.98280,0.01551,0.00026,0.00122,0.00002,0.00000,0.00001,0.00000,0.00018
127.96000,1.02193,0.96834,0.02432,0.00096,0.00617,0.00002,0.00000,0.00001,0.00000,0.00017
128.10001,1.02193,0.97277,0.01258,0.00132,0.01307,0.00003,0.00000,0.00001,0.00000,0.00022
128.24001,1.02193,0.94611,0.01024,0.00291,0.04049,0.00003,0.00000,0.00001,0.00000,0.00021
128.38000,1.02193,0.99022,0.00174,0.00084,0.00706,0.00002,0.00000,0.00001,0.00000,0.00012
128.52000,1.02193,0.99462,0.00116,0.00066,0.00343,0.00002,0.00000,0.00001,0.00000,0.00009
128.66000,1.02193,0.98587,0.00164,0.00149,0.01088,0.00002,0.00000,0.00001,0.00000,0.00008
128.80000,1.02193,0.99170,0.00184,0.00091,0.00544,0.00003,0.00000,0.00001,0.00000,0.00008
128.94000,1.02194,0.99545,0.00165,0.00031,0.00249,0.00001,0.00000,0.00000,0.00000,0.00008
129.08000,1.02194,0.99291,0.00433,0.00038,0.00222,0.00003,0.00000,0.00001,0.00000,0.00013
129.22000,1.02194,0.97617,0.02263,0.00021,0.00079,0.00002,0.00000,0.00001,0.00000,0.00018
129.36000,1.02194,0.96062,0.03818,0.00022,0.00076,0.00001,0.00000,0.00001,0.00000,0.00019
129.50000,1.02194,0.95927,0.03955,0.00022,0.00075,0.00001,0.00000,0.00001,0.00000,0.00019
129.64000,1.02194,0.95452,0.04414,0.00025,0.00085,0.00002,0.00000,0.00001,0.00000,0.00021
129.78000,1.02194,0.94989,0.04833,0.00030,0.00123,0.00002,0.00000,0.00001,0.00000,0.00022
129.92000,1.02194,0.95052,0.04830,0.00020,0.00072,0.00002,0.00000,0.00001,0.00000,0.00023
130.06000,1.02194,0.96068,0.03837,0.00015,0.00057,0.00001,0.00000,0.00001,0.00000,0.00021
130.20000,1.02194,0.96759,0.03153,0.00015,0.00051,0.00001,0.00000,0.00001,0.00000,0.00019
130.34000,1.02194,0.97116,0.02795,0.00015,0.00054,0.00001,0.00000,0.00001,0.00000,0.00018
130.48000,1.02194,0.97293,0.02614,0.00016,0.00057,0.00001,0.00000,0.00001,0.00000,0.00018
130.62000,1.02194,0.97454,0.02465,0.00014,0.00048,0.00001,0.00000,0.00001,0.00000,0.00018
130.75999,1.02194,0.97516,0.02388,0.00016,0.00060,0.00001,0.00000,0.00001,0.00000,0.00018
130.89999,1.02194,0.97343,0.02559,0.00017,0.00061,0.00001,0.00000,0.00001,0.00000,0.00018
131.03999,1.02194,0.97455,0.02472,0.00013,0.00041,0.00001,0.00000,0.00001,0.00000,0.00017
131.17999,1.02194,0.96901,0.03023,0.00013,0.00043,0.00001,0.00000,0.00001,0.00000,0.00018
131.32001,1.02193,0.96600,0.03329,0.00013,0.00039,0.00001,0.00000,0.00001,0.00000,0.00018
131.46001,1.02193,0.96476,0.03444,0.00015,0.00046,0.00001,0.00000,0.00001,0.00000,0.00018
131.60001,1.02193,0.96029,0.03893,0.00014,0.00042,0.00001,0.00000,0.00001,0.00000,0.00019
131.74001,1.02193,0.95536,0.04390,0.00014,0.00038,0.00001,0.00000,0.00001,0.00000,0.00020
131.88000,1.02193,0.95458,0.04453,0.00016,0.00049,0.00001,0.00000,0.00001,0.00000,0.00021
132.02000,1.02193,0.94941,0.04866,0.00033,0.00134,0.00002,0.00000,0.00001,0.00000,0.00023
132.16000,1.02193,0.97205,0.02674,0.00021,0.00079,0.00001,0.00000,0.00001,0.00000,0.00019
132.30000,1.02193,0.98021,0.01820,0.00022,0.00113,0.00002,0.00000,0.00001,0.00000,0.00021
132.44000,1.02194,0.97795,0.01944,0.00037,0.00206,0.00002,0.00000,0.00001,0.00000,0.00016
132.58000,1.02194,0.98808,0.01014,0.00031,0.00130,0.00002,0.00000,0.00001,0.00000,0.00014
132.72000,1.02194,0.98818,0.00910,0.00038,0.00217,0.00002,0.00000,0.00001,0.00000,0.00014
132.86000,1.02194,0.98834,0.00952,0.00034,0.00163,0.00002,0.00000,0.00001,0.00000,0.00015
133.00000,1.02194,0.98662,0.01221,0.00020,0.00081,0.00002,0.00000,0.00001,0.00000,0.00014
133.14000,1.02194,0.97668,0.01994,0.00048,0.00272,0.00002,0.00000,0.00001,0.00000,0.00015
133.28000,1.02194,0.97619,0.02270,0.00019,0.00072,0.00002,0.00000,0.00001,0.00000,0.00018
133.42000,1.02194,0.97464,0.02444,0.00016,0.00056,0.00001,0.00000,0.00001,0.00000,0.00018
133.56000,1.02194,0.97499,0.02393,0.00019,0.00069,0.00002,0.00000,0.00001,0.00000,0.00018
133.70000,1.02194,0.97248,0.02659,0.00016,0.00057,0.00001,0.00000,0.00001,0.00000,0.00018
133.84000,1.02194,0.96977,0.02926,0.00017,0.00060,0.00001,0.00000,0.00001,0.00000,0.00018
133.98000,1.02194,0.96595,0.03328,0.00014,0.00043,0.00001,0.00000,0.00001,0.00000,0.00019
134.12000,1.02194,0.96604,0.03328,0.00012,0.00036,0.00001,0.00000,0.00001,0.00000,0.00018
134.25999,1.02194,0.96639,0.03296,0.00011,0.00033,0.00001,0.00000,0.00001,0.00000,0.00019
134.39999,1.02194,0.97229,0.02717,0.00009,0.00025,0.00001,0.00000,0.00001,0.00000,0.00019
134.53999,1.02194,0.97478,0.02473,0.00008,0.00022,0.00001,0.00000,0.00001,0.00000,0.00017
134.67999,1.02194,0.97823,0.02129,0.00008,0.00023,0.00001,0.00000,0.00001,0.00000,0.00016
134.82001,1.02193,0.98281,0.01667,0.00008,0.00027,0.00001,0.00000,0.00001,0.00000,0.00016
134.96001,1.02193,0.98485,0.01461,0.00009,0.00030,0.00001,0.00000,0.00000,0.00000,0.00014
135.10001,1.02193,0.98659,0.01294,0.00008,0.00025,0.00001,0.00000,0.00000,0.00000,0.00014
135.24001,1.02193,0.98767,0.01181,0.00008,0.00028,0.00001,0.00000,0.00000,0.00000,0.00014
135.38000,1.02193,0.98770,0.01180,0.00008,0.00027,0.00001,0.00000,0.00000,0.00000,0.00013
135.52000,1.02193,0.98661,0.01281,0.00009,0.00033,0.00001,0.00000,0.00000,0.00000,0.00013
135.66000,1.02193,0.98706,0.01240,0.00009,0.00030,0.00001,0.00000,0.00000,0.00000,0.00014
135.80000,1.02193,0.98233,0.01722,0.00008,0.00022,0.00001,0.00000,0.00000,0.00000,0.00014
135.94000,1.02194,0.98270,0.01683,0.00008,0.00024,0.00001,0.00000,0.00000,0.00000,0.00015
136.08000,1.02194,0.97828,0.02118,0.00009,0.00027,0.00001,0.00000,0.00001,0.00000,0.00016
136.22000,1.02194,0.97903,0.02034,0.00010,0.00034,0.00001,0.00000,0.00001,0.00000,0.00016
136.36000,1.02194,0.97979,0.01965,0.00009,0.00029,0.00001,0.00000,0.00001,0.00000,0.00016
136.50000,1.02194,0.98041,0.01903,0.00009,0.00029,0.00001,0.00000,0.00001,0.00000,0.00016
136.64000,1.02194,0.98482,0.01467,0.00008,0.00026,0.00001,0.00000,0.00000,0.00000,0.00015
136.78000,1.02194,0.98717,0.01231,0.00008,0.00028,0.00001,0.00000,0.00000,0.00000,0.00014
136.92000,1.02194,0.98838,0.01114,0.00008,0.00026,0.00001,0.00000,0.00000,0.00000,0.00014
137.06000,1.02194,0.98868,0.01081,0.00008,0.00028,0.00001,0.00000,0.00000,0.00000,0.00014
137.20000,1.02194,0.98594,0.01344,0.00009,0.00036,0.00001,0.00000,0.00001,0.00000,0.00014
137.34000,1.02194,0.98698,0.01248,0.00008,0.00031,0.00001,0.00000,0.00000,0.00000,0.00014
137.48000,1.02194,0.98628,0.01319,0.00009,0.00029,0.00001,0.00000,0.00000,0.00000,0.00014
137.62000,1.02194,0.98456,0.01491,0.00008,0.00028,0.00001,0.00000,0.00001,0.00000,0.00015
137.75999,1.02194,0.98162,0.01782,0.00009,0.00030,0.00001,0.00000,0.00000,0.00000,0.00015
137.89999,1.02194,0.98191,0.01753,0.00009,0.00030,0.00001,0.00000,0.00000,0.00000,0.00015
138.03999,1.02194,0.98134,0.01810,0.00009,0.00031,0.00001,0.00000,0.00001,0.00000,0.00015
138.17999,1.02194,0.97734,0.02217,0.00008,0.00024,0.00001,0.00000,0.00000,0.00000,0.00015
138.32001,1.02193,0.97548,0.02403,0.00008,0.00024,0.00001,0.00000,0.00000,0.00000,0.00016
138.46001,1.02193,0.97724,0.02225,0.00008,0.00025,0.00001,0.00000,0.00001,0.00000,0.00017
138.60001,1.02193,0.97389,0.02562,0.00008,0.00022,0.00001,0.00000,0.00001,0.00000,0.00017
138.74001,1.02193,0.97636,0.02305,0.00010,0.00031,0.00001,0.00000,0.00001,0.00000,0.00016
138.88000,1.02193,0.97749,0.02197,0.00009,0.00027,0.00001,0.00000,0.00001,0.00000,0.00016
139.02000,1.02193,0.97584,0.02358,0.00010,0.00030,0.00001,0.00000,0.00001,0.00000,0.00016
139.16000,1.02193,0.97795,0.02150,0.00010,0.00028,0.00001,0.00000,0.00001,0.00000,0.00016
139.30000,1.02193,0.97984,0.01953,0.00010,0.00034,0.00001,0.00000,0.00001,0.00000,0.00017
139.44000,1.02194,0.97939,0.01997,0.00011,0.00035,0.00001,0.00000,0.00001,0.00000,0.00016
139.58000,1.02194,0.98178,0.01758,0.00010,0.00035,0.00001,0.00000,0.00001,0.00000,0.00016
139.72000,1.02194,0.98427,0.01516,0.00010,0.00031,0.00001,0.00000,0.00000,0.00000,0.00015
139.86000,1.02194,0.98682,0.01265,0.00008,0.00028,0.00001,0.00000,0.00000,0.00000,0.00015
140.00000,1.02194,0.98679,0.01269,0.00009,0.00028,0.00001,0.00000,0.00000,0.00000,0.00014
140.14000,1.02194,0.98765,0.01178,0.00009,0.00032,0.00001,0.00000,0.00000,0.00000,0.00014
140.28000,1.02194,0.98684,0.01262,0.00009,0.00030,0.00001,0.00000,0.00000,0.00000,0.00014
140.42000,1.02194,0.98784,0.01166,0.00008,0.00026,0.00001,0.00000,0.00000,0.00000,0.00014
140.56000,1.02194,0.98337,0.01609,0.00009,0.00029,0.00001,0.00000,0.00000,0.00000,0.00015
140.70000,1.02194,0.98136,0.01812,0.00009,0.00027,0.00001,0.00000,0.00000,0.00000,0.00015
140.84000,1.02194,0.97976,0.01973,0.00009,0.00025,0.00001,0.00000,0.00000,0.00000,0.00016
140.98000,1.02194,0.97706,0.02242,0.00009,0.00026,0.00001,0.00000,0.00000,0.00000,0.00016
141.12000,1.02194,0.97773,0.02174,0.00008,0.00026,0.00001,0.00000,0.00001,0.00000,0.00017
141.25999,1.02194,0.97758,0.02187,0.00009,0.00028,0.00001,0.00000,0.00001,0.00000,0.00017
141.39999,1.02194,0.98144,0.01805,0.00008,0.00026,0.00001,0.00000,0.00001,0.00000,0.00016
141.53999,1.02194,0.98159,0.01792,0.00008,0.00024,0.00001,0.00000,0.00001,0.00000,0.00015
141.67999,1.02194,0.98218,0.01722,0.00010,0.00033,0.00001,0.00000,0.00001,0.00000,0.00015
141.82001,1.02193,0.98309,0.01621,0.00011,0.00041,0.00001,0.00000,0.00001,0.00000,0.00015
141.96001,1.02193,0.98290,0.01642,0.00011,0.00040,0.00001,0.00000,0.00001,0.00000,0.00015
142.10001,1.02193,0.97958,0.01975,0.00012,0.00038,0.00001,0.00000,0.00001,0.00000,0.00016
142.24001,1.02193,0.97718,0.02213,0.00012,0.00038,0.00001,0.00000,0.00001,0.00000,0.00017
142.38000,1.02193,0.98109,0.01825,0.00011,0.00037,0.00001,0.00000,0.00001,0.00000,0.00017
142.52000,1.02193,0.98248,0.01683,0.00011,0.00040,0.00001,0.00000,0.00001,0.00000,0.00016
142.66000,1.02193,0.98335,0.01602,0.00010,0.00035,0.00001,0.00000,0.00001,0.00000,0.00016
142.80000,1.02193,0.97916,0.02017,0.00011,0.00038,0.00001,0.00000,0.00001,0.00000,0.00016
142.94000,1.02194,0.98070,0.01859,0.00012,0.00042,0.00001,0.00000,0.00001,0.00000,0.00015
143.08000,1.02194,0.97825,0.02106,0.00012,0.00039,0.00001,0.00000,0.00001,0.00000,0.00016
143.22000,1.02194,0.98033,0.01896,0.00012,0.00041,0.00001,0.00000,0.00001,0.00000,0.00017
143.36000,1.02194,0.97500,0.02426,0.00013,0.00042,0.00001,0.00000,0.00001,0.00000,0.00017
143.50000,1.02194,0.98147,0.01796,0.00009,0.00030,0.00001,0.00000,0.00001,0.00000,0.00016
143.64000,1.02194,0.98242,0.01708,0.00009,0.00026,0.00001,0.00000,0.00000,0.00000,0.00015
143.78000,1.02194,0.98311,0.01649,0.00007,0.00018,0.00001,0.00000,0.00000,0.00000,0.00014
143.92000,1.02194,0.98394,0.01571,0.00005,0.00014,0.00001,0.00000,0.00000,0.00000,0.00014
144.06000,1.02194,0.98102,0.01858,0.00007,0.00018,0.00001,0.00000,0.00000,0.00000,0.00014
144.20000,1.02194,0.97886,0.02074,0.00006,0.00017,0.00001,0.00000,0.00000,0.00000,0.00015
144.34000,1.02194,0.98143,0.01816,0.00006,0.00017,0.00001,0.00000,0.00000,0.00000,0.00016
144.48000,1.02194,0.98424,0.01540,0.00006,0.00016,0.00001,0.00000,0.00000,0.00000,0.00014
144.62000,1.02194,0.98344,0.01614,0.00006,0.00019,0.00001,0.00000,0.00000,0.00000,0.00015
144.75999,1.02194,0.98401,0.01552,0.00008,0.00024,0.00001,0.00000,0.00000,0.00000,0.00014
144.89999,1.02194,0.98654,0.01294,0.00008,0.00028,0.00001,0.00000,0.00000,0.00000,0.00014
145.03999,1.02194,0.98661,0.01281,0.00009,0.00034,0.00001,0.00000,0.00001,0.00000,0.00014
145.17999,1.02194,0.98164,0.01777,0.00010,0.00033,0.00001,0.00000,0.00001,0.00000,0.00016
145.32001,1.02193,0.97709,0.02218,0.00012,0.00042,0.00001,0.00000,0.00001,0.00000,0.00016
145.46001,1.02193,0.97924,0.02013,0.00011,0.00034,0.00001,0.00000,0.00001,0.00000,0.00016
145.60001,1.02193,0.98580,0.01370,0.00008,0.00026,0.00001,0.00000,0.00000,0.00000,0.00015
145.74001,1.02193,0.98384,0.01563,0.00009,0.00028,0.00001,0.00000,0.00000,0.00000,0.00015
145.88000,1.02193,0.98102,0.01846,0.00009,0.00027,0.00001,0.00000,0.00000,0.00000,0.00015
146.02000,1.02193,0.98044,0.01901,0.00009,0.00029,0.00001,0.00000,0.00000,0.00000,0.00015
146.16000,1.02193,0.98383,0.01567,0.00008,0.00026,0.00001,0.00000,0.00000,0.00000,0.00015
146.30000,1.02193,0.98234,0.01714,0.00009,0.00025,0.00001,0.00000,0.00001,0.00000,0.00016
146.44000,1.02194,0.97646,0.02288,0.00012,0.00036,0.00001,0.00000,0.00001,0.00000,0.00016
146.58000,1.02194,0.97550,0.02387,0.00011,0.00035,0.00001,0.00000,0.00001,0.00000,0.00017
146.72000,1.02194,0.97807,0.02121,0.00012,0.00041,0.00001,0.00000,0.00001,0.00000,0.00017
146.86000,1.02194,0.97809,0.02120,0.00012,0.00041,0.00001,0.00000,0.00001,0.00000,0.00016
147.00000,1.02194,0.97475,0.02459,0.00012,0.00036,0.00001,0.00000,0.00001,0.00000,0.00016
147.14000,1.02194,0.97205,0.02728,0.00012,0.00036,0.00001,0.00000,0.00001,0.00000,0.00018
147.28000,1.02194,0.97323,0.02615,0.00011,0.00033,0.00001,0.00000,0.00001,0.00000,0.00016
147.42000,1.02194,0.96827,0.03089,0.00016,0.00049,0.00001,0.00000,0.00001,0.00000,0.00017
147.56000,1.02194,0.95913,0.03910,0.00027,0.00128,0.00002,0.00000,0.00001,0.00000,0.00020
147.70000,1.02194,0.95672,0.04193,0.00025,0.00088,0.00002,0.00000,0.00001,0.00000,0.00020
147.84000,1.02194,0.94770,0.05078,0.00029,0.00100,0.00002,0.00000,0.00001,0.00000,0.00021
147.98000,1.02194,0.92795,0.06999,0.00038,0.00141,0.00002,0.00000,0.00001,0.00000,0.00024
148.12000,1.02194,0.93974,0.05839,0.00032,0.00127,0.00002,0.00000,0.00001,0.00000,0.00025
148.25999,1.02194,0.95231,0.04547,0.00037,0.00158,0.00002,0.00000,0.00001,0.00000,0.00023
148.39999,1.02194,0.96735,0.03123,0.00023,0.00095,0.00002,0.00000,0.00001,0.00000,0.00021
148.53999,1.02194,0.96822,0.03114,0.00010,0.00032,0.00001,0.00000,0.00001,0.00000,0.00019
148.67999,1.02194,0.97005,0.02927,0.00012,0.00038,0.00001,0.00000,0.00001,0.00000,0.00017
148.82001,1.02193,0.97825,0.02124,0.00009,0.00025,0.00001,0.00000,0.00000,0.00000,0.00016
148.96001,1.02193,0.98026,0.01923,0.00008,0.00025,0.00001,0.00000,0.00001,0.00000,0.00017
149.10001,1.02193,0.97842,0.02101,0.00010,0.00029,0.00001,0.00000,0.00001,0.00000,0.00016
149.24001,1.02193,0.97059,0.02876,0.00012,0.00034,0.00001,0.00000,0.00001,0.00000,0.00017
149.38000,1.02193,0.97446,0.02486,0.00013,0.00038,0.00001,0.00000,0.00001,0.00000,0.00016
149.52000,1.02193,0.97649,0.02291,0.00011,0.00031,0.00001,0.00000,0.00001,0.00000,0.00016
149.66000,1.02193,0.97740,0.02196,0.00011,0.00035,0.00001,0.00000,0.00001,0.00000,0.00017
149.80000,1.02193,0.98016,0.01920,0.00010,0.00035,0.00001,0.00000,0.00001,0.00000,0.00017
149.94000,1.02194,0.98314,0.01625,0.00010,0.00033,0.00001,0.00000,0.00001,0.00000,0.00016
150.08000,1.02194,0.98499,0.01450,0.00008,0.00026,0.00001,0.00000,0.00000,0.00000,0.00015
150.22000,1.02194,0.98533,0.01417,0.00009,0.00026,0.00001,0.00000,0.00000,0.00000,0.00014
150.36000,1.02194,0.98513,0.01437,0.00008,0.00025,0.00001,0.00000,0.00000,0.00000,0.00014
150.50000,1.02194,0.98376,0.01570,0.00009,0.00029,0.00001,0.00000,0.00000,0.00000,0.00014
150.64000,1.02194,0.98078,0.01863,0.00010,0.00032,0.00001,0.00000,0.00000,0.00000,0.00015
150.78000,1.02194,0.98093,0.01845,0.00010,0.00035,0.00001,0.00000,0.00001,0.00000,0.00016
150.92000,1.02194,0.97973,0.01966,0.00010,0.00033,0.00001,0.00000,0.00001,0.00000,0.00017
151.06000,1.02194,0.97865,0.02080,0.00009,0.00029,0.00001,0.00000,0.00001,0.00000,0.00016
151.20000,1.02194,0.97996,0.01940,0.00011,0.00035,0.00001,0.00000,0.00001,0.00000,0.00016
151.34000,1.02194,0.98075,0.01852,0.00011,0.00044,0.00001,0.00000,0.00001,0.00000,0.00017
151.48000,1.02194,0.98018,0.01913,0.00012,0.00040,0.00001,0.00000,0.00001,0.00000,0.00016
151.62000,1.02194,0.97843,0.02083,0.00013,0.00043,0.00001,0.00000,0.00001,0.00000,0.00016
151.75999,1.02194,0.97442,0.02489,0.00012,0.00039,0.00001,0.00000,0.00001,0.00000,0.00016
151.89999,1.02194,0.97745,0.02189,0.00011,0.00036,0.00001,0.00000,0.00001,0.00000,0.00017
152.03999,1.02194,0.97805,0.02126,0.00012,0.00039,0.00001,0.00000,0.00001,0.00000,0.00016
152.17999,1.02194,0.97989,0.01947,0.00010,0.00035,0.00001,0.00000,0.00001,0.00000,0.00017
152.32001,1.02193,0.98055,0.01894,0.00008,0.00026,0.00001,0.00000,0.00001,0.00000,0.00016
152.46001,1.02193,0.98348,0.01600,0.00008,0.00027,0.00001,0.00000,0.00001,0.00000,0.00015
152.60001,1.02193,0.98257,0.01694,0.00008,0.00025,0.00001,0.00000,0.00000,0.00000,0.00015
152.74001,1.02193,0.98685,0.01260,0.00009,0.00030,0.00001,0.00000,0.00000,0.00000,0.00015
152.88000,1.02193,0.98467,0.01483,0.00009,0.00027,0.00001,0.00000,0.00000,0.00000,0.00014
153.02000,1.02193,0.98713,0.01241,0.00007,0.00022,0.00001,0.00000,0.00000,0.00000,0.00014
153.16000,1.02193,0.98448,0.01504,0.00008,0.00024,0.00001,0.00000,0.00000,0.00000,0.00014
153.30000,1.02193,0.98184,0.01768,0.00008,0.00024,0.00001,0.00000,0.00000,0.00000,0.00014
153.44000,1.02194,0.97925,0.02028,0.00008,0.00023,0.00001,0.00000,0.00000,0.00000,0.00015
153.58000,1.02194,0.97388,0.02556,0.00010,0.00028,0.00001,0.00000,0.00001,0.00000,0.00016
153.72000,1.02194,0.97570,0.02379,0.00008,0.00024,0.00001,0.00000,0.00001,0.00000,0.00017
153.86000,1.02194,0.97903,0.02043,0.00008,0.00026,0.00001,0.00000,0.00001,0.00000,0.00017
154.00000,1.02194,0.98062,0.01882,0.00008,0.00030,0.00001,0.00000,0.00001,0.00000,0.00017
154.14000,1.02194,0.98550,0.01396,0.00008,0.00029,0.00001,0.00000,0.00001,0.00000,0.00015
154.28000,1.02194,0.98678,0.01263,0.00009,0.00034,0.00001,0.00000,0.00001,0.00000,0.00014
154.42000,1.02194,0.98849,0.01104,0.00008,0.00025,0.00001,0.00000,0.00000,0.00000,0.00013
154.56000,1.02194,0.98763,0.01183,0.00009,0.00030,0.00001,0.00000,0.00000,0.00000,0.00013
154.70000,1.02194,0.98430,0.01518,0.00009,0.00029,0.00001,0.00000,0.00000,0.00000,0.00013
154.84000,1.02194,0.98253,0.01696,0.00008,0.00026,0.00001,0.00000,0.00000,0.00000,0.00015
154.98000,1.02194,0.97705,0.02241,0.00009,0.00027,0.00001,0.00000,0.00000,0.00000,0.00016
155.12000,1.02194,0.97200,0.02749,0.00009,0.00024,0.00001,0.00000,0.00001,0.00000,0.00017
155.25999,1.02194,0.97205,0.02739,0.00010,0.00027,0.00001,0.00000,0.00001,0.00000,0.00017
155.39999,1.02194,0.97770,0.02182,0.00008,0.00022,0.00001,0.00000,0.00001,0.00000,0.00017
155.53999,1.02194,0.97906,0.02045,0.00008,0.00023,0.00001,0.00000,0.00000,0.00000,0.00016
155.67999,1.02194,0.98330,0.01624,0.00007,0.00022,0.00001,0.00000,0.00000,0.00000,0.00016
155.82001,1.02193,0.98521,0.01438,0.00007,0.00019,0.00001,0.00000,0.00000,0.00000,0.00014
155.96001,1.02193,0.98658,0.01300,0.00007,0.00020,0.00001,0.00000,0.00000,0.00000,0.00014
156.10001,1.02193,0.98653,0.01308,0.00006,0.00018,0.00001,0.00000,0.00000,0.00000,0.00013
156.24001,1.02193,0.98641,0.01317,0.00007,0.00020,0.00001,0.00000,0.00000,0.00000,0.00014
156.38000,1.02193,0.98491,0.01461,0.00008,0.00025,0.00001,0.00000,0.00000,0.00000,0.00014
156.52000,1.02193,0.98419,0.01537,0.00007,0.00021,0.00001,0.00000,0.00000,0.00000,0.00015
156.66000,1.02193,0.98361,0.01586,0.00009,0.00028,0.00001,0.00000,0.00001,0.00000,0.00015
156.80000,1.02193,0.98305,0.01639,0.00009,0.00030,0.00001,0.00000,0.00001,0.00000,0.00015
156.94000,1.02194,0.98322,0.01626,0.00008,0.00027,0.00001,0.00000,0.00001,0.00000,0.00015
157.08000,1.02194,0.98597,0.01348,0.00008,0.00030,0.00001,0.00000,0.00001,0.00000,0.00015
157.22000,1.02194,0.98607,0.01344,0.00008,0.00025,0.00001,0.00000,0.00000,0.00000,0.00014
157.36000,1.02194,0.98534,0.01413,0.00008,0.00028,0.00001,0.00000,0.00000,0.00000,0.00014
157.50000,1.02194,0.98425,0.01522,0.00009,0.00029,0.00001,0.00000,0.00000,0.00000,0.00014
157.64000,1.02194,0.98500,0.01458,0.00007,0.00020,0.00001,0.00000,0.00000,0.00000,0.00013
157.78000,1.02194,0.98713,0.01246,0.00006,0.00019,0.00001,0.00000,0.00000,0.00000,0.00014
157.92000,1.02194,0.98327,0.01629,0.00007,0.00021,0.00001,0.00000,0.00000,0.00000,0.00014
158.06000,1.02194,0.98090,0.01864,0.00008,0.00023,0.00001,0.00000,0.00000,0.00000,0.00014
158.20000,1.02194,0.98400,0.01551,0.00008,0.00026,0.00001,0.00000,0.00000,0.00000,0.00015
158.34000,1.02194,0.98241,0.01711,0.00008,0.00024,0.00001,0.00000,0.00000,0.00000,0.00015
158.48000,1.02194,0.98197,0.01753,0.00008,0.00025,0.00001,0.00000,0.00000,0.00000,0.00015
158.62000,1.02194,0.98141,0.01796,0.00010,0.00035,0.00001,0.00000,0.00001,0.00000,0.00016
158.75999,1.02194,0.98025,0.01915,0.00010,0.00033,0.00001,0.00000,0.00001,0.00000,0.00016
158.89999,1.02194,0.98209,0.01726,0.00010,0.00036,0.00001,0.00000,0.00001,0.00000,0.00016
159.03999,1.02194,0.98201,0.01738,0.00010,0.00033,0.00001,0.00000,0.00001,0.00000,0.00016
159.17999,1.02194,0.98309,0.01638,0.00008,0.00027,0.00001,0.00000,0.00001,0.00000,0.00016
159.32001,1.02193,0.98275,0.01676,0.00008,0.00024,0.00001,0.00000,0.00000,0.00000,0.00015
159.46001,1.02193,0.98640,0.01317,0.00006,0.00020,0.00001,0.00000,0.00000,0.00000,0.00014
159.60001,1.02193,0.98698,0.01261,0.00006,0.00019,0.00001,0.00000,0.00000,0.00000,0.00014
159.74001,1.02193,0.98685,0.01274,0.00006,0.00020,0.00001,0.00000,0.00000,0.00000,0.00014
159.88000,1.02193,0.98656,0.01299,0.00007,0.00023,0.00001,0.00000,0.00000,0.00000,0.00014
160.02000,1.02193,0.98618,0.01338,0.00007,0.00022,0.00001,0.00000,0.00000,0.00000,0.00013
160.16000,1.02193,0.98535,0.01417,0.00008,0.00024,0.00001,0.00000,0.00000,0.00000,0.00014
160.30000,1.02193,0.98514,0.01433,0.00008,0.00028,0.00001,0.00000,0.00000,0.00000,0.00015
160.44000,1.02194,0.98428,0.01513,0.00009,0.00033,0.00001,0.00000,0.00001,0.00000,0.00015
160.58000,1.02194,0.98401,0.01535,0.00010,0.00037,0.00001,0.00000,0.00001,0.00000,0.00015
160.72000,1.02194,0.98150,0.01788,0.00010,0.00034,0.00001,0.00000,0.00001,0.00000,0.00015
160.86000,1.02194,0.98192,0.01742,0.00011,0.00038,0.00001,0.00000,0.00001,0.00000,0.00016
161.00000,1.02194,0.97986,0.01940,0.00012,0.00043,0.00001,0.00000,0.00001,0.00000,0.00017
161.14000,1.02194,0.97958,0.01960,0.00013,0.00050,0.00001,0.00000,0.00001,0.00000,0.00017
161.28000,1.02194,0.97985,0.01935,0.00013,0.00048,0.00001,0.00000,0.00001,0.00000,0.00017
161.42000,1.02194,0.97749,0.02173,0.00012,0.00046,0.00001,0.00000,0.00001,0.00000,0.00017
161.56000,1.02194,0.97761,0.02161,0.00013,0.00047,0.00001,0.00000,0.00001,0.00000,0.00017
161.70000,1.02194,0.97769,0.02154,0.00013,0.00045,0.00001,0.00000,0.00001,0.00000,0.00017
161.84000,1.02194,0.97697,0.02222,0.00013,0.00048,0.00001,0.00000,0.00001,0.00000,0.00018
161.98000,1.02194,0.97478,0.02437,0.00015,0.00051,0.00001,0.00000,0.00001,0.00000,0.00017
162.12000,1.02194,0.97704,0.02220,0.00013,0.00045,0.00001,0.00000,0.00001,0.00000,0.00017
162.25999,1.02194,0.97963,0.01971,0.00011,0.00036,0.00001,0.00000,0.00001,0.00000,0.00017
162.39999,1.02194,0.97794,0.02139,0.00011,0.00037,0.00001,0.00000,0.00001,0.00000,0.00016
162.53999,1.02194,0.97727,0.02206,0.00011,0.00037,0.00001,0.00000,0.00001,0.00000,0.00016
162.67999,1.02194,0.97820,0.02108,0.00012,0.00042,0.00001,0.00000,0.00001,0.00000,0.00017
162.82001,1.02193,0.98052,0.01886,0.00011,0.00034,0.00001,0.00000,0.00001,0.00000,0.00016
162.96001,1.02193,0.97880,0.02056,0.00011,0.00035,0.00001,0.00000,0.00001,0.00000,0.00016
163.10001,1.02193,0.97938,0.01997,0.00011,0.00036,0.00001,0.00000,0.00001,0.00000,0.00016
163.24001,1.02193,0.97928,0.02005,0.00011,0.00039,0.00001,0.00000,0.00001,0.00000,0.00016
163.38000,1.02193,0.98323,0.01620,0.00009,0.00031,0.00001,0.00000,0.00001,0.00000,0.00016
163.52000,1.02193,0.98388,0.01556,0.00008,0.00029,0.00001,0.00000,0.00001,0.00000,0.00016
163.66000,1.02193,0.98085,0.01860,0.00009,0.00029,0.00001,0.00000,0.00001,0.00000,0.00015
163.80000,1.02193,0.98300,0.01646,0.00008,0.00029,0.00001,0.00000,0.00001,0.00000,0.00015
163.94000,1.02194,0.98561,0.01376,0.00010,0.00037,0.00001,0.00000,0.00001,0.00000,0.00015
164.08000,1.02194,0.98555,0.01388,0.00009,0.00032,0.00001,0.00000,0.00001,0.00000,0.00014
164.22000,1.02194,0.98386,0.01550,0.00010,0.00038,0.00001,0.00000,0.00001,0.00000,0.00015
164.36000,1.02194,0.98150,0.01782,0.00011,0.00039,0.00001,0.00000,0.00001,0.00000,0.00015
164.50000,1.02194,0.98327,0.01613,0.00009,0.00033,0.00001,0.00000,0.00001,0.00000,0.00015
164.64000,1.02194,0.98344,0.01591,0.00010,0.00037,0.00001,0.00000,0.00001,0.00000,0.00016
164.78000,1.02194,0.98183,0.01757,0.00010,0.00033,0.00001,0.00000,0.00001,0.00000,0.00015
164.92000,1.02194,0.98061,0.01877,0.00010,0.00035,0.00001,0.00000,0.00001,0.00000,0.00016
165.06000,1.02194,0.98288,0.01651,0.00010,0.00034,0.00001,0.00000,0.00001,0.00000,0.00016
165.20000,1.02194,0.98307,0.01637,0.00009,0.00030,0.00001,0.00000,0.00001,0.00000,0.00015
165.34000,1.02194,0.98273,0.01664,0.00011,0.00035,0.00001,0.00000,0.00001,0.00000,0.00015
165.48000,1.02194,0.98240,0.01696,0.00010,0.00035,0.00001,0.00000,0.00001,0.00000,0.00016
165.62000,1.02194,0.98392,0.01551,0.00009,0.00031,0.00001,0.00000,0.00001,0.00000,0.00015
165.75999,1.02194,0.98426,0.01520,0.00009,0.00028,0.00001,0.00000,0.00000,0.00000,0.00015
165.89999,1.02194,0.98109,0.01832,0.00010,0.00033,0.00001,0.00000,0.00000,0.00000,0.00015
166.03999,1.02194,0.98036,0.01913,0.00009,0.00025,0.00001,0.00000,0.00000,0.00000,0.00015
166.17999,1.02194,0.98102,0.01841,0.00009,0.00030,0.00001,0.00000,0.00001,0.00000,0.00016
166.32001,1.02193,0.97646,0.02296,0.00011,0.00031,0.00001,0.00000,0.00001,0.00000,0.00016
166.46001,1.02193,0.97415,0.02522,0.00011,0.00034,0.00001,0.00000,0.00001,0.00000,0.00017
166.60001,1.02193,0.97692,0.02252,0.00010,0.00029,0.00001,0.00000,0.00001,0.00000,0.00016
166.74001,1.02193,0.97873,0.02075,0.00009,0.00026,0.00001,0.00000,0.00000,0.00000,0.00016
166.88000,1.02193,0.97625,0.02321,0.00010,0.00027,0.00001,0.00000,0.00001,0.00000,0.00016
167.02000,1.02193,0.97473,0.02471,0.00010,0.00029,0.00001,0.00000,0.00001,0.00000,0.00017
167.16000,1.02193,0.97565,0.02383,0.00009,0.00025,0.00001,0.00000,0.00001,0.00000,0.00017
167.30000,1.02193,0.97762,0.02189,0.00008,0.00023,0.00001,0.00000,0.00001,0.00000,0.00017
167.44000,1.02194,0.97336,0.02608,0.00009,0.00028,0.00001,0.00000,0.00001,0.00000,0.00017
167.58000,1.02194,0.97579,0.02359,0.00010,0.00033,0.00001,0.00000,0.00001,0.00000,0.00017
167.72000,1.02194,0.97975,0.01970,0.00009,0.00029,0.00001,0.00000,0.00001,0.00000,0.00016
167.86000,1.02194,0.97921,0.02019,0.00010,0.00033,0.00001,0.00000,0.00001,0.00000,0.00015
168.00000,1.02194,0.97905,0.02038,0.00010,0.00030,0.00001,0.00000,0.00001,0.00000,0.00016
168.14000,1.02194,0.98038,0.01898,0.00010,0.00036,0.00001,0.00000,0.00001,0.00000,0.00017
168.28000,1.02194,0.98178,0.01760,0.00010,0.00035,0.00001,0.00000,0.00001,0.00000,0.00015
168.42000,1.02194,0.97925,0.02022,0.00009,0.00027,0.00001,0.00000,0.00001,0.00000,0.00016
168.56000,1.02194,0.97928,0.02025,0.00008,0.00023,0.00001,0.00000,0.00000,0.00000,0.00016
168.70000,1.02194,0.98197,0.01760,0.00007,0.00020,0.00001,0.00000,0.00000,0.00000,0.00015
168.84000,1.02194,0.98311,0.01635,0.00008,0.00029,0.00001,0.00000,0.00001,0.00000,0.00015
168.98000,1.02194,0.98042,0.01894,0.00011,0.00036,0.00001,0.00000,0.00001,0.00000,0.00016
169.12000,1.02194,0.97838,0.02109,0.00009,0.00027,0.00001,0.00000,0.00000,0.00000,0.00015
169.25999,1.02194,0.97975,0.01975,0.00009,0.00025,0.00001,0.00000,0.00000,0.00000,0.00015
169.39999,1.02194,0.97934,0.02012,0.00010,0.00028,0.00001,0.00000,0.00000,0.00000,0.00016
169.53999,1.02194,0.97061,0.02868,0.00012,0.00040,0.00001,0.00000,0.00001,0.00000,0.00017
169.67999,1.02194,0.97486,0.02449,0.00011,0.00035,0.00001,0.00000,0.00001,0.00000,0.00017
169.82001,1.02193,0.97732,0.02220,0.00008,0.00022,0.00001,0.00000,0.00000,0.00000,0.00017
169.96001,1.02193,0.97925,0.02033,0.00007,0.00018,0.00001,0.00000,0.00000,0.00000,0.00015
170.10001,1.02193,0.97491,0.02463,0.00008,0.00020,0.00001,0.00000,0.00000,0.00000,0.00016
170.24001,1.02193,0.97635,0.02304,0.00010,0.00032,0.00001,0.00000,0.00001,0.00000,0.00016
170.38000,1.02193,0.97743,0.02204,0.00009,0.00027,0.00001,0.00000,0.00001,0.00000,0.00016
170.52000,1.02193,0.97732,0.02220,0.00008,0.00022,0.00001,0.00000,0.00000,0.00000,0.00016
170.66000,1.02193,0.97428,0.02517,0.00010,0.00027,0.00001,0.00000,0.00001,0.00000,0.00017
170.80000,1.02193,0.96953,0.02990,0.00010,0.00028,0.00001,0.00000,0.00001,0.00000,0.00017
170.94000,1.02194,0.97487,0.02462,0.00008,0.00024,0.00001,0.00000,0.00001,0.00000,0.00017
171.08000,1.02194,0.97518,0.02433,0.00008,0.00022,0.00001,0.00000,0.00000,0.00000,0.00016
171.22000,1.02194,0.97570,0.02383,0.00008,0.00021,0.00001,0.00000,0.00000,0.00000,0.00016
171.36000,1.02194,0.97313,0.02637,0.00008,0.00024,0.00001,0.00000,0.00001,0.00000,0.00017
171.50000,1.02194,0.97643,0.02308,0.00008,0.00023,0.00001,0.00000,0.00001,0.00000,0.00016
171.64000,1.02194,0.97924,0.02031,0.00008,0.00021,0.00001,0.00000,0.00000,0.00000,0.00016
171.78000,1.02194,0.98055,0.01892,0.00009,0.00026,0.00001,0.00000,0.00001,0.00000,0.00016
171.92000,1.02194,0.97963,0.01975,0.00010,0.00034,0.00001,0.00000,0.00001,0.00000,0.00016
172.06000,1.02194,0.98390,0.01552,0.00009,0.00032,0.00001,0.00000,0.00001,0.00000,0.00015
172.20000,1.02194,0.98519,0.01421,0.00010,0.00033,0.00001,0.00000,0.00001,0.00000,0.00015
172.34000,1.02194,0.98156,0.01772,0.00012,0.00043,0.00001,0.00000,0.00001,0.00000,0.00015
172.48000,1.02194,0.98007,0.01917,0.00012,0.00046,0.00001,0.00000,0.00001,0.00000,0.00017
172.62000,1.02194,0.98148,0.01775,0.00013,0.00046,0.00001,0.00000,0.00001,0.00000,0.00016
172.75999,1.02194,0.98378,0.01555,0.00011,0.00038,0.00001,0.00000,0.00001,0.00000,0.00016
172.89999,1.02194,0.97905,0.02024,0.00013,0.00041,0.00001,0.00000,0.00001,0.00000,0.00016
173.03999,1.02194,0.97870,0.02044,0.00014,0.00053,0.00001,0.00000,0.00001,0.00000,0.00017
173.17999,1.02194,0.97777,0.02150,0.00013,0.00042,0.00001,0.00000,0.00001,0.00000,0.00016
173.32001,1.02193,0.97810,0.02126,0.00011,0.00035,0.00001,0.00000,0.00001,0.00000,0.00016
173.46001,1.02193,0.97737,0.02201,0.00010,0.00033,0.00001,0.00000,0.00001,0.00000,0.00017
173.60001,1.02193,0.97406,0.02523,0.00012,0.00039,0.00001,0.00000,0.00001,0.00000,0.00018
173.74001,1.02193,0.97488,0.02440,0.00012,0.00040,0.00001,0.00000,0.00001,0.00000,0.00018
173.88000,1.02193,0.97560,0.02361,0.00014,0.00046,0.00001,0.00000,0.00001,0.00000,0.00017
174.02000,1.02193,0.97952,0.01979,0.00012,0.00039,0.00001,0.00000,0.00001,0.00000,0.00017
174.16000,1.02193,0.98029,0.01902,0.00012,0.00039,0.00001,0.00000,0.00001,0.00000,0.00016
174.30000,1.02193,0.98108,0.01822,0.00012,0.00040,0.00001,0.00000,0.00001,0.00000,0.00016
174.44000,1.02194,0.97820,0.02103,0.00013,0.00046,0.00001,0.00000,0.00001,0.00000,0.00016
174.58000,1.02194,0.98065,0.01864,0.00012,0.00040,0.00001,0.00000,0.00001,0.00000,0.00016
174.72000,1.02194,0.98331,0.01610,0.00009,0.00032,0.00001,0.00000,0.00001,0.00000,0.00016
174.86000,1.02194,0.98352,0.01594,0.00009,0.00028,0.00001,0.00000,0.00000,0.00000,0.00015
175.00000,1.02194,0.98370,0.01578,0.00008,0.00026,0.00001,0.00000,0.00001,0.00000,0.00016
175.14000,1.02194,0.98323,0.01620,0.00009,0.00031,0.00001,0.00000,0.00000,0.00000,0.00015
175.28000,1.02194,0.98538,0.01411,0.00008,0.00027,0.00001,0.00000,0.00000,0.00000,0.00014
175.42000,1.02194,0.98500,0.01445,0.00009,0.00029,0.00001,0.00000,0.00000,0.00000,0.00015
175.56000,1.02194,0.98157,0.01783,0.00010,0.00032,0.00001,0.00000,0.00001,0.00000,0.00015
175.70000,1.02194,0.97892,0.02051,0.00010,0.00030,0.00001,0.00000,0.00001,0.00000,0.00016
175.84000,1.02194,0.97802,0.02140,0.00010,0.00031,0.00001,0.00000,0.00001,0.00000,0.00016
175.98000,1.02194,0.97819,0.02129,0.00009,0.00026,0.00001,0.00000,0.00000,0.00000,0.00016
176.12000,1.02194,0.97639,0.02303,0.00010,0.00030,0.00001,0.00000,0.00001,0.00000,0.00016
176.25999,1.02194,0.97240,0.02693,0.00011,0.00036,0.00001,0.00000,0.00001,0.00000,0.00017
176.39999,1.02194,0.97180,0.02754,0.00011,0.00036,0.00001,0.00000,0.00001,0.00000,0.00018
176.53999,1.02194,0.97340,0.02588,0.00013,0.00040,0.00001,0.00000,0.00001,0.00000,0.00017
176.67999,1.02194,0.97709,0.02222,0.00012,0.00037,0.00001,0.00000,0.00001,0.00000,0.00018
176.82001,1.02193,0.97955,0.01971,0.00013,0.00043,0.00001,0.00000,0.00001,0.00000,0.00017
176.96001,1.02193,0.98055,0.01878,0.00012,0.00038,0.00001,0.00000,0.00001,0.00000,0.00015
177.10001,1.02193,0.98209,0.01730,0.00010,0.00034,0.00001,0.00000,0.00001,0.00000,0.00016
177.24001,1.02193,0.98037,0.01904,0.00010,0.00033,0.00001,0.00000,0.00001,0.00000,0.00016
177.38000,1.02193,0.97858,0.02084,0.00009,0.00031,0.00001,0.00000,0.00001,0.00000,0.00016
177.52000,1.02193,0.97735,0.02202,0.00010,0.00034,0.00001,0.00000,0.00001,0.00000,0.00017
177.66000,1.02193,0.97723,0.02213,0.00011,0.00035,0.00001,0.00000,0.00001,0.00000,0.00017
177.80000,1.02193,0.97613,0.02322,0.00011,0.00036,0.00001,0.00000,0.00001,0.00000,0.00016
177.94000,1.02194,0.98202,0.01735,0.00010,0.00034,0.00001,0.00000,0.00001,0.00000,0.00017
178.08000,1.02194,0.98109,0.01829,0.00010,0.00034,0.00001,0.00000,0.00001,0.00000,0.00016
178.22000,1.02194,0.98170,0.01768,0.00010,0.00034,0.00001,0.00000,0.00001,0.00000,0.00015
178.36000,1.02194,0.98024,0.01918,0.00009,0.00031,0.00001,0.00000,0.00001,0.00000,0.00016
178.50000,1.02194,0.98242,0.01702,0.00009,0.00030,0.00001,0.00000,0.00001,0.00000,0.00016
178.64000,1.02194,0.97890,0.02054,0.00010,0.00030,0.00001,0.00000,0.00001,0.00000,0.00015
178.78000,1.02194,0.97613,0.02323,0.00011,0.00035,0.00001,0.00000,0.00001,0.00000,0.00016
178.92000,1.02194,0.97507,0.02436,0.00010,0.00029,0.00001,0.00000,0.00001,0.00000,0.00017
179.06000,1.02194,0.97859,0.02085,0.00009,0.00029,0.00001,0.00000,0.00001,0.00000,0.00017
179.20000,1.02194,0.98173,0.01781,0.00007,0.00022,0.00001,0.00000,0.00000,0.00000,0.00015
179.34000,1.02194,0.98453,0.01509,0.00006,0.00016,0.00001,0.00000,0.00000,0.00000,0.00014
179.48000,1.02194,0.98477,0.01486,0.00005,0.00016,0.00001,0.00000,0.00000,0.00000,0.00014
179.62000,1.02194,0.98771,0.01196,0.00005,0.00015,0.00001,0.00000,0.00000,0.00000,0.00013
179.75999,1.02194,0.98861,0.01102,0.00006,0.00018,0.00001,0.00000,0.00000,0.00000,0.00013
179.89999,1.02194,0.98825,0.01137,0.00006,0.00018,0.00001,0.00000,0.00000,0.00000,0.00013
180.03999,1.02194,0.98700,0.01258,0.00006,0.00020,0.00001,0.00000,0.00000,0.00000,0.00014
180.17999,1.02194,0.98624,0.01325,0.00008,0.00028,0.00001,0.00000,0.00000,0.00000,0.00014
180.32001,1.02193,0.98697,0.01254,0.00008,0.00026,0.00001,0.00000,0.00000,0.00000,0.00014
180.46001,1.02193,0.98322,0.01618,0.00010,0.00034,0.00001,0.00000,0.00001,0.00000,0.00015
180.60001,1.02193,0.98230,0.01703,0.00011,0.00038,0.00001,0.00000,0.00001,0.00000,0.00015
180.74001,1.02193,0.98300,0.01630,0.00011,0.00042,0.00001,0.00000,0.00001,0.00000,0.00016
180.88000,1.02193,0.98102,0.01818,0.00013,0.00049,0.00001,0.00000,0.00001,0.00000,0.00016
181.02000,1.02193,0.97983,0.01939,0.00013,0.00047,0.00001,0.00000,0.00001,0.00000,0.00016
181.16000,1.02193,0.98337,0.01595,0.00011,0.00040,0.00001,0.00000,0.00001,0.00000,0.00016
181.30000,1.02193,0.98474,0.01461,0.00010,0.00038,0.00001,0.00000,0.00001,0.00000,0.00016
181.44000,1.02194,0.98253,0.01684,0.00010,0.00035,0.00001,0.00000,0.00001,0.00000,0.00015
181.58000,1.02194,0.98358,0.01591,0.00008,0.00027,0.00001,0.00000,0.00000,0.00000,0.00014
181.72000,1.02194,0.98552,0.01403,0.00007,0.00022,0.00001,0.00000,0.00000,0.00000,0.00015
181.86000,1.02194,0.98367,0.01589,0.00007,0.00021,0.00001,0.00000,0.00000,0.00000,0.00015
182.00000,1.02194,0.98402,0.01549,0.00008,0.00025,0.00001,0.00000,0.00000,0.00000,0.00015
182.14000,1.02194,0.98270,0.01674,0.00009,0.00030,0.00001,0.00000,0.00001,0.00000,0.00015
182.28000,1.02194,0.98055,0.01894,0.00009,0.00026,0.00001,0.00000,0.00000,0.00000,0.00014
182.42000,1.02194,0.98008,0.01943,0.00008,0.00024,0.00001,0.00000,0.00000,0.00000,0.00015
182.56000,1.02194,0.97607,0.02323,0.00012,0.00040,0.00001,0.00000,0.00001,0.00000,0.00017
182.70000,1.02194,0.97656,0.02278,0.00011,0.00036,0.00001,0.00000,0.00001,0.00000,0.00017
182.84000,1.02194,0.97633,0.02304,0.00011,0.00033,0.00001,0.00000,0.00001,0.00000,0.00017
182.98000,1.02194,0.97425,0.02505,0.00012,0.00038,0.00001,0.00000,0.00001,0.00000,0.00017
183.12000,1.02194,0.97583,0.02357,0.00010,0.00032,0.00001,0.00000,0.00001,0.00000,0.00016
183.25999,1.02194,0.98217,0.01732,0.00008,0.00026,0.00001,0.00000,0.00000,0.00000,0.00015
183.39999,1.02194,0.98191,0.01758,0.00008,0.00025,0.00001,0.00000,0.00000,0.00000,0.00016
183.53999,1.02194,0.98007,0.01944,0.00008,0.00024,0.00001,0.00000,0.00000,0.00000,0.00015
183.67999,1.02194,0.98139,0.01809,0.00008,0.00026,0.00001,0.00000,0.00000,0.00000,0.00015
183.82001,1.02193,0.98552,0.01398,0.00008,0.00025,0.00001,0.00000,0.00000,0.00000,0.00015
183.96001,1.02193,0.98455,0.01500,0.00008,0.00021,0.00001,0.00000,0.00000,0.00000,0.00014
184.10001,1.02193,0.98374,0.01574,0.00009,0.00027,0.00001,0.00000,0.00000,0.00000,0.00015
184.24001,1.02193,0.98321,0.01623,0.00009,0.00030,0.00001,0.00000,0.00001,0.00000,0.00015
184.38000,1.02193,0.98422,0.01518,0.00009,0.00034,0.00001,0.00000,0.00001,0.00000,0.00015
184.52000,1.02193,0.98537,0.01407,0.00009,0.00030,0.00001,0.00000,0.00000,0.00000,0.00014
184.66000,1.02193,0.98475,0.01461,0.00010,0.00037,0.00001,0.00000,0.00001,0.00000,0.00015
184.80000,1.02193,0.98150,0.01789,0.00011,0.00034,0.00001,0.00000,0.00001,0.00000,0.00015
184.94000,1.02194,0.98282,0.01658,0.00010,0.00033,0.00001,0.00000,0.00001,0.00000,0.00015
185.08000,1.02194,0.98056,0.01876,0.00011,0.00039,0.00001,0.00000,0.00001,0.00000,0.00015
185.22000,1.02194,0.97819,0.02122,0.00010,0.00032,0.00001,0.00000,0.00001,0.00000,0.00016
185.36000,1.02194,0.97826,0.02120,0.00009,0.00027,0.00001,0.00000,0.00001,0.00000,0.00016
185.50000,1.02194,0.97805,0.02144,0.00009,0.00025,0.00001,0.00000,0.00000,0.00000,0.00016
185.64000,1.02194,0.97783,0.02165,0.00008,0.00025,0.00001,0.00000,0.00001,0.00000,0.00017
185.78000,1.02194,0.98145,0.01804,0.00008,0.00025,0.00001,0.00000,0.00000,0.00000,0.00016
185.92000,1.02194,0.98300,0.01652,0.00008,0.00024,0.00001,0.00000,0.00000,0.00000,0.00015
186.06000,1.02194,0.98310,0.01640,0.00008,0.00025,0.00001,0.00000,0.00000,0.00000,0.00015
186.20000,1.02194,0.98412,0.01529,0.00009,0.00033,0.00001,0.00000,0.00001,0.00000,0.00015
186.34000,1.02194,0.98520,0.01429,0.00008,0.00027,0.00001,0.00000,0.00000,0.00000,0.00014
186.48000,1.02194,0.98697,0.01251,0.00008,0.00029,0.00001,0.00000,0.00000,0.00000,0.00014
186.62000,1.02194,0.98680,0.01265,0.00008,0.00030,0.00001,0.00000,0.00000,0.00000,0.00014
186.75999,1.02194,0.98661,0.01287,0.00009,0.00028,0.00001,0.00000,0.00000,0.00000,0.00014
186.89999,1.02194,0.98545,0.01393,0.00010,0.00036,0.00001,0.00000,0.00000,0.00000,0.00014
187.03999,1.02194,0.98446,0.01497,0.00009,0.00031,0.00001,0.00000,0.00000,0.00000,0.00015
187.17999,1.02194,0.98119,0.01825,0.00010,0.00030,0.00001,0.00000,0.00000,0.00000,0.00015
187.32001,1.02193,0.98135,0.01800,0.00011,0.00037,0.00001,0.00000,0.00001,0.00000,0.00016
187.46001,1.02193,0.97957,0.01979,0.00010,0.00035,0.00001,0.00000,0.00001,0.00000,0.00017
187.60001,1.02193,0.97616,0.02319,0.00011,0.00035,0.00001,0.00000,0.00001,0.00000,0.00017
187.74001,1.02193,0.97771,0.02167,0.00010,0.00034,0.00001,0.00000,0.00001,0.00000,0.00016
187.88000,1.02193,0.98305,0.01640,0.00009,0.00029,0.00001,0.00000,0.00001,0.00000,0.00016
188.02000,1.02193,0.98405,0.01546,0.00008,0.00024,0.00001,0.00000,0.00000,0.00000,0.00014
188.16000,1.02193,0.98151,0.01797,0.00009,0.00027,0.00001,0.00000,0.00000,0.00000,0.00015
188.30000,1.02193,0.98271,0.01684,0.00007,0.00022,0.00001,0.00000,0.00000,0.00000,0.00015
188.44000,1.02194,0.97948,0.02009,0.00007,0.00020,0.00001,0.00000,0.00000,0.00000,0.00014
188.58000,1.02194,0.97891,0.02066,0.00007,0.00020,0.00001,0.00000,0.00000,0.00000,0.00015
188.72000,1.02194,0.97381,0.02573,0.00007,0.00020,0.00001,0.00000,0.00001,0.00000,0.00018
188.86000,1.02194,0.96978,0.02970,0.00009,0.00024,0.00001,0.00000,0.00001,0.00000,0.00018
189.00000,1.02194,0.97265,0.02686,0.00008,0.00023,0.00001,0.00000,0.00001,0.00000,0.00017
189.14000,1.02194,0.97654,0.02294,0.00009,0.00025,0.00001,0.00000,0.00001,0.00000,0.00017
189.28000,1.02194,0.98092,0.01859,0.00008,0.00024,0.00001,0.00000,0.00000,0.00000,0.00016
189.42000,1.02194,0.98016,0.01928,0.00010,0.00029,0.00001,0.00000,0.00001,0.00000,0.00016
189.56000,1.02194,0.97239,0.02603,0.00026,0.00113,0.00001,0.00000,0.00001,0.00000,0.00017
189.70000,1.02194,0.98231,0.01648,0.00020,0.00081,0.00001,0.00000,0.00001,0.00000,0.00017
189.84000,1.02194,0.98363,0.01542,0.00017,0.00060,0.00001,0.00000,0.00001,0.00000,0.00015
189.98000,1.02194,0.98153,0.01747,0.00018,0.00065,0.00001,0.00000,0.00001,0.00000,0.00015
190.12000,1.02194,0.97886,0.02004,0.00020,0.00072,0.00001,0.00000,0.00001,0.00000,0.00016
190.25999,1.02194,0.98095,0.01739,0.00028,0.00120,0.00002,0.00000,0.00001,0.00000,0.00015
190.39999,1.02194,0.98622,0.01286,0.00014,0.00060,0.00002,0.00000,0.00001,0.00000,0.00016
190.53999,1.02194,0.98106,0.01822,0.00011,0.00043,0.00001,0.00000,0.00001,0.00000,0.00016
190.67999,1.02194,0.98093,0.01837,0.00011,0.00041,0.00001,0.00000,0.00001,0.00000,0.00016
190.82001,1.02193,0.98178,0.01752,0.00012,0.00041,0.00001,0.00000,0.00001,0.00000,0.00015
190.96001,1.02193,0.98057,0.01876,0.00011,0.00038,0.00001,0.00000,0.00001,0.00000,0.00016
191.10001,1.02193,0.97868,0.02064,0.00011,0.00038,0.00001,0.00000,0.00001,0.00000,0.00017
191.24001,1.02193,0.97476,0.02442,0.00014,0.00049,0.00001,0.00000,0.00001,0.00000,0.00017
191.38000,1.02193,0.98039,0.01889,0.00012,0.00043,0.00001,0.00000,0.00001,0.00000,0.00016
191.52000,1.02193,0.97818,0.02114,0.00012,0.00038,0.00001,0.00000,0.00001,0.00000,0.00016
191.66000,1.02193,0.97644,0.02289,0.00011,0.00037,0.00001,0.00000,0.00001,0.00000,0.00017
191.80000,1.02193,0.97489,0.02439,0.00013,0.00041,0.00001,0.00000,0.00001,0.00000,0.00017
191.94000,1.02194,0.97908,0.02018,0.00013,0.00044,0.00001,0.00000,0.00001,0.00000,0.00016
192.08000,1.02194,0.97753,0.02189,0.00010,0.00030,0.00001,0.00000,0.00001,0.00000,0.00017
192.22000,1.02194,0.97368,0.02571,0.00010,0.00032,0.00001,0.00000,0.00001,0.00000,0.00017
192.36000,1.02194,0.97244,0.02690,0.00011,0.00036,0.00001,0.00000,0.00001,0.00000,0.00017
192.50000,1.02194,0.97412,0.02523,0.00011,0.00036,0.00001,0.00000,0.00001,0.00000,0.00017
192.64000,1.02194,0.97549,0.02394,0.00009,0.00029,0.00001,0.00000,0.00001,0.00000,0.00017
192.78000,1.02194,0.97741,0.02200,0.00010,0.00031,0.00001,0.00000,0.00001,0.00000,0.00017
192.92000,1.02194,0.97840,0.02095,0.00011,0.00037,0.00001,0.00000,0.00001,0.00000,0.00017
193.06000,1.02194,0.98065,0.01869,0.00011,0.00038,0.00001,0.00000,0.00001,0.00000,0.00016
193.20000,1.02194,0.98099,0.01837,0.00010,0.00036,0.00001,0.00000,0.00001,0.00000,0.00016
193.34000,1.02194,0.98492,0.01455,0.00009,0.00028,0.00001,0.00000,0.00001,0.00000,0.00015
193.48000,1.02194,0.98260,0.01678,0.00010,0.00035,0.00001,0.00000,0.00001,0.00000,0.00015
193.62000,1.02194,0.98211,0.01724,0.00011,0.00037,0.00001,0.00000,0.00001,0.00000,0.00015
193.75999,1.02194,0.98404,0.01545,0.00008,0.00026,0.00001,0.00000,0.00000,0.00000,0.00015
193.89999,1.02194,0.98474,0.01473,0.00008,0.00028,0.00001,0.00000,0.00000,0.00000,0.00015
194.03999,1.02194,0.98597,0.01352,0.00008,0.00027,0.00001,0.00000,0.00000,0.00000,0.00015
194.17999,1.02194,0.98347,0.01593,0.00010,0.00034,0.00001,0.00000,0.00000,0.00000,0.00014
194.32001,1.02193,0.98270,0.01671,0.00010,0.00033,0.00001,0.00000,0.00001,0.00000,0.00015
194.46001,1.02193,0.98244,0.01700,0.00009,0.00030,0.00001,0.00000,0.00000,0.00000,0.00015
194.60001,1.02193,0.98252,0.01694,0.00009,0.00028,0.00001,0.00000,0.00000,0.00000,0.00015
194.74001,1.02193,0.98310,0.01630,0.00010,0.00033,0.00001,0.00000,0.00001,0.00000,0.00016
194.88000,1.02193,0.97997,0.01942,0.00011,0.00033,0.00001,0.00000,0.00001,0.00000,0.00016
195.02000,1.02193,0.98043,0.01899,0.00010,0.00031,0.00001,0.00000,0.00001,0.00000,0.00016
195.16000,1.02193,0.98210,0.01732,0.00010,0.00032,0.00001,0.00000,0.00001,0.00000,0.00015
195.30000,1.02193,0.98276,0.01668,0.00010,0.00030,0.00001,0.00000,0.00000,0.00000,0.00015
195.44000,1.02194,0.98180,0.01765,0.00010,0.00029,0.00001,0.00000,0.00000,0.00000,0.00015
195.58000,1.02194,0.98111,0.01834,0.00009,0.00029,0.00001,0.00000,0.00000,0.00000,0.00016
195.72000,1.02194,0.98044,0.01899,0.00010,0.00031,0.00001,0.00000,0.00001,0.00000,0.00015
195.86000,1.02194,0.98072,0.01869,0.00010,0.00032,0.00001,0.00000,0.00001,0.00000,0.00016
196.00000,1.02194,0.98474,0.01475,0.00008,0.00026,0.00001,0.00000,0.00001,0.00000,0.00016
196.14000,1.02194,0.98591,0.01356,0.00008,0.00028,0.00001,0.00000,0.00001,0.00000,0.00016
196.28000,1.02194,0.98622,0.01327,0.00008,0.00027,0.00001,0.00000,0.00000,0.00000,0.00014
196.42000,1.02194,0.98797,0.01156,0.00008,0.00025,0.00001,0.00000,0.00000,0.00000,0.00013
196.56000,1.02194,0.98810,0.01142,0.00008,0.00026,0.00001,0.00000,0.00000,0.00000,0.00013
196.70000,1.02194,0.98681,0.01270,0.00008,0.00026,0.00001,0.00000,0.00000,0.00000,0.00013
196.84000,1.02194,0.98510,0.01441,0.00008,0.00025,0.00001,0.00000,0.00000,0.00000,0.00014
196.98000,1.02194,0.98424,0.01531,0.00007,0.00022,0.00001,0.00000,0.00000,0.00000,0.00015
197.12000,1.02194,0.97975,0.01981,0.00007,0.00020,0.00001,0.00000,0.00000,0.00000,0.00015
197.25999,1.02194,0.97973,0.01978,0.00008,0.00024,0.00001,0.00000,0.00000,0.00000,0.00015
197.39999,1.02194,0.98274,0.01682,0.00007,0.00021,0.00001,0.00000,0.00000,0.00000,0.00015
197.53999,1.02194,0.98369,0.01588,0.00007,0.00020,0.00001,0.00000,0.00000,0.00000,0.00014
197.67999,1.02194,0.98296,0.01662,0.00007,0.00019,0.00001,0.00000,0.00000,0.00000,0.00014
197.82001,1.02193,0.97963,0.01987,0.00008,0.00024,0.00001,0.00000,0.00000,0.00000,0.00015
197.96001,1.02193,0.98052,0.01894,0.00009,0.00028,0.00001,0.00000,0.00000,0.00000,0.00015
198.10001,1.02193,0.97985,0.01956,0.00010,0.00031,0.00001,0.00000,0.00001,0.00000,0.00016
198.24001,1.02193,0.97588,0.02352,0.00010,0.00031,0.00001,0.00000,0.00001,0.00000,0.00017
198.38000,1.02193,0.97497,0.02438,0.00010,0.00034,0.00001,0.00000,0.00001,0.00000,0.00018
198.52000,1.02193,0.97259,0.02659,0.00014,0.00049,0.00001,0.00000,0.00001,0.00000,0.00018
198.66000,1.02193,0.97395,0.02523,0.00014,0.00049,0.00001,0.00000,0.00001,0.00000,0.00017
198.80000,1.02193,0.97540,0.02380,0.00014,0.00047,0.00001,0.00000,0.00001,0.00000,0.00018
198.94000,1.02194,0.97268,0.02636,0.00017,0.00060,0.00001,0.00000,0.00001,0.00000,0.00018
199.08000,1.02194,0.96715,0.03179,0.00019,0.00066,0.00001,0.00000,0.00001,0.00000,0.00019
199.22000,1.02194,0.97257,0.02627,0.00020,0.00076,0.00002,0.00000,0.00001,0.00000,0.00019
199.36000,1.02194,0.97692,0.02225,0.00014,0.00049,0.00001,0.00000,0.00001,0.00000,0.00018
199.50000,1.02194,0.97877,0.02051,0.00013,0.00041,0.00001,0.00000,0.00001,0.00000,0.00017
199.64000,1.02194,0.98046,0.01884,0.00012,0.00041,0.00001,0.00000,0.00001,0.00000,0.00016
199.78000,1.02194,0.98241,0.01704,0.00009,0.00029,0.00001,0.00000,0.00001,0.00000,0.00015
199.92000,1.02194,0.98376,0.01577,0.00008,0.00023,0.00001,0.00000,0.00000,0.00000,0.00015
200.06000,1.02194,0.98370,0.01586,0.00007,0.00021,0.00001,0.00000,0.00000,0.00000,0.00015
200.20000,1.02194,0.98182,0.01770,0.00008,0.00024,0.00001,0.00000,0.00000,0.00000,0.00015
200.34000,1.02194,0.98474,0.01485,0.00007,0.00019,0.00001,0.00000,0.00000,0.00000,0.00014
200.48000,1.02194,0.98454,0.01502,0.00007,0.00021,0.00001,0.00000,0.00000,0.00000,0.00014
200.62000,1.02194,0.98179,0.01776,0.00008,0.00021,0.00001,0.00000,0.00000,0.00000,0.00014
200.75999,1.02194,0.97931,0.02020,0.00009,0.00024,0.00001,0.00000,0.00000,0.00000,0.00015
200.89999,1.02194,0.97767,0.02181,0.00009,0.00026,0.00001,0.00000,0.00000,0.00000,0.00015
201.03999,1.02194,0.97629,0.02322,0.00008,0.00023,0.00001,0.00000,0.00001,0.00000,0.00017
201.17999,1.02194,0.97310,0.02635,0.00009,0.00026,0.00001,0.00000,0.00001,0.00000,0.00018
201.32001,1.02193,0.97235,0.02709,0.00010,0.00028,0.00001,0.00000,0.00001,0.00000,0.00017
201.46001,1.02193,0.97571,0.02378,0.00009,0.00025,0.00001,0.00000,0.00000,0.00000,0.00017
201.60001,1.02193,0.97504,0.02443,0.00009,0.00026,0.00001,0.00000,0.00000,0.00000,0.00016
201.74001,1.02193,0.97899,0.02049,0.00009,0.00026,0.00001,0.00000,0.00001,0.00000,0.00016
201.88000,1.02193,0.98054,0.01887,0.00010,0.00032,0.00001,0.00000,0.00001,0.00000,0.00016
202.02000,1.02193,0.97882,0.02054,0.00010,0.00035,0.00001,0.00000,0.00001,0.00000,0.00017
202.16000,1.02193,0.97528,0.02420,0.00009,0.00026,0.00001,0.00000,0.00000,0.00000,0.00016
202.30000,1.02193,0.97926,0.02022,0.00009,0.00026,0.00001,0.00000,0.00001,0.00000,0.00016
202.44000,1.02194,0.98035,0.01919,0.00008,0.00021,0.00001,0.00000,0.00000,0.00000,0.00015
202.58000,1.02194,0.98056,0.01900,0.00007,0.00021,0.00001,0.00000,0.00000,0.00000,0.00015
202.72000,1.02194,0.98419,0.01541,0.00006,0.00018,0.00001,0.00000,0.00000,0.00000,0.00015
202.86000,1.02194,0.98390,0.01574,0.00006,0.00015,0.00001,0.00000,0.00000,0.00000,0.00014
203.00000,1.02194,0.98447,0.01519,0.00005,0.00014,0.00001,0.00000,0.00000,0.00000,0.00013
203.14000,1.02194,0.98469,0.01495,0.00005,0.00015,0.00001,0.00000,0.00000,0.00000,0.00014
203.28000,1.02194,0.98479,0.01484,0.00006,0.00016,0.00001,0.00000,0.00000,0.00000,0.00014
203.42000,1.02194,0.98599,0.01359,0.00006,0.00020,0.00001,0.00000,0.00000,0.00000,0.00015
203.56000,1.02194,0.98502,0.01444,0.00008,0.00029,0.00001,0.00000,0.00000,0.00000,0.00015
203.70000,1.02194,0.98807,0.01146,0.00007,0.00024,0.00001,0.00000,0.00000,0.00000,0.00014
203.84000,1.02194,0.98946,0.01007,0.00008,0.00024,0.00001,0.00000,0.00000,0.00000,0.00013
203.98000,1.02194,0.98929,0.01021,0.00008,0.00027,0.00001,0.00000,0.00000,0.00000,0.00013
204.12000,1.02194,0.98847,0.01106,0.00008,0.00025,0.00001,0.00000,0.00000,0.00000,0.00013
204.25999,1.02194,0.98808,0.01143,0.00008,0.00026,0.00001,0.00000,0.00000,0.00000,0.00013
204.39999,1.02194,0.98519,0.01441,0.00007,0.00018,0.00001,0.00000,0.00000,0.00000,0.00014
204.53999,1.02194,0.98111,0.01848,0.00007,0.00018,0.00001,0.00000,0.00000,0.00000,0.00015
204.67999,1.02194,0.97910,0.02040,0.00008,0.00025,0.00001,0.00000,0.00000,0.00000,0.00016
204.82001,1.02193,0.97863,0.02091,0.00007,0.00021,0.00001,0.00000,0.00000,0.00000,0.00016
204.96001,1.02193,0.97920,0.02036,0.00007,0.00021,0.00001,0.00000,0.00000,0.00000,0.00015
205.10001,1.02193,0.98018,0.01931,0.00009,0.00026,0.00001,0.00000,0.00000,0.00000,0.00016
205.24001,1.02193,0.98260,0.01688,0.00009,0.00026,0.00001,0.00000,0.00000,0.00000,0.00015
205.38000,1.02193,0.98543,0.01408,0.00008,0.00025,0.00001,0.00000,0.00000,0.00000,0.00015
205.52000,1.02193,0.98479,0.01467,0.00009,0.00029,0.00001,0.00000,0.00000,0.00000,0.00015
205.66000,1.02193,0.98461,0.01489,0.00008,0.00026,0.00001,0.00000,0.00000,0.00000,0.00014
205.80000,1.02193,0.98731,0.01223,0.00007,0.00023,0.00001,0.00000,0.00000,0.00000,0.00014
205.94000,1.02194,0.98281,0.01674,0.00008,0.00022,0.00001,0.00000,0.00000,0.00000,0.00014
206.08000,1.02194,0.98018,0.01933,0.00008,0.00024,0.00001,0.00000,0.00000,0.00000,0.00015
206.22000,1.02194,0.97851,0.02094,0.00009,0.00029,0.00001,0.00000,0.00001,0.00000,0.00016
206.36000,1.02194,0.97573,0.02371,0.00009,0.00029,0.00001,0.00000,0.00001,0.00000,0.00016
206.50000,1.02194,0.97422,0.02523,0.00009,0.00027,0.00001,0.00000,0.00001,0.00000,0.00017
206.64000,1.02194,0.97106,0.02830,0.00011,0.00033,0.00001,0.00000,0.00001,0.00000,0.00018
206.78000,1.02194,0.97184,0.02753,0.00011,0.00033,0.00001,0.00000,0.00001,0.00000,0.00018
206.92000,1.02194,0.97513,0.02429,0.00010,0.00030,0.00001,0.00000,0.00001,0.00000,0.00017
207.06000,1.02194,0.97589,0.02347,0.00011,0.00035,0.00001,0.00000,0.00001,0.00000,0.00017
207.20000,1.02194,0.97730,0.02216,0.00010,0.00028,0.00001,0.00000,0.00000,0.00000,0.00015
207.34000,1.02194,0.97976,0.01973,0.00008,0.00025,0.00001,0.00000,0.00000,0.00000,0.00016
207.48000,1.02194,0.97493,0.02448,0.00010,0.00031,0.00001,0.00000,0.00000,0.00000,0.00016
207.62000,1.02194,0.97841,0.02116,0.00007,0.00019,0.00001,0.00000,0.00000,0.00000,0.00016
207.75999,1.02194,0.97558,0.02391,0.00009,0.00024,0.00001,0.00000,0.00000,0.00000,0.00016
207.89999,1.02194,0.97661,0.02290,0.00008,0.00023,0.00001,0.00000,0.00000,0.00000,0.00016
208.03999,1.02194,0.97892,0.02061,0.00007,0.00022,0.00001,0.00000,0.00000,0.00000,0.00016
208.17999,1.02194,0.98040,0.01902,0.00010,0.00031,0.00001,0.00000,0.00001,0.00000,0.00016
208.32001,1.02193,0.97917,0.02035,0.00008,0.00023,0.00001,0.00000,0.00000,0.00000,0.00015
208.46001,1.02193,0.97736,0.02205,0.00010,0.00031,0.00001,0.00000,0.00001,0.00000,0.00016
208.60001,1.02193,0.97710,0.02228,0.00010,0.00034,0.00001,0.00000,0.00001,0.00000,0.00016
208.74001,1.02193,0.97604,0.02337,0.00010,0.00031,0.00001,0.00000,0.00001,0.00000,0.00016
208.88000,1.02193,0.97643,0.02295,0.00010,0.00033,0.00001,0.00000,0.00001,0.00000,0.00017
209.02000,1.02193,0.97537,0.02413,0.00009,0.00023,0.00001,0.00000,0.00000,0.00000,0.00017
209.16000,1.02193,0.97452,0.02501,0.00008,0.00022,0.00001,0.00000,0.00000,0.00000,0.00016
209.30000,1.02193,0.97513,0.02435,0.00009,0.00025,0.00001,0.00000,0.00000,0.00000,0.00016
209.44000,1.02194,0.97148,0.02802,0.00009,0.00023,0.00001,0.00000,0.00000,0.00000,0.00016
209.58000,1.02194,0.97021,0.02920,0.00010,0.00030,0.00001,0.00000,0.00001,0.00000,0.00018
209.72000,1.02194,0.97032,0.02914,0.00009,0.00026,0.00001,0.00000,0.00001,0.00000,0.00018
209.86000,1.02194,0.97080,0.02863,0.00010,0.00028,0.00001,0.00000,0.00001,0.00000,0.00018
210.00000,1.02194,0.97438,0.02500,0.00010,0.00032,0.00001,0.00000,0.00001,0.00000,0.00018
210.14000,1.02194,0.97360,0.02567,0.00012,0.00041,0.00001,0.00000,0.00001,0.00000,0.00017
210.28000,1.02194,0.97664,0.02263,0.00012,0.00042,0.00001,0.00000,0.00001,0.00000,0.00017
210.42000,1.02194,0.97664,0.02257,0.00013,0.00047,0.00001,0.00000,0.00001,0.00000,0.00017
210.56000,1.02194,0.97712,0.02204,0.00014,0.00051,0.00001,0.00000,0.00001,0.00000,0.00017
210.70000,1.02194,0.97529,0.02381,0.00016,0.00054,0.00001,0.00000,0.00001,0.00000,0.00017
210.84000,1.02194,0.97748,0.02163,0.00015,0.00054,0.00001,0.00000,0.00001,0.00000,0.00017
210.98000,1.02194,0.97744,0.02184,0.00012,0.00041,0.00001,0.00000,0.00001,0.00000,0.00017
211.12000,1.02194,0.98143,0.01800,0.00009,0.00030,0.00001,0.00000,0.00001,0.00000,0.00016
211.25999,1.02194,0.98379,0.01570,0.00008,0.00026,0.00001,0.00000,0.00000,0.00000,0.00015
211.39999,1.02194,0.98098,0.01844,0.00009,0.00032,0.00001,0.00000,0.00001,0.00000,0.00015
211.53999,1.02194,0.98089,0.01867,0.00007,0.00021,0.00001,0.00000,0.00000,0.00000,0.00015
211.67999,1.02194,0.97918,0.02034,0.00008,0.00024,0.00001,0.00000,0.00000,0.00000,0.00015
211.82001,1.02193,0.97709,0.02243,0.00009,0.00022,0.00001,0.00000,0.00000,0.00000,0.00015
211.96001,1.02193,0.96965,0.02975,0.00011,0.00031,0.00001,0.00000,0.00001,0.00000,0.00017
212.10001,1.02193,0.97139,0.02797,0.00011,0.00034,0.00001,0.00000,0.00001,0.00000,0.00017
212.24001,1.02193,0.96890,0.03054,0.00009,0.00027,0.00001,0.00000,0.00001,0.00000,0.00018
212.38000,1.02193,0.96464,0.03473,0.00011,0.00031,0.00001,0.00000,0.00001,0.00000,0.00018
212.52000,1.02193,0.95983,0.03943,0.00013,0.00040,0.00001,0.00000,0.00001,0.00000,0.00019
212.66000,1.02193,0.96354,0.03564,0.00015,0.00046,0.00001,0.00000,0.00001,0.00000,0.00019
212.80000,1.02193,0.96721,0.03211,0.00012,0.00035,0.00001,0.00000,0.00001,0.00000,0.00019
212.94000,1.02194,0.96340,0.03585,0.00013,0.00040,0.00001,0.00000,0.00001,0.00000,0.00019
213.08000,1.02194,0.96983,0.02952,0.00011,0.00034,0.00001,0.00000,0.00001,0.00000,0.00019
213.22000,1.02194,0.97421,0.02516,0.00011,0.00033,0.00001,0.00000,0.00001,0.00000,0.00017
213.36000,1.02194,0.97330,0.02607,0.00011,0.00033,0.00001,0.00000,0.00001,0.00000,0.00017
213.50000,1.02194,0.97384,0.02561,0.00010,0.00027,0.00001,0.00000,0.00001,0.00000,0.00017
213.64000,1.02194,0.97432,0.02496,0.00013,0.00041,0.00001,0.00000,0.00001,0.00000,0.00017
213.78000,1.02194,0.97918,0.02026,0.00009,0.00028,0.00001,0.00000,0.00001,0.00000,0.00016
213.92000,1.02194,0.98265,0.01689,0.00008,0.00021,0.00001,0.00000,0.00000,0.00000,0.00016
214.06000,1.02194,0.98204,0.01752,0.00007,0.00021,0.00001,0.00000,0.00000,0.00000,0.00015
214.20000,1.02194,0.98402,0.01552,0.00007,0.00023,0.00001,0.00000,0.00000,0.00000,0.00015
214.34000,1.02194,0.98432,0.01524,0.00007,0.00022,0.00001,0.00000,0.00000,0.00000,0.00014
214.48000,1.02194,0.98462,0.01498,0.00006,0.00019,0.00001,0.00000,0.00000,0.00000,0.00013
214.62000,1.02194,0.98208,0.01749,0.00007,0.00019,0.00001,0.00000,0.00000,0.00000,0.00015
214.75999,1.02194,0.97921,0.02017,0.00011,0.00034,0.00001,0.00000,0.00001,0.00000,0.00015
214.89999,1.02194,0.97860,0.02071,0.00012,0.00040,0.00001,0.00000,0.00001,0.00000,0.00016
215.03999,1.02194,0.97822,0.02118,0.00010,0.00031,0.00001,0.00000,0.00001,0.00000,0.00016
215.17999,1.02194,0.97087,0.02848,0.00012,0.00034,0.00001,0.00000,0.00001,0.00000,0.00017
215.32001,1.02193,0.96550,0.03389,0.00011,0.00031,0.00001,0.00000,0.00001,0.00000,0.00018
215.46001,1.02193,0.97009,0.02933,0.00010,0.00028,0.00001,0.00000,0.00001,0.00000,0.00018
215.60001,1.02193,0.96471,0.03462,0.00012,0.00035,0.00001,0.00000,0.00001,0.00000,0.00019
215.74001,1.02193,0.96128,0.03806,0.00011,0.00034,0.00001,0.00000,0.00001,0.00000,0.00020
215.88000,1.02193,0.96401,0.03532,0.00012,0.00035,0.00001,0.00000,0.00001,0.00000,0.00019
216.02000,1.02193,0.97174,0.02753,0.00012,0.00040,0.00001,0.00000,0.00001,0.00000,0.00019
216.16000,1.02193,0.97428,0.02503,0.00012,0.00038,0.00001,0.00000,0.00001,0.00000,0.00018
216.30000,1.02193,0.97996,0.01930,0.00012,0.00043,0.00001,0.00000,0.00001,0.00000,0.00017
216.44000,1.02194,0.98431,0.01494,0.00012,0.00046,0.00001,0.00000,0.00001,0.00000,0.00016
216.58000,1.02194,0.98536,0.01397,0.00011,0.00039,0.00001,0.00000,0.00001,0.00000,0.00015
216.72000,1.02194,0.98458,0.01485,0.00009,0.00031,0.00001,0.00000,0.00000,0.00000,0.00014
216.86000,1.02194,0.98446,0.01489,0.00011,0.00038,0.00001,0.00000,0.00001,0.00000,0.00015
217.00000,1.02194,0.98420,0.01519,0.00010,0.00035,0.00001,0.00000,0.00000,0.00000,0.00015
217.14000,1.02194,0.98290,0.01647,0.00010,0.00035,0.00001,0.00000,0.00001,0.00000,0.00015
217.28000,1.02194,0.97470,0.02458,0.00012,0.00041,0.00001,0.00000,0.00001,0.00000,0.00016
217.42000,1.02194,0.97384,0.02544,0.00012,0.00041,0.00001,0.00000,0.00001,0.00000,0.00017
217.56000,1.02194,0.97698,0.02231,0.00012,0.00041,0.00001,0.00000,0.00001,0.00000,0.00017
217.70000,1.02194,0.97918,0.02014,0.00011,0.00038,0.00001,0.00000,0.00001,0.00000,0.00018
217.84000,1.02194,0.97849,0.02088,0.00011,0.00034,0.00001,0.00000,0.00001,0.00000,0.00016
217.98000,1.02194,0.97851,0.02087,0.00010,0.00035,0.00001,0.00000,0.00001,0.00000,0.00016
218.12000,1.02194,0.97913,0.02035,0.00009,0.00027,0.00001,0.00000,0.00000,0.00000,0.00015
218.25999,1.02194,0.98001,0.01954,0.00007,0.00021,0.00001,0.00000,0.00000,0.00000,0.00016
218.39999,1.02194,0.98003,0.01945,0.00008,0.00026,0.00001,0.00000,0.00001,0.00000,0.00016
218.53999,1.02194,0.97925,0.02026,0.00008,0.00023,0.00001,0.00000,0.00001,0.00000,0.00016
218.67999,1.02194,0.97833,0.02113,0.00009,0.00028,0.00001,0.00000,0.00001,0.00000,0.00016
218.82001,1.02193,0.97478,0.02464,0.00010,0.00030,0.00001,0.00000,0.00001,0.00000,0.00016
218.96001,1.02193,0.98105,0.01840,0.00009,0.00029,0.00001,0.00000,0.00001,0.00000,0.00016
219.10001,1.02193,0.98448,0.01493,0.00010,0.00033,0.00001,0.00000,0.00001,0.00000,0.00015
219.24001,1.02193,0.98328,0.01616,0.00009,0.00030,0.00001,0.00000,0.00001,0.00000,0.00015
219.38000,1.02193,0.97990,0.01954,0.00010,0.00029,0.00001,0.00000,0.00000,0.00000,0.00015
219.52000,1.02193,0.97862,0.02076,0.00011,0.00034,0.00001,0.00000,0.00000,0.00000,0.00015
219.66000,1.02193,0.98068,0.01879,0.00009,0.00027,0.00001,0.00000,0.00001,0.00000,0.00016
219.80000,1.02193,0.97890,0.02047,0.00010,0.00033,0.00001,0.00000,0.00001,0.00000,0.00017
219.94000,1.02194,0.97386,0.02547,0.00012,0.00036,0.00001,0.00000,0.00001,0.00000,0.00017
220.08000,1.02194,0.97359,0.02577,0.00011,0.00034,0.00001,0.00000,0.00001,0.00000,0.00017
220.22000,1.02194,0.97701,0.02228,0.00012,0.00039,0.00001,0.00000,0.00001,0.00000,0.00017
220.36000,1.02194,0.97774,0.02157,0.00012,0.00038,0.00001,0.00000,0.00001,0.00000,0.00016
220.50000,1.02194,0.98118,0.01823,0.00010,0.00031,0.00001,0.00000,0.00001,0.00000,0.00016
220.64000,1.02194,0.98174,0.01775,0.00009,0.00026,0.00001,0.00000,0.00000,0.00000,0.00016
220.78000,1.02194,0.98293,0.01653,0.00009,0.00028,0.00001,0.00000,0.00000,0.00000,0.00015
220.92000,1.02194,0.98336,0.01612,0.00008,0.00027,0.00001,0.00000,0.00000,0.00000,0.00015
221.06000,1.02194,0.98290,0.01661,0.00009,0.00025,0.00001,0.00000,0.00000,0.00000,0.00014
221.20000,1.02194,0.98066,0.01887,0.00008,0.00022,0.00001,0.00000,0.00000,0.00000,0.00015
221.34000,1.02194,0.97765,0.02182,0.00010,0.00026,0.00001,0.00000,0.00000,0.00000,0.00016
221.48000,1.02194,0.97359,0.02587,0.00010,0.00026,0.00001,0.00000,0.00000,0.00000,0.00016
221.62000,1.02194,0.97489,0.02452,0.00010,0.00030,0.00001,0.00000,0.00001,0.00000,0.00018
221.75999,1.02194,0.97278,0.02662,0.00010,0.00030,0.00001,0.00000,0.00001,0.00000,0.00018
221.89999,1.02194,0.97958,0.01992,0.00008,0.00024,0.00001,0.00000,0.00001,0.00000,0.00016
222.03999,1.02194,0.98333,0.01616,0.00008,0.00026,0.00001,0.00000,0.00000,0.00000,0.00015
222.17999,1.02194,0.98438,0.01513,0.00009,0.00025,0.00001,0.00000,0.00000,0.00000,0.00014
222.32001,1.02193,0.98492,0.01450,0.00010,0.00033,0.00001,0.00000,0.00000,0.00000,0.00014
222.46001,1.02193,0.98813,0.01126,0.00010,0.00035,0.00001,0.00000,0.00000,0.00000,0.00013
222.60001,1.02193,0.98616,0.01331,0.00009,0.00028,0.00001,0.00000,0.00000,0.00000,0.00014
222.74001,1.02193,0.98044,0.01895,0.00010,0.00033,0.00001,0.00000,0.00001,0.00000,0.00016
222.88000,1.02193,0.97501,0.02437,0.00011,0.00033,0.00001,0.00000,0.00001,0.00000,0.00017
223.02000,1.02193,0.97062,0.02877,0.00011,0.00032,0.00001,0.00000,0.00001,0.00000,0.00017
223.16000,1.02193,0.96740,0.03199,0.00010,0.00030,0.00001,0.00000,0.00001,0.00000,0.00018
223.30000,1.02193,0.96461,0.03472,0.00012,0.00034,0.00001,0.00000,0.00001,0.00000,0.00019
223.44000,1.02194,0.96782,0.03142,0.00013,0.00042,0.00001,0.00000,0.00001,0.00000,0.00019
223.58000,1.02194,0.97428,0.02502,0.00012,0.00038,0.00001,0.00000,0.00001,0.00000,0.00018
223.72000,1.02194,0.97910,0.02034,0.00009,0.00028,0.00001,0.00000,0.00001,0.00000,0.00017
223.86000,1.02194,0.98161,0.01787,0.00009,0.00027,0.00001,0.00000,0.00000,0.00000,0.00015
224.00000,1.02194,0.98255,0.01696,0.00008,0.00025,0.00001,0.00000,0.00000,0.00000,0.00014
224.14000,1.02194,0.98234,0.01716,0.00008,0.00025,0.00001,0.00000,0.00000,0.00000,0.00015
224.28000,1.02194,0.98190,0.01758,0.00009,0.00027,0.00001,0.00000,0.00000,0.00000,0.00015
224.42000,1.02194,0.98061,0.01886,0.00009,0.00027,0.00001,0.00000,0.00000,0.00000,0.00016
224.56000,1.02194,0.97935,0.02006,0.00010,0.00031,0.00001,0.00000,0.00001,0.00000,0.00016
224.70000,1.02194,0.97940,0.01995,0.00011,0.00036,0.00001,0.00000,0.00001,0.00000,0.00016
224.84000,1.02194,0.97842,0.02077,0.00014,0.00049,0.00001,0.00000,0.00001,0.00000,0.00016
224.98000,1.02194,0.98146,0.01764,0.00015,0.00056,0.00001,0.00000,0.00001,0.00000,0.00016
225.12000,1.02194,0.98037,0.01878,0.00015,0.00052,0.00001,0.00000,0.00001,0.00000,0.00016
225.25999,1.02194,0.97829,0.02090,0.00014,0.00048,0.00001,0.00000,0.00001,0.00000,0.00017
225.39999,1.02194,0.97669,0.02246,0.00014,0.00051,0.00001,0.00000,0.00001,0.00000,0.00017
225.53999,1.02194,0.97667,0.02265,0.00012,0.00038,0.00001,0.00000,0.00001,0.00000,0.00016
225.67999,1.02194,0.97756,0.02191,0.00009,0.00026,0.00001,0.00000,0.00001,0.00000,0.00017
225.82001,1.02193,0.97590,0.02355,0.00009,0.00027,0.00001,0.00000,0.00001,0.00000,0.00017
225.96001,1.02193,0.97531,0.02419,0.00008,0.00024,0.00001,0.00000,0.00001,0.00000,0.00016
226.10001,1.02193,0.98137,0.01808,0.00009,0.00028,0.00001,0.00000,0.00001,0.00000,0.00016
226.24001,1.02193,0.98229,0.01717,0.00009,0.00028,0.00001,0.00000,0.00001,0.00000,0.00015
226.38000,1.02193,0.98091,0.01857,0.00009,0.00026,0.00001,0.00000,0.00000,0.00000,0.00015
226.52000,1.02193,0.98196,0.01743,0.00010,0.00034,0.00001,0.00000,0.00001,0.00000,0.00015
226.66000,1.02193,0.98301,0.01626,0.00012,0.00044,0.00001,0.00000,0.00001,0.00000,0.00016
226.80000,1.02193,0.98223,0.01704,0.00012,0.00044,0.00001,0.00000,0.00001,0.00000,0.00015
226.94000,1.02194,0.98254,0.01681,0.00011,0.00037,0.00001,0.00000,0.00001,0.00000,0.00015
227.08000,1.02194,0.98015,0.01923,0.00011,0.00033,0.00001,0.00000,0.00001,0.00000,0.00016
227.22000,1.02194,0.97719,0.02218,0.00011,0.00034,0.00001,0.00000,0.00001,0.00000,0.00016
227.36000,1.02194,0.97787,0.02146,0.00012,0.00037,0.00001,0.00000,0.00001,0.00000,0.00016
227.50000,1.02194,0.97650,0.02287,0.00011,0.00034,0.00001,0.00000,0.00001,0.00000,0.00017
227.64000,1.02194,0.98208,0.01740,0.00008,0.00025,0.00001,0.00000,0.00001,0.00000,0.00018
227.78000,1.02194,0.97780,0.02163,0.00010,0.00029,0.00001,0.00000,0.00001,0.00000,0.00016
227.92000,1.02194,0.97870,0.02068,0.00011,0.00034,0.00001,0.00000,0.00001,0.00000,0.00016
228.06000,1.02194,0.97730,0.02205,0.00012,0.00036,0.00001,0.00000,0.00001,0.00000,0.00015
228.20000,1.02194,0.98221,0.01717,0.00010,0.00035,0.00001,0.00000,0.00001,0.00000,0.00016
228.34000,1.02194,0.98457,0.01479,0.00010,0.00036,0.00001,0.00000,0.00001,0.00000,0.00017
228.48000,1.02194,0.98479,0.01454,0.00011,0.00039,0.00001,0.00000,0.00001,0.00000,0.00015
228.62000,1.02194,0.98313,0.01629,0.00010,0.00032,0.00001,0.00000,0.00001,0.00000,0.00015
228.75999,1.02194,0.98556,0.01396,0.00008,0.00025,0.00001,0.00000,0.00000,0.00000,0.00014
228.89999,1.02194,0.98649,0.01301,0.00008,0.00027,0.00001,0.00000,0.00000,0.00000,0.00014
229.03999,1.02194,0.98528,0.01414,0.00009,0.00032,0.00001,0.00000,0.00000,0.00000,0.00014
229.17999,1.02194,0.97874,0.02062,0.00011,0.00036,0.00001,0.00000,0.00001,0.00000,0.00016
229.32001,1.02193,0.97771,0.02167,0.00011,0.00033,0.00001,0.00000,0.00001,0.00000,0.00016
229.46001,1.02193,0.97664,0.02275,0.00011,0.00032,0.00001,0.00000,0.00001,0.00000,0.00016
229.60001,1.02193,0.97896,0.02028,0.00012,0.00045,0.00001,0.00000,0.00001,0.00000,0.00018
229.74001,1.02193,0.97866,0.02057,0.00013,0.00045,0.00001,0.00000,0.00001,0.00000,0.00017
229.88000,1.02193,0.98002,0.01931,0.00011,0.00039,0.00001,0.00000,0.00001,0.00000,0.00016
230.02000,1.02193,0.98289,0.01661,0.00008,0.00025,0.00001,0.00000,0.00000,0.00000,0.00015
230.16000,1.02193,0.98323,0.01627,0.00008,0.00025,0.00001,0.00000,0.00000,0.00000,0.00015
230.30000,1.02193,0.98322,0.01630,0.00008,0.00024,0.00001,0.00000,0.00000,0.00000,0.00014
230.44000,1.02194,0.98478,0.01480,0.00007,0.00020,0.00001,0.00000,0.00000,0.00000,0.00014
230.58000,1.02194,0.98273,0.01688,0.00006,0.00018,0.00001,0.00000,0.00000,0.00000,0.00014
230.72000,1.02194,0.98291,0.01669,0.00006,0.00018,0.00001,0.00000,0.00000,0.00000,0.00015
230.86000,1.02194,0.98072,0.01880,0.00008,0.00024,0.00001,0.00000,0.00000,0.00000,0.00015
231.00000,1.02194,0.98278,0.01675,0.00008,0.00023,0.00001,0.00000,0.00000,0.00000,0.00015
231.14000,1.02194,0.98311,0.01640,0.00008,0.00024,0.00001,0.00000,0.00000,0.00000,0.00016
231.28000,1.02194,0.98466,0.01477,0.00009,0.00032,0.00001,0.00000,0.00001,0.00000,0.00015
231.42000,1.02194,0.98535,0.01406,0.00009,0.00032,0.00001,0.00000,0.00001,0.00000,0.00015
231.56000,1.02194,0.98393,0.01536,0.00012,0.00042,0.00001,0.00000,0.00001,0.00000,0.00015
231.70000,1.02194,0.98416,0.01513,0.00012,0.00042,0.00001,0.00000,0.00001,0.00000,0.00015
231.84000,1.02194,0.98317,0.01603,0.00013,0.00049,0.00001,0.00000,0.00001,0.00000,0.00016
231.98000,1.02194,0.98371,0.01546,0.00013,0.00051,0.00001,0.00000,0.00001,0.00000,0.00016
232.12000,1.02194,0.98500,0.01425,0.00012,0.00045,0.00001,0.00000,0.00001,0.00000,0.00016
232.25999,1.02194,0.98697,0.01240,0.00010,0.00036,0.00001,0.00000,0.00001,0.00000,0.00015
232.39999,1.02194,0.98720,0.01221,0.00009,0.00034,0.00001,0.00000,0.00001,0.00000,0.00014
232.53999,1.02194,0.98796,0.01145,0.00009,0.00034,0.00001,0.00000,0.00001,0.00000,0.00014
232.67999,1.02194,0.98861,0.01083,0.00009,0.00031,0.00001,0.00000,0.00000,0.00000,0.00013
232.82001,1.02193,0.98912,0.01036,0.00008,0.00029,0.00001,0.00000,0.00000,0.00000,0.00013
232.96001,1.02193,0.98766,0.01179,0.00009,0.00030,0.00001,0.00000,0.00000,0.00000,0.00014
233.10001,1.02193,0.98558,0.01384,0.00010,0.00032,0.00001,0.00000,0.00000,0.00000,0.00014
233.24001,1.02193,0.98536,0.01399,0.00011,0.00037,0.00001,0.00000,0.00000,0.00000,0.00015
233.38000,1.02193,0.98416,0.01509,0.00013,0.00045,0.00001,0.00000,0.00001,0.00000,0.00015
233.52000,1.02193,0.98284,0.01644,0.00012,0.00042,0.00001,0.00000,0.00001,0.00000,0.00016
233.66000,1.02193,0.98488,0.01446,0.00011,0.00037,0.00001,0.00000,0.00001,0.00000,0.00015
233.80000,1.02193,0.98709,0.01230,0.00010,0.00034,0.00001,0.00000,0.00001,0.00000,0.00015
233.94000,1.02194,0.98637,0.01294,0.00011,0.00042,0.00001,0.00000,0.00001,0.00000,0.00014
234.08000,1.02194,0.98834,0.01092,0.00011,0.00046,0.00001,0.00000,0.00001,0.00000,0.00014
234.22000,1.02194,0.98805,0.01128,0.00011,0.00041,0.00001,0.00000,0.00000,0.00000,0.00013
234.36000,1.02194,0.98486,0.01456,0.00011,0.00032,0.00001,0.00000,0.00000,0.00000,0.00013
234.50000,1.02194,0.98077,0.01858,0.00011,0.00036,0.00001,0.00000,0.00001,0.00000,0.00015
234.64000,1.02194,0.97952,0.01958,0.00016,0.00057,0.00001,0.00000,0.00001,0.00000,0.00016
234.78000,1.02194,0.97777,0.02153,0.00012,0.00040,0.00001,0.00000,0.00001,0.00000,0.00016
234.92000,1.02194,0.97787,0.02151,0.00010,0.00033,0.00001,0.00000,0.00001,0.00000,0.00017
235.06000,1.02194,0.97542,0.02401,0.00010,0.00029,0.00001,0.00000,0.00001,0.00000,0.00016
235.20000,1.02194,0.97875,0.02073,0.00009,0.00026,0.00001,0.00000,0.00000,0.00000,0.00016
235.34000,1.02194,0.97956,0.01988,0.00009,0.00029,0.00001,0.00000,0.00001,0.00000,0.00016
235.48000,1.02194,0.98021,0.01928,0.00008,0.00026,0.00001,0.00000,0.00001,0.00000,0.00016
235.62000,1.02194,0.97978,0.01970,0.00008,0.00027,0.00001,0.00000,0.00001,0.00000,0.00016
235.75999,1.02194,0.97852,0.02088,0.00010,0.00033,0.00001,0.00000,0.00001,0.00000,0.00017
235.89999,1.02194,0.97673,0.02265,0.00011,0.00033,0.00001,0.00000,0.00001,0.00000,0.00017
236.03999,1.02194,0.97232,0.02693,0.00014,0.00043,0.00001,0.00000,0.00001,0.00000,0.00017
236.17999,1.02194,0.97494,0.02424,0.00014,0.00047,0.00001,0.00000,0.00001,0.00000,0.00018
236.32001,1.02193,0.97565,0.02345,0.00015,0.00054,0.00001,0.00000,0.00001,0.00000,0.00018
236.46001,1.02193,0.97641,0.02277,0.00014,0.00048,0.00001,0.00000,0.00001,0.00000,0.00018
236.60001,1.02193,0.97715,0.02206,0.00014,0.00046,0.00001,0.00000,0.00001,0.00000,0.00017
236.74001,1.02193,0.97742,0.02187,0.00012,0.00040,0.00001,0.00000,0.00001,0.00000,0.00017
236.88000,1.02193,0.98078,0.01859,0.00010,0.00034,0.00001,0.00000,0.00001,0.00000,0.00016
237.02000,1.02193,0.98402,0.01534,0.00010,0.00035,0.00001,0.00000,0.00001,0.00000,0.00016
237.16000,1.02193,0.98442,0.01494,0.00010,0.00036,0.00001,0.00000,0.00001,0.00000,0.00016
237.30000,1.02193,0.98306,0.01627,0.00011,0.00039,0.00001,0.00000,0.00001,0.00000,0.00015
237.44000,1.02194,0.98235,0.01703,0.00011,0.00035,0.00001,0.00000,0.00001,0.00000,0.00015
237.58000,1.02194,0.98483,0.01454,0.00011,0.00035,0.00001,0.00000,0.00001,0.00000,0.00015
237.72000,1.02194,0.98331,0.01610,0.00011,0.00033,0.00001,0.00000,0.00000,0.00000,0.00015
237.86000,1.02194,0.98145,0.01799,0.00010,0.00029,0.00001,0.00000,0.00000,0.00000,0.00015
238.00000,1.02194,0.97770,0.02163,0.00011,0.00037,0.00001,0.00000,0.00001,0.00000,0.00017
238.14000,1.02194,0.97641,0.02298,0.00010,0.00032,0.00001,0.00000,0.00001,0.00000,0.00016
238.28000,1.02194,0.97850,0.02097,0.00009,0.00026,0.00001,0.00000,0.00001,0.00000,0.00016
238.42000,1.02194,0.97688,0.02253,0.00010,0.00031,0.00001,0.00000,0.00001,0.00000,0.00017
238.56000,1.02194,0.97554,0.02379,0.00011,0.00036,0.00001,0.00000,0.00001,0.00000,0.00017
238.70000,1.02194,0.97596,0.02324,0.00013,0.00047,0.00001,0.00000,0.00001,0.00000,0.00017
238.84000,1.02194,0.97781,0.02127,0.00016,0.00057,0.00001,0.00000,0.00001,0.00000,0.00017
238.98000,1.02194,0.97391,0.02522,0.00016,0.00052,0.00001,0.00000,0.00001,0.00000,0.00017
239.12000,1.02194,0.97743,0.02165,0.00016,0.00057,0.00001,0.00000,0.00001,0.00000,0.00018
239.25999,1.02194,0.97884,0.02020,0.00016,0.00061,0.00001,0.00000,0.00001,0.00000,0.00017
239.39999,1.02194,0.98132,0.01781,0.00015,0.00054,0.00001,0.00000,0.00001,0.00000,0.00017
239.53999,1.02194,0.98161,0.01759,0.00013,0.00048,0.00001,0.00000,0.00001,0.00000,0.00016
239.67999,1.02194,0.98225,0.01690,0.00014,0.00053,0.00001,0.00000,0.00001,0.00000,0.00016
239.82001,1.02193,0.98206,0.01717,0.00013,0.00047,0.00001,0.00000,0.00001,0.00000,0.00016
239.96001,1.02193,0.98115,0.01802,0.00014,0.00051,0.00001,0.00000,0.00001,0.00000,0.00016
240.10001,1.02193,0.97886,0.02039,0.00013,0.00043,0.00001,0.00000,0.00001,0.00000,0.00017
240.24001,1.02193,0.97496,0.02426,0.00015,0.00045,0.00001,0.00000,0.00001,0.00000,0.00016
240.38000,1.02193,0.97538,0.02395,0.00011,0.00036,0.00001,0.00000,0.00001,0.00000,0.00018
240.52000,1.02193,0.97476,0.02452,0.00012,0.00041,0.00001,0.00000,0.00001,0.00000,0.00017
240.66000,1.02193,0.97511,0.02429,0.00010,0.00032,0.00001,0.00000,0.00001,0.00000,0.00017
240.80000,1.02193,0.97700,0.02227,0.00013,0.00041,0.00001,0.00000,0.00001,0.00000,0.00017
240.94000,1.02194,0.97450,0.02473,0.00013,0.00044,0.00001,0.00000,0.00001,0.00000,0.00017
241.08000,1.02194,0.97400,0.02506,0.00016,0.00058,0.00001,0.00000,0.00001,0.00000,0.00017
241.22000,1.02194,0.97597,0.02302,0.00017,0.00064,0.00001,0.00000,0.00001,0.00000,0.00017
241.36000,1.02194,0.97979,0.01937,0.00014,0.00051,0.00001,0.00000,0.00001,0.00000,0.00017
241.50000,1.02194,0.97726,0.02196,0.00014,0.00045,0.00001,0.00000,0.00001,0.00000,0.00017
241.64000,1.02194,0.97762,0.02168,0.00012,0.00039,0.00001,0.00000,0.00001,0.00000,0.00017
241.78000,1.02194,0.97704,0.02232,0.00011,0.00035,0.00001,0.00000,0.00001,0.00000,0.00016
241.92000,1.02194,0.97766,0.02177,0.00010,0.00030,0.00001,0.00000,0.00001,0.00000,0.00016
242.06000,1.02194,0.97783,0.02172,0.00007,0.00020,0.00001,0.00000,0.00000,0.00000,0.00016
242.20000,1.02194,0.97513,0.02432,0.00009,0.00027,0.00001,0.00000,0.00001,0.00000,0.00017
242.34000,1.02194,0.97489,0.02453,0.00009,0.00030,0.00001,0.00000,0.00001,0.00000,0.00017
242.48000,1.02194,0.97769,0.02164,0.00011,0.00038,0.00001,0.00000,0.00001,0.00000,0.00017
242.62000,1.02194,0.98259,0.01680,0.00010,0.00034,0.00001,0.00000,0.00001,0.00000,0.00015
242.75999,1.02194,0.98138,0.01804,0.00011,0.00031,0.00001,0.00000,0.00000,0.00000,0.00015
242.89999,1.02194,0.98180,0.01755,0.00011,0.00037,0.00001,0.00000,0.00001,0.00000,0.00015
243.03999,1.02194,0.98261,0.01665,0.00012,0.00045,0.00001,0.00000,0.00001,0.00000,0.00015
243.17999,1.02194,0.98530,0.01407,0.00010,0.00036,0.00001,0.00000,0.00001,0.00000,0.00015
243.32001,1.02193,0.98417,0.01528,0.00009,0.00029,0.00001,0.00000,0.00000,0.00000,0.00015
243.46001,1.02193,0.98100,0.01851,0.00009,0.00024,0.00001,0.00000,0.00000,0.00000,0.00015
243.60001,1.02193,0.97664,0.02279,0.00010,0.00030,0.00001,0.00000,0.00001,0.00000,0.00016
243.74001,1.02193,0.97827,0.02106,0.00011,0.00038,0.00001,0.00000,0.00001,0.00000,0.00016
243.88000,1.02193,0.97867,0.02078,0.00010,0.00028,0.00001,0.00000,0.00001,0.00000,0.00016
244.02000,1.02193,0.97290,0.02651,0.00011,0.00030,0.00001,0.00000,0.00001,0.00000,0.00017
244.16000,1.02193,0.96687,0.03253,0.00010,0.00030,0.00001,0.00000,0.00001,0.00000,0.00018
244.30000,1.02193,0.96991,0.02944,0.00011,0.00035,0.00001,0.00000,0.00001,0.00000,0.00018
244.44000,1.02194,0.97532,0.02407,0.00010,0.00032,0.00001,0.00000,0.00001,0.00000,0.00018
244.58000,1.02194,0.97462,0.02479,0.00010,0.00029,0.00001,0.00000,0.00001,0.00000,0.00017
244.72000,1.02194,0.97228,0.02707,0.00011,0.00034,0.00001,0.00000,0.00001,0.00000,0.00018
244.86000,1.02194,0.97287,0.02642,0.00013,0.00039,0.00001,0.00000,0.00001,0.00000,0.00017
245.00000,1.02194,0.97593,0.02335,0.00012,0.00041,0.00001,0.00000,0.00001,0.00000,0.00017
245.14000,1.02194,0.98063,0.01873,0.00011,0.00035,0.00001,0.00000,0.00001,0.00000,0.00017
245.28000,1.02194,0.98263,0.01670,0.00012,0.00038,0.00001,0.00000,0.00001,0.00000,0.00016
245.42000,1.02194,0.98199,0.01734,0.00011,0.00039,0.00001,0.00000,0.00001,0.00000,0.00015
245.56000,1.02194,0.98546,0.01397,0.00009,0.00030,0.00001,0.00000,0.00001,0.00000,0.00015
245.70000,1.02194,0.98511,0.01439,0.00008,0.00026,0.00001,0.00000,0.00000,0.00000,0.00014
245.84000,1.02194,0.98650,0.01306,0.00007,0.00022,0.00001,0.00000,0.00000,0.00000,0.00014
245.98000,1.02194,0.98459,0.01492,0.00007,0.00025,0.00001,0.00000,0.00000,0.00000,0.00015
246.12000,1.02194,0.98376,0.01578,0.00007,0.00023,0.00001,0.00000,0.00000,0.00000,0.00015
246.25999,1.02194,0.98393,0.01553,0.00008,0.00029,0.00001,0.00000,0.00001,0.00000,0.00015
246.39999,1.02194,0.98104,0.01833,0.00011,0.00036,0.00001,0.00000,0.00001,0.00000,0.00015
246.53999,1.02194,0.97962,0.01973,0.00011,0.00036,0.00001,0.00000,0.00001,0.00000,0.00016
246.67999,1.02194,0.97869,0.02058,0.00012,0.00043,0.00001,0.00000,0.00001,0.00000,0.00016
246.82001,1.02193,0.97893,0.02029,0.00014,0.00046,0.00001,0.00000,0.00001,0.00000,0.00017
246.96001,1.02193,0.97702,0.02209,0.00015,0.00055,0.00001,0.00000,0.00001,0.00000,0.00017
247.10001,1.02193,0.98152,0.01773,0.00012,0.00044,0.00001,0.00000,0.00001,0.00000,0.00017
247.24001,1.02193,0.98030,0.01906,0.00011,0.00036,0.00001,0.00000,0.00001,0.00000,0.00016
247.38000,1.02193,0.97920,0.02017,0.00011,0.00035,0.00001,0.00000,0.00001,0.00000,0.00016
247.52000,1.02193,0.98020,0.01921,0.00010,0.00032,0.00001,0.00000,0.00001,0.00000,0.00016
247.66000,1.02193,0.98053,0.01881,0.00011,0.00037,0.00001,0.00000,0.00001,0.00000,0.00016
247.80000,1.02193,0.97997,0.01942,0.00011,0.00032,0.00001,0.00000,0.00001,0.00000,0.00016
247.94000,1.02194,0.97737,0.02195,0.00012,0.00038,0.00001,0.00000,0.00001,0.00000,0.00016
248.08000,1.02194,0.97776,0.02164,0.00011,0.00032,0.00001,0.00000,0.00001,0.00000,0.00016
248.22000,1.02194,0.97948,0.02002,0.00009,0.00025,0.00001,0.00000,0.00000,0.00000,0.00016
248.36000,1.02194,0.98023,0.01917,0.00010,0.00032,0.00001,0.00000,0.00001,0.00000,0.00016
248.50000,1.02194,0.97807,0.02137,0.00010,0.00028,0.00001,0.00000,0.00001,0.00000,0.00016
248.64000,1.02194,0.97461,0.02486,0.00010,0.00027,0.00001,0.00000,0.00000,0.00000,0.00016
248.78000,1.02194,0.97216,0.02728,0.00010,0.00028,0.00001,0.00000,0.00000,0.00000,0.00016
248.92000,1.02194,0.97007,0.02939,0.00010,0.00025,0.00001,0.00000,0.00000,0.00000,0.00017
249.06000,1.02194,0.96698,0.03238,0.00011,0.00032,0.00001,0.00000,0.00001,0.00000,0.00019
249.20000,1.02194,0.96660,0.03272,0.00012,0.00035,0.00001,0.00000,0.00001,0.00000,0.00020
249.34000,1.02194,0.96334,0.03597,0.00013,0.00035,0.00001,0.00000,0.00001,0.00000,0.00019
249.48000,1.02194,0.96943,0.02986,0.00013,0.00038,0.00001,0.00000,0.00001,0.00000,0.00018
249.62000,1.02194,0.97202,0.02732,0.00012,0.00035,0.00001,0.00000,0.00001,0.00000,0.00018
249.75999,1.02194,0.97363,0.02554,0.00015,0.00049,0.00001,0.00000,0.00001,0.00000,0.00018
249.89999,1.02194,0.97552,0.02352,0.00017,0.00060,0.00001,0.00000,0.00001,0.00000,0.00018
250.03999,1.02194,0.97686,0.02220,0.00016,0.00059,0.00001,0.00000,0.00001,0.00000,0.00018
250.17999,1.02194,0.97900,0.02009,0.00015,0.00056,0.00001,0.00000,0.00001,0.00000,0.00018
250.32001,1.02193,0.97945,0.01966,0.00015,0.00054,0.00001,0.00000,0.00001,0.00000,0.00017
250.46001,1.02193,0.98449,0.01480,0.00011,0.00041,0.00001,0.00000,0.00001,0.00000,0.00016
250.60001,1.02193,0.98595,0.01348,0.00009,0.00031,0.00001,0.00000,0.00001,0.00000,0.00015
250.74001,1.02193,0.98698,0.01256,0.00007,0.00023,0.00001,0.00000,0.00000,0.00000,0.00014
250.88000,1.02193,0.98715,0.01243,0.00006,0.00020,0.00001,0.00000,0.00000,0.00000,0.00014
251.02000,1.02193,0.98658,0.01302,0.00006,0.00019,0.00001,0.00000,0.00000,0.00000,0.00013
251.16000,1.02193,0.98471,0.01493,0.00006,0.00016,0.00001,0.00000,0.00000,0.00000,0.00014
251.30000,1.02193,0.97939,0.02012,0.00008,0.00025,0.00001,0.00000,0.00000,0.00000,0.00015
251.44000,1.02194,0.98009,0.01946,0.00007,0.00022,0.00001,0.00000,0.00000,0.00000,0.00015
251.58000,1.02194,0.98058,0.01894,0.00008,0.00023,0.00001,0.00000,0.00000,0.00000,0.00016
251.72000,1.02194,0.97952,0.01997,0.00009,0.00026,0.00001,0.00000,0.00000,0.00000,0.00016
251.86000,1.02194,0.98113,0.01837,0.00008,0.00024,0.00001,0.00000,0.00000,0.00000,0.00016
252.00000,1.02194,0.98512,0.01429,0.00009,0.00033,0.00001,0.00000,0.00001,0.00000,0.00015
252.14000,1.02194,0.98583,0.01370,0.00008,0.00024,0.00001,0.00000,0.00000,0.00000,0.00014
252.28000,1.02194,0.98277,0.01677,0.00008,0.00023,0.00001,0.00000,0.00000,0.00000,0.00014
252.42000,1.02194,0.98061,0.01884,0.00010,0.00029,0.00001,0.00000,0.00000,0.00000,0.00014
252.56000,1.02194,0.97802,0.02132,0.00012,0.00037,0.00001,0.00000,0.00000,0.00000,0.00015
252.70000,1.02194,0.97838,0.02090,0.00012,0.00042,0.00001,0.00000,0.00001,0.00000,0.00016
252.84000,1.02194,0.97520,0.02413,0.00012,0.00036,0.00001,0.00000,0.00001,0.00000,0.00018
252.98000,1.02194,0.97623,0.02309,0.00011,0.00037,0.00001,0.00000,0.00001,0.00000,0.00018
253.12000,1.02194,0.98064,0.01860,0.00012,0.00045,0.00001,0.00000,0.00001,0.00000,0.00017
253.25999,1.02194,0.98475,0.01454,0.00012,0.00042,0.00001,0.00000,0.00001,0.00000,0.00015
253.39999,1.02194,0.98619,0.01313,0.00011,0.00040,0.00001,0.00000,0.00001,0.00000,0.00014
253.53999,1.02194,0.98601,0.01325,0.00012,0.00045,0.00001,0.00000,0.00001,0.00000,0.00015
253.67999,1.02194,0.98567,0.01348,0.00014,0.00054,0.00001,0.00000,0.00001,0.00000,0.00015
253.82001,1.02193,0.98535,0.01374,0.00015,0.00059,0.00001,0.00000,0.00001,0.00000,0.00015
253.96001,1.02193,0.98329,0.01586,0.00014,0.00053,0.00001,0.00000,0.00001,0.00000,0.00016
254.10001,1.02193,0.98386,0.01541,0.00013,0.00043,0.00001,0.00000,0.00001,0.00000,0.00016
254.24001,1.02193,0.98571,0.01362,0.00012,0.00039,0.00001,0.00000,0.00001,0.00000,0.00015
254.38000,1.02193,0.98680,0.01259,0.00010,0.00036,0.00001,0.00000,0.00000,0.00000,0.00014
254.52000,1.02193,0.98781,0.01171,0.00008,0.00024,0.00001,0.00000,0.00000,0.00000,0.00014
254.66000,1.02193,0.98659,0.01290,0.00009,0.00027,0.00001,0.00000,0.00000,0.00000,0.00013
254.80000,1.02193,0.98833,0.01121,0.00007,0.00024,0.00001,0.00000,0.00000,0.00000,0.00014
254.94000,1.02194,0.98749,0.01200,0.00008,0.00027,0.00001,0.00000,0.00000,0.00000,0.00014
255.08000,1.02193,0.98716,0.01229,0.00009,0.00030,0.00001,0.00000,0.00000,0.00000,0.00014
255.22000,1.02194,0.98456,0.01486,0.00010,0.00032,0.00001,0.00000,0.00000,0.00000,0.00014
255.36000,1.02193,0.98282,0.01642,0.00013,0.00046,0.00001,0.00000,0.00001,0.00000,0.00015
255.50000,1.02194,0.98380,0.01555,0.00011,0.00037,0.00001,0.00000,0.00001,0.00000,0.00015
255.64000,1.02193,0.98219,0.01718,0.00012,0.00034,0.00001,0.00000,0.00000,0.00000,0.00015
255.78000,1.02194,0.97390,0.02553,0.00011,0.00029,0.00001,0.00000,0.00000,0.00000,0.00016
255.92000,1.02193,0.97369,0.02582,0.00008,0.00023,0.00001,0.00000,0.00000,0.00000,0.00017
256.06000,1.02194,0.97428,0.02521,0.00008,0.00023,0.00001,0.00000,0.00001,0.00000,0.00017
256.20001,1.02191,0.97358,0.02593,0.00008,0.00022,0.00001,0.00000,0.00001,0.00000,0.00017
256.34000,1.02194,0.97283,0.02671,0.00008,0.00020,0.00001,0.00000,0.00000,0.00000,0.00017
256.48001,1.02191,0.97670,0.02283,0.00008,0.00022,0.00001,0.00000,0.00001,0.00000,0.00017
256.62000,1.02194,0.98229,0.01727,0.00007,0.00021,0.00001,0.00000,0.00000,0.00000,0.00015
256.76001,1.02194,0.98439,0.01515,0.00008,0.00023,0.00001,0.00000,0.00000,0.00000,0.00014
256.89999,1.02194,0.98447,0.01487,0.00011,0.00039,0.00001,0.00000,0.00001,0.00000,0.00015
257.04001,1.02194,0.98510,0.01429,0.00010,0.00034,0.00001,0.00000,0.00001,0.00000,0.00014
257.17999,1.02194,0.98753,0.01192,0.00009,0.00030,0.00001,0.00000,0.00000,0.00000,0.00014
257.32001,1.02194,0.98852,0.01092,0.00009,0.00031,0.00001,0.00000,0.00000,0.00000,0.00014
257.45999,1.02194,0.98835,0.01112,0.00008,0.00029,0.00001,0.00000,0.00000,0.00000,0.00014
257.60001,1.02194,0.98725,0.01216,0.00010,0.00035,0.00001,0.00000,0.00000,0.00000,0.00014
257.73999,1.02194,0.98595,0.01350,0.00009,0.00030,0.00001,0.00000,0.00000,0.00000,0.00014
257.88000,1.02194,0.97997,0.01940,0.00011,0.00036,0.00001,0.00000,0.00001,0.00000,0.00015
258.01999,1.02194,0.97866,0.02060,0.00012,0.00044,0.00001,0.00000,0.00001,0.00000,0.00017
258.16000,1.02194,0.97903,0.02030,0.00012,0.00037,0.00001,0.00000,0.00001,0.00000,0.00016
258.29999,1.02194,0.97915,0.02017,0.00012,0.00038,0.00001,0.00000,0.00001,0.00000,0.00017
258.44000,1.02194,0.97471,0.02457,0.00012,0.00040,0.00001,0.00000,0.00001,0.00000,0.00017
258.57999,1.02194,0.97477,0.02450,0.00013,0.00042,0.00001,0.00000,0.00001,0.00000,0.00016
258.72000,1.02194,0.97906,0.02021,0.00012,0.00042,0.00001,0.00000,0.00001,0.00000,0.00016
258.85999,1.02194,0.97447,0.02478,0.00013,0.00043,0.00001,0.00000,0.00001,0.00000,0.00017
259.00000,1.02194,0.96906,0.03009,0.00015,0.00050,0.00001,0.00000,0.00001,0.00000,0.00019
259.14001,1.02191,0.97252,0.02657,0.00015,0.00055,0.00001,0.00000,0.00001,0.00000,0.00019
259.28000,1.02194,0.97823,0.02095,0.00014,0.00048,0.00001,0.00000,0.00001,0.00000,0.00018
259.42001,1.02191,0.97848,0.02082,0.00012,0.00039,0.00001,0.00000,0.00001,0.00000,0.00017
259.56000,1.02194,0.97978,0.01955,0.00011,0.00038,0.00001,0.00000,0.00001,0.00000,0.00016
259.70001,1.02191,0.97964,0.01971,0.00011,0.00036,0.00001,0.00000,0.00001,0.00000,0.00016
259.84000,1.02194,0.97861,0.02079,0.00010,0.00033,0.00001,0.00000,0.00001,0.00000,0.00016
259.98001,1.02191,0.97882,0.02062,0.00009,0.00029,0.00001,0.00000,0.00001,0.00000,0.00016
260.12000,1.02194,0.97427,0.02508,0.00011,0.00034,0.00001,0.00000,0.00001,0.00000,0.00018
260.26001,1.02194,0.97394,0.02545,0.00011,0.00032,0.00001,0.00000,0.00001,0.00000,0.00017
260.39999,1.02194,0.97922,0.02022,0.00009,0.00028,0.00001,0.00000,0.00001,0.00000,0.00017
260.54001,1.02194,0.98221,0.01727,0.00009,0.00026,0.00001,0.00000,0.00001,0.00000,0.00016
260.67999,1.02194,0.98205,0.01743,0.00009,0.00027,0.00001,0.00000,0.00001,0.00000,0.00015
260.82001,1.02194,0.98233,0.01712,0.00009,0.00029,0.00001,0.00000,0.00000,0.00000,0.00015
260.95999,1.02194,0.98369,0.01581,0.00008,0.00026,0.00001,0.00000,0.00000,0.00000,0.00015
261.10001,1.02194,0.98242,0.01702,0.00009,0.00030,0.00001,0.00000,0.00001,0.00000,0.00015
261.23999,1.02194,0.97922,0.02023,0.00010,0.00028,0.00001,0.00000,0.00000,0.00000,0.00015
261.38000,1.02194,0.97994,0.01944,0.00010,0.00033,0.00001,0.00000,0.00001,0.00000,0.00016
261.51999,1.02194,0.97690,0.02251,0.00010,0.00031,0.00001,0.00000,0.00001,0.00000,0.00016
261.66000,1.02194,0.97745,0.02201,0.00009,0.00027,0.00001,0.00000,0.00001,0.00000,0.00016
261.79999,1.02194,0.97674,0.02271,0.00009,0.00027,0.00001,0.00000,0.00001,0.00000,0.00016
261.94000,1.02194,0.97871,0.02082,0.00008,0.00022,0.00001,0.00000,0.00000,0.00000,0.00016
262.07999,1.02194,0.97975,0.01982,0.00007,0.00019,0.00001,0.00000,0.00000,0.00000,0.00015
262.22000,1.02194,0.98165,0.01791,0.00007,0.00020,0.00001,0.00000,0.00000,0.00000,0.00015
262.35999,1.02194,0.98074,0.01885,0.00007,0.00018,0.00001,0.00000,0.00000,0.00000,0.00015
262.50000,1.02194,0.97961,0.02000,0.00007,0.00017,0.00001,0.00000,0.00000,0.00000,0.00015
262.64001,1.02191,0.97855,0.02099,0.00007,0.00021,0.00001,0.00000,0.00000,0.00000,0.00015
262.78000,1.02194,0.97869,0.02078,0.00008,0.00026,0.00001,0.00000,0.00001,0.00000,0.00017
262.92001,1.02191,0.97700,0.02243,0.00009,0.00029,0.00001,0.00000,0.00001,0.00000,0.00017
263.06000,1.02194,0.97886,0.02061,0.00009,0.00027,0.00001,0.00000,0.00000,0.00000,0.00016
263.20001,1.02191,0.97883,0.02062,0.00009,0.00028,0.00001,0.00000,0.00001,0.00000,0.00016
263.34000,1.02194,0.98052,0.01896,0.00008,0.00027,0.00001,0.00000,0.00000,0.00000,0.00015
263.48001,1.02191,0.98296,0.01661,0.00007,0.00021,0.00001,0.00000,0.00000,0.00000,0.00014
263.62000,1.02194,0.97830,0.02125,0.00008,0.00022,0.00001,0.00000,0.00000,0.00000,0.00014
263.76001,1.02194,0.97699,0.02257,0.00007,0.00020,0.00001,0.00000,0.00000,0.00000,0.00017
263.89999,1.02194,0.97632,0.02320,0.00008,0.00023,0.00001,0.00000,0.00000,0.00000,0.00016
264.04001,1.02194,0.97840,0.02113,0.00008,0.00023,0.00001,0.00000,0.00000,0.00000,0.00016
264.17999,1.02194,0.97563,0.02393,0.00008,0.00019,0.00001,0.00000,0.00000,0.00000,0.00016
264.32001,1.02194,0.97477,0.02471,0.00009,0.00025,0.00001,0.00000,0.00000,0.00000,0.00016
264.45999,1.02194,0.97780,0.02167,0.00009,0.00027,0.00001,0.00000,0.00000,0.00000,0.00016
264.60001,1.02194,0.97807,0.02132,0.00010,0.00033,0.00001,0.00000,0.00001,0.00000,0.00016
264.73999,1.02194,0.97429,0.02513,0.00011,0.00030,0.00001,0.00000,0.00001,0.00000,0.00016
264.88000,1.02194,0.97437,0.02510,0.00009,0.00025,0.00001,0.00000,0.00001,0.00000,0.00017
265.01999,1.02194,0.97740,0.02197,0.00010,0.00035,0.00001,0.00000,0.00001,0.00000,0.00017
265.16000,1.02194,0.98024,0.01917,0.00010,0.00031,0.00001,0.00000,0.00001,0.00000,0.00016
265.29999,1.02194,0.97960,0.01976,0.00011,0.00036,0.00001,0.00000,0.00001,0.00000,0.00016
265.44000,1.02194,0.98258,0.01682,0.00010,0.00033,0.00001,0.00000,0.00001,0.00000,0.00016
265.57999,1.02194,0.97856,0.02074,0.00013,0.00040,0.00001,0.00000,0.00001,0.00000,0.00015
265.72000,1.02194,0.98061,0.01854,0.00014,0.00052,0.00001,0.00000,0.00001,0.00000,0.00016
265.85999,1.02194,0.98265,0.01658,0.00013,0.00046,0.00001,0.00000,0.00001,0.00000,0.00016
266.00000,1.02194,0.98039,0.01896,0.00011,0.00036,0.00001,0.00000,0.00001,0.00000,0.00016
266.14001,1.02191,0.97878,0.02061,0.00011,0.00033,0.00001,0.00000,0.00001,0.00000,0.00016
266.28000,1.02194,0.97852,0.02080,0.00011,0.00039,0.00001,0.00000,0.00001,0.00000,0.00017
266.42001,1.02191,0.98210,0.01727,0.00010,0.00035,0.00001,0.00000,0.00001,0.00000,0.00016
266.56000,1.02194,0.98244,0.01703,0.00009,0.00027,0.00001,0.00000,0.00001,0.00000,0.00016
266.70001,1.02191,0.97678,0.02270,0.00009,0.00025,0.00001,0.00000,0.00000,0.00000,0.00015
266.84000,1.02194,0.97439,0.02514,0.00008,0.00022,0.00001,0.00000,0.00000,0.00000,0.00015
266.98001,1.02191,0.97574,0.02371,0.00009,0.00027,0.00001,0.00000,0.00001,0.00000,0.00016
267.12000,1.02194,0.97618,0.02325,0.00009,0.00029,0.00001,0.00000,0.00001,0.00000,0.00017
267.26001,1.02194,0.97405,0.02548,0.00008,0.00021,0.00001,0.00000,0.00000,0.00000,0.00017
267.39999,1.02194,0.97061,0.02888,0.00009,0.00024,0.00001,0.00000,0.00000,0.00000,0.00017
267.54001,1.02194,0.96848,0.03098,0.00010,0.00027,0.00001,0.00000,0.00001,0.00000,0.00017
267.67999,1.02194,0.97392,0.02545,0.00010,0.00033,0.00001,0.00000,0.00001,0.00000,0.00017
267.82001,1.02194,0.97766,0.02167,0.00011,0.00037,0.00001,0.00000,0.00001,0.00000,0.00017
267.95999,1.02194,0.97455,0.02486,0.00010,0.00030,0.00001,0.00000,0.00001,0.00000,0.00017
268.10001,1.02194,0.97377,0.02564,0.00010,0.00030,0.00001,0.00000,0.00001,0.00000,0.00017
268.23999,1.02194,0.97218,0.02717,0.00011,0.00035,0.00001,0.00000,0.00001,0.00000,0.00017
268.38000,1.02194,0.97442,0.02485,0.00012,0.00042,0.00001,0.00000,0.00001,0.00000,0.00018
268.51999,1.02194,0.97473,0.02461,0.00011,0.00036,0.00001,0.00000,0.00001,0.00000,0.00018
268.66000,1.02194,0.97646,0.02293,0.00010,0.00032,0.00001,0.00000,0.00001,0.00000,0.00017
268.79999,1.02194,0.97551,0.02390,0.00010,0.00031,0.00001,0.00000,0.00001,0.00000,0.00016
268.94000,1.02194,0.97708,0.02230,0.00010,0.00034,0.00001,0.00000,0.00001,0.00000,0.00017
269.07999,1.02194,0.97889,0.02047,0.00010,0.00035,0.00001,0.00000,0.00001,0.00000,0.00016
269.22000,1.02194,0.98012,0.01933,0.00009,0.00029,0.00001,0.00000,0.00001,0.00000,0.00016
269.35999,1.02194,0.97616,0.02327,0.00010,0.00030,0.00001,0.00000,0.00001,0.00000,0.00016
269.50000,1.02194,0.96920,0.03018,0.00011,0.00032,0.00001,0.00000,0.00001,0.00000,0.00017
269.64001,1.02191,0.96735,0.03209,0.00010,0.00027,0.00001,0.00000,0.00001,0.00000,0.00017
269.78000,1.02194,0.97128,0.02812,0.00010,0.00031,0.00001,0.00000,0.00001,0.00000,0.00018
269.92001,1.02191,0.97368,0.02579,0.00009,0.00024,0.00001,0.00000,0.00001,0.00000,0.00018
270.06000,1.02194,0.96851,0.03096,0.00009,0.00025,0.00001,0.00000,0.00001,0.00000,0.00017
270.20001,1.02191,0.97464,0.02488,0.00008,0.00022,0.00001,0.00000,0.00001,0.00000,0.00017
270.34000,1.02194,0.97578,0.02379,0.00007,0.00019,0.00001,0.00000,0.00000,0.00000,0.00016
270.48001,1.02191,0.97651,0.02296,0.00009,0.00027,0.00001,0.00000,0.00000,0.00000,0.00016
270.62000,1.02194,0.97770,0.02178,0.00009,0.00025,0.00001,0.00000,0.00001,0.00000,0.00016
270.76001,1.02194,0.97561,0.02376,0.00011,0.00034,0.00001,0.00000,0.00001,0.00000,0.00017
270.89999,1.02194,0.97632,0.02304,0.00011,0.00035,0.00001,0.00000,0.00001,0.00000,0.00017
271.04001,1.02194,0.97555,0.02381,0.00011,0.00034,0.00001,0.00000,0.00001,0.00000,0.00017
271.17999,1.02194,0.97742,0.02195,0.00011,0.00033,0.00001,0.00000,0.00001,0.00000,0.00017
271.32001,1.02194,0.97884,0.02058,0.00010,0.00030,0.00001,0.00000,0.00001,0.00000,0.00017
271.45999,1.02194,0.97893,0.02042,0.00011,0.00036,0.00001,0.00000,0.00001,0.00000,0.00017
271.60001,1.02194,0.97985,0.01949,0.00011,0.00037,0.00001,0.00000,0.00001,0.00000,0.00016
271.73999,1.02194,0.98149,0.01803,0.00008,0.00023,0.00001,0.00000,0.00000,0.00000,0.00015
271.88000,1.02194,0.97954,0.01991,0.00009,0.00029,0.00001,0.00000,0.00000,0.00000,0.00015
272.01999,1.02194,0.97699,0.02245,0.00010,0.00030,0.00001,0.00000,0.00000,0.00000,0.00015
272.16000,1.02194,0.97706,0.02239,0.00010,0.00029,0.00001,0.00000,0.00000,0.00000,0.00016
272.29999,1.02194,0.97542,0.02404,0.00009,0.00027,0.00001,0.00000,0.00001,0.00000,0.00016
272.44000,1.02194,0.97495,0.02457,0.00008,0.00021,0.00001,0.00000,0.00000,0.00000,0.00017
272.57999,1.02194,0.97628,0.02311,0.00010,0.00032,0.00001,0.00000,0.00001,0.00000,0.00017
272.72000,1.02194,0.97457,0.02476,0.00012,0.00037,0.00001,0.00000,0.00001,0.00000,0.00017
272.85999,1.02194,0.97788,0.02160,0.00009,0.00025,0.00001,0.00000,0.00001,0.00000,0.00016
273.00000,1.02194,0.97962,0.01982,0.00009,0.00029,0.00001,0.00000,0.00001,0.00000,0.00016
273.14001,1.02191,0.98560,0.01388,0.00008,0.00026,0.00001,0.00000,0.00001,0.00000,0.00016
273.28000,1.02194,0.98636,0.01307,0.00009,0.00031,0.00001,0.00000,0.00000,0.00000,0.00015
273.42001,1.02191,0.98800,0.01141,0.00010,0.00034,0.00001,0.00000,0.00000,0.00000,0.00014
273.56000,1.02194,0.98843,0.01108,0.00008,0.00026,0.00001,0.00000,0.00000,0.00000,0.00013
273.70001,1.02191,0.98835,0.01114,0.00008,0.00028,0.00001,0.00000,0.00000,0.00000,0.00013
273.84000,1.02194,0.98812,0.01136,0.00009,0.00028,0.00001,0.00000,0.00000,0.00000,0.00014
273.98001,1.02191,0.98464,0.01477,0.00010,0.00033,0.00001,0.00000,0.00000,0.00000,0.00015
274.12000,1.02194,0.98285,0.01659,0.00009,0.00030,0.00001,0.00000,0.00001,0.00000,0.00015
274.26001,1.02194,0.98166,0.01783,0.00009,0.00026,0.00001,0.00000,0.00000,0.00000,0.00015
274.39999,1.02194,0.98362,0.01586,0.00009,0.00028,0.00001,0.00000,0.00000,0.00000,0.00015
274.54001,1.02194,0.98372,0.01582,0.00008,0.00023,0.00001,0.00000,0.00000,0.00000,0.00015
274.67999,1.02194,0.98214,0.01732,0.00009,0.00028,0.00001,0.00000,0.00001,0.00000,0.00015
274.82001,1.02194,0.98324,0.01627,0.00008,0.00025,0.00001,0.00000,0.00000,0.00000,0.00015
274.95999,1.02194,0.98460,0.01497,0.00007,0.00021,0.00001,0.00000,0.00000,0.00000,0.00013
275.10001,1.02194,0.98199,0.01755,0.00007,0.00022,0.00001,0.00000,0.00000,0.00000,0.00015
275.23999,1.02194,0.97871,0.02079,0.00009,0.00025,0.00001,0.00000,0.00000,0.00000,0.00015
275.38000,1.02194,0.97821,0.02130,0.00008,0.00024,0.00001,0.00000,0.00000,0.00000,0.00015
275.51999,1.02194,0.97932,0.02013,0.00009,0.00028,0.00001,0.00000,0.00001,0.00000,0.00016
275.66000,1.02194,0.97461,0.02490,0.00009,0.00023,0.00001,0.00000,0.00001,0.00000,0.00017
275.79999,1.02194,0.97868,0.02085,0.00007,0.00022,0.00001,0.00000,0.00000,0.00000,0.00016
275.94000,1.02194,0.98275,0.01680,0.00007,0.00021,0.00001,0.00000,0.00000,0.00000,0.00015
276.07999,1.02194,0.98429,0.01527,0.00007,0.00021,0.00001,0.00000,0.00000,0.00000,0.00014
276.22000,1.02194,0.98208,0.01743,0.00008,0.00024,0.00001,0.00000,0.00000,0.00000,0.00015
276.35999,1.02194,0.98314,0.01639,0.00008,0.00023,0.00001,0.00000,0.00000,0.00000,0.00015
276.50000,1.02194,0.98085,0.01863,0.00009,0.00026,0.00001,0.00000,0.00000,0.00000,0.00015
276.64001,1.02191,0.97768,0.02174,0.00011,0.00031,0.00001,0.00000,0.00000,0.00000,0.00015
276.78000,1.02194,0.97289,0.02650,0.00011,0.00032,0.00001,0.00000,0.00001,0.00000,0.00017
276.92001,1.02191,0.97381,0.02560,0.00011,0.00029,0.00001,0.00000,0.00001,0.00000,0.00017
277.06000,1.02194,0.97863,0.02073,0.00011,0.00034,0.00001,0.00000,0.00001,0.00000,0.00017
277.20001,1.02191,0.98034,0.01902,0.00011,0.00035,0.00001,0.00000,0.00001,0.00000,0.00017
277.34000,1.02194,0.98167,0.01774,0.00010,0.00031,0.00001,0.00000,0.00001,0.00000,0.00016
277.48001,1.02191,0.98203,0.01746,0.00009,0.00026,0.00001,0.00000,0.00000,0.00000,0.00015
277.62000,1.02194,0.98357,0.01588,0.00009,0.00030,0.00001,0.00000,0.00000,0.00000,0.00015
277.76001,1.02194,0.98113,0.01825,0.00011,0.00034,0.00001,0.00000,0.00001,0.00000,0.00015
277.89999,1.02194,0.98105,0.01838,0.00009,0.00030,0.00001,0.00000,0.00000,0.00000,0.00015
278.04001,1.02194,0.98234,0.01720,0.00008,0.00022,0.00001,0.00000,0.00000,0.00000,0.00016
278.17999,1.02194,0.98028,0.01929,0.00007,0.00019,0.00001,0.00000,0.00000,0.00000,0.00015
278.32001,1.02194,0.97829,0.02121,0.00008,0.00025,0.00001,0.00000,0.00000,0.00000,0.00016
278.45999,1.02194,0.98221,0.01735,0.00007,0.00021,0.00001,0.00000,0.00000,0.00000,0.00015
278.60001,1.02194,0.98157,0.01805,0.00006,0.00016,0.00001,0.00000,0.00000,0.00000,0.00014
278.73999,1.02194,0.97541,0.02416,0.00007,0.00019,0.00001,0.00000,0.00000,0.00000,0.00015
278.88000,1.02194,0.97227,0.02724,0.00008,0.00022,0.00001,0.00000,0.00000,0.00000,0.00016
279.01999,1.02194,0.97182,0.02759,0.00010,0.00030,0.00001,0.00000,0.00001,0.00000,0.00017
279.16000,1.02194,0.97194,0.02749,0.00009,0.00028,0.00001,0.00000,0.00001,0.00000,0.00018
279.29999,1.02194,0.97098,0.02840,0.00010,0.00032,0.00001,0.00000,0.00001,0.00000,0.00018
279.44000,1.02194,0.97834,0.02106,0.00010,0.00031,0.00001,0.00000,0.00001,0.00000,0.00017
279.57999,1.02194,0.98244,0.01701,0.00009,0.00029,0.00001,0.00000,0.00001,0.00000,0.00015
279.72000,1.02194,0.98124,0.01819,0.00009,0.00031,0.00001,0.00000,0.00001,0.00000,0.00015
279.85999,1.02194,0.98178,0.01756,0.00011,0.00039,0.00001,0.00000,0.00001,0.00000,0.00015
280.00000,1.02194,0.98169,0.01771,0.00010,0.00033,0.00001,0.00000,0.00001,0.00000,0.00015
280.14001,1.02191,0.97846,0.02089,0.00011,0.00036,0.00001,0.00000,0.00001,0.00000,0.00016
280.28000,1.02194,0.97422,0.02512,0.00011,0.00035,0.00001,0.00000,0.00001,0.00000,0.00017
280.42001,1.02191,0.97405,0.02529,0.00011,0.00035,0.00001,0.00000,0.00001,0.00000,0.00018
280.56000,1.02194,0.97429,0.02502,0.00012,0.00038,0.00001,0.00000,0.00001,0.00000,0.00017
280.70001,1.02191,0.97344,0.02588,0.00012,0.00037,0.00001,0.00000,0.00001,0.00000,0.00017
280.84000,1.02194,0.97439,0.02498,0.00011,0.00033,0.00001,0.00000,0.00001,0.00000,0.00017
280.98001,1.02191,0.97606,0.02340,0.00009,0.00026,0.00001,0.00000,0.00001,0.00000,0.00017
281.12000,1.02194,0.97880,0.02067,0.00009,0.00026,0.00001,0.00000,0.00001,0.00000,0.00016
281.26001,1.02194,0.97792,0.02151,0.00010,0.00029,0.00001,0.00000,0.00000,0.00000,0.00016
281.39999,1.02194,0.97562,0.02388,0.00009,0.00025,0.00001,0.00000,0.00000,0.00000,0.00015
281.54001,1.02194,0.97990,0.01969,0.00007,0.00018,0.00001,0.00000,0.00000,0.00000,0.00015
281.67999,1.02194,0.97827,0.02133,0.00007,0.00017,0.00001,0.00000,0.00000,0.00000,0.00015
281.82001,1.02194,0.97778,0.02181,0.00007,0.00018,0.00001,0.00000,0.00000,0.00000,0.00015
281.95999,1.02194,0.97730,0.02229,0.00006,0.00017,0.00001,0.00000,0.00000,0.00000,0.00016
282.10001,1.02194,0.97471,0.02484,0.00008,0.00020,0.00001,0.00000,0.00000,0.00000,0.00016
282.23999,1.02194,0.97712,0.02244,0.00007,0.00019,0.00001,0.00000,0.00000,0.00000,0.00016
282.38000,1.02194,0.97665,0.02283,0.00009,0.00025,0.00001,0.00000,0.00001,0.00000,0.00017
282.51999,1.02194,0.97681,0.02264,0.00010,0.00027,0.00001,0.00000,0.00001,0.00000,0.00017
282.66000,1.02194,0.97591,0.02345,0.00011,0.00034,0.00001,0.00000,0.00001,0.00000,0.00017
282.79999,1.02194,0.97821,0.02124,0.00010,0.00028,0.00001,0.00000,0.00000,0.00000,0.00016
282.94000,1.02194,0.98127,0.01824,0.00008,0.00024,0.00001,0.00000,0.00000,0.00000,0.00016
283.07999,1.02194,0.98243,0.01708,0.00008,0.00024,0.00001,0.00000,0.00000,0.00000,0.00015
283.22000,1.02194,0.98109,0.01837,0.00009,0.00028,0.00001,0.00000,0.00000,0.00000,0.00015
283.35999,1.02194,0.98044,0.01902,0.00009,0.00028,0.00001,0.00000,0.00000,0.00000,0.00015
283.50000,1.02194,0.98413,0.01543,0.00007,0.00020,0.00001,0.00000,0.00000,0.00000,0.00015
283.64001,1.02191,0.98215,0.01738,0.00008,0.00023,0.00001,0.00000,0.00000,0.00000,0.00015
283.78000,1.02194,0.97984,0.01956,0.00010,0.00033,0.00001,0.00000,0.00001,0.00000,0.00015
283.92001,1.02191,0.97964,0.01980,0.00009,0.00029,0.00001,0.00000,0.00001,0.00000,0.00016
284.06000,1.02194,0.98186,0.01758,0.00010,0.00030,0.00001,0.00000,0.00000,0.00000,0.00015
284.20001,1.02191,0.98220,0.01730,0.00009,0.00025,0.00001,0.00000,0.00000,0.00000,0.00015
284.34000,1.02194,0.97942,0.01997,0.00010,0.00033,0.00001,0.00000,0.00001,0.00000,0.00016
284.48001,1.02191,0.97826,0.02108,0.00011,0.00037,0.00001,0.00000,0.00001,0.00000,0.00016
284.62000,1.02194,0.98055,0.01888,0.00009,0.00030,0.00001,0.00000,0.00001,0.00000,0.00016
284.76001,1.02194,0.98328,0.01610,0.00010,0.00035,0.00001,0.00000,0.00001,0.00000,0.00016
284.89999,1.02194,0.97972,0.01963,0.00012,0.00036,0.00001,0.00000,0.00001,0.00000,0.00016
285.04001,1.02194,0.98046,0.01884,0.00012,0.00039,0.00001,0.00000,0.00001,0.00000,0.00016
285.17999,1.02194,0.98392,0.01542,0.00011,0.00038,0.00001,0.00000,0.00001,0.00000,0.00015
285.32001,1.02194,0.98685,0.01252,0.00010,0.00037,0.00001,0.00000,0.00001,0.00000,0.00014
285.45999,1.02194,0.98550,0.01390,0.00010,0.00034,0.00001,0.00000,0.00001,0.00000,0.00015
285.60001,1.02194,0.98670,0.01274,0.00009,0.00031,0.00001,0.00000,0.00000,0.00000,0.00014
285.73999,1.02194,0.98787,0.01161,0.00008,0.00028,0.00001,0.00000,0.00000,0.00000,0.00014
285.88000,1.02194,0.98578,0.01366,0.00010,0.00031,0.00001,0.00000,0.00000,0.00000,0.00014
286.01999,1.02194,0.98161,0.01777,0.00010,0.00034,0.00001,0.00000,0.00001,0.00000,0.00015
286.16000,1.02194,0.98050,0.01887,0.00011,0.00035,0.00001,0.00000,0.00001,0.00000,0.00016
286.29999,1.02194,0.97976,0.01966,0.00010,0.00030,0.00001,0.00000,0.00001,0.00000,0.00016
286.44000,1.02194,0.97870,0.02060,0.00011,0.00039,0.00001,0.00000,0.00001,0.00000,0.00018
286.57999,1.02194,0.97784,0.02147,0.00012,0.00039,0.00001,0.00000,0.00001,0.00000,0.00017
286.72000,1.02194,0.97911,0.02032,0.00010,0.00030,0.00001,0.00000,0.00001,0.00000,0.00016
286.85999,1.02194,0.98048,0.01893,0.00010,0.00032,0.00001,0.00000,0.00001,0.00000,0.00015
287.00000,1.02194,0.97956,0.01980,0.00011,0.00036,0.00001,0.00000,0.00001,0.00000,0.00015
287.14001,1.02191,0.97932,0.01998,0.00012,0.00040,0.00001,0.00000,0.00001,0.00000,0.00015
287.28000,1.02194,0.97846,0.02089,0.00011,0.00036,0.00001,0.00000,0.00001,0.00000,0.00017
287.42001,1.02191,0.97742,0.02204,0.00009,0.00027,0.00001,0.00000,0.00001,0.00000,0.00016
287.56000,1.02194,0.97467,0.02475,0.00010,0.00030,0.00001,0.00000,0.00001,0.00000,0.00016
287.70001,1.02191,0.97413,0.02522,0.00011,0.00035,0.00001,0.00000,0.00001,0.00000,0.00017
287.84000,1.02194,0.96973,0.02965,0.00011,0.00031,0.00001,0.00000,0.00001,0.00000,0.00017
287.98001,1.02191,0.96848,0.03090,0.00011,0.00032,0.00001,0.00000,0.00001,0.00000,0.00017
288.12000,1.02194,0.96741,0.03199,0.00010,0.00030,0.00001,0.00000,0.00001,0.00000,0.00018
288.26001,1.02194,0.97211,0.02731,0.00010,0.00028,0.00001,0.00000,0.00001,0.00000,0.00018
288.39999,1.02194,0.97277,0.02665,0.00010,0.00029,0.00001,0.00000,0.00001,0.00000,0.00017
288.54001,1.02194,0.97481,0.02461,0.00009,0.00030,0.00001,0.00000,0.00001,0.00000,0.00018
288.67999,1.02194,0.97513,0.02432,0.00009,0.00027,0.00001,0.00000,0.00001,0.00000,0.00017
288.82001,1.02194,0.97740,0.02205,0.00010,0.00029,0.00001,0.00000,0.00001,0.00000,0.00016
288.95999,1.02194,0.97887,0.02051,0.00010,0.00034,0.00001,0.00000,0.00001,0.00000,0.00017
289.10001,1.02194,0.97575,0.02351,0.00013,0.00042,0.00001,0.00000,0.00001,0.00000,0.00017
289.23999,1.02194,0.97962,0.01970,0.00011,0.00039,0.00001,0.00000,0.00001,0.00000,0.00017
289.38000,1.02194,0.98232,0.01697,0.00012,0.00041,0.00001,0.00000,0.00001,0.00000,0.00016
289.51999,1.02194,0.97841,0.02080,0.00014,0.00047,0.00001,0.00000,0.00001,0.00000,0.00016
289.66000,1.02194,0.97937,0.01974,0.00015,0.00055,0.00001,0.00000,0.00001,0.00000,0.00017
289.79999,1.02194,0.98065,0.01840,0.00015,0.00061,0.00001,0.00000,0.00001,0.00000,0.00017
289.94000,1.02194,0.98306,0.01634,0.00010,0.00033,0.00001,0.00000,0.00001,0.00000,0.00015
290.07999,1.02194,0.98368,0.01575,0.00009,0.00030,0.00001,0.00000,0.00001,0.00000,0.00015
290.22000,1.02194,0.98218,0.01727,0.00009,0.00030,0.00001,0.00000,0.00001,0.00000,0.00015
290.35999,1.02194,0.98323,0.01626,0.00008,0.00026,0.00001,0.00000,0.00000,0.00000,0.00015
290.50000,1.02194,0.98159,0.01791,0.00008,0.00025,0.00001,0.00000,0.00000,0.00000,0.00015
290.64001,1.02191,0.97969,0.01986,0.00007,0.00021,0.00001,0.00000,0.00000,0.00000,0.00016
290.78000,1.02194,0.97790,0.02162,0.00008,0.00022,0.00001,0.00000,0.00001,0.00000,0.00017
290.92001,1.02191,0.97834,0.02115,0.00008,0.00024,0.00001,0.00000,0.00001,0.00000,0.00016
291.06000,1.02194,0.98000,0.01948,0.00009,0.00026,0.00001,0.00000,0.00000,0.00000,0.00015
291.20001,1.02191,0.98090,0.01860,0.00009,0.00024,0.00001,0.00000,0.00000,0.00000,0.00015
291.34000,1.02194,0.98081,0.01858,0.00010,0.00033,0.00001,0.00000,0.00001,0.00000,0.00016
291.48001,1.02191,0.98256,0.01682,0.00010,0.00034,0.00001,0.00000,0.00001,0.00000,0.00015
291.62000,1.02194,0.98312,0.01626,0.00010,0.00033,0.00001,0.00000,0.00001,0.00000,0.00016
291.76001,1.02194,0.98165,0.01768,0.00012,0.00038,0.00001,0.00000,0.00001,0.00000,0.00016
291.89999,1.02194,0.98235,0.01708,0.00010,0.00031,0.00001,0.00000,0.00001,0.00000,0.00015
292.04001,1.02194,0.98415,0.01528,0.00010,0.00032,0.00001,0.00000,0.00000,0.00000,0.00015
292.17999,1.02194,0.98620,0.01332,0.00008,0.00024,0.00001,0.00000,0.00000,0.00000,0.00014
292.32001,1.02194,0.98465,0.01497,0.00006,0.00017,0.00001,0.00000,0.00000,0.00000,0.00014
292.45999,1.02194,0.98377,0.01575,0.00008,0.00024,0.00001,0.00000,0.00000,0.00000,0.00015
292.60001,1.02194,0.98246,0.01709,0.00007,0.00022,0.00001,0.00000,0.00000,0.00000,0.00015
292.73999,1.02194,0.98149,0.01798,0.00009,0.00027,0.00001,0.00000,0.00000,0.00000,0.00015
292.88000,1.02194,0.97849,0.02093,0.00010,0.00030,0.00001,0.00000,0.00000,0.00000,0.00015
293.01999,1.02194,0.97191,0.02724,0.00015,0.00050,0.00001,0.00000,0.00001,0.00000,0.00017
293.16000,1.02194,0.97277,0.02632,0.00016,0.00055,0.00001,0.00000,0.00001,0.00000,0.00018
293.29999,1.02194,0.97605,0.02310,0.00015,0.00050,0.00001,0.00000,0.00001,0.00000,0.00018
293.44000,1.02194,0.97548,0.02374,0.00014,0.00045,0.00001,0.00000,0.00001,0.00000,0.00017
293.57999,1.02194,0.97969,0.01972,0.00010,0.00031,0.00001,0.00000,0.00001,0.00000,0.00016
293.72000,1.02194,0.98032,0.01912,0.00011,0.00029,0.00001,0.00000,0.00000,0.00000,0.00015
293.85999,1.02194,0.97002,0.02937,0.00013,0.00031,0.00001,0.00000,0.00000,0.00000,0.00015
294.00000,1.02194,0.94719,0.05217,0.00015,0.00031,0.00001,0.00000,0.00000,0.00000,0.00017
294.14001,1.02191,0.93756,0.06163,0.00015,0.00042,0.00001,0.00000,0.00001,0.00000,0.00022
294.28000,1.02194,0.92231,0.07685,0.00015,0.00041,0.00001,0.00000,0.00001,0.00000,0.00025
294.42001,1.02191,0.91144,0.08757,0.00018,0.00051,0.00001,0.00000,0.00001,0.00000,0.00029
294.56000,1.02194,0.90734,0.09162,0.00019,0.00055,0.00001,0.00000,0.00001,0.00000,0.00027
294.70001,1.02191,0.92664,0.07233,0.00019,0.00058,0.00001,0.00000,0.00001,0.00000,0.00025
294.84000,1.02194,0.94606,0.05299,0.00016,0.00054,0.00001,0.00000,0.00001,0.00000,0.00022
294.98001,1.02191,0.96001,0.03894,0.00018,0.00065,0.00001,0.00000,0.00001,0.00000,0.00020
295.12000,1.02194,0.96696,0.03221,0.00014,0.00048,0.00001,0.00000,0.00001,0.00000,0.00020
295.26001,1.02194,0.96829,0.03090,0.00014,0.00046,0.00001,0.00000,0.00001,0.00000,0.00019
295.39999,1.02194,0.96823,0.03096,0.00014,0.00047,0.00001,0.00000,0.00001,0.00000,0.00019
295.54001,1.02194,0.97083,0.02846,0.00013,0.00038,0.00001,0.00000,0.00001,0.00000,0.00018
295.67999,1.02194,0.97061,0.02859,0.00014,0.00046,0.00001,0.00000,0.00001,0.00000,0.00018
295.82001,1.02194,0.97423,0.02509,0.00011,0.00037,0.00001,0.00000,0.00001,0.00000,0.00018
295.95999,1.02194,0.97600,0.02331,0.00012,0.00038,0.00001,0.00000,0.00001,0.00000,0.00017
296.10001,1.02194,0.97530,0.02402,0.00012,0.00038,0.00001,0.00000,0.00001,0.00000,0.00017
296.23999,1.02194,0.97535,0.02402,0.00011,0.00033,0.00001,0.00000,0.00001,0.00000,0.00017
296.38000,1.02194,0.97422,0.02506,0.00013,0.00040,0.00001,0.00000,0.00001,0.00000,0.00017
296.51999,1.02194,0.97462,0.02453,0.00014,0.00051,0.00001,0.00000,0.00001,0.00000,0.00017
296.66000,1.02194,0.97601,0.02328,0.00012,0.00039,0.00001,0.00000,0.00001,0.00000,0.00017
296.79999,1.02194,0.97831,0.02107,0.00011,0.00032,0.00001,0.00000,0.00001,0.00000,0.00017
296.94000,1.02194,0.97819,0.02127,0.00010,0.00027,0.00001,0.00000,0.00000,0.00000,0.00015
297.07999,1.02194,0.98127,0.01823,0.00008,0.00025,0.00001,0.00000,0.00000,0.00000,0.00015
297.22000,1.02194,0.98217,0.01734,0.00008,0.00024,0.00001,0.00000,0.00000,0.00000,0.00015
297.35999,1.02194,0.97824,0.02128,0.00009,0.00023,0.00001,0.00000,0.00000,0.00000,0.00015
297.50000,1.02194,0.96748,0.03200,0.00010,0.00025,0.00001,0.00000,0.00000,0.00000,0.00016
297.64001,1.02191,0.96571,0.03370,0.00011,0.00029,0.00001,0.00000,0.00001,0.00000,0.00018
297.78000,1.02194,0.96868,0.03078,0.00009,0.00025,0.00001,0.00000,0.00001,0.00000,0.00018
297.92001,1.02191,0.97170,0.02772,0.00010,0.00028,0.00001,0.00000,0.00001,0.00000,0.00019
298.06000,1.02194,0.96739,0.03197,0.00011,0.00033,0.00001,0.00000,0.00001,0.00000,0.00019
298.20001,1.02191,0.97091,0.02856,0.00010,0.00026,0.00001,0.00000,0.00000,0.00000,0.00016
298.34000,1.02194,0.97854,0.02101,0.00007,0.00021,0.00001,0.00000,0.00000,0.00000,0.00016
298.48001,1.02191,0.97465,0.02487,0.00009,0.00023,0.00001,0.00000,0.00000,0.00000,0.00015
298.62000,1.02194,0.97167,0.02779,0.00009,0.00027,0.00001,0.00000,0.00000,0.00000,0.00017
298.76001,1.02194,0.97489,0.02456,0.00009,0.00027,0.00001,0.00000,0.00001,0.00000,0.00017
298.89999,1.02194,0.97464,0.02491,0.00007,0.00020,0.00001,0.00000,0.00000,0.00000,0.00016
