Time (seconds), Duration (seconds),pred_(unlabeled),pred_brushing_teeth,pred_hair_drying,pred_showering
0.00000,1.02194,0.99797,0.00023,0.00015,0.00164
0.14000,1.02194,0.99090,0.00020,0.00007,0.00884
0.28000,1.02194,0.96305,0.00009,0.00006,0.03679
0.42000,1.02194,0.99248,0.00004,0.00009,0.00739
0.56000,1.02194,0.99496,0.00002,0.00005,0.00498
0.70000,1.02194,0.97491,0.00127,0.00106,0.02276
0.84000,1.02194,0.93089,0.02450,0.00589,0.03873
0.98000,1.02194,0.98050,0.01170,0.00483,0.00297
1.12000,1.02194,0.99126,0.00566,0.00282,0.00026
1.26000,1.02194,0.99621,0.00190,0.00161,0.00029
1.40000,1.02194,0.99236,0.00472,0.00254,0.00037
1.54000,1.02194,0.99370,0.00507,0.00111,0.00013
1.68000,1.02194,0.99761,0.00179,0.00053,0.00008
1.82000,1.02194,0.99767,0.00174,0.00052,0.00008
1.96000,1.02194,0.99768,0.00174,0.00051,0.00007
2.10000,1.02194,0.99759,0.00181,0.00052,0.00008
2.24000,1.02194,0.99751,0.00187,0.00054,0.00008
2.38000,1.02194,0.99747,0.00191,0.00055,0.00008
2.52000,1.02194,0.99728,0.00205,0.00059,0.00008
2.66000,1.02194,0.99654,0.00266,0.00070,0.00009
2.80000,1.02194,0.99673,0.00247,0.00070,0.00010
2.94000,1.02194,0.99692,0.00228,0.00070,0.00010
3.08000,1.02194,0.99722,0.00206,0.00063,0.00009
3.22000,1.02194,0.99713,0.00215,0.00063,0.00008
3.36000,1.02194,0.99738,0.00190,0.00063,0.00009
3.50000,1.02194,0.99749,0.00188,0.00056,0.00007
3.64000,1.02194,0.99783,0.00161,0.00049,0.00007
3.78000,1.02194,0.99784,0.00160,0.00049,0.00007
3.92000,1.02194,0.99788,0.00157,0.00048,0.00007
4.06000,1.02194,0.99768,0.00174,0.00051,0.00007
4.20000,1.02194,0.99761,0.00177,0.00054,0.00008
4.34000,1.02194,0.99767,0.00175,0.00051,0.00008
4.48000,1.02194,0.99756,0.00184,0.00052,0.00008
4.62000,1.02194,0.99731,0.00205,0.00057,0.00008
4.76000,1.02194,0.99736,0.00199,0.00057,0.00008
4.90000,1.02194,0.99724,0.00210,0.00058,0.00007
5.04000,1.02194,0.99717,0.00215,0.00059,0.00008
5.18000,1.02194,0.99711,0.00221,0.00060,0.00008
5.32000,1.02194,0.99702,0.00227,0.00063,0.00009
5.46000,1.02194,0.99723,0.00211,0.00058,0.00008
5.60000,1.02194,0.99728,0.00206,0.00057,0.00008
5.74000,1.02194,0.99726,0.00208,0.00058,0.00008
5.88000,1.02194,0.99721,0.00212,0.00059,0.00008
6.02000,1.02194,0.99732,0.00203,0.00057,0.00008
6.16000,1.02194,0.99729,0.00206,0.00057,0.00008
6.30000,1.02194,0.99743,0.00195,0.00055,0.00008
6.44000,1.02194,0.99664,0.00262,0.00066,0.00008
6.58000,1.02194,0.99423,0.00482,0.00084,0.00011
6.72000,1.02194,0.98800,0.00710,0.00457,0.00033
6.86000,1.02194,0.97087,0.02322,0.00537,0.00054
7.00000,1.02194,0.90205,0.09216,0.00494,0.00086
7.14000,1.02194,0.74083,0.25194,0.00618,0.00104
7.28000,1.02194,0.37244,0.61947,0.00664,0.00145
7.42000,1.02194,0.15774,0.83892,0.00237,0.00098
7.56000,1.02194,0.06144,0.93766,0.00079,0.00011
7.70000,1.02194,0.07200,0.92742,0.00048,0.00010
7.84000,1.02194,0.14842,0.85073,0.00069,0.00015
7.98000,1.02194,0.34247,0.65607,0.00126,0.00020
8.12000,1.02194,0.63039,0.36482,0.00434,0.00045
8.26000,1.02194,0.63797,0.35485,0.00655,0.00063
8.40000,1.02194,0.68109,0.30277,0.01483,0.00131
8.54000,1.02194,0.70843,0.23575,0.05270,0.00312
8.68000,1.02194,0.60811,0.32107,0.05879,0.01204
8.82000,1.02194,0.53782,0.41816,0.03302,0.01099
8.96000,1.02194,0.16295,0.81767,0.01589,0.00349
9.10000,1.02194,0.17792,0.80468,0.01495,0.00246
9.24000,1.02194,0.22730,0.76584,0.00531,0.00155
9.38000,1.02194,0.17304,0.82482,0.00127,0.00087
9.52000,1.02194,0.12501,0.87376,0.00094,0.00029
9.66000,1.02194,0.67250,0.32082,0.00349,0.00320
9.80000,1.02194,0.45001,0.53518,0.00423,0.01057
9.94000,1.02194,0.45611,0.53603,0.00140,0.00646
10.08000,1.02194,0.77229,0.09000,0.00400,0.13371
10.22000,1.02194,0.57326,0.07931,0.00207,0.34536
10.36000,1.02194,0.45950,0.40952,0.00267,0.12831
10.50000,1.02194,0.48839,0.48269,0.00162,0.02730
10.64000,1.02194,0.12129,0.87014,0.00044,0.00813
10.78000,1.02194,0.80602,0.15531,0.00243,0.03624
10.92000,1.02194,0.48740,0.49744,0.00559,0.00957
11.06000,1.02194,0.55810,0.39375,0.01219,0.03596
11.20000,1.02194,0.66002,0.19517,0.02096,0.12385
11.34000,1.02194,0.65778,0.07242,0.01509,0.25472
11.48000,1.02194,0.71378,0.02568,0.01299,0.24754
11.62000,1.02194,0.85236,0.04558,0.02558,0.07649
11.76000,1.02194,0.92278,0.04286,0.01197,0.02240
11.90000,1.02194,0.97320,0.01760,0.00330,0.00590
12.04000,1.02194,0.97578,0.02106,0.00226,0.00091
12.18000,1.02194,0.99348,0.00366,0.00241,0.00045
12.32000,1.02194,0.99345,0.00172,0.00331,0.00152
12.46000,1.02194,0.99492,0.00090,0.00312,0.00106
12.60000,1.02194,0.97466,0.00198,0.01664,0.00672
12.74000,1.02194,0.93384,0.00145,0.02227,0.04244
12.88000,1.02194,0.95078,0.00365,0.01904,0.02653
13.02000,1.02194,0.96568,0.00606,0.01733,0.01093
13.16000,1.02194,0.99268,0.00176,0.00281,0.00275
13.30000,1.02194,0.99076,0.00420,0.00374,0.00131
13.44000,1.02194,0.99498,0.00325,0.00143,0.00034
13.58000,1.02194,0.99706,0.00215,0.00068,0.00010
13.72000,1.02194,0.99669,0.00250,0.00071,0.00010
13.86000,1.02194,0.99694,0.00233,0.00065,0.00009
14.00000,1.02194,0.99660,0.00243,0.00085,0.00012
14.14000,1.02194,0.99758,0.00180,0.00053,0.00008
14.28000,1.02194,0.99762,0.00178,0.00052,0.00008
14.42000,1.02194,0.99674,0.00254,0.00063,0.00009
14.56000,1.02194,0.99507,0.00302,0.00170,0.00022
14.70000,1.02194,0.98123,0.01543,0.00292,0.00042
14.84000,1.02194,0.93001,0.06648,0.00227,0.00125
14.98000,1.02194,0.92468,0.05555,0.00260,0.01717
15.12000,1.02194,0.81935,0.02472,0.00339,0.15253
15.26000,1.02194,0.42025,0.02078,0.00317,0.55580
15.40000,1.02194,0.12212,0.00631,0.00105,0.87053
15.54000,1.02194,0.07903,0.00397,0.00075,0.91625
15.68000,1.02194,0.07383,0.00307,0.00228,0.92083
15.82000,1.02194,0.06290,0.00269,0.00196,0.93245
15.96000,1.02194,0.08813,0.00745,0.00447,0.89994
16.10000,1.02194,0.09264,0.00725,0.00637,0.89374
16.24000,1.02194,0.07926,0.00556,0.00536,0.90983
16.38000,1.02194,0.07799,0.00491,0.00300,0.91410
16.52000,1.02194,0.06739,0.00407,0.00202,0.92653
16.66000,1.02194,0.12228,0.02568,0.00192,0.85012
16.80000,1.02194,0.13244,0.03302,0.00212,0.83242
16.94000,1.02194,0.12859,0.01438,0.00241,0.85462
17.08000,1.02194,0.14691,0.06792,0.00260,0.78257
17.22000,1.02194,0.13439,0.05180,0.00223,0.81159
17.36000,1.02194,0.16107,0.15134,0.00203,0.68556
17.50000,1.02194,0.14131,0.10128,0.00134,0.75606
17.64000,1.02194,0.14789,0.09945,0.00231,0.75035
17.78000,1.02194,0.16272,0.12203,0.00266,0.71258
17.92000,1.02194,0.15682,0.16770,0.00351,0.67196
18.06000,1.02194,0.15889,0.13572,0.00391,0.70148
18.20000,1.02194,0.13703,0.09598,0.00477,0.76222
18.34000,1.02194,0.11217,0.04238,0.00260,0.84285
18.48000,1.02194,0.07860,0.01121,0.00080,0.90939
18.62000,1.02194,0.08664,0.01273,0.00083,0.89980
18.76000,1.02194,0.19697,0.10626,0.00195,0.69482
18.90000,1.02194,0.21178,0.10141,0.00218,0.68463
19.04000,1.02194,0.23311,0.07757,0.00273,0.68660
19.18000,1.02194,0.24315,0.12595,0.00181,0.62909
19.32000,1.02194,0.28514,0.17625,0.00317,0.53545
19.46000,1.02194,0.27033,0.15774,0.00330,0.56864
19.60000,1.02194,0.13920,0.03655,0.00127,0.82298
19.74000,1.02194,0.08655,0.01232,0.00123,0.89990
19.88000,1.02194,0.12424,0.08723,0.00111,0.78742
20.02000,1.02194,0.13377,0.09230,0.00122,0.77270
20.16000,1.02194,0.12109,0.05090,0.00162,0.82639
20.30000,1.02194,0.15557,0.27710,0.00134,0.56599
20.44000,1.02194,0.13303,0.05528,0.00114,0.81056
20.58000,1.02194,0.14867,0.08492,0.00119,0.76522
20.72000,1.02194,0.14883,0.10134,0.00068,0.74915
20.86000,1.02194,0.12284,0.06622,0.00087,0.81007
21.00000,1.02194,0.10178,0.02009,0.00061,0.87751
21.14000,1.02194,0.06362,0.00471,0.00040,0.93127
21.28000,1.02194,0.11212,0.02576,0.00164,0.86048
21.42000,1.02194,0.09471,0.01788,0.00099,0.88643
21.56000,1.02194,0.09424,0.01530,0.00130,0.88917
21.70000,1.02194,0.10577,0.01582,0.00056,0.87785
21.84000,1.02194,0.09528,0.02849,0.00053,0.87571
21.98000,1.02194,0.18741,0.16770,0.00093,0.64396
22.12000,1.02194,0.23218,0.26682,0.00216,0.49884
22.26000,1.02194,0.27515,0.32478,0.00292,0.39715
22.40000,1.02194,0.22649,0.56058,0.00242,0.21051
22.54000,1.02194,0.24503,0.37036,0.00395,0.38067
22.68000,1.02194,0.17883,0.55663,0.00495,0.25959
22.82000,1.02194,0.18073,0.29415,0.00358,0.52154
22.96000,1.02194,0.16342,0.17521,0.00246,0.65890
23.10000,1.02194,0.13784,0.15070,0.00209,0.70938
23.24000,1.02194,0.14563,0.15196,0.00157,0.70083
23.38000,1.02194,0.13217,0.10041,0.00144,0.76597
23.52000,1.02194,0.10769,0.04676,0.00076,0.84479
23.66000,1.02194,0.10216,0.03204,0.00044,0.86536
23.80000,1.02194,0.11864,0.04161,0.00105,0.83871
23.94000,1.02194,0.13603,0.04245,0.00190,0.81963
24.08000,1.02194,0.12184,0.05141,0.00151,0.82524
24.22000,1.02194,0.14547,0.08592,0.00241,0.76620
24.36000,1.02194,0.15175,0.24485,0.00220,0.60120
24.50000,1.02194,0.14504,0.18395,0.00198,0.66903
24.64000,1.02194,0.13722,0.11195,0.00155,0.74928
24.78000,1.02194,0.15943,0.20166,0.00228,0.63663
24.92000,1.02194,0.15783,0.14198,0.00196,0.69824
25.06000,1.02194,0.15112,0.14134,0.00244,0.70511
25.20000,1.02194,0.13580,0.11551,0.00166,0.74703
25.34000,1.02194,0.13248,0.07110,0.00225,0.79417
25.48000,1.02194,0.11165,0.04033,0.00083,0.84719
25.62000,1.02194,0.10909,0.03353,0.00093,0.85646
25.76000,1.02194,0.12495,0.06461,0.00152,0.80891
25.90000,1.02194,0.13936,0.08356,0.00128,0.77579
26.04000,1.02194,0.10349,0.03498,0.00128,0.86025
26.18000,1.02194,0.14488,0.15325,0.00162,0.70025
26.32000,1.02194,0.12013,0.06431,0.00179,0.81376
26.46000,1.02194,0.15366,0.16435,0.00365,0.67834
26.60000,1.02194,0.14457,0.16309,0.00241,0.68993
26.74000,1.02194,0.15360,0.16608,0.00246,0.67786
26.88000,1.02194,0.16494,0.24107,0.00289,0.59110
27.02000,1.02194,0.15841,0.27543,0.00266,0.56350
27.16000,1.02194,0.16338,0.26613,0.00333,0.56716
27.30000,1.02194,0.15169,0.13296,0.00334,0.71201
27.44000,1.02194,0.13852,0.11604,0.00343,0.74202
27.58000,1.02194,0.11343,0.04386,0.00211,0.84060
27.72000,1.02194,0.14641,0.09785,0.00169,0.75405
27.86000,1.02194,0.13359,0.09372,0.00177,0.77092
28.00000,1.02194,0.11777,0.05495,0.00159,0.82570
28.14000,1.02194,0.12240,0.06384,0.00136,0.81240
28.28000,1.02194,0.08493,0.02384,0.00030,0.89093
28.42000,1.02194,0.14892,0.14446,0.00092,0.70571
28.56000,1.02194,0.13168,0.08106,0.00119,0.78606
28.70000,1.02194,0.14504,0.11702,0.00118,0.73675
28.84000,1.02194,0.14424,0.12170,0.00229,0.73177
28.98000,1.02194,0.14571,0.15133,0.00275,0.70020
29.12000,1.02194,0.14831,0.12534,0.00467,0.72168
29.26000,1.02194,0.15644,0.17891,0.00170,0.66295
29.40000,1.02194,0.13824,0.11065,0.00208,0.74902
29.54000,1.02194,0.14939,0.08519,0.00227,0.76315
29.68000,1.02194,0.13648,0.07123,0.00151,0.79078
29.82000,1.02194,0.13108,0.05123,0.00137,0.81631
29.96000,1.02194,0.18619,0.23738,0.00167,0.57475
30.10000,1.02194,0.18612,0.18070,0.00212,0.63106
30.24000,1.02194,0.19539,0.29818,0.00349,0.50294
30.38000,1.02194,0.20580,0.41781,0.00310,0.37329
30.52000,1.02194,0.20318,0.34641,0.00539,0.44503
30.66000,1.02194,0.16568,0.57084,0.00573,0.25776
30.80000,1.02194,0.17590,0.36168,0.00394,0.45848
30.94000,1.02194,0.17509,0.16407,0.00363,0.65721
31.08000,1.02194,0.16107,0.13211,0.00265,0.70417
31.22000,1.02194,0.14862,0.10698,0.00232,0.74208
31.36000,1.02194,0.10720,0.02298,0.00134,0.86848
31.50000,1.02194,0.13536,0.05470,0.00153,0.80840
31.64000,1.02194,0.12106,0.03258,0.00164,0.84472
31.78000,1.02194,0.13047,0.05962,0.00178,0.80813
31.92000,1.02194,0.10906,0.03376,0.00131,0.85587
32.06000,1.02193,0.11282,0.03555,0.00115,0.85048
32.20000,1.02194,0.14554,0.05684,0.00295,0.79468
32.34000,1.02194,0.08801,0.01212,0.00080,0.89907
32.48000,1.02194,0.09320,0.01186,0.00087,0.89406
32.62000,1.02194,0.12502,0.02488,0.00168,0.84842
32.76000,1.02194,0.11716,0.03739,0.00173,0.84373
32.90000,1.02193,0.08513,0.01003,0.00139,0.90345
33.04000,1.02194,0.10172,0.01762,0.00206,0.87860
33.18000,1.02194,0.14295,0.04663,0.00523,0.80518
33.32000,1.02194,0.13459,0.04103,0.00437,0.82001
33.46000,1.02194,0.09640,0.01170,0.00373,0.88817
33.60000,1.02194,0.07997,0.00683,0.00214,0.91107
33.74000,1.02193,0.08895,0.01202,0.00294,0.89609
33.88000,1.02194,0.11035,0.01940,0.00603,0.86423
34.02000,1.02194,0.11331,0.02292,0.00865,0.85512
34.16000,1.02194,0.08230,0.00488,0.00545,0.90738
34.30000,1.02194,0.08863,0.00694,0.00644,0.89799
34.44000,1.02194,0.08106,0.00523,0.00484,0.90888
34.58000,1.02193,0.07887,0.00484,0.00372,0.91258
34.72000,1.02193,0.07716,0.00593,0.00193,0.91498
34.86000,1.02194,0.05032,0.00185,0.00077,0.94706
35.00000,1.02194,0.05341,0.00194,0.00062,0.94403
35.14000,1.02194,0.06215,0.00150,0.00042,0.93594
35.28000,1.02194,0.07106,0.00151,0.00052,0.92691
35.42000,1.02194,0.05041,0.00036,0.00036,0.94887
35.56000,1.02193,0.05103,0.00046,0.00078,0.94772
35.70000,1.02194,0.08061,0.00294,0.00266,0.91379
35.84000,1.02194,0.04685,0.00072,0.00169,0.95075
35.98000,1.02194,0.08915,0.00485,0.00214,0.90386
36.12000,1.02194,0.08761,0.00862,0.00236,0.90141
36.26000,1.02194,0.09842,0.01159,0.00235,0.88764
36.40000,1.02193,0.12316,0.02785,0.00266,0.84632
36.54000,1.02194,0.15394,0.07106,0.00095,0.77405
36.68000,1.02194,0.16992,0.13212,0.00224,0.69572
36.82000,1.02194,0.14896,0.07065,0.00249,0.77791
36.96000,1.02194,0.12058,0.04107,0.00091,0.83744
37.10000,1.02194,0.12010,0.02235,0.00086,0.85670
37.24000,1.02193,0.14068,0.03737,0.00103,0.82092
37.38000,1.02194,0.10280,0.01561,0.00116,0.88043
37.52000,1.02194,0.10010,0.00594,0.00101,0.89295
37.66000,1.02194,0.10501,0.01437,0.00060,0.88001
37.80000,1.02194,0.18307,0.07106,0.00145,0.74442
37.94000,1.02194,0.14397,0.03553,0.00137,0.81913
38.08000,1.02193,0.10713,0.01186,0.00152,0.87949
38.22000,1.02193,0.11635,0.01075,0.00141,0.87149
38.36000,1.02194,0.17061,0.02682,0.00339,0.79918
38.50000,1.02194,0.17080,0.04392,0.00193,0.78335
38.64000,1.02194,0.08065,0.00985,0.00076,0.90874
38.78000,1.02194,0.04441,0.00125,0.00030,0.95404
38.92000,1.02194,0.06987,0.00727,0.00036,0.92251
39.06000,1.02193,0.07428,0.00783,0.00037,0.91752
39.20000,1.02194,0.06955,0.00442,0.00034,0.92568
39.34000,1.02194,0.08866,0.00525,0.00109,0.90501
39.48000,1.02194,0.11998,0.00758,0.00184,0.87060
39.62000,1.02194,0.16374,0.07376,0.00359,0.75892
39.76000,1.02194,0.12339,0.03715,0.00193,0.83752
39.90000,1.02193,0.22314,0.00506,0.00256,0.76924
40.04000,1.02194,0.18756,0.00664,0.00021,0.80560
40.18000,1.02194,0.19974,0.00733,0.00023,0.79269
40.32000,1.02194,0.14434,0.00143,0.00009,0.85413
40.46000,1.02194,0.12061,0.00100,0.00004,0.87836
40.60000,1.02194,0.08238,0.00016,0.00003,0.91743
40.74000,1.02193,0.07465,0.00559,0.00017,0.91959
40.88000,1.02194,0.07371,0.00589,0.00017,0.92023
41.02000,1.02194,0.07928,0.00996,0.00022,0.91053
41.16000,1.02194,0.08394,0.00781,0.00029,0.90797
41.30000,1.02194,0.12822,0.03155,0.00086,0.83937
41.44000,1.02194,0.15226,0.00198,0.00042,0.84535
41.58000,1.02193,0.21753,0.00704,0.00035,0.77507
41.72000,1.02193,0.22305,0.00389,0.00028,0.77279
41.86000,1.02194,0.22295,0.00244,0.00006,0.77455
42.00000,1.02194,0.26466,0.00701,0.00010,0.72823
42.14000,1.02194,0.14421,0.00522,0.00007,0.85050
42.28000,1.02194,0.19435,0.00206,0.00011,0.80348
42.42000,1.02194,0.06941,0.00991,0.00028,0.92039
42.56000,1.02193,0.07441,0.00884,0.00023,0.91652
42.70000,1.02194,0.14162,0.06151,0.00075,0.79612
42.84000,1.02194,0.10474,0.01825,0.00072,0.87629
42.98000,1.02194,0.06673,0.00457,0.00058,0.92812
43.12000,1.02194,0.05857,0.00251,0.00057,0.93835
43.26000,1.02194,0.09252,0.00385,0.00171,0.90191
43.40000,1.02193,0.06630,0.00249,0.00067,0.93054
43.54000,1.02194,0.05658,0.00103,0.00074,0.94165
43.68000,1.02194,0.06126,0.00164,0.00075,0.93636
43.82000,1.02194,0.07747,0.00190,0.00169,0.91894
43.96000,1.02194,0.09703,0.00111,0.00115,0.90071
44.10000,1.02194,0.10611,0.01332,0.00481,0.87576
44.24000,1.02193,0.08035,0.00398,0.00458,0.91109
44.38000,1.02194,0.13932,0.01961,0.00839,0.83268
44.52000,1.02194,0.11490,0.00977,0.00883,0.86650
44.66000,1.02194,0.12525,0.02037,0.00681,0.84757
44.80000,1.02194,0.07285,0.00335,0.00125,0.92255
44.94000,1.02194,0.07169,0.00513,0.00041,0.92277
45.08000,1.02193,0.10477,0.04719,0.00057,0.84747
45.22000,1.02193,0.07041,0.00405,0.00023,0.92530
45.36000,1.02194,0.06186,0.00303,0.00010,0.93500
45.50000,1.02194,0.05988,0.00076,0.00005,0.93931
45.64000,1.02194,0.07975,0.00857,0.00007,0.91161
45.78000,1.02194,0.04401,0.00085,0.00004,0.95511
45.92000,1.02194,0.04214,0.00075,0.00003,0.95708
46.06000,1.02193,0.07396,0.00477,0.00003,0.92125
46.20000,1.02194,0.08571,0.00368,0.00007,0.91054
46.34000,1.02194,0.09462,0.01788,0.00008,0.88743
46.48000,1.02194,0.05302,0.00303,0.00004,0.94391
46.62000,1.02194,0.09657,0.00335,0.00011,0.89997
46.76000,1.02194,0.14663,0.00522,0.00011,0.84804
46.90000,1.02193,0.08677,0.00082,0.00005,0.91237
47.04000,1.02194,0.05913,0.00070,0.00016,0.94000
47.18000,1.02194,0.05348,0.00037,0.00019,0.94596
47.32000,1.02194,0.06163,0.00050,0.00018,0.93768
47.46000,1.02194,0.08900,0.00660,0.00136,0.90304
47.60000,1.02194,0.07361,0.00295,0.00295,0.92049
47.74000,1.02193,0.06167,0.00134,0.00223,0.93477
47.88000,1.02194,0.07471,0.00512,0.00174,0.91843
48.02000,1.02194,0.05941,0.00208,0.00157,0.93694
48.16000,1.02194,0.05127,0.00082,0.00118,0.94674
48.30000,1.02194,0.05080,0.00103,0.00039,0.94778
48.44000,1.02194,0.05760,0.00117,0.00024,0.94098
48.58000,1.02193,0.05378,0.00139,0.00013,0.94471
48.72000,1.02193,0.10240,0.00041,0.00014,0.89705
48.86000,1.02194,0.11283,0.00107,0.00003,0.88608
49.00000,1.02194,0.10167,0.00127,0.00004,0.89702
49.14000,1.02194,0.12056,0.00041,0.00006,0.87896
49.28000,1.02194,0.16611,0.00317,0.00018,0.83054
49.42000,1.02194,0.19804,0.00049,0.00017,0.80130
49.56000,1.02193,0.09712,0.01971,0.00035,0.88281
49.70000,1.02194,0.18311,0.05855,0.00077,0.75757
49.84000,1.02194,0.30149,0.24490,0.00281,0.45081
49.98000,1.02194,0.29258,0.45130,0.00411,0.25201
50.12000,1.02194,0.28227,0.52719,0.00549,0.18505
50.26000,1.02194,0.04067,0.95389,0.00051,0.00493
50.40000,1.02193,0.02723,0.97098,0.00026,0.00153
50.54000,1.02194,0.02688,0.97171,0.00038,0.00103
50.68000,1.02194,0.02052,0.97861,0.00042,0.00045
50.82000,1.02194,0.01366,0.98599,0.00021,0.00015
50.96000,1.02194,0.00717,0.99271,0.00007,0.00005
51.10000,1.02194,0.00592,0.99400,0.00005,0.00004
51.24000,1.02193,0.02113,0.97787,0.00018,0.00083
51.38000,1.02194,0.12544,0.85467,0.00142,0.01847
51.52000,1.02194,0.22086,0.68502,0.00239,0.09173
51.66000,1.02194,0.27929,0.19737,0.00102,0.52232
51.80000,1.02194,0.15200,0.05653,0.00018,0.79129
51.94000,1.02194,0.15271,0.05108,0.00027,0.79594
52.08000,1.02193,0.22137,0.08800,0.00094,0.68969
52.22000,1.02193,0.29104,0.47697,0.00164,0.23036
52.36000,1.02194,0.08231,0.88934,0.00039,0.02796
52.50000,1.02194,0.02455,0.97362,0.00036,0.00147
52.64000,1.02194,0.03412,0.96232,0.00051,0.00305
52.78000,1.02194,0.04344,0.95175,0.00077,0.00404
52.92000,1.02194,0.04365,0.95165,0.00089,0.00381
53.06000,1.02193,0.04035,0.95496,0.00075,0.00394
53.20000,1.02194,0.09563,0.88059,0.00309,0.02069
53.34000,1.02194,0.08820,0.88683,0.00161,0.02335
53.48000,1.02194,0.06324,0.92431,0.00054,0.01191
53.62000,1.02194,0.08752,0.87279,0.00111,0.03859
53.76000,1.02194,0.14287,0.67473,0.00074,0.18166
53.90000,1.02193,0.12486,0.75498,0.00066,0.11950
54.04000,1.02194,0.10260,0.81657,0.00054,0.08029
54.18000,1.02194,0.13390,0.61991,0.00041,0.24578
54.32000,1.02194,0.15571,0.39812,0.00061,0.44556
54.46000,1.02194,0.12138,0.15336,0.00014,0.72512
54.60000,1.02194,0.18580,0.15906,0.00013,0.65501
54.74000,1.02193,0.10160,0.05715,0.00019,0.84105
54.88000,1.02194,0.13011,0.09051,0.00013,0.77925
55.02000,1.02194,0.20307,0.21406,0.00025,0.58263
55.16000,1.02194,0.24953,0.39835,0.00027,0.35185
55.30000,1.02194,0.25871,0.43446,0.00171,0.30513
55.44000,1.02194,0.09294,0.87601,0.00141,0.02965
55.58000,1.02193,0.01874,0.98004,0.00016,0.00105
55.72000,1.02193,0.02877,0.96881,0.00035,0.00207
55.86000,1.02194,0.07615,0.89708,0.00126,0.02551
56.00000,1.02194,0.03279,0.96344,0.00061,0.00316
56.14000,1.02194,0.02001,0.97866,0.00023,0.00110
56.28000,1.02194,0.02070,0.97775,0.00017,0.00138
56.42000,1.02194,0.06727,0.91893,0.00053,0.01327
56.56000,1.02193,0.04375,0.94946,0.00061,0.00618
56.70000,1.02194,0.04963,0.94143,0.00051,0.00842
56.84000,1.02194,0.11604,0.81399,0.00121,0.06876
56.98000,1.02194,0.14612,0.68501,0.00260,0.16627
57.12000,1.02194,0.14144,0.70413,0.00160,0.15282
57.26000,1.02194,0.22495,0.48425,0.00345,0.28735
57.40000,1.02193,0.19069,0.54974,0.00191,0.25765
57.54000,1.02194,0.22108,0.25253,0.00278,0.52361
57.68000,1.02194,0.29966,0.31920,0.00119,0.37995
57.82000,1.02194,0.19579,0.09549,0.00070,0.70803
57.96000,1.02194,0.14401,0.05483,0.00073,0.80043
58.10000,1.02194,0.20717,0.14512,0.00166,0.64605
58.24000,1.02193,0.25034,0.47705,0.00298,0.26963
58.38000,1.02194,0.15011,0.67464,0.00132,0.17393
58.52000,1.02194,0.12139,0.78672,0.00172,0.09017
58.66000,1.02194,0.11914,0.80283,0.00181,0.07622
58.80000,1.02194,0.20840,0.44580,0.00344,0.34235
58.94000,1.02194,0.18623,0.27031,0.00158,0.54188
59.08000,1.02193,0.13648,0.04877,0.00206,0.81269
59.22000,1.02193,0.15513,0.05805,0.00084,0.78598
59.36000,1.02194,0.18502,0.11075,0.00128,0.70295
59.50000,1.02194,0.16137,0.08309,0.00109,0.75445
59.64000,1.02194,0.19226,0.32759,0.00194,0.47821
59.78000,1.02194,0.21931,0.32399,0.00397,0.45273
59.92000,1.02194,0.08272,0.87239,0.00207,0.04282
60.06000,1.02193,0.17484,0.54712,0.00462,0.27342
60.20000,1.02194,0.14661,0.65801,0.00339,0.19199
60.34000,1.02194,0.15184,0.64178,0.00350,0.20287
60.48000,1.02194,0.22600,0.37087,0.00723,0.39591
60.62000,1.02194,0.22754,0.21039,0.00395,0.55811
60.76000,1.02194,0.11657,0.02378,0.00219,0.85747
60.90000,1.02193,0.13342,0.03090,0.00200,0.83367
61.04000,1.02194,0.17160,0.06394,0.00117,0.76330
61.18000,1.02194,0.10517,0.01372,0.00095,0.88016
61.32000,1.02194,0.17222,0.09673,0.00109,0.72996
61.46000,1.02194,0.16583,0.05683,0.00102,0.77632
61.60000,1.02194,0.21432,0.29421,0.00278,0.48868
61.74000,1.02193,0.18968,0.09009,0.00289,0.71733
61.88000,1.02194,0.18454,0.06674,0.00450,0.74421
62.02000,1.02194,0.11054,0.01675,0.00153,0.87118
62.16000,1.02194,0.10803,0.02201,0.00107,0.86889
62.30000,1.02194,0.09995,0.01872,0.00097,0.88036
62.44000,1.02194,0.11980,0.02701,0.00094,0.85226
62.58000,1.02193,0.19543,0.06299,0.00085,0.74073
62.72000,1.02193,0.13155,0.74039,0.00097,0.12709
62.86000,1.02194,0.11103,0.81662,0.00076,0.07159
63.00000,1.02193,0.07154,0.89903,0.00075,0.02867
63.14000,1.02193,0.02498,0.97109,0.00015,0.00377
63.28000,1.02194,0.04936,0.93830,0.00050,0.01184
63.42000,1.02194,0.03657,0.95676,0.00036,0.00631
63.56000,1.02194,0.06846,0.89755,0.00053,0.03345
63.70000,1.02194,0.09757,0.82480,0.00084,0.07678
63.84000,1.02194,0.10874,0.75295,0.00048,0.13783
63.98000,1.02194,0.10248,0.74507,0.00102,0.15143
64.12000,1.02193,0.05644,0.90722,0.00039,0.03596
64.26000,1.02193,0.03145,0.96128,0.00019,0.00708
64.40000,1.02193,0.01552,0.98284,0.00009,0.00156
64.54000,1.02193,0.15798,0.79176,0.00057,0.04969
64.68000,1.02193,0.15939,0.80277,0.00020,0.03764
64.82000,1.02193,0.11642,0.86397,0.00025,0.01937
64.96000,1.02194,0.20588,0.65805,0.00063,0.13544
65.10000,1.02194,0.22238,0.63681,0.00056,0.14025
65.24000,1.02194,0.24892,0.41042,0.00128,0.33938
65.38000,1.02194,0.04906,0.93732,0.00045,0.01318
65.52000,1.02194,0.03495,0.95914,0.00049,0.00543
65.66000,1.02193,0.02406,0.97424,0.00040,0.00130
65.80000,1.02193,0.06591,0.92267,0.00129,0.01013
65.94000,1.02193,0.11844,0.83928,0.00250,0.03978
66.08000,1.02193,0.09170,0.88075,0.00172,0.02583
66.22000,1.02193,0.07362,0.90781,0.00105,0.01752
66.36000,1.02193,0.13991,0.76810,0.00199,0.09000
66.50000,1.02193,0.14933,0.73943,0.00347,0.10777
66.64000,1.02193,0.12296,0.81341,0.00270,0.06094
66.78000,1.02194,0.05620,0.93159,0.00133,0.01088
66.92000,1.02194,0.07373,0.90955,0.00229,0.01443
67.06000,1.02194,0.09147,0.87135,0.00304,0.03413
67.20000,1.02194,0.07504,0.90175,0.00131,0.02190
67.34000,1.02194,0.06751,0.90466,0.00111,0.02672
67.48000,1.02193,0.05921,0.91447,0.00102,0.02530
67.62000,1.02193,0.22982,0.40992,0.00277,0.35749
67.76000,1.02193,0.27254,0.36590,0.00092,0.36063
67.90000,1.02193,0.26624,0.17734,0.00111,0.55530
68.04000,1.02193,0.18152,0.05025,0.00081,0.76743
68.18000,1.02193,0.13795,0.01276,0.00067,0.84863
68.32000,1.02193,0.05103,0.00152,0.00021,0.94724
68.46000,1.02194,0.09367,0.00604,0.00070,0.89958
68.60000,1.02194,0.05756,0.00131,0.00033,0.94080
68.74000,1.02194,0.05199,0.00052,0.00040,0.94709
68.88000,1.02194,0.05072,0.00056,0.00047,0.94825
69.02000,1.02194,0.03805,0.00030,0.00030,0.96134
69.16000,1.02193,0.05433,0.00172,0.00011,0.94383
69.30000,1.02193,0.04416,0.00080,0.00004,0.95501
69.44000,1.02193,0.06533,0.00129,0.00018,0.93321
69.58000,1.02193,0.12332,0.00870,0.00008,0.86790
69.72000,1.02193,0.16649,0.05206,0.00019,0.78126
69.86000,1.02193,0.17015,0.05496,0.00020,0.77469
70.00000,1.02193,0.17475,0.01643,0.00073,0.80809
70.14000,1.02193,0.22552,0.00371,0.00122,0.76955
70.28000,1.02194,0.19916,0.05347,0.00119,0.74617
70.42000,1.02194,0.10014,0.00511,0.00087,0.89388
70.56000,1.02194,0.07654,0.00394,0.00045,0.91907
70.70000,1.02194,0.07428,0.00257,0.00085,0.92230
70.84000,1.02194,0.08036,0.00585,0.00082,0.91296
70.98000,1.02193,0.11271,0.05279,0.00027,0.83422
71.12000,1.02193,0.07526,0.01170,0.00031,0.91273
71.26000,1.02193,0.07958,0.01733,0.00022,0.90286
71.40000,1.02193,0.07805,0.00906,0.00018,0.91271
71.54000,1.02193,0.07650,0.00651,0.00017,0.91683
71.68000,1.02193,0.06981,0.00199,0.00007,0.92813
71.82000,1.02193,0.06939,0.00228,0.00007,0.92826
71.96000,1.02194,0.12211,0.00630,0.00011,0.87147
72.10000,1.02194,0.10169,0.00079,0.00005,0.89746
72.24000,1.02194,0.09079,0.00221,0.00002,0.90698
72.38000,1.02194,0.12801,0.00432,0.00002,0.86765
72.52000,1.02194,0.18207,0.18496,0.00009,0.63288
72.66000,1.02193,0.22257,0.32605,0.00040,0.45097
72.80000,1.02193,0.27741,0.31788,0.00045,0.40426
72.94000,1.02193,0.34413,0.13457,0.00066,0.52064
73.08000,1.02193,0.10338,0.80585,0.00063,0.09014
73.22000,1.02193,0.16285,0.53005,0.00174,0.30535
73.36000,1.02193,0.21954,0.41293,0.00275,0.36479
73.50000,1.02193,0.18141,0.27261,0.00198,0.54400
73.64000,1.02193,0.13750,0.04732,0.00066,0.81452
73.78000,1.02194,0.12087,0.05516,0.00027,0.82370
73.92000,1.02194,0.12601,0.06391,0.00034,0.80973
74.06000,1.02194,0.12502,0.08350,0.00055,0.79093
74.20000,1.02194,0.22861,0.22529,0.00093,0.54516
74.34000,1.02194,0.16627,0.19197,0.00105,0.64071
74.48000,1.02193,0.15919,0.31822,0.00074,0.52185
74.62000,1.02193,0.21183,0.14390,0.00139,0.64288
74.76000,1.02193,0.13530,0.01104,0.00083,0.85283
74.90000,1.02193,0.10289,0.00276,0.00044,0.89392
75.04000,1.02193,0.06839,0.00137,0.00064,0.92960
75.18000,1.02193,0.05007,0.00017,0.00031,0.94944
75.32000,1.02193,0.02977,0.00008,0.00011,0.97005
75.46000,1.02194,0.01803,0.00002,0.00003,0.98192
75.60000,1.02194,0.04162,0.00041,0.00003,0.95794
75.74000,1.02194,0.02606,0.00009,0.00003,0.97382
75.88000,1.02194,0.03540,0.00013,0.00001,0.96446
76.02000,1.02194,0.05576,0.00083,0.00005,0.94335
76.16000,1.02193,0.04211,0.00037,0.00004,0.95748
76.30000,1.02193,0.06736,0.00218,0.00010,0.93036
76.44000,1.02193,0.04565,0.00069,0.00021,0.95346
76.58000,1.02193,0.08724,0.00541,0.00034,0.90702
76.72000,1.02193,0.07749,0.00209,0.00093,0.91949
76.86000,1.02193,0.11236,0.00400,0.00069,0.88295
77.00000,1.02193,0.08537,0.00143,0.00058,0.91261
77.14000,1.02193,0.09661,0.00098,0.00033,0.90208
77.28000,1.02194,0.13064,0.00063,0.00018,0.86856
77.42000,1.02194,0.09033,0.00074,0.00011,0.90882
77.56000,1.02194,0.07677,0.00097,0.00010,0.92216
77.70000,1.02194,0.03486,0.00011,0.00003,0.96500
77.84000,1.02194,0.05459,0.00235,0.00002,0.94305
77.98000,1.02193,0.10817,0.00761,0.00009,0.88412
78.12000,1.02193,0.26380,0.33600,0.00047,0.39973
78.26000,1.02193,0.34090,0.14089,0.00102,0.51719
78.40000,1.02193,0.38902,0.15501,0.00146,0.45451
78.54000,1.02193,0.14663,0.77412,0.00176,0.07749
78.68000,1.02193,0.17012,0.68246,0.00200,0.14542
78.82000,1.02193,0.19141,0.47270,0.00216,0.33373
78.96000,1.02194,0.19199,0.54267,0.00364,0.26170
79.10000,1.02194,0.20686,0.49979,0.00454,0.28880
79.24000,1.02194,0.13797,0.72726,0.00337,0.13140
79.38000,1.02194,0.15480,0.64740,0.00269,0.19511
79.52000,1.02194,0.17464,0.49406,0.00150,0.32980
79.66000,1.02193,0.16675,0.23098,0.00115,0.60112
79.80000,1.02193,0.14904,0.20411,0.00111,0.64574
79.94000,1.02193,0.14535,0.10441,0.00133,0.74891
80.08000,1.02193,0.16739,0.14984,0.00109,0.68168
80.22000,1.02193,0.17487,0.23321,0.00239,0.58953
80.36000,1.02193,0.17985,0.13881,0.00086,0.68048
80.50000,1.02193,0.17097,0.13370,0.00093,0.69440
80.64000,1.02193,0.16655,0.15007,0.00100,0.68238
80.78000,1.02194,0.12381,0.75143,0.00069,0.12407
80.92000,1.02194,0.16680,0.57945,0.00095,0.25280
81.06000,1.02194,0.22851,0.34759,0.00140,0.42250
81.20000,1.02194,0.30174,0.19271,0.00371,0.50183
81.34000,1.02194,0.35907,0.30194,0.00060,0.33839
81.48000,1.02193,0.21546,0.03294,0.00048,0.75111
81.62000,1.02193,0.13551,0.01296,0.00008,0.85145
81.76000,1.02193,0.04717,0.00079,0.00003,0.95201
81.90000,1.02193,0.04869,0.00078,0.00002,0.95051
82.04000,1.02193,0.07236,0.00436,0.00004,0.92325
82.18000,1.02193,0.06023,0.00180,0.00005,0.93792
82.32000,1.02193,0.09600,0.00778,0.00013,0.89609
82.46000,1.02194,0.09336,0.01348,0.00036,0.89281
82.60000,1.02194,0.13877,0.03494,0.00030,0.82598
82.74000,1.02194,0.11761,0.02713,0.00028,0.85497
82.88000,1.02194,0.12355,0.04992,0.00042,0.82611
83.02000,1.02194,0.14942,0.07698,0.00052,0.77308
83.16000,1.02193,0.16106,0.03235,0.00115,0.80544
83.30000,1.02193,0.11889,0.02576,0.00036,0.85499
83.44000,1.02193,0.08338,0.00258,0.00023,0.91381
83.58000,1.02193,0.06049,0.00122,0.00009,0.93821
83.72000,1.02193,0.11888,0.00960,0.00018,0.87133
83.86000,1.02193,0.16317,0.03253,0.00024,0.80405
84.00000,1.02193,0.12383,0.02596,0.00028,0.84994
84.14000,1.02193,0.07841,0.01013,0.00031,0.91115
84.28000,1.02194,0.20445,0.31075,0.00121,0.48359
84.42000,1.02194,0.11165,0.85322,0.00090,0.03423
84.56000,1.02194,0.05454,0.93027,0.00022,0.01497
84.70000,1.02194,0.04729,0.94070,0.00053,0.01148
84.84000,1.02194,0.15896,0.76532,0.00168,0.07403
84.98000,1.02193,0.21732,0.57915,0.00098,0.20254
85.12000,1.02193,0.30077,0.31974,0.00243,0.37706
85.26000,1.02193,0.17943,0.02804,0.00073,0.79180
85.40000,1.02193,0.10013,0.00754,0.00064,0.89169
85.54000,1.02193,0.06079,0.00185,0.00048,0.93687
85.68000,1.02193,0.07672,0.00714,0.00062,0.91552
85.82000,1.02193,0.10782,0.02285,0.00117,0.86816
85.96000,1.02194,0.07792,0.01296,0.00082,0.90830
86.10000,1.02194,0.12342,0.04979,0.00116,0.82564
86.24000,1.02194,0.10668,0.03018,0.00255,0.86059
86.38000,1.02194,0.09519,0.02969,0.00085,0.87427
86.52000,1.02194,0.12229,0.07281,0.00179,0.80311
86.66000,1.02193,0.14936,0.11789,0.00194,0.73080
86.80000,1.02193,0.19526,0.28642,0.00309,0.51524
86.94000,1.02193,0.18667,0.63069,0.00309,0.17955
87.08000,1.02193,0.08077,0.88625,0.00088,0.03210
87.22000,1.02193,0.15005,0.75802,0.00256,0.08936
87.36000,1.02193,0.14925,0.76506,0.00098,0.08472
87.50000,1.02193,0.22288,0.52900,0.00222,0.24590
87.64000,1.02193,0.22696,0.43712,0.00214,0.33378
87.78000,1.02194,0.22047,0.35865,0.00128,0.41960
87.92000,1.02194,0.24040,0.26650,0.00248,0.49062
88.06000,1.02194,0.15664,0.72549,0.00190,0.11597
88.20000,1.02194,0.29509,0.45464,0.00587,0.24440
88.34000,1.02194,0.28866,0.47990,0.00181,0.22963
88.48000,1.02193,0.30210,0.44686,0.00168,0.24935
88.62000,1.02193,0.24265,0.59549,0.00095,0.16091
88.76000,1.02193,0.19712,0.04625,0.00063,0.75600
88.90000,1.02193,0.09775,0.00708,0.00043,0.89475
89.04000,1.02193,0.14814,0.04339,0.00080,0.80767
89.18000,1.02193,0.18224,0.03417,0.00228,0.78130
89.32000,1.02193,0.11606,0.01191,0.00052,0.87152
89.46000,1.02194,0.04218,0.00173,0.00008,0.95601
89.60000,1.02194,0.07202,0.00885,0.00044,0.91868
89.74000,1.02194,0.08579,0.02365,0.00039,0.89017
89.88000,1.02194,0.06963,0.01228,0.00012,0.91798
90.02000,1.02194,0.13983,0.10525,0.00053,0.75439
90.16000,1.02193,0.07358,0.00825,0.00017,0.91800
90.30000,1.02193,0.14131,0.02850,0.00020,0.82999
90.44000,1.02193,0.09091,0.00336,0.00015,0.90558
90.58000,1.02193,0.13348,0.00745,0.00020,0.85887
90.72000,1.02193,0.10045,0.00337,0.00021,0.89597
90.86000,1.02193,0.10111,0.00668,0.00035,0.89185
91.00000,1.02193,0.17337,0.12695,0.00122,0.69847
91.14000,1.02193,0.18259,0.09311,0.00129,0.72301
91.28000,1.02194,0.20380,0.45589,0.00219,0.33812
91.42000,1.02194,0.13520,0.75489,0.00186,0.10805
91.56000,1.02194,0.11554,0.82281,0.00150,0.06015
91.70000,1.02194,0.19782,0.59537,0.00267,0.20415
91.84000,1.02194,0.13663,0.76347,0.00207,0.09782
91.98000,1.02193,0.25861,0.14863,0.00286,0.58990
92.12000,1.02193,0.21425,0.07818,0.00072,0.70686
92.26000,1.02193,0.11626,0.01980,0.00046,0.86348
92.40000,1.02193,0.11689,0.01761,0.00047,0.86503
92.54000,1.02193,0.09704,0.01235,0.00044,0.89018
92.68000,1.02193,0.08173,0.00716,0.00041,0.91070
92.82000,1.02193,0.15020,0.17343,0.00149,0.67488
92.96000,1.02194,0.15002,0.25739,0.00168,0.59091
93.10000,1.02194,0.13428,0.09675,0.00140,0.76757
93.24000,1.02194,0.13926,0.11449,0.00133,0.74492
93.38000,1.02194,0.10190,0.03196,0.00077,0.86538
93.52000,1.02194,0.14369,0.07811,0.00125,0.77695
93.66000,1.02193,0.09211,0.01771,0.00036,0.88982
93.80000,1.02193,0.07588,0.01038,0.00034,0.91340
93.94000,1.02193,0.07172,0.01030,0.00027,0.91771
94.08000,1.02193,0.08342,0.01958,0.00039,0.89661
94.22000,1.02193,0.10582,0.03233,0.00040,0.86144
94.36000,1.02193,0.08446,0.01833,0.00035,0.89686
94.50000,1.02193,0.16976,0.09715,0.00047,0.73262
94.64000,1.02193,0.19495,0.46724,0.00097,0.33684
94.78000,1.02194,0.25786,0.24572,0.00208,0.49433
94.92000,1.02194,0.23890,0.52879,0.00430,0.22801
95.06000,1.02194,0.36059,0.06573,0.00341,0.57027
95.20000,1.02194,0.34461,0.17117,0.00168,0.48254
95.34000,1.02194,0.18137,0.06040,0.00116,0.75707
95.48000,1.02193,0.10616,0.01954,0.00087,0.87342
95.62000,1.02193,0.11750,0.01745,0.00131,0.86374
95.76000,1.02193,0.12418,0.02933,0.00062,0.84587
95.90000,1.02193,0.13255,0.16857,0.00031,0.69857
96.04000,1.02193,0.07854,0.85067,0.00017,0.07063
96.18000,1.02193,0.23531,0.27702,0.00045,0.48722
96.32000,1.02193,0.25268,0.28589,0.00047,0.46096
96.46000,1.02194,0.17749,0.05592,0.00043,0.76616
96.60000,1.02194,0.26531,0.06629,0.00036,0.66803
96.74000,1.02194,0.09404,0.01042,0.00010,0.89543
96.88000,1.02194,0.05369,0.00469,0.00014,0.94148
97.02000,1.02194,0.08288,0.01263,0.00030,0.90419
97.16000,1.02193,0.08789,0.01549,0.00069,0.89593
97.30000,1.02193,0.09571,0.01890,0.00045,0.88493
97.44000,1.02193,0.18020,0.16848,0.00133,0.64999
97.58000,1.02193,0.17320,0.26479,0.00061,0.56141
97.72000,1.02193,0.18393,0.54361,0.00093,0.27153
97.86000,1.02193,0.14310,0.75505,0.00093,0.10092
98.00000,1.02193,0.06939,0.88382,0.00078,0.04601
98.14000,1.02193,0.19556,0.44103,0.00136,0.36205
98.28000,1.02194,0.16150,0.57294,0.00081,0.26474
98.42000,1.02194,0.13436,0.69772,0.00030,0.16763
98.56000,1.02194,0.14774,0.59967,0.00057,0.25201
98.70000,1.02194,0.13340,0.70023,0.00020,0.16618
98.84000,1.02194,0.13148,0.71698,0.00039,0.15114
98.98000,1.02193,0.03825,0.94671,0.00014,0.01489
99.12000,1.02193,0.01946,0.97785,0.00008,0.00262
99.26000,1.02193,0.06922,0.90966,0.00079,0.02033
99.40000,1.02193,0.06399,0.92074,0.00028,0.01499
99.54000,1.02193,0.18254,0.74495,0.00141,0.07109
99.68000,1.02193,0.16019,0.77566,0.00064,0.06352
99.82000,1.02193,0.25867,0.32135,0.00057,0.41941
99.96000,1.02194,0.14123,0.06964,0.00054,0.78860
100.10000,1.02194,0.17345,0.08649,0.00052,0.73955
100.24000,1.02194,0.19620,0.26258,0.00052,0.54070
100.38000,1.02194,0.18799,0.06922,0.00046,0.74232
100.52000,1.02194,0.18930,0.05549,0.00033,0.75488
100.66000,1.02193,0.15526,0.02191,0.00008,0.82274
100.80000,1.02193,0.14377,0.00679,0.00008,0.84936
100.94000,1.02193,0.17086,0.03048,0.00004,0.79862
101.08000,1.02193,0.04934,0.00148,0.00002,0.94917
101.22000,1.02193,0.05162,0.00036,0.00001,0.94801
101.36000,1.02193,0.14293,0.01609,0.00010,0.84088
101.50000,1.02193,0.04749,0.00168,0.00003,0.95081
101.64000,1.02193,0.08999,0.01328,0.00003,0.89669
101.78000,1.02194,0.06606,0.00523,0.00004,0.92866
101.92000,1.02194,0.08178,0.01550,0.00009,0.90263
102.06000,1.02194,0.16790,0.14913,0.00073,0.68223
102.20000,1.02194,0.17666,0.14382,0.00101,0.67851
102.34000,1.02194,0.20243,0.14134,0.00123,0.65500
102.48000,1.02193,0.20215,0.26490,0.00146,0.53149
102.62000,1.02193,0.20788,0.19368,0.00379,0.59466
102.76000,1.02193,0.18795,0.11993,0.00186,0.69025
102.90000,1.02193,0.19406,0.09944,0.00238,0.70412
103.04000,1.02193,0.24812,0.29681,0.00163,0.45344
103.18000,1.02193,0.14987,0.06397,0.00126,0.78490
103.32000,1.02193,0.13474,0.05228,0.00156,0.81142
103.46000,1.02194,0.14143,0.03388,0.00141,0.82327
103.60000,1.02194,0.15739,0.03574,0.00254,0.80434
103.74000,1.02194,0.08613,0.00817,0.00077,0.90493
103.88000,1.02194,0.07352,0.00511,0.00051,0.92085
104.02000,1.02194,0.09228,0.01094,0.00075,0.89603
104.16000,1.02193,0.07272,0.00526,0.00061,0.92141
104.30000,1.02193,0.05936,0.00209,0.00015,0.93839
104.44000,1.02193,0.05354,0.00207,0.00012,0.94427
104.58000,1.02193,0.09473,0.02016,0.00025,0.88487
104.72000,1.02193,0.08471,0.01545,0.00012,0.89971
104.86000,1.02193,0.05754,0.00379,0.00010,0.93857
105.00000,1.02193,0.05751,0.00568,0.00013,0.93668
105.14000,1.02193,0.12845,0.02743,0.00045,0.84367
105.28000,1.02194,0.07172,0.00401,0.00011,0.92416
105.42000,1.02194,0.09409,0.00821,0.00026,0.89745
105.56000,1.02194,0.05216,0.00093,0.00013,0.94678
105.70000,1.02194,0.04088,0.00065,0.00002,0.95846
105.84000,1.02194,0.06745,0.00116,0.00002,0.93138
105.98000,1.02193,0.03792,0.00049,0.00002,0.96158
106.12000,1.02193,0.10588,0.01268,0.00005,0.88139
106.26000,1.02193,0.11197,0.01377,0.00006,0.87419
106.40000,1.02193,0.18501,0.13421,0.00021,0.68056
106.54000,1.02193,0.21431,0.59851,0.00065,0.18653
106.68000,1.02193,0.23581,0.09763,0.00033,0.66622
106.82000,1.02193,0.25655,0.55660,0.00027,0.18658
106.96000,1.02194,0.24600,0.19141,0.00086,0.56172
107.10000,1.02194,0.33259,0.26069,0.00103,0.40570
107.24000,1.02194,0.31882,0.39273,0.00046,0.28798
107.38000,1.02194,0.32695,0.06978,0.00145,0.60182
107.52000,1.02194,0.15517,0.71359,0.00153,0.12971
107.66000,1.02193,0.18102,0.55204,0.00249,0.26445
107.80000,1.02193,0.13139,0.76566,0.00203,0.10092
107.94000,1.02193,0.18358,0.48584,0.00184,0.32873
108.08000,1.02193,0.20251,0.37725,0.00594,0.41431
108.22000,1.02193,0.17128,0.25053,0.00442,0.57377
108.36000,1.02193,0.17705,0.09596,0.00338,0.72360
108.50000,1.02193,0.15673,0.06915,0.00470,0.76942
108.64000,1.02193,0.11443,0.02895,0.00254,0.85408
108.78000,1.02194,0.07207,0.00802,0.00159,0.91831
108.92000,1.02194,0.07217,0.00512,0.00127,0.92144
109.06000,1.02194,0.06115,0.00359,0.00036,0.93491
109.20000,1.02194,0.06606,0.00199,0.00051,0.93144
109.34000,1.02194,0.06761,0.00386,0.00028,0.92825
109.48000,1.02193,0.04649,0.00100,0.00007,0.95245
109.62000,1.02193,0.05249,0.00104,0.00005,0.94642
109.76000,1.02193,0.06926,0.00352,0.00007,0.92715
109.90000,1.02193,0.06112,0.00283,0.00007,0.93599
110.04000,1.02193,0.07434,0.00527,0.00009,0.92030
110.18000,1.02193,0.18702,0.08808,0.00033,0.72458
110.32000,1.02193,0.16804,0.01831,0.00024,0.81341
110.46000,1.02194,0.17692,0.17892,0.00060,0.64355
110.60000,1.02194,0.17236,0.07738,0.00025,0.75001
110.74000,1.02194,0.16861,0.08670,0.00062,0.74407
110.88000,1.02194,0.12978,0.04500,0.00013,0.82509
111.02000,1.02194,0.05637,0.00785,0.00005,0.93573
111.16000,1.02193,0.08698,0.01255,0.00025,0.90022
111.30000,1.02193,0.07458,0.00554,0.00016,0.91973
111.44000,1.02193,0.07493,0.00050,0.00017,0.92440
111.58000,1.02193,0.11721,0.00419,0.00018,0.87842
111.72000,1.02193,0.07801,0.00302,0.00011,0.91886
111.86000,1.02193,0.07075,0.00183,0.00003,0.92739
112.00000,1.02193,0.14650,0.02487,0.00010,0.82853
112.14000,1.02193,0.08547,0.00719,0.00005,0.90729
112.28000,1.02194,0.18410,0.27539,0.00059,0.53992
112.42000,1.02194,0.17335,0.32269,0.00067,0.50329
112.56000,1.02194,0.14954,0.29435,0.00054,0.55558
112.70000,1.02194,0.15574,0.45326,0.00108,0.38992
112.84000,1.02194,0.17499,0.19577,0.00177,0.62747
112.98000,1.02193,0.16402,0.15974,0.00163,0.67460
113.12000,1.02193,0.15207,0.10714,0.00114,0.73965
113.26000,1.02193,0.12050,0.06982,0.00152,0.80816
113.40000,1.02193,0.13727,0.07883,0.00323,0.78067
113.54000,1.02193,0.14837,0.11646,0.00444,0.73073
113.68000,1.02193,0.18352,0.33921,0.00763,0.46964
113.82000,1.02193,0.17230,0.66226,0.00514,0.16030
113.96000,1.02194,0.09856,0.86114,0.00267,0.03762
114.10000,1.02194,0.14617,0.77179,0.00433,0.07771
114.24000,1.02194,0.13920,0.77493,0.00449,0.08137
114.38000,1.02194,0.14357,0.77881,0.00295,0.07466
114.52000,1.02194,0.11445,0.83420,0.00126,0.05009
114.66000,1.02193,0.19557,0.47509,0.00343,0.32591
114.80000,1.02193,0.17097,0.16862,0.00271,0.65771
114.94000,1.02193,0.13192,0.04033,0.00203,0.82572
115.08000,1.02193,0.15579,0.10327,0.00196,0.73897
115.22000,1.02193,0.18288,0.25419,0.00066,0.56227
115.36000,1.02193,0.12400,0.03961,0.00058,0.83580
115.50000,1.02193,0.12318,0.04074,0.00078,0.83530
115.64000,1.02193,0.09668,0.00756,0.00035,0.89541
115.78000,1.02194,0.08093,0.00544,0.00023,0.91339
115.92000,1.02194,0.13348,0.04193,0.00026,0.82432
116.06000,1.02194,0.09458,0.01850,0.00042,0.88650
116.20000,1.02194,0.10845,0.02545,0.00042,0.86567
116.34000,1.02194,0.09561,0.02203,0.00030,0.88206
116.48000,1.02193,0.10274,0.08362,0.00029,0.81335
116.62000,1.02193,0.13619,0.11678,0.00064,0.74639
116.76000,1.02193,0.14246,0.13399,0.00069,0.72286
116.90000,1.02193,0.17091,0.15721,0.00170,0.67017
117.04000,1.02193,0.18558,0.22737,0.00135,0.58570
117.18000,1.02193,0.18610,0.28320,0.00136,0.52935
117.32000,1.02193,0.18642,0.47685,0.00332,0.33342
117.46000,1.02194,0.11210,0.81188,0.00398,0.07204
117.60000,1.02194,0.14260,0.74456,0.00190,0.11095
117.74000,1.02194,0.22795,0.52176,0.00417,0.24612
117.88000,1.02194,0.20442,0.29786,0.00229,0.49544
118.02000,1.02194,0.21092,0.21575,0.00237,0.57096
118.16000,1.02193,0.17771,0.11525,0.00197,0.70506
118.30000,1.02193,0.16307,0.07426,0.00157,0.76111
118.44000,1.02193,0.16292,0.07869,0.00138,0.75701
118.58000,1.02193,0.14082,0.15425,0.00147,0.70346
118.72000,1.02193,0.16698,0.49886,0.00235,0.33181
118.86000,1.02193,0.15158,0.68559,0.00222,0.16061
119.00000,1.02193,0.06378,0.92068,0.00102,0.01452
119.14000,1.02193,0.07187,0.91108,0.00100,0.01606
119.28000,1.02194,0.16033,0.76823,0.00123,0.07021
119.42000,1.02194,0.18942,0.70446,0.00054,0.10558
119.56000,1.02194,0.21259,0.64612,0.00081,0.14048
119.70000,1.02194,0.28096,0.37549,0.00106,0.34248
119.84000,1.02194,0.12153,0.02515,0.00045,0.85287
119.98000,1.02193,0.18930,0.04366,0.00048,0.76656
120.12000,1.02193,0.22229,0.14003,0.00082,0.63686
120.26000,1.02193,0.24924,0.24513,0.00256,0.50307
120.40000,1.02193,0.27778,0.30693,0.00219,0.41310
120.54000,1.02193,0.22726,0.61278,0.00233,0.15763
120.68000,1.02193,0.07667,0.90449,0.00121,0.01763
120.82000,1.02193,0.12449,0.82278,0.00179,0.05094
120.96000,1.02194,0.20569,0.66397,0.00544,0.12489
121.10000,1.02194,0.19716,0.65007,0.00283,0.14994
121.24000,1.02194,0.19253,0.64982,0.00235,0.15530
121.38000,1.02194,0.19882,0.60999,0.00238,0.18881
121.52000,1.02194,0.14635,0.75969,0.00137,0.09259
121.66000,1.02193,0.28637,0.19773,0.00393,0.51196
121.80000,1.02193,0.34659,0.26045,0.00256,0.39040
121.94000,1.02193,0.27858,0.21857,0.00127,0.50158
122.08000,1.02193,0.25954,0.12836,0.00058,0.61152
122.22000,1.02193,0.25906,0.41070,0.00036,0.32988
122.36000,1.02193,0.24934,0.05457,0.00050,0.69559
122.50000,1.02193,0.20004,0.64387,0.00034,0.15574
122.64000,1.02193,0.30163,0.47960,0.00071,0.21806
122.78000,1.02194,0.23306,0.48933,0.00074,0.27686
122.92000,1.02194,0.21422,0.08877,0.00035,0.69667
123.06000,1.02194,0.16333,0.02508,0.00017,0.81142
123.20000,1.02194,0.21613,0.08929,0.00036,0.69423
123.34000,1.02194,0.07824,0.00421,0.00013,0.91743
123.48000,1.02193,0.08865,0.00443,0.00008,0.90683
123.62000,1.02193,0.15113,0.00165,0.00008,0.84714
123.76000,1.02193,0.19632,0.11636,0.00067,0.68665
123.90000,1.02193,0.16716,0.02744,0.00034,0.80506
124.04000,1.02193,0.09186,0.00509,0.00040,0.90265
124.18000,1.02193,0.11060,0.04181,0.00080,0.84679
124.32000,1.02193,0.13814,0.06554,0.00106,0.79527
124.46000,1.02194,0.14362,0.06515,0.00111,0.79013
124.60000,1.02194,0.10068,0.01968,0.00138,0.87826
124.74000,1.02194,0.13069,0.05149,0.00221,0.81560
124.88000,1.02194,0.13525,0.03905,0.00217,0.82352
125.02000,1.02194,0.12152,0.02805,0.00130,0.84913
125.16000,1.02193,0.11531,0.02140,0.00075,0.86254
125.30000,1.02193,0.08476,0.00865,0.00078,0.90581
125.44000,1.02193,0.11308,0.01484,0.00327,0.86881
125.58000,1.02193,0.13678,0.02551,0.00158,0.83613
125.72000,1.02193,0.20793,0.14126,0.00532,0.64548
125.86000,1.02193,0.17369,0.05119,0.00205,0.77307
126.00000,1.02193,0.18931,0.05857,0.00162,0.75049
126.14000,1.02193,0.26194,0.19683,0.00087,0.54035
126.28000,1.02194,0.18969,0.39897,0.00072,0.41063
126.42000,1.02194,0.21621,0.34510,0.00064,0.43805
126.56000,1.02194,0.13765,0.04125,0.00047,0.82063
126.70000,1.02194,0.25094,0.45188,0.00086,0.29632
126.84000,1.02194,0.25403,0.33344,0.00080,0.41173
126.98000,1.02193,0.23102,0.35399,0.00169,0.41329
127.12000,1.02193,0.24954,0.07784,0.00086,0.67176
127.26000,1.02193,0.23744,0.05808,0.00056,0.70391
127.40000,1.02193,0.26684,0.59144,0.00045,0.14127
127.54000,1.02193,0.18815,0.75816,0.00032,0.05337
127.68000,1.02193,0.20657,0.76543,0.00021,0.02779
127.82000,1.02193,0.09132,0.90005,0.00036,0.00827
127.96000,1.02193,0.06729,0.93044,0.00025,0.00201
128.10001,1.02193,0.01325,0.98634,0.00012,0.00030
128.24001,1.02193,0.01952,0.97947,0.00035,0.00066
128.38000,1.02193,0.02289,0.97551,0.00044,0.00117
128.52000,1.02193,0.05344,0.93685,0.00077,0.00894
128.66000,1.02193,0.13238,0.77539,0.00347,0.08876
128.80000,1.02193,0.07074,0.90627,0.00243,0.02056
128.94000,1.02194,0.03555,0.95837,0.00098,0.00510
129.08000,1.02194,0.02716,0.97000,0.00039,0.00244
129.22000,1.02194,0.03126,0.96499,0.00057,0.00318
129.36000,1.02194,0.02051,0.97792,0.00034,0.00122
129.50000,1.02194,0.01824,0.98041,0.00048,0.00087
129.64000,1.02194,0.01717,0.98167,0.00023,0.00092
129.78000,1.02194,0.02850,0.96781,0.00032,0.00336
129.92000,1.02194,0.02794,0.96887,0.00032,0.00287
130.06000,1.02194,0.10188,0.83036,0.00128,0.06648
130.20000,1.02194,0.07539,0.89911,0.00116,0.02434
130.34000,1.02194,0.21867,0.45156,0.00234,0.32743
130.48000,1.02194,0.21013,0.63231,0.00087,0.15669
130.62000,1.02194,0.20123,0.07015,0.00080,0.72781
130.75999,1.02194,0.07898,0.00501,0.00020,0.91581
130.89999,1.02194,0.08847,0.00493,0.00009,0.90651
131.03999,1.02194,0.17741,0.01336,0.00026,0.80897
131.17999,1.02194,0.08661,0.00558,0.00007,0.90774
131.32001,1.02193,0.04514,0.00154,0.00005,0.95327
131.46001,1.02193,0.03754,0.00065,0.00004,0.96178
131.60001,1.02193,0.13145,0.01408,0.00008,0.85440
131.74001,1.02193,0.07564,0.00216,0.00002,0.92217
131.88000,1.02193,0.11767,0.00663,0.00015,0.87555
132.02000,1.02193,0.18503,0.12838,0.00011,0.68648
132.16000,1.02193,0.25001,0.25220,0.00016,0.49763
132.30000,1.02193,0.13190,0.75818,0.00045,0.10947
132.44000,1.02194,0.26334,0.25718,0.00090,0.47858
132.58000,1.02194,0.30698,0.35705,0.00098,0.33499
132.72000,1.02194,0.13750,0.77713,0.00020,0.08517
132.86000,1.02194,0.22081,0.01617,0.00018,0.76285
133.00000,1.02194,0.19910,0.01447,0.00009,0.78635
133.14000,1.02194,0.08809,0.00101,0.00001,0.91088
133.28000,1.02194,0.32114,0.12489,0.00034,0.55363
133.42000,1.02194,0.15698,0.01124,0.00030,0.83148
133.56000,1.02194,0.07052,0.00115,0.00012,0.92822
133.70000,1.02194,0.07920,0.00743,0.00010,0.91328
133.84000,1.02194,0.19827,0.10512,0.00041,0.69620
133.98000,1.02194,0.16215,0.09831,0.00060,0.73894
134.12000,1.02194,0.05394,0.00562,0.00012,0.94031
134.25999,1.02194,0.03895,0.00234,0.00005,0.95865
134.39999,1.02194,0.10965,0.01895,0.00065,0.87074
134.53999,1.02194,0.13378,0.03817,0.00050,0.82755
134.67999,1.02194,0.09738,0.01956,0.00015,0.88291
134.82001,1.02193,0.06328,0.00171,0.00018,0.93483
134.96001,1.02193,0.05462,0.00321,0.00012,0.94205
135.10001,1.02193,0.05786,0.00230,0.00021,0.93963
135.24001,1.02193,0.10116,0.01788,0.00032,0.88065
135.38000,1.02193,0.12079,0.02589,0.00018,0.85314
135.52000,1.02193,0.17699,0.05176,0.00042,0.77084
135.66000,1.02193,0.21655,0.31683,0.00094,0.46568
135.80000,1.02193,0.22834,0.12260,0.00091,0.64816
135.94000,1.02194,0.16771,0.46468,0.00039,0.36721
136.08000,1.02194,0.12008,0.75880,0.00074,0.12038
136.22000,1.02194,0.19579,0.18564,0.00131,0.61726
136.36000,1.02194,0.16223,0.07444,0.00042,0.76291
136.50000,1.02194,0.16444,0.04769,0.00033,0.78755
136.64000,1.02194,0.19970,0.09912,0.00015,0.70103
136.78000,1.02194,0.09194,0.00661,0.00009,0.90136
136.92000,1.02194,0.06504,0.00151,0.00004,0.93341
137.06000,1.02194,0.17363,0.04623,0.00020,0.77994
137.20000,1.02194,0.29248,0.06616,0.00026,0.64110
137.34000,1.02194,0.18241,0.09124,0.00019,0.72616
137.48000,1.02194,0.21680,0.11475,0.00028,0.66817
137.62000,1.02194,0.30610,0.22686,0.00025,0.46679
137.75999,1.02194,0.15053,0.75343,0.00056,0.09548
137.89999,1.02194,0.17139,0.67524,0.00079,0.15259
138.03999,1.02194,0.20866,0.69075,0.00177,0.09881
138.17999,1.02194,0.30671,0.45650,0.00221,0.23459
138.32001,1.02193,0.23097,0.25826,0.00051,0.51025
138.46001,1.02193,0.22520,0.08929,0.00115,0.68436
138.60001,1.02193,0.11790,0.00625,0.00024,0.87561
138.74001,1.02193,0.06025,0.00095,0.00007,0.93874
138.88000,1.02193,0.04119,0.00055,0.00005,0.95821
139.02000,1.02193,0.11877,0.02171,0.00015,0.85937
139.16000,1.02193,0.08204,0.00831,0.00018,0.90948
139.30000,1.02193,0.07217,0.00786,0.00005,0.91992
139.44000,1.02194,0.09614,0.02086,0.00018,0.88281
139.58000,1.02194,0.17719,0.29211,0.00043,0.53027
139.72000,1.02194,0.13175,0.10761,0.00028,0.76037
139.86000,1.02194,0.15844,0.13989,0.00052,0.70115
140.00000,1.02194,0.06862,0.00919,0.00018,0.92202
140.14000,1.02194,0.07656,0.01153,0.00052,0.91139
140.28000,1.02194,0.11453,0.03319,0.00017,0.85211
140.42000,1.02194,0.04672,0.00195,0.00009,0.95124
140.56000,1.02194,0.05394,0.00173,0.00009,0.94424
140.70000,1.02194,0.05116,0.00099,0.00004,0.94780
140.84000,1.02194,0.04176,0.00107,0.00004,0.95713
140.98000,1.02194,0.06805,0.00206,0.00005,0.92985
141.12000,1.02194,0.08267,0.01133,0.00033,0.90568
141.25999,1.02194,0.07476,0.01111,0.00008,0.91405
141.39999,1.02194,0.09079,0.01609,0.00048,0.89263
141.53999,1.02194,0.15022,0.05205,0.00094,0.79679
141.67999,1.02194,0.20062,0.14930,0.00151,0.64857
141.82001,1.02193,0.15721,0.06835,0.00128,0.77315
141.96001,1.02193,0.17958,0.13287,0.00065,0.68690
142.10001,1.02193,0.25677,0.18477,0.00199,0.55648
142.24001,1.02193,0.11033,0.83757,0.00046,0.05164
142.38000,1.02193,0.25789,0.47956,0.00084,0.26171
142.52000,1.02193,0.25599,0.45741,0.00127,0.28532
142.66000,1.02193,0.18013,0.67307,0.00053,0.14627
142.80000,1.02193,0.23743,0.50293,0.00103,0.25862
142.94000,1.02194,0.21623,0.38136,0.00168,0.40072
143.08000,1.02194,0.23720,0.29315,0.00264,0.46702
143.22000,1.02194,0.23134,0.29011,0.00337,0.47518
143.36000,1.02194,0.20049,0.24484,0.00549,0.54918
143.50000,1.02194,0.16465,0.04585,0.00664,0.78286
143.64000,1.02194,0.18970,0.08560,0.00448,0.72022
143.78000,1.02194,0.11298,0.00517,0.00191,0.87994
143.92000,1.02194,0.09004,0.00456,0.00035,0.90505
144.06000,1.02194,0.07351,0.00122,0.00046,0.92482
144.20000,1.02194,0.05682,0.00054,0.00029,0.94236
144.34000,1.02194,0.08068,0.00461,0.00012,0.91459
144.48000,1.02194,0.06875,0.00257,0.00022,0.92846
144.62000,1.02194,0.13606,0.05398,0.00072,0.80924
144.75999,1.02194,0.09537,0.01930,0.00063,0.88470
144.89999,1.02194,0.09483,0.01415,0.00052,0.89051
145.03999,1.02194,0.19953,0.34188,0.00134,0.45724
145.17999,1.02194,0.24562,0.24835,0.00206,0.50396
145.32001,1.02193,0.25118,0.33001,0.00365,0.41516
145.46001,1.02193,0.30551,0.31280,0.00648,0.37521
145.60001,1.02193,0.22673,0.49706,0.00324,0.27297
145.74001,1.02193,0.22223,0.27197,0.00567,0.50012
145.88000,1.02193,0.16163,0.13807,0.00428,0.69603
146.02000,1.02193,0.12347,0.05626,0.00317,0.81710
146.16000,1.02193,0.09322,0.00848,0.00260,0.89570
146.30000,1.02193,0.08221,0.00871,0.00073,0.90835
146.44000,1.02194,0.12009,0.01486,0.00239,0.86266
146.58000,1.02194,0.14092,0.03549,0.00178,0.82181
146.72000,1.02194,0.12005,0.02115,0.00106,0.85774
146.86000,1.02194,0.10309,0.01700,0.00121,0.87870
147.00000,1.02194,0.17508,0.24414,0.00142,0.57936
147.14000,1.02194,0.13024,0.03898,0.00167,0.82911
147.28000,1.02194,0.19094,0.12193,0.00386,0.68327
147.42000,1.02194,0.17987,0.21604,0.00227,0.60182
147.56000,1.02194,0.15154,0.11267,0.00174,0.73405
147.70000,1.02194,0.16253,0.23191,0.00130,0.60426
147.84000,1.02194,0.18114,0.21782,0.00226,0.59878
147.98000,1.02194,0.19309,0.33823,0.00306,0.46563
148.12000,1.02194,0.20298,0.40154,0.00419,0.39128
148.25999,1.02194,0.16950,0.08822,0.00316,0.73913
148.39999,1.02194,0.21630,0.09596,0.00107,0.68667
148.53999,1.02194,0.23604,0.14661,0.00117,0.61618
148.67999,1.02194,0.22178,0.09917,0.00165,0.67740
148.82001,1.02193,0.17725,0.04707,0.00217,0.77351
148.96001,1.02193,0.20225,0.07097,0.00135,0.72542
149.10001,1.02193,0.18551,0.61590,0.00159,0.19700
149.24001,1.02193,0.18718,0.40349,0.00294,0.40638
149.38000,1.02193,0.16730,0.09984,0.00221,0.73065
149.52000,1.02193,0.24169,0.30357,0.00327,0.45146
149.66000,1.02193,0.14565,0.76069,0.00082,0.09285
149.80000,1.02193,0.16682,0.70037,0.00128,0.13153
149.94000,1.02194,0.19048,0.62152,0.00233,0.18567
150.08000,1.02194,0.19860,0.59171,0.00293,0.20676
150.22000,1.02194,0.06552,0.91520,0.00116,0.01812
150.36000,1.02194,0.16839,0.68531,0.00412,0.14218
150.50000,1.02194,0.15459,0.64088,0.00554,0.19899
150.64000,1.02194,0.16461,0.58635,0.00393,0.24512
150.78000,1.02194,0.14432,0.71201,0.00325,0.14042
150.92000,1.02194,0.14066,0.72737,0.00184,0.13013
151.06000,1.02194,0.21146,0.47696,0.00685,0.30473
151.20000,1.02194,0.18379,0.55113,0.00391,0.26116
151.34000,1.02194,0.20651,0.49878,0.00291,0.29180
151.48000,1.02194,0.23662,0.36679,0.00333,0.39325
151.62000,1.02194,0.17961,0.08593,0.00200,0.73246
151.75999,1.02194,0.08714,0.01733,0.00078,0.89475
151.89999,1.02194,0.07634,0.01233,0.00061,0.91072
152.03999,1.02194,0.09867,0.01337,0.00188,0.88608
152.17999,1.02194,0.10113,0.02301,0.00184,0.87403
152.32001,1.02193,0.11671,0.02883,0.00275,0.85171
152.46001,1.02193,0.21035,0.11805,0.00557,0.66603
152.60001,1.02193,0.21460,0.13691,0.00892,0.63957
152.74001,1.02193,0.21297,0.11346,0.01139,0.66218
152.88000,1.02193,0.19875,0.33236,0.00777,0.46111
153.02000,1.02193,0.18513,0.11156,0.00541,0.69790
153.16000,1.02193,0.15712,0.04085,0.00384,0.79818
153.30000,1.02193,0.09974,0.01961,0.00073,0.87992
153.44000,1.02194,0.07971,0.00594,0.00073,0.91361
153.58000,1.02194,0.05478,0.00164,0.00009,0.94349
153.72000,1.02194,0.06381,0.00138,0.00020,0.93460
153.86000,1.02194,0.08488,0.01061,0.00018,0.90433
154.00000,1.02194,0.10084,0.02800,0.00028,0.87088
154.14000,1.02194,0.10523,0.01662,0.00074,0.87740
154.28000,1.02194,0.15817,0.06555,0.00137,0.77490
154.42000,1.02194,0.13592,0.01473,0.00076,0.84859
154.56000,1.02194,0.14605,0.06511,0.00022,0.78862
154.70000,1.02194,0.11416,0.02806,0.00026,0.85752
154.84000,1.02194,0.15493,0.05355,0.00093,0.79059
154.98000,1.02194,0.14449,0.02998,0.00069,0.82484
155.12000,1.02194,0.23159,0.02755,0.00060,0.74027
155.25999,1.02194,0.12586,0.77150,0.00087,0.10177
155.39999,1.02194,0.15908,0.64323,0.00132,0.19638
155.53999,1.02194,0.09193,0.87130,0.00058,0.03619
155.67999,1.02194,0.09838,0.87770,0.00074,0.02319
155.82001,1.02193,0.08014,0.90527,0.00156,0.01304
155.96001,1.02193,0.18418,0.74274,0.00261,0.07048
156.10001,1.02193,0.25134,0.51655,0.00245,0.22965
156.24001,1.02193,0.23577,0.27670,0.00145,0.48608
156.38000,1.02193,0.20024,0.17883,0.00173,0.61920
156.52000,1.02193,0.24686,0.40795,0.00116,0.34403
156.66000,1.02193,0.26958,0.25373,0.00127,0.47543
156.80000,1.02193,0.20381,0.14222,0.00046,0.65351
156.94000,1.02194,0.23391,0.07312,0.00072,0.69225
157.08000,1.02194,0.36001,0.19433,0.00110,0.44456
157.22000,1.02194,0.21892,0.05430,0.00061,0.72617
157.36000,1.02194,0.13314,0.01436,0.00019,0.85230
157.50000,1.02194,0.11035,0.00439,0.00025,0.88501
157.64000,1.02194,0.07499,0.00600,0.00014,0.91887
157.78000,1.02194,0.14971,0.02220,0.00029,0.82780
157.92000,1.02194,0.10245,0.01378,0.00011,0.88366
158.06000,1.02194,0.14298,0.01442,0.00027,0.84233
158.20000,1.02194,0.11587,0.00981,0.00015,0.87417
158.34000,1.02194,0.13088,0.00531,0.00037,0.86344
158.48000,1.02194,0.10543,0.00206,0.00022,0.89229
158.62000,1.02194,0.08119,0.01205,0.00035,0.90641
158.75999,1.02194,0.14259,0.04413,0.00108,0.81221
158.89999,1.02194,0.12281,0.04056,0.00052,0.83611
159.03999,1.02194,0.19116,0.10938,0.00088,0.69858
159.17999,1.02194,0.23689,0.30629,0.00132,0.45550
159.32001,1.02193,0.17694,0.67344,0.00153,0.14809
159.46001,1.02193,0.13201,0.74004,0.00186,0.12608
159.60001,1.02193,0.10389,0.83636,0.00188,0.05788
159.74001,1.02193,0.10926,0.84550,0.00279,0.04245
159.88000,1.02193,0.19023,0.45224,0.00431,0.35321
160.02000,1.02193,0.17040,0.62186,0.00516,0.20258
160.16000,1.02193,0.11159,0.82494,0.00462,0.05885
160.30000,1.02193,0.10357,0.86860,0.00350,0.02433
160.44000,1.02194,0.05322,0.93980,0.00199,0.00498
160.58000,1.02194,0.03028,0.96745,0.00086,0.00141
160.72000,1.02194,0.02300,0.97586,0.00045,0.00068
160.86000,1.02194,0.02715,0.97109,0.00048,0.00128
161.00000,1.02194,0.04505,0.94918,0.00063,0.00514
161.14000,1.02194,0.03706,0.95668,0.00059,0.00567
161.28000,1.02194,0.06248,0.92238,0.00104,0.01409
161.42000,1.02194,0.14719,0.73268,0.00231,0.11782
161.56000,1.02194,0.24157,0.53759,0.00186,0.21898
161.70000,1.02194,0.18544,0.67601,0.00050,0.13804
161.84000,1.02194,0.21653,0.04701,0.00040,0.73606
161.98000,1.02194,0.15830,0.01438,0.00024,0.82709
162.12000,1.02194,0.13671,0.00643,0.00010,0.85676
162.25999,1.02194,0.17881,0.00211,0.00007,0.81900
162.39999,1.02194,0.16920,0.00765,0.00004,0.82311
162.53999,1.02194,0.04095,0.00074,0.00003,0.95827
162.67999,1.02194,0.08082,0.00138,0.00003,0.91778
162.82001,1.02193,0.07387,0.00468,0.00007,0.92138
162.96001,1.02193,0.04302,0.00064,0.00006,0.95628
163.10001,1.02193,0.11532,0.02875,0.00015,0.85578
163.24001,1.02193,0.19873,0.02127,0.00019,0.77981
163.38000,1.02193,0.14145,0.13156,0.00026,0.72673
163.52000,1.02193,0.09674,0.02154,0.00015,0.88157
163.66000,1.02193,0.11399,0.05881,0.00010,0.82709
163.80000,1.02193,0.10317,0.03170,0.00009,0.86503
163.94000,1.02194,0.14477,0.05499,0.00030,0.79994
164.08000,1.02194,0.11576,0.03156,0.00013,0.85255
164.22000,1.02194,0.12289,0.00870,0.00019,0.86823
164.36000,1.02194,0.14028,0.03170,0.00026,0.82776
164.50000,1.02194,0.08737,0.00549,0.00016,0.90698
164.64000,1.02194,0.12090,0.03658,0.00043,0.84209
164.78000,1.02194,0.18821,0.07319,0.00066,0.73793
164.92000,1.02194,0.25434,0.29674,0.00065,0.44827
165.06000,1.02194,0.22073,0.30986,0.00047,0.46895
165.20000,1.02194,0.19790,0.21270,0.00023,0.58917
165.34000,1.02194,0.20666,0.43599,0.00046,0.35689
165.48000,1.02194,0.22360,0.19295,0.00015,0.58330
165.62000,1.02194,0.15484,0.13001,0.00011,0.71505
165.75999,1.02194,0.14672,0.09887,0.00005,0.75436
165.89999,1.02194,0.09418,0.05319,0.00009,0.85254
166.03999,1.02194,0.12039,0.16844,0.00033,0.71083
166.17999,1.02194,0.13204,0.58177,0.00032,0.28587
166.32001,1.02193,0.20904,0.35800,0.00086,0.43211
166.46001,1.02193,0.15627,0.11507,0.00051,0.72815
166.60001,1.02193,0.22559,0.23723,0.00058,0.53660
166.74001,1.02193,0.19343,0.09271,0.00054,0.71333
166.88000,1.02193,0.17208,0.04752,0.00076,0.77963
167.02000,1.02193,0.11134,0.01402,0.00031,0.87434
167.16000,1.02193,0.12788,0.01038,0.00094,0.86080
167.30000,1.02193,0.11438,0.02925,0.00145,0.85492
167.44000,1.02194,0.07920,0.00971,0.00028,0.91081
167.58000,1.02194,0.07825,0.00885,0.00020,0.91269
167.72000,1.02194,0.10150,0.01124,0.00034,0.88692
167.86000,1.02194,0.09592,0.00414,0.00020,0.89975
168.00000,1.02194,0.05501,0.00161,0.00004,0.94335
168.14000,1.02194,0.09319,0.00549,0.00004,0.90128
168.28000,1.02194,0.09360,0.00807,0.00020,0.89814
168.42000,1.02194,0.09265,0.00181,0.00010,0.90544
168.56000,1.02194,0.16644,0.00243,0.00006,0.83108
168.70000,1.02194,0.17208,0.11580,0.00020,0.71191
168.84000,1.02194,0.19927,0.17661,0.00043,0.62369
168.98000,1.02194,0.21462,0.19331,0.00134,0.59074
169.12000,1.02194,0.22989,0.12507,0.00336,0.64168
169.25999,1.02194,0.29940,0.16536,0.00143,0.53381
169.39999,1.02194,0.18533,0.54762,0.00186,0.26519
169.53999,1.02194,0.20574,0.59426,0.00156,0.19843
169.67999,1.02194,0.12686,0.82051,0.00103,0.05160
169.82001,1.02193,0.26152,0.20226,0.00272,0.53350
169.96001,1.02193,0.11091,0.81834,0.00090,0.06985
170.10001,1.02193,0.11448,0.84039,0.00147,0.04365
170.24001,1.02193,0.20731,0.60212,0.00115,0.18942
170.38000,1.02193,0.23693,0.18854,0.00082,0.57371
170.52000,1.02193,0.16959,0.07582,0.00075,0.75384
170.66000,1.02193,0.13615,0.04698,0.00022,0.81666
170.80000,1.02193,0.16810,0.07228,0.00058,0.75904
170.94000,1.02194,0.09198,0.00578,0.00043,0.90181
171.08000,1.02194,0.10119,0.00387,0.00028,0.89466
171.22000,1.02194,0.21246,0.10739,0.00128,0.67888
171.36000,1.02194,0.23903,0.18659,0.00082,0.57356
171.50000,1.02194,0.23858,0.24791,0.00183,0.51167
171.64000,1.02194,0.26928,0.27747,0.00327,0.44998
171.78000,1.02194,0.13834,0.73858,0.00310,0.11998
171.92000,1.02194,0.11168,0.79785,0.00407,0.08641
172.06000,1.02194,0.20879,0.24720,0.00604,0.53797
172.20000,1.02194,0.19903,0.10770,0.00415,0.68911
172.34000,1.02194,0.16143,0.08863,0.00332,0.74662
172.48000,1.02194,0.09334,0.01194,0.00159,0.89313
172.62000,1.02194,0.08833,0.01222,0.00149,0.89796
172.75999,1.02194,0.14446,0.05520,0.00029,0.80005
172.89999,1.02194,0.12831,0.03170,0.00051,0.83948
173.03999,1.02194,0.17299,0.16510,0.00103,0.66088
173.17999,1.02194,0.17950,0.41113,0.00055,0.40881
173.32001,1.02193,0.15788,0.65537,0.00067,0.18608
173.46001,1.02193,0.18880,0.49196,0.00093,0.31831
173.60001,1.02193,0.20882,0.15444,0.00110,0.63564
173.74001,1.02193,0.23982,0.20496,0.00170,0.55352
173.88000,1.02193,0.13876,0.02786,0.00051,0.83286
174.02000,1.02193,0.10425,0.00714,0.00061,0.88800
174.16000,1.02193,0.11011,0.00706,0.00017,0.88266
174.30000,1.02193,0.10192,0.00541,0.00012,0.89255
174.44000,1.02194,0.10941,0.00413,0.00010,0.88636
174.58000,1.02194,0.08123,0.00358,0.00009,0.91510
174.72000,1.02194,0.07817,0.00099,0.00010,0.92074
174.86000,1.02194,0.09089,0.01679,0.00003,0.89228
175.00000,1.02194,0.18751,0.09159,0.00010,0.72081
175.14000,1.02194,0.19934,0.07288,0.00027,0.72751
175.28000,1.02194,0.29357,0.02569,0.00029,0.68046
175.42000,1.02194,0.19607,0.04038,0.00026,0.76329
175.56000,1.02194,0.32367,0.18445,0.00014,0.49173
175.70000,1.02194,0.23271,0.01658,0.00006,0.75065
175.84000,1.02194,0.31330,0.00927,0.00004,0.67740
175.98000,1.02194,0.15236,0.00446,0.00003,0.84315
176.12000,1.02194,0.11855,0.00264,0.00004,0.87877
176.25999,1.02194,0.15865,0.05971,0.00015,0.78148
176.39999,1.02194,0.10936,0.02385,0.00055,0.86624
176.53999,1.02194,0.21680,0.53137,0.00332,0.24851
176.67999,1.02194,0.22824,0.20260,0.00781,0.56135
176.82001,1.02193,0.20975,0.26007,0.00321,0.52697
176.96001,1.02193,0.24995,0.37339,0.00442,0.37224
177.10001,1.02193,0.13158,0.78980,0.00179,0.07683
177.24001,1.02193,0.09458,0.86991,0.00157,0.03394
177.38000,1.02193,0.32215,0.31688,0.00532,0.35565
177.52000,1.02193,0.35331,0.39724,0.00107,0.24839
177.66000,1.02193,0.31699,0.05713,0.00059,0.62528
177.80000,1.02193,0.20902,0.04619,0.00019,0.74459
177.94000,1.02194,0.21703,0.06735,0.00028,0.71533
178.08000,1.02194,0.09829,0.00204,0.00012,0.89955
178.22000,1.02194,0.16024,0.01512,0.00018,0.82446
178.36000,1.02194,0.18045,0.00178,0.00011,0.81767
178.50000,1.02194,0.17756,0.03574,0.00020,0.78650
178.64000,1.02194,0.14789,0.02696,0.00030,0.82485
178.78000,1.02194,0.17941,0.04094,0.00091,0.77875
178.92000,1.02194,0.24036,0.36720,0.00139,0.39106
179.06000,1.02194,0.22488,0.08875,0.00250,0.68387
179.20000,1.02194,0.23427,0.44339,0.00202,0.32031
179.34000,1.02194,0.23007,0.57251,0.00218,0.19524
179.48000,1.02194,0.28432,0.21783,0.00318,0.49467
179.62000,1.02194,0.14562,0.02473,0.00065,0.82899
179.75999,1.02194,0.10429,0.00695,0.00030,0.88847
179.89999,1.02194,0.11575,0.01933,0.00036,0.86456
180.03999,1.02194,0.15504,0.04956,0.00030,0.79511
180.17999,1.02194,0.07040,0.00371,0.00013,0.92576
180.32001,1.02193,0.08292,0.00708,0.00007,0.90994
180.46001,1.02193,0.14236,0.01621,0.00017,0.84125
180.60001,1.02193,0.10709,0.01208,0.00011,0.88072
180.74001,1.02193,0.13697,0.02523,0.00021,0.83758
180.88000,1.02193,0.13041,0.00835,0.00039,0.86085
181.02000,1.02193,0.22286,0.01790,0.00029,0.75895
181.16000,1.02193,0.20725,0.00216,0.00020,0.79039
181.30000,1.02193,0.20198,0.01658,0.00060,0.78084
181.44000,1.02194,0.34183,0.03585,0.00090,0.62143
181.58000,1.02194,0.41169,0.04590,0.00133,0.54107
181.72000,1.02194,0.63092,0.10744,0.00147,0.26017
181.86000,1.02194,0.28537,0.25864,0.00307,0.45292
182.00000,1.02194,0.26722,0.52893,0.00488,0.19897
182.14000,1.02194,0.32320,0.38085,0.00306,0.29288
182.28000,1.02194,0.30916,0.14689,0.00323,0.54072
182.42000,1.02194,0.16420,0.05948,0.00067,0.77565
182.56000,1.02194,0.14181,0.03708,0.00025,0.82086
182.70000,1.02194,0.19880,0.14028,0.00104,0.65989
182.84000,1.02194,0.16678,0.08300,0.00037,0.74986
182.98000,1.02194,0.19747,0.07543,0.00082,0.72627
183.12000,1.02194,0.19471,0.25743,0.00071,0.54715
183.25999,1.02194,0.19551,0.27767,0.00070,0.52612
183.39999,1.02194,0.11669,0.04542,0.00056,0.83733
183.53999,1.02194,0.10640,0.02429,0.00063,0.86868
183.67999,1.02194,0.08656,0.01561,0.00025,0.89758
183.82001,1.02193,0.11877,0.03232,0.00037,0.84854
183.96001,1.02193,0.44282,0.00562,0.00058,0.55098
184.10001,1.02193,0.29650,0.00164,0.00007,0.70179
184.24001,1.02193,0.25370,0.00062,0.00007,0.74560
184.38000,1.02193,0.35343,0.01913,0.00016,0.62727
184.52000,1.02193,0.36182,0.02929,0.00020,0.60869
184.66000,1.02193,0.23665,0.00648,0.00013,0.75675
184.80000,1.02193,0.17431,0.06327,0.00027,0.76216
184.94000,1.02194,0.18921,0.02935,0.00012,0.78133
185.08000,1.02194,0.18206,0.10235,0.00027,0.71532
185.22000,1.02194,0.15344,0.05870,0.00014,0.78772
185.36000,1.02194,0.15653,0.03104,0.00035,0.81208
185.50000,1.02194,0.34943,0.12955,0.00133,0.51969
185.64000,1.02194,0.30576,0.36238,0.00237,0.32950
185.78000,1.02194,0.26554,0.63493,0.00252,0.09700
185.92000,1.02194,0.07009,0.90863,0.00114,0.02014
186.06000,1.02194,0.07162,0.91239,0.00059,0.01540
186.20000,1.02194,0.06164,0.92099,0.00042,0.01695
186.34000,1.02194,0.18210,0.59512,0.00150,0.22128
186.48000,1.02194,0.16699,0.64254,0.00110,0.18938
186.62000,1.02194,0.17784,0.24258,0.00169,0.57789
186.75999,1.02194,0.17923,0.50292,0.00199,0.31587
186.89999,1.02194,0.15632,0.11498,0.00100,0.72770
187.03999,1.02194,0.12632,0.01789,0.00113,0.85467
187.17999,1.02194,0.12184,0.02132,0.00040,0.85643
187.32001,1.02193,0.13589,0.02134,0.00075,0.84202
187.46001,1.02193,0.19584,0.04600,0.00053,0.75762
187.60001,1.02193,0.39521,0.16779,0.00091,0.43609
187.74001,1.02193,0.29106,0.56590,0.00077,0.14227
187.88000,1.02193,0.12984,0.82180,0.00060,0.04776
188.02000,1.02193,0.19354,0.73042,0.00333,0.07271
188.16000,1.02193,0.39461,0.39332,0.00210,0.20997
188.30000,1.02193,0.28026,0.12962,0.00056,0.58957
188.44000,1.02194,0.18715,0.04189,0.00099,0.76997
188.58000,1.02194,0.11754,0.01304,0.00059,0.86883
188.72000,1.02194,0.10168,0.00647,0.00056,0.89129
188.86000,1.02194,0.15142,0.00370,0.00044,0.84445
189.00000,1.02194,0.13703,0.05615,0.00058,0.80624
189.14000,1.02194,0.21543,0.13363,0.00201,0.64893
189.28000,1.02194,0.21206,0.10312,0.00257,0.68226
189.42000,1.02194,0.19532,0.12074,0.00094,0.68299
189.56000,1.02194,0.22153,0.09828,0.00235,0.67784
189.70000,1.02194,0.20591,0.17195,0.00142,0.62072
189.84000,1.02194,0.15059,0.04648,0.00051,0.80243
189.98000,1.02194,0.13670,0.03811,0.00012,0.82507
190.12000,1.02194,0.26921,0.12183,0.00045,0.60851
190.25999,1.02194,0.14688,0.03364,0.00081,0.81866
190.39999,1.02194,0.25564,0.14144,0.00125,0.60167
190.53999,1.02194,0.21388,0.30434,0.00101,0.48077
190.67999,1.02194,0.18469,0.55318,0.00060,0.26153
190.82001,1.02193,0.18371,0.63409,0.00087,0.18134
190.96001,1.02193,0.29065,0.40984,0.00320,0.29631
191.10001,1.02193,0.26022,0.32682,0.00117,0.41179
191.24001,1.02193,0.12661,0.03535,0.00041,0.83763
191.38000,1.02193,0.18722,0.03950,0.00047,0.77281
191.52000,1.02193,0.12075,0.00843,0.00010,0.87072
191.66000,1.02193,0.05711,0.00231,0.00003,0.94054
191.80000,1.02193,0.07610,0.00192,0.00012,0.92186
191.94000,1.02194,0.12705,0.01234,0.00017,0.86044
192.08000,1.02194,0.06626,0.00062,0.00006,0.93306
192.22000,1.02194,0.08915,0.01235,0.00008,0.89842
192.36000,1.02194,0.11522,0.00877,0.00045,0.87555
192.50000,1.02194,0.14730,0.03094,0.00020,0.82155
192.64000,1.02194,0.31276,0.19223,0.00072,0.49429
192.78000,1.02194,0.37968,0.24100,0.00103,0.37829
192.92000,1.02194,0.12728,0.80759,0.00085,0.06428
193.06000,1.02194,0.21102,0.65057,0.00242,0.13600
193.20000,1.02194,0.04393,0.94803,0.00063,0.00741
193.34000,1.02194,0.03993,0.95215,0.00115,0.00676
193.48000,1.02194,0.03169,0.96286,0.00022,0.00523
193.62000,1.02194,0.06884,0.89324,0.00085,0.03707
193.75999,1.02194,0.13222,0.68349,0.00039,0.18390
193.89999,1.02194,0.13953,0.67352,0.00095,0.18600
194.03999,1.02194,0.16724,0.62596,0.00134,0.20546
194.17999,1.02194,0.17102,0.47529,0.00037,0.35332
194.32001,1.02193,0.23282,0.56375,0.00211,0.20133
194.46001,1.02193,0.15643,0.71920,0.00174,0.12264
194.60001,1.02193,0.19972,0.58387,0.00530,0.21111
194.74001,1.02193,0.10548,0.85203,0.00230,0.04019
194.88000,1.02193,0.03628,0.95851,0.00055,0.00466
195.02000,1.02193,0.02916,0.96769,0.00038,0.00277
195.16000,1.02193,0.02974,0.96521,0.00044,0.00461
195.30000,1.02193,0.02129,0.97707,0.00021,0.00143
195.44000,1.02194,0.01069,0.98898,0.00014,0.00018
195.58000,1.02194,0.01230,0.98729,0.00009,0.00033
195.72000,1.02194,0.13250,0.83451,0.00132,0.03167
195.86000,1.02194,0.25639,0.69725,0.00165,0.04470
196.00000,1.02194,0.33028,0.57081,0.00077,0.09815
196.14000,1.02194,0.40849,0.12963,0.00042,0.46146
196.28000,1.02194,0.14212,0.03363,0.00017,0.82408
196.42000,1.02194,0.15795,0.02671,0.00052,0.81482
196.56000,1.02194,0.25143,0.03411,0.00059,0.71387
196.70000,1.02194,0.11256,0.02772,0.00058,0.85913
196.84000,1.02194,0.09012,0.01020,0.00018,0.89950
196.98000,1.02194,0.23012,0.10608,0.00217,0.66163
197.12000,1.02194,0.20741,0.09527,0.00201,0.69532
197.25999,1.02194,0.15352,0.06291,0.00197,0.78160
197.39999,1.02194,0.18730,0.04967,0.00118,0.76185
197.53999,1.02194,0.13534,0.76188,0.00180,0.10097
197.67999,1.02194,0.20626,0.54559,0.00391,0.24424
197.82001,1.02193,0.34903,0.28815,0.00201,0.36081
197.96001,1.02193,0.28677,0.47789,0.00078,0.23457
198.10001,1.02193,0.26891,0.53878,0.00131,0.19101
198.24001,1.02193,0.20874,0.71601,0.00055,0.07471
198.38000,1.02193,0.26334,0.42791,0.00094,0.30782
198.52000,1.02193,0.30172,0.41779,0.00169,0.27880
198.66000,1.02193,0.04091,0.94772,0.00021,0.01115
198.80000,1.02193,0.09220,0.86342,0.00106,0.04332
198.94000,1.02194,0.08928,0.83898,0.00047,0.07127
199.08000,1.02194,0.08571,0.85772,0.00036,0.05620
199.22000,1.02194,0.08729,0.88114,0.00078,0.03079
199.36000,1.02194,0.09791,0.83862,0.00057,0.06290
199.50000,1.02194,0.18324,0.51064,0.00133,0.30479
199.64000,1.02194,0.20837,0.41672,0.00113,0.37378
199.78000,1.02194,0.21755,0.28936,0.00100,0.49208
199.92000,1.02194,0.13075,0.02679,0.00040,0.84206
200.06000,1.02194,0.07646,0.00511,0.00016,0.91828
200.20000,1.02194,0.05622,0.00138,0.00004,0.94236
200.34000,1.02194,0.04369,0.00126,0.00003,0.95502
200.48000,1.02194,0.04674,0.00125,0.00002,0.95199
200.62000,1.02194,0.05479,0.00081,0.00001,0.94439
200.75999,1.02194,0.12481,0.02728,0.00006,0.84784
200.89999,1.02194,0.10345,0.01446,0.00006,0.88203
201.03999,1.02194,0.11584,0.00564,0.00011,0.87841
201.17999,1.02194,0.16149,0.05389,0.00027,0.78436
201.32001,1.02193,0.25441,0.34585,0.00093,0.39881
201.46001,1.02193,0.13018,0.05849,0.00011,0.81123
201.60001,1.02193,0.07331,0.01830,0.00013,0.90826
201.74001,1.02193,0.10413,0.04565,0.00011,0.85012
201.88000,1.02193,0.11955,0.72175,0.00073,0.15797
202.02000,1.02193,0.15691,0.64340,0.00047,0.19922
202.16000,1.02193,0.10033,0.82590,0.00048,0.07329
202.30000,1.02193,0.25978,0.24819,0.00194,0.49010
202.44000,1.02194,0.14678,0.68196,0.00266,0.16860
202.58000,1.02194,0.17896,0.59017,0.00140,0.22947
202.72000,1.02194,0.16384,0.14450,0.00082,0.69084
202.86000,1.02194,0.14098,0.09837,0.00048,0.76017
203.00000,1.02194,0.09898,0.04092,0.00029,0.85980
203.14000,1.02194,0.17476,0.21619,0.00096,0.60809
203.28000,1.02194,0.15139,0.10822,0.00054,0.73985
203.42000,1.02194,0.13852,0.22436,0.00068,0.63644
203.56000,1.02194,0.13650,0.25036,0.00031,0.61282
203.70000,1.02194,0.14665,0.05101,0.00028,0.80206
203.84000,1.02194,0.15175,0.06700,0.00016,0.78109
203.98000,1.02194,0.08054,0.01064,0.00012,0.90871
204.12000,1.02194,0.06324,0.00260,0.00008,0.93409
204.25999,1.02194,0.08984,0.00332,0.00008,0.90677
204.39999,1.02194,0.06130,0.00104,0.00008,0.93757
204.53999,1.02194,0.10536,0.00576,0.00012,0.88877
204.67999,1.02194,0.07401,0.00343,0.00020,0.92235
204.82001,1.02193,0.05189,0.00151,0.00008,0.94652
204.96001,1.02193,0.12772,0.04975,0.00019,0.82234
205.10001,1.02193,0.05936,0.00661,0.00020,0.93384
205.24001,1.02193,0.05587,0.00205,0.00014,0.94194
205.38000,1.02193,0.07697,0.00528,0.00040,0.91734
205.52000,1.02193,0.08005,0.00625,0.00042,0.91328
205.66000,1.02193,0.06899,0.00220,0.00030,0.92851
205.80000,1.02193,0.07877,0.00140,0.00079,0.91904
205.94000,1.02194,0.05259,0.00121,0.00085,0.94534
206.08000,1.02194,0.10354,0.01846,0.00309,0.87491
206.22000,1.02194,0.08336,0.00566,0.00384,0.90714
206.36000,1.02194,0.07132,0.00540,0.00059,0.92269
206.50000,1.02194,0.16963,0.07023,0.00170,0.75844
206.64000,1.02194,0.18887,0.13956,0.00080,0.67077
206.78000,1.02194,0.09733,0.83706,0.00019,0.06542
206.92000,1.02194,0.17227,0.53998,0.00085,0.28691
207.06000,1.02194,0.03867,0.94910,0.00024,0.01199
207.20000,1.02194,0.04350,0.94104,0.00041,0.01505
207.34000,1.02194,0.10481,0.83447,0.00096,0.05975
207.48000,1.02194,0.12435,0.77023,0.00113,0.10429
207.62000,1.02194,0.22376,0.25493,0.00247,0.51884
207.75999,1.02194,0.18062,0.09476,0.00058,0.72404
207.89999,1.02194,0.12169,0.01910,0.00022,0.85900
208.03999,1.02194,0.08038,0.00649,0.00004,0.91308
208.17999,1.02194,0.06006,0.00218,0.00004,0.93771
208.32001,1.02193,0.05463,0.00082,0.00002,0.94453
208.46001,1.02193,0.10103,0.00480,0.00006,0.89412
208.60001,1.02193,0.11057,0.00019,0.00004,0.88920
208.74001,1.02193,0.09945,0.00623,0.00004,0.89428
208.88000,1.02193,0.04261,0.00027,0.00004,0.95708
209.02000,1.02193,0.06118,0.00126,0.00011,0.93744
209.16000,1.02193,0.05920,0.00072,0.00007,0.94000
209.30000,1.02193,0.05127,0.00086,0.00005,0.94782
209.44000,1.02194,0.09792,0.00498,0.00018,0.89692
209.58000,1.02194,0.05046,0.00104,0.00004,0.94846
209.72000,1.02194,0.16608,0.01513,0.00025,0.81855
209.86000,1.02194,0.36103,0.22593,0.00101,0.41203
210.00000,1.02194,0.31856,0.47013,0.00170,0.20961
210.14000,1.02194,0.25599,0.67664,0.00160,0.06576
210.28000,1.02194,0.04359,0.95263,0.00040,0.00338
210.42000,1.02194,0.02878,0.96923,0.00083,0.00117
210.56000,1.02194,0.02724,0.97119,0.00036,0.00121
210.70000,1.02194,0.03354,0.96334,0.00079,0.00234
210.84000,1.02194,0.03599,0.95939,0.00113,0.00349
210.98000,1.02194,0.04192,0.95242,0.00099,0.00468
211.12000,1.02194,0.23317,0.69320,0.00456,0.06907
211.25999,1.02194,0.28578,0.57585,0.00253,0.13584
211.39999,1.02194,0.24516,0.57387,0.00170,0.17928
211.53999,1.02194,0.26704,0.44802,0.00105,0.28389
211.67999,1.02194,0.23816,0.36669,0.00066,0.39449
211.82001,1.02193,0.21570,0.43790,0.00158,0.34481
211.96001,1.02193,0.13474,0.80923,0.00103,0.05499
212.10001,1.02193,0.13578,0.79488,0.00113,0.06821
212.24001,1.02193,0.21256,0.51853,0.00125,0.26765
212.38000,1.02193,0.15591,0.04288,0.00047,0.80074
212.52000,1.02193,0.17124,0.05227,0.00017,0.77633
212.66000,1.02193,0.09540,0.01273,0.00017,0.89171
212.80000,1.02193,0.07076,0.00286,0.00013,0.92625
212.94000,1.02194,0.07172,0.00576,0.00015,0.92237
213.08000,1.02194,0.16666,0.00454,0.00032,0.82849
213.22000,1.02194,0.19722,0.13413,0.00108,0.66757
213.36000,1.02194,0.26132,0.48907,0.00573,0.24388
213.50000,1.02194,0.20086,0.66430,0.00101,0.13384
213.64000,1.02194,0.32067,0.39825,0.00443,0.27664
213.78000,1.02194,0.21955,0.62772,0.00663,0.14610
213.92000,1.02194,0.25928,0.57203,0.00550,0.16319
214.06000,1.02194,0.31437,0.20935,0.00395,0.47234
214.20000,1.02194,0.15976,0.06749,0.00132,0.77142
214.34000,1.02194,0.08942,0.01623,0.00092,0.89342
214.48000,1.02194,0.19457,0.16515,0.00260,0.63768
214.62000,1.02194,0.24014,0.44632,0.00234,0.31120
214.75999,1.02194,0.27024,0.50781,0.00376,0.21819
214.89999,1.02194,0.06888,0.89624,0.00064,0.03425
215.03999,1.02194,0.02543,0.97068,0.00023,0.00366
215.17999,1.02194,0.04465,0.94584,0.00032,0.00919
215.32001,1.02193,0.06799,0.89287,0.00022,0.03892
215.46001,1.02193,0.04430,0.94120,0.00036,0.01414
215.60001,1.02193,0.03706,0.95318,0.00013,0.00963
215.74001,1.02193,0.06552,0.89942,0.00017,0.03489
215.88000,1.02193,0.06019,0.90784,0.00029,0.03168
216.02000,1.02193,0.13409,0.79811,0.00062,0.06717
216.16000,1.02193,0.24920,0.50748,0.00088,0.24243
216.30000,1.02193,0.21680,0.29997,0.00090,0.48233
216.44000,1.02194,0.18447,0.13447,0.00081,0.68025
216.58000,1.02194,0.17584,0.11383,0.00142,0.70891
216.72000,1.02194,0.14892,0.07991,0.00070,0.77047
216.86000,1.02194,0.17643,0.24802,0.00125,0.57430
217.00000,1.02194,0.16715,0.64301,0.00328,0.18655
217.14000,1.02194,0.11512,0.81472,0.00130,0.06886
217.28000,1.02194,0.10133,0.86150,0.00185,0.03532
217.42000,1.02194,0.13223,0.77769,0.00295,0.08714
217.56000,1.02194,0.26052,0.49347,0.00283,0.24319
217.70000,1.02194,0.24159,0.51084,0.00143,0.24614
217.84000,1.02194,0.21303,0.23044,0.00077,0.55577
217.98000,1.02194,0.10961,0.01175,0.00056,0.87808
218.12000,1.02194,0.11091,0.01260,0.00017,0.87633
218.25999,1.02194,0.23190,0.05312,0.00031,0.71467
218.39999,1.02194,0.24550,0.13073,0.00082,0.62295
218.53999,1.02194,0.22212,0.13323,0.00149,0.64316
218.67999,1.02194,0.23756,0.07976,0.00124,0.68143
218.82001,1.02193,0.21311,0.45349,0.00155,0.33185
218.96001,1.02193,0.25208,0.36442,0.00154,0.38197
219.10001,1.02193,0.24132,0.34137,0.00180,0.41551
219.24001,1.02193,0.25386,0.16131,0.00202,0.58281
219.38000,1.02193,0.31484,0.12925,0.00152,0.55439
219.52000,1.02193,0.31098,0.02612,0.00078,0.66212
219.66000,1.02193,0.33526,0.24566,0.00055,0.41853
219.80000,1.02193,0.25833,0.10906,0.00077,0.63184
219.94000,1.02194,0.11398,0.01494,0.00031,0.87077
220.08000,1.02194,0.24801,0.04632,0.00056,0.70511
220.22000,1.02194,0.14011,0.04200,0.00067,0.81721
220.36000,1.02194,0.20036,0.24720,0.00109,0.55135
220.50000,1.02194,0.21444,0.46507,0.00149,0.31900
220.64000,1.02194,0.19383,0.13738,0.00077,0.66801
220.78000,1.02194,0.20776,0.10143,0.00024,0.69057
220.92000,1.02194,0.13642,0.00809,0.00032,0.85517
221.06000,1.02194,0.30022,0.01617,0.00006,0.68355
221.20000,1.02194,0.15259,0.00206,0.00003,0.84532
221.34000,1.02194,0.16453,0.00049,0.00002,0.83496
221.48000,1.02194,0.14861,0.00621,0.00004,0.84514
221.62000,1.02194,0.15180,0.00129,0.00010,0.84682
221.75999,1.02194,0.10591,0.02255,0.00021,0.87133
221.89999,1.02194,0.12601,0.01505,0.00065,0.85828
222.03999,1.02194,0.14374,0.05493,0.00162,0.79971
222.17999,1.02194,0.22013,0.13482,0.00152,0.64353
222.32001,1.02193,0.23817,0.11653,0.00068,0.64462
222.46001,1.02193,0.22356,0.08314,0.00097,0.69233
222.60001,1.02193,0.22294,0.11252,0.00160,0.66294
222.74001,1.02193,0.19204,0.09083,0.00235,0.71478
222.88000,1.02193,0.20734,0.33391,0.00347,0.45528
223.02000,1.02193,0.15231,0.12367,0.00165,0.72237
223.16000,1.02193,0.16490,0.17173,0.00266,0.66071
223.30000,1.02193,0.10447,0.01664,0.00131,0.87758
223.44000,1.02194,0.08399,0.00594,0.00121,0.90886
223.58000,1.02194,0.09593,0.00673,0.00091,0.89643
223.72000,1.02194,0.14105,0.02775,0.00064,0.83057
223.86000,1.02194,0.17192,0.02924,0.00048,0.79836
224.00000,1.02194,0.38328,0.07916,0.00107,0.53649
224.14000,1.02194,0.24059,0.05843,0.00119,0.69979
224.28000,1.02194,0.32841,0.08941,0.00043,0.58175
224.42000,1.02194,0.19507,0.56381,0.00030,0.24082
224.56000,1.02194,0.20695,0.62509,0.00056,0.16741
224.70000,1.02194,0.22681,0.49696,0.00044,0.27579
224.84000,1.02194,0.26679,0.36735,0.00113,0.36473
224.98000,1.02194,0.08573,0.88608,0.00076,0.02743
225.12000,1.02194,0.09308,0.88059,0.00177,0.02456
225.25999,1.02194,0.04518,0.94869,0.00195,0.00418
225.39999,1.02194,0.04824,0.94392,0.00108,0.00677
225.53999,1.02194,0.10386,0.86963,0.00283,0.02368
225.67999,1.02194,0.13636,0.78800,0.00584,0.06979
225.82001,1.02193,0.22068,0.47157,0.00421,0.30353
225.96001,1.02193,0.16786,0.09652,0.00169,0.73393
226.10001,1.02193,0.13851,0.03240,0.00143,0.82765
226.24001,1.02193,0.13624,0.05001,0.00070,0.81305
226.38000,1.02193,0.12493,0.02570,0.00108,0.84829
226.52000,1.02193,0.16500,0.05144,0.00158,0.78198
226.66000,1.02193,0.26487,0.18029,0.00181,0.55303
226.80000,1.02193,0.33775,0.32469,0.00156,0.33601
226.94000,1.02194,0.15964,0.71582,0.00181,0.12273
227.08000,1.02194,0.16591,0.69275,0.00499,0.13635
227.22000,1.02194,0.16549,0.66999,0.00215,0.16237
227.36000,1.02194,0.08231,0.87818,0.00202,0.03750
227.50000,1.02194,0.18388,0.40954,0.00122,0.40535
227.64000,1.02194,0.15329,0.21990,0.00188,0.62493
227.78000,1.02194,0.13668,0.14062,0.00084,0.72186
227.92000,1.02194,0.12840,0.05019,0.00042,0.82098
228.06000,1.02194,0.15826,0.13603,0.00018,0.70553
228.20000,1.02194,0.10239,0.02495,0.00019,0.87247
228.34000,1.02194,0.14925,0.06023,0.00016,0.79037
228.48000,1.02194,0.19930,0.08619,0.00024,0.71427
228.62000,1.02194,0.18191,0.04938,0.00030,0.76841
228.75999,1.02194,0.19759,0.17053,0.00079,0.63109
228.89999,1.02194,0.12062,0.02049,0.00077,0.85812
229.03999,1.02194,0.15070,0.01847,0.00105,0.82978
229.17999,1.02194,0.12941,0.04988,0.00077,0.81994
229.32001,1.02193,0.11130,0.02381,0.00090,0.86399
229.46001,1.02193,0.16370,0.05506,0.00130,0.77995
229.60001,1.02193,0.10738,0.03390,0.00080,0.85791
229.74001,1.02193,0.11803,0.04741,0.00077,0.83380
229.88000,1.02193,0.15629,0.15490,0.00051,0.68831
230.02000,1.02193,0.09213,0.04472,0.00045,0.86270
230.16000,1.02193,0.16791,0.23565,0.00061,0.59583
230.30000,1.02193,0.13104,0.02312,0.00021,0.84563
230.44000,1.02194,0.13743,0.01397,0.00009,0.84851
230.58000,1.02194,0.15541,0.02748,0.00037,0.81674
230.72000,1.02194,0.25587,0.06327,0.00021,0.68065
230.86000,1.02194,0.40465,0.24325,0.00018,0.35192
231.00000,1.02194,0.16094,0.03701,0.00025,0.80180
231.14000,1.02194,0.27031,0.19706,0.00062,0.53201
231.28000,1.02194,0.23420,0.12177,0.00237,0.64166
231.42000,1.02194,0.23289,0.46815,0.00663,0.29234
231.56000,1.02194,0.21428,0.24472,0.00390,0.53710
231.70000,1.02194,0.17215,0.02253,0.00223,0.80308
231.84000,1.02194,0.11762,0.00884,0.00030,0.87324
231.98000,1.02194,0.08419,0.00388,0.00047,0.91146
232.12000,1.02194,0.05907,0.00198,0.00029,0.93865
232.25999,1.02194,0.08537,0.00492,0.00016,0.90955
232.39999,1.02194,0.05502,0.00163,0.00010,0.94325
232.53999,1.02194,0.06108,0.00561,0.00014,0.93317
232.67999,1.02194,0.15608,0.06484,0.00041,0.77867
232.82001,1.02193,0.09014,0.00743,0.00047,0.90196
232.96001,1.02193,0.11596,0.02826,0.00035,0.85542
233.10001,1.02193,0.07266,0.00746,0.00034,0.91953
233.24001,1.02193,0.05825,0.00143,0.00008,0.94024
233.38000,1.02193,0.09423,0.01331,0.00022,0.89224
233.52000,1.02193,0.03540,0.00044,0.00003,0.96413
233.66000,1.02193,0.03892,0.00046,0.00002,0.96059
233.80000,1.02193,0.04340,0.00042,0.00002,0.95616
233.94000,1.02194,0.05074,0.00102,0.00005,0.94819
234.08000,1.02194,0.11793,0.00990,0.00021,0.87196
234.22000,1.02194,0.06232,0.00310,0.00007,0.93451
234.36000,1.02194,0.11864,0.05078,0.00039,0.83019
234.50000,1.02194,0.14732,0.07879,0.00063,0.77326
234.64000,1.02194,0.16033,0.12785,0.00048,0.71133
234.78000,1.02194,0.15870,0.09874,0.00140,0.74116
234.92000,1.02194,0.18351,0.08469,0.00709,0.72471
235.06000,1.02194,0.16957,0.07128,0.00397,0.75518
235.20000,1.02194,0.12907,0.03299,0.00309,0.83485
235.34000,1.02194,0.21916,0.16416,0.00314,0.61354
235.48000,1.02194,0.16637,0.05297,0.00253,0.77813
235.62000,1.02194,0.20091,0.10486,0.00258,0.69164
235.75999,1.02194,0.19384,0.12251,0.00136,0.68228
235.89999,1.02194,0.19965,0.11073,0.00206,0.68756
236.03999,1.02194,0.17993,0.45272,0.00205,0.36530
236.17999,1.02194,0.18661,0.53113,0.00189,0.28038
236.32001,1.02193,0.16717,0.50165,0.00446,0.32672
236.46001,1.02193,0.12967,0.72340,0.00216,0.14478
236.60001,1.02193,0.10291,0.82221,0.00185,0.07304
236.74001,1.02193,0.07885,0.89126,0.00081,0.02907
236.88000,1.02193,0.04873,0.94097,0.00043,0.00988
237.02000,1.02193,0.10703,0.85911,0.00183,0.03203
237.16000,1.02193,0.18839,0.70660,0.00195,0.10307
237.30000,1.02193,0.21162,0.68534,0.00171,0.10132
237.44000,1.02194,0.25784,0.10581,0.00206,0.63429
237.58000,1.02194,0.12312,0.01722,0.00068,0.85898
237.72000,1.02194,0.11009,0.01731,0.00033,0.87227
237.86000,1.02194,0.06308,0.00283,0.00013,0.93396
238.00000,1.02194,0.15944,0.01712,0.00022,0.82322
238.14000,1.02194,0.05979,0.00119,0.00007,0.93896
238.28000,1.02194,0.09098,0.00463,0.00014,0.90426
238.42000,1.02194,0.23814,0.06760,0.00012,0.69415
238.56000,1.02194,0.15622,0.02212,0.00030,0.82136
238.70000,1.02194,0.29971,0.36612,0.00072,0.33345
238.84000,1.02194,0.24740,0.29067,0.00142,0.46051
238.98000,1.02194,0.28836,0.47270,0.00305,0.23589
239.12000,1.02194,0.13098,0.73221,0.00088,0.13594
239.25999,1.02194,0.19053,0.41808,0.00242,0.38898
239.39999,1.02194,0.18202,0.60382,0.00299,0.21117
239.53999,1.02194,0.23188,0.29246,0.00301,0.47265
239.67999,1.02194,0.23731,0.11297,0.00188,0.64784
239.82001,1.02193,0.12103,0.00489,0.00045,0.87363
239.96001,1.02193,0.14842,0.02414,0.00018,0.82725
240.10001,1.02193,0.05432,0.00230,0.00012,0.94326
240.24001,1.02193,0.08090,0.00533,0.00012,0.91365
240.38000,1.02193,0.06867,0.00268,0.00008,0.92858
240.52000,1.02193,0.16320,0.06088,0.00031,0.77561
240.66000,1.02193,0.20122,0.26982,0.00034,0.52862
240.80000,1.02193,0.14768,0.11093,0.00037,0.74102
240.94000,1.02194,0.24098,0.33377,0.00178,0.42347
241.08000,1.02194,0.15305,0.59104,0.00107,0.25484
241.22000,1.02194,0.18177,0.36370,0.00105,0.45348
241.36000,1.02194,0.11361,0.06659,0.00027,0.81952
241.50000,1.02194,0.14675,0.04800,0.00029,0.80495
241.64000,1.02194,0.21546,0.13996,0.00043,0.64415
241.78000,1.02194,0.15158,0.02366,0.00047,0.82429
241.92000,1.02194,0.18457,0.02247,0.00112,0.79184
242.06000,1.02194,0.18856,0.02423,0.00043,0.78678
242.20000,1.02194,0.31361,0.06204,0.00090,0.62345
242.34000,1.02194,0.14246,0.79986,0.00088,0.05681
242.48000,1.02194,0.13985,0.83355,0.00223,0.02438
242.62000,1.02194,0.11245,0.87381,0.00166,0.01208
242.75999,1.02194,0.02465,0.97316,0.00054,0.00166
242.89999,1.02194,0.05291,0.93915,0.00080,0.00714
243.03999,1.02194,0.07052,0.91530,0.00128,0.01291
243.17999,1.02194,0.26588,0.53768,0.00218,0.19427
243.32001,1.02193,0.20288,0.12304,0.00121,0.67287
243.46001,1.02193,0.14297,0.05052,0.00102,0.80548
243.60001,1.02193,0.07652,0.00689,0.00036,0.91623
243.74001,1.02193,0.08675,0.00739,0.00028,0.90558
243.88000,1.02193,0.09844,0.01457,0.00092,0.88608
244.02000,1.02193,0.15242,0.06611,0.00092,0.78055
244.16000,1.02193,0.21764,0.21933,0.00314,0.55989
244.30000,1.02193,0.22173,0.19015,0.00347,0.58464
244.44000,1.02194,0.12636,0.72738,0.00185,0.14442
244.58000,1.02194,0.10946,0.81905,0.00157,0.06992
244.72000,1.02194,0.08538,0.87770,0.00214,0.03478
244.86000,1.02194,0.26332,0.45674,0.00269,0.27725
245.00000,1.02194,0.27395,0.29625,0.00184,0.42796
245.14000,1.02194,0.27636,0.59319,0.00087,0.12957
245.28000,1.02194,0.24935,0.09933,0.00051,0.65080
245.42000,1.02194,0.23991,0.07750,0.00014,0.68245
245.56000,1.02194,0.12415,0.01885,0.00025,0.85676
245.70000,1.02194,0.18044,0.00688,0.00019,0.81249
245.84000,1.02194,0.13268,0.01654,0.00012,0.85065
245.98000,1.02194,0.04926,0.00167,0.00011,0.94896
246.12000,1.02194,0.12656,0.02814,0.00014,0.84517
246.25999,1.02194,0.12024,0.02347,0.00033,0.85596
246.39999,1.02194,0.23277,0.19739,0.00076,0.56907
246.53999,1.02194,0.09276,0.86003,0.00029,0.04691
246.67999,1.02194,0.08429,0.89150,0.00055,0.02366
246.82001,1.02193,0.01022,0.98931,0.00006,0.00040
246.96001,1.02193,0.00956,0.99016,0.00009,0.00019
247.10001,1.02193,0.14992,0.83976,0.00059,0.00973
247.24001,1.02193,0.33048,0.62493,0.00037,0.04421
247.38000,1.02193,0.28831,0.65053,0.00033,0.06083
247.52000,1.02193,0.37968,0.47096,0.00032,0.14904
247.66000,1.02193,0.39440,0.08957,0.00009,0.51593
247.80000,1.02193,0.19705,0.05107,0.00016,0.75172
247.94000,1.02194,0.23084,0.03033,0.00007,0.73876
248.08000,1.02194,0.18895,0.03616,0.00007,0.77481
248.22000,1.02194,0.09000,0.00431,0.00005,0.90564
248.36000,1.02194,0.05010,0.00260,0.00003,0.94728
248.50000,1.02194,0.11012,0.00589,0.00003,0.88395
248.64000,1.02194,0.04399,0.00116,0.00002,0.95484
248.78000,1.02194,0.05201,0.00326,0.00002,0.94471
248.92000,1.02194,0.08076,0.00990,0.00002,0.90932
249.06000,1.02194,0.18237,0.04353,0.00006,0.77405
249.20000,1.02194,0.13994,0.02154,0.00007,0.83844
249.34000,1.02194,0.21815,0.04169,0.00032,0.73984
249.48000,1.02194,0.27263,0.28349,0.00034,0.44353
249.62000,1.02194,0.24591,0.03400,0.00042,0.71967
249.75999,1.02194,0.19849,0.38691,0.00024,0.41436
249.89999,1.02194,0.24861,0.24980,0.00104,0.50054
250.03999,1.02194,0.17627,0.02323,0.00057,0.79993
250.17999,1.02194,0.09299,0.00490,0.00007,0.90205
250.32001,1.02193,0.03441,0.00019,0.00005,0.96535
250.46001,1.02193,0.10077,0.00589,0.00011,0.89322
250.60001,1.02193,0.04105,0.00045,0.00006,0.95844
250.74001,1.02193,0.04059,0.00068,0.00008,0.95865
250.88000,1.02193,0.07856,0.00658,0.00009,0.91477
251.02000,1.02193,0.15306,0.08630,0.00017,0.76047
251.16000,1.02193,0.11817,0.76308,0.00037,0.11838
251.30000,1.02193,0.13150,0.67707,0.00046,0.19096
251.44000,1.02194,0.14787,0.47862,0.00049,0.37303
251.58000,1.02194,0.17484,0.39869,0.00054,0.42593
251.72000,1.02194,0.18003,0.24488,0.00041,0.57468
251.86000,1.02194,0.18700,0.27383,0.00070,0.53847
252.00000,1.02194,0.09494,0.03634,0.00026,0.86846
252.14000,1.02194,0.13428,0.07813,0.00070,0.78689
252.28000,1.02194,0.18756,0.16384,0.00200,0.64659
252.42000,1.02194,0.18037,0.32412,0.00193,0.49358
252.56000,1.02194,0.16954,0.55072,0.00249,0.27725
252.70000,1.02194,0.15681,0.62665,0.00178,0.21475
252.84000,1.02194,0.14853,0.64722,0.00359,0.20066
252.98000,1.02194,0.21342,0.35074,0.00429,0.43155
253.12000,1.02194,0.18221,0.16684,0.00726,0.64369
253.25999,1.02194,0.19473,0.27135,0.00511,0.52881
253.39999,1.02194,0.19146,0.29633,0.00369,0.50852
253.53999,1.02194,0.14108,0.09304,0.00157,0.76431
253.67999,1.02194,0.11243,0.03167,0.00134,0.85457
253.82001,1.02193,0.11484,0.03551,0.00060,0.84905
253.96001,1.02193,0.07265,0.01635,0.00029,0.91071
254.10001,1.02193,0.07904,0.00969,0.00028,0.91098
254.24001,1.02193,0.08497,0.00538,0.00019,0.90946
254.38000,1.02193,0.08401,0.01044,0.00029,0.90526
254.52000,1.02193,0.12786,0.02619,0.00037,0.84558
254.66000,1.02193,0.06501,0.00524,0.00025,0.92950
254.80000,1.02193,0.14986,0.06609,0.00039,0.78367
254.94000,1.02194,0.16571,0.04582,0.00069,0.78779
255.08000,1.02193,0.15326,0.02422,0.00131,0.82121
255.22000,1.02194,0.17073,0.03845,0.00031,0.79051
255.36000,1.02193,0.05814,0.00309,0.00008,0.93869
255.50000,1.02194,0.08778,0.00800,0.00017,0.90405
255.64000,1.02193,0.04276,0.00147,0.00004,0.95573
255.78000,1.02194,0.11998,0.01222,0.00014,0.86766
255.92000,1.02193,0.24135,0.45021,0.00017,0.30827
256.06000,1.02194,0.28177,0.33025,0.00072,0.38726
256.20001,1.02191,0.03838,0.95052,0.00013,0.01097
256.34000,1.02194,0.02169,0.97592,0.00007,0.00232
256.48001,1.02191,0.09870,0.87687,0.00068,0.02375
256.62000,1.02194,0.12473,0.81641,0.00046,0.05841
256.76001,1.02194,0.30953,0.32361,0.00114,0.36571
256.89999,1.02194,0.19686,0.05791,0.00037,0.74486
257.04001,1.02194,0.12551,0.04636,0.00008,0.82805
257.17999,1.02194,0.10688,0.02586,0.00011,0.86716
257.32001,1.02194,0.17953,0.02069,0.00035,0.79942
257.45999,1.02194,0.23017,0.02384,0.00010,0.74589
257.60001,1.02194,0.20205,0.01148,0.00010,0.78638
257.73999,1.02194,0.17876,0.01282,0.00014,0.80828
257.88000,1.02194,0.12411,0.00366,0.00006,0.87217
258.01999,1.02194,0.05958,0.00047,0.00003,0.93992
258.16000,1.02194,0.09577,0.01195,0.00002,0.89225
258.29999,1.02194,0.03808,0.00065,0.00004,0.96124
258.44000,1.02194,0.09318,0.00495,0.00008,0.90179
258.57999,1.02194,0.38436,0.15464,0.00044,0.46055
258.72000,1.02194,0.38226,0.08246,0.00100,0.53429
258.85999,1.02194,0.23728,0.58440,0.00031,0.17801
259.00000,1.02194,0.32212,0.07140,0.00123,0.60525
259.14001,1.02191,0.45951,0.23515,0.00348,0.30187
259.28000,1.02194,0.30133,0.06373,0.00419,0.63075
259.42001,1.02191,0.14593,0.01609,0.00424,0.83374
259.56000,1.02194,0.24825,0.11645,0.00128,0.63402
259.70001,1.02191,0.13026,0.02411,0.00204,0.84359
259.84000,1.02194,0.20721,0.17762,0.00825,0.60692
259.98001,1.02191,0.16633,0.39251,0.00177,0.43940
260.12000,1.02194,0.21381,0.32608,0.00183,0.45828
260.26001,1.02194,0.17259,0.26697,0.00089,0.55956
260.39999,1.02194,0.15407,0.06879,0.00092,0.77622
260.54001,1.02194,0.18772,0.12790,0.00077,0.68361
260.67999,1.02194,0.27126,0.19392,0.00248,0.53234
260.82001,1.02194,0.15811,0.04274,0.00044,0.79870
260.95999,1.02194,0.21305,0.08371,0.00116,0.70208
261.10001,1.02194,0.31498,0.15274,0.00151,0.53077
261.23999,1.02194,0.18886,0.48930,0.00282,0.31901
261.38000,1.02194,0.16471,0.23950,0.00176,0.59404
261.51999,1.02194,0.17176,0.16472,0.00157,0.66195
261.66000,1.02194,0.18985,0.15316,0.00240,0.65459
261.79999,1.02194,0.20143,0.20620,0.00133,0.59105
261.94000,1.02194,0.16470,0.10630,0.00118,0.72782
262.07999,1.02194,0.12744,0.06485,0.00078,0.80693
262.22000,1.02194,0.17731,0.21288,0.00077,0.60905
262.35999,1.02194,0.12463,0.04267,0.00113,0.83157
262.50000,1.02194,0.17672,0.15847,0.00254,0.66227
262.64001,1.02191,0.18572,0.21423,0.00104,0.59901
262.78000,1.02194,0.17446,0.19495,0.00086,0.62973
262.92001,1.02191,0.26584,0.08313,0.00122,0.64980
263.06000,1.02194,0.19074,0.01048,0.00029,0.79849
263.20001,1.02191,0.19573,0.00617,0.00026,0.79783
263.34000,1.02194,0.35051,0.04453,0.00034,0.60462
263.48001,1.02191,0.25081,0.04953,0.00014,0.69952
263.62000,1.02194,0.12388,0.00109,0.00006,0.87496
263.76001,1.02194,0.09175,0.00262,0.00012,0.90551
263.89999,1.02194,0.19580,0.00415,0.00023,0.79981
264.04001,1.02194,0.26378,0.01112,0.00076,0.72434
264.17999,1.02194,0.15859,0.00531,0.00020,0.83590
264.32001,1.02194,0.11001,0.00272,0.00056,0.88671
264.45999,1.02194,0.05244,0.00197,0.00019,0.94540
264.60001,1.02194,0.14487,0.06983,0.00128,0.78402
264.73999,1.02194,0.09633,0.00639,0.00051,0.89677
264.88000,1.02194,0.13043,0.04617,0.00023,0.82317
265.01999,1.02194,0.07937,0.00405,0.00013,0.91645
265.16000,1.02194,0.13247,0.02378,0.00017,0.84357
265.29999,1.02194,0.13608,0.01209,0.00017,0.85166
265.44000,1.02194,0.09420,0.00410,0.00014,0.90156
265.57999,1.02194,0.17792,0.05319,0.00022,0.76867
265.72000,1.02194,0.13870,0.01236,0.00038,0.84856
265.85999,1.02194,0.16576,0.07221,0.00059,0.76143
266.00000,1.02194,0.09828,0.01734,0.00015,0.88423
266.14001,1.02191,0.13989,0.02927,0.00051,0.83033
266.28000,1.02194,0.12651,0.03698,0.00079,0.83572
266.42001,1.02191,0.18029,0.05945,0.00102,0.75925
266.56000,1.02194,0.15442,0.11926,0.00109,0.72524
266.70001,1.02191,0.12944,0.06949,0.00106,0.80002
266.84000,1.02194,0.17859,0.11828,0.00132,0.70181
266.98001,1.02191,0.13855,0.05080,0.00097,0.80968
267.12000,1.02194,0.15095,0.08890,0.00024,0.75991
267.26001,1.02194,0.11382,0.03396,0.00027,0.85195
267.39999,1.02194,0.07202,0.00260,0.00018,0.92520
267.54001,1.02194,0.16835,0.04411,0.00010,0.78744
267.67999,1.02194,0.06779,0.00295,0.00006,0.92920
267.82001,1.02194,0.09584,0.01588,0.00007,0.88822
267.95999,1.02194,0.08725,0.00893,0.00012,0.90370
268.10001,1.02194,0.12919,0.02835,0.00028,0.84218
268.23999,1.02194,0.13067,0.77739,0.00049,0.09145
268.38000,1.02194,0.14631,0.76762,0.00075,0.08532
268.51999,1.02194,0.12647,0.80539,0.00164,0.06650
268.66000,1.02194,0.02465,0.97328,0.00028,0.00179
268.79999,1.02194,0.01343,0.98601,0.00022,0.00033
268.94000,1.02194,0.04939,0.94439,0.00066,0.00556
269.07999,1.02194,0.07464,0.89871,0.00044,0.02621
269.22000,1.02194,0.18259,0.69754,0.00079,0.11909
269.35999,1.02194,0.24068,0.41237,0.00055,0.34640
269.50000,1.02194,0.21708,0.27026,0.00061,0.51205
269.64001,1.02191,0.12817,0.04165,0.00030,0.82988
269.78000,1.02194,0.16612,0.14104,0.00065,0.69218
269.92001,1.02191,0.22606,0.10316,0.00090,0.66988
270.06000,1.02194,0.12670,0.78472,0.00161,0.08697
270.20001,1.02191,0.12909,0.76188,0.00113,0.10791
270.34000,1.02194,0.09132,0.84829,0.00089,0.05950
270.48001,1.02191,0.09778,0.85053,0.00106,0.05063
270.62000,1.02194,0.25256,0.59092,0.00058,0.15594
270.76001,1.02194,0.23588,0.09028,0.00010,0.67374
270.89999,1.02194,0.15694,0.03760,0.00008,0.80538
271.04001,1.02194,0.32012,0.15690,0.00029,0.52269
271.17999,1.02194,0.11279,0.00549,0.00003,0.88169
271.32001,1.02194,0.12285,0.00345,0.00005,0.87366
271.45999,1.02194,0.09965,0.01451,0.00012,0.88573
271.60001,1.02194,0.15532,0.02125,0.00028,0.82314
271.73999,1.02194,0.18212,0.04036,0.00011,0.77741
271.88000,1.02194,0.13088,0.02655,0.00027,0.84230
272.01999,1.02194,0.17174,0.03845,0.00040,0.78941
272.16000,1.02194,0.16164,0.02847,0.00067,0.80922
272.29999,1.02194,0.15914,0.00470,0.00025,0.83592
272.44000,1.02194,0.18452,0.06356,0.00104,0.75089
272.57999,1.02194,0.07718,0.00697,0.00082,0.91503
272.72000,1.02194,0.05853,0.00132,0.00078,0.93937
272.85999,1.02194,0.04260,0.00022,0.00058,0.95660
273.00000,1.02194,0.06276,0.00124,0.00082,0.93518
273.14001,1.02191,0.07356,0.00170,0.00183,0.92291
273.28000,1.02194,0.05661,0.00117,0.00081,0.94141
273.42001,1.02191,0.03522,0.00025,0.00015,0.96438
273.56000,1.02194,0.05434,0.00168,0.00009,0.94389
273.70001,1.02191,0.08063,0.01113,0.00012,0.90812
273.84000,1.02194,0.27294,0.25842,0.00073,0.46791
273.98001,1.02191,0.23013,0.56169,0.00116,0.20702
274.12000,1.02194,0.15780,0.81603,0.00060,0.02558
274.26001,1.02194,0.01754,0.98137,0.00018,0.00091
274.39999,1.02194,0.00722,0.99264,0.00009,0.00006
274.54001,1.02194,0.00872,0.99105,0.00009,0.00013
274.67999,1.02194,0.08647,0.90791,0.00124,0.00437
274.82001,1.02194,0.09235,0.89885,0.00029,0.00852
274.95999,1.02194,0.32293,0.54369,0.00160,0.13178
275.10001,1.02194,0.29432,0.32562,0.00175,0.37831
275.23999,1.02194,0.20638,0.17242,0.00021,0.62098
275.38000,1.02194,0.26545,0.30339,0.00056,0.43061
275.51999,1.02194,0.05329,0.93517,0.00014,0.01140
275.66000,1.02194,0.04410,0.95148,0.00029,0.00413
275.79999,1.02194,0.02164,0.97756,0.00010,0.00070
275.94000,1.02194,0.02196,0.97683,0.00021,0.00100
276.07999,1.02194,0.07465,0.91741,0.00080,0.00714
276.22000,1.02194,0.14022,0.81500,0.00072,0.04406
276.35999,1.02194,0.26178,0.44931,0.00179,0.28713
276.50000,1.02194,0.19506,0.22695,0.00123,0.57676
276.64001,1.02191,0.17806,0.13998,0.00090,0.68105
276.78000,1.02194,0.14901,0.05666,0.00122,0.79311
276.92001,1.02191,0.20655,0.08388,0.00292,0.70665
277.06000,1.02194,0.23953,0.14940,0.00188,0.60919
277.20001,1.02191,0.21106,0.08405,0.00087,0.70402
277.34000,1.02194,0.16861,0.03471,0.00028,0.79640
277.48001,1.02191,0.15365,0.03839,0.00019,0.80777
277.62000,1.02194,0.21946,0.08611,0.00033,0.69410
277.76001,1.02194,0.16619,0.71917,0.00033,0.11431
277.89999,1.02194,0.24419,0.40795,0.00074,0.34711
278.04001,1.02194,0.31601,0.43914,0.00131,0.24354
278.17999,1.02194,0.09489,0.85167,0.00045,0.05299
278.32001,1.02194,0.19801,0.39563,0.00163,0.40472
278.45999,1.02194,0.19675,0.49803,0.00108,0.30414
278.60001,1.02194,0.20024,0.66161,0.00162,0.13652
278.73999,1.02194,0.03236,0.96428,0.00032,0.00305
278.88000,1.02194,0.03568,0.96116,0.00021,0.00294
279.01999,1.02194,0.06198,0.92876,0.00062,0.00864
279.16000,1.02194,0.03233,0.96416,0.00094,0.00256
279.29999,1.02194,0.03496,0.96153,0.00079,0.00272
279.44000,1.02194,0.02645,0.97076,0.00057,0.00222
279.57999,1.02194,0.04801,0.94336,0.00086,0.00776
279.72000,1.02194,0.11092,0.84371,0.00231,0.04305
279.85999,1.02194,0.08312,0.89012,0.00080,0.02596
280.00000,1.02194,0.08982,0.88164,0.00092,0.02761
280.14001,1.02191,0.22721,0.58145,0.00264,0.18870
280.28000,1.02194,0.24055,0.47847,0.00217,0.27882
280.42001,1.02191,0.23101,0.62422,0.00258,0.14219
280.56000,1.02194,0.15021,0.78057,0.00202,0.06720
280.70001,1.02191,0.30196,0.25282,0.00334,0.44188
280.84000,1.02194,0.29704,0.16870,0.00441,0.52985
280.98001,1.02191,0.26781,0.17799,0.00471,0.54949
281.12000,1.02194,0.18424,0.06277,0.00349,0.74950
281.26001,1.02194,0.11169,0.02231,0.00230,0.86370
281.39999,1.02194,0.07171,0.00381,0.00184,0.92264
281.54001,1.02194,0.12295,0.03100,0.00229,0.84376
281.67999,1.02194,0.07889,0.01129,0.00082,0.90901
281.82001,1.02194,0.09649,0.01527,0.00054,0.88770
281.95999,1.02194,0.09114,0.01292,0.00094,0.89500
282.10001,1.02194,0.07678,0.00840,0.00087,0.91395
282.23999,1.02194,0.11558,0.00851,0.00176,0.87416
282.38000,1.02194,0.21416,0.02342,0.00131,0.76112
282.51999,1.02194,0.08549,0.00284,0.00048,0.91119
282.66000,1.02194,0.10006,0.00410,0.00077,0.89507
282.79999,1.02194,0.09319,0.00682,0.00029,0.89969
282.94000,1.02194,0.10340,0.01803,0.00023,0.87834
283.07999,1.02194,0.14352,0.07360,0.00054,0.78233
283.22000,1.02194,0.10396,0.02078,0.00060,0.87465
283.35999,1.02194,0.11649,0.02219,0.00094,0.86037
283.50000,1.02194,0.11305,0.02141,0.00091,0.86463
283.64001,1.02191,0.13548,0.05202,0.00120,0.81131
283.78000,1.02194,0.04815,0.00278,0.00030,0.94878
283.92001,1.02191,0.09221,0.00904,0.00209,0.89665
284.06000,1.02194,0.04871,0.00139,0.00066,0.94924
284.20001,1.02191,0.06194,0.00177,0.00109,0.93521
284.34000,1.02194,0.04514,0.00055,0.00065,0.95367
284.48001,1.02191,0.04428,0.00032,0.00036,0.95504
284.62000,1.02194,0.06350,0.00102,0.00071,0.93477
284.76001,1.02194,0.05200,0.00051,0.00045,0.94705
284.89999,1.02194,0.05998,0.00309,0.00041,0.93652
285.04001,1.02194,0.03754,0.00024,0.00020,0.96202
285.17999,1.02194,0.08616,0.00246,0.00056,0.91082
285.32001,1.02194,0.05869,0.00127,0.00007,0.93997
285.45999,1.02194,0.04305,0.00147,0.00003,0.95545
285.60001,1.02194,0.04052,0.00020,0.00003,0.95924
285.73999,1.02194,0.05879,0.00089,0.00003,0.94029
285.88000,1.02194,0.07149,0.00013,0.00004,0.92835
286.01999,1.02194,0.05842,0.00121,0.00002,0.94035
286.16000,1.02194,0.04662,0.00011,0.00003,0.95324
286.29999,1.02194,0.03076,0.00005,0.00003,0.96916
286.44000,1.02194,0.08341,0.00205,0.00005,0.91449
286.57999,1.02194,0.03734,0.00022,0.00003,0.96240
286.72000,1.02194,0.05495,0.00032,0.00006,0.94468
286.85999,1.02194,0.03399,0.00007,0.00003,0.96591
287.00000,1.02194,0.11605,0.00000,0.00004,0.88391
287.14001,1.02191,0.18299,0.00050,0.00005,0.81645
287.28000,1.02194,0.26214,0.00006,0.00002,0.73778
287.42001,1.02191,0.11600,0.00075,0.00002,0.88323
287.56000,1.02194,0.27426,0.00033,0.00006,0.72535
287.70001,1.02191,0.21106,0.00140,0.00002,0.78753
287.84000,1.02194,0.09744,0.03482,0.00001,0.86773
287.98001,1.02191,0.08968,0.02953,0.00007,0.88072
288.12000,1.02194,0.04580,0.00275,0.00004,0.95141
288.26001,1.02194,0.03662,0.00114,0.00002,0.96222
288.39999,1.02194,0.06024,0.00074,0.00002,0.93900
288.54001,1.02194,0.10816,0.00417,0.00002,0.88764
288.67999,1.02194,0.07857,0.00169,0.00005,0.91969
288.82001,1.02194,0.06102,0.00051,0.00010,0.93837
288.95999,1.02194,0.07831,0.00057,0.00011,0.92100
289.10001,1.02194,0.10969,0.00015,0.00029,0.88987
289.23999,1.02194,0.08180,0.00631,0.00106,0.91083
289.38000,1.02194,0.04848,0.00057,0.00056,0.95039
289.51999,1.02194,0.05155,0.00010,0.00076,0.94759
289.66000,1.02194,0.05881,0.00045,0.00029,0.94045
289.79999,1.02194,0.07881,0.00036,0.00046,0.92037
289.94000,1.02194,0.08753,0.00157,0.00011,0.91079
290.07999,1.02194,0.20278,0.01405,0.00015,0.78302
290.22000,1.02194,0.16961,0.00092,0.00005,0.82943
290.35999,1.02194,0.33941,0.03018,0.00006,0.63034
290.50000,1.02194,0.25009,0.00145,0.00007,0.74839
290.64001,1.02191,0.27244,0.00805,0.00005,0.71946
290.78000,1.02194,0.07134,0.00058,0.00002,0.92806
290.92001,1.02191,0.06092,0.00015,0.00007,0.93885
291.06000,1.02194,0.05849,0.00062,0.00014,0.94075
291.20001,1.02191,0.03594,0.00023,0.00008,0.96375
291.34000,1.02194,0.03476,0.00017,0.00008,0.96499
291.48001,1.02191,0.06839,0.00008,0.00028,0.93125
291.62000,1.02194,0.06432,0.00011,0.00008,0.93549
291.76001,1.02194,0.03732,0.00002,0.00003,0.96264
291.89999,1.02194,0.07566,0.00070,0.00003,0.92361
292.04001,1.02194,0.07654,0.00027,0.00004,0.92316
292.17999,1.02194,0.04962,0.00028,0.00001,0.95009
292.32001,1.02194,0.15870,0.00400,0.00003,0.83727
292.45999,1.02194,0.11744,0.00168,0.00001,0.88087
292.60001,1.02194,0.17929,0.01570,0.00006,0.80495
292.73999,1.02194,0.12948,0.00786,0.00009,0.86256
292.88000,1.02194,0.12806,0.00308,0.00024,0.86861
293.01999,1.02194,0.21346,0.00154,0.00014,0.78487
293.16000,1.02194,0.08119,0.02153,0.00007,0.89720
293.29999,1.02194,0.28066,0.00088,0.00014,0.71833
293.44000,1.02194,0.39975,0.00547,0.00333,0.59146
293.57999,1.02194,0.58948,0.00984,0.02149,0.37919
293.72000,1.02194,0.77570,0.02235,0.07218,0.12976
293.85999,1.02194,0.70252,0.00400,0.00418,0.28930
294.00000,1.02194,0.70726,0.00098,0.00379,0.28797
294.14001,1.02191,0.66145,0.00282,0.00182,0.33391
294.28000,1.02194,0.40415,0.02613,0.00407,0.56565
294.42001,1.02191,0.13133,0.00956,0.00006,0.85905
294.56000,1.02194,0.04298,0.00188,0.00003,0.95511
294.70001,1.02191,0.28287,0.02638,0.00191,0.68884
294.84000,1.02194,0.12042,0.02530,0.00094,0.85334
294.98001,1.02191,0.06762,0.00307,0.00073,0.92859
295.12000,1.02194,0.08453,0.00891,0.00177,0.90479
295.26001,1.02194,0.06152,0.00287,0.00079,0.93482
295.39999,1.02194,0.09393,0.01527,0.00085,0.88995
295.54001,1.02194,0.11812,0.00332,0.00022,0.87834
295.67999,1.02194,0.10146,0.00194,0.00023,0.89638
295.82001,1.02194,0.05171,0.00036,0.00007,0.94786
295.95999,1.02194,0.04788,0.00018,0.00002,0.95192
296.10001,1.02194,0.05217,0.00005,0.00004,0.94774
296.23999,1.02194,0.07649,0.00011,0.00003,0.92337
296.38000,1.02194,0.06763,0.00011,0.00003,0.93222
296.51999,1.02194,0.08265,0.00179,0.00004,0.91552
296.66000,1.02194,0.07626,0.00143,0.00010,0.92221
296.79999,1.02194,0.11846,0.00475,0.00006,0.87673
296.94000,1.02194,0.22412,0.25035,0.00015,0.52538
297.07999,1.02194,0.17255,0.09715,0.00028,0.73002
297.22000,1.02194,0.28670,0.06423,0.00130,0.64777
297.35999,1.02194,0.12451,0.04211,0.00054,0.83285
297.50000,1.02194,0.16106,0.01468,0.00065,0.82362
297.64001,1.02191,0.13547,0.01093,0.00112,0.85249
297.78000,1.02194,0.08303,0.00186,0.00028,0.91483
297.92001,1.02191,0.05247,0.00049,0.00011,0.94693
298.06000,1.02194,0.05838,0.00034,0.00011,0.94117
298.20001,1.02191,0.03734,0.00025,0.00004,0.96237
298.34000,1.02194,0.06924,0.00168,0.00026,0.92883
298.48001,1.02191,0.08486,0.00033,0.00007,0.91473
298.62000,1.02194,0.04329,0.00067,0.00004,0.95601
298.76001,1.02194,0.05860,0.00035,0.00009,0.94096
298.89999,1.02194,0.07641,0.00045,0.00007,0.92306
299.04001,1.02194,0.07929,0.00096,0.00009,0.91965
