Time (seconds), Duration (seconds),pred_(unlabeled),pred_brushing_teeth,pred_hair_drying,pred_showering
0.00000,1.02194,1.00000,0.00000,0.00000,0.00000
0.14000,1.02194,0.99999,0.00000,0.00000,0.00001
0.28000,1.02194,0.99987,0.00000,0.00000,0.00012
0.42000,1.02194,0.99954,0.00000,0.00000,0.00046
0.56000,1.02194,0.99969,0.00000,0.00001,0.00031
0.70000,1.02194,0.99991,0.00000,0.00000,0.00009
0.84000,1.02194,0.99998,0.00000,0.00000,0.00002
0.98000,1.02194,1.00000,0.00000,0.00000,0.00000
1.12000,1.02194,1.00000,0.00000,0.00000,0.00000
1.26000,1.02194,1.00000,0.00000,0.00000,0.00000
1.40000,1.02194,1.00000,0.00000,0.00000,0.00000
1.54000,1.02194,1.00000,0.00000,0.00000,0.00000
1.68000,1.02194,1.00000,0.00000,0.00000,0.00000
1.82000,1.02194,1.00000,0.00000,0.00000,0.00000
1.96000,1.02194,1.00000,0.00000,0.00000,0.00000
2.10000,1.02194,1.00000,0.00000,0.00000,0.00000
2.24000,1.02194,1.00000,0.00000,0.00000,0.00000
2.38000,1.02194,1.00000,0.00000,0.00000,0.00000
2.52000,1.02194,1.00000,0.00000,0.00000,0.00000
2.66000,1.02194,1.00000,0.00000,0.00000,0.00000
2.80000,1.02194,1.00000,0.00000,0.00000,0.00000
2.94000,1.02194,1.00000,0.00000,0.00000,0.00000
3.08000,1.02194,1.00000,0.00000,0.00000,0.00000
3.22000,1.02194,1.00000,0.00000,0.00000,0.00000
3.36000,1.02194,1.00000,0.00000,0.00000,0.00000
3.50000,1.02194,1.00000,0.00000,0.00000,0.00000
3.64000,1.02194,0.99999,0.00000,0.00000,0.00000
3.78000,1.02194,0.99999,0.00000,0.00000,0.00000
3.92000,1.02194,1.00000,0.00000,0.00000,0.00000
4.06000,1.02194,0.99999,0.00000,0.00000,0.00000
4.20000,1.02194,0.99994,0.00000,0.00001,0.00006
4.34000,1.02194,0.99978,0.00000,0.00001,0.00021
4.48000,1.02194,0.99785,0.00000,0.00004,0.00211
4.62000,1.02194,0.99072,0.00000,0.00010,0.00918
4.76000,1.02194,0.99064,0.00000,0.00009,0.00928
4.90000,1.02194,0.96092,0.00000,0.00023,0.03886
5.04000,1.02194,0.98513,0.00000,0.00011,0.01476
5.18000,1.02194,0.99589,0.00000,0.00004,0.00407
5.32000,1.02194,0.99664,0.00000,0.00004,0.00332
5.46000,1.02194,0.97850,0.00000,0.00046,0.02104
5.60000,1.02194,0.95729,0.00000,0.00036,0.04234
5.74000,1.02194,0.98152,0.00000,0.00008,0.01840
5.88000,1.02194,0.99827,0.00000,0.00005,0.00168
6.02000,1.02194,0.99992,0.00000,0.00001,0.00007
6.16000,1.02194,0.99995,0.00000,0.00001,0.00005
6.30000,1.02194,1.00000,0.00000,0.00000,0.00000
6.44000,1.02194,1.00000,0.00000,0.00000,0.00000
6.58000,1.02194,0.99999,0.00000,0.00000,0.00001
6.72000,1.02194,0.99998,0.00000,0.00000,0.00002
6.86000,1.02194,0.99987,0.00000,0.00001,0.00012
7.00000,1.02194,0.99983,0.00000,0.00001,0.00016
7.14000,1.02194,0.99989,0.00000,0.00001,0.00010
7.28000,1.02194,0.99994,0.00000,0.00001,0.00005
7.42000,1.02194,0.99998,0.00000,0.00000,0.00002
7.56000,1.02194,0.99998,0.00000,0.00000,0.00002
7.70000,1.02194,0.99995,0.00000,0.00001,0.00004
7.84000,1.02194,0.99973,0.00000,0.00001,0.00026
7.98000,1.02194,0.99918,0.00000,0.00002,0.00080
8.12000,1.02194,0.99593,0.00000,0.00005,0.00403
8.26000,1.02194,0.99849,0.00000,0.00002,0.00149
8.40000,1.02194,0.99974,0.00000,0.00001,0.00026
8.54000,1.02194,0.99998,0.00000,0.00000,0.00002
8.68000,1.02194,1.00000,0.00000,0.00000,0.00000
8.82000,1.02194,1.00000,0.00000,0.00000,0.00000
8.96000,1.02194,1.00000,0.00000,0.00000,0.00000
9.10000,1.02194,1.00000,0.00000,0.00000,0.00000
9.24000,1.02194,1.00000,0.00000,0.00000,0.00000
9.38000,1.02194,0.99999,0.00000,0.00000,0.00001
9.52000,1.02194,0.99998,0.00000,0.00000,0.00001
9.66000,1.02194,0.99998,0.00000,0.00000,0.00001
9.80000,1.02194,0.99999,0.00000,0.00000,0.00001
9.94000,1.02194,1.00000,0.00000,0.00000,0.00000
10.08000,1.02194,1.00000,0.00000,0.00000,0.00000
10.22000,1.02194,1.00000,0.00000,0.00000,0.00000
10.36000,1.02194,1.00000,0.00000,0.00000,0.00000
10.50000,1.02194,1.00000,0.00000,0.00000,0.00000
10.64000,1.02194,1.00000,0.00000,0.00000,0.00000
10.78000,1.02194,1.00000,0.00000,0.00000,0.00000
10.92000,1.02194,1.00000,0.00000,0.00000,0.00000
11.06000,1.02194,1.00000,0.00000,0.00000,0.00000
11.20000,1.02194,1.00000,0.00000,0.00000,0.00000
11.34000,1.02194,1.00000,0.00000,0.00000,0.00000
11.48000,1.02194,1.00000,0.00000,0.00000,0.00000
11.62000,1.02194,1.00000,0.00000,0.00000,0.00000
11.76000,1.02194,1.00000,0.00000,0.00000,0.00000
11.90000,1.02194,1.00000,0.00000,0.00000,0.00000
12.04000,1.02194,1.00000,0.00000,0.00000,0.00000
12.18000,1.02194,1.00000,0.00000,0.00000,0.00000
12.32000,1.02194,1.00000,0.00000,0.00000,0.00000
12.46000,1.02194,1.00000,0.00000,0.00000,0.00000
12.60000,1.02194,1.00000,0.00000,0.00000,0.00000
12.74000,1.02194,1.00000,0.00000,0.00000,0.00000
12.88000,1.02194,1.00000,0.00000,0.00000,0.00000
13.02000,1.02194,1.00000,0.00000,0.00000,0.00000
13.16000,1.02194,1.00000,0.00000,0.00000,0.00000
13.30000,1.02194,0.99998,0.00000,0.00000,0.00002
13.44000,1.02194,0.99994,0.00000,0.00000,0.00005
13.58000,1.02194,0.99988,0.00000,0.00001,0.00011
13.72000,1.02194,0.99989,0.00000,0.00001,0.00010
13.86000,1.02194,0.99997,0.00000,0.00000,0.00003
14.00000,1.02194,0.99998,0.00000,0.00000,0.00001
14.14000,1.02194,0.99992,0.00000,0.00001,0.00007
14.28000,1.02194,0.99773,0.00000,0.00007,0.00220
14.42000,1.02194,0.96823,0.00000,0.00037,0.03139
14.56000,1.02194,0.73253,0.00000,0.00017,0.26730
14.70000,1.02194,0.63132,0.00000,0.00021,0.36848
14.84000,1.02194,0.75216,0.00001,0.00038,0.24745
14.98000,1.02194,0.58685,0.00013,0.00039,0.41262
15.12000,1.02194,0.90811,0.00002,0.00100,0.09088
15.26000,1.02194,0.99067,0.00001,0.00024,0.00908
15.40000,1.02194,0.99408,0.00000,0.00019,0.00572
15.54000,1.02194,0.99612,0.00000,0.00012,0.00376
15.68000,1.02194,0.95548,0.00000,0.00016,0.04435
15.82000,1.02194,0.87247,0.00000,0.00085,0.12668
15.96000,1.02194,0.60120,0.00000,0.00029,0.39851
16.10000,1.02194,0.47081,0.00001,0.00049,0.52869
16.24000,1.02194,0.86370,0.00000,0.00018,0.13611
16.38000,1.02194,0.92929,0.00000,0.00007,0.07064
16.52000,1.02194,0.99564,0.00000,0.00009,0.00428
16.66000,1.02194,0.99959,0.00000,0.00001,0.00040
16.80000,1.02194,0.99986,0.00000,0.00001,0.00013
16.94000,1.02194,0.99974,0.00000,0.00001,0.00025
17.08000,1.02194,0.99989,0.00000,0.00001,0.00011
17.22000,1.02194,0.99962,0.00000,0.00001,0.00037
17.36000,1.02194,0.99679,0.00000,0.00012,0.00309
17.50000,1.02194,0.99433,0.00000,0.00016,0.00551
17.64000,1.02194,0.99883,0.00000,0.00008,0.00109
17.78000,1.02194,0.99987,0.00000,0.00002,0.00011
17.92000,1.02194,0.99999,0.00000,0.00000,0.00000
18.06000,1.02194,1.00000,0.00000,0.00000,0.00000
18.20000,1.02194,1.00000,0.00000,0.00000,0.00000
18.34000,1.02194,1.00000,0.00000,0.00000,0.00000
18.48000,1.02194,1.00000,0.00000,0.00000,0.00000
18.62000,1.02194,1.00000,0.00000,0.00000,0.00000
18.76000,1.02194,0.99988,0.00000,0.00001,0.00011
18.90000,1.02194,0.99655,0.00000,0.00004,0.00342
19.04000,1.02194,0.92698,0.00005,0.00038,0.07259
19.18000,1.02194,0.57887,0.00069,0.00117,0.41927
19.32000,1.02194,0.34743,0.00428,0.00150,0.64678
19.46000,1.02194,0.13319,0.03007,0.00097,0.83577
19.60000,1.02194,0.20006,0.00502,0.00126,0.79366
19.74000,1.02194,0.20736,0.00157,0.00083,0.79024
19.88000,1.02194,0.23016,0.00089,0.00092,0.76802
20.02000,1.02194,0.34897,0.00034,0.00089,0.64979
20.16000,1.02194,0.58943,0.00005,0.00079,0.40973
20.30000,1.02194,0.64190,0.00004,0.00077,0.35729
20.44000,1.02194,0.53142,0.00004,0.00078,0.46776
20.58000,1.02194,0.58151,0.00003,0.00074,0.41773
20.72000,1.02194,0.54470,0.00005,0.00071,0.45454
20.86000,1.02194,0.58877,0.00002,0.00071,0.41049
21.00000,1.02194,0.58298,0.00003,0.00059,0.41641
21.14000,1.02194,0.65619,0.00001,0.00052,0.34327
21.28000,1.02194,0.68523,0.00001,0.00050,0.31426
21.42000,1.02194,0.60879,0.00002,0.00056,0.39063
21.56000,1.02194,0.43756,0.00003,0.00070,0.56171
21.70000,1.02194,0.35310,0.00003,0.00053,0.64634
21.84000,1.02194,0.24317,0.00006,0.00044,0.75634
21.98000,1.02194,0.19959,0.00015,0.00067,0.79958
22.12000,1.02194,0.14233,0.00031,0.00064,0.85672
22.26000,1.02194,0.09886,0.00055,0.00045,0.90014
22.40000,1.02194,0.11509,0.00026,0.00039,0.88426
22.54000,1.02194,0.15338,0.00018,0.00044,0.84600
22.68000,1.02194,0.26952,0.00017,0.00053,0.72978
22.82000,1.02194,0.23347,0.00038,0.00062,0.76552
22.96000,1.02194,0.29166,0.00011,0.00048,0.70775
23.10000,1.02194,0.48613,0.00003,0.00050,0.51333
23.24000,1.02194,0.60929,0.00002,0.00058,0.39012
23.38000,1.02194,0.61579,0.00002,0.00056,0.38363
23.52000,1.02194,0.56999,0.00002,0.00054,0.42945
23.66000,1.02194,0.59503,0.00001,0.00054,0.40441
23.80000,1.02194,0.56093,0.00002,0.00062,0.43843
23.94000,1.02194,0.49640,0.00002,0.00063,0.50295
24.08000,1.02194,0.51458,0.00002,0.00057,0.48484
24.22000,1.02194,0.48953,0.00003,0.00064,0.50981
24.36000,1.02194,0.40183,0.00005,0.00069,0.59742
24.50000,1.02194,0.48330,0.00002,0.00051,0.51617
24.64000,1.02194,0.58054,0.00002,0.00050,0.41893
24.78000,1.02194,0.70568,0.00001,0.00045,0.29385
24.92000,1.02194,0.72897,0.00001,0.00037,0.27066
25.06000,1.02194,0.78478,0.00000,0.00036,0.21486
25.20000,1.02194,0.79731,0.00000,0.00039,0.20230
25.34000,1.02194,0.81678,0.00000,0.00038,0.18284
25.48000,1.02194,0.79953,0.00001,0.00044,0.20002
25.62000,1.02194,0.75744,0.00001,0.00048,0.24207
25.76000,1.02194,0.75966,0.00001,0.00043,0.23991
25.90000,1.02194,0.79970,0.00000,0.00040,0.19990
26.04000,1.02194,0.82327,0.00001,0.00037,0.17636
26.18000,1.02194,0.80845,0.00001,0.00037,0.19118
26.32000,1.02194,0.83366,0.00000,0.00032,0.16602
26.46000,1.02194,0.84986,0.00000,0.00030,0.14983
26.60000,1.02194,0.87292,0.00000,0.00028,0.12680
26.74000,1.02194,0.89508,0.00000,0.00024,0.10467
26.88000,1.02194,0.88888,0.00000,0.00026,0.11085
27.02000,1.02194,0.87304,0.00000,0.00027,0.12668
27.16000,1.02194,0.84748,0.00000,0.00032,0.15220
27.30000,1.02194,0.79752,0.00001,0.00040,0.20208
27.44000,1.02194,0.73472,0.00001,0.00050,0.26478
27.58000,1.02194,0.71009,0.00001,0.00057,0.28932
27.72000,1.02194,0.65513,0.00002,0.00063,0.34423
27.86000,1.02194,0.62892,0.00002,0.00065,0.37041
28.00000,1.02194,0.54962,0.00003,0.00068,0.44967
28.14000,1.02194,0.59220,0.00002,0.00066,0.40711
28.28000,1.02194,0.59277,0.00003,0.00072,0.40647
28.42000,1.02194,0.51464,0.00003,0.00073,0.48459
28.56000,1.02194,0.39025,0.00006,0.00070,0.60899
28.70000,1.02194,0.46460,0.00003,0.00059,0.53478
28.84000,1.02194,0.45901,0.00006,0.00079,0.54014
28.98000,1.02194,0.44210,0.00006,0.00079,0.55705
29.12000,1.02194,0.41053,0.00006,0.00067,0.58874
29.26000,1.02194,0.48694,0.00004,0.00072,0.51230
29.40000,1.02194,0.50988,0.00004,0.00072,0.48936
29.54000,1.02194,0.51453,0.00004,0.00074,0.48469
29.68000,1.02194,0.51885,0.00004,0.00074,0.48037
29.82000,1.02194,0.52712,0.00004,0.00077,0.47207
29.96000,1.02194,0.53047,0.00004,0.00079,0.46870
30.10000,1.02194,0.46562,0.00004,0.00077,0.53357
30.24000,1.02194,0.45721,0.00007,0.00077,0.54195
30.38000,1.02194,0.43120,0.00007,0.00084,0.56790
30.52000,1.02194,0.38981,0.00011,0.00090,0.60918
30.66000,1.02194,0.32080,0.00010,0.00076,0.67834
30.80000,1.02194,0.33384,0.00011,0.00077,0.66528
30.94000,1.02194,0.35151,0.00011,0.00080,0.64758
31.08000,1.02194,0.29557,0.00015,0.00074,0.70355
31.22000,1.02194,0.30315,0.00012,0.00068,0.69606
31.36000,1.02194,0.36806,0.00008,0.00067,0.63119
31.50000,1.02194,0.42202,0.00006,0.00078,0.57714
31.64000,1.02194,0.43113,0.00005,0.00069,0.56814
31.78000,1.02194,0.53141,0.00003,0.00057,0.46799
31.92000,1.02194,0.64574,0.00002,0.00059,0.35366
32.06000,1.02193,0.70931,0.00001,0.00052,0.29016
32.20000,1.02194,0.76449,0.00001,0.00047,0.23503
32.34000,1.02194,0.82037,0.00001,0.00047,0.17915
32.48000,1.02194,0.79708,0.00001,0.00056,0.20236
32.62000,1.02194,0.75150,0.00001,0.00062,0.24787
32.76000,1.02194,0.66521,0.00002,0.00073,0.33403
32.90000,1.02193,0.45515,0.00004,0.00085,0.54396
33.04000,1.02194,0.36282,0.00006,0.00085,0.63627
33.18000,1.02194,0.32618,0.00004,0.00039,0.67339
33.32000,1.02194,0.40535,0.00004,0.00052,0.59409
33.46000,1.02194,0.42587,0.00006,0.00061,0.57346
33.60000,1.02194,0.34395,0.00015,0.00061,0.65529
33.74000,1.02193,0.49496,0.00004,0.00071,0.50430
33.88000,1.02194,0.53920,0.00003,0.00070,0.46007
34.02000,1.02194,0.54540,0.00004,0.00074,0.45382
34.16000,1.02194,0.55610,0.00003,0.00070,0.44317
34.30000,1.02194,0.51664,0.00003,0.00068,0.48265
34.44000,1.02194,0.55210,0.00003,0.00068,0.44719
34.58000,1.02193,0.58371,0.00003,0.00070,0.41556
34.72000,1.02193,0.57867,0.00004,0.00079,0.42050
34.86000,1.02194,0.47332,0.00005,0.00079,0.52584
35.00000,1.02194,0.40886,0.00006,0.00080,0.59029
35.14000,1.02194,0.40383,0.00006,0.00072,0.59539
35.28000,1.02194,0.46948,0.00007,0.00081,0.52963
35.42000,1.02194,0.47667,0.00011,0.00097,0.52226
35.56000,1.02193,0.41402,0.00010,0.00083,0.58505
35.70000,1.02194,0.47545,0.00006,0.00075,0.52374
35.84000,1.02194,0.53838,0.00005,0.00095,0.46062
35.98000,1.02194,0.50310,0.00006,0.00092,0.49592
36.12000,1.02194,0.48191,0.00007,0.00081,0.51722
36.26000,1.02194,0.48912,0.00006,0.00081,0.51001
36.40000,1.02193,0.46920,0.00006,0.00082,0.52992
36.54000,1.02194,0.45035,0.00006,0.00077,0.54883
36.68000,1.02194,0.49039,0.00005,0.00078,0.50878
36.82000,1.02194,0.54291,0.00004,0.00073,0.45632
36.96000,1.02194,0.56640,0.00003,0.00069,0.43288
37.10000,1.02194,0.61504,0.00003,0.00069,0.38425
37.24000,1.02193,0.66851,0.00002,0.00065,0.33082
37.38000,1.02194,0.67720,0.00002,0.00068,0.32210
37.52000,1.02194,0.63324,0.00002,0.00075,0.36599
37.66000,1.02194,0.62981,0.00002,0.00073,0.36944
37.80000,1.02194,0.63017,0.00002,0.00068,0.36913
37.94000,1.02194,0.66274,0.00002,0.00070,0.33654
38.08000,1.02193,0.69530,0.00002,0.00062,0.30407
38.22000,1.02193,0.71590,0.00001,0.00056,0.28353
38.36000,1.02194,0.75444,0.00001,0.00050,0.24505
38.50000,1.02194,0.70457,0.00001,0.00056,0.29485
38.64000,1.02194,0.67346,0.00001,0.00057,0.32595
38.78000,1.02194,0.60952,0.00002,0.00067,0.38979
38.92000,1.02194,0.58450,0.00003,0.00073,0.41474
39.06000,1.02193,0.53260,0.00004,0.00079,0.46657
39.20000,1.02194,0.48109,0.00004,0.00077,0.51810
39.34000,1.02194,0.45282,0.00005,0.00078,0.54635
39.48000,1.02194,0.42850,0.00006,0.00083,0.57061
39.62000,1.02194,0.39754,0.00007,0.00079,0.60159
39.76000,1.02194,0.41163,0.00008,0.00079,0.58751
39.90000,1.02193,0.45131,0.00006,0.00079,0.54784
40.04000,1.02194,0.46085,0.00006,0.00075,0.53834
40.18000,1.02194,0.46727,0.00005,0.00072,0.53197
40.32000,1.02194,0.49660,0.00005,0.00078,0.50257
40.46000,1.02194,0.42201,0.00006,0.00078,0.57716
40.60000,1.02194,0.33536,0.00006,0.00071,0.66387
40.74000,1.02193,0.27776,0.00007,0.00056,0.72162
40.88000,1.02194,0.20886,0.00011,0.00051,0.79052
41.02000,1.02194,0.17809,0.00012,0.00045,0.82134
41.16000,1.02194,0.11506,0.00026,0.00033,0.88435
41.30000,1.02194,0.11217,0.00028,0.00044,0.88711
41.44000,1.02194,0.09470,0.00085,0.00058,0.90388
41.58000,1.02193,0.06760,0.00111,0.00046,0.93084
41.72000,1.02193,0.07203,0.00053,0.00035,0.92709
41.86000,1.02194,0.07101,0.00091,0.00040,0.92768
42.00000,1.02194,0.10385,0.00054,0.00053,0.89509
42.14000,1.02194,0.07775,0.00104,0.00048,0.92073
42.28000,1.02194,0.06755,0.00106,0.00052,0.93087
42.42000,1.02194,0.08170,0.00054,0.00041,0.91735
42.56000,1.02193,0.10411,0.00048,0.00055,0.89486
42.70000,1.02194,0.08427,0.00072,0.00045,0.91456
42.84000,1.02194,0.08380,0.00109,0.00055,0.91456
42.98000,1.02194,0.09187,0.00123,0.00068,0.90622
43.12000,1.02194,0.07585,0.00105,0.00055,0.92256
43.26000,1.02194,0.06288,0.00101,0.00043,0.93568
43.40000,1.02193,0.08788,0.00060,0.00045,0.91107
43.54000,1.02194,0.08788,0.00124,0.00060,0.91029
43.68000,1.02194,0.08255,0.00112,0.00062,0.91571
43.82000,1.02194,0.07542,0.00073,0.00045,0.92341
43.96000,1.02194,0.08152,0.00072,0.00048,0.91729
44.10000,1.02194,0.10766,0.00062,0.00057,0.89115
44.24000,1.02193,0.08029,0.00115,0.00058,0.91797
44.38000,1.02194,0.06405,0.00104,0.00040,0.93450
44.52000,1.02194,0.07043,0.00052,0.00034,0.92870
44.66000,1.02194,0.07378,0.00047,0.00035,0.92540
44.80000,1.02194,0.07772,0.00035,0.00033,0.92160
44.94000,1.02194,0.05685,0.00100,0.00040,0.94174
45.08000,1.02193,0.07728,0.00084,0.00049,0.92139
45.22000,1.02193,0.05372,0.00152,0.00045,0.94431
45.36000,1.02194,0.06684,0.00064,0.00043,0.93208
45.50000,1.02194,0.08003,0.00049,0.00035,0.91913
45.64000,1.02194,0.08770,0.00045,0.00035,0.91149
45.78000,1.02194,0.08809,0.00043,0.00044,0.91104
45.92000,1.02194,0.06842,0.00048,0.00030,0.93079
46.06000,1.02193,0.06577,0.00057,0.00036,0.93330
46.20000,1.02194,0.09199,0.00065,0.00059,0.90677
46.34000,1.02194,0.07271,0.00093,0.00042,0.92594
46.48000,1.02194,0.05805,0.00119,0.00047,0.94029
46.62000,1.02194,0.07274,0.00047,0.00027,0.92652
46.76000,1.02194,0.07764,0.00107,0.00049,0.92080
46.90000,1.02193,0.07688,0.00075,0.00043,0.92194
47.04000,1.02194,0.04886,0.00145,0.00034,0.94936
47.18000,1.02194,0.06436,0.00078,0.00038,0.93448
47.32000,1.02194,0.08821,0.00080,0.00059,0.91041
47.46000,1.02194,0.06828,0.00118,0.00043,0.93011
47.60000,1.02194,0.06506,0.00130,0.00057,0.93308
47.74000,1.02193,0.08896,0.00070,0.00048,0.90987
47.88000,1.02194,0.08266,0.00059,0.00052,0.91623
48.02000,1.02194,0.09556,0.00060,0.00054,0.90330
48.16000,1.02194,0.08081,0.00085,0.00053,0.91781
48.30000,1.02194,0.09359,0.00032,0.00044,0.90565
48.44000,1.02194,0.08147,0.00050,0.00041,0.91762
48.58000,1.02193,0.08453,0.00039,0.00037,0.91472
48.72000,1.02193,0.09251,0.00054,0.00049,0.90646
48.86000,1.02194,0.08527,0.00046,0.00052,0.91374
49.00000,1.02194,0.07442,0.00096,0.00053,0.92409
49.14000,1.02194,0.08434,0.00059,0.00042,0.91466
49.28000,1.02194,0.10759,0.00045,0.00067,0.89129
49.42000,1.02194,0.10990,0.00035,0.00051,0.88924
49.56000,1.02193,0.08580,0.00042,0.00037,0.91342
49.70000,1.02194,0.11590,0.00031,0.00056,0.88323
49.84000,1.02194,0.09063,0.00064,0.00051,0.90822
49.98000,1.02194,0.07482,0.00117,0.00053,0.92348
50.12000,1.02194,0.10143,0.00033,0.00048,0.89776
50.26000,1.02194,0.11478,0.00049,0.00061,0.88412
50.40000,1.02193,0.08189,0.00057,0.00042,0.91712
50.54000,1.02194,0.07971,0.00059,0.00038,0.91933
50.68000,1.02194,0.10242,0.00065,0.00058,0.89634
50.82000,1.02194,0.08122,0.00073,0.00032,0.91773
50.96000,1.02194,0.07892,0.00060,0.00036,0.92012
51.10000,1.02194,0.09585,0.00054,0.00047,0.90314
51.24000,1.02193,0.08458,0.00125,0.00042,0.91375
51.38000,1.02194,0.04987,0.00240,0.00042,0.94731
51.52000,1.02194,0.06043,0.00264,0.00048,0.93645
51.66000,1.02194,0.09359,0.00137,0.00060,0.90445
51.80000,1.02194,0.12098,0.00072,0.00068,0.87763
51.94000,1.02194,0.11500,0.00067,0.00050,0.88384
52.08000,1.02193,0.13047,0.00054,0.00063,0.86835
52.22000,1.02193,0.13750,0.00062,0.00071,0.86117
52.36000,1.02194,0.12881,0.00050,0.00055,0.87014
52.50000,1.02194,0.15204,0.00031,0.00053,0.84712
52.64000,1.02194,0.14706,0.00045,0.00052,0.85197
52.78000,1.02194,0.17405,0.00014,0.00047,0.82534
52.92000,1.02194,0.16510,0.00014,0.00042,0.83434
53.06000,1.02193,0.17209,0.00011,0.00041,0.82738
53.20000,1.02194,0.18316,0.00010,0.00040,0.81635
53.34000,1.02194,0.17194,0.00009,0.00040,0.82756
53.48000,1.02194,0.17384,0.00012,0.00043,0.82561
53.62000,1.02194,0.15535,0.00013,0.00039,0.84412
53.76000,1.02194,0.20267,0.00008,0.00040,0.79684
53.90000,1.02193,0.28831,0.00012,0.00056,0.71101
54.04000,1.02194,0.24803,0.00016,0.00065,0.75116
54.18000,1.02194,0.20178,0.00014,0.00051,0.79757
54.32000,1.02194,0.23014,0.00008,0.00057,0.76921
54.46000,1.02194,0.23168,0.00008,0.00045,0.76779
54.60000,1.02194,0.17569,0.00033,0.00060,0.82337
54.74000,1.02193,0.16879,0.00035,0.00064,0.83022
54.88000,1.02194,0.12340,0.00124,0.00068,0.87468
55.02000,1.02194,0.12272,0.00093,0.00057,0.87578
55.16000,1.02194,0.16011,0.00034,0.00057,0.83897
55.30000,1.02194,0.19585,0.00025,0.00056,0.80334
55.44000,1.02194,0.22298,0.00017,0.00064,0.77620
55.58000,1.02193,0.22790,0.00015,0.00061,0.77134
55.72000,1.02193,0.20488,0.00020,0.00060,0.79431
55.86000,1.02194,0.17745,0.00014,0.00050,0.82191
56.00000,1.02194,0.16544,0.00013,0.00039,0.83404
56.14000,1.02194,0.15802,0.00013,0.00038,0.84146
56.28000,1.02194,0.16003,0.00016,0.00056,0.83925
56.42000,1.02194,0.12874,0.00029,0.00047,0.87050
56.56000,1.02193,0.12060,0.00057,0.00055,0.87827
56.70000,1.02194,0.14639,0.00030,0.00053,0.85277
56.84000,1.02194,0.16275,0.00021,0.00048,0.83656
56.98000,1.02194,0.20934,0.00015,0.00056,0.78995
57.12000,1.02194,0.22853,0.00021,0.00062,0.77065
57.26000,1.02194,0.29541,0.00008,0.00056,0.70395
57.40000,1.02193,0.35024,0.00006,0.00057,0.64913
57.54000,1.02194,0.43339,0.00004,0.00058,0.56599
57.68000,1.02194,0.46101,0.00003,0.00058,0.53839
57.82000,1.02194,0.35144,0.00005,0.00060,0.64792
57.96000,1.02194,0.30623,0.00005,0.00053,0.69319
58.10000,1.02194,0.27396,0.00005,0.00049,0.72549
58.24000,1.02193,0.24513,0.00012,0.00056,0.75419
58.38000,1.02194,0.16584,0.00026,0.00062,0.83328
58.52000,1.02194,0.14425,0.00027,0.00057,0.85491
58.66000,1.02194,0.12237,0.00037,0.00047,0.87680
58.80000,1.02194,0.13743,0.00046,0.00066,0.86145
58.94000,1.02194,0.11363,0.00088,0.00062,0.88487
59.08000,1.02193,0.09562,0.00092,0.00050,0.90295
59.22000,1.02193,0.10876,0.00039,0.00039,0.89046
59.36000,1.02194,0.09415,0.00133,0.00055,0.90397
59.50000,1.02194,0.08793,0.00116,0.00057,0.91034
59.64000,1.02194,0.06942,0.00220,0.00051,0.92787
59.78000,1.02194,0.10364,0.00061,0.00047,0.89528
59.92000,1.02194,0.12400,0.00046,0.00064,0.87490
60.06000,1.02193,0.10985,0.00062,0.00056,0.88897
60.20000,1.02194,0.10673,0.00081,0.00055,0.89191
60.34000,1.02194,0.12324,0.00040,0.00055,0.87582
60.48000,1.02194,0.12107,0.00034,0.00045,0.87814
60.62000,1.02194,0.13199,0.00037,0.00052,0.86713
60.76000,1.02194,0.14829,0.00059,0.00071,0.85041
60.90000,1.02193,0.10951,0.00057,0.00051,0.88941
61.04000,1.02194,0.12013,0.00025,0.00037,0.87925
61.18000,1.02194,0.12853,0.00023,0.00036,0.87088
61.32000,1.02194,0.15963,0.00024,0.00066,0.83947
61.46000,1.02194,0.12024,0.00045,0.00056,0.87876
61.60000,1.02194,0.07815,0.00122,0.00046,0.92017
61.74000,1.02193,0.11707,0.00036,0.00038,0.88219
61.88000,1.02194,0.14341,0.00042,0.00050,0.85568
62.02000,1.02194,0.15665,0.00053,0.00055,0.84226
62.16000,1.02194,0.11868,0.00120,0.00055,0.87957
62.30000,1.02194,0.18206,0.00033,0.00062,0.81699
62.44000,1.02194,0.27190,0.00011,0.00065,0.72734
62.58000,1.02193,0.20735,0.00032,0.00063,0.79170
62.72000,1.02193,0.22862,0.00012,0.00059,0.77067
62.86000,1.02194,0.26891,0.00010,0.00049,0.73051
63.00000,1.02193,0.26418,0.00025,0.00082,0.73475
63.14000,1.02193,0.25826,0.00022,0.00068,0.74085
63.28000,1.02194,0.29965,0.00027,0.00067,0.69941
63.42000,1.02194,0.61770,0.00006,0.00073,0.38151
63.56000,1.02194,0.54943,0.00012,0.00123,0.44921
63.70000,1.02194,0.37050,0.00010,0.00142,0.62799
63.84000,1.02194,0.36638,0.00007,0.00071,0.63284
63.98000,1.02194,0.28655,0.00026,0.00113,0.71206
64.12000,1.02193,0.34223,0.00015,0.00114,0.65647
64.26000,1.02193,0.22792,0.00148,0.00072,0.76988
64.40000,1.02193,0.11100,0.00190,0.00044,0.88666
64.54000,1.02193,0.10787,0.00029,0.00028,0.89156
64.68000,1.02193,0.03480,0.00163,0.00016,0.96341
64.82000,1.02193,0.03826,0.00153,0.00025,0.95996
64.96000,1.02194,0.03467,0.00124,0.00020,0.96389
65.10000,1.02194,0.03697,0.00118,0.00019,0.96166
65.24000,1.02194,0.03451,0.00050,0.00035,0.96464
65.38000,1.02194,0.10859,0.00032,0.00033,0.89075
65.52000,1.02194,0.06325,0.00455,0.00057,0.93162
65.66000,1.02193,0.09088,0.00212,0.00057,0.90643
65.80000,1.02193,0.05088,0.00200,0.00029,0.94684
65.94000,1.02193,0.03811,0.00128,0.00011,0.96050
66.08000,1.02193,0.09791,0.00029,0.00019,0.90161
66.22000,1.02193,0.06187,0.00176,0.00022,0.93616
66.36000,1.02193,0.03593,0.00276,0.00020,0.96111
66.50000,1.02193,0.04095,0.00208,0.00036,0.95661
66.64000,1.02193,0.03383,0.00205,0.00024,0.96388
66.78000,1.02194,0.03755,0.00125,0.00017,0.96103
66.92000,1.02194,0.03529,0.00189,0.00020,0.96262
67.06000,1.02194,0.05866,0.00431,0.00034,0.93668
67.20000,1.02194,0.03753,0.00301,0.00021,0.95926
67.34000,1.02194,0.02594,0.00091,0.00018,0.97298
67.48000,1.02193,0.03331,0.00131,0.00023,0.96515
67.62000,1.02193,0.05383,0.00144,0.00024,0.94449
67.76000,1.02193,0.06227,0.00698,0.00040,0.93035
67.90000,1.02193,0.04788,0.00181,0.00039,0.94993
68.04000,1.02193,0.03606,0.00234,0.00015,0.96145
68.18000,1.02193,0.05261,0.00317,0.00035,0.94386
68.32000,1.02193,0.11622,0.00198,0.00054,0.88127
68.46000,1.02194,0.05776,0.00953,0.00029,0.93241
68.60000,1.02194,0.04430,0.00583,0.00036,0.94952
68.74000,1.02194,0.05507,0.01261,0.00062,0.93170
68.88000,1.02194,0.05078,0.00564,0.00040,0.94318
69.02000,1.02194,0.03649,0.00346,0.00014,0.95991
69.16000,1.02193,0.04339,0.00261,0.00034,0.95366
69.30000,1.02193,0.03630,0.00287,0.00031,0.96051
69.44000,1.02193,0.04211,0.00336,0.00045,0.95409
69.58000,1.02193,0.03486,0.00185,0.00019,0.96311
69.72000,1.02193,0.03097,0.00210,0.00013,0.96681
69.86000,1.02193,0.02683,0.00073,0.00012,0.97233
70.00000,1.02193,0.03388,0.00151,0.00024,0.96437
70.14000,1.02193,0.02785,0.00052,0.00014,0.97150
70.28000,1.02194,0.03318,0.00060,0.00021,0.96602
70.42000,1.02194,0.04501,0.00017,0.00125,0.95357
70.56000,1.02194,0.04262,0.00075,0.00021,0.95642
70.70000,1.02194,0.04168,0.00054,0.00024,0.95754
70.84000,1.02194,0.06298,0.00138,0.00034,0.93530
70.98000,1.02193,0.04122,0.00142,0.00021,0.95715
71.12000,1.02193,0.04029,0.00089,0.00018,0.95863
71.26000,1.02193,0.06550,0.00060,0.00028,0.93361
71.40000,1.02193,0.08592,0.00047,0.00034,0.91327
71.54000,1.02193,0.04071,0.00048,0.00015,0.95866
71.68000,1.02193,0.02655,0.00044,0.00012,0.97289
71.82000,1.02193,0.04087,0.00066,0.00026,0.95820
71.96000,1.02194,0.09118,0.00026,0.00036,0.90820
72.10000,1.02194,0.04454,0.00131,0.00022,0.95392
72.24000,1.02194,0.07338,0.00154,0.00079,0.92429
72.38000,1.02194,0.14522,0.00129,0.00084,0.85264
72.52000,1.02194,0.09198,0.00527,0.00073,0.90203
72.66000,1.02193,0.10379,0.00422,0.00099,0.89099
72.80000,1.02193,0.13617,0.00072,0.00058,0.86254
72.94000,1.02193,0.14232,0.00044,0.00060,0.85663
73.08000,1.02193,0.13841,0.00021,0.00033,0.86105
73.22000,1.02193,0.13666,0.00032,0.00043,0.86259
73.36000,1.02193,0.14361,0.00027,0.00043,0.85569
73.50000,1.02193,0.22223,0.00135,0.00082,0.77560
73.64000,1.02193,0.09785,0.00336,0.00123,0.89756
73.78000,1.02194,0.08168,0.00342,0.00055,0.91435
73.92000,1.02194,0.09650,0.00392,0.00075,0.89883
74.06000,1.02194,0.12545,0.00888,0.00102,0.86466
74.20000,1.02194,0.09455,0.00757,0.00072,0.89717
74.34000,1.02194,0.06213,0.00370,0.00050,0.93368
74.48000,1.02193,0.07777,0.00193,0.00036,0.91994
74.62000,1.02193,0.04274,0.00267,0.00029,0.95430
74.76000,1.02193,0.05551,0.00198,0.00036,0.94215
74.90000,1.02193,0.08262,0.00528,0.00066,0.91144
75.04000,1.02193,0.05838,0.00394,0.00059,0.93709
75.18000,1.02193,0.07732,0.00141,0.00040,0.92087
75.32000,1.02193,0.04884,0.00188,0.00030,0.94898
75.46000,1.02194,0.05213,0.00093,0.00028,0.94665
75.60000,1.02194,0.09697,0.00054,0.00028,0.90221
75.74000,1.02194,0.03498,0.00170,0.00023,0.96309
75.88000,1.02194,0.06724,0.00076,0.00032,0.93168
76.02000,1.02194,0.06271,0.00078,0.00020,0.93631
76.16000,1.02193,0.03439,0.00189,0.00038,0.96334
76.30000,1.02193,0.03783,0.00223,0.00021,0.95973
76.44000,1.02193,0.02730,0.00122,0.00012,0.97136
76.58000,1.02193,0.03534,0.00187,0.00023,0.96256
76.72000,1.02193,0.04301,0.00182,0.00020,0.95497
76.86000,1.02193,0.02870,0.00108,0.00016,0.97006
77.00000,1.02193,0.03849,0.00301,0.00033,0.95816
77.14000,1.02193,0.04430,0.00460,0.00048,0.95062
77.28000,1.02194,0.06825,0.01030,0.00073,0.92071
77.42000,1.02194,0.09014,0.01014,0.00080,0.89892
77.56000,1.02194,0.06678,0.01269,0.00106,0.91947
77.70000,1.02194,0.08825,0.04147,0.00089,0.86939
77.84000,1.02194,0.06461,0.00887,0.00039,0.92613
77.98000,1.02193,0.05956,0.00707,0.00040,0.93297
78.12000,1.02193,0.04769,0.00226,0.00014,0.94991
78.26000,1.02193,0.07527,0.00064,0.00033,0.92376
78.40000,1.02193,0.05201,0.00079,0.00016,0.94705
78.54000,1.02193,0.04072,0.00103,0.00044,0.95782
78.68000,1.02193,0.04548,0.00105,0.00042,0.95305
78.82000,1.02193,0.05117,0.00413,0.00037,0.94433
78.96000,1.02194,0.05331,0.00313,0.00060,0.94296
79.10000,1.02194,0.04805,0.00257,0.00041,0.94897
79.24000,1.02194,0.04602,0.00099,0.00044,0.95255
79.38000,1.02194,0.11417,0.00057,0.00062,0.88463
79.52000,1.02194,0.09853,0.00154,0.00051,0.89942
79.66000,1.02193,0.15277,0.00074,0.00069,0.84580
79.80000,1.02193,0.11492,0.00031,0.00052,0.88425
79.94000,1.02193,0.08364,0.00008,0.00013,0.91615
80.08000,1.02193,0.08360,0.00008,0.00017,0.91616
80.22000,1.02193,0.09220,0.00017,0.00022,0.90741
80.36000,1.02193,0.02558,0.00042,0.00013,0.97387
80.50000,1.02193,0.02928,0.00023,0.00025,0.97024
80.64000,1.02193,0.04509,0.00023,0.00011,0.95457
80.78000,1.02194,0.02395,0.00021,0.00012,0.97572
80.92000,1.02194,0.03093,0.00014,0.00008,0.96885
81.06000,1.02194,0.04089,0.00015,0.00011,0.95885
81.20000,1.02194,0.07978,0.00018,0.00018,0.91986
81.34000,1.02194,0.04125,0.00136,0.00024,0.95715
81.48000,1.02193,0.05848,0.00164,0.00041,0.93947
81.62000,1.02193,0.05679,0.00388,0.00027,0.93906
81.76000,1.02193,0.06577,0.00441,0.00033,0.92948
81.90000,1.02193,0.06175,0.00362,0.00047,0.93416
82.04000,1.02193,0.03336,0.00326,0.00015,0.96323
82.18000,1.02193,0.02946,0.00138,0.00030,0.96886
82.32000,1.02193,0.03844,0.00579,0.00024,0.95553
82.46000,1.02194,0.03972,0.00482,0.00033,0.95513
82.60000,1.02194,0.02702,0.00137,0.00021,0.97140
82.74000,1.02194,0.04028,0.00177,0.00024,0.95771
82.88000,1.02194,0.02689,0.00123,0.00013,0.97176
83.02000,1.02194,0.04281,0.00407,0.00030,0.95281
83.16000,1.02193,0.04052,0.00253,0.00038,0.95657
83.30000,1.02193,0.03393,0.00310,0.00017,0.96280
83.44000,1.02193,0.04089,0.00479,0.00056,0.95377
83.58000,1.02193,0.05349,0.00714,0.00026,0.93912
83.72000,1.02193,0.02901,0.00284,0.00026,0.96789
83.86000,1.02193,0.02909,0.00110,0.00032,0.96949
84.00000,1.02193,0.03094,0.00152,0.00028,0.96726
84.14000,1.02193,0.04075,0.00235,0.00044,0.95646
84.28000,1.02194,0.04950,0.00302,0.00027,0.94721
84.42000,1.02194,0.03688,0.00313,0.00018,0.95981
84.56000,1.02194,0.06433,0.00447,0.00052,0.93068
84.70000,1.02194,0.04517,0.00890,0.00029,0.94564
84.84000,1.02194,0.03057,0.00156,0.00018,0.96770
84.98000,1.02193,0.02301,0.00174,0.00010,0.97516
85.12000,1.02193,0.02683,0.00128,0.00012,0.97177
85.26000,1.02193,0.03422,0.00260,0.00019,0.96299
85.40000,1.02193,0.02435,0.00071,0.00009,0.97485
85.54000,1.02193,0.02077,0.00012,0.00012,0.97899
85.68000,1.02193,0.02442,0.00038,0.00010,0.97510
85.82000,1.02193,0.03772,0.00050,0.00019,0.96160
85.96000,1.02194,0.04170,0.00091,0.00016,0.95724
86.10000,1.02194,0.02603,0.00043,0.00018,0.97336
86.24000,1.02194,0.03883,0.00102,0.00012,0.96004
86.38000,1.02194,0.03026,0.00113,0.00011,0.96850
86.52000,1.02194,0.03191,0.00165,0.00019,0.96624
86.66000,1.02193,0.02966,0.00088,0.00015,0.96931
86.80000,1.02193,0.02532,0.00041,0.00019,0.97407
86.94000,1.02193,0.03200,0.00095,0.00011,0.96694
87.08000,1.02193,0.03235,0.00058,0.00035,0.96672
87.22000,1.02193,0.03555,0.00251,0.00027,0.96167
87.36000,1.02193,0.04889,0.00148,0.00030,0.94933
87.50000,1.02193,0.05703,0.00199,0.00045,0.94053
87.64000,1.02193,0.06749,0.00441,0.00041,0.92769
87.78000,1.02194,0.06463,0.00386,0.00055,0.93096
87.92000,1.02194,0.11316,0.00190,0.00059,0.88435
88.06000,1.02194,0.13691,0.00342,0.00049,0.85919
88.20000,1.02194,0.06729,0.00369,0.00043,0.92860
88.34000,1.02194,0.05115,0.00198,0.00025,0.94661
88.48000,1.02193,0.04082,0.00179,0.00020,0.95719
88.62000,1.02193,0.07188,0.00111,0.00046,0.92655
88.76000,1.02193,0.06317,0.00153,0.00026,0.93504
88.90000,1.02193,0.03552,0.00359,0.00030,0.96059
89.04000,1.02193,0.04045,0.00174,0.00029,0.95752
89.18000,1.02193,0.03847,0.00351,0.00017,0.95785
89.32000,1.02193,0.04588,0.00809,0.00038,0.94564
89.46000,1.02194,0.03466,0.00226,0.00023,0.96285
89.60000,1.02194,0.02551,0.00116,0.00011,0.97323
89.74000,1.02194,0.02637,0.00050,0.00025,0.97289
89.88000,1.02194,0.03886,0.00211,0.00016,0.95888
90.02000,1.02194,0.04130,0.00155,0.00030,0.95684
90.16000,1.02193,0.04314,0.00139,0.00044,0.95503
90.30000,1.02193,0.04521,0.00055,0.00008,0.95416
90.44000,1.02193,0.06116,0.00006,0.00022,0.93855
90.58000,1.02193,0.08170,0.00017,0.00009,0.91804
90.72000,1.02193,0.11178,0.00010,0.00016,0.88796
90.86000,1.02193,0.06534,0.00023,0.00009,0.93433
91.00000,1.02193,0.05825,0.00023,0.00062,0.94090
91.14000,1.02193,0.05433,0.00272,0.00090,0.94205
91.28000,1.02194,0.05105,0.01054,0.00047,0.93794
91.42000,1.02194,0.04506,0.00664,0.00033,0.94796
91.56000,1.02194,0.06187,0.01518,0.00059,0.92235
91.70000,1.02194,0.05053,0.00741,0.00033,0.94173
91.84000,1.02194,0.03584,0.00365,0.00031,0.96019
91.98000,1.02193,0.04674,0.00442,0.00040,0.94844
92.12000,1.02193,0.04622,0.00403,0.00042,0.94933
92.26000,1.02193,0.03497,0.00268,0.00021,0.96214
92.40000,1.02193,0.03158,0.00166,0.00034,0.96642
92.54000,1.02193,0.04544,0.00254,0.00032,0.95170
92.68000,1.02193,0.06453,0.00156,0.00028,0.93364
92.82000,1.02193,0.03133,0.00104,0.00018,0.96746
92.96000,1.02194,0.05990,0.00102,0.00039,0.93868
93.10000,1.02194,0.04407,0.00174,0.00049,0.95370
93.24000,1.02194,0.03873,0.00199,0.00027,0.95901
93.38000,1.02194,0.03686,0.00061,0.00030,0.96223
93.52000,1.02194,0.05488,0.00130,0.00038,0.94344
93.66000,1.02193,0.05749,0.00112,0.00029,0.94110
93.80000,1.02193,0.04817,0.00089,0.00030,0.95064
93.94000,1.02193,0.05083,0.00207,0.00033,0.94678
94.08000,1.02193,0.07954,0.00092,0.00037,0.91917
94.22000,1.02193,0.05140,0.00202,0.00039,0.94620
94.36000,1.02193,0.07104,0.00239,0.00053,0.92603
94.50000,1.02193,0.07339,0.00221,0.00072,0.92368
94.64000,1.02193,0.09084,0.00141,0.00052,0.90724
94.78000,1.02194,0.11595,0.00401,0.00081,0.87922
94.92000,1.02194,0.15330,0.00058,0.00060,0.84552
95.06000,1.02194,0.06722,0.00414,0.00032,0.92831
95.20000,1.02194,0.04417,0.00403,0.00038,0.95143
95.34000,1.02194,0.09986,0.00109,0.00035,0.89870
95.48000,1.02193,0.04463,0.00189,0.00030,0.95318
95.62000,1.02193,0.06726,0.00190,0.00052,0.93031
95.76000,1.02193,0.10218,0.00300,0.00068,0.89414
95.90000,1.02193,0.08480,0.00307,0.00047,0.91166
96.04000,1.02193,0.12628,0.00200,0.00044,0.87128
96.18000,1.02193,0.19596,0.00168,0.00082,0.80154
96.32000,1.02193,0.17540,0.01851,0.00123,0.80486
96.46000,1.02194,0.12605,0.04418,0.00130,0.82847
96.60000,1.02194,0.09959,0.01918,0.00140,0.87984
96.74000,1.02194,0.10794,0.02257,0.00086,0.86862
96.88000,1.02194,0.08965,0.02419,0.00070,0.88546
97.02000,1.02194,0.11047,0.00717,0.00064,0.88172
97.16000,1.02193,0.04959,0.01081,0.00035,0.93926
97.30000,1.02193,0.04754,0.00358,0.00038,0.94850
97.44000,1.02193,0.04027,0.00169,0.00023,0.95781
97.58000,1.02193,0.02816,0.00090,0.00015,0.97080
97.72000,1.02193,0.03660,0.00066,0.00024,0.96250
97.86000,1.02193,0.05075,0.00086,0.00020,0.94819
98.00000,1.02193,0.04187,0.00081,0.00066,0.95666
98.14000,1.02193,0.05516,0.00174,0.00041,0.94270
98.28000,1.02194,0.04054,0.00274,0.00016,0.95656
98.42000,1.02194,0.06032,0.00236,0.00041,0.93690
98.56000,1.02194,0.07032,0.00352,0.00033,0.92583
98.70000,1.02194,0.04801,0.00487,0.00047,0.94666
98.84000,1.02194,0.04954,0.00464,0.00039,0.94543
98.98000,1.02193,0.04377,0.00502,0.00031,0.95090
99.12000,1.02193,0.04410,0.00320,0.00041,0.95230
99.26000,1.02193,0.05960,0.00393,0.00026,0.93621
99.40000,1.02193,0.03532,0.00255,0.00015,0.96197
99.54000,1.02193,0.04326,0.00147,0.00024,0.95502
99.68000,1.02193,0.04041,0.00214,0.00022,0.95724
99.82000,1.02193,0.03164,0.00160,0.00020,0.96656
99.96000,1.02194,0.03493,0.00123,0.00019,0.96365
100.10000,1.02194,0.08419,0.00176,0.00053,0.91352
100.24000,1.02194,0.05393,0.00787,0.00034,0.93786
100.38000,1.02194,0.04321,0.00229,0.00035,0.95415
100.52000,1.02194,0.06904,0.00251,0.00036,0.92809
100.66000,1.02193,0.07939,0.00337,0.00035,0.91689
100.80000,1.02193,0.04232,0.00931,0.00030,0.94807
100.94000,1.02193,0.04515,0.00332,0.00023,0.95131
101.08000,1.02193,0.02829,0.00153,0.00018,0.97000
101.22000,1.02193,0.03617,0.00181,0.00024,0.96179
101.36000,1.02193,0.03719,0.00092,0.00033,0.96155
101.50000,1.02193,0.04420,0.00206,0.00025,0.95349
101.64000,1.02193,0.03956,0.00188,0.00021,0.95835
101.78000,1.02194,0.05473,0.00092,0.00024,0.94411
101.92000,1.02194,0.09470,0.00091,0.00032,0.90407
102.06000,1.02194,0.04257,0.00390,0.00034,0.95319
102.20000,1.02194,0.02806,0.00195,0.00012,0.96987
102.34000,1.02194,0.02911,0.00090,0.00012,0.96987
102.48000,1.02193,0.03496,0.00105,0.00026,0.96373
102.62000,1.02193,0.04065,0.00201,0.00028,0.95706
102.76000,1.02193,0.04180,0.00096,0.00025,0.95699
102.90000,1.02193,0.06352,0.00089,0.00031,0.93527
103.04000,1.02193,0.04225,0.00076,0.00023,0.95677
103.18000,1.02193,0.06274,0.00095,0.00028,0.93604
103.32000,1.02193,0.09142,0.00035,0.00033,0.90790
103.46000,1.02194,0.10881,0.00038,0.00041,0.89039
103.60000,1.02194,0.04873,0.00198,0.00038,0.94891
103.74000,1.02194,0.06519,0.00307,0.00055,0.93119
103.88000,1.02194,0.05576,0.00195,0.00049,0.94180
104.02000,1.02194,0.09791,0.00031,0.00029,0.90148
104.16000,1.02193,0.10183,0.00043,0.00044,0.89730
104.30000,1.02193,0.21320,0.00051,0.00083,0.78546
104.44000,1.02193,0.11187,0.00681,0.00109,0.88022
104.58000,1.02193,0.08402,0.00494,0.00073,0.91030
104.72000,1.02193,0.12620,0.00139,0.00069,0.87172
104.86000,1.02193,0.11013,0.00097,0.00082,0.88808
105.00000,1.02193,0.19023,0.00091,0.00090,0.80795
105.14000,1.02193,0.07661,0.00806,0.00061,0.91472
105.28000,1.02194,0.12479,0.00080,0.00061,0.87380
105.42000,1.02194,0.12446,0.00085,0.00063,0.87407
105.56000,1.02194,0.09631,0.00137,0.00063,0.90169
105.70000,1.02194,0.10026,0.00184,0.00062,0.89728
105.84000,1.02194,0.10421,0.00108,0.00063,0.89408
105.98000,1.02193,0.09904,0.00134,0.00048,0.89914
106.12000,1.02193,0.10369,0.00079,0.00035,0.89518
106.26000,1.02193,0.09977,0.00044,0.00044,0.89935
106.40000,1.02193,0.08780,0.00047,0.00033,0.91140
106.54000,1.02193,0.05589,0.00196,0.00034,0.94181
106.68000,1.02193,0.07853,0.00142,0.00053,0.91953
106.82000,1.02193,0.05441,0.00153,0.00028,0.94378
106.96000,1.02194,0.04451,0.00089,0.00027,0.95433
107.10000,1.02194,0.12897,0.00067,0.00056,0.86981
107.24000,1.02194,0.14434,0.00060,0.00078,0.85427
107.38000,1.02194,0.09119,0.00163,0.00053,0.90665
107.52000,1.02194,0.12947,0.00128,0.00074,0.86851
107.66000,1.02193,0.17481,0.00084,0.00113,0.82322
107.80000,1.02193,0.17102,0.00076,0.00079,0.82742
107.94000,1.02193,0.13808,0.00105,0.00104,0.85983
108.08000,1.02193,0.19854,0.00045,0.00071,0.80030
108.22000,1.02193,0.14014,0.00117,0.00066,0.85802
108.36000,1.02193,0.16418,0.00157,0.00099,0.83326
108.50000,1.02193,0.10910,0.00397,0.00057,0.88636
108.64000,1.02193,0.07607,0.00726,0.00075,0.91592
108.78000,1.02194,0.06138,0.00410,0.00025,0.93427
108.92000,1.02194,0.04713,0.00128,0.00015,0.95144
109.06000,1.02194,0.03303,0.00135,0.00014,0.96548
109.20000,1.02194,0.05888,0.00159,0.00029,0.93925
109.34000,1.02194,0.05240,0.00241,0.00031,0.94488
109.48000,1.02193,0.04670,0.00120,0.00018,0.95192
109.62000,1.02193,0.03506,0.00099,0.00017,0.96378
109.76000,1.02193,0.07988,0.00109,0.00031,0.91872
109.90000,1.02193,0.09487,0.00096,0.00034,0.90382
110.04000,1.02193,0.04960,0.00263,0.00025,0.94752
110.18000,1.02193,0.04612,0.00378,0.00049,0.94961
110.32000,1.02193,0.06603,0.00847,0.00046,0.92505
110.46000,1.02194,0.06027,0.01210,0.00068,0.92695
110.60000,1.02194,0.05890,0.00592,0.00043,0.93475
110.74000,1.02194,0.05116,0.01811,0.00043,0.93031
110.88000,1.02194,0.03784,0.00408,0.00034,0.95775
111.02000,1.02194,0.03733,0.00410,0.00022,0.95834
111.16000,1.02193,0.03293,0.00126,0.00026,0.96555
111.30000,1.02193,0.03567,0.00110,0.00026,0.96297
111.44000,1.02193,0.03810,0.00163,0.00019,0.96008
111.58000,1.02193,0.03320,0.00074,0.00029,0.96577
111.72000,1.02193,0.06749,0.00113,0.00031,0.93107
111.86000,1.02193,0.06462,0.00154,0.00049,0.93335
112.00000,1.02193,0.10370,0.00068,0.00043,0.89519
112.14000,1.02193,0.04713,0.00216,0.00035,0.95035
112.28000,1.02194,0.05974,0.00163,0.00048,0.93815
112.42000,1.02194,0.14325,0.00077,0.00078,0.85520
112.56000,1.02194,0.09552,0.00074,0.00036,0.90338
112.70000,1.02194,0.08763,0.00085,0.00052,0.91100
112.84000,1.02194,0.10599,0.00033,0.00028,0.89341
112.98000,1.02193,0.09326,0.00024,0.00020,0.90630
113.12000,1.02193,0.11296,0.00023,0.00024,0.88657
113.26000,1.02193,0.08520,0.00030,0.00025,0.91425
113.40000,1.02193,0.02880,0.00076,0.00019,0.97025
113.54000,1.02193,0.04880,0.00165,0.00044,0.94911
113.68000,1.02193,0.07601,0.00172,0.00106,0.92122
113.82000,1.02193,0.05727,0.00227,0.00041,0.94005
113.96000,1.02194,0.04856,0.00117,0.00105,0.94922
114.10000,1.02194,0.03396,0.00119,0.00026,0.96458
114.24000,1.02194,0.05108,0.00079,0.00017,0.94796
114.38000,1.02194,0.03711,0.00065,0.00017,0.96207
114.52000,1.02194,0.05112,0.00066,0.00025,0.94798
114.66000,1.02193,0.04137,0.00055,0.00014,0.95793
114.80000,1.02193,0.08002,0.00248,0.00062,0.91688
114.94000,1.02193,0.09965,0.00023,0.00021,0.89990
115.08000,1.02193,0.09269,0.00008,0.00019,0.90703
115.22000,1.02193,0.09371,0.00003,0.00011,0.90615
115.36000,1.02193,0.11642,0.00001,0.00007,0.88350
115.50000,1.02193,0.07384,0.00003,0.00015,0.92598
115.64000,1.02193,0.03479,0.00002,0.00004,0.96515
115.78000,1.02194,0.02993,0.00005,0.00029,0.96972
115.92000,1.02194,0.04159,0.00049,0.00025,0.95767
116.06000,1.02194,0.06796,0.00038,0.00021,0.93145
116.20000,1.02194,0.03846,0.00092,0.00017,0.96045
116.34000,1.02194,0.04818,0.00116,0.00020,0.95046
116.48000,1.02193,0.08287,0.00064,0.00029,0.91620
116.62000,1.02193,0.06979,0.00215,0.00040,0.92767
116.76000,1.02193,0.04965,0.00298,0.00030,0.94707
116.90000,1.02193,0.05005,0.00177,0.00038,0.94781
117.04000,1.02193,0.04594,0.00097,0.00023,0.95287
117.18000,1.02193,0.07822,0.00032,0.00027,0.92119
117.32000,1.02193,0.04171,0.00017,0.00025,0.95786
117.46000,1.02194,0.05904,0.00031,0.00021,0.94044
117.60000,1.02194,0.05185,0.00023,0.00178,0.94615
117.74000,1.02194,0.03611,0.00037,0.00047,0.96306
117.88000,1.02194,0.06147,0.00026,0.00189,0.93638
118.02000,1.02194,0.11715,0.00077,0.00864,0.87344
118.16000,1.02193,0.11473,0.00030,0.00188,0.88309
118.30000,1.02193,0.24693,0.00121,0.01508,0.73679
118.44000,1.02193,0.12015,0.00279,0.00344,0.87362
118.58000,1.02193,0.12369,0.00163,0.00379,0.87089
118.72000,1.02193,0.09044,0.00111,0.00244,0.90601
118.86000,1.02193,0.09349,0.00560,0.00159,0.89931
119.00000,1.02193,0.10646,0.02898,0.00096,0.86360
119.14000,1.02193,0.07971,0.01404,0.00077,0.90547
119.28000,1.02194,0.14634,0.01410,0.00115,0.83842
119.42000,1.02194,0.06064,0.01677,0.00052,0.92208
119.56000,1.02194,0.07340,0.00511,0.00040,0.92109
119.70000,1.02194,0.04022,0.00453,0.00022,0.95503
119.84000,1.02194,0.03732,0.00166,0.00021,0.96080
119.98000,1.02193,0.03386,0.00101,0.00021,0.96491
120.12000,1.02193,0.04008,0.00087,0.00016,0.95889
120.26000,1.02193,0.03572,0.00059,0.00024,0.96346
120.40000,1.02193,0.07158,0.00121,0.00041,0.92680
120.54000,1.02193,0.09003,0.00132,0.00062,0.90803
120.68000,1.02193,0.07976,0.00107,0.00049,0.91868
120.82000,1.02193,0.06561,0.00032,0.00017,0.93390
120.96000,1.02194,0.09470,0.00028,0.00026,0.90476
121.10000,1.02194,0.14815,0.00081,0.00069,0.85035
121.24000,1.02194,0.04771,0.00329,0.00024,0.94876
121.38000,1.02194,0.03822,0.00238,0.00023,0.95917
121.52000,1.02194,0.07104,0.00961,0.00038,0.91898
121.66000,1.02193,0.09445,0.01400,0.00071,0.89084
121.80000,1.02193,0.05563,0.01220,0.00042,0.93175
121.94000,1.02193,0.04119,0.00500,0.00026,0.95355
122.08000,1.02193,0.04496,0.00648,0.00037,0.94820
122.22000,1.02193,0.08808,0.00988,0.00053,0.90151
122.36000,1.02193,0.05913,0.01436,0.00058,0.92594
122.50000,1.02193,0.04487,0.00989,0.00028,0.94496
122.64000,1.02193,0.05338,0.01107,0.00042,0.93512
122.78000,1.02194,0.05347,0.00990,0.00057,0.93605
122.92000,1.02194,0.05400,0.01606,0.00049,0.92945
123.06000,1.02194,0.05532,0.01149,0.00066,0.93253
123.20000,1.02194,0.06816,0.02377,0.00056,0.90751
123.34000,1.02194,0.04507,0.00946,0.00027,0.94520
123.48000,1.02193,0.04566,0.00790,0.00042,0.94602
123.62000,1.02193,0.09853,0.03230,0.00075,0.86842
123.76000,1.02193,0.07656,0.03379,0.00068,0.88896
123.90000,1.02193,0.06396,0.01618,0.00066,0.91920
124.04000,1.02193,0.06250,0.00850,0.00064,0.92836
124.18000,1.02193,0.06082,0.00907,0.00033,0.92978
124.32000,1.02193,0.04839,0.00627,0.00043,0.94491
124.46000,1.02194,0.05451,0.00769,0.00046,0.93734
124.60000,1.02194,0.03906,0.00558,0.00021,0.95515
124.74000,1.02194,0.03499,0.00211,0.00031,0.96259
124.88000,1.02194,0.06762,0.00242,0.00026,0.92970
125.02000,1.02194,0.03631,0.00329,0.00022,0.96018
125.16000,1.02193,0.04220,0.00297,0.00038,0.95445
125.30000,1.02193,0.05471,0.00481,0.00050,0.93998
125.44000,1.02193,0.04099,0.00487,0.00027,0.95387
125.58000,1.02193,0.07011,0.01085,0.00048,0.91857
125.72000,1.02193,0.05508,0.00883,0.00035,0.93573
125.86000,1.02193,0.04252,0.00667,0.00025,0.95057
126.00000,1.02193,0.03768,0.00210,0.00031,0.95991
126.14000,1.02193,0.04686,0.00596,0.00033,0.94684
126.28000,1.02194,0.05144,0.00687,0.00036,0.94134
126.42000,1.02194,0.03778,0.00267,0.00042,0.95913
126.56000,1.02194,0.04112,0.00406,0.00019,0.95463
126.70000,1.02194,0.03320,0.00262,0.00018,0.96400
126.84000,1.02194,0.03838,0.00274,0.00030,0.95857
126.98000,1.02193,0.04577,0.00323,0.00022,0.95078
127.12000,1.02193,0.03996,0.00205,0.00038,0.95762
127.26000,1.02193,0.04894,0.00217,0.00041,0.94848
127.40000,1.02193,0.04849,0.00456,0.00030,0.94664
127.54000,1.02193,0.03556,0.00151,0.00031,0.96262
127.68000,1.02193,0.05139,0.00326,0.00029,0.94507
127.82000,1.02193,0.03448,0.00232,0.00026,0.96294
127.96000,1.02193,0.04086,0.00321,0.00027,0.95565
128.10001,1.02193,0.05333,0.00304,0.00032,0.94331
128.24001,1.02193,0.03585,0.00270,0.00024,0.96121
128.38000,1.02193,0.04889,0.00210,0.00043,0.94858
128.52000,1.02193,0.03624,0.00247,0.00022,0.96106
128.66000,1.02193,0.04315,0.00250,0.00027,0.95408
128.80000,1.02193,0.03646,0.00146,0.00028,0.96181
128.94000,1.02194,0.03595,0.00197,0.00022,0.96187
129.08000,1.02194,0.03671,0.00117,0.00024,0.96188
129.22000,1.02194,0.08728,0.00224,0.00057,0.90991
129.36000,1.02194,0.07543,0.00300,0.00053,0.92103
129.50000,1.02194,0.05819,0.00394,0.00048,0.93740
129.64000,1.02194,0.07130,0.00292,0.00032,0.92546
129.78000,1.02194,0.06575,0.00253,0.00029,0.93143
129.92000,1.02194,0.04466,0.00413,0.00029,0.95092
130.06000,1.02194,0.04755,0.00323,0.00049,0.94873
130.20000,1.02194,0.04270,0.00252,0.00030,0.95447
130.34000,1.02194,0.06138,0.00227,0.00044,0.93591
130.48000,1.02194,0.04936,0.00339,0.00039,0.94685
130.62000,1.02194,0.12303,0.00289,0.00065,0.87343
130.75999,1.02194,0.05188,0.00817,0.00040,0.93956
130.89999,1.02194,0.04769,0.00839,0.00029,0.94363
131.03999,1.02194,0.03918,0.00380,0.00029,0.95673
131.17999,1.02194,0.04286,0.00616,0.00033,0.95064
131.32001,1.02193,0.04414,0.00431,0.00043,0.95112
131.46001,1.02193,0.05329,0.00478,0.00046,0.94147
131.60001,1.02193,0.04233,0.00266,0.00036,0.95465
131.74001,1.02193,0.05727,0.00519,0.00052,0.93701
131.88000,1.02193,0.05341,0.00426,0.00048,0.94185
132.02000,1.02193,0.05277,0.00255,0.00043,0.94424
132.16000,1.02193,0.07972,0.00153,0.00055,0.91821
132.30000,1.02193,0.10192,0.00061,0.00053,0.89693
132.44000,1.02194,0.10276,0.00070,0.00051,0.89603
132.58000,1.02194,0.10107,0.00050,0.00039,0.89804
132.72000,1.02194,0.10884,0.00027,0.00051,0.89038
132.86000,1.02194,0.08350,0.00028,0.00026,0.91596
133.00000,1.02194,0.06173,0.00021,0.00016,0.93790
133.14000,1.02194,0.09789,0.00014,0.00020,0.90176
133.28000,1.02194,0.05633,0.00172,0.00029,0.94166
133.42000,1.02194,0.13080,0.00401,0.00070,0.86449
133.56000,1.02194,0.10253,0.00804,0.00052,0.88891
133.70000,1.02194,0.13871,0.01318,0.00133,0.84678
133.84000,1.02194,0.21845,0.00253,0.00094,0.77808
133.98000,1.02194,0.18251,0.03538,0.00078,0.78133
134.12000,1.02194,0.13351,0.02332,0.00115,0.84202
134.25999,1.02194,0.08611,0.02930,0.00063,0.88396
134.39999,1.02194,0.04522,0.00722,0.00028,0.94728
134.53999,1.02194,0.04325,0.00630,0.00026,0.95019
134.67999,1.02194,0.07471,0.00966,0.00063,0.91501
134.82001,1.02193,0.04356,0.00511,0.00030,0.95103
134.96001,1.02193,0.03979,0.00362,0.00030,0.95629
135.10001,1.02193,0.04991,0.00849,0.00062,0.94098
135.24001,1.02193,0.11121,0.01352,0.00083,0.87444
135.38000,1.02193,0.05930,0.02678,0.00055,0.91337
135.52000,1.02193,0.07585,0.02836,0.00092,0.89487
135.66000,1.02193,0.11066,0.12944,0.00153,0.75837
135.80000,1.02193,0.11726,0.18088,0.00154,0.70032
135.94000,1.02194,0.10997,0.12383,0.00180,0.76440
136.08000,1.02194,0.12227,0.18295,0.00160,0.69319
136.22000,1.02194,0.11221,0.21068,0.00253,0.67458
136.36000,1.02194,0.08968,0.09758,0.00097,0.81178
136.50000,1.02194,0.06848,0.05660,0.00079,0.87413
136.64000,1.02194,0.04955,0.01296,0.00042,0.93707
136.78000,1.02194,0.05631,0.02061,0.00051,0.92258
136.92000,1.02194,0.03349,0.00304,0.00025,0.96322
137.06000,1.02194,0.03039,0.00172,0.00020,0.96769
137.20000,1.02194,0.03282,0.00283,0.00019,0.96415
137.34000,1.02194,0.03497,0.00187,0.00027,0.96289
137.48000,1.02194,0.04071,0.00378,0.00045,0.95506
137.62000,1.02194,0.03942,0.00294,0.00038,0.95726
137.75999,1.02194,0.04605,0.00505,0.00036,0.94854
137.89999,1.02194,0.03926,0.00360,0.00031,0.95683
138.03999,1.02194,0.06147,0.00642,0.00034,0.93177
138.17999,1.02194,0.04315,0.00420,0.00029,0.95235
138.32001,1.02193,0.03888,0.00251,0.00034,0.95827
138.46001,1.02193,0.03262,0.00115,0.00025,0.96598
138.60001,1.02193,0.03885,0.00113,0.00022,0.95980
138.74001,1.02193,0.03703,0.00110,0.00025,0.96163
138.88000,1.02193,0.03104,0.00033,0.00022,0.96842
139.02000,1.02193,0.05166,0.00032,0.00014,0.94788
139.16000,1.02193,0.04964,0.00042,0.00017,0.94977
139.30000,1.02193,0.08403,0.00033,0.00024,0.91540
139.44000,1.02194,0.04928,0.00052,0.00015,0.95005
139.58000,1.02194,0.05930,0.00069,0.00034,0.93968
139.72000,1.02194,0.10451,0.00010,0.00032,0.89506
139.86000,1.02194,0.10652,0.00007,0.00013,0.89329
140.00000,1.02194,0.09261,0.00005,0.00011,0.90724
140.14000,1.02194,0.08667,0.00011,0.00016,0.91307
140.28000,1.02194,0.04014,0.00028,0.00006,0.95953
140.42000,1.02194,0.05024,0.00017,0.00021,0.94938
140.56000,1.02194,0.10587,0.00007,0.00016,0.89391
140.70000,1.02194,0.08985,0.00007,0.00015,0.90993
140.84000,1.02194,0.12166,0.00010,0.00040,0.87784
140.98000,1.02194,0.06940,0.00034,0.00021,0.93004
141.12000,1.02194,0.04004,0.00064,0.00050,0.95882
141.25999,1.02194,0.05220,0.00290,0.00028,0.94462
141.39999,1.02194,0.05527,0.00119,0.00033,0.94321
141.53999,1.02194,0.05717,0.00113,0.00035,0.94136
141.67999,1.02194,0.04821,0.00116,0.00025,0.95038
141.82001,1.02193,0.05229,0.00112,0.00036,0.94623
141.96001,1.02193,0.06765,0.00057,0.00024,0.93154
142.10001,1.02193,0.03679,0.00100,0.00018,0.96202
142.24001,1.02193,0.08854,0.00060,0.00033,0.91053
142.38000,1.02193,0.14252,0.00033,0.00058,0.85656
142.52000,1.02193,0.06498,0.00060,0.00025,0.93417
142.66000,1.02193,0.03204,0.00043,0.00009,0.96744
142.80000,1.02193,0.09565,0.00016,0.00025,0.90395
142.94000,1.02194,0.07222,0.00056,0.00023,0.92699
143.08000,1.02194,0.02970,0.00041,0.00011,0.96979
143.22000,1.02194,0.04188,0.00024,0.00025,0.95764
143.36000,1.02194,0.07767,0.00013,0.00009,0.92211
143.50000,1.02194,0.02916,0.00042,0.00010,0.97031
143.64000,1.02194,0.04342,0.00025,0.00015,0.95618
143.78000,1.02194,0.03771,0.00078,0.00030,0.96121
143.92000,1.02194,0.04244,0.00076,0.00039,0.95640
144.06000,1.02194,0.02609,0.00092,0.00009,0.97290
144.20000,1.02194,0.04037,0.00168,0.00021,0.95773
144.34000,1.02194,0.04894,0.00181,0.00023,0.94902
144.48000,1.02194,0.03297,0.00142,0.00019,0.96542
144.62000,1.02194,0.04086,0.00147,0.00031,0.95736
144.75999,1.02194,0.04446,0.00136,0.00020,0.95398
144.89999,1.02194,0.06556,0.00051,0.00026,0.93368
145.03999,1.02194,0.03861,0.00117,0.00023,0.95999
145.17999,1.02194,0.06062,0.00416,0.00065,0.93457
145.32001,1.02193,0.06067,0.00334,0.00059,0.93539
145.46001,1.02193,0.07703,0.00164,0.00061,0.92072
145.60001,1.02193,0.03905,0.00244,0.00028,0.95823
145.74001,1.02193,0.06862,0.00434,0.00051,0.92654
145.88000,1.02193,0.04956,0.00403,0.00056,0.94585
146.02000,1.02193,0.04656,0.00269,0.00053,0.95022
146.16000,1.02193,0.04284,0.00159,0.00044,0.95514
146.30000,1.02193,0.05808,0.00172,0.00045,0.93975
146.44000,1.02194,0.04904,0.00322,0.00043,0.94732
146.58000,1.02194,0.07526,0.00244,0.00055,0.92175
146.72000,1.02194,0.06060,0.00090,0.00042,0.93807
146.86000,1.02194,0.08985,0.00043,0.00061,0.90911
147.00000,1.02194,0.11347,0.00092,0.00151,0.88410
147.14000,1.02194,0.10319,0.00017,0.00026,0.89639
147.28000,1.02194,0.05573,0.00068,0.00061,0.94298
147.42000,1.02194,0.17495,0.00009,0.00051,0.82445
147.56000,1.02194,0.03298,0.00072,0.00016,0.96614
147.70000,1.02194,0.02732,0.00054,0.00032,0.97183
147.84000,1.02194,0.03542,0.00080,0.00027,0.96350
147.98000,1.02194,0.03570,0.00119,0.00024,0.96287
148.12000,1.02194,0.03169,0.00186,0.00020,0.96625
148.25999,1.02194,0.03373,0.00083,0.00024,0.96520
148.39999,1.02194,0.04347,0.00264,0.00034,0.95355
148.53999,1.02194,0.04559,0.00215,0.00035,0.95191
148.67999,1.02194,0.05466,0.00224,0.00032,0.94278
148.82001,1.02193,0.04299,0.00407,0.00035,0.95259
148.96001,1.02193,0.06340,0.00213,0.00032,0.93415
149.10001,1.02193,0.04423,0.00349,0.00038,0.95190
149.24001,1.02193,0.03864,0.00248,0.00027,0.95862
149.38000,1.02193,0.04811,0.00208,0.00035,0.94946
149.52000,1.02193,0.05708,0.00139,0.00034,0.94118
149.66000,1.02193,0.04120,0.00172,0.00029,0.95679
149.80000,1.02193,0.04588,0.00105,0.00025,0.95282
149.94000,1.02194,0.08629,0.00052,0.00038,0.91281
150.08000,1.02194,0.11181,0.00038,0.00044,0.88737
150.22000,1.02194,0.04551,0.00291,0.00029,0.95129
150.36000,1.02194,0.04859,0.00148,0.00037,0.94957
150.50000,1.02194,0.09202,0.00050,0.00048,0.90700
150.64000,1.02194,0.05627,0.00211,0.00039,0.94124
150.78000,1.02194,0.04825,0.00262,0.00054,0.94859
150.92000,1.02194,0.08669,0.00086,0.00043,0.91203
151.06000,1.02194,0.04980,0.00360,0.00030,0.94630
151.20000,1.02194,0.07173,0.00611,0.00072,0.92144
151.34000,1.02194,0.07488,0.01090,0.00059,0.91363
151.48000,1.02194,0.06916,0.00521,0.00068,0.92495
151.62000,1.02194,0.07446,0.00414,0.00072,0.92068
151.75999,1.02194,0.09675,0.00286,0.00049,0.89990
151.89999,1.02194,0.05897,0.00815,0.00038,0.93251
152.03999,1.02194,0.06923,0.00872,0.00060,0.92144
152.17999,1.02194,0.05153,0.00843,0.00036,0.93968
152.32001,1.02193,0.03993,0.00318,0.00021,0.95669
152.46001,1.02193,0.04559,0.00164,0.00019,0.95258
152.60001,1.02193,0.03971,0.00434,0.00025,0.95570
152.74001,1.02193,0.03242,0.00204,0.00017,0.96538
152.88000,1.02193,0.02972,0.00056,0.00016,0.96956
153.02000,1.02193,0.05576,0.00188,0.00023,0.94214
153.16000,1.02193,0.04589,0.00249,0.00055,0.95106
153.30000,1.02193,0.04389,0.00473,0.00024,0.95114
153.44000,1.02194,0.04874,0.00305,0.00049,0.94772
153.58000,1.02194,0.10563,0.00309,0.00062,0.89067
153.72000,1.02194,0.06800,0.01119,0.00064,0.92017
153.86000,1.02194,0.05631,0.00718,0.00051,0.93600
154.00000,1.02194,0.05854,0.00756,0.00042,0.93348
154.14000,1.02194,0.05024,0.00418,0.00047,0.94510
154.28000,1.02194,0.08105,0.00862,0.00055,0.90977
154.42000,1.02194,0.05583,0.00631,0.00045,0.93740
154.56000,1.02194,0.06198,0.00432,0.00063,0.93307
154.70000,1.02194,0.05423,0.00342,0.00046,0.94189
154.84000,1.02194,0.06367,0.00213,0.00051,0.93369
154.98000,1.02194,0.10282,0.00204,0.00062,0.89452
155.12000,1.02194,0.10545,0.00136,0.00077,0.89242
155.25999,1.02194,0.09223,0.00069,0.00046,0.90661
155.39999,1.02194,0.13259,0.00041,0.00046,0.86654
155.53999,1.02194,0.16480,0.00036,0.00085,0.83398
155.67999,1.02194,0.16583,0.00052,0.00082,0.83283
155.82001,1.02193,0.11384,0.00164,0.00075,0.88377
155.96001,1.02193,0.18271,0.00048,0.00088,0.81594
156.10001,1.02193,0.19288,0.00063,0.00102,0.80546
156.24001,1.02193,0.14006,0.00121,0.00070,0.85803
156.38000,1.02193,0.13310,0.00067,0.00060,0.86563
156.52000,1.02193,0.14642,0.00041,0.00069,0.85248
156.66000,1.02193,0.13848,0.00078,0.00039,0.86035
156.80000,1.02193,0.06150,0.00285,0.00053,0.93513
156.94000,1.02194,0.09151,0.00103,0.00048,0.90698
157.08000,1.02194,0.05627,0.00283,0.00040,0.94050
157.22000,1.02194,0.08587,0.00638,0.00107,0.90668
157.36000,1.02194,0.05546,0.00416,0.00030,0.94008
157.50000,1.02194,0.03660,0.00102,0.00018,0.96219
157.64000,1.02194,0.08385,0.00022,0.00021,0.91572
157.78000,1.02194,0.07532,0.00036,0.00032,0.92401
157.92000,1.02194,0.06971,0.00046,0.00027,0.92955
158.06000,1.02194,0.04990,0.00176,0.00062,0.94772
158.20000,1.02194,0.13385,0.00117,0.00097,0.86401
158.34000,1.02194,0.07841,0.00996,0.00089,0.91073
158.48000,1.02194,0.07457,0.00981,0.00096,0.91465
158.62000,1.02194,0.12081,0.00293,0.00098,0.87527
158.75999,1.02194,0.04800,0.00331,0.00023,0.94846
158.89999,1.02194,0.06301,0.00198,0.00035,0.93466
159.03999,1.02194,0.12080,0.00063,0.00054,0.87803
159.17999,1.02194,0.05019,0.00164,0.00031,0.94786
159.32001,1.02193,0.04160,0.00125,0.00027,0.95688
159.46001,1.02193,0.06750,0.00051,0.00039,0.93160
159.60001,1.02193,0.11189,0.00015,0.00034,0.88763
159.74001,1.02193,0.06820,0.00133,0.00029,0.93017
159.88000,1.02193,0.13643,0.00250,0.00057,0.86051
160.02000,1.02193,0.08303,0.00115,0.00047,0.91535
160.16000,1.02193,0.13312,0.00048,0.00075,0.86565
160.30000,1.02193,0.19874,0.00029,0.00174,0.79924
160.44000,1.02194,0.26827,0.00010,0.00099,0.73064
160.58000,1.02194,0.13580,0.00099,0.00153,0.86167
160.72000,1.02194,0.08341,0.00201,0.00227,0.91231
160.86000,1.02194,0.07785,0.00092,0.00041,0.92083
161.00000,1.02194,0.09999,0.00140,0.00395,0.89465
161.14000,1.02194,0.06135,0.00207,0.00032,0.93627
161.28000,1.02194,0.06111,0.00284,0.00062,0.93542
161.42000,1.02194,0.06420,0.00167,0.00031,0.93383
161.56000,1.02194,0.06095,0.00254,0.00039,0.93612
161.70000,1.02194,0.07139,0.00495,0.00058,0.92308
161.84000,1.02194,0.04647,0.00399,0.00038,0.94916
161.98000,1.02194,0.05062,0.00340,0.00086,0.94513
162.12000,1.02194,0.07277,0.02267,0.00066,0.90390
162.25999,1.02194,0.06063,0.01724,0.00062,0.92151
162.39999,1.02194,0.09648,0.02740,0.00136,0.87476
162.53999,1.02194,0.08565,0.04446,0.00081,0.86909
162.67999,1.02194,0.08366,0.05362,0.00123,0.86149
162.82001,1.02193,0.06342,0.01751,0.00075,0.91833
162.96001,1.02193,0.05157,0.01990,0.00044,0.92809
163.10001,1.02193,0.04635,0.00918,0.00030,0.94417
163.24001,1.02193,0.03504,0.00454,0.00026,0.96017
163.38000,1.02193,0.02224,0.00095,0.00009,0.97672
163.52000,1.02193,0.03474,0.00169,0.00032,0.96325
163.66000,1.02193,0.03057,0.00131,0.00025,0.96787
163.80000,1.02193,0.03580,0.00253,0.00016,0.96151
163.94000,1.02194,0.03311,0.00134,0.00045,0.96510
164.08000,1.02194,0.04732,0.00442,0.00038,0.94788
164.22000,1.02194,0.03401,0.00148,0.00023,0.96428
164.36000,1.02194,0.03720,0.00075,0.00027,0.96178
164.50000,1.02194,0.05640,0.00201,0.00046,0.94113
164.64000,1.02194,0.07698,0.00114,0.00040,0.92148
164.78000,1.02194,0.05643,0.00268,0.00037,0.94051
164.92000,1.02194,0.10656,0.00165,0.00069,0.89110
165.06000,1.02194,0.11909,0.00173,0.00061,0.87857
165.20000,1.02194,0.07451,0.00454,0.00052,0.92043
165.34000,1.02194,0.10476,0.00082,0.00067,0.89375
165.48000,1.02194,0.14370,0.00029,0.00038,0.85563
165.62000,1.02194,0.14809,0.00053,0.00071,0.85067
165.75999,1.02194,0.12320,0.00099,0.00043,0.87539
165.89999,1.02194,0.07885,0.00265,0.00046,0.91803
166.03999,1.02194,0.05480,0.00531,0.00049,0.93940
166.17999,1.02194,0.08023,0.00181,0.00028,0.91767
166.32001,1.02193,0.04837,0.00295,0.00042,0.94825
166.46001,1.02193,0.08747,0.00487,0.00043,0.90724
166.60001,1.02193,0.06023,0.01158,0.00071,0.92749
166.74001,1.02193,0.06391,0.00684,0.00069,0.92856
166.88000,1.02193,0.06224,0.02118,0.00059,0.91599
167.02000,1.02193,0.05103,0.00781,0.00060,0.94056
167.16000,1.02193,0.06823,0.01993,0.00061,0.91123
167.30000,1.02193,0.05608,0.01349,0.00050,0.92993
167.44000,1.02194,0.06653,0.01243,0.00058,0.92046
167.58000,1.02194,0.06229,0.02024,0.00066,0.91680
167.72000,1.02194,0.09875,0.06299,0.00100,0.83726
167.86000,1.02194,0.09253,0.03577,0.00106,0.87064
168.00000,1.02194,0.05087,0.00683,0.00030,0.94201
168.14000,1.02194,0.05883,0.01547,0.00068,0.92501
168.28000,1.02194,0.06201,0.00910,0.00056,0.92832
168.42000,1.02194,0.06483,0.01476,0.00038,0.92004
168.56000,1.02194,0.03833,0.00324,0.00034,0.95809
168.70000,1.02194,0.05567,0.00318,0.00056,0.94059
168.84000,1.02194,0.03907,0.00320,0.00024,0.95749
168.98000,1.02194,0.06584,0.01324,0.00080,0.92012
169.12000,1.02194,0.06706,0.01155,0.00083,0.92056
169.25999,1.02194,0.04634,0.00660,0.00063,0.94644
169.39999,1.02194,0.04068,0.00185,0.00026,0.95722
169.53999,1.02194,0.04628,0.00184,0.00016,0.95172
169.67999,1.02194,0.03615,0.00101,0.00022,0.96262
169.82001,1.02193,0.03240,0.00047,0.00019,0.96694
169.96001,1.02193,0.03737,0.00089,0.00037,0.96137
170.10001,1.02193,0.03882,0.00114,0.00043,0.95961
170.24001,1.02193,0.03249,0.00129,0.00017,0.96605
170.38000,1.02193,0.02484,0.00057,0.00009,0.97450
170.52000,1.02193,0.05857,0.00091,0.00025,0.94026
170.66000,1.02193,0.04454,0.00164,0.00020,0.95362
170.80000,1.02193,0.02734,0.00100,0.00015,0.97151
170.94000,1.02194,0.04513,0.00172,0.00034,0.95281
171.08000,1.02194,0.03815,0.00289,0.00024,0.95871
171.22000,1.02194,0.03341,0.00144,0.00022,0.96493
171.36000,1.02194,0.03435,0.00043,0.00047,0.96476
171.50000,1.02194,0.05521,0.00066,0.00021,0.94392
171.64000,1.02194,0.04294,0.00180,0.00043,0.95483
171.78000,1.02194,0.05194,0.00238,0.00040,0.94528
171.92000,1.02194,0.04235,0.00255,0.00024,0.95485
172.06000,1.02194,0.05843,0.00286,0.00050,0.93821
172.20000,1.02194,0.07130,0.00428,0.00048,0.92393
172.34000,1.02194,0.06119,0.00782,0.00045,0.93055
172.48000,1.02194,0.07322,0.00280,0.00065,0.92333
172.62000,1.02194,0.08244,0.00169,0.00038,0.91550
172.75999,1.02194,0.09264,0.00089,0.00039,0.90608
172.89999,1.02194,0.06364,0.00113,0.00035,0.93489
173.03999,1.02194,0.06564,0.00168,0.00036,0.93232
173.17999,1.02194,0.06196,0.00280,0.00055,0.93469
173.32001,1.02193,0.12537,0.00078,0.00069,0.87316
173.46001,1.02193,0.13700,0.00047,0.00073,0.86179
173.60001,1.02193,0.10429,0.00036,0.00029,0.89505
173.74001,1.02193,0.10374,0.00038,0.00042,0.89546
173.88000,1.02193,0.13346,0.00056,0.00062,0.86535
174.02000,1.02193,0.06279,0.00373,0.00060,0.93288
174.16000,1.02193,0.14178,0.00360,0.00114,0.85348
174.30000,1.02193,0.12249,0.00081,0.00076,0.87594
174.44000,1.02194,0.12102,0.00125,0.00078,0.87695
174.58000,1.02194,0.13039,0.00042,0.00039,0.86879
174.72000,1.02194,0.11580,0.00026,0.00035,0.88358
174.86000,1.02194,0.16653,0.00030,0.00051,0.83266
175.00000,1.02194,0.06262,0.00824,0.00043,0.92871
175.14000,1.02194,0.04218,0.00208,0.00026,0.95548
175.28000,1.02194,0.05563,0.00083,0.00016,0.94338
175.42000,1.02194,0.03176,0.00106,0.00027,0.96690
175.56000,1.02194,0.04314,0.00076,0.00025,0.95585
175.70000,1.02194,0.06207,0.00028,0.00019,0.93746
175.84000,1.02194,0.04052,0.00063,0.00038,0.95847
175.98000,1.02194,0.05375,0.00068,0.00021,0.94536
176.12000,1.02194,0.03521,0.00047,0.00020,0.96413
176.25999,1.02194,0.07968,0.00100,0.00046,0.91886
176.39999,1.02194,0.07870,0.00076,0.00049,0.92005
176.53999,1.02194,0.08487,0.00029,0.00032,0.91452
176.67999,1.02194,0.05834,0.00152,0.00051,0.93962
176.82001,1.02193,0.24760,0.00089,0.00135,0.75016
176.96001,1.02193,0.09107,0.00363,0.00051,0.90478
177.10001,1.02193,0.09984,0.00383,0.00107,0.89526
177.24001,1.02193,0.14649,0.00076,0.00049,0.85226
177.38000,1.02193,0.11974,0.00020,0.00039,0.87967
177.52000,1.02193,0.12370,0.00004,0.00014,0.87612
177.66000,1.02193,0.10187,0.00008,0.00014,0.89791
177.80000,1.02193,0.18031,0.00006,0.00037,0.81926
177.94000,1.02194,0.05096,0.00025,0.00011,0.94869
178.08000,1.02194,0.03989,0.00016,0.00025,0.95970
178.22000,1.02194,0.08504,0.00022,0.00025,0.91448
178.36000,1.02194,0.11739,0.00024,0.00047,0.88189
178.50000,1.02194,0.12468,0.00035,0.00045,0.87453
178.64000,1.02194,0.04701,0.00184,0.00032,0.95083
178.78000,1.02194,0.07747,0.00050,0.00031,0.92171
178.92000,1.02194,0.06772,0.00014,0.00011,0.93203
179.06000,1.02194,0.04968,0.00044,0.00014,0.94975
179.20000,1.02194,0.07677,0.00046,0.00019,0.92258
179.34000,1.02194,0.03355,0.00109,0.00025,0.96511
179.48000,1.02194,0.03127,0.00048,0.00015,0.96809
179.62000,1.02194,0.04505,0.00067,0.00026,0.95402
179.75999,1.02194,0.09856,0.00058,0.00044,0.90042
179.89999,1.02194,0.05132,0.00063,0.00018,0.94787
180.03999,1.02194,0.04229,0.00036,0.00016,0.95718
180.17999,1.02194,0.10695,0.00012,0.00033,0.89260
180.32001,1.02193,0.16950,0.00015,0.00049,0.82987
180.46001,1.02193,0.06439,0.00242,0.00047,0.93272
180.60001,1.02193,0.10118,0.00073,0.00045,0.89764
180.74001,1.02193,0.11860,0.00027,0.00043,0.88070
180.88000,1.02193,0.14588,0.00018,0.00051,0.85342
181.02000,1.02193,0.12846,0.00018,0.00035,0.87101
181.16000,1.02193,0.12507,0.00022,0.00044,0.87427
181.30000,1.02193,0.13868,0.00049,0.00068,0.86015
181.44000,1.02194,0.10925,0.00291,0.00066,0.88718
181.58000,1.02194,0.09736,0.00058,0.00038,0.90167
181.72000,1.02194,0.08083,0.00034,0.00020,0.91863
181.86000,1.02194,0.09449,0.00020,0.00020,0.90511
182.00000,1.02194,0.07608,0.00057,0.00021,0.92314
182.14000,1.02194,0.03874,0.00074,0.00014,0.96038
182.28000,1.02194,0.03594,0.00073,0.00036,0.96298
182.42000,1.02194,0.04267,0.00123,0.00026,0.95584
182.56000,1.02194,0.05933,0.00214,0.00035,0.93819
182.70000,1.02194,0.04925,0.00216,0.00043,0.94817
182.84000,1.02194,0.06851,0.01151,0.00069,0.91928
182.98000,1.02194,0.09198,0.00793,0.00084,0.89925
183.12000,1.02194,0.10711,0.01744,0.00086,0.87459
183.25999,1.02194,0.07820,0.01733,0.00076,0.90371
183.39999,1.02194,0.06505,0.01363,0.00062,0.92070
183.53999,1.02194,0.06611,0.01160,0.00054,0.92174
183.67999,1.02194,0.06548,0.00728,0.00073,0.92651
183.82001,1.02193,0.05563,0.00290,0.00044,0.94103
183.96001,1.02193,0.06383,0.00129,0.00039,0.93448
184.10001,1.02193,0.06982,0.00090,0.00059,0.92868
184.24001,1.02193,0.11962,0.00028,0.00044,0.87966
184.38000,1.02193,0.05170,0.00299,0.00039,0.94492
184.52000,1.02193,0.07615,0.00124,0.00056,0.92205
184.66000,1.02193,0.07843,0.00094,0.00032,0.92031
184.80000,1.02193,0.07444,0.00053,0.00039,0.92463
184.94000,1.02194,0.07793,0.00064,0.00027,0.92116
185.08000,1.02194,0.06372,0.00036,0.00018,0.93574
185.22000,1.02194,0.07846,0.00059,0.00039,0.92056
185.36000,1.02194,0.03701,0.00116,0.00015,0.96168
185.50000,1.02194,0.03620,0.00081,0.00030,0.96269
185.64000,1.02194,0.04674,0.00253,0.00026,0.95047
185.78000,1.02194,0.04901,0.00277,0.00035,0.94787
185.92000,1.02194,0.07826,0.00060,0.00037,0.92077
186.06000,1.02194,0.10605,0.00070,0.00037,0.89287
186.20000,1.02194,0.07853,0.00088,0.00037,0.92022
186.34000,1.02194,0.06260,0.00177,0.00039,0.93524
186.48000,1.02194,0.04551,0.00159,0.00026,0.95265
186.62000,1.02194,0.05046,0.00148,0.00041,0.94765
186.75999,1.02194,0.14686,0.00037,0.00066,0.85212
186.89999,1.02194,0.08803,0.00346,0.00063,0.90788
187.03999,1.02194,0.08925,0.00088,0.00048,0.90938
187.17999,1.02194,0.11763,0.00027,0.00040,0.88170
187.32001,1.02193,0.13258,0.00052,0.00055,0.86634
187.46001,1.02193,0.14880,0.00047,0.00094,0.84979
187.60001,1.02193,0.09248,0.00054,0.00040,0.90659
187.74001,1.02193,0.05833,0.00140,0.00035,0.93991
187.88000,1.02193,0.13033,0.00028,0.00046,0.86894
188.02000,1.02193,0.07994,0.00144,0.00042,0.91820
188.16000,1.02193,0.09179,0.00099,0.00052,0.90669
188.30000,1.02193,0.07008,0.00174,0.00064,0.92754
188.44000,1.02194,0.13119,0.00083,0.00070,0.86727
188.58000,1.02194,0.08729,0.00314,0.00086,0.90872
188.72000,1.02194,0.19106,0.00089,0.00111,0.80694
188.86000,1.02194,0.22761,0.00087,0.00096,0.77056
189.00000,1.02194,0.25737,0.00079,0.00116,0.74068
189.14000,1.02194,0.21979,0.00029,0.00124,0.77868
189.28000,1.02194,0.16806,0.00028,0.00046,0.83121
189.42000,1.02194,0.15446,0.00018,0.00052,0.84483
189.56000,1.02194,0.19063,0.00032,0.00083,0.80821
189.70000,1.02194,0.09878,0.00173,0.00051,0.89897
189.84000,1.02194,0.08732,0.00231,0.00075,0.90963
189.98000,1.02194,0.09423,0.00123,0.00045,0.90410
190.12000,1.02194,0.11437,0.00229,0.00077,0.88257
190.25999,1.02194,0.15101,0.00101,0.00073,0.84725
190.39999,1.02194,0.09680,0.00120,0.00049,0.90151
190.53999,1.02194,0.08063,0.00136,0.00035,0.91766
190.67999,1.02194,0.06408,0.00214,0.00033,0.93345
190.82001,1.02193,0.06654,0.00299,0.00043,0.93004
190.96001,1.02193,0.04893,0.00129,0.00023,0.94955
191.10001,1.02193,0.05476,0.00052,0.00025,0.94447
191.24001,1.02193,0.06429,0.00142,0.00033,0.93396
191.38000,1.02193,0.12791,0.00064,0.00058,0.87087
191.52000,1.02193,0.08716,0.00146,0.00043,0.91096
191.66000,1.02193,0.16397,0.00074,0.00065,0.83465
191.80000,1.02193,0.20103,0.00134,0.00124,0.79639
191.94000,1.02194,0.34797,0.00059,0.00124,0.65020
192.08000,1.02194,0.49186,0.00053,0.00155,0.50606
192.22000,1.02194,0.59323,0.00045,0.00177,0.40454
192.36000,1.02194,0.44536,0.00079,0.00262,0.55124
192.50000,1.02194,0.41085,0.00039,0.00206,0.58670
192.64000,1.02194,0.37406,0.00126,0.00181,0.62287
192.78000,1.02194,0.29199,0.00068,0.00151,0.70583
192.92000,1.02194,0.20362,0.00115,0.00098,0.79425
193.06000,1.02194,0.16614,0.00057,0.00060,0.83269
193.20000,1.02194,0.14832,0.00035,0.00052,0.85080
193.34000,1.02194,0.11871,0.00073,0.00041,0.88014
193.48000,1.02194,0.07769,0.00244,0.00049,0.91938
193.62000,1.02194,0.08189,0.00167,0.00036,0.91608
193.75999,1.02194,0.03956,0.00310,0.00031,0.95703
193.89999,1.02194,0.04080,0.00273,0.00038,0.95610
194.03999,1.02194,0.03860,0.00158,0.00028,0.95954
194.17999,1.02194,0.03978,0.00081,0.00015,0.95926
194.32001,1.02193,0.04173,0.00109,0.00034,0.95684
194.46001,1.02193,0.07746,0.00137,0.00046,0.92071
194.60001,1.02193,0.08334,0.00293,0.00067,0.91306
194.74001,1.02193,0.11722,0.00110,0.00138,0.88030
194.88000,1.02193,0.08261,0.00040,0.00028,0.91672
195.02000,1.02193,0.11722,0.00074,0.00082,0.88121
195.16000,1.02193,0.21488,0.00065,0.00120,0.78327
195.30000,1.02193,0.06826,0.00892,0.00069,0.92213
195.44000,1.02194,0.08307,0.00155,0.00081,0.91457
195.58000,1.02194,0.05248,0.00417,0.00034,0.94301
195.72000,1.02194,0.07475,0.00247,0.00042,0.92235
195.86000,1.02194,0.06738,0.00279,0.00042,0.92941
196.00000,1.02194,0.06111,0.00201,0.00033,0.93655
196.14000,1.02194,0.05130,0.00097,0.00027,0.94746
196.28000,1.02194,0.11061,0.00019,0.00027,0.88892
196.42000,1.02194,0.12666,0.00013,0.00043,0.87277
196.56000,1.02194,0.06623,0.00025,0.00013,0.93339
196.70000,1.02194,0.06357,0.00060,0.00031,0.93552
196.84000,1.02194,0.12106,0.00026,0.00036,0.87832
196.98000,1.02194,0.05842,0.00073,0.00025,0.94060
197.12000,1.02194,0.02589,0.00047,0.00013,0.97351
197.25999,1.02194,0.06890,0.00139,0.00042,0.92929
197.39999,1.02194,0.06038,0.00392,0.00058,0.93512
197.53999,1.02194,0.05863,0.00299,0.00040,0.93797
197.67999,1.02194,0.04545,0.00235,0.00071,0.95149
197.82001,1.02193,0.07244,0.00569,0.00035,0.92152
197.96001,1.02193,0.04263,0.00128,0.00027,0.95582
198.10001,1.02193,0.04971,0.00165,0.00024,0.94839
198.24001,1.02193,0.05162,0.00064,0.00021,0.94753
198.38000,1.02193,0.04986,0.00040,0.00029,0.94946
198.52000,1.02193,0.05637,0.00040,0.00015,0.94308
198.66000,1.02193,0.04514,0.00056,0.00069,0.95361
198.80000,1.02193,0.06202,0.00357,0.00054,0.93387
198.94000,1.02194,0.07207,0.00286,0.00049,0.92459
199.08000,1.02194,0.09968,0.00066,0.00056,0.89909
199.22000,1.02194,0.09192,0.00024,0.00046,0.90738
199.36000,1.02194,0.10781,0.00007,0.00022,0.89189
199.50000,1.02194,0.15286,0.00006,0.00039,0.84669
199.64000,1.02194,0.27107,0.00007,0.00064,0.72822
199.78000,1.02194,0.12677,0.00243,0.00060,0.87021
199.92000,1.02194,0.21459,0.00039,0.00102,0.78399
200.06000,1.02194,0.18871,0.00028,0.00066,0.81034
200.20000,1.02194,0.20320,0.00016,0.00050,0.79614
200.34000,1.02194,0.17739,0.00019,0.00041,0.82202
200.48000,1.02194,0.20897,0.00093,0.00089,0.78921
200.62000,1.02194,0.14832,0.00300,0.00083,0.84784
200.75999,1.02194,0.08635,0.00260,0.00043,0.91062
200.89999,1.02194,0.07337,0.00247,0.00046,0.92369
201.03999,1.02194,0.11568,0.00209,0.00038,0.88185
201.17999,1.02194,0.04640,0.00686,0.00024,0.94650
201.32001,1.02193,0.04301,0.00429,0.00028,0.95242
201.46001,1.02193,0.04276,0.00373,0.00038,0.95314
201.60001,1.02193,0.03983,0.00245,0.00036,0.95736
201.74001,1.02193,0.04754,0.00475,0.00038,0.94733
201.88000,1.02193,0.04215,0.00260,0.00024,0.95501
202.02000,1.02193,0.04784,0.00248,0.00024,0.94943
202.16000,1.02193,0.02765,0.00075,0.00007,0.97154
202.30000,1.02193,0.03062,0.00029,0.00011,0.96898
202.44000,1.02194,0.04217,0.00039,0.00011,0.95733
202.58000,1.02194,0.03056,0.00045,0.00016,0.96883
202.72000,1.02194,0.03445,0.00074,0.00024,0.96457
202.86000,1.02194,0.04566,0.00480,0.00024,0.94930
203.00000,1.02194,0.06233,0.01217,0.00162,0.92389
203.14000,1.02194,0.05176,0.01348,0.00105,0.93371
203.28000,1.02194,0.06214,0.05041,0.00078,0.88668
203.42000,1.02194,0.05422,0.04117,0.00066,0.90395
203.56000,1.02194,0.05327,0.01429,0.00095,0.93148
203.70000,1.02194,0.03453,0.00360,0.00029,0.96158
203.84000,1.02194,0.02808,0.00114,0.00019,0.97060
203.98000,1.02194,0.02612,0.00141,0.00021,0.97226
204.12000,1.02194,0.02594,0.00224,0.00015,0.97167
204.25999,1.02194,0.03040,0.00136,0.00040,0.96784
204.39999,1.02194,0.03851,0.00401,0.00036,0.95713
204.53999,1.02194,0.02293,0.00129,0.00016,0.97563
204.67999,1.02194,0.02275,0.00039,0.00023,0.97663
204.82001,1.02193,0.03584,0.00202,0.00012,0.96202
204.96001,1.02193,0.02990,0.00159,0.00027,0.96824
205.10001,1.02193,0.03847,0.00126,0.00032,0.95995
205.24001,1.02193,0.02616,0.00143,0.00012,0.97229
205.38000,1.02193,0.03001,0.00123,0.00030,0.96846
205.52000,1.02193,0.03017,0.00090,0.00013,0.96881
205.66000,1.02193,0.02477,0.00103,0.00018,0.97402
205.80000,1.02193,0.03369,0.00116,0.00025,0.96489
205.94000,1.02194,0.04070,0.00185,0.00022,0.95723
206.08000,1.02194,0.03540,0.00063,0.00019,0.96378
206.22000,1.02194,0.05638,0.00126,0.00047,0.94190
206.36000,1.02194,0.07697,0.00134,0.00049,0.92121
206.50000,1.02194,0.14103,0.00045,0.00063,0.85788
206.64000,1.02194,0.11933,0.00068,0.00048,0.87951
206.78000,1.02194,0.12893,0.00073,0.00039,0.86996
206.92000,1.02194,0.15652,0.00173,0.00074,0.84101
207.06000,1.02194,0.14080,0.00174,0.00059,0.85686
207.20000,1.02194,0.06887,0.00716,0.00035,0.92362
207.34000,1.02194,0.08950,0.00508,0.00045,0.90497
207.48000,1.02194,0.06030,0.00837,0.00038,0.93096
207.62000,1.02194,0.03648,0.00491,0.00027,0.95834
207.75999,1.02194,0.03369,0.00138,0.00024,0.96469
207.89999,1.02194,0.03391,0.00054,0.00010,0.96545
208.03999,1.02194,0.02854,0.00070,0.00017,0.97059
208.17999,1.02194,0.04163,0.00089,0.00020,0.95728
208.32001,1.02193,0.02466,0.00050,0.00017,0.97467
208.46001,1.02193,0.03022,0.00141,0.00023,0.96814
208.60001,1.02193,0.03198,0.00182,0.00022,0.96598
208.74001,1.02193,0.02925,0.00206,0.00015,0.96854
208.88000,1.02193,0.03595,0.00161,0.00042,0.96201
209.02000,1.02193,0.03140,0.00101,0.00018,0.96741
209.16000,1.02193,0.02882,0.00121,0.00012,0.96985
209.30000,1.02193,0.03553,0.00041,0.00034,0.96372
209.44000,1.02194,0.04394,0.00105,0.00014,0.95487
209.58000,1.02194,0.03212,0.00137,0.00020,0.96630
209.72000,1.02194,0.04549,0.00268,0.00049,0.95134
209.86000,1.02194,0.05062,0.00678,0.00026,0.94234
210.00000,1.02194,0.03285,0.00183,0.00021,0.96511
210.14000,1.02194,0.02622,0.00089,0.00011,0.97279
210.28000,1.02194,0.03972,0.00233,0.00020,0.95774
210.42000,1.02194,0.06020,0.00565,0.00030,0.93384
210.56000,1.02194,0.03990,0.00352,0.00032,0.95626
210.70000,1.02194,0.04549,0.00536,0.00039,0.94876
210.84000,1.02194,0.03099,0.00262,0.00013,0.96626
210.98000,1.02194,0.04196,0.00326,0.00019,0.95459
211.12000,1.02194,0.03242,0.00260,0.00025,0.96473
211.25999,1.02194,0.03593,0.00281,0.00024,0.96102
211.39999,1.02194,0.04253,0.00220,0.00044,0.95483
211.53999,1.02194,0.03749,0.00432,0.00024,0.95795
211.67999,1.02194,0.04292,0.00522,0.00021,0.95165
211.82001,1.02193,0.03672,0.00329,0.00027,0.95972
211.96001,1.02193,0.04867,0.00697,0.00033,0.94403
212.10001,1.02193,0.04312,0.00542,0.00043,0.95103
212.24001,1.02193,0.04469,0.00412,0.00040,0.95079
212.38000,1.02193,0.03463,0.00312,0.00021,0.96204
212.52000,1.02193,0.03030,0.00120,0.00018,0.96833
212.66000,1.02193,0.04904,0.00203,0.00020,0.94873
212.80000,1.02193,0.03521,0.00289,0.00020,0.96170
212.94000,1.02194,0.03501,0.00109,0.00026,0.96363
213.08000,1.02194,0.03171,0.00192,0.00019,0.96619
213.22000,1.02194,0.04076,0.00275,0.00025,0.95624
213.36000,1.02194,0.03683,0.00209,0.00031,0.96077
213.50000,1.02194,0.04021,0.00123,0.00013,0.95842
213.64000,1.02194,0.02181,0.00096,0.00007,0.97716
213.78000,1.02194,0.02863,0.00090,0.00014,0.97033
213.92000,1.02194,0.03557,0.00091,0.00013,0.96339
214.06000,1.02194,0.02901,0.00077,0.00020,0.97002
214.20000,1.02194,0.03763,0.00134,0.00018,0.96085
214.34000,1.02194,0.02546,0.00113,0.00011,0.97330
214.48000,1.02194,0.04322,0.00479,0.00033,0.95166
214.62000,1.02194,0.03288,0.00202,0.00021,0.96488
214.75999,1.02194,0.03421,0.00181,0.00015,0.96384
214.89999,1.02194,0.02584,0.00098,0.00016,0.97302
215.03999,1.02194,0.03922,0.00355,0.00021,0.95702
215.17999,1.02194,0.03682,0.00232,0.00036,0.96051
215.32001,1.02193,0.03311,0.00268,0.00024,0.96397
215.46001,1.02193,0.05286,0.01248,0.00043,0.93424
215.60001,1.02193,0.04967,0.00342,0.00047,0.94644
215.74001,1.02193,0.03082,0.00395,0.00018,0.96505
215.88000,1.02193,0.02870,0.00170,0.00018,0.96942
216.02000,1.02193,0.04410,0.00228,0.00033,0.95330
216.16000,1.02193,0.03467,0.00267,0.00023,0.96243
216.30000,1.02193,0.03438,0.00115,0.00038,0.96410
216.44000,1.02194,0.03937,0.00451,0.00030,0.95581
216.58000,1.02194,0.03190,0.00165,0.00031,0.96614
216.72000,1.02194,0.06290,0.00699,0.00051,0.92960
216.86000,1.02194,0.05976,0.01538,0.00049,0.92437
217.00000,1.02194,0.05438,0.00895,0.00035,0.93632
217.14000,1.02194,0.04826,0.00339,0.00036,0.94799
217.28000,1.02194,0.06151,0.00857,0.00041,0.92951
217.42000,1.02194,0.05233,0.00385,0.00028,0.94354
217.56000,1.02194,0.03115,0.00198,0.00018,0.96669
217.70000,1.02194,0.03224,0.00229,0.00017,0.96530
217.84000,1.02194,0.03745,0.00193,0.00032,0.96031
217.98000,1.02194,0.03123,0.00141,0.00018,0.96719
218.12000,1.02194,0.03248,0.00102,0.00015,0.96635
218.25999,1.02194,0.03444,0.00086,0.00023,0.96447
218.39999,1.02194,0.07752,0.00053,0.00043,0.92153
218.53999,1.02194,0.05645,0.00047,0.00023,0.94285
218.67999,1.02194,0.04026,0.00138,0.00040,0.95796
218.82001,1.02193,0.09050,0.00131,0.00052,0.90766
218.96001,1.02193,0.04753,0.00262,0.00035,0.94950
219.10001,1.02193,0.04026,0.00227,0.00030,0.95717
219.24001,1.02193,0.05740,0.00058,0.00025,0.94177
219.38000,1.02193,0.07648,0.00047,0.00026,0.92279
219.52000,1.02193,0.05810,0.00216,0.00040,0.93934
219.66000,1.02193,0.06400,0.00178,0.00033,0.93389
219.80000,1.02193,0.04572,0.00188,0.00017,0.95222
219.94000,1.02194,0.06498,0.00188,0.00032,0.93282
220.08000,1.02194,0.03619,0.00234,0.00010,0.96137
220.22000,1.02194,0.04181,0.00177,0.00018,0.95623
220.36000,1.02194,0.04115,0.00155,0.00009,0.95721
220.50000,1.02194,0.03101,0.00125,0.00017,0.96756
220.64000,1.02194,0.03806,0.00099,0.00067,0.96029
220.78000,1.02194,0.03855,0.00535,0.00044,0.95566
220.92000,1.02194,0.04643,0.01034,0.00045,0.94279
221.06000,1.02194,0.04392,0.00982,0.00035,0.94591
221.20000,1.02194,0.05783,0.00876,0.00068,0.93273
221.34000,1.02194,0.06005,0.01320,0.00063,0.92612
221.48000,1.02194,0.05632,0.01160,0.00034,0.93174
221.62000,1.02194,0.05206,0.00568,0.00044,0.94183
221.75999,1.02194,0.04841,0.00180,0.00031,0.94948
221.89999,1.02194,0.03369,0.00175,0.00014,0.96442
222.03999,1.02194,0.03378,0.00090,0.00021,0.96511
222.17999,1.02194,0.05023,0.00129,0.00020,0.94828
222.32001,1.02193,0.02419,0.00057,0.00013,0.97511
222.46001,1.02193,0.03096,0.00094,0.00022,0.96788
222.60001,1.02193,0.03700,0.00223,0.00016,0.96060
222.74001,1.02193,0.03246,0.00109,0.00017,0.96629
222.88000,1.02193,0.02783,0.00053,0.00025,0.97139
223.02000,1.02193,0.03269,0.00070,0.00025,0.96636
223.16000,1.02193,0.03781,0.00145,0.00038,0.96036
223.30000,1.02193,0.04846,0.00288,0.00037,0.94829
223.44000,1.02194,0.02879,0.00055,0.00013,0.97053
223.58000,1.02194,0.06432,0.00175,0.00046,0.93347
223.72000,1.02194,0.05838,0.00299,0.00055,0.93808
223.86000,1.02194,0.07836,0.00368,0.00059,0.91737
224.00000,1.02194,0.07950,0.00279,0.00067,0.91703
224.14000,1.02194,0.08313,0.00511,0.00073,0.91103
224.28000,1.02194,0.11542,0.00308,0.00059,0.88091
224.42000,1.02194,0.07122,0.01046,0.00058,0.91774
224.56000,1.02194,0.10193,0.00338,0.00061,0.89409
224.70000,1.02194,0.05209,0.00411,0.00023,0.94357
224.84000,1.02194,0.04626,0.01363,0.00048,0.93963
224.98000,1.02194,0.03900,0.00730,0.00030,0.95340
225.12000,1.02194,0.04202,0.00478,0.00039,0.95281
225.25999,1.02194,0.03815,0.00472,0.00023,0.95690
225.39999,1.02194,0.03730,0.00204,0.00025,0.96041
225.53999,1.02194,0.03324,0.00174,0.00022,0.96480
225.67999,1.02194,0.07765,0.00141,0.00032,0.92062
225.82001,1.02193,0.07690,0.00443,0.00060,0.91806
225.96001,1.02193,0.08975,0.00629,0.00083,0.90313
226.10001,1.02193,0.04791,0.00154,0.00021,0.95034
226.24001,1.02193,0.06648,0.00065,0.00021,0.93266
226.38000,1.02193,0.21456,0.00035,0.00059,0.78450
226.52000,1.02193,0.06366,0.00362,0.00033,0.93239
226.66000,1.02193,0.02748,0.00098,0.00012,0.97142
226.80000,1.02193,0.04618,0.00056,0.00084,0.95242
226.94000,1.02194,0.05543,0.01210,0.00036,0.93211
227.08000,1.02194,0.03177,0.00141,0.00021,0.96661
227.22000,1.02194,0.03165,0.00080,0.00022,0.96733
227.36000,1.02194,0.05035,0.00213,0.00033,0.94720
227.50000,1.02194,0.04637,0.00093,0.00034,0.95236
227.64000,1.02194,0.03570,0.00147,0.00022,0.96262
227.78000,1.02194,0.06179,0.00184,0.00036,0.93601
227.92000,1.02194,0.12044,0.00510,0.00076,0.87369
228.06000,1.02194,0.08290,0.00460,0.00048,0.91203
228.20000,1.02194,0.13106,0.00370,0.00063,0.86460
228.34000,1.02194,0.15247,0.00052,0.00067,0.84634
228.48000,1.02194,0.14105,0.00211,0.00072,0.85611
228.62000,1.02194,0.06199,0.00316,0.00051,0.93435
228.75999,1.02194,0.07482,0.00155,0.00069,0.92293
228.89999,1.02194,0.05969,0.00085,0.00027,0.93919
229.03999,1.02194,0.05252,0.00106,0.00044,0.94598
229.17999,1.02194,0.13970,0.00043,0.00077,0.85911
229.32001,1.02193,0.11698,0.00082,0.00059,0.88161
229.46001,1.02193,0.09509,0.00189,0.00070,0.90232
229.60001,1.02193,0.15015,0.00036,0.00064,0.84884
229.74001,1.02193,0.12897,0.00040,0.00045,0.87018
229.88000,1.02193,0.12903,0.00034,0.00050,0.87013
230.02000,1.02193,0.12714,0.00057,0.00054,0.87175
230.16000,1.02193,0.10445,0.00079,0.00055,0.89422
230.30000,1.02193,0.08735,0.00115,0.00059,0.91092
230.44000,1.02194,0.09363,0.00111,0.00049,0.90476
230.58000,1.02194,0.07988,0.00255,0.00070,0.91687
230.72000,1.02194,0.10358,0.00090,0.00052,0.89499
230.86000,1.02194,0.10512,0.00103,0.00040,0.89345
231.00000,1.02194,0.10740,0.00132,0.00066,0.89062
231.14000,1.02194,0.12258,0.00058,0.00043,0.87640
231.28000,1.02194,0.06414,0.00414,0.00033,0.93139
231.42000,1.02194,0.05996,0.00318,0.00045,0.93640
231.56000,1.02194,0.06192,0.00573,0.00037,0.93198
231.70000,1.02194,0.04367,0.00258,0.00057,0.95318
231.84000,1.02194,0.03661,0.00076,0.00019,0.96244
231.98000,1.02194,0.05776,0.00036,0.00015,0.94172
232.12000,1.02194,0.04035,0.00126,0.00032,0.95807
232.25999,1.02194,0.05193,0.00034,0.00014,0.94759
232.39999,1.02194,0.02092,0.00030,0.00011,0.97866
232.53999,1.02194,0.02897,0.00046,0.00017,0.97041
232.67999,1.02194,0.03262,0.00029,0.00009,0.96700
232.82001,1.02193,0.02913,0.00040,0.00013,0.97034
232.96001,1.02193,0.03439,0.00026,0.00014,0.96521
233.10001,1.02193,0.02520,0.00029,0.00009,0.97442
233.24001,1.02193,0.03683,0.00063,0.00024,0.96230
233.38000,1.02193,0.04943,0.00111,0.00030,0.94917
233.52000,1.02193,0.06194,0.00061,0.00026,0.93718
233.66000,1.02193,0.04706,0.00054,0.00037,0.95203
233.80000,1.02193,0.08612,0.00166,0.00052,0.91170
233.94000,1.02194,0.11220,0.00126,0.00080,0.88574
234.08000,1.02194,0.09449,0.00451,0.00056,0.90044
234.22000,1.02194,0.18097,0.00057,0.00073,0.81774
234.36000,1.02194,0.21499,0.00027,0.00074,0.78401
234.50000,1.02194,0.22899,0.00023,0.00074,0.77005
234.64000,1.02194,0.21191,0.00021,0.00072,0.78716
234.78000,1.02194,0.22724,0.00020,0.00073,0.77182
234.92000,1.02194,0.21020,0.00027,0.00068,0.78885
235.06000,1.02194,0.22257,0.00030,0.00083,0.77630
235.20000,1.02194,0.19502,0.00033,0.00071,0.80395
235.34000,1.02194,0.20559,0.00027,0.00068,0.79345
235.48000,1.02194,0.21978,0.00040,0.00073,0.77909
235.62000,1.02194,0.19807,0.00046,0.00117,0.80030
235.75999,1.02194,0.14408,0.00037,0.00039,0.85516
235.89999,1.02194,0.11788,0.00049,0.00042,0.88121
236.03999,1.02194,0.13018,0.00038,0.00045,0.86899
236.17999,1.02194,0.05206,0.00371,0.00027,0.94396
236.32001,1.02193,0.03900,0.00177,0.00027,0.95896
236.46001,1.02193,0.05127,0.00178,0.00034,0.94660
236.60001,1.02193,0.07173,0.00236,0.00054,0.92537
236.74001,1.02193,0.03799,0.00106,0.00018,0.96078
236.88000,1.02193,0.09059,0.00129,0.00047,0.90766
237.02000,1.02193,0.10512,0.00050,0.00052,0.89386
237.16000,1.02193,0.05920,0.00140,0.00038,0.93902
237.30000,1.02193,0.05370,0.00122,0.00030,0.94477
237.44000,1.02194,0.08304,0.00052,0.00057,0.91586
237.58000,1.02194,0.06865,0.00066,0.00024,0.93045
237.72000,1.02194,0.04627,0.00210,0.00075,0.95089
237.86000,1.02194,0.06397,0.00183,0.00043,0.93377
238.00000,1.02194,0.08981,0.00079,0.00024,0.90916
238.14000,1.02194,0.04923,0.00283,0.00055,0.94738
238.28000,1.02194,0.06284,0.00320,0.00036,0.93360
238.42000,1.02194,0.05567,0.00369,0.00050,0.94015
238.56000,1.02194,0.07537,0.00379,0.00080,0.92004
238.70000,1.02194,0.05912,0.00333,0.00036,0.93719
238.84000,1.02194,0.08541,0.00118,0.00051,0.91290
238.98000,1.02194,0.12206,0.00085,0.00058,0.87651
239.12000,1.02194,0.07022,0.00221,0.00049,0.92708
239.25999,1.02194,0.03780,0.00206,0.00021,0.95993
239.39999,1.02194,0.05088,0.00095,0.00029,0.94789
239.53999,1.02194,0.03837,0.00175,0.00023,0.95964
239.67999,1.02194,0.06964,0.00043,0.00026,0.92967
239.82001,1.02193,0.04564,0.00177,0.00035,0.95224
239.96001,1.02193,0.04551,0.00104,0.00022,0.95323
240.10001,1.02193,0.05045,0.00300,0.00043,0.94612
240.24001,1.02193,0.04845,0.00202,0.00065,0.94889
240.38000,1.02193,0.06042,0.00375,0.00050,0.93533
240.52000,1.02193,0.04013,0.00285,0.00031,0.95671
240.66000,1.02193,0.05931,0.00080,0.00044,0.93945
240.80000,1.02193,0.06488,0.00039,0.00019,0.93454
240.94000,1.02194,0.03792,0.00200,0.00028,0.95981
241.08000,1.02194,0.05751,0.00323,0.00062,0.93863
241.22000,1.02194,0.03909,0.00225,0.00027,0.95838
241.36000,1.02194,0.04392,0.00196,0.00039,0.95374
241.50000,1.02194,0.04454,0.00147,0.00031,0.95368
241.64000,1.02194,0.06675,0.00177,0.00045,0.93103
241.78000,1.02194,0.03152,0.00149,0.00017,0.96681
241.92000,1.02194,0.05587,0.00118,0.00030,0.94265
242.06000,1.02194,0.04487,0.00186,0.00044,0.95284
242.20000,1.02194,0.04488,0.00196,0.00031,0.95284
242.34000,1.02194,0.03281,0.00110,0.00023,0.96586
242.48000,1.02194,0.04060,0.00150,0.00038,0.95752
242.62000,1.02194,0.08169,0.00178,0.00043,0.91610
242.75999,1.02194,0.05389,0.00451,0.00053,0.94108
242.89999,1.02194,0.07436,0.00697,0.00079,0.91788
243.03999,1.02194,0.07070,0.02556,0.00098,0.90277
243.17999,1.02194,0.06191,0.01891,0.00068,0.91849
243.32001,1.02193,0.06017,0.01739,0.00050,0.92195
243.46001,1.02193,0.05120,0.01279,0.00037,0.93564
243.60001,1.02193,0.05039,0.01117,0.00058,0.93786
243.74001,1.02193,0.04572,0.00739,0.00040,0.94650
243.88000,1.02193,0.05096,0.00704,0.00045,0.94155
244.02000,1.02193,0.03760,0.00351,0.00030,0.95858
244.16000,1.02193,0.04618,0.00358,0.00037,0.94987
244.30000,1.02193,0.04041,0.00266,0.00033,0.95661
244.44000,1.02194,0.03330,0.00093,0.00019,0.96558
244.58000,1.02194,0.05820,0.00062,0.00034,0.94084
244.72000,1.02194,0.09300,0.00139,0.00037,0.90523
244.86000,1.02194,0.07784,0.00391,0.00068,0.91757
245.00000,1.02194,0.07740,0.00142,0.00068,0.92051
245.14000,1.02194,0.16636,0.00043,0.00057,0.83264
245.28000,1.02194,0.18089,0.00086,0.00085,0.81740
245.42000,1.02194,0.22794,0.00071,0.00108,0.77027
245.56000,1.02194,0.05810,0.00262,0.00032,0.93896
245.70000,1.02194,0.09165,0.00149,0.00045,0.90642
245.84000,1.02194,0.12287,0.00087,0.00047,0.87579
245.98000,1.02194,0.11683,0.00100,0.00057,0.88159
246.12000,1.02194,0.06221,0.00111,0.00032,0.93636
246.25999,1.02194,0.07782,0.00060,0.00036,0.92122
246.39999,1.02194,0.13911,0.00097,0.00080,0.85912
246.53999,1.02194,0.08686,0.00176,0.00051,0.91087
246.67999,1.02194,0.05782,0.00281,0.00043,0.93894
246.82001,1.02193,0.11221,0.00055,0.00053,0.88671
246.96001,1.02193,0.14347,0.00044,0.00050,0.85559
247.10001,1.02193,0.12727,0.00163,0.00066,0.87043
247.24001,1.02193,0.10387,0.00094,0.00061,0.89458
247.38000,1.02193,0.07145,0.00061,0.00017,0.92777
247.52000,1.02193,0.05351,0.00099,0.00026,0.94525
247.66000,1.02193,0.09358,0.00104,0.00038,0.90499
247.80000,1.02193,0.04330,0.00175,0.00025,0.95469
247.94000,1.02194,0.03926,0.00097,0.00027,0.95950
248.08000,1.02194,0.05735,0.00106,0.00042,0.94117
248.22000,1.02194,0.06143,0.00060,0.00029,0.93768
248.36000,1.02194,0.05706,0.00044,0.00018,0.94233
248.50000,1.02194,0.08875,0.00029,0.00042,0.91054
248.64000,1.02194,0.09262,0.00028,0.00027,0.90684
248.78000,1.02194,0.03308,0.00066,0.00016,0.96611
248.92000,1.02194,0.08196,0.00125,0.00055,0.91625
249.06000,1.02194,0.07003,0.00285,0.00067,0.92646
249.20000,1.02194,0.05802,0.00163,0.00030,0.94005
249.34000,1.02194,0.03802,0.00077,0.00032,0.96089
249.48000,1.02194,0.10321,0.00029,0.00028,0.89622
249.62000,1.02194,0.04812,0.00181,0.00025,0.94982
249.75999,1.02194,0.03971,0.00090,0.00026,0.95914
249.89999,1.02194,0.03903,0.00035,0.00013,0.96049
250.03999,1.02194,0.02723,0.00022,0.00013,0.97243
250.17999,1.02194,0.05438,0.00043,0.00018,0.94500
250.32001,1.02193,0.09982,0.00025,0.00030,0.89963
250.46001,1.02193,0.04904,0.00110,0.00023,0.94962
250.60001,1.02193,0.07652,0.00186,0.00076,0.92086
250.74001,1.02193,0.08381,0.00031,0.00020,0.91568
250.88000,1.02193,0.11645,0.00021,0.00038,0.88296
251.02000,1.02193,0.17242,0.00042,0.00067,0.82649
251.16000,1.02193,0.05713,0.00366,0.00037,0.93884
251.30000,1.02193,0.05973,0.00222,0.00038,0.93767
251.44000,1.02194,0.10468,0.00064,0.00049,0.89419
251.58000,1.02194,0.10175,0.00051,0.00040,0.89734
251.72000,1.02194,0.11070,0.00070,0.00069,0.88790
251.86000,1.02194,0.12426,0.00083,0.00054,0.87437
252.00000,1.02194,0.05366,0.00264,0.00052,0.94318
252.14000,1.02194,0.08099,0.00205,0.00053,0.91642
252.28000,1.02194,0.05971,0.00208,0.00041,0.93780
252.42000,1.02194,0.06956,0.00110,0.00047,0.92887
252.56000,1.02194,0.13663,0.00038,0.00054,0.86244
252.70000,1.02194,0.05840,0.00200,0.00045,0.93915
252.84000,1.02194,0.04698,0.00088,0.00025,0.95189
252.98000,1.02194,0.06986,0.00016,0.00015,0.92982
253.12000,1.02194,0.06870,0.00084,0.00029,0.93017
253.25999,1.02194,0.09443,0.00040,0.00033,0.90484
253.39999,1.02194,0.02980,0.00161,0.00018,0.96841
253.53999,1.02194,0.03808,0.00105,0.00019,0.96068
253.67999,1.02194,0.09293,0.00117,0.00042,0.90547
253.82001,1.02193,0.04841,0.00151,0.00031,0.94978
253.96001,1.02193,0.07264,0.00047,0.00034,0.92655
254.10001,1.02193,0.10217,0.00148,0.00069,0.89566
254.24001,1.02193,0.12676,0.00267,0.00120,0.86937
254.38000,1.02193,0.16826,0.00728,0.00102,0.82344
254.52000,1.02193,0.18624,0.00824,0.00264,0.80288
254.66000,1.02193,0.26566,0.00083,0.00135,0.73216
254.80000,1.02193,0.10699,0.00186,0.00034,0.89080
254.94000,1.02194,0.17316,0.00075,0.00063,0.82546
255.08000,1.02193,0.16585,0.00208,0.00070,0.83137
255.22000,1.02194,0.05295,0.00291,0.00038,0.94376
255.36000,1.02193,0.07192,0.00290,0.00087,0.92432
255.50000,1.02194,0.08928,0.00224,0.00090,0.90758
255.64000,1.02193,0.09200,0.00367,0.00056,0.90376
255.78000,1.02194,0.15551,0.00107,0.00128,0.84213
255.92000,1.02193,0.20320,0.00082,0.00088,0.79509
256.06000,1.02194,0.08668,0.01009,0.00068,0.90255
256.20001,1.02191,0.24991,0.00184,0.00132,0.74692
256.34000,1.02194,0.15349,0.00178,0.00099,0.84374
256.48001,1.02191,0.06376,0.00237,0.00042,0.93345
256.62000,1.02194,0.07906,0.00029,0.00013,0.92051
256.76001,1.02194,0.05781,0.00225,0.00020,0.93973
256.89999,1.02194,0.04842,0.00301,0.00041,0.94816
257.04001,1.02194,0.04780,0.00247,0.00045,0.94928
257.17999,1.02194,0.05745,0.00271,0.00050,0.93934
257.32001,1.02194,0.07989,0.01222,0.00092,0.90698
257.45999,1.02194,0.13828,0.00332,0.00079,0.85760
257.60001,1.02194,0.06116,0.01030,0.00072,0.92781
257.73999,1.02194,0.04694,0.00292,0.00031,0.94983
257.88000,1.02194,0.04735,0.00206,0.00040,0.95020
258.01999,1.02194,0.06542,0.00114,0.00029,0.93316
258.16000,1.02194,0.04874,0.00224,0.00053,0.94849
258.29999,1.02194,0.05501,0.00122,0.00061,0.94315
258.44000,1.02194,0.08945,0.00107,0.00049,0.90899
258.57999,1.02194,0.05568,0.00223,0.00090,0.94120
258.72000,1.02194,0.12388,0.00060,0.00047,0.87505
258.85999,1.02194,0.03925,0.00186,0.00032,0.95857
259.00000,1.02194,0.04230,0.00061,0.00026,0.95683
259.14001,1.02191,0.05895,0.00014,0.00010,0.94081
259.28000,1.02194,0.05834,0.00030,0.00020,0.94116
259.42001,1.02191,0.07640,0.00022,0.00014,0.92324
259.56000,1.02194,0.05630,0.00020,0.00016,0.94335
259.70001,1.02191,0.05557,0.00034,0.00028,0.94381
259.84000,1.02194,0.05802,0.00285,0.00028,0.93885
259.98001,1.02191,0.05394,0.00202,0.00027,0.94377
260.12000,1.02194,0.05794,0.00076,0.00017,0.94113
260.26001,1.02194,0.02726,0.00074,0.00015,0.97184
260.39999,1.02194,0.06540,0.00272,0.00048,0.93140
260.54001,1.02194,0.05025,0.00330,0.00045,0.94601
260.67999,1.02194,0.03184,0.00174,0.00015,0.96627
260.82001,1.02194,0.03911,0.00073,0.00023,0.95992
260.95999,1.02194,0.16602,0.00107,0.00044,0.83246
261.10001,1.02194,0.13744,0.00551,0.00051,0.85654
261.23999,1.02194,0.08183,0.00279,0.00052,0.91487
261.38000,1.02194,0.10812,0.00192,0.00091,0.88906
261.51999,1.02194,0.20605,0.00054,0.00061,0.79280
261.66000,1.02194,0.13643,0.00434,0.00114,0.85810
261.79999,1.02194,0.06992,0.00415,0.00036,0.92557
261.94000,1.02194,0.04738,0.00250,0.00039,0.94972
262.07999,1.02194,0.06974,0.00546,0.00065,0.92414
262.22000,1.02194,0.04989,0.00320,0.00030,0.94661
262.35999,1.02194,0.04453,0.00256,0.00041,0.95250
262.50000,1.02194,0.07996,0.00382,0.00048,0.91574
262.64001,1.02191,0.04592,0.00572,0.00039,0.94797
262.78000,1.02194,0.05232,0.00321,0.00045,0.94402
262.92001,1.02191,0.04302,0.00379,0.00026,0.95293
263.06000,1.02194,0.07774,0.00405,0.00041,0.91780
263.20001,1.02191,0.04060,0.00255,0.00031,0.95654
263.34000,1.02194,0.03580,0.00182,0.00020,0.96217
263.48001,1.02191,0.04064,0.00158,0.00027,0.95750
263.62000,1.02194,0.04542,0.00046,0.00028,0.95384
263.76001,1.02194,0.03097,0.00028,0.00012,0.96864
263.89999,1.02194,0.04266,0.00047,0.00017,0.95670
264.04001,1.02194,0.06804,0.00043,0.00030,0.93123
264.17999,1.02194,0.04233,0.00135,0.00026,0.95607
264.32001,1.02194,0.05967,0.00105,0.00043,0.93885
264.45999,1.02194,0.09426,0.00161,0.00038,0.90374
264.60001,1.02194,0.08243,0.00122,0.00045,0.91590
264.73999,1.02194,0.07005,0.00475,0.00062,0.92458
264.88000,1.02194,0.06341,0.00634,0.00059,0.92967
265.01999,1.02194,0.05906,0.00321,0.00048,0.93725
265.16000,1.02194,0.13127,0.00099,0.00076,0.86698
265.29999,1.02194,0.17647,0.00129,0.00084,0.82139
265.44000,1.02194,0.13152,0.00113,0.00084,0.86652
265.57999,1.02194,0.11805,0.00055,0.00064,0.88076
265.72000,1.02194,0.11874,0.00008,0.00021,0.88097
265.85999,1.02194,0.12819,0.00015,0.00033,0.87134
266.00000,1.02194,0.13099,0.00049,0.00052,0.86800
266.14001,1.02191,0.05513,0.00275,0.00039,0.94174
266.28000,1.02194,0.08129,0.00192,0.00068,0.91611
266.42001,1.02191,0.05704,0.00212,0.00062,0.94022
266.56000,1.02194,0.05382,0.00060,0.00023,0.94535
266.70001,1.02191,0.02928,0.00080,0.00015,0.96977
266.84000,1.02194,0.07663,0.00136,0.00027,0.92174
266.98001,1.02191,0.05249,0.00148,0.00016,0.94587
267.12000,1.02194,0.04015,0.00048,0.00013,0.95924
267.26001,1.02194,0.05674,0.00114,0.00036,0.94176
267.39999,1.02194,0.12910,0.00090,0.00049,0.86950
267.54001,1.02194,0.15529,0.00089,0.00089,0.84293
267.67999,1.02194,0.09658,0.00129,0.00050,0.90163
267.82001,1.02194,0.06443,0.00180,0.00040,0.93337
267.95999,1.02194,0.08913,0.00325,0.00066,0.90697
268.10001,1.02194,0.08824,0.00220,0.00063,0.90894
268.23999,1.02194,0.07992,0.00187,0.00047,0.91775
268.38000,1.02194,0.13027,0.00050,0.00057,0.86866
268.51999,1.02194,0.18367,0.00033,0.00080,0.81520
268.66000,1.02194,0.10583,0.00156,0.00063,0.89198
268.79999,1.02194,0.14164,0.00043,0.00055,0.85738
268.94000,1.02194,0.15482,0.00035,0.00069,0.84414
269.07999,1.02194,0.13027,0.00052,0.00068,0.86852
269.22000,1.02194,0.14973,0.00049,0.00060,0.84918
269.35999,1.02194,0.15069,0.00029,0.00064,0.84838
269.50000,1.02194,0.13709,0.00039,0.00049,0.86203
269.64001,1.02191,0.08873,0.00033,0.00030,0.91064
269.78000,1.02194,0.08956,0.00015,0.00020,0.91009
269.92001,1.02191,0.12664,0.00006,0.00018,0.87312
270.06000,1.02194,0.10678,0.00019,0.00029,0.89274
270.20001,1.02191,0.06591,0.00025,0.00011,0.93373
270.34000,1.02194,0.05374,0.00044,0.00033,0.94549
270.48001,1.02191,0.10044,0.00033,0.00026,0.89897
270.62000,1.02194,0.13162,0.00019,0.00036,0.86783
270.76001,1.02194,0.12273,0.00034,0.00047,0.87646
270.89999,1.02194,0.08686,0.00098,0.00050,0.91166
271.04001,1.02194,0.07523,0.00112,0.00045,0.92320
271.17999,1.02194,0.09159,0.00111,0.00062,0.90667
271.32001,1.02194,0.15876,0.00041,0.00072,0.84012
271.45999,1.02194,0.12687,0.00091,0.00061,0.87161
271.60001,1.02194,0.19182,0.00044,0.00078,0.80696
271.73999,1.02194,0.24894,0.00027,0.00084,0.74996
271.88000,1.02194,0.25100,0.00027,0.00092,0.74780
272.01999,1.02194,0.21832,0.00023,0.00091,0.78054
272.16000,1.02194,0.16452,0.00014,0.00035,0.83499
272.29999,1.02194,0.15412,0.00010,0.00033,0.84546
272.44000,1.02194,0.28764,0.00017,0.00058,0.71160
272.57999,1.02194,0.35485,0.00023,0.00066,0.64426
272.72000,1.02194,0.43042,0.00016,0.00035,0.56908
272.85999,1.02194,0.83130,0.00001,0.00024,0.16844
273.00000,1.02194,0.92888,0.00000,0.00019,0.07094
273.14001,1.02191,0.97148,0.00000,0.00011,0.02841
273.28000,1.02194,0.98599,0.00000,0.00006,0.01394
273.42001,1.02191,0.99273,0.00000,0.00004,0.00723
273.56000,1.02194,0.99658,0.00000,0.00004,0.00338
273.70001,1.02191,0.99794,0.00000,0.00002,0.00204
273.84000,1.02194,0.99915,0.00000,0.00001,0.00084
273.98001,1.02191,0.99863,0.00000,0.00002,0.00135
274.12000,1.02194,0.99798,0.00000,0.00002,0.00200
274.26001,1.02194,0.98628,0.00000,0.00006,0.01366
274.39999,1.02194,0.97719,0.00000,0.00008,0.02273
274.54001,1.02194,0.97122,0.00000,0.00012,0.02866
274.67999,1.02194,0.97727,0.00000,0.00009,0.02264
274.82001,1.02194,0.98194,0.00000,0.00007,0.01799
274.95999,1.02194,0.99515,0.00000,0.00004,0.00482
275.10001,1.02194,0.99787,0.00000,0.00002,0.00211
275.23999,1.02194,0.99927,0.00000,0.00001,0.00072
275.38000,1.02194,0.99938,0.00000,0.00001,0.00061
275.51999,1.02194,0.99386,0.00000,0.00006,0.00608
275.66000,1.02194,0.98441,0.00000,0.00013,0.01547
275.79999,1.02194,0.92480,0.00000,0.00025,0.07495
275.94000,1.02194,0.88558,0.00000,0.00035,0.11407
276.07999,1.02194,0.93561,0.00000,0.00028,0.06411
276.22000,1.02194,0.97045,0.00000,0.00013,0.02943
276.35999,1.02194,0.98256,0.00000,0.00009,0.01736
276.50000,1.02194,0.88481,0.00000,0.00027,0.11492
276.64001,1.02191,0.85246,0.00000,0.00086,0.14668
276.78000,1.02194,0.55688,0.00000,0.00016,0.44296
276.92001,1.02191,0.36882,0.00000,0.00029,0.63089
277.06000,1.02194,0.40909,0.00001,0.00050,0.59040
277.20001,1.02191,0.07126,0.00011,0.00029,0.92834
277.34000,1.02194,0.14899,0.00002,0.00046,0.85053
277.48001,1.02191,0.56327,0.00011,0.00055,0.43606
277.62000,1.02194,0.88074,0.00001,0.00029,0.11895
277.76001,1.02194,0.80420,0.00002,0.00026,0.19552
277.89999,1.02194,0.84282,0.00000,0.00068,0.15650
278.04001,1.02194,0.94127,0.00000,0.00024,0.05849
278.17999,1.02194,0.99015,0.00000,0.00007,0.00978
278.32001,1.02194,0.98739,0.00000,0.00008,0.01253
278.45999,1.02194,0.89142,0.00001,0.00059,0.10798
278.60001,1.02194,0.91814,0.00000,0.00032,0.08154
278.73999,1.02194,0.74069,0.00000,0.00090,0.25840
278.88000,1.02194,0.64725,0.00000,0.00259,0.35016
279.01999,1.02194,0.67006,0.00000,0.00017,0.32977
279.16000,1.02194,0.83146,0.00000,0.00034,0.16820
279.29999,1.02194,0.99292,0.00000,0.00003,0.00705
279.44000,1.02194,0.99756,0.00000,0.00001,0.00243
279.57999,1.02194,0.99995,0.00000,0.00000,0.00005
279.72000,1.02194,0.99999,0.00000,0.00000,0.00001
279.85999,1.02194,0.99994,0.00000,0.00000,0.00005
280.00000,1.02194,0.99873,0.00000,0.00004,0.00123
280.14001,1.02191,0.97762,0.00000,0.00032,0.02207
280.28000,1.02194,0.98043,0.00000,0.00016,0.01941
280.42001,1.02191,0.99833,0.00000,0.00006,0.00160
280.56000,1.02194,0.99975,0.00000,0.00003,0.00022
280.70001,1.02191,0.99994,0.00000,0.00001,0.00005
280.84000,1.02194,0.99996,0.00000,0.00001,0.00003
280.98001,1.02191,0.99999,0.00000,0.00000,0.00000
281.12000,1.02194,1.00000,0.00000,0.00000,0.00000
281.26001,1.02194,1.00000,0.00000,0.00000,0.00000
281.39999,1.02194,1.00000,0.00000,0.00000,0.00000
281.54001,1.02194,1.00000,0.00000,0.00000,0.00000
281.67999,1.02194,1.00000,0.00000,0.00000,0.00000
281.82001,1.02194,1.00000,0.00000,0.00000,0.00000
281.95999,1.02194,1.00000,0.00000,0.00000,0.00000
282.10001,1.02194,1.00000,0.00000,0.00000,0.00000
282.23999,1.02194,1.00000,0.00000,0.00000,0.00000
282.38000,1.02194,1.00000,0.00000,0.00000,0.00000
282.51999,1.02194,1.00000,0.00000,0.00000,0.00000
282.66000,1.02194,1.00000,0.00000,0.00000,0.00000
282.79999,1.02194,1.00000,0.00000,0.00000,0.00000
282.94000,1.02194,1.00000,0.00000,0.00000,0.00000
283.07999,1.02194,1.00000,0.00000,0.00000,0.00000
283.22000,1.02194,1.00000,0.00000,0.00000,0.00000
283.35999,1.02194,1.00000,0.00000,0.00000,0.00000
283.50000,1.02194,1.00000,0.00000,0.00000,0.00000
283.64001,1.02191,1.00000,0.00000,0.00000,0.00000
283.78000,1.02194,1.00000,0.00000,0.00000,0.00000
283.92001,1.02191,1.00000,0.00000,0.00000,0.00000
284.06000,1.02194,1.00000,0.00000,0.00000,0.00000
284.20001,1.02191,1.00000,0.00000,0.00000,0.00000
284.34000,1.02194,1.00000,0.00000,0.00000,0.00000
284.48001,1.02191,1.00000,0.00000,0.00000,0.00000
284.62000,1.02194,1.00000,0.00000,0.00000,0.00000
284.76001,1.02194,1.00000,0.00000,0.00000,0.00000
284.89999,1.02194,1.00000,0.00000,0.00000,0.00000
285.04001,1.02194,1.00000,0.00000,0.00000,0.00000
285.17999,1.02194,1.00000,0.00000,0.00000,0.00000
285.32001,1.02194,1.00000,0.00000,0.00000,0.00000
285.45999,1.02194,1.00000,0.00000,0.00000,0.00000
285.60001,1.02194,1.00000,0.00000,0.00000,0.00000
285.73999,1.02194,1.00000,0.00000,0.00000,0.00000
285.88000,1.02194,1.00000,0.00000,0.00000,0.00000
286.01999,1.02194,1.00000,0.00000,0.00000,0.00000
286.16000,1.02194,1.00000,0.00000,0.00000,0.00000
286.29999,1.02194,1.00000,0.00000,0.00000,0.00000
286.44000,1.02194,1.00000,0.00000,0.00000,0.00000
286.57999,1.02194,1.00000,0.00000,0.00000,0.00000
286.72000,1.02194,1.00000,0.00000,0.00000,0.00000
286.85999,1.02194,1.00000,0.00000,0.00000,0.00000
287.00000,1.02194,1.00000,0.00000,0.00000,0.00000
287.14001,1.02191,1.00000,0.00000,0.00000,0.00000
287.28000,1.02194,1.00000,0.00000,0.00000,0.00000
287.42001,1.02191,1.00000,0.00000,0.00000,0.00000
287.56000,1.02194,1.00000,0.00000,0.00000,0.00000
287.70001,1.02191,1.00000,0.00000,0.00000,0.00000
287.84000,1.02194,1.00000,0.00000,0.00000,0.00000
287.98001,1.02191,1.00000,0.00000,0.00000,0.00000
288.12000,1.02194,1.00000,0.00000,0.00000,0.00000
288.26001,1.02194,1.00000,0.00000,0.00000,0.00000
288.39999,1.02194,1.00000,0.00000,0.00000,0.00000
288.54001,1.02194,1.00000,0.00000,0.00000,0.00000
288.67999,1.02194,1.00000,0.00000,0.00000,0.00000
288.82001,1.02194,1.00000,0.00000,0.00000,0.00000
288.95999,1.02194,1.00000,0.00000,0.00000,0.00000
289.10001,1.02194,1.00000,0.00000,0.00000,0.00000
289.23999,1.02194,1.00000,0.00000,0.00000,0.00000
289.38000,1.02194,1.00000,0.00000,0.00000,0.00000
289.51999,1.02194,1.00000,0.00000,0.00000,0.00000
289.66000,1.02194,1.00000,0.00000,0.00000,0.00000
289.79999,1.02194,1.00000,0.00000,0.00000,0.00000
289.94000,1.02194,1.00000,0.00000,0.00000,0.00000
290.07999,1.02194,1.00000,0.00000,0.00000,0.00000
290.22000,1.02194,1.00000,0.00000,0.00000,0.00000
290.35999,1.02194,1.00000,0.00000,0.00000,0.00000
290.50000,1.02194,1.00000,0.00000,0.00000,0.00000
290.64001,1.02191,1.00000,0.00000,0.00000,0.00000
290.78000,1.02194,1.00000,0.00000,0.00000,0.00000
290.92001,1.02191,1.00000,0.00000,0.00000,0.00000
291.06000,1.02194,1.00000,0.00000,0.00000,0.00000
291.20001,1.02191,1.00000,0.00000,0.00000,0.00000
291.34000,1.02194,1.00000,0.00000,0.00000,0.00000
291.48001,1.02191,1.00000,0.00000,0.00000,0.00000
291.62000,1.02194,1.00000,0.00000,0.00000,0.00000
291.76001,1.02194,1.00000,0.00000,0.00000,0.00000
291.89999,1.02194,0.99999,0.00000,0.00000,0.00001
292.04001,1.02194,0.99984,0.00000,0.00002,0.00014
292.17999,1.02194,0.99851,0.00000,0.00006,0.00144
292.32001,1.02194,0.99941,0.00000,0.00004,0.00055
292.45999,1.02194,0.99988,0.00000,0.00002,0.00010
292.60001,1.02194,0.99999,0.00000,0.00000,0.00000
292.73999,1.02194,1.00000,0.00000,0.00000,0.00000
292.88000,1.02194,1.00000,0.00000,0.00000,0.00000
293.01999,1.02194,1.00000,0.00000,0.00000,0.00000
293.16000,1.02194,1.00000,0.00000,0.00000,0.00000
293.29999,1.02194,1.00000,0.00000,0.00000,0.00000
293.44000,1.02194,1.00000,0.00000,0.00000,0.00000
293.57999,1.02194,1.00000,0.00000,0.00000,0.00000
293.72000,1.02194,1.00000,0.00000,0.00000,0.00000
293.85999,1.02194,1.00000,0.00000,0.00000,0.00000
294.00000,1.02194,1.00000,0.00000,0.00000,0.00000
294.14001,1.02191,1.00000,0.00000,0.00000,0.00000
294.28000,1.02194,1.00000,0.00000,0.00000,0.00000
294.42001,1.02191,1.00000,0.00000,0.00000,0.00000
294.56000,1.02194,1.00000,0.00000,0.00000,0.00000
294.70001,1.02191,0.99999,0.00000,0.00000,0.00001
294.84000,1.02194,0.99998,0.00000,0.00001,0.00001
294.98001,1.02191,0.99997,0.00000,0.00001,0.00002
295.12000,1.02194,0.99997,0.00000,0.00001,0.00002
295.26001,1.02194,0.99997,0.00000,0.00001,0.00002
295.39999,1.02194,0.99997,0.00000,0.00000,0.00002
295.54001,1.02194,0.99998,0.00000,0.00000,0.00002
295.67999,1.02194,0.99998,0.00000,0.00000,0.00002
295.82001,1.02194,0.99999,0.00000,0.00000,0.00001
295.95999,1.02194,0.99999,0.00000,0.00000,0.00001
296.10001,1.02194,0.99999,0.00000,0.00000,0.00000
296.23999,1.02194,0.99999,0.00000,0.00000,0.00000
296.38000,1.02194,1.00000,0.00000,0.00000,0.00000
296.51999,1.02194,1.00000,0.00000,0.00000,0.00000
296.66000,1.02194,1.00000,0.00000,0.00000,0.00000
296.79999,1.02194,0.99990,0.00000,0.00001,0.00009
296.94000,1.02194,0.99892,0.00000,0.00003,0.00106
297.07999,1.02194,0.99945,0.00000,0.00001,0.00055
297.22000,1.02194,0.99990,0.00000,0.00000,0.00009
297.35999,1.02194,0.99999,0.00000,0.00000,0.00001
297.50000,1.02194,1.00000,0.00000,0.00000,0.00000
297.64001,1.02191,1.00000,0.00000,0.00000,0.00000
297.78000,1.02194,1.00000,0.00000,0.00000,0.00000
297.92001,1.02191,1.00000,0.00000,0.00000,0.00000
298.06000,1.02194,1.00000,0.00000,0.00000,0.00000
298.20001,1.02191,1.00000,0.00000,0.00000,0.00000
298.34000,1.02194,1.00000,0.00000,0.00000,0.00000
298.48001,1.02191,1.00000,0.00000,0.00000,0.00000
298.62000,1.02194,1.00000,0.00000,0.00000,0.00000
298.76001,1.02194,1.00000,0.00000,0.00000,0.00000
298.89999,1.02194,1.00000,0.00000,0.00000,0.00000
