Time (seconds), Duration (seconds),pred_(unlabeled),pred_brushing_teeth,pred_hair_drying,pred_showering
0.00000,1.02194,1.00000,0.00000,0.00000,0.00000
0.14000,1.02194,1.00000,0.00000,0.00000,0.00000
0.28000,1.02194,1.00000,0.00000,0.00000,0.00000
0.42000,1.02194,1.00000,0.00000,0.00000,0.00000
0.56000,1.02194,1.00000,0.00000,0.00000,0.00000
0.70000,1.02194,1.00000,0.00000,0.00000,0.00000
0.84000,1.02194,1.00000,0.00000,0.00000,0.00000
0.98000,1.02194,1.00000,0.00000,0.00000,0.00000
1.12000,1.02194,1.00000,0.00000,0.00000,0.00000
1.26000,1.02194,1.00000,0.00000,0.00000,0.00000
1.40000,1.02194,1.00000,0.00000,0.00000,0.00000
1.54000,1.02194,1.00000,0.00000,0.00000,0.00000
1.68000,1.02194,1.00000,0.00000,0.00000,0.00000
1.82000,1.02194,1.00000,0.00000,0.00000,0.00000
1.96000,1.02194,1.00000,0.00000,0.00000,0.00000
2.10000,1.02194,1.00000,0.00000,0.00000,0.00000
2.24000,1.02194,1.00000,0.00000,0.00000,0.00000
2.38000,1.02194,1.00000,0.00000,0.00000,0.00000
2.52000,1.02194,1.00000,0.00000,0.00000,0.00000
2.66000,1.02194,1.00000,0.00000,0.00000,0.00000
2.80000,1.02194,1.00000,0.00000,0.00000,0.00000
2.94000,1.02194,1.00000,0.00000,0.00000,0.00000
3.08000,1.02194,1.00000,0.00000,0.00000,0.00000
3.22000,1.02194,1.00000,0.00000,0.00000,0.00000
3.36000,1.02194,1.00000,0.00000,0.00000,0.00000
3.50000,1.02194,1.00000,0.00000,0.00000,0.00000
3.64000,1.02194,1.00000,0.00000,0.00000,0.00000
3.78000,1.02194,1.00000,0.00000,0.00000,0.00000
3.92000,1.02194,0.99996,0.00000,0.00000,0.00004
4.06000,1.02194,0.99980,0.00000,0.00001,0.00019
4.20000,1.02194,0.99964,0.00000,0.00001,0.00035
4.34000,1.02194,0.99990,0.00000,0.00001,0.00009
4.48000,1.02194,0.99998,0.00000,0.00000,0.00002
4.62000,1.02194,1.00000,0.00000,0.00000,0.00000
4.76000,1.02194,1.00000,0.00000,0.00000,0.00000
4.90000,1.02194,1.00000,0.00000,0.00000,0.00000
5.04000,1.02194,1.00000,0.00000,0.00000,0.00000
5.18000,1.02194,1.00000,0.00000,0.00000,0.00000
5.32000,1.02194,1.00000,0.00000,0.00000,0.00000
5.46000,1.02194,0.99999,0.00000,0.00000,0.00001
5.60000,1.02194,0.99995,0.00000,0.00001,0.00004
5.74000,1.02194,0.99759,0.00000,0.00006,0.00234
5.88000,1.02194,0.97396,0.00000,0.00034,0.02570
6.02000,1.02194,0.95336,0.00000,0.00007,0.04658
6.16000,1.02194,0.94535,0.00000,0.00009,0.05455
6.30000,1.02194,0.99042,0.00000,0.00005,0.00953
6.44000,1.02194,0.97044,0.00000,0.00003,0.02953
6.58000,1.02194,0.99891,0.00000,0.00002,0.00107
6.72000,1.02194,0.99988,0.00000,0.00000,0.00011
6.86000,1.02194,0.99997,0.00000,0.00000,0.00003
7.00000,1.02194,0.99998,0.00000,0.00000,0.00001
7.14000,1.02194,0.99999,0.00000,0.00000,0.00001
7.28000,1.02194,1.00000,0.00000,0.00000,0.00000
7.42000,1.02194,1.00000,0.00000,0.00000,0.00000
7.56000,1.02194,1.00000,0.00000,0.00000,0.00000
7.70000,1.02194,1.00000,0.00000,0.00000,0.00000
7.84000,1.02194,1.00000,0.00000,0.00000,0.00000
7.98000,1.02194,1.00000,0.00000,0.00000,0.00000
8.12000,1.02194,1.00000,0.00000,0.00000,0.00000
8.26000,1.02194,1.00000,0.00000,0.00000,0.00000
8.40000,1.02194,0.99999,0.00000,0.00000,0.00000
8.54000,1.02194,0.99999,0.00000,0.00000,0.00001
8.68000,1.02194,0.99998,0.00000,0.00000,0.00002
8.82000,1.02194,0.99995,0.00000,0.00000,0.00005
8.96000,1.02194,0.99975,0.00000,0.00001,0.00024
9.10000,1.02194,0.99967,0.00000,0.00001,0.00033
9.24000,1.02194,0.99973,0.00000,0.00001,0.00026
9.38000,1.02194,0.99982,0.00000,0.00000,0.00018
9.52000,1.02194,0.99988,0.00000,0.00000,0.00012
9.66000,1.02194,0.99998,0.00000,0.00000,0.00002
9.80000,1.02194,0.99999,0.00000,0.00000,0.00001
9.94000,1.02194,1.00000,0.00000,0.00000,0.00000
10.08000,1.02194,1.00000,0.00000,0.00000,0.00000
10.22000,1.02194,0.99999,0.00000,0.00000,0.00001
10.36000,1.02194,0.99994,0.00000,0.00000,0.00006
10.50000,1.02194,0.99929,0.00000,0.00002,0.00068
10.64000,1.02194,0.99320,0.00001,0.00017,0.00662
10.78000,1.02194,0.98950,0.00002,0.00031,0.01017
10.92000,1.02194,0.99425,0.00001,0.00019,0.00556
11.06000,1.02194,0.99851,0.00000,0.00006,0.00143
11.20000,1.02194,0.99951,0.00000,0.00002,0.00047
11.34000,1.02194,0.99979,0.00000,0.00001,0.00021
11.48000,1.02194,0.99994,0.00000,0.00000,0.00006
11.62000,1.02194,0.99995,0.00000,0.00000,0.00005
11.76000,1.02194,0.99996,0.00000,0.00000,0.00004
11.90000,1.02194,0.99994,0.00000,0.00000,0.00006
12.04000,1.02194,0.99990,0.00000,0.00000,0.00010
12.18000,1.02194,0.99852,0.00000,0.00004,0.00144
12.32000,1.02194,0.98473,0.00000,0.00022,0.01504
12.46000,1.02194,0.86433,0.00001,0.00049,0.13517
12.60000,1.02194,0.75481,0.00004,0.00102,0.24414
12.74000,1.02194,0.74505,0.00014,0.00167,0.25314
12.88000,1.02194,0.59293,0.00170,0.00212,0.40324
13.02000,1.02194,0.39472,0.00041,0.00229,0.60257
13.16000,1.02194,0.31524,0.00036,0.00315,0.68125
13.30000,1.02194,0.26318,0.00002,0.00044,0.73636
13.44000,1.02194,0.47239,0.00011,0.00064,0.52686
13.58000,1.02194,0.73123,0.00061,0.00069,0.26747
13.72000,1.02194,0.63202,0.01362,0.00068,0.35367
13.86000,1.02194,0.79563,0.03253,0.00473,0.16711
14.00000,1.02194,0.92422,0.05006,0.00090,0.02482
14.14000,1.02194,0.95107,0.02570,0.00123,0.02201
14.28000,1.02194,0.89913,0.00958,0.00283,0.08846
14.42000,1.02194,0.73391,0.00015,0.00161,0.26433
14.56000,1.02194,0.57787,0.00002,0.00337,0.41874
14.70000,1.02194,0.41156,0.00000,0.00021,0.58823
14.84000,1.02194,0.45586,0.00000,0.00018,0.54396
14.98000,1.02194,0.42338,0.00000,0.00009,0.57652
15.12000,1.02194,0.64704,0.00000,0.00034,0.35262
15.26000,1.02194,0.95059,0.00000,0.00008,0.04933
15.40000,1.02194,0.99898,0.00000,0.00001,0.00101
15.54000,1.02194,0.99995,0.00000,0.00000,0.00005
15.68000,1.02194,0.99998,0.00000,0.00000,0.00001
15.82000,1.02194,0.99998,0.00000,0.00000,0.00002
15.96000,1.02194,0.99996,0.00000,0.00000,0.00003
16.10000,1.02194,0.99901,0.00000,0.00002,0.00096
16.24000,1.02194,0.97250,0.00000,0.00032,0.02718
16.38000,1.02194,0.90221,0.00000,0.00017,0.09763
16.52000,1.02194,0.95239,0.00000,0.00019,0.04742
16.66000,1.02194,0.90548,0.00000,0.00096,0.09356
16.80000,1.02194,0.37765,0.00001,0.00078,0.62156
16.94000,1.02194,0.89764,0.00000,0.00017,0.10219
17.08000,1.02194,0.98540,0.00000,0.00013,0.01447
17.22000,1.02194,0.96811,0.00000,0.00017,0.03172
17.36000,1.02194,0.93827,0.00001,0.00071,0.06101
17.50000,1.02194,0.89542,0.00001,0.00070,0.10387
17.64000,1.02194,0.70099,0.00001,0.00051,0.29849
17.78000,1.02194,0.32172,0.00011,0.00036,0.67781
17.92000,1.02194,0.27001,0.00033,0.00034,0.72932
18.06000,1.02194,0.12673,0.00318,0.00045,0.86963
18.20000,1.02194,0.04064,0.00434,0.00027,0.95475
18.34000,1.02194,0.04001,0.00165,0.00033,0.95801
18.48000,1.02194,0.04407,0.00165,0.00027,0.95400
18.62000,1.02194,0.04734,0.00211,0.00035,0.95020
18.76000,1.02194,0.07836,0.00096,0.00048,0.92020
18.90000,1.02194,0.06198,0.00154,0.00027,0.93620
19.04000,1.02194,0.04720,0.00126,0.00032,0.95121
19.18000,1.02194,0.11786,0.00119,0.00045,0.88050
19.32000,1.02194,0.06122,0.00256,0.00031,0.93592
19.46000,1.02194,0.04099,0.00272,0.00031,0.95598
19.60000,1.02194,0.06830,0.00241,0.00044,0.92884
19.74000,1.02194,0.04762,0.00273,0.00032,0.94933
19.88000,1.02194,0.05343,0.00226,0.00036,0.94395
20.02000,1.02194,0.04967,0.00337,0.00040,0.94657
20.16000,1.02194,0.04890,0.00322,0.00041,0.94747
20.30000,1.02194,0.05035,0.00232,0.00038,0.94695
20.44000,1.02194,0.05921,0.00179,0.00039,0.93860
20.58000,1.02194,0.06255,0.00344,0.00045,0.93357
20.72000,1.02194,0.04498,0.00314,0.00034,0.95155
20.86000,1.02194,0.03388,0.00181,0.00021,0.96409
21.00000,1.02194,0.05397,0.00171,0.00033,0.94399
21.14000,1.02194,0.04096,0.00178,0.00028,0.95698
21.28000,1.02194,0.04105,0.00121,0.00024,0.95750
21.42000,1.02194,0.03512,0.00145,0.00028,0.96314
21.56000,1.02194,0.06565,0.00141,0.00040,0.93255
21.70000,1.02194,0.03491,0.00194,0.00026,0.96289
21.84000,1.02194,0.03904,0.00135,0.00031,0.95931
21.98000,1.02194,0.04780,0.00141,0.00033,0.95047
22.12000,1.02194,0.03884,0.00131,0.00029,0.95956
22.26000,1.02194,0.03989,0.00082,0.00021,0.95909
22.40000,1.02194,0.03398,0.00097,0.00020,0.96484
22.54000,1.02194,0.04788,0.00109,0.00026,0.95077
22.68000,1.02194,0.03532,0.00106,0.00023,0.96339
22.82000,1.02194,0.03613,0.00061,0.00022,0.96304
22.96000,1.02194,0.02663,0.00070,0.00014,0.97252
23.10000,1.02194,0.04645,0.00081,0.00026,0.95248
23.24000,1.02194,0.04459,0.00176,0.00030,0.95334
23.38000,1.02194,0.03363,0.00112,0.00019,0.96506
23.52000,1.02194,0.04268,0.00144,0.00030,0.95558
23.66000,1.02194,0.05174,0.00134,0.00038,0.94654
23.80000,1.02194,0.05855,0.00137,0.00032,0.93976
23.94000,1.02194,0.04174,0.00150,0.00026,0.95650
24.08000,1.02194,0.04820,0.00177,0.00035,0.94968
24.22000,1.02194,0.03938,0.00181,0.00026,0.95855
24.36000,1.02194,0.03997,0.00188,0.00033,0.95782
24.50000,1.02194,0.06059,0.00110,0.00036,0.93795
24.64000,1.02194,0.04001,0.00181,0.00025,0.95793
24.78000,1.02194,0.05284,0.00102,0.00026,0.94588
24.92000,1.02194,0.04570,0.00118,0.00028,0.95284
25.06000,1.02194,0.04030,0.00152,0.00025,0.95793
25.20000,1.02194,0.03749,0.00151,0.00026,0.96074
25.34000,1.02194,0.04449,0.00116,0.00023,0.95411
25.48000,1.02194,0.04684,0.00108,0.00024,0.95183
25.62000,1.02194,0.03270,0.00066,0.00012,0.96652
25.76000,1.02194,0.02715,0.00047,0.00010,0.97229
25.90000,1.02194,0.02369,0.00047,0.00008,0.97576
26.04000,1.02194,0.03747,0.00061,0.00017,0.96176
26.18000,1.02194,0.02652,0.00054,0.00014,0.97279
26.32000,1.02194,0.03438,0.00088,0.00015,0.96459
26.46000,1.02194,0.02212,0.00043,0.00011,0.97733
26.60000,1.02194,0.02767,0.00045,0.00014,0.97174
26.74000,1.02194,0.02811,0.00047,0.00010,0.97131
26.88000,1.02194,0.02956,0.00064,0.00011,0.96969
27.02000,1.02194,0.03432,0.00065,0.00025,0.96477
27.16000,1.02194,0.02442,0.00061,0.00010,0.97487
27.30000,1.02194,0.03006,0.00089,0.00021,0.96885
27.44000,1.02194,0.04304,0.00079,0.00028,0.95588
27.58000,1.02194,0.03052,0.00100,0.00020,0.96828
27.72000,1.02194,0.03978,0.00098,0.00025,0.95898
27.86000,1.02194,0.03723,0.00116,0.00028,0.96133
28.00000,1.02194,0.03835,0.00145,0.00030,0.95990
28.14000,1.02194,0.04397,0.00144,0.00029,0.95430
28.28000,1.02194,0.04191,0.00173,0.00032,0.95603
28.42000,1.02194,0.03446,0.00124,0.00019,0.96410
28.56000,1.02194,0.04257,0.00097,0.00023,0.95623
28.70000,1.02194,0.04908,0.00115,0.00032,0.94945
28.84000,1.02194,0.03817,0.00162,0.00025,0.95996
28.98000,1.02194,0.03430,0.00114,0.00023,0.96433
29.12000,1.02194,0.04500,0.00116,0.00022,0.95362
29.26000,1.02194,0.03786,0.00147,0.00026,0.96041
29.40000,1.02194,0.03499,0.00126,0.00023,0.96351
29.54000,1.02194,0.04103,0.00150,0.00030,0.95717
29.68000,1.02194,0.03386,0.00143,0.00019,0.96452
29.82000,1.02194,0.03210,0.00098,0.00015,0.96676
29.96000,1.02194,0.04735,0.00105,0.00031,0.95129
30.10000,1.02194,0.03914,0.00179,0.00023,0.95884
30.24000,1.02194,0.03186,0.00106,0.00021,0.96688
30.38000,1.02194,0.03692,0.00134,0.00027,0.96147
30.52000,1.02194,0.04245,0.00127,0.00027,0.95601
30.66000,1.02194,0.03043,0.00104,0.00023,0.96830
30.80000,1.02194,0.03915,0.00107,0.00027,0.95952
30.94000,1.02194,0.03954,0.00169,0.00029,0.95848
31.08000,1.02194,0.03847,0.00112,0.00026,0.96014
31.22000,1.02194,0.03309,0.00120,0.00024,0.96548
31.36000,1.02194,0.04779,0.00124,0.00034,0.95063
31.50000,1.02194,0.03406,0.00128,0.00023,0.96443
31.64000,1.02194,0.03540,0.00086,0.00018,0.96357
31.78000,1.02194,0.03188,0.00077,0.00021,0.96714
31.92000,1.02194,0.04862,0.00110,0.00033,0.94995
32.06000,1.02193,0.03677,0.00102,0.00020,0.96202
32.20000,1.02194,0.03461,0.00105,0.00029,0.96405
32.34000,1.02194,0.06127,0.00097,0.00030,0.93747
32.48000,1.02194,0.02881,0.00128,0.00015,0.96976
32.62000,1.02194,0.03252,0.00082,0.00016,0.96650
32.76000,1.02194,0.05045,0.00104,0.00033,0.94818
32.90000,1.02193,0.03548,0.00191,0.00020,0.96241
33.04000,1.02194,0.03613,0.00094,0.00027,0.96266
33.18000,1.02194,0.03739,0.00131,0.00026,0.96104
33.32000,1.02194,0.04065,0.00158,0.00023,0.95754
33.46000,1.02194,0.03872,0.00110,0.00030,0.95988
33.60000,1.02194,0.05334,0.00092,0.00029,0.94545
33.74000,1.02193,0.03952,0.00192,0.00036,0.95820
33.88000,1.02194,0.04817,0.00107,0.00036,0.95041
34.02000,1.02194,0.04057,0.00274,0.00034,0.95636
34.16000,1.02194,0.04546,0.00156,0.00030,0.95267
34.30000,1.02194,0.04654,0.00195,0.00037,0.95114
34.44000,1.02194,0.03943,0.00137,0.00027,0.95893
34.58000,1.02193,0.03501,0.00130,0.00025,0.96344
34.72000,1.02193,0.04008,0.00121,0.00034,0.95837
34.86000,1.02194,0.04108,0.00128,0.00025,0.95740
35.00000,1.02194,0.03701,0.00111,0.00032,0.96156
35.14000,1.02194,0.03990,0.00150,0.00038,0.95823
35.28000,1.02194,0.05632,0.00132,0.00032,0.94204
35.42000,1.02194,0.03596,0.00167,0.00027,0.96210
35.56000,1.02193,0.05694,0.00241,0.00037,0.94029
35.70000,1.02194,0.03697,0.00218,0.00025,0.96061
35.84000,1.02194,0.03374,0.00147,0.00024,0.96455
35.98000,1.02194,0.04426,0.00130,0.00024,0.95421
36.12000,1.02194,0.03422,0.00177,0.00024,0.96378
36.26000,1.02194,0.04383,0.00173,0.00033,0.95411
36.40000,1.02193,0.04179,0.00213,0.00033,0.95575
36.54000,1.02194,0.03714,0.00142,0.00023,0.96120
36.68000,1.02194,0.05104,0.00165,0.00036,0.94695
36.82000,1.02194,0.05090,0.00248,0.00038,0.94625
36.96000,1.02194,0.04760,0.00291,0.00042,0.94907
37.10000,1.02194,0.03797,0.00244,0.00033,0.95926
37.24000,1.02193,0.04381,0.00248,0.00033,0.95338
37.38000,1.02194,0.04086,0.00234,0.00028,0.95651
37.52000,1.02194,0.03361,0.00151,0.00027,0.96461
37.66000,1.02194,0.03884,0.00194,0.00032,0.95891
37.80000,1.02194,0.02894,0.00114,0.00016,0.96975
37.94000,1.02194,0.03062,0.00094,0.00017,0.96827
38.08000,1.02193,0.03823,0.00131,0.00029,0.96017
38.22000,1.02193,0.03883,0.00190,0.00028,0.95900
38.36000,1.02194,0.03795,0.00161,0.00026,0.96017
38.50000,1.02194,0.04551,0.00105,0.00036,0.95307
38.64000,1.02194,0.05104,0.00195,0.00035,0.94666
38.78000,1.02194,0.03622,0.00120,0.00022,0.96236
38.92000,1.02194,0.04378,0.00080,0.00018,0.95524
39.06000,1.02193,0.03363,0.00081,0.00016,0.96539
39.20000,1.02194,0.05171,0.00075,0.00027,0.94727
39.34000,1.02194,0.03141,0.00075,0.00012,0.96772
39.48000,1.02194,0.02879,0.00063,0.00017,0.97041
39.62000,1.02194,0.04686,0.00096,0.00022,0.95195
39.76000,1.02194,0.03492,0.00086,0.00019,0.96404
39.90000,1.02193,0.05272,0.00144,0.00035,0.94548
40.04000,1.02194,0.07007,0.00148,0.00048,0.92797
40.18000,1.02194,0.04727,0.00303,0.00037,0.94933
40.32000,1.02194,0.05114,0.00331,0.00047,0.94508
40.46000,1.02194,0.08066,0.00282,0.00055,0.91596
40.60000,1.02194,0.05600,0.00561,0.00042,0.93796
40.74000,1.02193,0.05689,0.00549,0.00040,0.93721
40.88000,1.02194,0.06022,0.00346,0.00050,0.93582
41.02000,1.02194,0.07349,0.00266,0.00048,0.92337
41.16000,1.02194,0.07269,0.00267,0.00042,0.92422
41.30000,1.02194,0.06334,0.00230,0.00047,0.93389
41.44000,1.02194,0.07374,0.00466,0.00045,0.92115
41.58000,1.02193,0.04940,0.00347,0.00036,0.94676
41.72000,1.02193,0.04568,0.00207,0.00031,0.95193
41.86000,1.02194,0.04074,0.00356,0.00030,0.95541
42.00000,1.02194,0.03859,0.00267,0.00029,0.95844
42.14000,1.02194,0.04624,0.00178,0.00034,0.95164
42.28000,1.02194,0.03899,0.00156,0.00023,0.95922
42.42000,1.02194,0.05386,0.00152,0.00038,0.94424
42.56000,1.02193,0.04586,0.00183,0.00042,0.95190
42.70000,1.02194,0.04022,0.00188,0.00028,0.95762
42.84000,1.02194,0.03277,0.00118,0.00020,0.96585
42.98000,1.02194,0.06538,0.00080,0.00030,0.93353
43.12000,1.02194,0.04776,0.00073,0.00016,0.95135
43.26000,1.02194,0.02653,0.00070,0.00009,0.97269
43.40000,1.02193,0.02989,0.00029,0.00015,0.96967
43.54000,1.02194,0.10159,0.00035,0.00035,0.89771
43.68000,1.02194,0.03608,0.00075,0.00011,0.96306
43.82000,1.02194,0.02631,0.00048,0.00021,0.97301
43.96000,1.02194,0.04600,0.00287,0.00024,0.95089
44.10000,1.02194,0.03668,0.00197,0.00019,0.96116
44.24000,1.02193,0.03777,0.00149,0.00020,0.96054
44.38000,1.02194,0.04774,0.00266,0.00030,0.94930
44.52000,1.02194,0.04080,0.00307,0.00028,0.95585
44.66000,1.02194,0.04664,0.00370,0.00041,0.94925
44.80000,1.02194,0.04929,0.00544,0.00039,0.94487
44.94000,1.02194,0.04076,0.00518,0.00029,0.95376
45.08000,1.02193,0.06271,0.00722,0.00040,0.92967
45.22000,1.02193,0.05796,0.01005,0.00043,0.93157
45.36000,1.02194,0.05143,0.01323,0.00046,0.93488
45.50000,1.02194,0.04865,0.01209,0.00054,0.93872
45.64000,1.02194,0.05566,0.00867,0.00044,0.93523
45.78000,1.02194,0.04402,0.01241,0.00052,0.94305
45.92000,1.02194,0.05267,0.01955,0.00072,0.92706
46.06000,1.02193,0.05085,0.01239,0.00088,0.93588
46.20000,1.02194,0.04621,0.01418,0.00046,0.93916
46.34000,1.02194,0.03465,0.00401,0.00034,0.96100
46.48000,1.02194,0.03697,0.00600,0.00029,0.95674
46.62000,1.02194,0.05942,0.02354,0.00047,0.91657
46.76000,1.02194,0.04355,0.00614,0.00034,0.94997
46.90000,1.02193,0.03888,0.00580,0.00029,0.95503
47.04000,1.02194,0.03939,0.00672,0.00025,0.95364
47.18000,1.02194,0.04620,0.00524,0.00044,0.94812
47.32000,1.02194,0.04582,0.00696,0.00026,0.94696
47.46000,1.02194,0.03774,0.00357,0.00038,0.95831
47.60000,1.02194,0.05758,0.01425,0.00050,0.92766
47.74000,1.02193,0.07599,0.02079,0.00066,0.90256
47.88000,1.02194,0.05178,0.00938,0.00024,0.93859
48.02000,1.02194,0.03807,0.00196,0.00018,0.95978
48.16000,1.02194,0.04033,0.00197,0.00010,0.95760
48.30000,1.02194,0.04985,0.00156,0.00024,0.94835
48.44000,1.02194,0.03899,0.00144,0.00015,0.95942
48.58000,1.02193,0.04582,0.00055,0.00012,0.95351
48.72000,1.02193,0.03467,0.00049,0.00052,0.96433
48.86000,1.02194,0.04979,0.00919,0.00049,0.94053
49.00000,1.02194,0.03644,0.00429,0.00033,0.95894
49.14000,1.02194,0.05106,0.00932,0.00054,0.93908
49.28000,1.02194,0.04697,0.00837,0.00057,0.94409
49.42000,1.02194,0.06912,0.01926,0.00102,0.91060
49.56000,1.02193,0.05474,0.00685,0.00118,0.93723
49.70000,1.02194,0.06100,0.02141,0.00061,0.91697
49.84000,1.02194,0.04527,0.00521,0.00049,0.94902
49.98000,1.02194,0.04925,0.01097,0.00038,0.93940
50.12000,1.02194,0.03081,0.00333,0.00022,0.96565
50.26000,1.02194,0.03694,0.00371,0.00019,0.95916
50.40000,1.02193,0.04115,0.00391,0.00029,0.95464
50.54000,1.02194,0.03541,0.00240,0.00028,0.96190
50.68000,1.02194,0.04463,0.00491,0.00031,0.95015
50.82000,1.02194,0.04478,0.00417,0.00039,0.95066
50.96000,1.02194,0.05780,0.00897,0.00057,0.93266
51.10000,1.02194,0.08094,0.00505,0.00051,0.91350
51.24000,1.02193,0.05023,0.01241,0.00042,0.93694
51.38000,1.02194,0.04406,0.00419,0.00034,0.95141
51.52000,1.02194,0.02857,0.00197,0.00016,0.96930
51.66000,1.02194,0.02911,0.00100,0.00020,0.96968
51.80000,1.02194,0.03322,0.00190,0.00023,0.96466
51.94000,1.02194,0.03374,0.00157,0.00016,0.96452
52.08000,1.02193,0.02738,0.00059,0.00019,0.97184
52.22000,1.02193,0.03879,0.00363,0.00027,0.95731
52.36000,1.02194,0.04694,0.00119,0.00018,0.95169
52.50000,1.02194,0.03122,0.00242,0.00020,0.96616
52.64000,1.02194,0.03678,0.00394,0.00023,0.95904
52.78000,1.02194,0.03219,0.00191,0.00024,0.96565
52.92000,1.02194,0.04104,0.00302,0.00038,0.95556
53.06000,1.02193,0.03761,0.00255,0.00030,0.95954
53.20000,1.02194,0.03887,0.00261,0.00032,0.95819
53.34000,1.02194,0.06082,0.00393,0.00062,0.93463
53.48000,1.02194,0.06280,0.00221,0.00040,0.93459
53.62000,1.02194,0.04094,0.00213,0.00019,0.95674
53.76000,1.02194,0.04150,0.00178,0.00018,0.95654
53.90000,1.02193,0.04975,0.00180,0.00023,0.94822
54.04000,1.02194,0.02820,0.00086,0.00012,0.97082
54.18000,1.02194,0.02343,0.00039,0.00005,0.97613
54.32000,1.02194,0.02802,0.00042,0.00008,0.97148
54.46000,1.02194,0.02737,0.00020,0.00008,0.97235
54.60000,1.02194,0.01538,0.00009,0.00004,0.98449
54.74000,1.02193,0.02720,0.00043,0.00017,0.97220
54.88000,1.02194,0.02621,0.00047,0.00016,0.97316
55.02000,1.02194,0.02712,0.00040,0.00014,0.97234
55.16000,1.02194,0.04566,0.00216,0.00038,0.95180
55.30000,1.02194,0.04526,0.00559,0.00032,0.94883
55.44000,1.02194,0.04092,0.00276,0.00026,0.95607
55.58000,1.02193,0.08066,0.00279,0.00052,0.91603
55.72000,1.02193,0.03748,0.00536,0.00038,0.95678
55.86000,1.02194,0.05084,0.01138,0.00056,0.93723
56.00000,1.02194,0.04402,0.00761,0.00039,0.94798
56.14000,1.02194,0.05002,0.00389,0.00031,0.94577
56.28000,1.02194,0.03337,0.00069,0.00013,0.96581
56.42000,1.02194,0.02880,0.00023,0.00007,0.97090
56.56000,1.02193,0.03448,0.00019,0.00014,0.96519
56.70000,1.02194,0.04830,0.00031,0.00007,0.95132
56.84000,1.02194,0.04246,0.00034,0.00083,0.95637
56.98000,1.02194,0.03072,0.00107,0.00024,0.96797
57.12000,1.02194,0.03339,0.00127,0.00028,0.96506
57.26000,1.02194,0.03152,0.00159,0.00019,0.96670
57.40000,1.02193,0.05152,0.00237,0.00029,0.94582
57.54000,1.02194,0.06235,0.00212,0.00032,0.93521
57.68000,1.02194,0.04416,0.00388,0.00040,0.95156
57.82000,1.02194,0.04417,0.00399,0.00034,0.95150
57.96000,1.02194,0.05066,0.00278,0.00040,0.94616
58.10000,1.02194,0.06900,0.00264,0.00034,0.92802
58.24000,1.02193,0.03497,0.00216,0.00024,0.96263
58.38000,1.02194,0.04340,0.00218,0.00028,0.95414
58.52000,1.02194,0.03741,0.00218,0.00027,0.96013
58.66000,1.02194,0.04656,0.00232,0.00034,0.95078
58.80000,1.02194,0.05573,0.00119,0.00031,0.94277
58.94000,1.02194,0.03469,0.00266,0.00019,0.96246
59.08000,1.02193,0.05643,0.00570,0.00037,0.93750
59.22000,1.02193,0.06357,0.00356,0.00046,0.93240
59.36000,1.02194,0.03542,0.00443,0.00021,0.95994
59.50000,1.02194,0.05073,0.00827,0.00045,0.94055
59.64000,1.02194,0.11340,0.01468,0.00085,0.87106
59.78000,1.02194,0.05943,0.01789,0.00059,0.92209
59.92000,1.02194,0.06598,0.01064,0.00090,0.92248
60.06000,1.02193,0.07322,0.03538,0.00109,0.89031
60.20000,1.02194,0.08102,0.05725,0.00101,0.86072
60.34000,1.02194,0.03913,0.00732,0.00038,0.95317
60.48000,1.02194,0.03365,0.00442,0.00020,0.96173
60.62000,1.02194,0.03282,0.00279,0.00025,0.96414
60.76000,1.02194,0.04726,0.00387,0.00031,0.94856
60.90000,1.02193,0.04513,0.00228,0.00040,0.95219
61.04000,1.02194,0.03463,0.00165,0.00029,0.96343
61.18000,1.02194,0.05387,0.00424,0.00045,0.94144
61.32000,1.02194,0.05480,0.00915,0.00042,0.93564
61.46000,1.02194,0.05550,0.01425,0.00050,0.92974
61.60000,1.02194,0.04120,0.00435,0.00034,0.95411
61.74000,1.02193,0.04836,0.00376,0.00036,0.94752
61.88000,1.02194,0.04045,0.00415,0.00026,0.95514
62.02000,1.02194,0.03728,0.00168,0.00028,0.96075
62.16000,1.02194,0.04580,0.00130,0.00015,0.95275
62.30000,1.02194,0.02863,0.00099,0.00020,0.97017
62.44000,1.02194,0.03635,0.00104,0.00022,0.96239
62.58000,1.02193,0.04123,0.00078,0.00019,0.95781
62.72000,1.02193,0.03422,0.00089,0.00026,0.96464
62.86000,1.02194,0.05863,0.00151,0.00033,0.93954
63.00000,1.02193,0.04001,0.00169,0.00027,0.95803
63.14000,1.02193,0.07028,0.00157,0.00042,0.92773
63.28000,1.02194,0.09015,0.00119,0.00048,0.90818
63.42000,1.02194,0.08277,0.00297,0.00065,0.91361
63.56000,1.02194,0.07555,0.00227,0.00054,0.92164
63.70000,1.02194,0.08025,0.00183,0.00050,0.91742
63.84000,1.02194,0.10309,0.00107,0.00043,0.89541
63.98000,1.02194,0.09499,0.00100,0.00040,0.90361
64.12000,1.02193,0.09067,0.00166,0.00051,0.90716
64.26000,1.02193,0.08269,0.00188,0.00048,0.91495
64.40000,1.02193,0.07736,0.00211,0.00056,0.91997
64.54000,1.02193,0.09699,0.00177,0.00049,0.90076
64.68000,1.02193,0.08396,0.00298,0.00070,0.91235
64.82000,1.02193,0.08545,0.00063,0.00040,0.91352
64.96000,1.02194,0.06473,0.00067,0.00017,0.93443
65.10000,1.02194,0.08580,0.00056,0.00041,0.91323
65.24000,1.02194,0.04028,0.00139,0.00019,0.95814
65.38000,1.02194,0.03603,0.00057,0.00025,0.96315
65.52000,1.02194,0.04429,0.00107,0.00031,0.95433
65.66000,1.02193,0.04479,0.00187,0.00027,0.95307
65.80000,1.02193,0.03244,0.00079,0.00023,0.96654
65.94000,1.02193,0.04172,0.00108,0.00014,0.95706
66.08000,1.02193,0.03010,0.00088,0.00014,0.96888
66.22000,1.02193,0.04857,0.00051,0.00016,0.95077
66.36000,1.02193,0.02787,0.00063,0.00017,0.97133
66.50000,1.02193,0.04264,0.00135,0.00029,0.95572
66.64000,1.02193,0.03348,0.00117,0.00021,0.96515
66.78000,1.02194,0.04895,0.00164,0.00042,0.94899
66.92000,1.02194,0.04627,0.00213,0.00036,0.95124
67.06000,1.02194,0.07695,0.00159,0.00044,0.92102
67.20000,1.02194,0.05681,0.00316,0.00055,0.93949
67.34000,1.02194,0.08690,0.00134,0.00044,0.91132
67.48000,1.02193,0.06299,0.00332,0.00052,0.93318
67.62000,1.02193,0.11529,0.00210,0.00069,0.88192
67.76000,1.02193,0.07541,0.01574,0.00063,0.90822
67.90000,1.02193,0.07189,0.00269,0.00042,0.92500
68.04000,1.02193,0.07113,0.00079,0.00023,0.92784
68.18000,1.02193,0.07029,0.00034,0.00007,0.92930
68.32000,1.02193,0.06707,0.00027,0.00014,0.93252
68.46000,1.02194,0.04278,0.00069,0.00010,0.95643
68.60000,1.02194,0.02722,0.00052,0.00020,0.97207
68.74000,1.02194,0.03098,0.00209,0.00026,0.96667
68.88000,1.02194,0.03717,0.00164,0.00036,0.96083
69.02000,1.02194,0.03793,0.00279,0.00026,0.95902
69.16000,1.02193,0.05270,0.00619,0.00032,0.94079
69.30000,1.02193,0.04237,0.00288,0.00042,0.95433
69.44000,1.02193,0.04942,0.00736,0.00032,0.94289
69.58000,1.02193,0.03489,0.00332,0.00019,0.96161
69.72000,1.02193,0.03686,0.00143,0.00017,0.96154
69.86000,1.02193,0.04835,0.00124,0.00027,0.95014
70.00000,1.02193,0.02606,0.00124,0.00012,0.97258
70.14000,1.02193,0.02815,0.00065,0.00012,0.97108
70.28000,1.02194,0.02947,0.00086,0.00013,0.96954
70.42000,1.02194,0.02280,0.00043,0.00008,0.97669
70.56000,1.02194,0.03054,0.00071,0.00023,0.96852
70.70000,1.02194,0.02876,0.00052,0.00023,0.97049
70.84000,1.02194,0.03058,0.00031,0.00009,0.96903
70.98000,1.02193,0.02356,0.00030,0.00028,0.97585
71.12000,1.02193,0.05874,0.00080,0.00014,0.94032
71.26000,1.02193,0.03729,0.00209,0.00039,0.96024
71.40000,1.02193,0.03790,0.00117,0.00023,0.96071
71.54000,1.02193,0.04993,0.00272,0.00036,0.94699
71.68000,1.02193,0.04421,0.00366,0.00063,0.95149
71.82000,1.02193,0.04304,0.00604,0.00025,0.95066
71.96000,1.02194,0.05950,0.00284,0.00015,0.93751
72.10000,1.02194,0.03623,0.00501,0.00027,0.95849
72.24000,1.02194,0.03111,0.00325,0.00018,0.96546
72.38000,1.02194,0.02895,0.00138,0.00023,0.96944
72.52000,1.02194,0.04110,0.00180,0.00043,0.95668
72.66000,1.02193,0.04495,0.00574,0.00051,0.94880
72.80000,1.02193,0.03643,0.00305,0.00045,0.96007
72.94000,1.02193,0.06732,0.00358,0.00034,0.92877
73.08000,1.02193,0.03010,0.00230,0.00023,0.96737
73.22000,1.02193,0.03297,0.00287,0.00025,0.96391
73.36000,1.02193,0.04920,0.00664,0.00036,0.94380
73.50000,1.02193,0.03637,0.00258,0.00026,0.96079
73.64000,1.02193,0.02477,0.00080,0.00012,0.97432
73.78000,1.02194,0.04591,0.00203,0.00030,0.95176
73.92000,1.02194,0.07450,0.00210,0.00042,0.92297
74.06000,1.02194,0.04656,0.00402,0.00033,0.94909
74.20000,1.02194,0.05134,0.00372,0.00053,0.94441
74.34000,1.02194,0.05092,0.00178,0.00033,0.94697
74.48000,1.02193,0.04972,0.00178,0.00024,0.94826
74.62000,1.02193,0.06262,0.00071,0.00019,0.93647
74.76000,1.02193,0.05678,0.00085,0.00017,0.94219
74.90000,1.02193,0.03052,0.00032,0.00010,0.96906
75.04000,1.02193,0.02819,0.00012,0.00007,0.97162
75.18000,1.02193,0.05284,0.00017,0.00014,0.94685
75.32000,1.02193,0.06165,0.00033,0.00015,0.93787
75.46000,1.02194,0.03753,0.00061,0.00037,0.96149
75.60000,1.02194,0.05592,0.00847,0.00050,0.93510
75.74000,1.02194,0.07716,0.00334,0.00038,0.91912
75.88000,1.02194,0.04494,0.00912,0.00045,0.94549
76.02000,1.02194,0.03913,0.00316,0.00052,0.95718
76.16000,1.02193,0.04487,0.00855,0.00041,0.94618
76.30000,1.02193,0.03519,0.00185,0.00032,0.96264
76.44000,1.02193,0.02705,0.00089,0.00018,0.97188
76.58000,1.02193,0.03845,0.00261,0.00025,0.95869
76.72000,1.02193,0.04591,0.00269,0.00034,0.95106
76.86000,1.02193,0.03295,0.00188,0.00023,0.96493
77.00000,1.02193,0.02719,0.00087,0.00017,0.97177
77.14000,1.02193,0.04353,0.00178,0.00020,0.95450
77.28000,1.02194,0.03902,0.00232,0.00031,0.95836
77.42000,1.02194,0.02791,0.00122,0.00017,0.97070
77.56000,1.02194,0.04376,0.00105,0.00016,0.95502
77.70000,1.02194,0.04677,0.00269,0.00128,0.94926
77.84000,1.02194,0.03853,0.00127,0.00039,0.95981
77.98000,1.02193,0.03326,0.00047,0.00011,0.96615
78.12000,1.02193,0.02925,0.00037,0.00038,0.97000
78.26000,1.02193,0.03709,0.00143,0.00017,0.96132
78.40000,1.02193,0.02557,0.00068,0.00014,0.97361
78.54000,1.02193,0.01983,0.00018,0.00012,0.97988
78.68000,1.02193,0.02221,0.00062,0.00009,0.97708
78.82000,1.02193,0.02767,0.00045,0.00015,0.97173
78.96000,1.02194,0.02298,0.00031,0.00009,0.97662
79.10000,1.02194,0.04418,0.00069,0.00024,0.95489
79.24000,1.02194,0.02689,0.00038,0.00042,0.97231
79.38000,1.02194,0.03756,0.00093,0.00019,0.96131
79.52000,1.02194,0.03253,0.00145,0.00033,0.96569
79.66000,1.02193,0.04422,0.00199,0.00030,0.95349
79.80000,1.02193,0.03470,0.00139,0.00032,0.96359
79.94000,1.02193,0.03439,0.00052,0.00066,0.96443
80.08000,1.02193,0.06680,0.00397,0.00040,0.92884
80.22000,1.02193,0.03898,0.00310,0.00038,0.95754
80.36000,1.02193,0.04257,0.00393,0.00031,0.95320
80.50000,1.02193,0.03031,0.00235,0.00012,0.96722
80.64000,1.02193,0.02748,0.00111,0.00014,0.97126
80.78000,1.02194,0.02631,0.00119,0.00013,0.97238
80.92000,1.02194,0.04085,0.00153,0.00055,0.95707
81.06000,1.02194,0.02546,0.00044,0.00021,0.97388
81.20000,1.02194,0.03724,0.00133,0.00019,0.96124
81.34000,1.02194,0.02214,0.00046,0.00007,0.97733
81.48000,1.02193,0.04760,0.00132,0.00021,0.95087
81.62000,1.02193,0.03876,0.00201,0.00029,0.95895
81.76000,1.02193,0.03782,0.00117,0.00038,0.96062
81.90000,1.02193,0.03393,0.00077,0.00045,0.96485
82.04000,1.02193,0.04766,0.01835,0.00041,0.93358
82.18000,1.02193,0.03644,0.00416,0.00038,0.95901
82.32000,1.02193,0.03847,0.00288,0.00045,0.95820
82.46000,1.02194,0.03627,0.00158,0.00052,0.96164
82.60000,1.02194,0.03831,0.00246,0.00039,0.95884
82.74000,1.02194,0.04803,0.00744,0.00029,0.94423
82.88000,1.02194,0.03709,0.00238,0.00031,0.96022
83.02000,1.02194,0.03487,0.00322,0.00022,0.96169
83.16000,1.02193,0.03106,0.00176,0.00013,0.96705
83.30000,1.02193,0.03652,0.00127,0.00017,0.96204
83.44000,1.02193,0.03327,0.00138,0.00017,0.96518
83.58000,1.02193,0.02604,0.00103,0.00012,0.97281
83.72000,1.02193,0.04075,0.00113,0.00031,0.95781
83.86000,1.02193,0.04057,0.00276,0.00030,0.95637
84.00000,1.02193,0.08394,0.00322,0.00050,0.91233
84.14000,1.02193,0.05642,0.00589,0.00040,0.93729
84.28000,1.02194,0.07591,0.01947,0.00082,0.90380
84.42000,1.02194,0.05080,0.01649,0.00045,0.93226
84.56000,1.02194,0.04196,0.00723,0.00042,0.95039
84.70000,1.02194,0.04030,0.01134,0.00039,0.94797
84.84000,1.02194,0.04660,0.01439,0.00031,0.93870
84.98000,1.02193,0.02541,0.00208,0.00021,0.97229
85.12000,1.02193,0.03050,0.00131,0.00029,0.96791
85.26000,1.02193,0.02364,0.00029,0.00016,0.97592
85.40000,1.02193,0.02861,0.00066,0.00026,0.97047
85.54000,1.02193,0.03595,0.00087,0.00017,0.96302
85.68000,1.02193,0.03406,0.00085,0.00055,0.96454
85.82000,1.02193,0.02581,0.00101,0.00014,0.97304
85.96000,1.02194,0.03982,0.00124,0.00015,0.95878
86.10000,1.02194,0.02543,0.00076,0.00017,0.97364
86.24000,1.02194,0.02322,0.00052,0.00015,0.97611
86.38000,1.02194,0.03020,0.00053,0.00008,0.96919
86.52000,1.02194,0.02854,0.00045,0.00039,0.97062
86.66000,1.02193,0.03089,0.00115,0.00020,0.96776
86.80000,1.02193,0.03662,0.00070,0.00012,0.96257
86.94000,1.02193,0.02777,0.00060,0.00031,0.97133
87.08000,1.02193,0.02842,0.00104,0.00015,0.97039
87.22000,1.02193,0.03965,0.00194,0.00026,0.95816
87.36000,1.02193,0.02949,0.00092,0.00018,0.96941
87.50000,1.02193,0.03503,0.00142,0.00014,0.96341
87.64000,1.02193,0.02403,0.00054,0.00015,0.97528
87.78000,1.02194,0.04382,0.00081,0.00014,0.95523
87.92000,1.02194,0.02798,0.00050,0.00017,0.97135
88.06000,1.02194,0.03679,0.00095,0.00018,0.96208
88.20000,1.02194,0.02613,0.00095,0.00012,0.97279
88.34000,1.02194,0.03544,0.00104,0.00017,0.96335
88.48000,1.02193,0.06071,0.00139,0.00015,0.93774
88.62000,1.02193,0.04883,0.00269,0.00053,0.94795
88.76000,1.02193,0.04241,0.00078,0.00020,0.95661
88.90000,1.02193,0.06394,0.00061,0.00051,0.93494
89.04000,1.02193,0.05342,0.00043,0.00021,0.94593
89.18000,1.02193,0.08965,0.00150,0.00069,0.90816
89.32000,1.02193,0.15112,0.00590,0.00052,0.84247
89.46000,1.02194,0.07241,0.00834,0.00081,0.91843
89.60000,1.02194,0.07921,0.03836,0.00155,0.88088
89.74000,1.02194,0.10708,0.15750,0.00136,0.73407
89.88000,1.02194,0.08438,0.12934,0.00115,0.78513
90.02000,1.02194,0.05480,0.02574,0.00086,0.91860
90.16000,1.02193,0.04496,0.01683,0.00052,0.93769
90.30000,1.02193,0.03562,0.00473,0.00036,0.95928
90.44000,1.02193,0.03166,0.00292,0.00020,0.96522
90.58000,1.02193,0.03175,0.00060,0.00036,0.96729
90.72000,1.02193,0.01827,0.00018,0.00007,0.98149
90.86000,1.02193,0.03628,0.00061,0.00014,0.96298
91.00000,1.02193,0.02568,0.00057,0.00009,0.97366
91.14000,1.02193,0.02170,0.00047,0.00006,0.97777
91.28000,1.02194,0.03036,0.00045,0.00021,0.96898
91.42000,1.02194,0.04469,0.00218,0.00017,0.95296
91.56000,1.02194,0.03228,0.00147,0.00020,0.96605
91.70000,1.02194,0.02507,0.00077,0.00012,0.97403
91.84000,1.02194,0.02390,0.00080,0.00009,0.97521
91.98000,1.02193,0.02514,0.00093,0.00016,0.97376
92.12000,1.02193,0.04568,0.00261,0.00028,0.95142
92.26000,1.02193,0.03266,0.00157,0.00024,0.96553
92.40000,1.02193,0.03993,0.00167,0.00045,0.95796
92.54000,1.02193,0.03823,0.00482,0.00035,0.95659
92.68000,1.02193,0.05049,0.00678,0.00066,0.94207
92.82000,1.02193,0.03040,0.00108,0.00029,0.96823
92.96000,1.02194,0.02706,0.00066,0.00010,0.97218
93.10000,1.02194,0.03158,0.00052,0.00019,0.96770
93.24000,1.02194,0.04847,0.00061,0.00014,0.95078
93.38000,1.02194,0.02875,0.00045,0.00014,0.97065
93.52000,1.02194,0.04519,0.00126,0.00050,0.95305
93.66000,1.02193,0.10019,0.00492,0.00073,0.89416
93.80000,1.02193,0.06385,0.00887,0.00061,0.92668
93.94000,1.02193,0.09611,0.01191,0.00072,0.89126
94.08000,1.02193,0.11312,0.00636,0.00096,0.87957
94.22000,1.02193,0.10815,0.00613,0.00067,0.88505
94.36000,1.02193,0.09833,0.00443,0.00053,0.89671
94.50000,1.02193,0.09736,0.00329,0.00053,0.89882
94.64000,1.02193,0.06935,0.00821,0.00038,0.92207
94.78000,1.02194,0.05169,0.00769,0.00037,0.94025
94.92000,1.02194,0.05059,0.00452,0.00035,0.94454
95.06000,1.02194,0.07016,0.00251,0.00040,0.92693
95.20000,1.02194,0.04316,0.00485,0.00031,0.95168
95.34000,1.02194,0.05892,0.00386,0.00031,0.93691
95.48000,1.02193,0.05298,0.00518,0.00034,0.94150
95.62000,1.02193,0.05390,0.00398,0.00058,0.94154
95.76000,1.02193,0.04913,0.00449,0.00035,0.94604
95.90000,1.02193,0.04100,0.00351,0.00026,0.95524
96.04000,1.02193,0.04131,0.00238,0.00033,0.95597
96.18000,1.02193,0.07362,0.00377,0.00029,0.92232
96.32000,1.02193,0.03135,0.00188,0.00017,0.96661
96.46000,1.02194,0.03561,0.00202,0.00019,0.96217
96.60000,1.02194,0.04243,0.00241,0.00027,0.95490
96.74000,1.02194,0.03837,0.00265,0.00026,0.95872
96.88000,1.02194,0.04278,0.00135,0.00025,0.95562
97.02000,1.02194,0.03711,0.00088,0.00022,0.96180
97.16000,1.02193,0.03984,0.00042,0.00012,0.95962
97.30000,1.02193,0.04971,0.00040,0.00015,0.94974
97.44000,1.02193,0.05897,0.00064,0.00020,0.94020
97.58000,1.02193,0.02966,0.00071,0.00024,0.96940
97.72000,1.02193,0.04093,0.00171,0.00026,0.95709
97.86000,1.02193,0.03760,0.00194,0.00037,0.96008
98.00000,1.02193,0.05608,0.00451,0.00042,0.93899
98.14000,1.02193,0.04379,0.00264,0.00036,0.95322
98.28000,1.02194,0.04543,0.00272,0.00031,0.95154
98.42000,1.02194,0.05909,0.00213,0.00032,0.93846
98.56000,1.02194,0.05166,0.00382,0.00043,0.94409
98.70000,1.02194,0.04464,0.00307,0.00037,0.95192
98.84000,1.02194,0.03251,0.00243,0.00027,0.96479
98.98000,1.02193,0.04255,0.00181,0.00020,0.95544
99.12000,1.02193,0.02534,0.00088,0.00013,0.97365
99.26000,1.02193,0.03699,0.00224,0.00025,0.96052
99.40000,1.02193,0.03440,0.00115,0.00023,0.96423
99.54000,1.02193,0.04355,0.00127,0.00020,0.95498
99.68000,1.02193,0.04432,0.00197,0.00042,0.95329
99.82000,1.02193,0.04614,0.00412,0.00032,0.94942
99.96000,1.02194,0.04653,0.00298,0.00035,0.95015
100.10000,1.02194,0.07059,0.00186,0.00043,0.92713
100.24000,1.02194,0.05113,0.00152,0.00027,0.94708
100.38000,1.02194,0.04109,0.00111,0.00018,0.95761
100.52000,1.02194,0.04564,0.00085,0.00021,0.95330
100.66000,1.02193,0.07235,0.00074,0.00038,0.92653
100.80000,1.02193,0.05418,0.00194,0.00025,0.94364
100.94000,1.02193,0.04775,0.00273,0.00050,0.94902
101.08000,1.02193,0.09233,0.00265,0.00054,0.90448
101.22000,1.02193,0.06380,0.00390,0.00039,0.93191
101.36000,1.02193,0.05368,0.00761,0.00041,0.93830
101.50000,1.02193,0.04796,0.00755,0.00039,0.94410
101.64000,1.02193,0.03736,0.00326,0.00032,0.95906
101.78000,1.02194,0.04118,0.00272,0.00018,0.95591
101.92000,1.02194,0.03780,0.00308,0.00022,0.95889
102.06000,1.02194,0.04479,0.00202,0.00022,0.95296
102.20000,1.02194,0.05141,0.00103,0.00023,0.94733
102.34000,1.02194,0.03760,0.00278,0.00039,0.95924
102.48000,1.02193,0.03738,0.00251,0.00032,0.95979
102.62000,1.02193,0.04243,0.00221,0.00032,0.95505
102.76000,1.02193,0.04010,0.00246,0.00048,0.95696
102.90000,1.02193,0.05070,0.00850,0.00038,0.94041
103.04000,1.02193,0.04835,0.00554,0.00043,0.94567
103.18000,1.02193,0.04592,0.00409,0.00028,0.94970
103.32000,1.02193,0.03750,0.00112,0.00016,0.96122
103.46000,1.02194,0.04803,0.00109,0.00027,0.95061
103.60000,1.02194,0.04084,0.00108,0.00016,0.95792
103.74000,1.02194,0.03252,0.00082,0.00022,0.96644
103.88000,1.02194,0.02923,0.00030,0.00018,0.97028
104.02000,1.02194,0.03636,0.00146,0.00018,0.96199
104.16000,1.02193,0.04014,0.00160,0.00040,0.95786
104.30000,1.02193,0.04986,0.00247,0.00025,0.94742
104.44000,1.02193,0.03214,0.00114,0.00017,0.96655
104.58000,1.02193,0.05206,0.00133,0.00035,0.94626
104.72000,1.02193,0.04887,0.00211,0.00024,0.94879
104.86000,1.02193,0.03735,0.00215,0.00034,0.96016
105.00000,1.02193,0.05241,0.00272,0.00033,0.94454
105.14000,1.02193,0.04273,0.00346,0.00028,0.95353
105.28000,1.02194,0.04885,0.00198,0.00039,0.94877
105.42000,1.02194,0.05520,0.00225,0.00043,0.94212
105.56000,1.02194,0.07125,0.00192,0.00048,0.92635
105.70000,1.02194,0.06529,0.00209,0.00050,0.93212
105.84000,1.02194,0.07655,0.00244,0.00049,0.92053
105.98000,1.02193,0.08881,0.00164,0.00058,0.90897
106.12000,1.02193,0.07913,0.00117,0.00040,0.91931
106.26000,1.02193,0.05761,0.00078,0.00025,0.94136
106.40000,1.02193,0.05524,0.00022,0.00012,0.94441
106.54000,1.02193,0.05556,0.00057,0.00024,0.94364
106.68000,1.02193,0.05406,0.00063,0.00026,0.94505
106.82000,1.02193,0.03106,0.00093,0.00015,0.96787
106.96000,1.02194,0.05946,0.00088,0.00036,0.93930
107.10000,1.02194,0.08484,0.00076,0.00028,0.91413
107.24000,1.02194,0.06164,0.00192,0.00037,0.93607
107.38000,1.02194,0.06071,0.00133,0.00050,0.93746
107.52000,1.02194,0.04821,0.00422,0.00031,0.94726
107.66000,1.02193,0.04403,0.00249,0.00034,0.95315
107.80000,1.02193,0.04038,0.00084,0.00025,0.95852
107.94000,1.02193,0.04346,0.00061,0.00009,0.95584
108.08000,1.02193,0.05328,0.00062,0.00027,0.94583
108.22000,1.02193,0.04492,0.00064,0.00013,0.95431
108.36000,1.02193,0.02651,0.00075,0.00024,0.97250
108.50000,1.02193,0.04489,0.00151,0.00039,0.95321
108.64000,1.02193,0.03655,0.00204,0.00015,0.96126
108.78000,1.02194,0.03220,0.00203,0.00028,0.96549
108.92000,1.02194,0.04147,0.00166,0.00022,0.95665
109.06000,1.02194,0.03535,0.00261,0.00026,0.96177
109.20000,1.02194,0.04226,0.00361,0.00042,0.95370
109.34000,1.02194,0.03710,0.00272,0.00024,0.95994
109.48000,1.02193,0.04725,0.00287,0.00032,0.94957
109.62000,1.02193,0.03867,0.00177,0.00025,0.95931
109.76000,1.02193,0.05176,0.00300,0.00031,0.94493
109.90000,1.02193,0.04242,0.00278,0.00033,0.95448
110.04000,1.02193,0.04886,0.00486,0.00032,0.94596
110.18000,1.02193,0.04488,0.00377,0.00035,0.95100
110.32000,1.02193,0.04393,0.00551,0.00032,0.95024
110.46000,1.02194,0.07021,0.00368,0.00039,0.92572
110.60000,1.02194,0.05050,0.00883,0.00042,0.94026
110.74000,1.02194,0.06775,0.00921,0.00062,0.92242
110.88000,1.02194,0.05237,0.00785,0.00050,0.93927
111.02000,1.02194,0.05877,0.00892,0.00047,0.93184
111.16000,1.02193,0.07222,0.01740,0.00057,0.90981
111.30000,1.02193,0.05237,0.01193,0.00053,0.93516
111.44000,1.02193,0.04412,0.00850,0.00046,0.94692
111.58000,1.02193,0.05499,0.01154,0.00067,0.93280
111.72000,1.02193,0.05812,0.01711,0.00096,0.92381
111.86000,1.02193,0.05240,0.01155,0.00043,0.93562
112.00000,1.02193,0.03224,0.00416,0.00025,0.96336
112.14000,1.02193,0.04155,0.01011,0.00036,0.94798
112.28000,1.02194,0.05707,0.00872,0.00072,0.93348
112.42000,1.02194,0.04780,0.00655,0.00043,0.94523
112.56000,1.02194,0.03825,0.00405,0.00021,0.95750
112.70000,1.02194,0.04290,0.00530,0.00052,0.95128
112.84000,1.02194,0.06477,0.00478,0.00039,0.93006
112.98000,1.02193,0.04402,0.00725,0.00028,0.94845
113.12000,1.02193,0.03243,0.00125,0.00023,0.96609
113.26000,1.02193,0.04602,0.00079,0.00017,0.95302
113.40000,1.02193,0.04001,0.00284,0.00029,0.95686
113.54000,1.02193,0.04361,0.00531,0.00037,0.95071
113.68000,1.02193,0.04173,0.00437,0.00022,0.95368
113.82000,1.02193,0.03590,0.00254,0.00027,0.96129
113.96000,1.02194,0.04346,0.00846,0.00039,0.94769
114.10000,1.02194,0.03354,0.00277,0.00024,0.96346
114.24000,1.02194,0.03400,0.00301,0.00029,0.96271
114.38000,1.02194,0.04146,0.00112,0.00098,0.95645
114.52000,1.02194,0.04324,0.00429,0.00045,0.95201
114.66000,1.02193,0.03734,0.00397,0.00030,0.95839
114.80000,1.02193,0.04982,0.00572,0.00048,0.94399
114.94000,1.02193,0.05065,0.00528,0.00025,0.94382
115.08000,1.02193,0.03331,0.00319,0.00023,0.96327
115.22000,1.02193,0.03179,0.00232,0.00024,0.96564
115.36000,1.02193,0.03888,0.00303,0.00024,0.95785
115.50000,1.02193,0.04484,0.00131,0.00038,0.95348
115.64000,1.02193,0.04863,0.00117,0.00024,0.94996
115.78000,1.02194,0.08164,0.00100,0.00071,0.91665
115.92000,1.02194,0.06558,0.00025,0.00015,0.93402
116.06000,1.02194,0.09170,0.00045,0.00043,0.90742
116.20000,1.02194,0.07477,0.00055,0.00014,0.92454
116.34000,1.02194,0.05020,0.00058,0.00055,0.94866
116.48000,1.02193,0.03441,0.00039,0.00026,0.96494
116.62000,1.02193,0.03037,0.00098,0.00014,0.96852
116.76000,1.02193,0.04868,0.00092,0.00024,0.95016
116.90000,1.02193,0.04690,0.00105,0.00014,0.95191
117.04000,1.02193,0.03286,0.00091,0.00030,0.96593
117.18000,1.02193,0.04250,0.00318,0.00023,0.95409
117.32000,1.02193,0.07445,0.00770,0.00091,0.91693
117.46000,1.02194,0.07780,0.00621,0.00047,0.91552
117.60000,1.02194,0.04677,0.00534,0.00035,0.94754
117.74000,1.02194,0.05130,0.00603,0.00019,0.94247
117.88000,1.02194,0.07086,0.01047,0.00047,0.91820
118.02000,1.02194,0.03382,0.00208,0.00014,0.96395
118.16000,1.02193,0.03425,0.00095,0.00023,0.96457
118.30000,1.02193,0.04078,0.00116,0.00018,0.95787
118.44000,1.02193,0.03271,0.00078,0.00015,0.96637
118.58000,1.02193,0.03337,0.00055,0.00033,0.96576
118.72000,1.02193,0.03165,0.00092,0.00031,0.96712
118.86000,1.02193,0.04777,0.00099,0.00018,0.95107
119.00000,1.02193,0.03708,0.00176,0.00031,0.96085
119.14000,1.02193,0.05201,0.00209,0.00044,0.94547
119.28000,1.02194,0.04582,0.00146,0.00019,0.95254
119.42000,1.02194,0.03320,0.00152,0.00018,0.96509
119.56000,1.02194,0.06575,0.00120,0.00025,0.93281
119.70000,1.02194,0.05275,0.00458,0.00044,0.94223
119.84000,1.02194,0.05497,0.00445,0.00059,0.93999
119.98000,1.02193,0.04203,0.00675,0.00027,0.95095
120.12000,1.02193,0.06250,0.00380,0.00038,0.93332
120.26000,1.02193,0.03833,0.00513,0.00024,0.95630
120.40000,1.02193,0.04278,0.00543,0.00039,0.95140
120.54000,1.02193,0.02350,0.00082,0.00009,0.97560
120.68000,1.02193,0.03205,0.00119,0.00026,0.96651
120.82000,1.02193,0.04574,0.00084,0.00023,0.95318
120.96000,1.02194,0.02764,0.00071,0.00026,0.97140
121.10000,1.02194,0.03102,0.00048,0.00014,0.96836
121.24000,1.02194,0.03255,0.00021,0.00007,0.96717
121.38000,1.02194,0.03059,0.00033,0.00024,0.96884
121.52000,1.02194,0.03573,0.00020,0.00016,0.96391
121.66000,1.02193,0.02137,0.00014,0.00009,0.97840
121.80000,1.02193,0.02532,0.00010,0.00023,0.97436
121.94000,1.02193,0.03018,0.00064,0.00008,0.96910
122.08000,1.02193,0.03013,0.00055,0.00018,0.96913
122.22000,1.02193,0.02855,0.00022,0.00018,0.97105
122.36000,1.02193,0.02438,0.00036,0.00009,0.97518
122.50000,1.02193,0.02466,0.00027,0.00008,0.97499
122.64000,1.02193,0.04136,0.00034,0.00015,0.95815
122.78000,1.02194,0.05027,0.00060,0.00012,0.94902
122.92000,1.02194,0.02946,0.00060,0.00015,0.96979
123.06000,1.02194,0.04601,0.00248,0.00039,0.95112
123.20000,1.02194,0.07592,0.00206,0.00051,0.92150
123.34000,1.02194,0.06177,0.00132,0.00017,0.93675
123.48000,1.02193,0.06778,0.00241,0.00047,0.92935
123.62000,1.02193,0.05245,0.00163,0.00039,0.94553
123.76000,1.02193,0.05052,0.00016,0.00005,0.94927
123.90000,1.02193,0.02868,0.00037,0.00011,0.97084
124.04000,1.02193,0.06303,0.00011,0.00009,0.93677
124.18000,1.02193,0.03964,0.00028,0.00057,0.95952
124.32000,1.02193,0.03496,0.00004,0.00090,0.96410
124.46000,1.02194,0.03352,0.00013,0.00047,0.96589
124.60000,1.02194,0.02229,0.00042,0.00013,0.97716
124.74000,1.02194,0.02020,0.00012,0.00011,0.97956
124.88000,1.02194,0.03080,0.00083,0.00016,0.96821
125.02000,1.02194,0.05582,0.00048,0.00010,0.94360
125.16000,1.02193,0.03337,0.00059,0.00041,0.96564
125.30000,1.02193,0.03196,0.00101,0.00024,0.96679
125.44000,1.02193,0.03975,0.00183,0.00026,0.95816
125.58000,1.02193,0.03263,0.00132,0.00014,0.96591
125.72000,1.02193,0.02959,0.00087,0.00021,0.96933
125.86000,1.02193,0.04067,0.00089,0.00020,0.95823
126.00000,1.02193,0.04575,0.00098,0.00023,0.95305
126.14000,1.02193,0.02697,0.00077,0.00018,0.97208
126.28000,1.02194,0.04488,0.00118,0.00021,0.95373
126.42000,1.02194,0.04079,0.00174,0.00041,0.95706
126.56000,1.02194,0.04187,0.00444,0.00035,0.95335
126.70000,1.02194,0.03537,0.00386,0.00038,0.96040
126.84000,1.02194,0.04115,0.00281,0.00044,0.95560
126.98000,1.02193,0.04087,0.00745,0.00029,0.95139
127.12000,1.02193,0.03064,0.00169,0.00027,0.96740
127.26000,1.02193,0.03938,0.00215,0.00034,0.95813
127.40000,1.02193,0.03298,0.00223,0.00018,0.96461
127.54000,1.02193,0.03338,0.00174,0.00020,0.96467
127.68000,1.02193,0.04874,0.00146,0.00030,0.94950
127.82000,1.02193,0.03160,0.00124,0.00015,0.96701
127.96000,1.02193,0.03658,0.00081,0.00019,0.96242
128.10001,1.02193,0.03363,0.00085,0.00021,0.96531
128.24001,1.02193,0.06553,0.00120,0.00036,0.93291
128.38000,1.02193,0.03693,0.00221,0.00032,0.96054
128.52000,1.02193,0.04353,0.00195,0.00028,0.95425
128.66000,1.02193,0.06046,0.00183,0.00034,0.93737
128.80000,1.02193,0.05045,0.00139,0.00041,0.94775
128.94000,1.02194,0.04748,0.00141,0.00024,0.95087
129.08000,1.02194,0.03899,0.00287,0.00040,0.95775
129.22000,1.02194,0.08178,0.00310,0.00044,0.91468
129.36000,1.02194,0.03728,0.00297,0.00017,0.95959
129.50000,1.02194,0.02992,0.00242,0.00016,0.96749
129.64000,1.02194,0.03175,0.00090,0.00015,0.96721
129.78000,1.02194,0.03222,0.00080,0.00013,0.96685
129.92000,1.02194,0.02676,0.00049,0.00013,0.97262
130.06000,1.02194,0.02611,0.00028,0.00018,0.97343
130.20000,1.02194,0.03428,0.00052,0.00011,0.96508
130.34000,1.02194,0.03525,0.00038,0.00057,0.96379
130.48000,1.02194,0.04534,0.00154,0.00022,0.95290
130.62000,1.02194,0.03378,0.00144,0.00024,0.96453
130.75999,1.02194,0.06843,0.00181,0.00045,0.92931
130.89999,1.02194,0.04478,0.00374,0.00028,0.95120
131.03999,1.02194,0.04785,0.00317,0.00034,0.94864
131.17999,1.02194,0.05891,0.00214,0.00036,0.93858
131.32001,1.02193,0.04591,0.00271,0.00034,0.95105
131.46001,1.02193,0.04261,0.00139,0.00022,0.95577
131.60001,1.02193,0.04794,0.00074,0.00015,0.95117
131.74001,1.02193,0.03419,0.00090,0.00020,0.96471
131.88000,1.02193,0.05951,0.00098,0.00028,0.93923
132.02000,1.02193,0.04765,0.00099,0.00021,0.95115
132.16000,1.02193,0.04150,0.00113,0.00043,0.95694
132.30000,1.02193,0.05230,0.00285,0.00032,0.94453
132.44000,1.02194,0.06488,0.00187,0.00039,0.93286
132.58000,1.02194,0.06789,0.00144,0.00030,0.93038
132.72000,1.02194,0.04004,0.00320,0.00026,0.95650
132.86000,1.02194,0.04752,0.00261,0.00027,0.94961
133.00000,1.02194,0.02796,0.00112,0.00011,0.97081
133.14000,1.02194,0.04559,0.00090,0.00025,0.95326
133.28000,1.02194,0.04507,0.00165,0.00025,0.95302
133.42000,1.02194,0.04494,0.00144,0.00024,0.95337
133.56000,1.02194,0.03780,0.00285,0.00031,0.95904
133.70000,1.02194,0.06110,0.00538,0.00047,0.93305
133.84000,1.02194,0.04399,0.00543,0.00034,0.95024
133.98000,1.02194,0.03307,0.00289,0.00025,0.96380
134.12000,1.02194,0.02713,0.00041,0.00018,0.97228
134.25999,1.02194,0.03418,0.00045,0.00009,0.96528
134.39999,1.02194,0.03378,0.00042,0.00011,0.96569
134.53999,1.02194,0.04710,0.00049,0.00017,0.95224
134.67999,1.02194,0.03278,0.00037,0.00022,0.96664
134.82001,1.02193,0.04665,0.00262,0.00045,0.95028
134.96001,1.02193,0.03742,0.00140,0.00031,0.96088
135.10001,1.02193,0.04673,0.00182,0.00032,0.95113
135.24001,1.02193,0.05391,0.00053,0.00020,0.94537
135.38000,1.02193,0.07648,0.00063,0.00038,0.92251
135.52000,1.02193,0.13823,0.00142,0.00059,0.85975
135.66000,1.02193,0.05344,0.00531,0.00066,0.94059
135.80000,1.02193,0.05313,0.00609,0.00034,0.94043
135.94000,1.02194,0.06801,0.00400,0.00039,0.92760
136.08000,1.02194,0.06736,0.00330,0.00052,0.92882
136.22000,1.02194,0.04579,0.00505,0.00030,0.94885
136.36000,1.02194,0.03870,0.00245,0.00028,0.95858
136.50000,1.02194,0.04165,0.00086,0.00015,0.95735
136.64000,1.02194,0.04409,0.00210,0.00025,0.95356
136.78000,1.02194,0.05693,0.00176,0.00031,0.94099
136.92000,1.02194,0.04121,0.00181,0.00018,0.95680
137.06000,1.02194,0.03471,0.00077,0.00031,0.96421
137.20000,1.02194,0.04255,0.00406,0.00031,0.95307
137.34000,1.02194,0.04718,0.00311,0.00043,0.94928
137.48000,1.02194,0.03678,0.00305,0.00021,0.95995
137.62000,1.02194,0.04324,0.00060,0.00021,0.95594
137.75999,1.02194,0.07143,0.00206,0.00039,0.92612
137.89999,1.02194,0.03579,0.00075,0.00008,0.96338
138.03999,1.02194,0.02721,0.00007,0.00006,0.97266
138.17999,1.02194,0.05171,0.00009,0.00005,0.94815
138.32001,1.02193,0.02578,0.00004,0.00006,0.97413
138.46001,1.02193,0.02236,0.00002,0.00026,0.97736
138.60001,1.02193,0.04070,0.00003,0.00086,0.95841
138.74001,1.02193,0.03239,0.00022,0.00012,0.96727
138.88000,1.02193,0.03217,0.00007,0.00047,0.96729
139.02000,1.02193,0.02303,0.00055,0.00016,0.97626
139.16000,1.02193,0.03190,0.00116,0.00020,0.96674
139.30000,1.02193,0.02267,0.00100,0.00011,0.97622
139.44000,1.02194,0.02947,0.00131,0.00014,0.96909
139.58000,1.02194,0.04434,0.00187,0.00038,0.95341
139.72000,1.02194,0.05630,0.00977,0.00067,0.93326
139.86000,1.02194,0.04017,0.00372,0.00027,0.95584
140.00000,1.02194,0.04288,0.00504,0.00029,0.95178
140.14000,1.02194,0.09151,0.00620,0.00061,0.90168
140.28000,1.02194,0.06061,0.01854,0.00083,0.92002
140.42000,1.02194,0.03976,0.01428,0.00030,0.94567
140.56000,1.02194,0.03083,0.00268,0.00024,0.96625
140.70000,1.02194,0.04494,0.00511,0.00033,0.94962
140.84000,1.02194,0.02594,0.00237,0.00012,0.97156
140.98000,1.02194,0.02639,0.00125,0.00020,0.97216
141.12000,1.02194,0.03227,0.00197,0.00009,0.96567
141.25999,1.02194,0.04038,0.00277,0.00034,0.95651
141.39999,1.02194,0.03730,0.00314,0.00035,0.95920
141.53999,1.02194,0.04678,0.00505,0.00033,0.94783
141.67999,1.02194,0.03592,0.00199,0.00031,0.96178
141.82001,1.02193,0.04217,0.00237,0.00021,0.95526
141.96001,1.02193,0.02797,0.00136,0.00013,0.97054
142.10001,1.02193,0.02825,0.00018,0.00027,0.97129
142.24001,1.02193,0.03017,0.00064,0.00016,0.96904
142.38000,1.02193,0.03126,0.00084,0.00014,0.96776
142.52000,1.02193,0.03209,0.00067,0.00023,0.96701
142.66000,1.02193,0.07081,0.00145,0.00034,0.92740
142.80000,1.02193,0.05773,0.00065,0.00038,0.94124
142.94000,1.02194,0.04278,0.00025,0.00011,0.95685
143.08000,1.02194,0.06938,0.00026,0.00028,0.93008
143.22000,1.02194,0.05849,0.00049,0.00018,0.94084
143.36000,1.02194,0.04171,0.00055,0.00034,0.95739
143.50000,1.02194,0.04674,0.00286,0.00048,0.94993
143.64000,1.02194,0.05226,0.00374,0.00031,0.94369
143.78000,1.02194,0.03930,0.00255,0.00028,0.95787
143.92000,1.02194,0.05926,0.00216,0.00038,0.93820
144.06000,1.02194,0.05733,0.00135,0.00032,0.94099
144.20000,1.02194,0.06485,0.00259,0.00043,0.93214
144.34000,1.02194,0.06348,0.00340,0.00072,0.93240
144.48000,1.02194,0.07825,0.00256,0.00065,0.91854
144.62000,1.02194,0.05546,0.00480,0.00051,0.93923
144.75999,1.02194,0.07050,0.00278,0.00050,0.92622
144.89999,1.02194,0.05264,0.00586,0.00028,0.94123
145.03999,1.02194,0.04766,0.00679,0.00051,0.94503
145.17999,1.02194,0.03911,0.00298,0.00026,0.95765
145.32001,1.02193,0.03140,0.00180,0.00017,0.96663
145.46001,1.02193,0.02864,0.00071,0.00024,0.97041
145.60001,1.02193,0.04104,0.00190,0.00021,0.95685
145.74001,1.02193,0.05880,0.00197,0.00031,0.93893
145.88000,1.02193,0.03995,0.00212,0.00031,0.95762
146.02000,1.02193,0.06197,0.00390,0.00033,0.93380
146.16000,1.02193,0.05921,0.00654,0.00066,0.93359
146.30000,1.02193,0.08750,0.00662,0.00074,0.90514
146.44000,1.02194,0.08186,0.00998,0.00057,0.90760
146.58000,1.02194,0.05398,0.00675,0.00037,0.93890
146.72000,1.02194,0.05879,0.00235,0.00024,0.93862
146.86000,1.02194,0.03723,0.00103,0.00015,0.96159
147.00000,1.02194,0.04266,0.00068,0.00015,0.95651
147.14000,1.02194,0.05926,0.00072,0.00017,0.93985
147.28000,1.02194,0.03693,0.00168,0.00034,0.96105
147.42000,1.02194,0.04595,0.00386,0.00037,0.94982
147.56000,1.02194,0.06539,0.00365,0.00046,0.93050
147.70000,1.02194,0.06517,0.00425,0.00046,0.93012
147.84000,1.02194,0.06078,0.00228,0.00037,0.93657
147.98000,1.02194,0.03763,0.00070,0.00013,0.96154
148.12000,1.02194,0.02673,0.00048,0.00005,0.97273
148.25999,1.02194,0.03568,0.00037,0.00010,0.96384
148.39999,1.02194,0.04103,0.00042,0.00012,0.95843
148.53999,1.02194,0.03298,0.00078,0.00021,0.96603
148.67999,1.02194,0.05127,0.00335,0.00047,0.94491
148.82001,1.02193,0.04503,0.00536,0.00054,0.94907
148.96001,1.02193,0.03365,0.00250,0.00035,0.96350
149.10001,1.02193,0.03485,0.00363,0.00025,0.96127
149.24001,1.02193,0.05354,0.00427,0.00030,0.94189
149.38000,1.02193,0.03186,0.00413,0.00034,0.96366
149.52000,1.02193,0.02986,0.00212,0.00018,0.96784
149.66000,1.02193,0.02239,0.00054,0.00015,0.97692
149.80000,1.02193,0.02863,0.00149,0.00013,0.96976
149.94000,1.02194,0.02283,0.00043,0.00011,0.97663
150.08000,1.02194,0.03313,0.00014,0.00008,0.96665
150.22000,1.02194,0.01829,0.00012,0.00004,0.98155
150.36000,1.02194,0.03274,0.00040,0.00018,0.96668
150.50000,1.02194,0.02632,0.00038,0.00012,0.97318
150.64000,1.02194,0.02645,0.00030,0.00023,0.97302
150.78000,1.02194,0.03257,0.00128,0.00031,0.96584
150.92000,1.02194,0.05130,0.00928,0.00089,0.93853
151.06000,1.02194,0.03858,0.00275,0.00085,0.95781
151.20000,1.02194,0.05041,0.01563,0.00041,0.93355
151.34000,1.02194,0.04211,0.01044,0.00042,0.94703
151.48000,1.02194,0.04397,0.01235,0.00043,0.94325
151.62000,1.02194,0.04341,0.01136,0.00042,0.94481
151.75999,1.02194,0.03651,0.00341,0.00036,0.95972
151.89999,1.02194,0.03074,0.00306,0.00025,0.96595
152.03999,1.02194,0.03184,0.00206,0.00024,0.96586
152.17999,1.02194,0.03630,0.00197,0.00036,0.96137
152.32001,1.02193,0.04775,0.00098,0.00014,0.95112
152.46001,1.02193,0.02516,0.00045,0.00006,0.97433
152.60001,1.02193,0.02938,0.00133,0.00011,0.96917
152.74001,1.02193,0.03053,0.00086,0.00012,0.96850
152.88000,1.02193,0.02288,0.00049,0.00016,0.97647
153.02000,1.02193,0.02671,0.00064,0.00024,0.97240
153.16000,1.02193,0.02312,0.00078,0.00012,0.97599
153.30000,1.02193,0.03775,0.00170,0.00020,0.96035
153.44000,1.02194,0.03899,0.00108,0.00043,0.95951
153.58000,1.02194,0.02965,0.00175,0.00015,0.96845
153.72000,1.02194,0.03092,0.00138,0.00021,0.96750
153.86000,1.02194,0.04997,0.00265,0.00028,0.94710
154.00000,1.02194,0.03125,0.00273,0.00018,0.96583
154.14000,1.02194,0.02816,0.00060,0.00018,0.97106
154.28000,1.02194,0.02910,0.00052,0.00006,0.97032
154.42000,1.02194,0.03323,0.00071,0.00015,0.96591
154.56000,1.02194,0.05345,0.00093,0.00027,0.94535
154.70000,1.02194,0.03317,0.00091,0.00025,0.96567
154.84000,1.02194,0.04003,0.00332,0.00025,0.95639
154.98000,1.02194,0.04593,0.00273,0.00037,0.95096
155.12000,1.02194,0.05058,0.00300,0.00032,0.94611
155.25999,1.02194,0.04902,0.00231,0.00035,0.94832
155.39999,1.02194,0.03935,0.00158,0.00024,0.95884
155.53999,1.02194,0.05682,0.00093,0.00026,0.94200
155.67999,1.02194,0.02904,0.00073,0.00015,0.97008
155.82001,1.02193,0.05416,0.00064,0.00020,0.94500
155.96001,1.02193,0.03450,0.00168,0.00035,0.96347
156.10001,1.02193,0.03179,0.00171,0.00023,0.96627
156.24001,1.02193,0.03912,0.00215,0.00022,0.95851
156.38000,1.02193,0.04597,0.00234,0.00036,0.95134
156.52000,1.02193,0.04602,0.00209,0.00025,0.95163
156.66000,1.02193,0.03724,0.00173,0.00026,0.96077
156.80000,1.02193,0.06318,0.00447,0.00057,0.93178
156.94000,1.02194,0.04967,0.00211,0.00035,0.94787
157.08000,1.02194,0.04023,0.00096,0.00017,0.95863
157.22000,1.02194,0.03708,0.00046,0.00017,0.96230
157.36000,1.02194,0.09435,0.00068,0.00036,0.90462
157.50000,1.02194,0.04793,0.00263,0.00022,0.94922
157.64000,1.02194,0.03139,0.00089,0.00022,0.96749
157.78000,1.02194,0.03676,0.00144,0.00014,0.96167
157.92000,1.02194,0.04087,0.00143,0.00019,0.95751
158.06000,1.02194,0.08076,0.00166,0.00029,0.91729
158.20000,1.02194,0.03927,0.00229,0.00037,0.95808
158.34000,1.02194,0.03487,0.00114,0.00027,0.96372
158.48000,1.02194,0.03344,0.00068,0.00022,0.96565
158.62000,1.02194,0.05480,0.00287,0.00042,0.94191
158.75999,1.02194,0.07355,0.00166,0.00038,0.92441
158.89999,1.02194,0.06861,0.00228,0.00046,0.92865
159.03999,1.02194,0.07062,0.00217,0.00045,0.92676
159.17999,1.02194,0.04774,0.00364,0.00039,0.94823
159.32001,1.02193,0.05594,0.00212,0.00025,0.94169
159.46001,1.02193,0.03872,0.00116,0.00023,0.95988
159.60001,1.02193,0.04826,0.00059,0.00018,0.95098
159.74001,1.02193,0.02851,0.00105,0.00017,0.97027
159.88000,1.02193,0.03426,0.00042,0.00021,0.96511
160.02000,1.02193,0.02803,0.00083,0.00011,0.97103
160.16000,1.02193,0.02720,0.00040,0.00024,0.97216
160.30000,1.02193,0.05095,0.00060,0.00020,0.94825
160.44000,1.02194,0.03369,0.00091,0.00023,0.96517
160.58000,1.02194,0.04704,0.00201,0.00037,0.95059
160.72000,1.02194,0.04946,0.00239,0.00028,0.94788
160.86000,1.02194,0.03971,0.00190,0.00029,0.95810
161.00000,1.02194,0.04480,0.00109,0.00017,0.95394
161.14000,1.02194,0.06969,0.00079,0.00026,0.92927
161.28000,1.02194,0.06267,0.00271,0.00039,0.93422
161.42000,1.02194,0.04385,0.00254,0.00037,0.95324
161.56000,1.02194,0.05729,0.00283,0.00043,0.93946
161.70000,1.02194,0.05349,0.00479,0.00044,0.94128
161.84000,1.02194,0.07901,0.00146,0.00042,0.91911
161.98000,1.02194,0.04654,0.00433,0.00023,0.94890
162.12000,1.02194,0.04510,0.00564,0.00037,0.94888
162.25999,1.02194,0.05010,0.00481,0.00050,0.94459
162.39999,1.02194,0.03457,0.00186,0.00016,0.96340
162.53999,1.02194,0.02227,0.00063,0.00009,0.97701
162.67999,1.02194,0.03785,0.00292,0.00022,0.95902
162.82001,1.02193,0.04291,0.00341,0.00038,0.95330
162.96001,1.02193,0.03549,0.00225,0.00030,0.96197
163.10001,1.02193,0.05282,0.00743,0.00055,0.93920
163.24001,1.02193,0.04353,0.00441,0.00037,0.95170
163.38000,1.02193,0.04471,0.00914,0.00023,0.94592
163.52000,1.02193,0.03304,0.00179,0.00023,0.96494
163.66000,1.02193,0.03282,0.00148,0.00012,0.96557
163.80000,1.02193,0.04450,0.00083,0.00020,0.95446
163.94000,1.02194,0.03169,0.00071,0.00014,0.96746
164.08000,1.02194,0.03807,0.00051,0.00016,0.96126
164.22000,1.02194,0.03823,0.00046,0.00077,0.96055
164.36000,1.02194,0.05659,0.00260,0.00048,0.94033
164.50000,1.02194,0.03853,0.00270,0.00025,0.95852
164.64000,1.02194,0.06416,0.00193,0.00032,0.93360
164.78000,1.02194,0.04311,0.00197,0.00031,0.95461
164.92000,1.02194,0.04265,0.00233,0.00025,0.95477
165.06000,1.02194,0.04700,0.00139,0.00029,0.95132
165.20000,1.02194,0.05463,0.00134,0.00031,0.94372
165.34000,1.02194,0.08874,0.00189,0.00056,0.90881
165.48000,1.02194,0.06265,0.00821,0.00075,0.92840
165.62000,1.02194,0.06391,0.00293,0.00047,0.93269
165.75999,1.02194,0.06317,0.00273,0.00031,0.93378
165.89999,1.02194,0.08228,0.00126,0.00025,0.91621
166.03999,1.02194,0.04527,0.00306,0.00026,0.95142
166.17999,1.02194,0.04882,0.00358,0.00035,0.94725
166.32001,1.02193,0.04671,0.00343,0.00041,0.94946
166.46001,1.02193,0.05916,0.00368,0.00044,0.93671
166.60001,1.02193,0.06292,0.00305,0.00042,0.93361
166.74001,1.02193,0.08244,0.00156,0.00047,0.91553
166.88000,1.02193,0.06068,0.00133,0.00030,0.93770
167.02000,1.02193,0.03663,0.00069,0.00013,0.96255
167.16000,1.02193,0.03506,0.00153,0.00016,0.96325
167.30000,1.02193,0.05716,0.00132,0.00029,0.94123
167.44000,1.02194,0.03222,0.00104,0.00019,0.96656
167.58000,1.02194,0.04647,0.00130,0.00025,0.95198
167.72000,1.02194,0.04342,0.00135,0.00031,0.95492
167.86000,1.02194,0.07263,0.00117,0.00029,0.92591
168.00000,1.02194,0.03696,0.00266,0.00023,0.96016
168.14000,1.02194,0.05963,0.00304,0.00035,0.93699
168.28000,1.02194,0.07039,0.00285,0.00046,0.92630
168.42000,1.02194,0.04708,0.00482,0.00029,0.94781
168.56000,1.02194,0.04394,0.00344,0.00031,0.95231
168.70000,1.02194,0.07450,0.00240,0.00045,0.92265
168.84000,1.02194,0.07629,0.00581,0.00067,0.91723
168.98000,1.02194,0.06735,0.00544,0.00042,0.92679
169.12000,1.02194,0.05354,0.00851,0.00044,0.93752
169.25999,1.02194,0.05687,0.00928,0.00038,0.93347
169.39999,1.02194,0.04607,0.00469,0.00023,0.94902
169.53999,1.02194,0.03772,0.00262,0.00020,0.95946
169.67999,1.02194,0.03052,0.00123,0.00011,0.96814
169.82001,1.02193,0.04574,0.00149,0.00021,0.95256
169.96001,1.02193,0.05932,0.00117,0.00015,0.93937
170.10001,1.02193,0.03649,0.00194,0.00044,0.96112
170.24001,1.02193,0.03367,0.00286,0.00032,0.96316
170.38000,1.02193,0.03913,0.00360,0.00036,0.95691
170.52000,1.02193,0.03171,0.00527,0.00023,0.96279
170.66000,1.02193,0.02818,0.00159,0.00025,0.96997
170.80000,1.02193,0.02670,0.00159,0.00017,0.97155
170.94000,1.02194,0.03835,0.00237,0.00025,0.95903
171.08000,1.02194,0.02765,0.00102,0.00021,0.97112
171.22000,1.02194,0.02891,0.00078,0.00013,0.97017
171.36000,1.02194,0.03113,0.00077,0.00011,0.96799
171.50000,1.02194,0.04160,0.00353,0.00025,0.95462
171.64000,1.02194,0.03694,0.00078,0.00017,0.96211
171.78000,1.02194,0.03839,0.00010,0.00013,0.96138
171.92000,1.02194,0.03108,0.00003,0.00004,0.96885
172.06000,1.02194,0.08366,0.00027,0.00023,0.91584
172.20000,1.02194,0.03679,0.00019,0.00014,0.96287
172.34000,1.02194,0.04156,0.00011,0.00059,0.95774
172.48000,1.02194,0.03382,0.00094,0.00036,0.96489
172.62000,1.02194,0.03916,0.00167,0.00028,0.95889
172.75999,1.02194,0.04458,0.00291,0.00037,0.95214
172.89999,1.02194,0.05120,0.00257,0.00048,0.94575
173.03999,1.02194,0.05164,0.00273,0.00034,0.94528
173.17999,1.02194,0.05257,0.00299,0.00047,0.94397
173.32001,1.02193,0.09033,0.00281,0.00081,0.90604
173.46001,1.02193,0.08875,0.00123,0.00055,0.90947
173.60001,1.02193,0.05445,0.00168,0.00034,0.94352
173.74001,1.02193,0.07836,0.00082,0.00049,0.92032
173.88000,1.02193,0.12237,0.00109,0.00060,0.87593
174.02000,1.02193,0.05344,0.00536,0.00054,0.94065
174.16000,1.02193,0.06274,0.00323,0.00028,0.93375
174.30000,1.02193,0.07054,0.00121,0.00040,0.92785
174.44000,1.02194,0.04348,0.00115,0.00016,0.95521
174.58000,1.02194,0.05625,0.00076,0.00025,0.94273
174.72000,1.02194,0.05015,0.00162,0.00030,0.94792
174.86000,1.02194,0.05043,0.00224,0.00032,0.94702
175.00000,1.02194,0.03870,0.00132,0.00042,0.95956
175.14000,1.02194,0.04185,0.00228,0.00041,0.95546
175.28000,1.02194,0.03694,0.00282,0.00024,0.96001
175.42000,1.02194,0.04606,0.00220,0.00015,0.95159
175.56000,1.02194,0.04774,0.00073,0.00014,0.95140
175.70000,1.02194,0.05858,0.00019,0.00016,0.94108
175.84000,1.02194,0.03558,0.00005,0.00004,0.96433
175.98000,1.02194,0.05927,0.00008,0.00012,0.94053
176.12000,1.02194,0.05288,0.00003,0.00003,0.94706
176.25999,1.02194,0.04275,0.00003,0.00059,0.95664
176.39999,1.02194,0.03056,0.00010,0.00060,0.96874
176.53999,1.02194,0.03347,0.00064,0.00022,0.96567
176.67999,1.02194,0.03052,0.00097,0.00019,0.96833
176.82001,1.02193,0.04246,0.00438,0.00050,0.95266
176.96001,1.02193,0.05395,0.00573,0.00038,0.93993
177.10001,1.02193,0.04592,0.00796,0.00027,0.94586
177.24001,1.02193,0.04394,0.00705,0.00030,0.94870
177.38000,1.02193,0.06762,0.00832,0.00052,0.92354
177.52000,1.02193,0.05020,0.00971,0.00046,0.93964
177.66000,1.02193,0.04472,0.00769,0.00031,0.94728
177.80000,1.02193,0.03932,0.00391,0.00036,0.95641
177.94000,1.02194,0.03866,0.00353,0.00031,0.95750
178.08000,1.02194,0.04796,0.00482,0.00032,0.94690
178.22000,1.02194,0.07674,0.00581,0.00049,0.91697
178.36000,1.02194,0.04718,0.00738,0.00052,0.94492
178.50000,1.02194,0.06091,0.00909,0.00062,0.92939
178.64000,1.02194,0.04801,0.00510,0.00034,0.94655
178.78000,1.02194,0.04171,0.00394,0.00022,0.95413
178.92000,1.02194,0.03279,0.00119,0.00021,0.96581
179.06000,1.02194,0.04127,0.00120,0.00023,0.95729
179.20000,1.02194,0.02732,0.00093,0.00023,0.97152
179.34000,1.02194,0.04496,0.00493,0.00042,0.94970
179.48000,1.02194,0.04128,0.00465,0.00032,0.95375
179.62000,1.02194,0.04052,0.00367,0.00024,0.95557
179.75999,1.02194,0.03138,0.00167,0.00018,0.96676
179.89999,1.02194,0.02950,0.00122,0.00017,0.96912
180.03999,1.02194,0.03945,0.00098,0.00021,0.95936
180.17999,1.02194,0.03501,0.00054,0.00013,0.96433
180.32001,1.02193,0.05549,0.00068,0.00021,0.94362
180.46001,1.02193,0.03097,0.00119,0.00026,0.96759
180.60001,1.02193,0.04252,0.00167,0.00015,0.95565
180.74001,1.02193,0.02473,0.00100,0.00014,0.97413
180.88000,1.02193,0.03440,0.00191,0.00013,0.96356
181.02000,1.02193,0.02317,0.00057,0.00016,0.97610
181.16000,1.02193,0.02499,0.00034,0.00016,0.97451
181.30000,1.02193,0.04644,0.00105,0.00019,0.95233
181.44000,1.02194,0.04306,0.00151,0.00065,0.95478
181.58000,1.02194,0.06090,0.00419,0.00023,0.93468
181.72000,1.02194,0.05698,0.01183,0.00063,0.93057
181.86000,1.02194,0.07568,0.03708,0.00106,0.88618
182.00000,1.02194,0.08228,0.06020,0.00093,0.85659
182.14000,1.02194,0.06333,0.03506,0.00061,0.90100
182.28000,1.02194,0.07650,0.03647,0.00083,0.88620
182.42000,1.02194,0.07687,0.05258,0.00081,0.86974
182.56000,1.02194,0.05380,0.01877,0.00046,0.92696
182.70000,1.02194,0.04855,0.00883,0.00069,0.94193
182.84000,1.02194,0.04817,0.00910,0.00043,0.94231
182.98000,1.02194,0.03977,0.00677,0.00015,0.95332
183.12000,1.02194,0.04318,0.00628,0.00035,0.95019
183.25999,1.02194,0.03840,0.00418,0.00029,0.95713
183.39999,1.02194,0.03034,0.00200,0.00020,0.96745
183.53999,1.02194,0.03454,0.00246,0.00030,0.96270
183.67999,1.02194,0.04532,0.00352,0.00040,0.95076
183.82001,1.02193,0.04153,0.00369,0.00031,0.95447
183.96001,1.02193,0.04510,0.00393,0.00027,0.95070
184.10001,1.02193,0.03582,0.00179,0.00024,0.96215
184.24001,1.02193,0.03233,0.00104,0.00013,0.96651
184.38000,1.02193,0.05051,0.00093,0.00026,0.94829
184.52000,1.02193,0.05143,0.00108,0.00026,0.94722
184.66000,1.02193,0.03717,0.00100,0.00017,0.96167
184.80000,1.02193,0.02840,0.00075,0.00021,0.97063
184.94000,1.02194,0.06618,0.00142,0.00034,0.93207
185.08000,1.02194,0.03766,0.00215,0.00030,0.95990
185.22000,1.02194,0.04488,0.00285,0.00025,0.95202
185.36000,1.02194,0.03846,0.00200,0.00031,0.95924
185.50000,1.02194,0.05317,0.00187,0.00033,0.94462
185.64000,1.02194,0.05509,0.00184,0.00034,0.94274
185.78000,1.02194,0.06199,0.00181,0.00045,0.93575
185.92000,1.02194,0.05517,0.00157,0.00035,0.94291
186.06000,1.02194,0.03105,0.00171,0.00014,0.96711
186.20000,1.02194,0.04082,0.00099,0.00023,0.95795
186.34000,1.02194,0.04756,0.00103,0.00026,0.95115
186.48000,1.02194,0.03477,0.00155,0.00019,0.96349
186.62000,1.02194,0.03873,0.00146,0.00028,0.95952
186.75999,1.02194,0.04677,0.00135,0.00024,0.95164
186.89999,1.02194,0.04073,0.00145,0.00027,0.95755
187.03999,1.02194,0.04930,0.00181,0.00038,0.94852
187.17999,1.02194,0.06243,0.00126,0.00029,0.93601
187.32001,1.02193,0.04082,0.00215,0.00031,0.95672
187.46001,1.02193,0.04057,0.00199,0.00024,0.95721
187.60001,1.02193,0.05257,0.00135,0.00028,0.94580
187.74001,1.02193,0.04336,0.00226,0.00028,0.95410
187.88000,1.02193,0.07199,0.00344,0.00041,0.92416
188.02000,1.02193,0.03814,0.00249,0.00024,0.95913
188.16000,1.02193,0.05895,0.00784,0.00046,0.93274
188.30000,1.02193,0.04956,0.00525,0.00036,0.94484
188.44000,1.02194,0.05695,0.01124,0.00047,0.93134
188.58000,1.02194,0.05749,0.01031,0.00055,0.93165
188.72000,1.02194,0.04845,0.00742,0.00037,0.94376
188.86000,1.02194,0.04047,0.00331,0.00035,0.95587
189.00000,1.02194,0.04066,0.00100,0.00016,0.95818
189.14000,1.02194,0.02529,0.00076,0.00005,0.97389
189.28000,1.02194,0.02982,0.00038,0.00008,0.96972
189.42000,1.02194,0.03320,0.00033,0.00013,0.96633
189.56000,1.02194,0.02275,0.00028,0.00010,0.97688
189.70000,1.02194,0.03359,0.00136,0.00021,0.96484
189.84000,1.02194,0.03100,0.00096,0.00021,0.96782
189.98000,1.02194,0.03684,0.00175,0.00032,0.96109
190.12000,1.02194,0.03707,0.00266,0.00021,0.96005
190.25999,1.02194,0.03464,0.00139,0.00019,0.96378
190.39999,1.02194,0.02633,0.00041,0.00009,0.97316
190.53999,1.02194,0.05399,0.00028,0.00012,0.94562
190.67999,1.02194,0.02452,0.00057,0.00011,0.97481
190.82001,1.02193,0.03372,0.00057,0.00014,0.96558
190.96001,1.02193,0.02004,0.00025,0.00010,0.97960
191.10001,1.02193,0.03499,0.00091,0.00019,0.96390
191.24001,1.02193,0.03643,0.00113,0.00028,0.96216
191.38000,1.02193,0.03766,0.00145,0.00021,0.96067
191.52000,1.02193,0.03442,0.00120,0.00030,0.96408
191.66000,1.02193,0.05150,0.00251,0.00035,0.94564
191.80000,1.02193,0.05648,0.00251,0.00043,0.94058
191.94000,1.02194,0.05380,0.00229,0.00041,0.94350
192.08000,1.02194,0.05384,0.00330,0.00043,0.94243
192.22000,1.02194,0.06136,0.00257,0.00047,0.93560
192.36000,1.02194,0.05556,0.00464,0.00049,0.93931
192.50000,1.02194,0.04897,0.00286,0.00043,0.94775
192.64000,1.02194,0.05822,0.00312,0.00041,0.93825
192.78000,1.02194,0.06522,0.00264,0.00050,0.93164
192.92000,1.02194,0.07613,0.00272,0.00053,0.92062
193.06000,1.02194,0.06254,0.00229,0.00038,0.93479
193.20000,1.02194,0.06131,0.00181,0.00035,0.93653
193.34000,1.02194,0.05942,0.00217,0.00036,0.93805
193.48000,1.02194,0.05369,0.00262,0.00037,0.94332
193.62000,1.02194,0.04641,0.00201,0.00035,0.95124
193.75999,1.02194,0.04989,0.00168,0.00029,0.94814
193.89999,1.02194,0.05553,0.00202,0.00046,0.94199
194.03999,1.02194,0.06416,0.00341,0.00049,0.93194
194.17999,1.02194,0.04374,0.00156,0.00027,0.95442
194.32001,1.02193,0.04013,0.00041,0.00013,0.95933
194.46001,1.02193,0.03874,0.00018,0.00005,0.96103
194.60001,1.02193,0.02433,0.00044,0.00007,0.97517
194.74001,1.02193,0.04148,0.00042,0.00017,0.95794
194.88000,1.02193,0.02841,0.00040,0.00018,0.97102
195.02000,1.02193,0.03575,0.00151,0.00019,0.96254
195.16000,1.02193,0.03291,0.00095,0.00028,0.96586
195.30000,1.02193,0.03830,0.00287,0.00021,0.95862
195.44000,1.02194,0.04527,0.00182,0.00027,0.95264
195.58000,1.02194,0.04758,0.00177,0.00028,0.95037
195.72000,1.02194,0.03433,0.00167,0.00019,0.96381
195.86000,1.02194,0.03588,0.00102,0.00018,0.96291
196.00000,1.02194,0.03000,0.00056,0.00010,0.96935
196.14000,1.02194,0.02654,0.00032,0.00008,0.97307
196.28000,1.02194,0.05763,0.00044,0.00021,0.94171
196.42000,1.02194,0.02991,0.00089,0.00019,0.96902
196.56000,1.02194,0.03530,0.00115,0.00016,0.96339
196.70000,1.02194,0.03632,0.00076,0.00028,0.96264
196.84000,1.02194,0.05186,0.00184,0.00029,0.94602
196.98000,1.02194,0.05095,0.00153,0.00033,0.94718
197.12000,1.02194,0.05465,0.00141,0.00038,0.94356
197.25999,1.02194,0.04808,0.00238,0.00038,0.94916
197.39999,1.02194,0.07648,0.00112,0.00041,0.92199
197.53999,1.02194,0.05251,0.00232,0.00036,0.94481
197.67999,1.02194,0.05727,0.00141,0.00039,0.94094
197.82001,1.02193,0.06322,0.00161,0.00046,0.93470
197.96001,1.02193,0.06573,0.00197,0.00051,0.93179
198.10001,1.02193,0.05474,0.00169,0.00045,0.94312
198.24001,1.02193,0.07766,0.00170,0.00050,0.92014
198.38000,1.02193,0.06840,0.00165,0.00038,0.92958
198.52000,1.02193,0.09656,0.00267,0.00067,0.90009
198.66000,1.02193,0.09375,0.00196,0.00064,0.90364
198.80000,1.02193,0.05673,0.00165,0.00019,0.94143
198.94000,1.02194,0.06852,0.00122,0.00032,0.92994
199.08000,1.02194,0.06810,0.00211,0.00022,0.92957
199.22000,1.02194,0.03424,0.00425,0.00020,0.96131
199.36000,1.02194,0.03144,0.00165,0.00028,0.96664
199.50000,1.02194,0.04962,0.00661,0.00050,0.94327
199.64000,1.02194,0.04379,0.00809,0.00045,0.94768
199.78000,1.02194,0.03649,0.00309,0.00035,0.96006
199.92000,1.02194,0.05002,0.00377,0.00036,0.94585
200.06000,1.02194,0.04697,0.00626,0.00070,0.94608
200.20000,1.02194,0.04421,0.00914,0.00031,0.94634
200.34000,1.02194,0.03836,0.00283,0.00027,0.95854
200.48000,1.02194,0.03030,0.00114,0.00017,0.96840
200.62000,1.02194,0.03925,0.00287,0.00023,0.95765
200.75999,1.02194,0.03366,0.00119,0.00025,0.96490
200.89999,1.02194,0.03228,0.00179,0.00016,0.96576
201.03999,1.02194,0.03525,0.00095,0.00022,0.96358
201.17999,1.02194,0.06045,0.00150,0.00034,0.93770
201.32001,1.02193,0.04148,0.00319,0.00031,0.95502
201.46001,1.02193,0.03635,0.00173,0.00030,0.96162
201.60001,1.02193,0.05384,0.00237,0.00040,0.94340
201.74001,1.02193,0.05340,0.00208,0.00027,0.94424
201.88000,1.02193,0.04822,0.00253,0.00038,0.94887
202.02000,1.02193,0.05548,0.00260,0.00047,0.94145
202.16000,1.02193,0.04613,0.00244,0.00026,0.95118
202.30000,1.02193,0.04056,0.00226,0.00034,0.95684
202.44000,1.02194,0.06161,0.00131,0.00029,0.93679
202.58000,1.02194,0.04386,0.00326,0.00030,0.95258
202.72000,1.02194,0.04998,0.00229,0.00036,0.94736
202.86000,1.02194,0.04627,0.00242,0.00028,0.95103
203.00000,1.02194,0.05624,0.00228,0.00033,0.94116
203.14000,1.02194,0.05432,0.00303,0.00036,0.94229
203.28000,1.02194,0.05713,0.00231,0.00039,0.94017
203.42000,1.02194,0.04150,0.00208,0.00032,0.95610
203.56000,1.02194,0.05121,0.00047,0.00032,0.94799
203.70000,1.02194,0.03837,0.00056,0.00013,0.96093
203.84000,1.02194,0.05001,0.00080,0.00023,0.94896
203.98000,1.02194,0.06380,0.00106,0.00032,0.93483
204.12000,1.02194,0.03328,0.00090,0.00020,0.96561
204.25999,1.02194,0.04397,0.00195,0.00035,0.95374
204.39999,1.02194,0.04686,0.00138,0.00026,0.95149
204.53999,1.02194,0.05226,0.00067,0.00025,0.94682
204.67999,1.02194,0.04785,0.00079,0.00017,0.95119
204.82001,1.02193,0.03027,0.00133,0.00022,0.96818
204.96001,1.02193,0.04102,0.00242,0.00031,0.95625
205.10001,1.02193,0.03360,0.00141,0.00014,0.96485
205.24001,1.02193,0.03097,0.00101,0.00011,0.96791
205.38000,1.02193,0.04159,0.00144,0.00023,0.95674
205.52000,1.02193,0.03661,0.00204,0.00021,0.96114
205.66000,1.02193,0.03191,0.00123,0.00025,0.96662
205.80000,1.02193,0.03724,0.00300,0.00026,0.95950
205.94000,1.02194,0.03732,0.00270,0.00025,0.95972
206.08000,1.02194,0.02889,0.00107,0.00018,0.96985
206.22000,1.02194,0.02879,0.00083,0.00016,0.97021
206.36000,1.02194,0.03614,0.00092,0.00023,0.96270
206.50000,1.02194,0.05516,0.00095,0.00034,0.94354
206.64000,1.02194,0.03842,0.00196,0.00037,0.95926
206.78000,1.02194,0.04755,0.00114,0.00034,0.95097
206.92000,1.02194,0.03907,0.00068,0.00012,0.96013
207.06000,1.02194,0.04252,0.00064,0.00020,0.95664
207.20000,1.02194,0.04407,0.00076,0.00019,0.95498
207.34000,1.02194,0.02541,0.00047,0.00010,0.97402
207.48000,1.02194,0.02127,0.00031,0.00006,0.97836
207.62000,1.02194,0.06456,0.00082,0.00027,0.93436
207.75999,1.02194,0.03868,0.00153,0.00020,0.95959
207.89999,1.02194,0.02572,0.00062,0.00010,0.97356
208.03999,1.02194,0.02863,0.00067,0.00014,0.97056
208.17999,1.02194,0.03764,0.00037,0.00017,0.96182
208.32001,1.02193,0.04353,0.00042,0.00012,0.95593
208.46001,1.02193,0.02984,0.00072,0.00021,0.96923
208.60001,1.02193,0.03190,0.00062,0.00020,0.96728
208.74001,1.02193,0.02822,0.00086,0.00010,0.97082
208.88000,1.02193,0.03099,0.00072,0.00019,0.96810
209.02000,1.02193,0.04846,0.00043,0.00019,0.95092
209.16000,1.02193,0.05444,0.00054,0.00015,0.94486
209.30000,1.02193,0.03083,0.00101,0.00025,0.96791
209.44000,1.02194,0.04269,0.00190,0.00022,0.95519
209.58000,1.02194,0.03413,0.00146,0.00026,0.96414
209.72000,1.02194,0.03210,0.00141,0.00015,0.96634
209.86000,1.02194,0.04598,0.00142,0.00026,0.95234
210.00000,1.02194,0.04853,0.00153,0.00028,0.94966
210.14000,1.02194,0.03950,0.00076,0.00017,0.95957
210.28000,1.02194,0.04041,0.00066,0.00017,0.95876
210.42000,1.02194,0.02857,0.00066,0.00014,0.97063
210.56000,1.02194,0.04695,0.00069,0.00024,0.95212
210.70000,1.02194,0.03722,0.00109,0.00014,0.96154
210.84000,1.02194,0.03056,0.00062,0.00022,0.96860
210.98000,1.02194,0.04775,0.00103,0.00022,0.95101
211.12000,1.02194,0.07172,0.00144,0.00041,0.92644
211.25999,1.02194,0.04753,0.00344,0.00037,0.94866
211.39999,1.02194,0.05006,0.00237,0.00027,0.94730
211.53999,1.02194,0.03952,0.00195,0.00029,0.95824
211.67999,1.02194,0.07528,0.00248,0.00051,0.92173
211.82001,1.02193,0.06000,0.00239,0.00037,0.93724
211.96001,1.02193,0.04512,0.00232,0.00027,0.95229
212.10001,1.02193,0.06331,0.00198,0.00057,0.93414
212.24001,1.02193,0.06455,0.00128,0.00040,0.93378
212.38000,1.02193,0.04042,0.00124,0.00015,0.95820
212.52000,1.02193,0.04106,0.00147,0.00029,0.95718
212.66000,1.02193,0.07387,0.00074,0.00028,0.92510
212.80000,1.02193,0.03875,0.00131,0.00023,0.95971
212.94000,1.02194,0.03032,0.00078,0.00014,0.96875
213.08000,1.02194,0.05644,0.00058,0.00028,0.94270
213.22000,1.02194,0.05318,0.00143,0.00036,0.94503
213.36000,1.02194,0.04310,0.00170,0.00023,0.95497
213.50000,1.02194,0.03301,0.00117,0.00022,0.96560
213.64000,1.02194,0.05263,0.00307,0.00033,0.94398
213.78000,1.02194,0.04878,0.00246,0.00035,0.94841
213.92000,1.02194,0.04282,0.00323,0.00023,0.95372
214.06000,1.02194,0.04574,0.00279,0.00033,0.95114
214.20000,1.02194,0.04281,0.00438,0.00032,0.95248
214.34000,1.02194,0.03381,0.00282,0.00015,0.96322
214.48000,1.02194,0.03438,0.00166,0.00023,0.96374
214.62000,1.02194,0.04004,0.00124,0.00023,0.95848
214.75999,1.02194,0.03061,0.00111,0.00010,0.96818
214.89999,1.02194,0.02805,0.00098,0.00016,0.97081
215.03999,1.02194,0.05041,0.00103,0.00022,0.94834
215.17999,1.02194,0.02555,0.00133,0.00014,0.97298
215.32001,1.02193,0.02600,0.00123,0.00016,0.97261
215.46001,1.02193,0.03312,0.00169,0.00017,0.96502
215.60001,1.02193,0.02459,0.00113,0.00012,0.97416
215.74001,1.02193,0.03315,0.00128,0.00019,0.96539
215.88000,1.02193,0.02358,0.00096,0.00012,0.97534
216.02000,1.02193,0.02411,0.00077,0.00009,0.97503
216.16000,1.02193,0.02857,0.00076,0.00018,0.97049
216.30000,1.02193,0.03176,0.00117,0.00015,0.96692
216.44000,1.02194,0.01791,0.00029,0.00004,0.98176
216.58000,1.02194,0.02460,0.00019,0.00012,0.97508
216.72000,1.02194,0.03501,0.00033,0.00013,0.96453
216.86000,1.02194,0.03007,0.00050,0.00015,0.96927
217.00000,1.02194,0.03438,0.00063,0.00028,0.96471
217.14000,1.02194,0.04233,0.00234,0.00027,0.95506
217.28000,1.02194,0.04340,0.00308,0.00041,0.95311
217.42000,1.02194,0.05385,0.00239,0.00039,0.94337
217.56000,1.02194,0.04564,0.00212,0.00037,0.95186
217.70000,1.02194,0.05365,0.00311,0.00040,0.94284
217.84000,1.02194,0.04475,0.00379,0.00036,0.95110
217.98000,1.02194,0.04253,0.00232,0.00028,0.95487
218.12000,1.02194,0.05655,0.00132,0.00034,0.94180
218.25999,1.02194,0.03017,0.00120,0.00011,0.96852
218.39999,1.02194,0.03890,0.00122,0.00021,0.95966
218.53999,1.02194,0.04477,0.00086,0.00023,0.95414
218.67999,1.02194,0.03316,0.00138,0.00029,0.96518
218.82001,1.02193,0.02914,0.00047,0.00020,0.97019
218.96001,1.02193,0.03647,0.00245,0.00032,0.96076
219.10001,1.02193,0.04778,0.00258,0.00033,0.94931
219.24001,1.02193,0.03414,0.00149,0.00018,0.96420
219.38000,1.02193,0.03717,0.00142,0.00021,0.96120
219.52000,1.02193,0.05463,0.00213,0.00027,0.94298
219.66000,1.02193,0.03524,0.00268,0.00025,0.96183
219.80000,1.02193,0.03079,0.00197,0.00012,0.96713
219.94000,1.02194,0.03920,0.00162,0.00021,0.95897
220.08000,1.02194,0.04728,0.00340,0.00041,0.94890
220.22000,1.02194,0.03433,0.00183,0.00017,0.96367
220.36000,1.02194,0.02709,0.00053,0.00016,0.97221
220.50000,1.02194,0.03212,0.00101,0.00016,0.96671
220.64000,1.02194,0.04885,0.00118,0.00020,0.94976
220.78000,1.02194,0.03319,0.00188,0.00022,0.96472
220.92000,1.02194,0.03080,0.00105,0.00027,0.96788
221.06000,1.02194,0.04699,0.00156,0.00021,0.95124
221.20000,1.02194,0.03325,0.00098,0.00020,0.96556
221.34000,1.02194,0.03371,0.00118,0.00014,0.96498
221.48000,1.02194,0.06477,0.00178,0.00032,0.93312
221.62000,1.02194,0.05690,0.00233,0.00035,0.94042
221.75999,1.02194,0.06247,0.00063,0.00029,0.93661
221.89999,1.02194,0.04457,0.00015,0.00020,0.95509
222.03999,1.02194,0.06686,0.00042,0.00039,0.93233
222.17999,1.02194,0.08633,0.00060,0.00082,0.91226
222.32001,1.02193,0.07353,0.00022,0.00087,0.92538
222.46001,1.02193,0.10655,0.00020,0.00532,0.88793
222.60001,1.02193,0.05435,0.00330,0.00057,0.94179
222.74001,1.02193,0.04276,0.00333,0.00025,0.95367
222.88000,1.02193,0.06208,0.00070,0.00022,0.93700
223.02000,1.02193,0.06039,0.00175,0.00023,0.93764
223.16000,1.02193,0.04323,0.00191,0.00021,0.95465
223.30000,1.02193,0.03957,0.00117,0.00024,0.95903
223.44000,1.02194,0.05784,0.00111,0.00026,0.94079
223.58000,1.02194,0.03766,0.00152,0.00035,0.96048
223.72000,1.02194,0.04582,0.00309,0.00028,0.95081
223.86000,1.02194,0.03576,0.00253,0.00020,0.96152
224.00000,1.02194,0.06611,0.00186,0.00038,0.93165
224.14000,1.02194,0.03976,0.00243,0.00040,0.95741
224.28000,1.02194,0.03167,0.00159,0.00018,0.96656
224.42000,1.02194,0.03184,0.00098,0.00031,0.96687
224.56000,1.02194,0.05021,0.00504,0.00032,0.94443
224.70000,1.02194,0.06110,0.00428,0.00056,0.93406
224.84000,1.02194,0.03411,0.00216,0.00018,0.96355
224.98000,1.02194,0.03648,0.00232,0.00015,0.96105
225.12000,1.02194,0.03207,0.00145,0.00018,0.96630
225.25999,1.02194,0.04677,0.00261,0.00017,0.95045
225.39999,1.02194,0.03735,0.00222,0.00028,0.96015
225.53999,1.02194,0.03640,0.00183,0.00030,0.96147
225.67999,1.02194,0.03394,0.00097,0.00038,0.96471
225.82001,1.02193,0.04345,0.00104,0.00022,0.95529
225.96001,1.02193,0.05660,0.00416,0.00037,0.93886
226.10001,1.02193,0.04753,0.00140,0.00025,0.95083
226.24001,1.02193,0.03810,0.00071,0.00019,0.96100
226.38000,1.02193,0.02902,0.00009,0.00012,0.97076
226.52000,1.02193,0.05752,0.00039,0.00020,0.94189
226.66000,1.02193,0.06165,0.00040,0.00013,0.93782
226.80000,1.02193,0.02938,0.00026,0.00020,0.97016
226.94000,1.02194,0.03918,0.00129,0.00041,0.95912
227.08000,1.02194,0.03980,0.00230,0.00024,0.95766
227.22000,1.02194,0.03880,0.00167,0.00013,0.95939
227.36000,1.02194,0.03525,0.00126,0.00032,0.96318
227.50000,1.02194,0.04260,0.00171,0.00016,0.95553
227.64000,1.02194,0.02854,0.00076,0.00018,0.97052
227.78000,1.02194,0.03022,0.00055,0.00040,0.96882
227.92000,1.02194,0.03285,0.00209,0.00022,0.96483
228.06000,1.02194,0.03358,0.00198,0.00017,0.96427
228.20000,1.02194,0.04937,0.00136,0.00037,0.94890
228.34000,1.02194,0.04767,0.00281,0.00023,0.94929
228.48000,1.02194,0.04787,0.00805,0.00051,0.94357
228.62000,1.02194,0.06679,0.01817,0.00092,0.91412
228.75999,1.02194,0.05727,0.02915,0.00066,0.91292
228.89999,1.02194,0.06421,0.02936,0.00117,0.90526
229.03999,1.02194,0.07849,0.06787,0.00108,0.85256
229.17999,1.02194,0.07259,0.04173,0.00102,0.88466
229.32001,1.02193,0.04886,0.01596,0.00049,0.93469
229.46001,1.02193,0.05382,0.01858,0.00097,0.92664
229.60001,1.02193,0.04787,0.01021,0.00041,0.94151
229.74001,1.02193,0.03851,0.00858,0.00024,0.95268
229.88000,1.02193,0.05045,0.01104,0.00059,0.93791
230.02000,1.02193,0.06523,0.01151,0.00043,0.92283
230.16000,1.02193,0.04685,0.00970,0.00041,0.94304
230.30000,1.02193,0.04794,0.01046,0.00066,0.94094
230.44000,1.02194,0.04156,0.00488,0.00051,0.95305
230.58000,1.02194,0.04946,0.00967,0.00058,0.94030
230.72000,1.02194,0.03054,0.00319,0.00016,0.96611
230.86000,1.02194,0.03498,0.00103,0.00021,0.96379
231.00000,1.02194,0.02888,0.00051,0.00012,0.97050
231.14000,1.02194,0.02683,0.00055,0.00013,0.97249
231.28000,1.02194,0.02778,0.00027,0.00017,0.97179
231.42000,1.02194,0.02492,0.00050,0.00016,0.97442
231.56000,1.02194,0.02872,0.00031,0.00015,0.97082
231.70000,1.02194,0.03578,0.00036,0.00014,0.96373
231.84000,1.02194,0.03126,0.00015,0.00045,0.96814
231.98000,1.02194,0.05639,0.00059,0.00022,0.94280
232.12000,1.02194,0.03713,0.00061,0.00048,0.96178
232.25999,1.02194,0.03955,0.00473,0.00031,0.95541
232.39999,1.02194,0.03968,0.00198,0.00040,0.95794
232.53999,1.02194,0.03918,0.00434,0.00048,0.95601
232.67999,1.02194,0.04092,0.00560,0.00061,0.95288
232.82001,1.02193,0.03014,0.00248,0.00018,0.96720
232.96001,1.02193,0.03146,0.00236,0.00016,0.96602
233.10001,1.02193,0.03108,0.00119,0.00031,0.96742
233.24001,1.02193,0.03587,0.00266,0.00025,0.96122
233.38000,1.02193,0.04234,0.00186,0.00030,0.95550
233.52000,1.02193,0.02896,0.00156,0.00022,0.96926
233.66000,1.02193,0.03442,0.00377,0.00022,0.96159
233.80000,1.02193,0.02552,0.00103,0.00028,0.97318
233.94000,1.02194,0.02684,0.00127,0.00022,0.97166
234.08000,1.02194,0.04042,0.00154,0.00062,0.95741
234.22000,1.02194,0.03286,0.00149,0.00018,0.96546
234.36000,1.02194,0.03869,0.00073,0.00018,0.96040
234.50000,1.02194,0.03079,0.00045,0.00033,0.96842
234.64000,1.02194,0.03671,0.00338,0.00023,0.95967
234.78000,1.02194,0.03509,0.00336,0.00029,0.96127
234.92000,1.02194,0.03257,0.00171,0.00018,0.96555
235.06000,1.02194,0.03295,0.00123,0.00021,0.96561
235.20000,1.02194,0.03238,0.00144,0.00028,0.96590
235.34000,1.02194,0.04070,0.00266,0.00026,0.95638
235.48000,1.02194,0.03583,0.00183,0.00027,0.96208
235.62000,1.02194,0.03644,0.00188,0.00026,0.96142
235.75999,1.02194,0.03937,0.00300,0.00022,0.95741
235.89999,1.02194,0.04123,0.00293,0.00036,0.95548
236.03999,1.02194,0.07327,0.00185,0.00053,0.92435
236.17999,1.02194,0.03087,0.00222,0.00012,0.96679
236.32001,1.02193,0.03919,0.00195,0.00024,0.95862
236.46001,1.02193,0.06319,0.00169,0.00022,0.93490
236.60001,1.02193,0.02607,0.00139,0.00018,0.97236
236.74001,1.02193,0.02299,0.00024,0.00014,0.97663
236.88000,1.02193,0.02722,0.00058,0.00010,0.97210
237.02000,1.02193,0.03456,0.00046,0.00014,0.96484
237.16000,1.02193,0.02820,0.00035,0.00015,0.97130
237.30000,1.02193,0.02279,0.00032,0.00009,0.97680
237.44000,1.02194,0.03035,0.00060,0.00013,0.96892
237.58000,1.02194,0.02953,0.00112,0.00016,0.96919
237.72000,1.02194,0.03518,0.00140,0.00019,0.96323
237.86000,1.02194,0.02077,0.00044,0.00005,0.97874
238.00000,1.02194,0.02308,0.00048,0.00008,0.97636
238.14000,1.02194,0.03481,0.00169,0.00009,0.96341
238.28000,1.02194,0.02754,0.00124,0.00023,0.97099
238.42000,1.02194,0.01762,0.00033,0.00004,0.98200
238.56000,1.02194,0.02992,0.00053,0.00020,0.96935
238.70000,1.02194,0.02321,0.00080,0.00012,0.97587
238.84000,1.02194,0.02686,0.00088,0.00012,0.97214
238.98000,1.02194,0.01945,0.00019,0.00010,0.98027
239.12000,1.02194,0.03677,0.00079,0.00010,0.96234
239.25999,1.02194,0.03039,0.00050,0.00027,0.96883
239.39999,1.02194,0.01966,0.00040,0.00009,0.97985
239.53999,1.02194,0.03056,0.00047,0.00018,0.96879
239.67999,1.02194,0.05262,0.00085,0.00021,0.94632
239.82001,1.02193,0.03203,0.00054,0.00009,0.96734
239.96001,1.02193,0.03267,0.00022,0.00017,0.96694
240.10001,1.02193,0.04531,0.00030,0.00011,0.95428
240.24001,1.02193,0.04982,0.00086,0.00029,0.94903
240.38000,1.02193,0.07315,0.00082,0.00019,0.92584
240.52000,1.02193,0.03426,0.00155,0.00032,0.96387
240.66000,1.02193,0.05618,0.00493,0.00030,0.93859
240.80000,1.02193,0.03843,0.00285,0.00020,0.95852
240.94000,1.02194,0.02974,0.00099,0.00011,0.96916
241.08000,1.02194,0.03465,0.00095,0.00019,0.96422
241.22000,1.02194,0.02621,0.00019,0.00012,0.97349
241.36000,1.02194,0.03089,0.00003,0.00005,0.96903
241.50000,1.02194,0.02487,0.00002,0.00007,0.97505
241.64000,1.02194,0.04571,0.00027,0.00010,0.95393
241.78000,1.02194,0.04349,0.00113,0.00013,0.95525
241.92000,1.02194,0.03155,0.00060,0.00015,0.96770
242.06000,1.02194,0.04285,0.00473,0.00041,0.95201
242.20000,1.02194,0.05228,0.00459,0.00046,0.94268
242.34000,1.02194,0.03977,0.00523,0.00032,0.95468
242.48000,1.02194,0.04262,0.00403,0.00038,0.95297
242.62000,1.02194,0.05428,0.00574,0.00052,0.93946
242.75999,1.02194,0.05251,0.00472,0.00036,0.94241
242.89999,1.02194,0.03950,0.00257,0.00037,0.95755
243.03999,1.02194,0.04386,0.00268,0.00026,0.95321
243.17999,1.02194,0.04669,0.00189,0.00021,0.95121
243.32001,1.02193,0.03583,0.00110,0.00014,0.96293
243.46001,1.02193,0.03542,0.00099,0.00017,0.96342
243.60001,1.02193,0.03193,0.00132,0.00018,0.96657
243.74001,1.02193,0.03611,0.00144,0.00024,0.96221
243.88000,1.02193,0.04593,0.00170,0.00019,0.95218
244.02000,1.02193,0.03044,0.00164,0.00025,0.96767
244.16000,1.02193,0.05446,0.01021,0.00042,0.93490
244.30000,1.02193,0.05196,0.00554,0.00045,0.94205
244.44000,1.02194,0.04582,0.00545,0.00040,0.94833
244.58000,1.02194,0.03378,0.00307,0.00016,0.96299
244.72000,1.02194,0.03757,0.00193,0.00033,0.96017
244.86000,1.02194,0.04419,0.00421,0.00027,0.95133
245.00000,1.02194,0.03206,0.00178,0.00019,0.96597
245.14000,1.02194,0.04582,0.00085,0.00110,0.95222
245.28000,1.02194,0.03032,0.00393,0.00020,0.96555
245.42000,1.02194,0.03764,0.00337,0.00034,0.95864
245.56000,1.02194,0.04632,0.00593,0.00041,0.94734
245.70000,1.02194,0.03994,0.00551,0.00058,0.95397
245.84000,1.02194,0.03080,0.00293,0.00029,0.96598
245.98000,1.02194,0.03275,0.00492,0.00024,0.96210
246.12000,1.02194,0.02250,0.00192,0.00010,0.97548
246.25999,1.02194,0.03226,0.00148,0.00026,0.96599
246.39999,1.02194,0.01950,0.00057,0.00008,0.97986
246.53999,1.02194,0.02544,0.00046,0.00013,0.97396
246.67999,1.02194,0.02482,0.00041,0.00012,0.97465
246.82001,1.02193,0.03672,0.00082,0.00015,0.96231
246.96001,1.02193,0.03136,0.00101,0.00025,0.96738
247.10001,1.02193,0.03386,0.00225,0.00022,0.96368
247.24001,1.02193,0.02523,0.00069,0.00010,0.97398
247.38000,1.02193,0.06013,0.00099,0.00025,0.93863
247.52000,1.02193,0.04048,0.00241,0.00039,0.95672
247.66000,1.02193,0.03984,0.00235,0.00030,0.95751
247.80000,1.02193,0.04267,0.00259,0.00033,0.95441
247.94000,1.02194,0.06462,0.00179,0.00038,0.93321
248.08000,1.02194,0.05689,0.00182,0.00037,0.94092
248.22000,1.02194,0.06446,0.00451,0.00050,0.93053
248.36000,1.02194,0.05951,0.00525,0.00042,0.93482
248.50000,1.02194,0.05919,0.00478,0.00043,0.93559
248.64000,1.02194,0.05384,0.00488,0.00044,0.94084
248.78000,1.02194,0.05205,0.00825,0.00036,0.93934
248.92000,1.02194,0.04240,0.00479,0.00034,0.95247
249.06000,1.02194,0.03161,0.00228,0.00026,0.96585
249.20000,1.02194,0.04084,0.00494,0.00034,0.95389
249.34000,1.02194,0.03613,0.00304,0.00045,0.96038
249.48000,1.02194,0.04238,0.00501,0.00033,0.95227
249.62000,1.02194,0.03600,0.00107,0.00036,0.96257
249.75999,1.02194,0.02777,0.00064,0.00030,0.97129
249.89999,1.02194,0.03429,0.00160,0.00033,0.96378
250.03999,1.02194,0.03954,0.00228,0.00038,0.95781
250.17999,1.02194,0.03582,0.00141,0.00031,0.96246
250.32001,1.02193,0.05183,0.00154,0.00030,0.94633
250.46001,1.02193,0.03683,0.00108,0.00041,0.96168
250.60001,1.02193,0.04453,0.00207,0.00018,0.95322
250.74001,1.02193,0.03309,0.00073,0.00015,0.96603
250.88000,1.02193,0.04432,0.00044,0.00017,0.95507
251.02000,1.02193,0.02686,0.00066,0.00011,0.97237
251.16000,1.02193,0.02560,0.00040,0.00012,0.97388
251.30000,1.02193,0.03278,0.00037,0.00009,0.96676
251.44000,1.02194,0.02616,0.00038,0.00019,0.97328
251.58000,1.02194,0.04998,0.00064,0.00019,0.94920
251.72000,1.02194,0.03263,0.00143,0.00021,0.96573
251.86000,1.02194,0.04128,0.00239,0.00033,0.95599
252.00000,1.02194,0.06911,0.00219,0.00039,0.92831
252.14000,1.02194,0.04517,0.00207,0.00025,0.95252
252.28000,1.02194,0.03625,0.00156,0.00016,0.96203
252.42000,1.02194,0.03787,0.00128,0.00015,0.96069
252.56000,1.02194,0.05258,0.00115,0.00033,0.94594
252.70000,1.02194,0.03436,0.00101,0.00014,0.96449
252.84000,1.02194,0.03381,0.00106,0.00029,0.96485
252.98000,1.02194,0.05056,0.00137,0.00038,0.94769
253.12000,1.02194,0.05488,0.00132,0.00025,0.94354
253.25999,1.02194,0.03614,0.00157,0.00040,0.96189
253.39999,1.02194,0.04758,0.00083,0.00024,0.95135
253.53999,1.02194,0.03583,0.00090,0.00010,0.96317
253.67999,1.02194,0.03884,0.00144,0.00028,0.95943
253.82001,1.02193,0.07201,0.00074,0.00029,0.92695
253.96001,1.02193,0.03763,0.00162,0.00021,0.96054
254.10001,1.02193,0.04187,0.00285,0.00032,0.95495
254.24001,1.02193,0.03976,0.00113,0.00016,0.95896
254.38000,1.02193,0.03383,0.00083,0.00015,0.96518
254.52000,1.02193,0.02838,0.00039,0.00009,0.97114
254.66000,1.02193,0.03008,0.00023,0.00014,0.96954
254.80000,1.02193,0.02758,0.00019,0.00014,0.97209
254.94000,1.02194,0.04069,0.00028,0.00011,0.95893
255.08000,1.02193,0.03558,0.00039,0.00048,0.96355
255.22000,1.02194,0.04297,0.00224,0.00030,0.95450
255.36000,1.02193,0.03809,0.00082,0.00019,0.96090
255.50000,1.02194,0.04346,0.00041,0.00012,0.95602
255.64000,1.02193,0.04359,0.00044,0.00016,0.95581
255.78000,1.02194,0.04768,0.00040,0.00021,0.95171
255.92000,1.02193,0.04554,0.00069,0.00016,0.95361
256.06000,1.02194,0.03645,0.00123,0.00036,0.96196
256.20001,1.02191,0.05470,0.00321,0.00046,0.94163
256.34000,1.02194,0.05347,0.00482,0.00035,0.94136
256.48001,1.02191,0.08539,0.00203,0.00042,0.91216
256.62000,1.02194,0.04454,0.00471,0.00030,0.95045
256.76001,1.02194,0.05065,0.00550,0.00039,0.94347
256.89999,1.02194,0.04521,0.00337,0.00034,0.95108
257.04001,1.02194,0.04433,0.00432,0.00027,0.95108
257.17999,1.02194,0.04089,0.00392,0.00028,0.95491
257.32001,1.02194,0.05027,0.00180,0.00023,0.94770
257.45999,1.02194,0.02770,0.00096,0.00007,0.97127
257.60001,1.02194,0.04126,0.00110,0.00018,0.95747
257.73999,1.02194,0.02965,0.00098,0.00013,0.96925
257.88000,1.02194,0.03065,0.00061,0.00010,0.96864
258.01999,1.02194,0.02323,0.00023,0.00012,0.97641
258.16000,1.02194,0.03894,0.00116,0.00023,0.95967
258.29999,1.02194,0.02906,0.00112,0.00015,0.96967
258.44000,1.02194,0.04946,0.00190,0.00034,0.94829
258.57999,1.02194,0.03542,0.00171,0.00027,0.96261
258.72000,1.02194,0.04787,0.00247,0.00025,0.94940
258.85999,1.02194,0.03301,0.00122,0.00027,0.96550
259.00000,1.02194,0.03911,0.00404,0.00025,0.95660
259.14001,1.02191,0.03872,0.00226,0.00029,0.95872
259.28000,1.02194,0.04228,0.00156,0.00031,0.95585
259.42001,1.02191,0.05189,0.00393,0.00048,0.94370
259.56000,1.02194,0.07572,0.00401,0.00071,0.91956
259.70001,1.02191,0.06218,0.00481,0.00057,0.93244
259.84000,1.02194,0.05230,0.00361,0.00030,0.94379
259.98001,1.02191,0.07217,0.00124,0.00032,0.92627
260.12000,1.02194,0.07250,0.00326,0.00055,0.92369
260.26001,1.02194,0.04909,0.00586,0.00034,0.94472
260.39999,1.02194,0.04586,0.00353,0.00037,0.95023
260.54001,1.02194,0.05446,0.00407,0.00030,0.94117
260.67999,1.02194,0.07138,0.00290,0.00046,0.92526
260.82001,1.02194,0.05426,0.00393,0.00042,0.94139
260.95999,1.02194,0.05600,0.00616,0.00050,0.93735
261.10001,1.02194,0.05840,0.00397,0.00061,0.93702
261.23999,1.02194,0.06918,0.00262,0.00044,0.92776
261.38000,1.02194,0.04760,0.00384,0.00034,0.94823
261.51999,1.02194,0.10121,0.00338,0.00085,0.89456
261.66000,1.02194,0.05353,0.00458,0.00041,0.94149
261.79999,1.02194,0.04434,0.00206,0.00026,0.95334
261.94000,1.02194,0.04947,0.00178,0.00031,0.94845
262.07999,1.02194,0.10345,0.00130,0.00046,0.89478
262.22000,1.02194,0.04128,0.00334,0.00028,0.95510
262.35999,1.02194,0.04162,0.00180,0.00035,0.95623
262.50000,1.02194,0.05306,0.00135,0.00029,0.94530
262.64001,1.02191,0.06633,0.00149,0.00040,0.93177
262.78000,1.02194,0.07425,0.00133,0.00053,0.92389
262.92001,1.02191,0.03961,0.00149,0.00016,0.95874
263.06000,1.02194,0.05961,0.00044,0.00014,0.93982
263.20001,1.02191,0.01980,0.00035,0.00004,0.97981
263.34000,1.02194,0.04603,0.00025,0.00016,0.95356
263.48001,1.02191,0.02163,0.00024,0.00010,0.97803
263.62000,1.02194,0.02334,0.00020,0.00009,0.97637
263.76001,1.02194,0.02910,0.00015,0.00024,0.97051
263.89999,1.02194,0.03750,0.00120,0.00023,0.96106
264.04001,1.02194,0.03479,0.00073,0.00051,0.96397
264.17999,1.02194,0.03846,0.00128,0.00017,0.96009
264.32001,1.02194,0.03332,0.00104,0.00028,0.96536
264.45999,1.02194,0.04212,0.00428,0.00025,0.95334
264.60001,1.02194,0.02879,0.00183,0.00014,0.96925
264.73999,1.02194,0.02981,0.00102,0.00012,0.96905
264.88000,1.02194,0.04547,0.00158,0.00030,0.95265
265.01999,1.02194,0.04393,0.00150,0.00018,0.95439
265.16000,1.02194,0.02600,0.00076,0.00016,0.97308
265.29999,1.02194,0.03199,0.00163,0.00019,0.96618
265.44000,1.02194,0.04603,0.00204,0.00021,0.95172
265.57999,1.02194,0.03632,0.00168,0.00026,0.96175
265.72000,1.02194,0.04532,0.00191,0.00046,0.95230
265.85999,1.02194,0.04494,0.00362,0.00035,0.95110
266.00000,1.02194,0.07595,0.00593,0.00081,0.91732
266.14001,1.02191,0.09627,0.00266,0.00052,0.90055
266.28000,1.02194,0.05758,0.00297,0.00032,0.93913
266.42001,1.02191,0.07365,0.00196,0.00031,0.92408
266.56000,1.02194,0.08455,0.00462,0.00048,0.91035
266.70001,1.02191,0.04438,0.00309,0.00031,0.95222
266.84000,1.02194,0.04670,0.00184,0.00021,0.95126
266.98001,1.02191,0.04805,0.00252,0.00055,0.94888
267.12000,1.02194,0.06560,0.01361,0.00058,0.92020
267.26001,1.02194,0.04791,0.00885,0.00036,0.94288
267.39999,1.02194,0.04440,0.00357,0.00051,0.95152
267.54001,1.02194,0.05326,0.01868,0.00042,0.92764
267.67999,1.02194,0.05300,0.01496,0.00066,0.93138
267.82001,1.02194,0.03612,0.00381,0.00029,0.95978
267.95999,1.02194,0.04203,0.00245,0.00025,0.95528
268.10001,1.02194,0.02887,0.00284,0.00022,0.96807
268.23999,1.02194,0.03090,0.00190,0.00016,0.96704
268.38000,1.02194,0.02604,0.00134,0.00018,0.97244
268.51999,1.02194,0.02832,0.00172,0.00016,0.96981
268.66000,1.02194,0.02827,0.00071,0.00018,0.97084
268.79999,1.02194,0.03309,0.00184,0.00020,0.96487
268.94000,1.02194,0.03472,0.00148,0.00020,0.96361
269.07999,1.02194,0.02996,0.00109,0.00021,0.96874
269.22000,1.02194,0.03325,0.00145,0.00019,0.96511
269.35999,1.02194,0.03644,0.00166,0.00024,0.96165
269.50000,1.02194,0.03461,0.00147,0.00022,0.96371
269.64001,1.02191,0.05724,0.00334,0.00058,0.93884
269.78000,1.02194,0.04331,0.00270,0.00034,0.95364
269.92001,1.02191,0.04401,0.00242,0.00029,0.95328
270.06000,1.02194,0.03002,0.00090,0.00018,0.96889
270.20001,1.02191,0.04240,0.00062,0.00017,0.95682
270.34000,1.02194,0.02977,0.00066,0.00014,0.96944
270.48001,1.02191,0.03723,0.00022,0.00012,0.96244
270.62000,1.02194,0.03033,0.00071,0.00019,0.96876
270.76001,1.02194,0.04991,0.00193,0.00038,0.94777
270.89999,1.02194,0.03699,0.00135,0.00014,0.96153
271.04001,1.02194,0.03093,0.00119,0.00022,0.96766
271.17999,1.02194,0.08448,0.00322,0.00053,0.91176
271.32001,1.02194,0.07597,0.00783,0.00052,0.91568
271.45999,1.02194,0.03780,0.00235,0.00019,0.95967
271.60001,1.02194,0.03838,0.00036,0.00023,0.96104
271.73999,1.02194,0.06084,0.00006,0.00006,0.93904
271.88000,1.02194,0.04176,0.00020,0.00014,0.95791
272.01999,1.02194,0.03183,0.00011,0.00008,0.96797
272.16000,1.02194,0.02666,0.00010,0.00020,0.97304
272.29999,1.02194,0.03241,0.00023,0.00017,0.96719
272.44000,1.02194,0.03552,0.00031,0.00012,0.96406
272.57999,1.02194,0.02699,0.00029,0.00016,0.97256
272.72000,1.02194,0.02956,0.00046,0.00023,0.96974
272.85999,1.02194,0.05807,0.00072,0.00030,0.94090
273.00000,1.02194,0.04975,0.00097,0.00019,0.94909
273.14001,1.02191,0.03638,0.00103,0.00033,0.96225
273.28000,1.02194,0.03950,0.00270,0.00017,0.95763
273.42001,1.02191,0.03299,0.00205,0.00027,0.96469
273.56000,1.02194,0.05728,0.00121,0.00026,0.94125
273.70001,1.02191,0.03911,0.00190,0.00014,0.95884
273.84000,1.02194,0.03985,0.00159,0.00033,0.95823
273.98001,1.02191,0.05095,0.00192,0.00034,0.94679
274.12000,1.02194,0.03447,0.00170,0.00038,0.96344
274.26001,1.02194,0.04010,0.00333,0.00042,0.95615
274.39999,1.02194,0.04131,0.00360,0.00053,0.95456
274.54001,1.02194,0.03377,0.00102,0.00027,0.96494
274.67999,1.02194,0.04203,0.00129,0.00043,0.95624
274.82001,1.02194,0.03685,0.00076,0.00040,0.96199
274.95999,1.02194,0.06148,0.00223,0.00036,0.93592
275.10001,1.02194,0.04735,0.00195,0.00043,0.95027
275.23999,1.02194,0.04684,0.00139,0.00022,0.95155
275.38000,1.02194,0.05062,0.00163,0.00056,0.94719
275.51999,1.02194,0.12295,0.00045,0.00058,0.87603
275.66000,1.02194,0.07787,0.00089,0.00039,0.92085
275.79999,1.02194,0.07706,0.00123,0.00037,0.92134
275.94000,1.02194,0.13093,0.00028,0.00024,0.86854
276.07999,1.02194,0.10559,0.00016,0.00031,0.89393
276.22000,1.02194,0.11085,0.00002,0.00015,0.88898
276.35999,1.02194,0.15509,0.00000,0.00010,0.84480
276.50000,1.02194,0.44154,0.00000,0.00059,0.55787
276.64001,1.02191,0.18984,0.00004,0.00016,0.80996
276.78000,1.02194,0.14932,0.00019,0.00123,0.84927
276.92001,1.02191,0.10969,0.00107,0.00073,0.88852
277.06000,1.02194,0.17656,0.00024,0.00075,0.82245
277.20001,1.02191,0.31575,0.00006,0.00055,0.68364
277.34000,1.02194,0.29689,0.00009,0.00065,0.70236
277.48001,1.02191,0.41135,0.00006,0.00046,0.58812
277.62000,1.02194,0.26749,0.00194,0.00138,0.72919
277.76001,1.02194,0.34839,0.00124,0.00100,0.64938
277.89999,1.02194,0.38185,0.00058,0.00138,0.61619
278.04001,1.02194,0.35646,0.00098,0.00106,0.64150
278.17999,1.02194,0.29138,0.00004,0.00052,0.70806
278.32001,1.02194,0.25121,0.00001,0.00015,0.74863
278.45999,1.02194,0.21367,0.00002,0.00034,0.78597
278.60001,1.02194,0.12342,0.00001,0.00014,0.87643
278.73999,1.02194,0.07885,0.00000,0.00006,0.92109
278.88000,1.02194,0.44839,0.00000,0.00008,0.55153
279.01999,1.02194,0.32395,0.00001,0.00008,0.67596
279.16000,1.02194,0.58750,0.00001,0.00091,0.41159
279.29999,1.02194,0.69272,0.00001,0.00088,0.30639
279.44000,1.02194,0.80072,0.00000,0.00204,0.19724
279.57999,1.02194,0.71650,0.00000,0.00271,0.28079
279.72000,1.02194,0.63013,0.00000,0.00060,0.36927
279.85999,1.02194,0.62178,0.00001,0.00093,0.37728
280.00000,1.02194,0.67744,0.00001,0.00080,0.32175
280.14001,1.02191,0.51648,0.00002,0.00112,0.48238
280.28000,1.02194,0.61366,0.00019,0.00195,0.38419
280.42001,1.02191,0.78774,0.00006,0.00097,0.21123
280.56000,1.02194,0.89896,0.00001,0.00066,0.10037
280.70001,1.02191,0.85214,0.00002,0.00077,0.14707
280.84000,1.02194,0.82956,0.00002,0.00098,0.16944
280.98001,1.02191,0.84238,0.00003,0.00084,0.15675
281.12000,1.02194,0.77365,0.00007,0.00119,0.22509
281.26001,1.02194,0.81762,0.00005,0.00127,0.18106
281.39999,1.02194,0.76832,0.00010,0.00139,0.23020
281.54001,1.02194,0.79692,0.00007,0.00129,0.20172
281.67999,1.02194,0.84057,0.00004,0.00110,0.15829
281.82001,1.02194,0.86460,0.00005,0.00097,0.13438
281.95999,1.02194,0.91176,0.00002,0.00076,0.08746
282.10001,1.02194,0.94346,0.00001,0.00056,0.05596
282.23999,1.02194,0.93548,0.00002,0.00066,0.06384
282.38000,1.02194,0.95348,0.00001,0.00058,0.04593
282.51999,1.02194,0.95434,0.00001,0.00052,0.04513
282.66000,1.02194,0.92484,0.00002,0.00081,0.07432
282.79999,1.02194,0.91820,0.00002,0.00105,0.08073
282.94000,1.02194,0.93092,0.00002,0.00073,0.06833
283.07999,1.02194,0.92000,0.00002,0.00081,0.07917
283.22000,1.02194,0.70825,0.00005,0.00208,0.28962
283.35999,1.02194,0.70595,0.00004,0.00151,0.29250
283.50000,1.02194,0.71206,0.00010,0.00183,0.28600
283.64001,1.02191,0.86214,0.00003,0.00211,0.13572
283.78000,1.02194,0.94004,0.00001,0.00071,0.05924
283.92001,1.02191,0.88851,0.00025,0.00207,0.10917
284.06000,1.02194,0.93609,0.00003,0.00122,0.06266
284.20001,1.02191,0.93500,0.00001,0.00102,0.06396
284.34000,1.02194,0.95728,0.00000,0.00050,0.04222
284.48001,1.02191,0.97472,0.00000,0.00031,0.02497
284.62000,1.02194,0.98430,0.00000,0.00023,0.01546
284.76001,1.02194,0.98319,0.00000,0.00023,0.01659
284.89999,1.02194,0.98225,0.00000,0.00021,0.01754
285.04001,1.02194,0.95912,0.00000,0.00038,0.04050
285.17999,1.02194,0.75836,0.00003,0.00154,0.24007
285.32001,1.02194,0.72011,0.00003,0.00081,0.27905
285.45999,1.02194,0.74826,0.00004,0.00066,0.25104
285.60001,1.02194,0.88640,0.00001,0.00082,0.11277
285.73999,1.02194,0.94078,0.00001,0.00038,0.05883
285.88000,1.02194,0.97580,0.00000,0.00027,0.02393
286.01999,1.02194,0.99180,0.00000,0.00015,0.00805
286.16000,1.02194,0.99445,0.00000,0.00014,0.00541
286.29999,1.02194,0.99272,0.00000,0.00014,0.00714
286.44000,1.02194,0.99017,0.00000,0.00017,0.00966
286.57999,1.02194,0.99008,0.00000,0.00017,0.00974
286.72000,1.02194,0.98601,0.00000,0.00023,0.01376
286.85999,1.02194,0.98373,0.00000,0.00024,0.01603
287.00000,1.02194,0.97867,0.00000,0.00031,0.02102
287.14001,1.02191,0.97398,0.00000,0.00036,0.02566
287.28000,1.02194,0.97437,0.00000,0.00029,0.02534
287.42001,1.02191,0.98235,0.00000,0.00020,0.01745
287.56000,1.02194,0.97156,0.00001,0.00040,0.02804
287.70001,1.02191,0.96970,0.00001,0.00040,0.02989
287.84000,1.02194,0.97392,0.00000,0.00039,0.02568
287.98001,1.02191,0.96052,0.00001,0.00057,0.03890
288.12000,1.02194,0.95888,0.00001,0.00063,0.04048
288.26001,1.02194,0.97191,0.00001,0.00041,0.02766
288.39999,1.02194,0.93196,0.00007,0.00094,0.06704
288.54001,1.02194,0.95194,0.00003,0.00082,0.04721
288.67999,1.02194,0.91707,0.00012,0.00122,0.08159
288.82001,1.02194,0.91254,0.00015,0.00170,0.08561
288.95999,1.02194,0.94735,0.00002,0.00087,0.05177
289.10001,1.02194,0.92823,0.00005,0.00089,0.07082
289.23999,1.02194,0.91582,0.00002,0.00087,0.08330
289.38000,1.02194,0.92756,0.00001,0.00063,0.07180
289.51999,1.02194,0.88835,0.00003,0.00073,0.11088
289.66000,1.02194,0.92124,0.00001,0.00075,0.07800
289.79999,1.02194,0.94272,0.00001,0.00047,0.05681
289.94000,1.02194,0.97260,0.00000,0.00029,0.02711
290.07999,1.02194,0.98711,0.00000,0.00019,0.01270
290.22000,1.02194,0.99132,0.00000,0.00012,0.00856
290.35999,1.02194,0.99522,0.00000,0.00009,0.00469
290.50000,1.02194,0.99620,0.00000,0.00008,0.00373
290.64001,1.02191,0.99740,0.00000,0.00007,0.00253
290.78000,1.02194,0.99850,0.00000,0.00005,0.00145
290.92001,1.02191,0.99855,0.00000,0.00005,0.00140
291.06000,1.02194,0.99816,0.00000,0.00005,0.00179
291.20001,1.02191,0.99211,0.00000,0.00014,0.00775
291.34000,1.02194,0.97884,0.00000,0.00033,0.02083
291.48001,1.02191,0.96280,0.00000,0.00044,0.03676
291.62000,1.02194,0.97292,0.00000,0.00030,0.02678
291.76001,1.02194,0.98688,0.00000,0.00023,0.01290
291.89999,1.02194,0.98040,0.00000,0.00022,0.01938
292.04001,1.02194,0.99028,0.00000,0.00014,0.00959
292.17999,1.02194,0.99360,0.00000,0.00010,0.00630
292.32001,1.02194,0.99291,0.00000,0.00011,0.00698
292.45999,1.02194,0.99190,0.00000,0.00012,0.00799
292.60001,1.02194,0.97079,0.00000,0.00033,0.02888
292.73999,1.02194,0.94375,0.00000,0.00049,0.05576
292.88000,1.02194,0.91866,0.00001,0.00049,0.08084
293.01999,1.02194,0.94175,0.00001,0.00061,0.05763
293.16000,1.02194,0.94787,0.00001,0.00041,0.05171
293.29999,1.02194,0.94673,0.00001,0.00045,0.05281
293.44000,1.02194,0.96417,0.00000,0.00029,0.03554
293.57999,1.02194,0.97872,0.00000,0.00022,0.02106
293.72000,1.02194,0.98433,0.00000,0.00019,0.01548
293.85999,1.02194,0.88995,0.00001,0.00067,0.10937
294.00000,1.02194,0.92050,0.00001,0.00065,0.07884
294.14001,1.02191,0.91214,0.00001,0.00060,0.08725
294.28000,1.02194,0.93420,0.00001,0.00044,0.06535
294.42001,1.02191,0.97023,0.00000,0.00029,0.02947
294.56000,1.02194,0.96407,0.00000,0.00029,0.03564
294.70001,1.02191,0.96129,0.00000,0.00028,0.03843
294.84000,1.02194,0.95258,0.00000,0.00031,0.04711
294.98001,1.02191,0.94727,0.00000,0.00034,0.05238
295.12000,1.02194,0.94105,0.00000,0.00042,0.05853
295.26001,1.02194,0.94858,0.00000,0.00038,0.05104
295.39999,1.02194,0.80920,0.00002,0.00149,0.18929
295.54001,1.02194,0.84033,0.00001,0.00171,0.15795
295.67999,1.02194,0.88846,0.00001,0.00077,0.11076
295.82001,1.02194,0.91889,0.00001,0.00096,0.08014
295.95999,1.02194,0.97713,0.00000,0.00072,0.02215
296.10001,1.02194,0.96706,0.00001,0.00091,0.03202
296.23999,1.02194,0.87298,0.00002,0.00234,0.12466
296.38000,1.02194,0.88649,0.00001,0.00171,0.11179
296.51999,1.02194,0.87300,0.00003,0.00123,0.12574
296.66000,1.02194,0.92168,0.00003,0.00149,0.07679
296.79999,1.02194,0.95853,0.00002,0.00048,0.04098
296.94000,1.02194,0.90327,0.00035,0.00133,0.09505
297.07999,1.02194,0.86863,0.00019,0.00175,0.12942
297.22000,1.02194,0.88021,0.00008,0.00153,0.11818
297.35999,1.02194,0.91003,0.00004,0.00100,0.08893
297.50000,1.02194,0.93231,0.00005,0.00091,0.06673
297.64001,1.02191,0.92752,0.00011,0.00117,0.07120
297.78000,1.02194,0.89800,0.00023,0.00158,0.10019
297.92001,1.02191,0.92251,0.00022,0.00157,0.07570
298.06000,1.02194,0.87108,0.00043,0.00271,0.12578
298.20001,1.02191,0.82791,0.00060,0.00315,0.16835
298.34000,1.02194,0.82305,0.00126,0.00304,0.17265
298.48001,1.02191,0.82834,0.00107,0.00325,0.16734
298.62000,1.02194,0.83462,0.00028,0.00210,0.16300
298.76001,1.02194,0.88545,0.00009,0.00114,0.11332
298.89999,1.02194,0.92180,0.00003,0.00080,0.07737
299.04001,1.02194,0.96866,0.00000,0.00038,0.03096
299.17999,1.02194,0.98205,0.00000,0.00024,0.01771
299.32001,1.02194,0.99257,0.00000,0.00014,0.00729
299.45999,1.02194,0.99521,0.00000,0.00010,0.00469
299.60001,1.02194,0.99301,0.00000,0.00012,0.00686
299.73999,1.02194,0.99388,0.00000,0.00011,0.00601
299.88000,1.02194,0.99256,0.00000,0.00013,0.00731
300.01999,1.02194,0.99282,0.00000,0.00011,0.00707
300.16000,1.02194,0.99442,0.00000,0.00008,0.00550
300.29999,1.02194,0.99551,0.00000,0.00009,0.00440
300.44000,1.02194,0.99739,0.00000,0.00006,0.00255
300.57999,1.02194,0.99712,0.00000,0.00007,0.00281
300.72000,1.02194,0.99817,0.00000,0.00007,0.00177
300.85999,1.02194,0.99843,0.00000,0.00006,0.00151
301.00000,1.02194,0.99645,0.00000,0.00010,0.00346
301.14001,1.02191,0.98843,0.00000,0.00025,0.01131
301.28000,1.02194,0.95209,0.00002,0.00076,0.04713
301.42001,1.02191,0.91270,0.00010,0.00154,0.08565
301.56000,1.02194,0.83774,0.00025,0.00249,0.15951
301.70001,1.02191,0.82529,0.00037,0.00262,0.17173
301.84000,1.02194,0.86075,0.00240,0.00230,0.13455
301.98001,1.02191,0.79606,0.00162,0.00358,0.19875
302.12000,1.02194,0.80620,0.00152,0.00286,0.18943
302.26001,1.02194,0.77522,0.00114,0.00374,0.21991
302.39999,1.02194,0.73135,0.00136,0.00356,0.26373
302.54001,1.02194,0.44277,0.00056,0.00288,0.55379
302.67999,1.02194,0.38380,0.00070,0.00257,0.61294
302.82001,1.02194,0.49436,0.00003,0.00040,0.50521
302.95999,1.02194,0.81345,0.00001,0.00080,0.18573
303.10001,1.02194,0.95682,0.00000,0.00018,0.04300
303.23999,1.02194,0.92588,0.00008,0.00041,0.07364
303.38000,1.02194,0.99093,0.00000,0.00018,0.00889
303.51999,1.02194,0.99366,0.00000,0.00013,0.00621
303.66000,1.02194,0.94784,0.00000,0.00047,0.05169
303.79999,1.02194,0.90232,0.00000,0.00089,0.09678
303.94000,1.02194,0.91433,0.00000,0.00029,0.08538
304.07999,1.02194,0.97391,0.00000,0.00019,0.02590
304.22000,1.02194,0.99143,0.00000,0.00010,0.00846
304.35999,1.02194,0.98694,0.00000,0.00013,0.01292
304.50000,1.02194,0.99722,0.00000,0.00006,0.00272
304.64001,1.02191,0.99715,0.00000,0.00006,0.00278
304.78000,1.02194,0.99442,0.00000,0.00013,0.00545
304.92001,1.02191,0.98981,0.00000,0.00020,0.00999
305.06000,1.02194,0.98760,0.00000,0.00024,0.01216
305.20001,1.02191,0.96943,0.00001,0.00041,0.03015
305.34000,1.02194,0.97652,0.00000,0.00047,0.02302
305.48001,1.02191,0.98243,0.00000,0.00038,0.01719
305.62000,1.02194,0.96695,0.00001,0.00059,0.03245
305.76001,1.02194,0.98473,0.00000,0.00028,0.01498
305.89999,1.02194,0.99172,0.00000,0.00018,0.00810
306.04001,1.02194,0.98526,0.00000,0.00036,0.01438
306.17999,1.02194,0.98727,0.00000,0.00026,0.01247
306.32001,1.02194,0.99170,0.00000,0.00020,0.00810
306.45999,1.02194,0.99136,0.00000,0.00026,0.00838
306.60001,1.02194,0.99598,0.00000,0.00016,0.00387
306.73999,1.02194,0.99673,0.00000,0.00012,0.00315
306.88000,1.02194,0.99775,0.00000,0.00008,0.00217
307.01999,1.02194,0.99837,0.00000,0.00007,0.00156
307.16000,1.02194,0.99829,0.00000,0.00007,0.00165
307.29999,1.02194,0.99846,0.00000,0.00006,0.00148
307.44000,1.02194,0.99287,0.00000,0.00014,0.00699
307.57999,1.02194,0.92074,0.00000,0.00074,0.07852
307.72000,1.02194,0.81632,0.00000,0.00147,0.18221
307.85999,1.02194,0.61730,0.00000,0.00060,0.38209
308.00000,1.02194,0.74429,0.00000,0.00078,0.25493
308.14001,1.02191,0.84622,0.00001,0.00065,0.15311
308.28000,1.02194,0.76755,0.00023,0.00076,0.23146
308.42001,1.02191,0.96725,0.00000,0.00024,0.03251
308.56000,1.02194,0.98381,0.00000,0.00024,0.01595
308.70001,1.02191,0.99098,0.00000,0.00016,0.00886
308.84000,1.02194,0.98813,0.00000,0.00018,0.01169
308.98001,1.02191,0.98719,0.00000,0.00024,0.01257
309.12000,1.02194,0.98213,0.00000,0.00027,0.01760
309.26001,1.02194,0.98130,0.00000,0.00036,0.01834
309.39999,1.02194,0.98501,0.00000,0.00032,0.01467
309.54001,1.02194,0.99235,0.00000,0.00018,0.00747
309.67999,1.02194,0.99439,0.00000,0.00014,0.00547
309.82001,1.02194,0.99645,0.00000,0.00008,0.00347
309.95999,1.02194,0.99695,0.00000,0.00006,0.00299
310.10001,1.02194,0.99728,0.00000,0.00005,0.00267
310.23999,1.02194,0.99693,0.00000,0.00005,0.00302
310.38000,1.02194,0.99758,0.00000,0.00005,0.00237
310.51999,1.02194,0.99838,0.00000,0.00004,0.00157
310.66000,1.02194,0.99776,0.00000,0.00005,0.00218
310.79999,1.02194,0.99830,0.00000,0.00004,0.00166
310.94000,1.02194,0.99829,0.00000,0.00004,0.00168
311.07999,1.02194,0.98637,0.00000,0.00008,0.01355
311.22000,1.02194,0.80704,0.00001,0.00091,0.19205
311.35999,1.02194,0.54915,0.00002,0.00044,0.45039
311.50000,1.02194,0.23371,0.00007,0.00034,0.76588
311.64001,1.02191,0.16970,0.00020,0.00034,0.82976
311.78000,1.02194,0.08245,0.00087,0.00026,0.91642
311.92001,1.02191,0.02486,0.00096,0.00013,0.97404
312.06000,1.02194,0.02717,0.00087,0.00010,0.97186
312.20001,1.02191,0.02461,0.00062,0.00017,0.97460
312.34000,1.02194,0.03734,0.00161,0.00016,0.96090
312.48001,1.02191,0.04122,0.00237,0.00033,0.95608
312.62000,1.02194,0.04473,0.00269,0.00038,0.95220
312.76001,1.02194,0.04036,0.00224,0.00023,0.95718
312.89999,1.02194,0.04436,0.00427,0.00050,0.95087
313.04001,1.02194,0.09283,0.00153,0.00031,0.90533
313.17999,1.02194,0.03883,0.00674,0.00042,0.95401
313.32001,1.02194,0.03837,0.00295,0.00062,0.95807
313.45999,1.02194,0.05413,0.01169,0.00055,0.93363
313.60001,1.02194,0.04469,0.00590,0.00047,0.94895
313.73999,1.02194,0.06217,0.00963,0.00056,0.92764
313.88000,1.02194,0.04883,0.00912,0.00064,0.94141
314.01999,1.02194,0.05481,0.01806,0.00057,0.92657
314.16000,1.02194,0.04525,0.00653,0.00018,0.94803
314.29999,1.02194,0.04336,0.00385,0.00036,0.95243
314.44000,1.02194,0.03209,0.00218,0.00019,0.96554
314.57999,1.02194,0.03064,0.00126,0.00014,0.96796
314.72000,1.02194,0.04348,0.00132,0.00022,0.95498
314.85999,1.02194,0.03243,0.00125,0.00015,0.96617
315.00000,1.02194,0.05243,0.00175,0.00097,0.94486
315.14001,1.02191,0.04646,0.00183,0.00086,0.95085
315.28000,1.02194,0.05254,0.00377,0.00046,0.94324
315.42001,1.02191,0.05249,0.00728,0.00052,0.93970
315.56000,1.02194,0.06339,0.00741,0.00050,0.92870
315.70001,1.02191,0.05840,0.00753,0.00045,0.93361
315.84000,1.02194,0.04687,0.00497,0.00042,0.94774
315.98001,1.02191,0.04763,0.00575,0.00030,0.94632
316.12000,1.02194,0.04885,0.00211,0.00042,0.94862
316.26001,1.02194,0.04041,0.00415,0.00023,0.95521
316.39999,1.02194,0.04149,0.00338,0.00029,0.95484
316.54001,1.02194,0.04617,0.00157,0.00027,0.95199
316.67999,1.02194,0.04741,0.00287,0.00034,0.94938
316.82001,1.02194,0.03246,0.00340,0.00021,0.96393
316.95999,1.02194,0.04435,0.00518,0.00054,0.94994
317.10001,1.02194,0.03175,0.00123,0.00032,0.96670
317.23999,1.02194,0.04511,0.00204,0.00016,0.95269
317.38000,1.02194,0.03576,0.00163,0.00054,0.96207
317.51999,1.02194,0.03619,0.00292,0.00018,0.96072
317.66000,1.02194,0.03661,0.00170,0.00038,0.96131
317.79999,1.02194,0.03779,0.00104,0.00055,0.96062
317.94000,1.02194,0.04115,0.00305,0.00033,0.95547
318.07999,1.02194,0.03993,0.00163,0.00033,0.95811
318.22000,1.02194,0.03964,0.00145,0.00027,0.95864
318.35999,1.02194,0.04609,0.00211,0.00022,0.95158
318.50000,1.02194,0.03800,0.00215,0.00029,0.95956
318.64001,1.02191,0.05825,0.00116,0.00020,0.94040
318.78000,1.02194,0.02964,0.00164,0.00017,0.96855
318.92001,1.02191,0.03274,0.00137,0.00022,0.96568
319.06000,1.02194,0.06172,0.00149,0.00033,0.93646
319.20001,1.02191,0.03934,0.00123,0.00015,0.95928
319.34000,1.02194,0.03088,0.00123,0.00015,0.96773
319.48001,1.02191,0.05788,0.00058,0.00021,0.94133
319.62000,1.02194,0.08585,0.00089,0.00033,0.91293
319.76001,1.02194,0.04231,0.00197,0.00023,0.95549
319.89999,1.02194,0.03921,0.00180,0.00034,0.95864
320.04001,1.02194,0.05856,0.00262,0.00053,0.93828
320.17999,1.02194,0.07728,0.00218,0.00053,0.92002
320.32001,1.02194,0.06124,0.00396,0.00060,0.93419
320.45999,1.02194,0.09063,0.00411,0.00055,0.90471
320.60001,1.02194,0.05333,0.00569,0.00053,0.94046
320.73999,1.02194,0.06961,0.00420,0.00036,0.92583
320.88000,1.02194,0.04901,0.00253,0.00030,0.94816
321.01999,1.02194,0.06776,0.00197,0.00053,0.92974
321.16000,1.02194,0.04596,0.00377,0.00029,0.94998
321.29999,1.02194,0.05055,0.00358,0.00057,0.94530
321.44000,1.02194,0.06887,0.01581,0.00050,0.91481
321.57999,1.02194,0.06808,0.01259,0.00046,0.91888
321.72000,1.02194,0.07635,0.00494,0.00096,0.91774
321.85999,1.02194,0.10453,0.00671,0.00068,0.88808
322.00000,1.02194,0.06157,0.02612,0.00033,0.91198
322.14001,1.02191,0.04154,0.00729,0.00031,0.95086
322.28000,1.02194,0.03496,0.00496,0.00024,0.95984
322.42001,1.02191,0.03907,0.00432,0.00048,0.95613
322.56000,1.02194,0.03731,0.00297,0.00035,0.95937
322.70001,1.02191,0.02989,0.00186,0.00024,0.96801
322.84000,1.02194,0.02638,0.00079,0.00022,0.97261
322.98001,1.02191,0.04191,0.00113,0.00015,0.95682
323.12000,1.02194,0.03321,0.00198,0.00023,0.96458
323.26001,1.02194,0.03622,0.00224,0.00027,0.96126
323.39999,1.02194,0.03860,0.00439,0.00030,0.95670
323.54001,1.02194,0.03545,0.00195,0.00036,0.96224
323.67999,1.02194,0.05322,0.00227,0.00018,0.94433
323.82001,1.02194,0.03342,0.00251,0.00037,0.96370
323.95999,1.02194,0.03518,0.00453,0.00028,0.96002
324.10001,1.02194,0.03762,0.00396,0.00025,0.95817
324.23999,1.02194,0.02571,0.00105,0.00019,0.97305
324.38000,1.02194,0.03290,0.00362,0.00022,0.96327
324.51999,1.02194,0.03371,0.00133,0.00038,0.96458
324.66000,1.02194,0.02854,0.00260,0.00025,0.96861
324.79999,1.02194,0.03095,0.00271,0.00021,0.96614
324.94000,1.02194,0.02189,0.00112,0.00011,0.97688
325.07999,1.02194,0.02793,0.00127,0.00017,0.97064
325.22000,1.02194,0.02450,0.00069,0.00017,0.97464
325.35999,1.02194,0.03110,0.00209,0.00013,0.96668
325.50000,1.02194,0.02160,0.00036,0.00013,0.97790
325.64001,1.02191,0.02887,0.00039,0.00012,0.97062
325.78000,1.02194,0.02097,0.00013,0.00004,0.97885
325.92001,1.02191,0.03232,0.00030,0.00010,0.96728
326.06000,1.02194,0.04356,0.00021,0.00008,0.95616
326.20001,1.02191,0.02444,0.00022,0.00009,0.97524
326.34000,1.02194,0.02868,0.00071,0.00021,0.97040
326.48001,1.02191,0.04078,0.00135,0.00026,0.95761
326.62000,1.02194,0.03842,0.00098,0.00021,0.96039
326.76001,1.02194,0.03110,0.00100,0.00020,0.96770
326.89999,1.02194,0.03788,0.00108,0.00020,0.96083
327.04001,1.02194,0.02484,0.00071,0.00015,0.97429
327.17999,1.02194,0.04073,0.00070,0.00021,0.95836
327.32001,1.02194,0.03362,0.00170,0.00024,0.96443
327.45999,1.02194,0.03403,0.00140,0.00018,0.96439
327.60001,1.02194,0.03768,0.00131,0.00032,0.96069
327.73999,1.02194,0.03270,0.00097,0.00022,0.96611
327.88000,1.02194,0.04238,0.00246,0.00026,0.95491
328.01999,1.02194,0.03756,0.00131,0.00032,0.96081
328.16000,1.02194,0.04140,0.00216,0.00022,0.95622
328.29999,1.02194,0.03940,0.00096,0.00018,0.95946
328.44000,1.02194,0.05344,0.00051,0.00024,0.94581
328.57999,1.02194,0.05221,0.00056,0.00014,0.94708
328.72000,1.02194,0.02118,0.00073,0.00010,0.97799
328.85999,1.02194,0.02725,0.00091,0.00013,0.97171
329.00000,1.02194,0.02562,0.00068,0.00019,0.97351
329.14001,1.02191,0.02114,0.00039,0.00005,0.97841
329.28000,1.02194,0.04251,0.00041,0.00011,0.95697
329.42001,1.02191,0.03678,0.00037,0.00024,0.96261
329.56000,1.02194,0.01916,0.00021,0.00006,0.98056
329.70001,1.02191,0.02325,0.00044,0.00010,0.97621
329.84000,1.02194,0.03972,0.00124,0.00010,0.95894
329.98001,1.02191,0.05139,0.00264,0.00044,0.94553
330.12000,1.02194,0.05595,0.00637,0.00056,0.93711
330.26001,1.02194,0.05672,0.00966,0.00088,0.93274
330.39999,1.02194,0.08874,0.03403,0.00098,0.87624
330.54001,1.02194,0.04404,0.00979,0.00033,0.94585
330.67999,1.02194,0.03354,0.00668,0.00025,0.95953
330.82001,1.02194,0.03425,0.00318,0.00024,0.96233
330.95999,1.02194,0.03525,0.00334,0.00033,0.96108
331.10001,1.02194,0.02828,0.00197,0.00015,0.96960
331.23999,1.02194,0.02658,0.00070,0.00018,0.97255
331.38000,1.02194,0.03572,0.00395,0.00025,0.96008
331.51999,1.02194,0.03684,0.00360,0.00030,0.95926
331.66000,1.02194,0.03163,0.00233,0.00020,0.96583
331.79999,1.02194,0.03367,0.00247,0.00026,0.96360
331.94000,1.02194,0.03504,0.00174,0.00013,0.96309
332.07999,1.02194,0.03446,0.00243,0.00023,0.96288
332.22000,1.02194,0.03032,0.00232,0.00022,0.96714
332.35999,1.02194,0.03138,0.00228,0.00022,0.96612
332.50000,1.02194,0.02538,0.00038,0.00010,0.97413
332.64001,1.02191,0.03569,0.00122,0.00021,0.96288
332.78000,1.02194,0.02240,0.00039,0.00007,0.97713
332.92001,1.02191,0.03152,0.00035,0.00018,0.96794
333.06000,1.02194,0.03123,0.00020,0.00018,0.96839
333.20001,1.02191,0.02670,0.00019,0.00011,0.97300
333.34000,1.02194,0.04405,0.00013,0.00111,0.95471
333.48001,1.02191,0.04452,0.00021,0.00017,0.95510
333.62000,1.02194,0.02727,0.00028,0.00010,0.97235
333.76001,1.02194,0.03675,0.00062,0.00024,0.96239
333.89999,1.02194,0.04079,0.00102,0.00015,0.95804
334.04001,1.02194,0.02103,0.00053,0.00008,0.97837
334.17999,1.02194,0.02785,0.00073,0.00017,0.97125
334.32001,1.02194,0.03249,0.00081,0.00012,0.96657
334.45999,1.02194,0.03469,0.00074,0.00010,0.96447
334.60001,1.02194,0.02383,0.00060,0.00018,0.97538
334.73999,1.02194,0.03115,0.00107,0.00017,0.96760
334.88000,1.02194,0.03035,0.00090,0.00025,0.96849
335.01999,1.02194,0.05095,0.00218,0.00028,0.94658
335.16000,1.02194,0.05253,0.00270,0.00057,0.94419
335.29999,1.02194,0.06299,0.00540,0.00060,0.93101
335.44000,1.02194,0.05769,0.00244,0.00049,0.93938
335.57999,1.02194,0.10069,0.00130,0.00039,0.89762
335.72000,1.02194,0.11315,0.00103,0.00033,0.88549
335.85999,1.02194,0.04808,0.00299,0.00029,0.94864
336.00000,1.02194,0.04003,0.00290,0.00023,0.95684
336.14001,1.02191,0.04868,0.00329,0.00053,0.94750
336.28000,1.02194,0.05314,0.00556,0.00045,0.94085
336.42001,1.02191,0.04032,0.00411,0.00021,0.95535
336.56000,1.02194,0.03862,0.00450,0.00031,0.95656
336.70001,1.02191,0.06052,0.01861,0.00051,0.92036
336.84000,1.02194,0.03733,0.00407,0.00027,0.95834
336.98001,1.02191,0.02367,0.00102,0.00015,0.97517
337.12000,1.02194,0.02689,0.00140,0.00016,0.97154
337.26001,1.02194,0.02996,0.00075,0.00030,0.96900
337.39999,1.02194,0.02561,0.00072,0.00022,0.97346
337.54001,1.02194,0.03570,0.00026,0.00062,0.96341
337.67999,1.02194,0.03229,0.00089,0.00025,0.96657
337.82001,1.02194,0.03644,0.00148,0.00030,0.96178
337.95999,1.02194,0.03593,0.00110,0.00029,0.96268
338.10001,1.02194,0.03208,0.00083,0.00020,0.96688
338.23999,1.02194,0.04320,0.00056,0.00013,0.95611
338.38000,1.02194,0.04588,0.00050,0.00022,0.95340
338.51999,1.02194,0.04100,0.00043,0.00020,0.95837
338.66000,1.02194,0.02174,0.00041,0.00007,0.97778
338.79999,1.02194,0.02835,0.00065,0.00015,0.97085
338.94000,1.02194,0.04071,0.00087,0.00025,0.95817
339.07999,1.02194,0.03696,0.00101,0.00024,0.96179
339.22000,1.02194,0.05277,0.00096,0.00041,0.94586
339.35999,1.02194,0.06407,0.00123,0.00043,0.93427
339.50000,1.02194,0.07927,0.00080,0.00042,0.91951
339.64001,1.02191,0.07088,0.00101,0.00036,0.92774
339.78000,1.02194,0.07343,0.00044,0.00022,0.92590
339.92001,1.02191,0.06890,0.00097,0.00031,0.92982
340.06000,1.02194,0.08049,0.00130,0.00033,0.91787
340.20001,1.02191,0.04044,0.00253,0.00029,0.95674
340.34000,1.02194,0.04079,0.00142,0.00027,0.95752
340.48001,1.02191,0.04883,0.00168,0.00044,0.94906
340.62000,1.02194,0.08576,0.00100,0.00052,0.91272
340.76001,1.02194,0.05527,0.00159,0.00024,0.94290
340.89999,1.02194,0.07906,0.00111,0.00033,0.91951
341.04001,1.02194,0.11056,0.00052,0.00036,0.88856
341.17999,1.02194,0.07347,0.00081,0.00027,0.92545
341.32001,1.02194,0.03445,0.00153,0.00018,0.96384
341.45999,1.02194,0.03407,0.00149,0.00019,0.96426
341.60001,1.02194,0.03436,0.00108,0.00019,0.96437
341.73999,1.02194,0.03867,0.00172,0.00023,0.95938
341.88000,1.02194,0.03513,0.00201,0.00025,0.96260
342.01999,1.02194,0.05116,0.00135,0.00038,0.94710
342.16000,1.02194,0.02600,0.00058,0.00006,0.97336
342.29999,1.02194,0.02617,0.00060,0.00010,0.97312
342.44000,1.02194,0.04127,0.00066,0.00016,0.95792
342.57999,1.02194,0.02481,0.00045,0.00014,0.97460
342.72000,1.02194,0.02519,0.00042,0.00014,0.97424
342.85999,1.02194,0.02454,0.00035,0.00010,0.97501
343.00000,1.02194,0.02171,0.00038,0.00011,0.97780
343.14001,1.02191,0.03014,0.00067,0.00018,0.96902
343.28000,1.02194,0.02811,0.00092,0.00011,0.97086
343.42001,1.02191,0.02632,0.00039,0.00018,0.97312
343.56000,1.02194,0.01875,0.00036,0.00006,0.98084
343.70001,1.02191,0.03433,0.00055,0.00013,0.96499
343.84000,1.02194,0.02725,0.00045,0.00013,0.97217
343.98001,1.02191,0.02511,0.00084,0.00010,0.97395
344.12000,1.02194,0.02334,0.00057,0.00011,0.97597
344.26001,1.02194,0.03852,0.00190,0.00024,0.95935
344.39999,1.02194,0.03103,0.00132,0.00020,0.96746
344.54001,1.02194,0.04678,0.00353,0.00052,0.94917
344.67999,1.02194,0.04650,0.00364,0.00045,0.94940
344.82001,1.02194,0.06594,0.00859,0.00045,0.92502
344.95999,1.02194,0.04995,0.00822,0.00068,0.94116
345.10001,1.02194,0.06079,0.01435,0.00069,0.92417
345.23999,1.02194,0.03859,0.00589,0.00023,0.95529
345.38000,1.02194,0.03846,0.00345,0.00033,0.95776
345.51999,1.02194,0.03577,0.00429,0.00022,0.95972
345.66000,1.02194,0.03561,0.00289,0.00025,0.96125
345.79999,1.02194,0.02991,0.00080,0.00024,0.96905
345.94000,1.02194,0.03046,0.00195,0.00019,0.96739
346.07999,1.02194,0.03007,0.00081,0.00028,0.96884
346.22000,1.02194,0.03217,0.00103,0.00020,0.96660
346.35999,1.02194,0.03683,0.00128,0.00023,0.96166
346.50000,1.02194,0.05599,0.00214,0.00054,0.94132
346.64001,1.02191,0.05973,0.00370,0.00049,0.93608
346.78000,1.02194,0.06829,0.00210,0.00060,0.92901
346.92001,1.02191,0.09395,0.00108,0.00053,0.90443
347.06000,1.02194,0.10660,0.00128,0.00053,0.89159
347.20001,1.02191,0.08967,0.00075,0.00026,0.90931
347.34000,1.02194,0.11689,0.00135,0.00058,0.88118
347.48001,1.02191,0.08177,0.00335,0.00069,0.91420
347.62000,1.02194,0.06051,0.00099,0.00016,0.93833
347.76001,1.02194,0.05281,0.00095,0.00027,0.94597
347.89999,1.02194,0.05947,0.00126,0.00019,0.93908
348.04001,1.02194,0.03197,0.00259,0.00027,0.96517
348.17999,1.02194,0.03699,0.00062,0.00091,0.96149
348.32001,1.02194,0.03523,0.00336,0.00017,0.96123
348.45999,1.02194,0.03477,0.00181,0.00029,0.96313
348.60001,1.02194,0.03193,0.00188,0.00018,0.96602
348.73999,1.02194,0.05564,0.00343,0.00025,0.94068
348.88000,1.02194,0.04832,0.00352,0.00036,0.94779
349.01999,1.02194,0.04564,0.00492,0.00024,0.94920
349.16000,1.02194,0.03844,0.00529,0.00049,0.95579
349.29999,1.02194,0.05306,0.00536,0.00022,0.94136
349.44000,1.02194,0.03240,0.00227,0.00031,0.96501
349.57999,1.02194,0.02368,0.00095,0.00018,0.97519
349.72000,1.02194,0.02784,0.00168,0.00023,0.97026
349.85999,1.02194,0.04119,0.00104,0.00079,0.95698
350.00000,1.02194,0.04145,0.00214,0.00044,0.95597
350.14001,1.02191,0.04739,0.00086,0.00063,0.95112
350.28000,1.02194,0.06136,0.01383,0.00081,0.92400
350.42001,1.02191,0.08097,0.06893,0.00095,0.84915
350.56000,1.02194,0.07037,0.03406,0.00097,0.89460
350.70001,1.02191,0.04965,0.01965,0.00048,0.93022
350.84000,1.02194,0.04689,0.01233,0.00044,0.94035
350.98001,1.02191,0.02999,0.00608,0.00022,0.96371
351.12000,1.02194,0.03595,0.00412,0.00042,0.95951
351.26001,1.02194,0.03227,0.00127,0.00055,0.96592
351.39999,1.02194,0.02640,0.00099,0.00018,0.97242
351.54001,1.02194,0.02276,0.00014,0.00019,0.97690
351.67999,1.02194,0.03891,0.00357,0.00027,0.95726
351.82001,1.02194,0.03118,0.00199,0.00031,0.96652
351.95999,1.02194,0.04035,0.00274,0.00038,0.95653
352.10001,1.02194,0.03945,0.00562,0.00046,0.95447
352.23999,1.02194,0.07461,0.01499,0.00074,0.90966
352.38000,1.02194,0.04125,0.01494,0.00056,0.94325
352.51999,1.02194,0.03630,0.01120,0.00063,0.95187
352.66000,1.02194,0.03455,0.00442,0.00042,0.96061
352.79999,1.02194,0.03339,0.00340,0.00031,0.96290
352.94000,1.02194,0.04054,0.00219,0.00057,0.95670
353.07999,1.02194,0.07036,0.00346,0.00099,0.92519
353.22000,1.02194,0.05015,0.00840,0.00042,0.94103
353.35999,1.02194,0.05193,0.00566,0.00052,0.94189
353.50000,1.02194,0.04907,0.00576,0.00037,0.94480
353.64001,1.02191,0.03908,0.00476,0.00014,0.95601
353.78000,1.02194,0.02960,0.00170,0.00014,0.96856
353.92001,1.02191,0.03552,0.00206,0.00020,0.96222
354.06000,1.02194,0.02840,0.00116,0.00025,0.97020
354.20001,1.02191,0.04592,0.00105,0.00020,0.95283
354.34000,1.02194,0.03167,0.00172,0.00031,0.96630
354.48001,1.02191,0.03883,0.00231,0.00019,0.95867
354.62000,1.02194,0.02901,0.00028,0.00013,0.97058
354.76001,1.02194,0.04046,0.00062,0.00022,0.95870
354.89999,1.02194,0.04164,0.00074,0.00015,0.95747
355.04001,1.02194,0.05954,0.00017,0.00144,0.93886
355.17999,1.02194,0.02657,0.00023,0.00008,0.97312
355.32001,1.02194,0.02595,0.00028,0.00011,0.97365
355.45999,1.02194,0.03409,0.00047,0.00018,0.96527
355.60001,1.02194,0.03334,0.00073,0.00029,0.96563
355.73999,1.02194,0.03511,0.00107,0.00045,0.96337
355.88000,1.02194,0.05829,0.00173,0.00020,0.93978
356.01999,1.02194,0.03878,0.00523,0.00050,0.95550
356.16000,1.02194,0.03941,0.00767,0.00029,0.95263
356.29999,1.02194,0.03806,0.00434,0.00026,0.95734
356.44000,1.02194,0.03923,0.00174,0.00055,0.95848
356.57999,1.02194,0.03788,0.00166,0.00059,0.95987
356.72000,1.02194,0.03564,0.00053,0.00027,0.96356
356.85999,1.02194,0.01763,0.00006,0.00005,0.98227
357.00000,1.02194,0.03039,0.00018,0.00010,0.96933
357.14001,1.02191,0.03103,0.00027,0.00009,0.96862
357.28000,1.02194,0.02452,0.00023,0.00011,0.97514
357.42001,1.02191,0.03328,0.00021,0.00050,0.96601
357.56000,1.02194,0.03646,0.00226,0.00013,0.96115
357.70001,1.02191,0.03684,0.00092,0.00011,0.96213
357.84000,1.02194,0.02510,0.00053,0.00012,0.97425
357.98001,1.02191,0.03994,0.00243,0.00027,0.95736
358.12000,1.02194,0.05385,0.00274,0.00035,0.94305
358.26001,1.02194,0.05466,0.00060,0.00010,0.94464
358.39999,1.02194,0.04211,0.00054,0.00086,0.95650
358.54001,1.02194,0.02711,0.00088,0.00026,0.97174
358.67999,1.02194,0.03502,0.00090,0.00044,0.96364
358.82001,1.02194,0.03673,0.00231,0.00017,0.96080
358.95999,1.02194,0.02931,0.00113,0.00027,0.96929
359.10001,1.02194,0.03660,0.00277,0.00031,0.96031
359.23999,1.02194,0.03929,0.00440,0.00032,0.95599
359.38000,1.02194,0.02736,0.00259,0.00016,0.96988
359.51999,1.02194,0.03606,0.00418,0.00029,0.95947
359.66000,1.02194,0.03510,0.00228,0.00035,0.96227
359.79999,1.02194,0.03858,0.00837,0.00034,0.95271
359.94000,1.02194,0.02821,0.00116,0.00045,0.97018
360.07999,1.02194,0.04777,0.00263,0.00029,0.94931
360.22000,1.02194,0.03366,0.00246,0.00032,0.96356
360.35999,1.02194,0.03735,0.00089,0.00074,0.96101
360.50000,1.02194,0.04635,0.00083,0.00067,0.95215
360.64001,1.02191,0.04967,0.00164,0.00161,0.94708
360.78000,1.02194,0.05385,0.01162,0.00057,0.93397
360.92001,1.02191,0.04958,0.01010,0.00056,0.93975
361.06000,1.02194,0.03666,0.00418,0.00032,0.95884
361.20001,1.02191,0.03604,0.00269,0.00034,0.96094
361.34000,1.02194,0.03285,0.00250,0.00018,0.96446
361.48001,1.02191,0.02563,0.00070,0.00011,0.97355
361.62000,1.02194,0.02872,0.00055,0.00022,0.97051
361.76001,1.02194,0.03583,0.00087,0.00030,0.96300
361.89999,1.02194,0.03906,0.00110,0.00034,0.95950
362.04001,1.02194,0.05374,0.00133,0.00032,0.94461
362.17999,1.02194,0.04878,0.00153,0.00080,0.94889
362.32001,1.02194,0.12207,0.00269,0.00063,0.87461
362.45999,1.02194,0.06573,0.00831,0.00072,0.92524
362.60001,1.02194,0.09792,0.00187,0.00067,0.89953
362.73999,1.02194,0.04706,0.00163,0.00015,0.95116
362.88000,1.02194,0.05980,0.00107,0.00033,0.93879
363.01999,1.02194,0.07744,0.00216,0.00037,0.92003
363.16000,1.02194,0.04023,0.00271,0.00032,0.95675
363.29999,1.02194,0.03893,0.00240,0.00032,0.95835
363.44000,1.02194,0.05359,0.00133,0.00022,0.94486
363.57999,1.02194,0.02975,0.00122,0.00011,0.96892
363.72000,1.02194,0.07416,0.00146,0.00029,0.92409
363.85999,1.02194,0.03169,0.00178,0.00014,0.96639
364.00000,1.02194,0.03189,0.00089,0.00030,0.96692
364.14001,1.02191,0.03674,0.00106,0.00042,0.96178
364.28000,1.02194,0.05335,0.00145,0.00039,0.94481
364.42001,1.02191,0.03560,0.00166,0.00017,0.96257
364.56000,1.02194,0.08093,0.00122,0.00035,0.91750
364.70001,1.02191,0.05910,0.00106,0.00018,0.93966
364.84000,1.02194,0.03585,0.00195,0.00041,0.96179
364.98001,1.02191,0.02646,0.00079,0.00013,0.97262
365.12000,1.02194,0.02907,0.00140,0.00019,0.96934
365.26001,1.02194,0.02704,0.00048,0.00006,0.97242
365.39999,1.02194,0.01933,0.00032,0.00010,0.98026
365.54001,1.02194,0.02683,0.00045,0.00013,0.97258
365.67999,1.02194,0.04291,0.00073,0.00022,0.95614
365.82001,1.02194,0.03602,0.00081,0.00021,0.96296
365.95999,1.02194,0.04522,0.00183,0.00025,0.95270
366.10001,1.02194,0.04645,0.00410,0.00048,0.94897
366.23999,1.02194,0.05340,0.00665,0.00062,0.93933
366.38000,1.02194,0.08465,0.00184,0.00040,0.91311
366.51999,1.02194,0.04979,0.00209,0.00016,0.94796
366.66000,1.02194,0.04218,0.00416,0.00037,0.95329
366.79999,1.02194,0.05864,0.00857,0.00055,0.93225
366.94000,1.02194,0.04252,0.00322,0.00038,0.95388
367.07999,1.02194,0.03858,0.00375,0.00024,0.95744
367.22000,1.02194,0.03646,0.00442,0.00025,0.95887
367.35999,1.02194,0.05901,0.00652,0.00050,0.93397
367.50000,1.02194,0.03443,0.00406,0.00019,0.96132
367.64001,1.02191,0.04344,0.00355,0.00055,0.95246
367.78000,1.02194,0.04799,0.00095,0.00014,0.95092
367.92001,1.02191,0.05572,0.00468,0.00067,0.93893
368.06000,1.02194,0.04152,0.00096,0.00024,0.95728
368.20001,1.02191,0.07863,0.00493,0.00113,0.91531
368.34000,1.02194,0.05607,0.00274,0.00042,0.94076
368.48001,1.02191,0.06948,0.00518,0.00076,0.92458
368.62000,1.02194,0.08391,0.00135,0.00212,0.91262
368.76001,1.02194,0.06215,0.01870,0.00079,0.91836
368.89999,1.02194,0.04836,0.00471,0.00044,0.94649
369.04001,1.02194,0.04531,0.00339,0.00029,0.95101
369.17999,1.02194,0.02649,0.00062,0.00007,0.97283
369.32001,1.02194,0.03362,0.00029,0.00009,0.96600
369.45999,1.02194,0.02836,0.00053,0.00014,0.97097
369.60001,1.02194,0.03396,0.00093,0.00013,0.96498
369.73999,1.02194,0.03955,0.00052,0.00030,0.95963
369.88000,1.02194,0.06000,0.00269,0.00031,0.93701
370.01999,1.02194,0.07123,0.00323,0.00029,0.92524
370.16000,1.02194,0.04599,0.01313,0.00047,0.94041
370.29999,1.02194,0.05281,0.01470,0.00064,0.93185
370.44000,1.02194,0.03891,0.00505,0.00035,0.95569
370.57999,1.02194,0.03451,0.00392,0.00027,0.96130
370.72000,1.02194,0.03965,0.00371,0.00069,0.95595
370.85999,1.02194,0.03654,0.00315,0.00037,0.95994
371.00000,1.02194,0.02642,0.00116,0.00018,0.97224
371.14001,1.02191,0.03073,0.00051,0.00046,0.96831
371.28000,1.02194,0.05433,0.00150,0.00023,0.94394
371.42001,1.02191,0.02888,0.00178,0.00015,0.96919
371.56000,1.02194,0.03272,0.00120,0.00032,0.96576
371.70001,1.02191,0.03470,0.00146,0.00027,0.96357
371.84000,1.02194,0.03392,0.00130,0.00029,0.96449
371.98001,1.02191,0.03360,0.00073,0.00033,0.96535
372.12000,1.02194,0.03630,0.00061,0.00028,0.96281
372.26001,1.02194,0.06947,0.00140,0.00039,0.92874
372.39999,1.02194,0.05999,0.00121,0.00052,0.93828
372.54001,1.02194,0.05309,0.00181,0.00025,0.94486
372.67999,1.02194,0.05191,0.00089,0.00022,0.94698
372.82001,1.02194,0.06923,0.00051,0.00029,0.92997
372.95999,1.02194,0.05386,0.00035,0.00010,0.94570
373.10001,1.02194,0.04308,0.00010,0.00009,0.95673
373.23999,1.02194,0.03762,0.00016,0.00006,0.96216
373.38000,1.02194,0.02488,0.00035,0.00015,0.97462
373.51999,1.02194,0.02246,0.00038,0.00011,0.97705
373.66000,1.02194,0.02657,0.00035,0.00007,0.97301
373.79999,1.02194,0.02698,0.00033,0.00022,0.97248
373.94000,1.02194,0.05229,0.00094,0.00027,0.94650
374.07999,1.02194,0.03906,0.00121,0.00019,0.95954
374.22000,1.02194,0.03217,0.00092,0.00025,0.96665
374.35999,1.02194,0.07156,0.00087,0.00058,0.92700
374.50000,1.02194,0.07351,0.00050,0.00034,0.92564
374.64001,1.02191,0.04714,0.00054,0.00042,0.95190
374.78000,1.02194,0.09892,0.00088,0.00085,0.89935
374.92001,1.02191,0.06905,0.00147,0.00045,0.92903
375.06000,1.02194,0.05568,0.00119,0.00100,0.94212
375.20001,1.02191,0.05468,0.00106,0.00033,0.94393
375.34000,1.02194,0.04302,0.00175,0.00029,0.95494
375.48001,1.02191,0.08275,0.00070,0.00026,0.91629
375.62000,1.02194,0.05357,0.00091,0.00029,0.94524
375.76001,1.02194,0.05095,0.00084,0.00022,0.94798
375.89999,1.02194,0.03997,0.00170,0.00037,0.95796
376.04001,1.02194,0.04487,0.00111,0.00026,0.95376
376.17999,1.02194,0.08491,0.00084,0.00038,0.91387
376.32001,1.02194,0.04596,0.00153,0.00040,0.95211
376.45999,1.02194,0.07363,0.00187,0.00050,0.92399
376.60001,1.02194,0.04372,0.00231,0.00044,0.95353
376.73999,1.02194,0.06338,0.00098,0.00035,0.93529
376.88000,1.02194,0.06738,0.00050,0.00024,0.93188
377.01999,1.02194,0.05486,0.00061,0.00021,0.94433
377.16000,1.02194,0.06490,0.00046,0.00020,0.93445
377.29999,1.02194,0.03385,0.00160,0.00020,0.96435
377.44000,1.02194,0.04734,0.00167,0.00024,0.95075
377.57999,1.02194,0.04033,0.00236,0.00051,0.95680
377.72000,1.02194,0.03407,0.00159,0.00033,0.96401
377.85999,1.02194,0.04359,0.00379,0.00032,0.95230
378.00000,1.02194,0.04600,0.00170,0.00034,0.95197
378.14001,1.02191,0.04194,0.00245,0.00035,0.95526
378.28000,1.02194,0.05630,0.00196,0.00049,0.94126
378.42001,1.02191,0.05290,0.00108,0.00023,0.94579
378.56000,1.02194,0.03337,0.00038,0.00011,0.96613
378.70001,1.02191,0.09666,0.00035,0.00025,0.90274
378.84000,1.02194,0.08250,0.00086,0.00026,0.91638
378.98001,1.02191,0.03334,0.00189,0.00023,0.96455
379.12000,1.02194,0.03817,0.00081,0.00030,0.96072
379.26001,1.02194,0.05102,0.00188,0.00034,0.94676
379.39999,1.02194,0.10413,0.00159,0.00059,0.89369
379.54001,1.02194,0.06271,0.00261,0.00029,0.93439
379.67999,1.02194,0.06270,0.00218,0.00044,0.93468
379.82001,1.02194,0.04636,0.00104,0.00035,0.95225
379.95999,1.02194,0.05204,0.00146,0.00048,0.94602
380.10001,1.02194,0.06172,0.00064,0.00116,0.93647
380.23999,1.02194,0.04891,0.00047,0.00049,0.95013
380.38000,1.02194,0.06955,0.00034,0.00237,0.92774
380.51999,1.02194,0.05674,0.00189,0.00061,0.94077
380.66000,1.02194,0.05841,0.00207,0.00035,0.93917
380.79999,1.02194,0.04842,0.00207,0.00040,0.94911
380.94000,1.02194,0.06925,0.00435,0.00054,0.92586
381.07999,1.02194,0.07448,0.00084,0.00041,0.92428
381.22000,1.02194,0.05185,0.00036,0.00012,0.94766
381.35999,1.02194,0.03204,0.00049,0.00016,0.96731
381.50000,1.02194,0.04412,0.00023,0.00011,0.95555
381.64001,1.02191,0.02911,0.00052,0.00013,0.97024
381.78000,1.02194,0.04226,0.00098,0.00032,0.95644
381.92001,1.02191,0.03809,0.00121,0.00017,0.96053
382.06000,1.02194,0.04057,0.00202,0.00034,0.95707
382.20001,1.02191,0.03705,0.00112,0.00025,0.96157
382.34000,1.02194,0.07927,0.00142,0.00030,0.91901
382.48001,1.02191,0.03997,0.00293,0.00029,0.95681
382.62000,1.02194,0.05184,0.00420,0.00042,0.94353
382.76001,1.02194,0.04392,0.00205,0.00038,0.95365
382.89999,1.02194,0.05395,0.00403,0.00065,0.94136
383.04001,1.02194,0.07380,0.00447,0.00067,0.92106
383.17999,1.02194,0.13677,0.00309,0.00086,0.85928
383.32001,1.02194,0.06868,0.01163,0.00088,0.91881
383.45999,1.02194,0.07818,0.01501,0.00084,0.90596
383.60001,1.02194,0.06103,0.00729,0.00071,0.93097
383.73999,1.02194,0.06018,0.00757,0.00040,0.93185
383.88000,1.02194,0.08285,0.00139,0.00042,0.91534
384.01999,1.02194,0.06696,0.00107,0.00026,0.93171
384.16000,1.02194,0.06889,0.00097,0.00035,0.92979
384.29999,1.02194,0.08584,0.00111,0.00056,0.91249
384.44000,1.02194,0.06648,0.00127,0.00028,0.93197
384.57999,1.02194,0.03863,0.00079,0.00021,0.96037
384.72000,1.02194,0.05517,0.00156,0.00019,0.94307
384.85999,1.02194,0.09925,0.00046,0.00033,0.89996
385.00000,1.02194,0.09476,0.00154,0.00038,0.90331
385.14001,1.02191,0.06707,0.00281,0.00041,0.92971
385.28000,1.02194,0.07098,0.00205,0.00048,0.92649
385.42001,1.02191,0.08948,0.00141,0.00066,0.90845
385.56000,1.02194,0.15928,0.00057,0.00059,0.83955
385.70001,1.02191,0.12666,0.00039,0.00033,0.87262
385.84000,1.02194,0.11353,0.00097,0.00056,0.88494
385.98001,1.02191,0.09722,0.00183,0.00049,0.90046
386.12000,1.02194,0.08074,0.00446,0.00084,0.91397
386.26001,1.02194,0.15509,0.00149,0.00066,0.84277
386.39999,1.02194,0.33508,0.00050,0.00056,0.66386
386.54001,1.02194,0.73352,0.00010,0.00069,0.26570
386.67999,1.02194,0.90770,0.00000,0.00029,0.09201
386.82001,1.02194,0.91140,0.00000,0.00026,0.08834
386.95999,1.02194,0.91296,0.00000,0.00035,0.08669
387.10001,1.02194,0.83374,0.00001,0.00052,0.16573
387.23999,1.02194,0.56651,0.00004,0.00111,0.43234
387.38000,1.02194,0.37452,0.00004,0.00096,0.62448
387.51999,1.02194,0.31891,0.00007,0.00056,0.68046
387.66000,1.02194,0.25644,0.00024,0.00105,0.74227
387.79999,1.02194,0.19430,0.00033,0.00076,0.80461
387.94000,1.02194,0.13438,0.00172,0.00068,0.86321
388.07999,1.02194,0.23027,0.00057,0.00099,0.76817
388.22000,1.02194,0.23283,0.00024,0.00084,0.76610
388.35999,1.02194,0.19116,0.00025,0.00055,0.80805
388.50000,1.02194,0.22202,0.00019,0.00066,0.77713
388.64001,1.02191,0.26807,0.00023,0.00090,0.73081
388.78000,1.02194,0.27876,0.00045,0.00109,0.71970
388.92001,1.02191,0.25665,0.00166,0.00127,0.74042
389.06000,1.02194,0.21832,0.00056,0.00147,0.77965
389.20001,1.02191,0.43190,0.00011,0.00115,0.56685
389.34000,1.02194,0.54234,0.00017,0.00090,0.45659
389.48001,1.02191,0.80688,0.00003,0.00102,0.19208
389.62000,1.02194,0.86792,0.00001,0.00033,0.13174
389.76001,1.02194,0.59702,0.00028,0.00136,0.40134
389.89999,1.02194,0.73106,0.00002,0.00085,0.26807
390.04001,1.02194,0.78560,0.00002,0.00048,0.21390
390.17999,1.02194,0.80634,0.00003,0.00100,0.19262
390.32001,1.02194,0.82024,0.00004,0.00096,0.17876
390.45999,1.02194,0.87975,0.00002,0.00068,0.11956
390.60001,1.02194,0.93975,0.00001,0.00053,0.05971
390.73999,1.02194,0.96712,0.00000,0.00038,0.03250
390.88000,1.02194,0.97405,0.00000,0.00022,0.02573
391.01999,1.02194,0.98880,0.00000,0.00012,0.01107
391.16000,1.02194,0.99159,0.00000,0.00009,0.00832
391.29999,1.02194,0.99379,0.00000,0.00007,0.00614
391.44000,1.02194,0.99516,0.00000,0.00006,0.00478
391.57999,1.02194,0.98858,0.00000,0.00012,0.01130
391.72000,1.02194,0.89771,0.00000,0.00086,0.10143
391.85999,1.02194,0.71088,0.00000,0.00243,0.28669
392.00000,1.02194,0.68592,0.00000,0.00067,0.31342
392.14001,1.02191,0.61790,0.00006,0.00266,0.37938
392.28000,1.02194,0.61153,0.00006,0.00171,0.38671
392.42001,1.02191,0.14136,0.00160,0.00103,0.85602
392.56000,1.02194,0.23369,0.00326,0.00155,0.76150
392.70001,1.02191,0.23594,0.00049,0.00040,0.76317
392.84000,1.02194,0.04741,0.00813,0.00017,0.94428
392.98001,1.02191,0.03242,0.00357,0.00016,0.96385
393.12000,1.02194,0.02630,0.00232,0.00014,0.97124
393.26001,1.02194,0.03097,0.00302,0.00016,0.96586
393.39999,1.02194,0.02849,0.00098,0.00019,0.97034
393.54001,1.02194,0.03418,0.00437,0.00020,0.96126
393.67999,1.02194,0.03269,0.00402,0.00022,0.96307
393.82001,1.02194,0.04368,0.00595,0.00030,0.95007
393.95999,1.02194,0.03438,0.00372,0.00045,0.96145
394.10001,1.02194,0.03473,0.00633,0.00030,0.95863
394.23999,1.02194,0.03808,0.00611,0.00048,0.95532
394.38000,1.02194,0.03180,0.00255,0.00030,0.96535
394.51999,1.02194,0.02562,0.00287,0.00016,0.97134
394.66000,1.02194,0.02393,0.00058,0.00021,0.97528
394.79999,1.02194,0.03528,0.00166,0.00035,0.96271
394.94000,1.02194,0.04621,0.00050,0.00024,0.95305
395.07999,1.02194,0.05623,0.00035,0.00068,0.94273
395.22000,1.02194,0.08118,0.00107,0.00030,0.91744
395.35999,1.02194,0.06873,0.00089,0.00067,0.92970
395.50000,1.02194,0.17440,0.00017,0.00078,0.82465
395.64001,1.02191,0.40324,0.00002,0.00042,0.59631
395.78000,1.02194,0.37265,0.00038,0.00152,0.62545
395.92001,1.02191,0.25775,0.00014,0.00069,0.74142
396.06000,1.02194,0.17855,0.00006,0.00041,0.82098
396.20001,1.02191,0.47796,0.00001,0.00027,0.52176
396.34000,1.02194,0.47984,0.00004,0.00085,0.51927
396.48001,1.02191,0.35425,0.00020,0.00109,0.64446
396.62000,1.02194,0.29329,0.00019,0.00075,0.70576
396.76001,1.02194,0.49519,0.00009,0.00110,0.50363
396.89999,1.02194,0.68681,0.00002,0.00104,0.31213
397.04001,1.02194,0.46461,0.00054,0.00116,0.53369
397.17999,1.02194,0.32769,0.00182,0.00369,0.66680
397.32001,1.02194,0.55898,0.00044,0.00115,0.43943
397.45999,1.02194,0.52252,0.00008,0.00077,0.47662
397.60001,1.02194,0.82625,0.00001,0.00072,0.17302
397.73999,1.02194,0.71927,0.00032,0.00096,0.27945
397.88000,1.02194,0.74857,0.00035,0.00179,0.24929
398.01999,1.02194,0.89981,0.00001,0.00056,0.09961
398.16000,1.02194,0.75550,0.00006,0.00119,0.24325
398.29999,1.02194,0.68911,0.00004,0.00185,0.30900
398.44000,1.02194,0.73861,0.00002,0.00062,0.26074
398.57999,1.02194,0.87199,0.00002,0.00063,0.12736
398.72000,1.02194,0.94973,0.00000,0.00047,0.04980
398.85999,1.02194,0.92156,0.00007,0.00066,0.07771
399.00000,1.02194,0.89036,0.00001,0.00075,0.10887
399.14001,1.02191,0.85604,0.00001,0.00101,0.14294
399.28000,1.02194,0.65122,0.00010,0.00200,0.34667
399.42001,1.02191,0.52453,0.00032,0.00285,0.47230
399.56000,1.02194,0.45413,0.00037,0.00260,0.54290
399.70001,1.02191,0.36367,0.00018,0.00071,0.63544
399.84000,1.02194,0.20057,0.00034,0.00105,0.79805
399.98001,1.02191,0.09122,0.00531,0.00096,0.90251
400.12000,1.02194,0.09061,0.00200,0.00053,0.90686
400.26001,1.02194,0.29261,0.00085,0.00195,0.70458
400.39999,1.02194,0.17928,0.00263,0.00056,0.81753
400.54001,1.02194,0.12304,0.00689,0.00351,0.86656
400.67999,1.02194,0.10605,0.00189,0.00184,0.89022
400.82001,1.02194,0.18875,0.00760,0.00350,0.80015
400.95999,1.02194,0.10398,0.00063,0.00043,0.89495
401.10001,1.02194,0.10101,0.00033,0.00034,0.89832
401.23999,1.02194,0.24241,0.00026,0.00035,0.75698
401.38000,1.02194,0.44157,0.00011,0.00133,0.55699
401.51999,1.02194,0.64035,0.00001,0.00131,0.35833
401.66000,1.02194,0.62463,0.00003,0.00211,0.37323
401.79999,1.02194,0.96446,0.00000,0.00026,0.03528
401.94000,1.02194,0.92683,0.00000,0.00022,0.07295
402.07999,1.02194,0.97709,0.00000,0.00026,0.02265
402.22000,1.02194,0.94750,0.00001,0.00018,0.05232
402.35999,1.02194,0.92992,0.00000,0.00037,0.06971
402.50000,1.02194,0.74889,0.00001,0.00090,0.25021
402.64001,1.02191,0.67436,0.00002,0.00139,0.32423
402.78000,1.02194,0.70630,0.00002,0.00067,0.29301
402.92001,1.02191,0.78942,0.00001,0.00065,0.20992
403.06000,1.02194,0.87544,0.00001,0.00080,0.12375
403.20001,1.02191,0.92053,0.00001,0.00042,0.07904
403.34000,1.02194,0.98367,0.00000,0.00021,0.01612
403.48001,1.02191,0.99574,0.00000,0.00008,0.00418
403.62000,1.02194,0.99693,0.00000,0.00005,0.00302
403.76001,1.02194,0.99881,0.00000,0.00003,0.00116
403.89999,1.02194,0.99892,0.00000,0.00003,0.00105
404.04001,1.02194,0.99922,0.00000,0.00002,0.00075
404.17999,1.02194,0.99868,0.00000,0.00004,0.00128
404.32001,1.02194,0.99748,0.00000,0.00007,0.00245
404.45999,1.02194,0.99566,0.00000,0.00010,0.00424
404.60001,1.02194,0.99163,0.00000,0.00015,0.00822
404.73999,1.02194,0.99033,0.00000,0.00018,0.00948
404.88000,1.02194,0.99278,0.00000,0.00012,0.00710
405.01999,1.02194,0.99412,0.00000,0.00011,0.00578
405.16000,1.02194,0.99746,0.00000,0.00005,0.00249
405.29999,1.02194,0.99839,0.00000,0.00004,0.00158
405.44000,1.02194,0.99757,0.00000,0.00006,0.00237
405.57999,1.02194,0.98389,0.00000,0.00027,0.01584
405.72000,1.02194,0.95478,0.00000,0.00065,0.04457
405.85999,1.02194,0.92394,0.00001,0.00077,0.07528
406.00000,1.02194,0.91339,0.00002,0.00073,0.08586
406.14001,1.02191,0.97061,0.00000,0.00042,0.02896
406.28000,1.02194,0.98389,0.00000,0.00025,0.01585
406.42001,1.02191,0.99396,0.00000,0.00009,0.00595
406.56000,1.02194,0.99795,0.00000,0.00005,0.00200
406.70001,1.02191,0.99891,0.00000,0.00003,0.00106
406.84000,1.02194,0.99885,0.00000,0.00004,0.00111
406.98001,1.02191,0.99880,0.00000,0.00004,0.00116
407.12000,1.02194,0.99896,0.00000,0.00004,0.00101
407.26001,1.02194,0.99860,0.00000,0.00004,0.00136
407.39999,1.02194,0.99885,0.00000,0.00003,0.00111
407.54001,1.02194,0.99869,0.00000,0.00004,0.00127
407.67999,1.02194,0.99751,0.00000,0.00006,0.00243
407.82001,1.02194,0.99859,0.00000,0.00005,0.00136
407.95999,1.02194,0.99557,0.00000,0.00011,0.00431
408.10001,1.02194,0.98900,0.00000,0.00028,0.01072
408.23999,1.02194,0.99214,0.00000,0.00018,0.00768
408.38000,1.02194,0.99796,0.00000,0.00005,0.00199
408.51999,1.02194,0.99846,0.00000,0.00006,0.00149
408.66000,1.02194,0.99872,0.00000,0.00004,0.00123
408.79999,1.02194,0.99861,0.00000,0.00004,0.00136
408.94000,1.02194,0.99719,0.00000,0.00006,0.00275
409.07999,1.02194,0.99079,0.00000,0.00018,0.00903
409.22000,1.02194,0.97827,0.00000,0.00030,0.02143
409.35999,1.02194,0.97365,0.00000,0.00028,0.02607
409.50000,1.02194,0.97854,0.00000,0.00028,0.02118
409.64001,1.02191,0.98959,0.00000,0.00018,0.01023
409.78000,1.02194,0.99006,0.00000,0.00014,0.00980
409.92001,1.02191,0.99431,0.00000,0.00009,0.00560
410.06000,1.02194,0.99271,0.00000,0.00011,0.00718
410.20001,1.02191,0.99026,0.00000,0.00012,0.00961
410.34000,1.02194,0.98500,0.00000,0.00021,0.01479
410.48001,1.02191,0.98595,0.00000,0.00020,0.01385
410.62000,1.02194,0.98455,0.00000,0.00017,0.01527
410.76001,1.02194,0.96893,0.00000,0.00029,0.03077
410.89999,1.02194,0.83325,0.00002,0.00095,0.16577
411.04001,1.02194,0.75454,0.00002,0.00119,0.24425
411.17999,1.02194,0.71213,0.00001,0.00051,0.28735
411.32001,1.02194,0.82322,0.00002,0.00084,0.17592
411.45999,1.02194,0.75012,0.00003,0.00148,0.24838
411.60001,1.02194,0.76688,0.00042,0.00126,0.23143
411.73999,1.02194,0.84786,0.00005,0.00085,0.15124
411.88000,1.02194,0.89879,0.00001,0.00096,0.10024
412.01999,1.02194,0.90507,0.00003,0.00064,0.09425
412.16000,1.02194,0.90943,0.00002,0.00071,0.08985
412.29999,1.02194,0.94621,0.00000,0.00024,0.05355
412.44000,1.02194,0.99175,0.00000,0.00011,0.00814
412.57999,1.02194,0.99768,0.00000,0.00006,0.00226
412.72000,1.02194,0.99784,0.00000,0.00006,0.00210
412.85999,1.02194,0.99928,0.00000,0.00002,0.00070
413.00000,1.02194,0.99932,0.00000,0.00002,0.00066
413.14001,1.02191,0.99902,0.00000,0.00002,0.00095
413.28000,1.02194,0.99841,0.00000,0.00003,0.00156
413.42001,1.02191,0.99816,0.00000,0.00003,0.00181
413.56000,1.02194,0.99621,0.00000,0.00005,0.00374
413.70001,1.02191,0.99590,0.00000,0.00006,0.00404
413.84000,1.02194,0.99548,0.00000,0.00006,0.00446
413.98001,1.02191,0.99723,0.00000,0.00005,0.00272
414.12000,1.02194,0.99722,0.00000,0.00004,0.00274
414.26001,1.02194,0.99688,0.00000,0.00005,0.00307
414.39999,1.02194,0.99775,0.00000,0.00004,0.00221
414.54001,1.02194,0.99714,0.00000,0.00004,0.00282
414.67999,1.02194,0.99597,0.00000,0.00006,0.00397
414.82001,1.02194,0.99471,0.00000,0.00007,0.00522
414.95999,1.02194,0.99493,0.00000,0.00006,0.00500
415.10001,1.02194,0.99454,0.00000,0.00007,0.00539
415.23999,1.02194,0.99436,0.00000,0.00009,0.00555
415.38000,1.02194,0.99559,0.00000,0.00008,0.00434
415.51999,1.02194,0.99717,0.00000,0.00006,0.00277
415.66000,1.02194,0.99759,0.00000,0.00006,0.00235
415.79999,1.02194,0.99829,0.00000,0.00004,0.00167
415.94000,1.02194,0.99832,0.00000,0.00004,0.00164
416.07999,1.02194,0.99797,0.00000,0.00005,0.00198
416.22000,1.02194,0.99748,0.00000,0.00006,0.00246
416.35999,1.02194,0.99781,0.00000,0.00005,0.00214
416.50000,1.02194,0.99751,0.00000,0.00005,0.00244
416.64001,1.02191,0.99785,0.00000,0.00006,0.00209
416.78000,1.02194,0.99827,0.00000,0.00005,0.00168
416.92001,1.02191,0.99775,0.00000,0.00006,0.00220
417.06000,1.02194,0.99726,0.00000,0.00006,0.00268
417.20001,1.02191,0.99666,0.00000,0.00007,0.00327
417.34000,1.02194,0.99646,0.00000,0.00007,0.00347
417.48001,1.02191,0.98604,0.00000,0.00014,0.01382
417.62000,1.02194,0.90054,0.00000,0.00028,0.09918
417.76001,1.02194,0.79416,0.00000,0.00203,0.20380
417.89999,1.02194,0.57877,0.00000,0.00105,0.42018
418.04001,1.02194,0.70843,0.00000,0.00045,0.29112
418.17999,1.02194,0.90276,0.00000,0.00008,0.09716
418.32001,1.02194,0.99723,0.00000,0.00007,0.00271
418.45999,1.02194,0.99693,0.00000,0.00001,0.00306
418.60001,1.02194,0.98810,0.00000,0.00067,0.01123
418.73999,1.02194,0.98053,0.00000,0.00012,0.01935
418.88000,1.02194,0.95605,0.00000,0.00011,0.04383
419.01999,1.02194,0.83171,0.00001,0.00070,0.16758
419.16000,1.02194,0.65392,0.00002,0.00080,0.34526
419.29999,1.02194,0.75520,0.00004,0.00042,0.24434
419.44000,1.02194,0.90476,0.00000,0.00034,0.09489
419.57999,1.02194,0.97062,0.00000,0.00022,0.02916
419.72000,1.02194,0.98845,0.00000,0.00009,0.01145
419.85999,1.02194,0.99674,0.00000,0.00007,0.00319
420.00000,1.02194,0.99796,0.00000,0.00006,0.00198
420.14001,1.02191,0.99876,0.00000,0.00004,0.00120
420.28000,1.02194,0.99156,0.00000,0.00014,0.00830
420.42001,1.02191,0.95514,0.00000,0.00059,0.04426
420.56000,1.02194,0.92566,0.00000,0.00037,0.07397
420.70001,1.02191,0.85925,0.00000,0.00021,0.14054
420.84000,1.02194,0.95185,0.00000,0.00029,0.04785
420.98001,1.02191,0.97206,0.00000,0.00019,0.02775
421.12000,1.02194,0.97858,0.00000,0.00020,0.02122
421.26001,1.02194,0.99191,0.00000,0.00012,0.00797
421.39999,1.02194,0.99171,0.00000,0.00010,0.00818
421.54001,1.02194,0.99280,0.00000,0.00009,0.00711
421.67999,1.02194,0.99788,0.00000,0.00004,0.00208
421.82001,1.02194,0.99930,0.00000,0.00002,0.00068
421.95999,1.02194,0.99950,0.00000,0.00001,0.00048
422.10001,1.02194,0.99953,0.00000,0.00002,0.00045
422.23999,1.02194,0.99967,0.00000,0.00002,0.00031
422.38000,1.02194,0.99956,0.00000,0.00002,0.00042
422.51999,1.02194,0.99927,0.00000,0.00003,0.00070
422.66000,1.02194,0.99929,0.00000,0.00003,0.00067
422.79999,1.02194,0.99955,0.00000,0.00002,0.00043
422.94000,1.02194,0.99957,0.00000,0.00002,0.00041
423.07999,1.02194,0.99960,0.00000,0.00002,0.00038
423.22000,1.02194,0.99964,0.00000,0.00001,0.00034
423.35999,1.02194,0.99972,0.00000,0.00001,0.00027
423.50000,1.02194,0.99973,0.00000,0.00001,0.00026
423.64001,1.02191,0.99978,0.00000,0.00001,0.00021
423.78000,1.02194,0.99980,0.00000,0.00001,0.00019
423.92001,1.02191,0.99985,0.00000,0.00001,0.00014
424.06000,1.02194,0.99984,0.00000,0.00001,0.00015
424.20001,1.02191,0.99988,0.00000,0.00001,0.00012
424.34000,1.02194,0.99988,0.00000,0.00001,0.00011
424.48001,1.02191,0.99988,0.00000,0.00001,0.00011
424.62000,1.02194,0.99991,0.00000,0.00000,0.00009
424.76001,1.02194,0.99991,0.00000,0.00001,0.00008
424.89999,1.02194,0.99989,0.00000,0.00001,0.00010
425.04001,1.02194,0.99990,0.00000,0.00001,0.00009
425.17999,1.02194,0.99989,0.00000,0.00001,0.00010
425.32001,1.02194,0.99989,0.00000,0.00001,0.00010
425.45999,1.02194,0.99980,0.00000,0.00001,0.00019
425.60001,1.02194,0.99977,0.00000,0.00001,0.00021
425.73999,1.02194,0.99967,0.00000,0.00002,0.00031
425.88000,1.02194,0.99962,0.00000,0.00002,0.00036
426.01999,1.02194,0.99951,0.00000,0.00002,0.00047
426.16000,1.02194,0.99971,0.00000,0.00001,0.00028
426.29999,1.02194,0.99966,0.00000,0.00001,0.00032
426.44000,1.02194,0.99971,0.00000,0.00001,0.00028
426.57999,1.02194,0.99976,0.00000,0.00001,0.00023
426.72000,1.02194,0.99972,0.00000,0.00001,0.00027
426.85999,1.02194,0.99969,0.00000,0.00001,0.00030
427.00000,1.02194,0.99960,0.00000,0.00002,0.00038
427.14001,1.02191,0.99953,0.00000,0.00002,0.00045
427.28000,1.02194,0.99954,0.00000,0.00002,0.00044
427.42001,1.02191,0.99948,0.00000,0.00002,0.00050
427.56000,1.02194,0.99946,0.00000,0.00002,0.00052
427.70001,1.02191,0.99970,0.00000,0.00001,0.00029
427.84000,1.02194,0.99980,0.00000,0.00001,0.00019
427.98001,1.02191,0.99985,0.00000,0.00001,0.00014
428.12000,1.02194,0.99990,0.00000,0.00001,0.00010
428.26001,1.02194,0.99992,0.00000,0.00000,0.00007
428.39999,1.02194,0.99993,0.00000,0.00000,0.00006
428.54001,1.02194,0.99994,0.00000,0.00000,0.00006
428.67999,1.02194,0.99994,0.00000,0.00000,0.00005
428.82001,1.02194,0.99994,0.00000,0.00000,0.00005
428.95999,1.02194,0.99996,0.00000,0.00000,0.00004
429.10001,1.02194,0.99996,0.00000,0.00000,0.00004
429.23999,1.02194,0.99996,0.00000,0.00000,0.00003
429.38000,1.02194,0.99997,0.00000,0.00000,0.00003
429.51999,1.02194,0.99997,0.00000,0.00000,0.00003
429.66000,1.02194,0.99997,0.00000,0.00000,0.00003
429.79999,1.02194,0.99996,0.00000,0.00000,0.00004
429.94000,1.02194,0.99997,0.00000,0.00000,0.00003
430.07999,1.02194,0.99997,0.00000,0.00000,0.00003
430.22000,1.02194,0.99997,0.00000,0.00000,0.00003
430.35999,1.02194,0.99996,0.00000,0.00000,0.00003
430.50000,1.02194,0.99995,0.00000,0.00000,0.00004
430.64001,1.02191,0.99995,0.00000,0.00000,0.00004
430.78000,1.02194,0.99995,0.00000,0.00000,0.00004
430.92001,1.02191,0.99994,0.00000,0.00000,0.00005
431.06000,1.02194,0.99994,0.00000,0.00000,0.00005
431.20001,1.02191,0.99994,0.00000,0.00000,0.00006
431.34000,1.02194,0.99996,0.00000,0.00000,0.00004
431.48001,1.02191,0.99997,0.00000,0.00000,0.00003
431.62000,1.02194,0.99996,0.00000,0.00000,0.00004
431.76001,1.02194,0.99992,0.00000,0.00001,0.00007
431.89999,1.02194,0.99986,0.00000,0.00001,0.00013
432.04001,1.02194,0.99964,0.00000,0.00002,0.00034
432.17999,1.02194,0.99797,0.00000,0.00009,0.00194
432.32001,1.02194,0.99962,0.00000,0.00002,0.00036
432.45999,1.02194,0.99990,0.00000,0.00001,0.00009
432.60001,1.02194,0.99992,0.00000,0.00001,0.00007
432.73999,1.02194,0.99994,0.00000,0.00001,0.00006
432.88000,1.02194,0.99978,0.00000,0.00001,0.00020
