Time (seconds), Duration (seconds),pred_(unlabeled),pred_brushing_teeth,pred_hair_drying,pred_showering
0.00000,1.02194,0.99642,0.00280,0.00070,0.00007
0.14000,1.02194,0.99619,0.00295,0.00078,0.00008
0.28000,1.02194,0.99663,0.00255,0.00072,0.00010
0.42000,1.02194,0.99692,0.00233,0.00066,0.00009
0.56000,1.02194,0.99721,0.00208,0.00062,0.00009
0.70000,1.02194,0.99736,0.00195,0.00059,0.00009
0.84000,1.02194,0.99737,0.00195,0.00059,0.00009
0.98000,1.02194,0.99733,0.00196,0.00060,0.00010
1.12000,1.02194,0.99718,0.00214,0.00060,0.00008
1.26000,1.02194,0.99719,0.00213,0.00059,0.00009
1.40000,1.02194,0.99753,0.00179,0.00057,0.00011
1.54000,1.02194,0.99734,0.00193,0.00063,0.00011
1.68000,1.02194,0.99708,0.00215,0.00067,0.00011
1.82000,1.02194,0.99729,0.00201,0.00061,0.00009
1.96000,1.02194,0.99720,0.00211,0.00060,0.00009
2.10000,1.02194,0.99704,0.00223,0.00063,0.00009
2.24000,1.02194,0.99710,0.00215,0.00065,0.00010
2.38000,1.02194,0.99733,0.00194,0.00062,0.00012
2.52000,1.02194,0.99717,0.00211,0.00062,0.00009
2.66000,1.02194,0.99735,0.00197,0.00059,0.00010
2.80000,1.02194,0.99749,0.00183,0.00058,0.00010
2.94000,1.02194,0.99757,0.00179,0.00055,0.00009
3.08000,1.02194,0.99766,0.00170,0.00054,0.00010
3.22000,1.02194,0.99777,0.00164,0.00051,0.00008
3.36000,1.02194,0.99782,0.00159,0.00050,0.00009
3.50000,1.02194,0.99773,0.00169,0.00050,0.00008
3.64000,1.02194,0.99765,0.00173,0.00053,0.00009
3.78000,1.02194,0.99571,0.00204,0.00202,0.00023
3.92000,1.02194,0.99197,0.00656,0.00081,0.00065
4.06000,1.02194,0.99287,0.00569,0.00072,0.00072
4.20000,1.02194,0.99335,0.00481,0.00110,0.00075
4.34000,1.02194,0.97992,0.01665,0.00193,0.00150
4.48000,1.02194,0.98775,0.01023,0.00078,0.00123
4.62000,1.02194,0.95737,0.04062,0.00127,0.00073
4.76000,1.02194,0.99419,0.00471,0.00098,0.00012
4.90000,1.02194,0.99565,0.00347,0.00077,0.00010
5.04000,1.02194,0.99485,0.00415,0.00090,0.00011
5.18000,1.02194,0.99249,0.00624,0.00117,0.00010
5.32000,1.02194,0.99258,0.00638,0.00092,0.00012
5.46000,1.02194,0.98742,0.01130,0.00108,0.00020
5.60000,1.02194,0.99462,0.00403,0.00112,0.00023
5.74000,1.02194,0.98921,0.00804,0.00088,0.00187
5.88000,1.02194,0.98240,0.01145,0.00040,0.00575
6.02000,1.02194,0.97757,0.01255,0.00051,0.00937
6.16000,1.02194,0.99268,0.00293,0.00058,0.00380
6.30000,1.02194,0.99664,0.00155,0.00030,0.00151
6.44000,1.02194,0.99581,0.00286,0.00051,0.00082
6.58000,1.02194,0.96360,0.03459,0.00129,0.00052
6.72000,1.02194,0.99477,0.00410,0.00092,0.00021
6.86000,1.02194,0.99658,0.00250,0.00072,0.00020
7.00000,1.02194,0.99667,0.00241,0.00073,0.00019
7.14000,1.02194,0.99738,0.00184,0.00063,0.00015
7.28000,1.02194,0.99784,0.00151,0.00054,0.00012
7.42000,1.02194,0.99778,0.00163,0.00050,0.00009
7.56000,1.02194,0.99776,0.00167,0.00049,0.00008
7.70000,1.02194,0.99752,0.00182,0.00057,0.00009
7.84000,1.02194,0.99809,0.00142,0.00042,0.00007
7.98000,1.02194,0.99833,0.00120,0.00039,0.00008
8.12000,1.02194,0.99829,0.00123,0.00040,0.00008
8.26000,1.02194,0.99756,0.00183,0.00052,0.00009
8.40000,1.02194,0.99683,0.00247,0.00060,0.00010
8.54000,1.02194,0.99640,0.00276,0.00073,0.00011
8.68000,1.02194,0.99547,0.00322,0.00110,0.00021
8.82000,1.02194,0.99247,0.00581,0.00147,0.00025
8.96000,1.02194,0.99105,0.00716,0.00156,0.00024
9.10000,1.02194,0.98999,0.00803,0.00172,0.00026
9.24000,1.02194,0.98711,0.01087,0.00184,0.00018
9.38000,1.02194,0.99134,0.00660,0.00182,0.00024
9.52000,1.02194,0.99779,0.00138,0.00051,0.00031
9.66000,1.02194,0.99691,0.00222,0.00070,0.00017
9.80000,1.02194,0.99744,0.00177,0.00063,0.00016
9.94000,1.02194,0.99786,0.00147,0.00052,0.00015
10.08000,1.02194,0.99529,0.00394,0.00065,0.00012
10.22000,1.02194,0.98209,0.01708,0.00066,0.00017
10.36000,1.02194,0.94418,0.05482,0.00080,0.00020
10.50000,1.02194,0.87791,0.12090,0.00093,0.00027
10.64000,1.02194,0.79899,0.19967,0.00102,0.00032
10.78000,1.02194,0.70668,0.29143,0.00138,0.00050
10.92000,1.02194,0.70766,0.29048,0.00150,0.00036
11.06000,1.02194,0.82508,0.17319,0.00152,0.00022
11.20000,1.02194,0.94119,0.05677,0.00182,0.00022
11.34000,1.02194,0.98295,0.01547,0.00142,0.00016
11.48000,1.02194,0.99465,0.00420,0.00095,0.00019
11.62000,1.02194,0.99318,0.00557,0.00107,0.00018
11.76000,1.02194,0.99516,0.00372,0.00096,0.00016
11.90000,1.02194,0.99506,0.00389,0.00090,0.00015
12.04000,1.02194,0.99264,0.00627,0.00093,0.00016
12.18000,1.02194,0.98906,0.00845,0.00197,0.00052
12.32000,1.02194,0.95114,0.03718,0.00859,0.00310
12.46000,1.02194,0.92760,0.05761,0.00716,0.00764
12.60000,1.02194,0.84829,0.13937,0.00535,0.00700
12.74000,1.02194,0.71421,0.26645,0.00871,0.01062
12.88000,1.02194,0.81512,0.15562,0.01434,0.01492
13.02000,1.02194,0.73466,0.21869,0.01586,0.03079
13.16000,1.02194,0.74028,0.23039,0.00193,0.02740
13.30000,1.02194,0.49804,0.49060,0.00216,0.00921
13.44000,1.02194,0.51194,0.47874,0.00366,0.00566
13.58000,1.02194,0.51089,0.48242,0.00216,0.00453
13.72000,1.02194,0.25610,0.74177,0.00073,0.00140
13.86000,1.02194,0.02736,0.97239,0.00016,0.00008
14.00000,1.02194,0.04818,0.95147,0.00028,0.00007
14.14000,1.02194,0.11409,0.88497,0.00076,0.00017
14.28000,1.02194,0.95539,0.04349,0.00057,0.00054
14.42000,1.02194,0.95476,0.04211,0.00146,0.00167
14.56000,1.02194,0.93764,0.05171,0.00171,0.00893
14.70000,1.02194,0.93173,0.00745,0.00169,0.05913
14.84000,1.02194,0.91788,0.00214,0.00199,0.07799
14.98000,1.02194,0.96807,0.00041,0.00076,0.03076
15.12000,1.02194,0.97781,0.00213,0.00165,0.01840
15.26000,1.02194,0.96271,0.02043,0.00305,0.01380
15.40000,1.02194,0.98766,0.00694,0.00192,0.00348
15.54000,1.02194,0.98748,0.01013,0.00202,0.00037
15.68000,1.02194,0.99760,0.00165,0.00060,0.00016
15.82000,1.02194,0.99761,0.00161,0.00064,0.00014
15.96000,1.02194,0.99806,0.00113,0.00062,0.00018
16.10000,1.02194,0.99426,0.00234,0.00268,0.00072
16.24000,1.02194,0.99035,0.00280,0.00429,0.00256
16.38000,1.02194,0.98322,0.00535,0.00763,0.00381
16.52000,1.02194,0.96466,0.00178,0.02685,0.00670
16.66000,1.02194,0.91159,0.00273,0.06847,0.01722
16.80000,1.02194,0.91797,0.00248,0.04384,0.03571
16.94000,1.02194,0.96933,0.00092,0.01466,0.01508
17.08000,1.02194,0.98756,0.00059,0.00535,0.00650
17.22000,1.02194,0.98653,0.00183,0.00629,0.00535
17.36000,1.02194,0.91612,0.03084,0.03875,0.01429
17.50000,1.02194,0.95113,0.03132,0.00250,0.01505
17.64000,1.02194,0.94338,0.02827,0.00208,0.02627
17.78000,1.02194,0.82168,0.02166,0.00425,0.15241
17.92000,1.02194,0.53675,0.03748,0.00579,0.41998
18.06000,1.02194,0.22013,0.01177,0.00126,0.76684
18.20000,1.02194,0.15647,0.04092,0.00255,0.80006
18.34000,1.02194,0.06471,0.00357,0.00054,0.93118
18.48000,1.02194,0.06864,0.00347,0.00163,0.92626
18.62000,1.02194,0.06487,0.00210,0.00230,0.93073
18.76000,1.02194,0.06544,0.00308,0.00107,0.93041
18.90000,1.02194,0.05528,0.00124,0.00092,0.94256
19.04000,1.02194,0.07174,0.00313,0.00238,0.92275
19.18000,1.02194,0.06791,0.00169,0.00285,0.92756
19.32000,1.02194,0.07485,0.00224,0.00308,0.91983
19.46000,1.02194,0.08873,0.00382,0.00570,0.90175
19.60000,1.02194,0.07098,0.00117,0.00979,0.91806
19.74000,1.02194,0.07678,0.00076,0.01441,0.90805
19.88000,1.02194,0.07629,0.00103,0.01678,0.90590
20.02000,1.02194,0.07710,0.00106,0.02579,0.89604
20.16000,1.02194,0.07360,0.00068,0.02893,0.89679
20.30000,1.02194,0.07263,0.00056,0.02561,0.90120
20.44000,1.02194,0.07509,0.00076,0.02866,0.89549
20.58000,1.02194,0.07545,0.00085,0.02376,0.89994
20.72000,1.02194,0.07126,0.00066,0.01885,0.90923
20.86000,1.02194,0.07206,0.00090,0.02386,0.90318
21.00000,1.02194,0.06399,0.00083,0.00868,0.92651
21.14000,1.02194,0.07454,0.00085,0.01200,0.91261
21.28000,1.02194,0.07483,0.00059,0.01347,0.91112
21.42000,1.02194,0.07838,0.00061,0.01606,0.90496
21.56000,1.02194,0.07101,0.00034,0.01523,0.91342
21.70000,1.02194,0.08153,0.00104,0.02086,0.89657
21.84000,1.02194,0.07056,0.00033,0.02417,0.90494
21.98000,1.02194,0.06476,0.00016,0.01954,0.91555
22.12000,1.02194,0.07042,0.00023,0.02679,0.90256
22.26000,1.02194,0.07306,0.00018,0.02065,0.90611
22.40000,1.02194,0.06676,0.00018,0.01800,0.91506
22.54000,1.02194,0.06836,0.00031,0.02372,0.90761
22.68000,1.02194,0.06382,0.00018,0.02076,0.91525
22.82000,1.02194,0.05685,0.00010,0.01321,0.92984
22.96000,1.02194,0.06714,0.00018,0.02060,0.91208
23.10000,1.02194,0.06252,0.00016,0.02010,0.91722
23.24000,1.02194,0.06876,0.00018,0.02186,0.90920
23.38000,1.02194,0.06745,0.00011,0.01451,0.91793
23.52000,1.02194,0.05972,0.00018,0.01259,0.92752
23.66000,1.02194,0.06038,0.00026,0.01364,0.92571
23.80000,1.02194,0.06310,0.00019,0.01071,0.92601
23.94000,1.02194,0.07101,0.00051,0.01826,0.91021
24.08000,1.02194,0.06644,0.00038,0.01631,0.91686
24.22000,1.02194,0.07995,0.00102,0.02854,0.89049
24.36000,1.02194,0.07348,0.00042,0.02698,0.89912
24.50000,1.02194,0.07013,0.00043,0.02752,0.90192
24.64000,1.02194,0.07279,0.00042,0.02900,0.89778
24.78000,1.02194,0.06078,0.00024,0.01719,0.92179
24.92000,1.02194,0.07244,0.00032,0.02477,0.90247
25.06000,1.02194,0.06519,0.00024,0.02062,0.91395
25.20000,1.02194,0.06680,0.00020,0.01965,0.91335
25.34000,1.02194,0.06429,0.00013,0.01359,0.92199
25.48000,1.02194,0.07239,0.00029,0.01974,0.90758
25.62000,1.02194,0.06325,0.00009,0.00752,0.92914
25.76000,1.02194,0.05275,0.00009,0.00770,0.93946
25.90000,1.02194,0.05922,0.00009,0.00878,0.93191
26.04000,1.02194,0.05716,0.00009,0.00858,0.93418
26.18000,1.02194,0.07116,0.00009,0.01069,0.91806
26.32000,1.02194,0.05130,0.00008,0.00707,0.94155
26.46000,1.02194,0.04517,0.00007,0.00300,0.95175
26.60000,1.02194,0.04425,0.00005,0.00318,0.95253
26.74000,1.02194,0.04380,0.00004,0.00270,0.95347
26.88000,1.02194,0.05121,0.00010,0.00345,0.94525
27.02000,1.02194,0.05667,0.00011,0.00337,0.93985
27.16000,1.02194,0.06896,0.00005,0.00427,0.92672
27.30000,1.02194,0.06640,0.00018,0.01646,0.91695
27.44000,1.02194,0.05430,0.00010,0.01456,0.93104
27.58000,1.02194,0.06636,0.00015,0.02201,0.91148
27.72000,1.02194,0.06561,0.00014,0.02123,0.91301
27.86000,1.02194,0.06668,0.00019,0.02322,0.90991
28.00000,1.02194,0.07374,0.00019,0.02199,0.90408
28.14000,1.02194,0.07184,0.00022,0.02292,0.90502
28.28000,1.02194,0.07258,0.00039,0.02836,0.89867
28.42000,1.02194,0.07067,0.00029,0.02720,0.90184
28.56000,1.02194,0.06501,0.00024,0.02085,0.91390
28.70000,1.02194,0.06795,0.00034,0.02531,0.90639
28.84000,1.02194,0.07033,0.00031,0.02327,0.90610
28.98000,1.02194,0.07344,0.00036,0.02721,0.89899
29.12000,1.02194,0.07397,0.00030,0.02550,0.90024
29.26000,1.02194,0.06749,0.00027,0.02300,0.90925
29.40000,1.02194,0.07479,0.00034,0.03070,0.89417
29.54000,1.02194,0.06445,0.00025,0.02090,0.91440
29.68000,1.02194,0.07033,0.00027,0.02040,0.90900
29.82000,1.02194,0.06660,0.00017,0.01532,0.91791
29.96000,1.02194,0.06133,0.00016,0.00891,0.92960
30.10000,1.02194,0.06654,0.00011,0.00681,0.92654
30.24000,1.02194,0.07868,0.00024,0.01272,0.90837
30.38000,1.02194,0.07442,0.00055,0.01833,0.90670
30.52000,1.02194,0.07182,0.00032,0.02156,0.90630
30.66000,1.02194,0.07076,0.00052,0.02216,0.90656
30.80000,1.02194,0.07222,0.00048,0.03095,0.89635
30.94000,1.02194,0.07565,0.00034,0.03255,0.89146
31.08000,1.02194,0.06918,0.00025,0.02521,0.90537
31.22000,1.02194,0.07025,0.00022,0.02563,0.90389
31.36000,1.02194,0.06561,0.00020,0.02134,0.91284
31.50000,1.02194,0.06154,0.00019,0.01741,0.92086
31.64000,1.02194,0.05930,0.00015,0.01479,0.92576
31.78000,1.02194,0.05719,0.00014,0.01225,0.93043
31.92000,1.02194,0.06212,0.00016,0.01688,0.92084
32.06000,1.02193,0.05873,0.00010,0.01158,0.92959
32.20000,1.02194,0.05694,0.00022,0.01573,0.92712
32.34000,1.02194,0.04555,0.00007,0.00748,0.94690
32.48000,1.02194,0.05302,0.00013,0.00854,0.93830
32.62000,1.02194,0.05979,0.00020,0.01308,0.92692
32.76000,1.02194,0.05418,0.00013,0.00930,0.93639
32.90000,1.02193,0.05707,0.00020,0.01127,0.93146
33.04000,1.02194,0.05676,0.00027,0.01184,0.93112
33.18000,1.02194,0.06908,0.00076,0.01691,0.91325
33.32000,1.02194,0.07125,0.00057,0.01792,0.91025
33.46000,1.02194,0.07492,0.00065,0.02185,0.90258
33.60000,1.02194,0.07770,0.00056,0.02385,0.89789
33.74000,1.02193,0.07995,0.00056,0.02938,0.89010
33.88000,1.02194,0.06755,0.00025,0.02103,0.91116
34.02000,1.02194,0.08125,0.00062,0.03664,0.88149
34.16000,1.02194,0.06970,0.00027,0.02793,0.90209
34.30000,1.02194,0.08036,0.00043,0.04181,0.87740
34.44000,1.02194,0.07465,0.00028,0.03191,0.89317
34.58000,1.02193,0.07255,0.00027,0.03227,0.89490
34.72000,1.02193,0.07098,0.00027,0.02617,0.90258
34.86000,1.02194,0.06662,0.00032,0.01896,0.91410
35.00000,1.02194,0.06743,0.00033,0.01844,0.91380
35.14000,1.02194,0.06705,0.00035,0.01893,0.91367
35.28000,1.02194,0.06523,0.00029,0.01761,0.91687
35.42000,1.02194,0.07952,0.00088,0.01987,0.89973
35.56000,1.02193,0.07169,0.00031,0.01454,0.91346
35.70000,1.02194,0.07084,0.00032,0.01520,0.91364
35.84000,1.02194,0.06595,0.00020,0.01065,0.92320
35.98000,1.02194,0.06235,0.00014,0.00916,0.92835
36.12000,1.02194,0.07183,0.00042,0.01922,0.90853
36.26000,1.02194,0.06186,0.00021,0.01576,0.92217
36.40000,1.02193,0.07735,0.00050,0.03490,0.88726
36.54000,1.02194,0.07325,0.00042,0.03178,0.89455
36.68000,1.02194,0.07247,0.00038,0.03111,0.89604
36.82000,1.02194,0.07883,0.00068,0.03769,0.88280
36.96000,1.02194,0.08050,0.00061,0.03560,0.88328
37.10000,1.02194,0.08059,0.00058,0.03511,0.88372
37.24000,1.02193,0.07814,0.00057,0.03560,0.88569
37.38000,1.02194,0.06928,0.00025,0.02442,0.90605
37.52000,1.02194,0.06992,0.00031,0.02842,0.90134
37.66000,1.02194,0.06771,0.00024,0.02493,0.90712
37.80000,1.02194,0.06403,0.00025,0.01964,0.91607
37.94000,1.02194,0.06200,0.00023,0.01517,0.92260
38.08000,1.02193,0.06228,0.00031,0.01751,0.91990
38.22000,1.02193,0.06247,0.00030,0.01418,0.92304
38.36000,1.02194,0.05863,0.00028,0.00952,0.93157
38.50000,1.02194,0.05894,0.00050,0.00715,0.93340
38.64000,1.02194,0.06467,0.00051,0.01213,0.92269
38.78000,1.02194,0.07084,0.00068,0.01397,0.91451
38.92000,1.02194,0.06111,0.00042,0.01260,0.92587
39.06000,1.02193,0.06894,0.00043,0.01548,0.91515
39.20000,1.02194,0.06117,0.00031,0.01281,0.92571
39.34000,1.02194,0.05876,0.00007,0.00540,0.93576
39.48000,1.02194,0.05882,0.00019,0.00976,0.93122
39.62000,1.02194,0.05882,0.00022,0.00992,0.93103
39.76000,1.02194,0.06147,0.00035,0.01564,0.92254
39.90000,1.02193,0.06390,0.00035,0.00875,0.92699
40.04000,1.02194,0.07044,0.00129,0.00685,0.92142
40.18000,1.02194,0.08241,0.00237,0.00732,0.90790
40.32000,1.02194,0.07498,0.00298,0.00221,0.91983
40.46000,1.02194,0.06888,0.00162,0.00143,0.92807
40.60000,1.02194,0.08350,0.00640,0.00212,0.90797
40.74000,1.02193,0.08613,0.00900,0.00246,0.90242
40.88000,1.02194,0.06318,0.00195,0.00208,0.93278
41.02000,1.02194,0.06523,0.00180,0.00320,0.92977
41.16000,1.02194,0.06450,0.00172,0.00545,0.92834
41.30000,1.02194,0.07463,0.00263,0.00574,0.91700
41.44000,1.02194,0.06688,0.00131,0.00533,0.92647
41.58000,1.02193,0.07142,0.00093,0.00656,0.92109
41.72000,1.02193,0.06579,0.00068,0.00765,0.92588
41.86000,1.02194,0.08748,0.00203,0.01413,0.89636
42.00000,1.02194,0.08422,0.00117,0.01911,0.89550
42.14000,1.02194,0.07880,0.00065,0.02893,0.89163
42.28000,1.02194,0.07725,0.00051,0.02460,0.89765
42.42000,1.02194,0.06623,0.00074,0.01738,0.91566
42.56000,1.02193,0.07569,0.00102,0.01742,0.90587
42.70000,1.02194,0.06552,0.00091,0.00811,0.92547
42.84000,1.02194,0.07267,0.00116,0.00895,0.91722
42.98000,1.02194,0.06518,0.00070,0.00609,0.92802
43.12000,1.02194,0.06971,0.00075,0.00083,0.92872
43.26000,1.02194,0.06908,0.00209,0.00167,0.92716
43.40000,1.02193,0.06345,0.00115,0.00146,0.93394
43.54000,1.02194,0.06428,0.00075,0.00216,0.93282
43.68000,1.02194,0.06431,0.00028,0.00161,0.93380
43.82000,1.02194,0.09065,0.00215,0.00360,0.90360
43.96000,1.02194,0.06324,0.00039,0.01122,0.92515
44.10000,1.02194,0.07035,0.00038,0.01499,0.91428
44.24000,1.02193,0.07604,0.00026,0.00923,0.91447
44.38000,1.02194,0.06494,0.00094,0.00678,0.92733
44.52000,1.02194,0.05901,0.00054,0.00302,0.93742
44.66000,1.02194,0.05134,0.00063,0.00074,0.94729
44.80000,1.02194,0.04244,0.00045,0.00023,0.95689
44.94000,1.02194,0.04560,0.00038,0.00010,0.95392
45.08000,1.02193,0.06193,0.00107,0.00005,0.93695
45.22000,1.02193,0.04338,0.00017,0.00003,0.95641
45.36000,1.02194,0.06285,0.00021,0.00001,0.93693
45.50000,1.02194,0.08668,0.00217,0.00003,0.91113
45.64000,1.02194,0.04952,0.00264,0.00001,0.94783
45.78000,1.02194,0.14218,0.06908,0.00010,0.78863
45.92000,1.02194,0.06133,0.00217,0.00003,0.93646
46.06000,1.02193,0.16749,0.09054,0.00007,0.74191
46.20000,1.02194,0.06264,0.00300,0.00005,0.93432
46.34000,1.02194,0.06403,0.00296,0.00007,0.93294
46.48000,1.02194,0.05371,0.00046,0.00004,0.94579
46.62000,1.02194,0.02677,0.00004,0.00003,0.97315
46.76000,1.02194,0.10093,0.00376,0.00011,0.89520
46.90000,1.02193,0.08482,0.00230,0.00015,0.91273
47.04000,1.02194,0.05493,0.00018,0.00010,0.94479
47.18000,1.02194,0.06965,0.00039,0.00002,0.92993
47.32000,1.02194,0.06528,0.00106,0.00005,0.93361
47.46000,1.02194,0.19640,0.09398,0.00017,0.70945
47.60000,1.02194,0.13287,0.02744,0.00014,0.83955
47.74000,1.02193,0.06393,0.00651,0.00006,0.92950
47.88000,1.02194,0.11558,0.02094,0.00035,0.86313
48.02000,1.02194,0.08494,0.01172,0.00008,0.90325
48.16000,1.02194,0.11665,0.02495,0.00012,0.85827
48.30000,1.02194,0.08162,0.00903,0.00006,0.90930
48.44000,1.02194,0.07674,0.00430,0.00007,0.91890
48.58000,1.02193,0.06417,0.00132,0.00005,0.93446
48.72000,1.02193,0.11005,0.00498,0.00010,0.88487
48.86000,1.02194,0.13085,0.00316,0.00011,0.86589
49.00000,1.02194,0.13673,0.01518,0.00014,0.84795
49.14000,1.02194,0.29975,0.03096,0.00027,0.66901
49.28000,1.02194,0.33309,0.30853,0.00037,0.35802
49.42000,1.02194,0.24274,0.55617,0.00027,0.20082
49.56000,1.02193,0.11484,0.83319,0.00028,0.05169
49.70000,1.02194,0.18123,0.71007,0.00039,0.10832
49.84000,1.02194,0.23596,0.14692,0.00025,0.61688
49.98000,1.02194,0.15563,0.02011,0.00026,0.82401
50.12000,1.02194,0.07315,0.00407,0.00010,0.92267
50.26000,1.02194,0.04906,0.00191,0.00009,0.94893
50.40000,1.02193,0.05248,0.00085,0.00011,0.94656
50.54000,1.02194,0.09934,0.00286,0.00014,0.89766
50.68000,1.02194,0.09100,0.00524,0.00020,0.90356
50.82000,1.02194,0.06406,0.00193,0.00012,0.93389
50.96000,1.02194,0.06093,0.00186,0.00010,0.93712
51.10000,1.02194,0.05044,0.00073,0.00005,0.94877
51.24000,1.02193,0.08186,0.00419,0.00017,0.91378
51.38000,1.02194,0.04687,0.00186,0.00002,0.95126
51.52000,1.02194,0.04946,0.00231,0.00005,0.94817
51.66000,1.02194,0.07051,0.00081,0.00009,0.92859
51.80000,1.02194,0.05725,0.00291,0.00009,0.93975
51.94000,1.02194,0.04862,0.00115,0.00014,0.95010
52.08000,1.02193,0.07044,0.00258,0.00009,0.92688
52.22000,1.02193,0.06482,0.00135,0.00003,0.93380
52.36000,1.02194,0.06281,0.00319,0.00003,0.93398
52.50000,1.02194,0.08893,0.00247,0.00010,0.90850
52.64000,1.02194,0.11705,0.00698,0.00042,0.87554
52.78000,1.02194,0.20286,0.00259,0.00071,0.79384
52.92000,1.02194,0.10767,0.01849,0.00210,0.87173
53.06000,1.02193,0.12255,0.01933,0.00313,0.85499
53.20000,1.02194,0.07712,0.00428,0.00207,0.91653
53.34000,1.02194,0.06959,0.00292,0.00293,0.92456
53.48000,1.02194,0.06719,0.00179,0.00102,0.93000
53.62000,1.02194,0.06384,0.00129,0.00117,0.93370
53.76000,1.02194,0.05069,0.00025,0.00040,0.94867
53.90000,1.02193,0.06812,0.00098,0.00029,0.93061
54.04000,1.02194,0.05198,0.00027,0.00028,0.94747
54.18000,1.02194,0.06101,0.00051,0.00032,0.93816
54.32000,1.02194,0.04433,0.00015,0.00012,0.95539
54.46000,1.02194,0.03304,0.00015,0.00006,0.96675
54.60000,1.02194,0.07535,0.00062,0.00020,0.92383
54.74000,1.02193,0.04138,0.00047,0.00016,0.95799
54.88000,1.02194,0.04081,0.00022,0.00013,0.95884
55.02000,1.02194,0.06401,0.00043,0.00032,0.93525
55.16000,1.02194,0.03708,0.00035,0.00010,0.96247
55.30000,1.02194,0.06682,0.00211,0.00039,0.93067
55.44000,1.02194,0.07681,0.00147,0.00029,0.92143
55.58000,1.02193,0.06769,0.00614,0.00011,0.92606
55.72000,1.02193,0.08894,0.00306,0.00010,0.90790
55.86000,1.02194,0.11927,0.00663,0.00011,0.87398
56.00000,1.02194,0.17809,0.00297,0.00010,0.81884
56.14000,1.02194,0.13470,0.00153,0.00002,0.86374
56.28000,1.02194,0.06587,0.00052,0.00001,0.93360
56.42000,1.02194,0.04548,0.00006,0.00001,0.95446
56.56000,1.02193,0.13402,0.00331,0.00002,0.86265
56.70000,1.02194,0.04870,0.00040,0.00005,0.95085
56.84000,1.02194,0.07132,0.00097,0.00020,0.92751
56.98000,1.02194,0.05411,0.00071,0.00014,0.94504
57.12000,1.02194,0.06243,0.00122,0.00022,0.93612
57.26000,1.02194,0.09101,0.00443,0.00089,0.90368
57.40000,1.02193,0.09010,0.00365,0.00196,0.90428
57.54000,1.02194,0.07602,0.00442,0.00102,0.91854
57.68000,1.02194,0.15452,0.04327,0.00273,0.79949
57.82000,1.02194,0.10666,0.01177,0.00449,0.87708
57.96000,1.02194,0.07726,0.00353,0.00378,0.91543
58.10000,1.02194,0.07130,0.00196,0.00314,0.92361
58.24000,1.02193,0.07353,0.00345,0.00212,0.92090
58.38000,1.02194,0.06099,0.00191,0.00186,0.93524
58.52000,1.02194,0.05359,0.00059,0.00086,0.94496
58.66000,1.02194,0.06651,0.00241,0.00108,0.93001
58.80000,1.02194,0.05822,0.00096,0.00066,0.94016
58.94000,1.02194,0.08524,0.00316,0.00071,0.91089
59.08000,1.02193,0.12578,0.00816,0.00059,0.86548
59.22000,1.02193,0.16825,0.03080,0.00038,0.80057
59.36000,1.02194,0.13814,0.00434,0.00016,0.85736
59.50000,1.02194,0.20462,0.01731,0.00010,0.77797
59.64000,1.02194,0.15791,0.00719,0.00016,0.83474
59.78000,1.02194,0.23827,0.13387,0.00032,0.62754
59.92000,1.02194,0.25258,0.27112,0.00022,0.47608
60.06000,1.02193,0.19707,0.00596,0.00007,0.79689
60.20000,1.02194,0.19434,0.07225,0.00011,0.73330
60.34000,1.02194,0.10246,0.01328,0.00006,0.88420
60.48000,1.02194,0.15537,0.01133,0.00011,0.83319
60.62000,1.02194,0.09634,0.00629,0.00008,0.89729
60.76000,1.02194,0.08274,0.00165,0.00007,0.91554
60.90000,1.02193,0.09473,0.02544,0.00009,0.87973
61.04000,1.02194,0.09193,0.01269,0.00025,0.89514
61.18000,1.02194,0.06743,0.00555,0.00012,0.92690
61.32000,1.02194,0.07189,0.00550,0.00043,0.92218
61.46000,1.02194,0.08024,0.00747,0.00058,0.91171
61.60000,1.02194,0.13018,0.03436,0.00049,0.83497
61.74000,1.02193,0.08360,0.00573,0.00039,0.91028
61.88000,1.02194,0.12608,0.01562,0.00240,0.85590
62.02000,1.02194,0.08126,0.00449,0.00106,0.91318
62.16000,1.02194,0.07118,0.00224,0.00139,0.92520
62.30000,1.02194,0.08320,0.00232,0.00075,0.91373
62.44000,1.02194,0.06460,0.00093,0.00155,0.93292
62.58000,1.02193,0.05598,0.00042,0.00282,0.94078
62.72000,1.02193,0.07525,0.00220,0.00298,0.91956
62.86000,1.02194,0.07115,0.00117,0.00480,0.92287
63.00000,1.02193,0.07984,0.00489,0.00637,0.90890
63.14000,1.02193,0.08696,0.00548,0.00746,0.90010
63.28000,1.02194,0.10763,0.00922,0.00996,0.87319
63.42000,1.02194,0.11316,0.01571,0.00802,0.86311
63.56000,1.02194,0.09771,0.00817,0.00934,0.88479
63.70000,1.02194,0.09818,0.00977,0.00741,0.88464
63.84000,1.02194,0.09164,0.00549,0.00679,0.89609
63.98000,1.02194,0.09077,0.00465,0.00757,0.89701
64.12000,1.02193,0.08740,0.00539,0.00882,0.89840
64.26000,1.02193,0.08410,0.00440,0.00915,0.90235
64.40000,1.02193,0.07330,0.00220,0.00570,0.91880
64.54000,1.02193,0.07753,0.00256,0.00317,0.91675
64.68000,1.02193,0.12201,0.01159,0.00086,0.86554
64.82000,1.02193,0.08191,0.00274,0.00070,0.91465
64.96000,1.02194,0.09561,0.00207,0.00053,0.90180
65.10000,1.02194,0.08708,0.00398,0.00017,0.90877
65.24000,1.02194,0.14074,0.00402,0.00016,0.85507
65.38000,1.02194,0.10793,0.01563,0.00019,0.87625
65.52000,1.02194,0.07363,0.00199,0.00029,0.92408
65.66000,1.02193,0.08910,0.00165,0.00025,0.90900
65.80000,1.02193,0.09867,0.00515,0.00048,0.89571
65.94000,1.02193,0.07875,0.00349,0.00019,0.91757
66.08000,1.02193,0.07123,0.00239,0.00010,0.92628
66.22000,1.02193,0.04519,0.00087,0.00007,0.95386
66.36000,1.02193,0.05720,0.00071,0.00008,0.94202
66.50000,1.02193,0.03964,0.00083,0.00006,0.95948
66.64000,1.02193,0.08402,0.00679,0.00052,0.90867
66.78000,1.02194,0.04963,0.00153,0.00044,0.94840
66.92000,1.02194,0.08238,0.00738,0.00243,0.90782
67.06000,1.02194,0.07475,0.00461,0.00137,0.91927
67.20000,1.02194,0.10167,0.01844,0.00223,0.87766
67.34000,1.02194,0.11207,0.01549,0.00373,0.86871
67.48000,1.02193,0.13583,0.02583,0.00507,0.83328
67.62000,1.02193,0.12716,0.02010,0.00435,0.84839
67.76000,1.02193,0.15811,0.04807,0.00498,0.78884
67.90000,1.02193,0.18538,0.01403,0.00195,0.79864
68.04000,1.02193,0.19208,0.00223,0.00083,0.80486
68.18000,1.02193,0.12559,0.00215,0.00032,0.87193
68.32000,1.02193,0.09668,0.00128,0.00019,0.90184
68.46000,1.02194,0.08573,0.00028,0.00015,0.91385
68.60000,1.02194,0.11850,0.00011,0.00002,0.88137
68.74000,1.02194,0.06004,0.00205,0.00005,0.93786
68.88000,1.02194,0.10894,0.02308,0.00017,0.86781
69.02000,1.02194,0.07789,0.00659,0.00025,0.91527
69.16000,1.02193,0.04814,0.00100,0.00017,0.95070
69.30000,1.02193,0.07238,0.00554,0.00056,0.92151
69.44000,1.02193,0.12150,0.01039,0.00409,0.86401
69.58000,1.02193,0.08095,0.00486,0.00150,0.91269
69.72000,1.02193,0.05219,0.00053,0.00102,0.94626
69.86000,1.02193,0.03569,0.00021,0.00023,0.96388
70.00000,1.02193,0.05168,0.00050,0.00033,0.94749
70.14000,1.02193,0.05185,0.00034,0.00025,0.94755
70.28000,1.02194,0.05198,0.00027,0.00005,0.94770
70.42000,1.02194,0.05958,0.00009,0.00005,0.94028
70.56000,1.02194,0.09696,0.00043,0.00003,0.90258
70.70000,1.02194,0.21547,0.02327,0.00008,0.76118
70.84000,1.02194,0.13001,0.00128,0.00010,0.86860
70.98000,1.02193,0.21095,0.01085,0.00010,0.77810
71.12000,1.02193,0.10141,0.00255,0.00011,0.89593
71.26000,1.02193,0.19671,0.02360,0.00048,0.77921
71.40000,1.02193,0.11782,0.00644,0.00018,0.87555
71.54000,1.02193,0.05958,0.00128,0.00018,0.93896
71.68000,1.02193,0.16032,0.04574,0.00064,0.79330
71.82000,1.02193,0.08078,0.00147,0.00042,0.91733
71.96000,1.02194,0.08126,0.00136,0.00014,0.91724
72.10000,1.02194,0.08699,0.00319,0.00006,0.90976
72.24000,1.02194,0.12214,0.00489,0.00021,0.87276
72.38000,1.02194,0.19953,0.00640,0.00009,0.79399
72.52000,1.02194,0.06870,0.00036,0.00003,0.93090
72.66000,1.02193,0.12191,0.00583,0.00016,0.87209
72.80000,1.02193,0.09049,0.00590,0.00018,0.90344
72.94000,1.02193,0.06626,0.00150,0.00007,0.93218
73.08000,1.02193,0.07270,0.00666,0.00015,0.92049
73.22000,1.02193,0.06245,0.00287,0.00042,0.93426
73.36000,1.02193,0.08715,0.00420,0.00048,0.90818
73.50000,1.02193,0.09251,0.00164,0.00088,0.90497
73.64000,1.02193,0.08034,0.00230,0.00155,0.91581
73.78000,1.02194,0.06400,0.00109,0.00297,0.93194
73.92000,1.02194,0.06415,0.00128,0.00263,0.93193
74.06000,1.02194,0.09602,0.01046,0.00587,0.88765
74.20000,1.02194,0.07986,0.00401,0.00384,0.91230
74.34000,1.02194,0.07585,0.00296,0.00439,0.91680
74.48000,1.02193,0.06242,0.00206,0.00305,0.93247
74.62000,1.02193,0.06059,0.00065,0.00093,0.93783
74.76000,1.02193,0.07915,0.00092,0.00027,0.91965
74.90000,1.02193,0.05932,0.00075,0.00028,0.93965
75.04000,1.02193,0.05554,0.00018,0.00040,0.94388
75.18000,1.02193,0.06739,0.00025,0.00016,0.93220
75.32000,1.02193,0.10195,0.00181,0.00008,0.89616
75.46000,1.02194,0.08888,0.00264,0.00024,0.90824
75.60000,1.02194,0.05097,0.00071,0.00026,0.94806
75.74000,1.02194,0.04518,0.00050,0.00007,0.95425
75.88000,1.02194,0.10175,0.01559,0.00031,0.88235
76.02000,1.02194,0.09643,0.00289,0.00021,0.90047
76.16000,1.02193,0.05539,0.00050,0.00005,0.94406
76.30000,1.02193,0.04629,0.00059,0.00004,0.95307
76.44000,1.02193,0.08162,0.00206,0.00008,0.91624
76.58000,1.02193,0.10536,0.00181,0.00023,0.89260
76.72000,1.02193,0.06825,0.00085,0.00030,0.93060
76.86000,1.02193,0.10775,0.00093,0.00120,0.89012
77.00000,1.02193,0.07598,0.00045,0.00030,0.92326
77.14000,1.02193,0.03820,0.00012,0.00023,0.96146
77.28000,1.02194,0.02972,0.00006,0.00021,0.97002
77.42000,1.02194,0.05543,0.00033,0.00005,0.94420
77.56000,1.02194,0.05228,0.00018,0.00004,0.94749
77.70000,1.02194,0.08372,0.00351,0.00006,0.91271
77.84000,1.02194,0.06621,0.00124,0.00001,0.93253
77.98000,1.02193,0.07937,0.00403,0.00002,0.91657
78.12000,1.02193,0.13654,0.02465,0.00006,0.83874
78.26000,1.02193,0.06700,0.00424,0.00009,0.92867
78.40000,1.02193,0.10579,0.00377,0.00037,0.89007
78.54000,1.02193,0.06505,0.00077,0.00007,0.93411
78.68000,1.02193,0.04656,0.00011,0.00016,0.95317
78.82000,1.02193,0.04796,0.00019,0.00068,0.95117
78.96000,1.02194,0.07227,0.00058,0.00228,0.92486
79.10000,1.02194,0.04242,0.00008,0.00034,0.95715
79.24000,1.02194,0.08512,0.00238,0.00029,0.91221
79.38000,1.02194,0.04788,0.00019,0.00062,0.95132
79.52000,1.02194,0.05132,0.00035,0.00030,0.94803
79.66000,1.02193,0.04964,0.00024,0.00023,0.94988
79.80000,1.02193,0.06883,0.00417,0.00006,0.92693
79.94000,1.02193,0.07793,0.00417,0.00005,0.91784
80.08000,1.02193,0.06080,0.00137,0.00015,0.93768
80.22000,1.02193,0.06487,0.00122,0.00009,0.93383
80.36000,1.02193,0.06886,0.00351,0.00008,0.92756
80.50000,1.02193,0.07151,0.00208,0.00017,0.92624
80.64000,1.02193,0.03382,0.00015,0.00015,0.96588
80.78000,1.02194,0.03812,0.00021,0.00021,0.96147
80.92000,1.02194,0.03601,0.00018,0.00013,0.96369
81.06000,1.02194,0.07041,0.00034,0.00036,0.92889
81.20000,1.02194,0.04498,0.00025,0.00017,0.95461
81.34000,1.02194,0.03744,0.00017,0.00010,0.96230
81.48000,1.02193,0.02879,0.00013,0.00001,0.97107
81.62000,1.02193,0.03338,0.00029,0.00002,0.96631
81.76000,1.02193,0.05833,0.00044,0.00003,0.94120
81.90000,1.02193,0.04172,0.00102,0.00002,0.95724
82.04000,1.02193,0.05410,0.00102,0.00004,0.94484
82.18000,1.02193,0.04119,0.00087,0.00002,0.95792
82.32000,1.02193,0.04957,0.00121,0.00012,0.94910
82.46000,1.02194,0.12197,0.00627,0.00098,0.87078
82.60000,1.02194,0.09561,0.00333,0.00119,0.89987
82.74000,1.02194,0.06587,0.00036,0.00111,0.93265
82.88000,1.02194,0.07038,0.00312,0.00051,0.92599
83.02000,1.02194,0.07112,0.00099,0.00071,0.92718
83.16000,1.02193,0.06442,0.00095,0.00039,0.93424
83.30000,1.02193,0.05620,0.00020,0.00033,0.94327
83.44000,1.02193,0.04582,0.00058,0.00011,0.95350
83.58000,1.02193,0.06585,0.00298,0.00015,0.93103
83.72000,1.02193,0.03254,0.00046,0.00007,0.96693
83.86000,1.02193,0.06630,0.00290,0.00013,0.93067
84.00000,1.02193,0.05918,0.00204,0.00017,0.93861
84.14000,1.02193,0.05952,0.00186,0.00018,0.93843
84.28000,1.02194,0.05667,0.00182,0.00024,0.94126
84.42000,1.02194,0.04180,0.00134,0.00006,0.95679
84.56000,1.02194,0.05480,0.00142,0.00014,0.94364
84.70000,1.02194,0.03484,0.00027,0.00007,0.96483
84.84000,1.02194,0.02501,0.00003,0.00005,0.97491
84.98000,1.02193,0.03592,0.00011,0.00001,0.96396
85.12000,1.02193,0.03425,0.00019,0.00001,0.96555
85.26000,1.02193,0.04910,0.00024,0.00003,0.95063
85.40000,1.02193,0.07002,0.00098,0.00004,0.92896
85.54000,1.02193,0.04056,0.00049,0.00003,0.95892
85.68000,1.02193,0.11484,0.00212,0.00019,0.88285
85.82000,1.02193,0.07702,0.00154,0.00006,0.92138
85.96000,1.02194,0.07075,0.00132,0.00015,0.92778
86.10000,1.02194,0.05426,0.00078,0.00007,0.94490
86.24000,1.02194,0.09554,0.00153,0.00008,0.90285
86.38000,1.02194,0.06814,0.00097,0.00005,0.93083
86.52000,1.02194,0.10658,0.00792,0.00006,0.88544
86.66000,1.02193,0.07738,0.00313,0.00003,0.91946
86.80000,1.02193,0.05561,0.00117,0.00009,0.94314
86.94000,1.02193,0.10474,0.00651,0.00017,0.88858
87.08000,1.02193,0.07062,0.00120,0.00021,0.92798
87.22000,1.02193,0.06551,0.00020,0.00013,0.93416
87.36000,1.02193,0.05142,0.00075,0.00012,0.94771
87.50000,1.02193,0.03731,0.00032,0.00004,0.96233
87.64000,1.02193,0.04525,0.00030,0.00009,0.95436
87.78000,1.02194,0.05640,0.00020,0.00007,0.94332
87.92000,1.02194,0.05455,0.00075,0.00002,0.94468
88.06000,1.02194,0.05149,0.00166,0.00003,0.94681
88.20000,1.02194,0.03792,0.00025,0.00003,0.96179
88.34000,1.02194,0.06097,0.00131,0.00012,0.93760
88.48000,1.02193,0.04820,0.00010,0.00007,0.95164
88.62000,1.02193,0.04947,0.00060,0.00014,0.94980
88.76000,1.02193,0.04627,0.00013,0.00005,0.95355
88.90000,1.02193,0.05267,0.00040,0.00005,0.94688
89.04000,1.02193,0.07636,0.00187,0.00006,0.92171
89.18000,1.02193,0.07187,0.00460,0.00006,0.92347
89.32000,1.02193,0.14655,0.04063,0.00009,0.81273
89.46000,1.02194,0.44562,0.14161,0.00024,0.41253
89.60000,1.02194,0.10123,0.84108,0.00015,0.05753
89.74000,1.02194,0.18564,0.71602,0.00077,0.09757
89.88000,1.02194,0.05619,0.91650,0.00005,0.02726
90.02000,1.02194,0.07291,0.88764,0.00005,0.03940
90.16000,1.02193,0.24843,0.40366,0.00023,0.34769
90.30000,1.02193,0.15619,0.08894,0.00004,0.75484
90.44000,1.02193,0.10165,0.00322,0.00002,0.89510
90.58000,1.02193,0.13983,0.00855,0.00003,0.85159
90.72000,1.02193,0.07031,0.00089,0.00005,0.92875
90.86000,1.02193,0.05335,0.00016,0.00008,0.94641
91.00000,1.02193,0.09353,0.00074,0.00007,0.90566
91.14000,1.02193,0.14489,0.00008,0.00008,0.85496
91.28000,1.02194,0.08045,0.00083,0.00005,0.91866
91.42000,1.02194,0.07078,0.00015,0.00013,0.92894
91.56000,1.02194,0.11254,0.00051,0.00006,0.88690
91.70000,1.02194,0.12227,0.00019,0.00003,0.87751
91.84000,1.02194,0.08029,0.00004,0.00003,0.91964
91.98000,1.02193,0.05272,0.00010,0.00001,0.94717
92.12000,1.02193,0.07122,0.00034,0.00001,0.92843
92.26000,1.02193,0.16365,0.00465,0.00004,0.83166
92.40000,1.02193,0.08139,0.00138,0.00005,0.91718
92.54000,1.02193,0.15717,0.00095,0.00018,0.84169
92.68000,1.02193,0.33626,0.00118,0.00008,0.66248
92.82000,1.02193,0.18401,0.04237,0.00013,0.77349
92.96000,1.02194,0.06814,0.00343,0.00014,0.92830
93.10000,1.02194,0.10330,0.01385,0.00038,0.88247
93.24000,1.02194,0.08151,0.00315,0.00036,0.91498
93.38000,1.02194,0.20085,0.00391,0.00047,0.79477
93.52000,1.02194,0.20942,0.03706,0.00138,0.75215
93.66000,1.02193,0.17329,0.02841,0.00401,0.79430
93.80000,1.02193,0.15914,0.01438,0.00391,0.82257
93.94000,1.02193,0.22031,0.06792,0.00794,0.70383
94.08000,1.02193,0.23177,0.06881,0.00590,0.69351
94.22000,1.02193,0.20582,0.05960,0.00819,0.72638
94.36000,1.02193,0.13928,0.02177,0.00566,0.83329
94.50000,1.02193,0.14879,0.03330,0.00438,0.81353
94.64000,1.02193,0.14967,0.03007,0.00311,0.81715
94.78000,1.02194,0.13274,0.01046,0.00357,0.85323
94.92000,1.02194,0.07186,0.00174,0.00128,0.92512
95.06000,1.02194,0.04975,0.00045,0.00110,0.94871
95.20000,1.02194,0.05015,0.00079,0.00082,0.94824
95.34000,1.02194,0.03300,0.00014,0.00029,0.96657
95.48000,1.02193,0.04219,0.00027,0.00038,0.95716
95.62000,1.02193,0.06116,0.00302,0.00026,0.93557
95.76000,1.02193,0.04258,0.00127,0.00010,0.95606
95.90000,1.02193,0.06828,0.00707,0.00021,0.92444
96.04000,1.02193,0.05914,0.00652,0.00023,0.93411
96.18000,1.02193,0.09498,0.01884,0.00091,0.88527
96.32000,1.02193,0.08240,0.00688,0.00057,0.91015
96.46000,1.02194,0.07053,0.00373,0.00168,0.92406
96.60000,1.02194,0.08738,0.00326,0.00606,0.90329
96.74000,1.02194,0.08248,0.00210,0.00477,0.91065
96.88000,1.02194,0.08502,0.00260,0.00398,0.90839
97.02000,1.02194,0.07383,0.00166,0.00173,0.92277
97.16000,1.02193,0.08260,0.00242,0.00059,0.91439
97.30000,1.02193,0.06674,0.00161,0.00026,0.93138
97.44000,1.02193,0.08113,0.00042,0.00010,0.91835
97.58000,1.02193,0.09716,0.00648,0.00034,0.89602
97.72000,1.02193,0.04442,0.00121,0.00012,0.95424
97.86000,1.02193,0.06402,0.00295,0.00021,0.93282
98.00000,1.02193,0.04540,0.00061,0.00027,0.95372
98.14000,1.02193,0.04781,0.00084,0.00022,0.95113
98.28000,1.02194,0.05064,0.00037,0.00036,0.94862
98.42000,1.02194,0.07982,0.00051,0.00010,0.91957
98.56000,1.02194,0.14651,0.00821,0.00019,0.84509
98.70000,1.02194,0.12193,0.00387,0.00023,0.87397
98.84000,1.02194,0.19466,0.00493,0.00027,0.80015
98.98000,1.02193,0.13866,0.00439,0.00026,0.85669
99.12000,1.02193,0.26677,0.06392,0.00109,0.66822
99.26000,1.02193,0.16666,0.01062,0.00199,0.82073
99.40000,1.02193,0.07097,0.00115,0.00099,0.92689
99.54000,1.02193,0.07470,0.00050,0.00137,0.92343
99.68000,1.02193,0.06970,0.00271,0.00320,0.92439
99.82000,1.02193,0.06325,0.00106,0.00434,0.93135
99.96000,1.02194,0.07711,0.00153,0.00713,0.91423
100.10000,1.02194,0.07552,0.00234,0.01246,0.90967
100.24000,1.02194,0.06941,0.00118,0.00372,0.92568
100.38000,1.02194,0.06789,0.00131,0.00381,0.92699
100.52000,1.02194,0.06398,0.00067,0.00329,0.93206
100.66000,1.02193,0.05242,0.00040,0.00113,0.94605
100.80000,1.02193,0.06161,0.00048,0.00041,0.93751
100.94000,1.02193,0.05516,0.00097,0.00015,0.94371
101.08000,1.02193,0.07952,0.00402,0.00050,0.91596
101.22000,1.02193,0.07418,0.00189,0.00017,0.92376
101.36000,1.02193,0.06506,0.00528,0.00023,0.92943
101.50000,1.02193,0.13659,0.02022,0.00114,0.84205
101.64000,1.02193,0.11210,0.00730,0.00110,0.87950
101.78000,1.02194,0.13319,0.00823,0.00070,0.85788
101.92000,1.02194,0.09497,0.00333,0.00073,0.90096
102.06000,1.02194,0.06886,0.00095,0.00025,0.92994
102.20000,1.02194,0.05776,0.00065,0.00015,0.94144
102.34000,1.02194,0.07039,0.00109,0.00008,0.92845
102.48000,1.02193,0.07935,0.00579,0.00033,0.91454
102.62000,1.02193,0.04563,0.00100,0.00031,0.95306
102.76000,1.02193,0.08500,0.00787,0.00095,0.90618
102.90000,1.02193,0.06162,0.00268,0.00112,0.93459
103.04000,1.02193,0.08764,0.00429,0.00223,0.90584
103.18000,1.02193,0.05609,0.00084,0.00187,0.94121
103.32000,1.02193,0.05712,0.00086,0.00186,0.94015
103.46000,1.02194,0.03647,0.00025,0.00034,0.96294
103.60000,1.02194,0.03599,0.00029,0.00016,0.96355
103.74000,1.02194,0.04173,0.00053,0.00010,0.95764
103.88000,1.02194,0.04969,0.00132,0.00022,0.94877
104.02000,1.02194,0.06254,0.00046,0.00019,0.93682
104.16000,1.02193,0.07421,0.00602,0.00029,0.91949
104.30000,1.02193,0.04718,0.00106,0.00020,0.95155
104.44000,1.02193,0.06003,0.00279,0.00017,0.93701
104.58000,1.02193,0.05002,0.00071,0.00027,0.94899
104.72000,1.02193,0.05170,0.00128,0.00042,0.94660
104.86000,1.02193,0.07641,0.00312,0.00069,0.91978
105.00000,1.02193,0.06421,0.00203,0.00126,0.93250
105.14000,1.02193,0.10216,0.01542,0.00271,0.87971
105.28000,1.02194,0.07281,0.00324,0.00252,0.92143
105.42000,1.02194,0.08735,0.00364,0.00620,0.90281
105.56000,1.02194,0.08991,0.00614,0.00538,0.89857
105.70000,1.02194,0.09092,0.00595,0.00622,0.89691
105.84000,1.02194,0.09306,0.00582,0.00730,0.89382
105.98000,1.02193,0.09207,0.00390,0.00911,0.89493
106.12000,1.02193,0.08866,0.00269,0.01019,0.89847
106.26000,1.02193,0.07230,0.00150,0.00435,0.92185
106.40000,1.02193,0.07902,0.00124,0.00486,0.91489
106.54000,1.02193,0.09902,0.00239,0.00860,0.88999
106.68000,1.02193,0.09037,0.00130,0.00837,0.89996
106.82000,1.02193,0.10536,0.00067,0.00301,0.89095
106.96000,1.02194,0.06899,0.00368,0.00110,0.92623
107.10000,1.02194,0.10016,0.00597,0.00149,0.89238
107.24000,1.02194,0.10688,0.00669,0.00161,0.88482
107.38000,1.02194,0.10652,0.00758,0.00126,0.88465
107.52000,1.02194,0.12719,0.00200,0.00101,0.86979
107.66000,1.02193,0.16158,0.03069,0.00131,0.80642
107.80000,1.02193,0.11299,0.00611,0.00114,0.87976
107.94000,1.02193,0.09178,0.00287,0.00105,0.90431
108.08000,1.02193,0.09060,0.00685,0.00028,0.90227
108.22000,1.02193,0.06193,0.00162,0.00033,0.93612
108.36000,1.02193,0.08587,0.00129,0.00030,0.91255
108.50000,1.02193,0.06387,0.00488,0.00013,0.93112
108.64000,1.02193,0.06771,0.00544,0.00015,0.92670
108.78000,1.02194,0.08080,0.00757,0.00020,0.91143
108.92000,1.02194,0.05694,0.00099,0.00062,0.94145
109.06000,1.02194,0.09356,0.00245,0.00178,0.90221
109.20000,1.02194,0.07518,0.00321,0.00085,0.92075
109.34000,1.02194,0.08489,0.00295,0.00250,0.90966
109.48000,1.02193,0.06024,0.00153,0.00249,0.93575
109.62000,1.02193,0.06113,0.00124,0.00130,0.93633
109.76000,1.02193,0.08148,0.00281,0.00209,0.91361
109.90000,1.02193,0.08839,0.00377,0.00172,0.90612
110.04000,1.02193,0.07528,0.00138,0.00238,0.92096
110.18000,1.02193,0.07824,0.00265,0.00258,0.91652
110.32000,1.02193,0.09078,0.00401,0.00455,0.90066
110.46000,1.02194,0.06014,0.00050,0.00328,0.93608
110.60000,1.02194,0.11362,0.00410,0.00337,0.87891
110.74000,1.02194,0.06028,0.00093,0.00051,0.93828
110.88000,1.02194,0.09109,0.00301,0.00051,0.90539
111.02000,1.02194,0.16535,0.02910,0.00039,0.80517
111.16000,1.02193,0.07135,0.00598,0.00008,0.92259
111.30000,1.02193,0.17592,0.24408,0.00022,0.57978
111.44000,1.02193,0.18136,0.09967,0.00042,0.71856
111.58000,1.02193,0.23590,0.24751,0.00060,0.51599
111.72000,1.02193,0.19439,0.25831,0.00020,0.54710
111.86000,1.02193,0.16034,0.10676,0.00039,0.73252
112.00000,1.02193,0.23334,0.27614,0.00081,0.48970
112.14000,1.02193,0.12671,0.03647,0.00036,0.83645
112.28000,1.02194,0.16601,0.10845,0.00040,0.72515
112.42000,1.02194,0.14229,0.05025,0.00045,0.80701
112.56000,1.02194,0.12703,0.01364,0.00045,0.85888
112.70000,1.02194,0.10145,0.00400,0.00046,0.89409
112.84000,1.02194,0.15938,0.00932,0.00093,0.83037
112.98000,1.02193,0.19431,0.01469,0.00108,0.78992
113.12000,1.02193,0.07305,0.00229,0.00014,0.92451
113.26000,1.02193,0.05093,0.00085,0.00036,0.94787
113.40000,1.02193,0.04232,0.00045,0.00020,0.95703
113.54000,1.02193,0.04114,0.00166,0.00020,0.95701
113.68000,1.02193,0.06972,0.00406,0.00020,0.92603
113.82000,1.02193,0.06548,0.00380,0.00017,0.93055
113.96000,1.02194,0.06815,0.00239,0.00020,0.92927
114.10000,1.02194,0.06390,0.00207,0.00015,0.93388
114.24000,1.02194,0.05905,0.00194,0.00013,0.93889
114.38000,1.02194,0.08838,0.00410,0.00022,0.90730
114.52000,1.02194,0.06733,0.00147,0.00040,0.93081
114.66000,1.02193,0.11584,0.00427,0.00081,0.87908
114.80000,1.02193,0.07356,0.00253,0.00053,0.92337
114.94000,1.02193,0.07437,0.00310,0.00040,0.92213
115.08000,1.02193,0.09573,0.00613,0.00064,0.89750
115.22000,1.02193,0.11916,0.00824,0.00106,0.87154
115.36000,1.02193,0.13557,0.02487,0.00063,0.83894
115.50000,1.02193,0.07330,0.00271,0.00078,0.92321
115.64000,1.02193,0.10893,0.00885,0.00088,0.88135
115.78000,1.02194,0.29229,0.02943,0.00053,0.67775
115.92000,1.02194,0.23884,0.01543,0.00049,0.74524
116.06000,1.02194,0.26241,0.03393,0.00049,0.70317
116.20000,1.02194,0.18471,0.01166,0.00036,0.80327
116.34000,1.02194,0.49176,0.00786,0.00017,0.50021
116.48000,1.02193,0.16696,0.03702,0.00026,0.79575
116.62000,1.02193,0.05888,0.00103,0.00013,0.93996
116.76000,1.02193,0.06319,0.00138,0.00013,0.93529
116.90000,1.02193,0.04038,0.00019,0.00007,0.95936
117.04000,1.02193,0.07277,0.00365,0.00013,0.92345
117.18000,1.02193,0.15809,0.01651,0.00046,0.82493
117.32000,1.02193,0.15560,0.03812,0.00052,0.80576
117.46000,1.02194,0.25195,0.02766,0.00062,0.71976
117.60000,1.02194,0.25609,0.08146,0.00113,0.66133
117.74000,1.02194,0.53373,0.14510,0.00347,0.31770
117.88000,1.02194,0.65807,0.11326,0.00075,0.22791
118.02000,1.02194,0.53201,0.08506,0.00050,0.38243
118.16000,1.02193,0.49815,0.00579,0.00028,0.49578
118.30000,1.02193,0.29085,0.01488,0.00023,0.69404
118.44000,1.02193,0.23885,0.00278,0.00027,0.75810
118.58000,1.02193,0.14009,0.02414,0.00057,0.83519
118.72000,1.02193,0.10261,0.00926,0.00029,0.88784
118.86000,1.02193,0.08600,0.00351,0.00060,0.90990
119.00000,1.02193,0.10004,0.01153,0.00128,0.88715
119.14000,1.02193,0.07020,0.00153,0.00058,0.92768
119.28000,1.02194,0.07320,0.00074,0.00051,0.92555
119.42000,1.02194,0.05954,0.00192,0.00056,0.93798
119.56000,1.02194,0.05790,0.00132,0.00175,0.93904
119.70000,1.02194,0.07205,0.00600,0.00028,0.92167
119.84000,1.02194,0.06866,0.00739,0.00024,0.92371
119.98000,1.02193,0.08773,0.00974,0.00045,0.90208
120.12000,1.02193,0.06443,0.00379,0.00028,0.93151
120.26000,1.02193,0.06067,0.00176,0.00005,0.93752
120.40000,1.02193,0.15207,0.03247,0.00011,0.81535
120.54000,1.02193,0.08687,0.00613,0.00009,0.90691
120.68000,1.02193,0.07054,0.00271,0.00008,0.92667
120.82000,1.02193,0.07729,0.00169,0.00008,0.92094
120.96000,1.02194,0.11822,0.00155,0.00005,0.88018
121.10000,1.02194,0.12772,0.01486,0.00004,0.85738
121.24000,1.02194,0.08065,0.00535,0.00007,0.91392
121.38000,1.02194,0.08919,0.00892,0.00008,0.90181
121.52000,1.02194,0.06270,0.00211,0.00005,0.93514
121.66000,1.02193,0.10913,0.00225,0.00011,0.88851
121.80000,1.02193,0.07641,0.00286,0.00007,0.92065
121.94000,1.02193,0.06625,0.00075,0.00015,0.93285
122.08000,1.02193,0.08004,0.00079,0.00029,0.91888
122.22000,1.02193,0.05253,0.00015,0.00009,0.94724
122.36000,1.02193,0.07531,0.00011,0.00039,0.92419
122.50000,1.02193,0.06817,0.00058,0.00075,0.93049
122.64000,1.02193,0.07643,0.00037,0.00117,0.92204
122.78000,1.02194,0.06507,0.00025,0.00046,0.93422
122.92000,1.02194,0.08475,0.00096,0.00086,0.91344
123.06000,1.02194,0.08640,0.00617,0.00349,0.90394
123.20000,1.02194,0.08859,0.00360,0.01043,0.89738
123.34000,1.02194,0.23730,0.00112,0.00798,0.75361
123.48000,1.02193,0.22785,0.00753,0.01427,0.75035
123.62000,1.02193,0.39707,0.05750,0.00341,0.54202
123.76000,1.02193,0.36147,0.00804,0.00250,0.62799
123.90000,1.02193,0.38248,0.01303,0.00657,0.59793
124.04000,1.02193,0.40380,0.01626,0.00052,0.57942
124.18000,1.02193,0.40582,0.05755,0.00087,0.53576
124.32000,1.02193,0.13467,0.00253,0.00004,0.86276
124.46000,1.02194,0.04004,0.00034,0.00003,0.95959
124.60000,1.02194,0.12033,0.00052,0.00016,0.87900
124.74000,1.02194,0.04756,0.00044,0.00008,0.95192
124.88000,1.02194,0.04148,0.00019,0.00015,0.95817
125.02000,1.02194,0.03426,0.00025,0.00003,0.96546
125.16000,1.02193,0.04864,0.00222,0.00016,0.94898
125.30000,1.02193,0.07644,0.00297,0.00068,0.91991
125.44000,1.02193,0.06100,0.00157,0.00116,0.93627
125.58000,1.02193,0.04852,0.00031,0.00063,0.95054
125.72000,1.02193,0.05924,0.00045,0.00058,0.93973
125.86000,1.02193,0.04415,0.00010,0.00036,0.95540
126.00000,1.02193,0.04438,0.00028,0.00014,0.95521
126.14000,1.02193,0.03964,0.00025,0.00004,0.96006
126.28000,1.02194,0.05428,0.00043,0.00005,0.94524
126.42000,1.02194,0.16405,0.00191,0.00004,0.83400
126.56000,1.02194,0.08865,0.00447,0.00008,0.90681
126.70000,1.02194,0.10624,0.00657,0.00007,0.88712
126.84000,1.02194,0.12299,0.00831,0.00007,0.86864
126.98000,1.02193,0.23741,0.02405,0.00033,0.73820
127.12000,1.02193,0.13967,0.01659,0.00031,0.84344
127.26000,1.02193,0.07994,0.00169,0.00064,0.91773
127.40000,1.02193,0.09831,0.00067,0.00187,0.89915
127.54000,1.02193,0.07981,0.00228,0.00200,0.91592
127.68000,1.02193,0.06707,0.00148,0.00211,0.92935
127.82000,1.02193,0.06252,0.00103,0.00157,0.93487
127.96000,1.02193,0.05376,0.00069,0.00166,0.94388
128.10001,1.02193,0.06079,0.00158,0.00158,0.93604
128.24001,1.02193,0.04383,0.00051,0.00091,0.95475
128.38000,1.02193,0.05911,0.00096,0.00074,0.93920
128.52000,1.02193,0.05631,0.00089,0.00134,0.94146
128.66000,1.02193,0.06146,0.00110,0.00100,0.93644
128.80000,1.02193,0.05102,0.00095,0.00042,0.94761
128.94000,1.02194,0.05363,0.00166,0.00061,0.94410
129.08000,1.02194,0.06096,0.00213,0.00038,0.93654
129.22000,1.02194,0.05808,0.00154,0.00061,0.93977
129.36000,1.02194,0.05361,0.00089,0.00022,0.94528
129.50000,1.02194,0.05792,0.00113,0.00030,0.94064
129.64000,1.02194,0.04929,0.00049,0.00008,0.95013
129.78000,1.02194,0.05299,0.00042,0.00016,0.94643
129.92000,1.02194,0.04898,0.00071,0.00006,0.95025
130.06000,1.02194,0.05144,0.00073,0.00012,0.94771
130.20000,1.02194,0.05121,0.00036,0.00021,0.94822
130.34000,1.02194,0.07307,0.00372,0.00054,0.92267
130.48000,1.02194,0.05734,0.00030,0.00048,0.94188
130.62000,1.02194,0.05485,0.00172,0.00052,0.94291
130.75999,1.02194,0.06145,0.00273,0.00110,0.93472
130.89999,1.02194,0.06325,0.00169,0.00118,0.93388
131.03999,1.02194,0.06590,0.00184,0.00113,0.93113
131.17999,1.02194,0.06613,0.00177,0.00187,0.93023
131.32001,1.02193,0.07093,0.00198,0.00111,0.92598
131.46001,1.02193,0.06995,0.00250,0.00032,0.92723
131.60001,1.02193,0.06056,0.00101,0.00068,0.93776
131.74001,1.02193,0.07383,0.00310,0.00126,0.92180
131.88000,1.02193,0.06692,0.00168,0.00105,0.93035
132.02000,1.02193,0.08379,0.00628,0.00148,0.90845
132.16000,1.02193,0.10953,0.02077,0.00226,0.86744
132.30000,1.02193,0.09908,0.01338,0.00327,0.88427
132.44000,1.02194,0.08157,0.00607,0.00241,0.90996
132.58000,1.02194,0.08047,0.00350,0.00197,0.91405
132.72000,1.02194,0.06494,0.00137,0.00101,0.93268
132.86000,1.02194,0.06304,0.00091,0.00074,0.93531
133.00000,1.02194,0.07647,0.00193,0.00105,0.92055
133.14000,1.02194,0.04048,0.00019,0.00030,0.95903
133.28000,1.02194,0.05180,0.00033,0.00103,0.94683
133.42000,1.02194,0.04000,0.00026,0.00021,0.95953
133.56000,1.02194,0.05812,0.00178,0.00038,0.93972
133.70000,1.02194,0.04922,0.00093,0.00093,0.94892
133.84000,1.02194,0.04431,0.00025,0.00050,0.95494
133.98000,1.02194,0.04525,0.00024,0.00028,0.95422
134.12000,1.02194,0.08440,0.00348,0.00042,0.91170
134.25999,1.02194,0.08494,0.00221,0.00047,0.91239
134.39999,1.02194,0.08313,0.00232,0.00054,0.91401
134.53999,1.02194,0.07936,0.00276,0.00082,0.91705
134.67999,1.02194,0.12406,0.00283,0.00129,0.87182
134.82001,1.02193,0.09229,0.00641,0.00309,0.89820
134.96001,1.02193,0.10743,0.00865,0.00262,0.88131
135.10001,1.02193,0.08712,0.00539,0.00257,0.90492
135.24001,1.02193,0.05904,0.00115,0.00155,0.93825
135.38000,1.02193,0.05631,0.00085,0.00087,0.94196
135.52000,1.02193,0.05482,0.00113,0.00040,0.94366
135.66000,1.02193,0.06893,0.00300,0.00027,0.92780
135.80000,1.02193,0.06602,0.00340,0.00063,0.92995
135.94000,1.02194,0.05781,0.00201,0.00061,0.93956
136.08000,1.02194,0.06245,0.00272,0.00091,0.93393
136.22000,1.02194,0.07960,0.00324,0.00180,0.91536
136.36000,1.02194,0.06549,0.00208,0.00033,0.93210
136.50000,1.02194,0.05014,0.00080,0.00048,0.94858
136.64000,1.02194,0.05889,0.00138,0.00061,0.93912
136.78000,1.02194,0.03350,0.00025,0.00027,0.96598
136.92000,1.02194,0.02932,0.00029,0.00005,0.97034
137.06000,1.02194,0.03947,0.00080,0.00009,0.95964
137.20000,1.02194,0.08396,0.00490,0.00077,0.91038
137.34000,1.02194,0.09358,0.00869,0.00031,0.89742
137.48000,1.02194,0.06317,0.00302,0.00018,0.93362
137.62000,1.02194,0.21593,0.00687,0.00099,0.77620
137.75999,1.02194,0.28660,0.06597,0.00038,0.64704
137.89999,1.02194,0.38237,0.03845,0.00045,0.57873
138.03999,1.02194,0.66094,0.01451,0.00014,0.32441
138.17999,1.02194,0.49398,0.01396,0.00001,0.49205
138.32001,1.02193,0.57126,0.00214,0.00002,0.42658
138.46001,1.02193,0.47433,0.02290,0.00017,0.50261
138.60001,1.02193,0.27239,0.00669,0.00004,0.72088
138.74001,1.02193,0.19401,0.00029,0.00003,0.80567
138.88000,1.02193,0.06518,0.00208,0.00003,0.93271
139.02000,1.02193,0.03819,0.00016,0.00003,0.96162
139.16000,1.02193,0.04165,0.00036,0.00004,0.95795
139.30000,1.02193,0.05243,0.00053,0.00006,0.94699
139.44000,1.02194,0.03107,0.00012,0.00003,0.96878
139.58000,1.02194,0.04913,0.00059,0.00008,0.95020
139.72000,1.02194,0.14858,0.00546,0.00017,0.84579
139.86000,1.02194,0.21815,0.07569,0.00023,0.70593
140.00000,1.02194,0.09929,0.00715,0.00020,0.89337
140.14000,1.02194,0.17657,0.04015,0.00020,0.78308
140.28000,1.02194,0.24764,0.01345,0.00015,0.73876
140.42000,1.02194,0.30040,0.11149,0.00045,0.58767
140.56000,1.02194,0.10892,0.00212,0.00008,0.88888
140.70000,1.02194,0.06646,0.00091,0.00015,0.93248
140.84000,1.02194,0.11167,0.00129,0.00088,0.88616
140.98000,1.02194,0.08673,0.00041,0.00015,0.91271
141.12000,1.02194,0.04626,0.00002,0.00010,0.95362
141.25999,1.02194,0.05602,0.00000,0.00002,0.94396
141.39999,1.02194,0.05536,0.00030,0.00001,0.94433
141.53999,1.02194,0.09140,0.00088,0.00001,0.90771
141.67999,1.02194,0.08115,0.00056,0.00001,0.91827
141.82001,1.02193,0.03929,0.00014,0.00000,0.96057
141.96001,1.02193,0.04664,0.00028,0.00001,0.95307
142.10001,1.02193,0.14367,0.01628,0.00006,0.83999
142.24001,1.02193,0.11583,0.00307,0.00020,0.88090
142.38000,1.02193,0.09463,0.00043,0.00061,0.90433
142.52000,1.02193,0.09119,0.00548,0.00157,0.90176
142.66000,1.02193,0.07414,0.00183,0.00108,0.92295
142.80000,1.02193,0.16106,0.01751,0.00122,0.82021
142.94000,1.02194,0.10992,0.00319,0.00070,0.88619
143.08000,1.02194,0.08966,0.00408,0.00026,0.90600
143.22000,1.02194,0.11843,0.00989,0.00055,0.87113
143.36000,1.02194,0.16270,0.00284,0.00080,0.83366
143.50000,1.02194,0.14413,0.01661,0.00277,0.83650
143.64000,1.02194,0.07680,0.00191,0.00420,0.91709
143.78000,1.02194,0.10619,0.00533,0.01312,0.87536
143.92000,1.02194,0.08261,0.00156,0.02358,0.89225
144.06000,1.02194,0.07231,0.00071,0.02178,0.90520
144.20000,1.02194,0.06529,0.00077,0.01365,0.92029
144.34000,1.02194,0.09705,0.00230,0.00425,0.89641
144.48000,1.02194,0.05348,0.00057,0.00064,0.94530
144.62000,1.02194,0.04605,0.00041,0.00041,0.95313
144.75999,1.02194,0.04979,0.00100,0.00015,0.94906
144.89999,1.02194,0.06123,0.00110,0.00023,0.93744
145.03999,1.02194,0.07823,0.00314,0.00025,0.91837
145.17999,1.02194,0.07436,0.00091,0.00016,0.92458
145.32001,1.02193,0.06277,0.00103,0.00013,0.93606
145.46001,1.02193,0.08132,0.00367,0.00022,0.91479
145.60001,1.02193,0.07131,0.00158,0.00050,0.92662
145.74001,1.02193,0.06496,0.00105,0.00040,0.93359
145.88000,1.02193,0.16981,0.01349,0.00067,0.81602
146.02000,1.02193,0.16918,0.00622,0.00139,0.82321
146.16000,1.02193,0.15291,0.05127,0.00144,0.79438
146.30000,1.02193,0.22430,0.06439,0.00581,0.70550
146.44000,1.02194,0.21713,0.01634,0.00281,0.76372
146.58000,1.02194,0.20908,0.02716,0.00182,0.76194
146.72000,1.02194,0.09442,0.00524,0.00122,0.89912
146.86000,1.02194,0.09107,0.00512,0.00074,0.90307
147.00000,1.02194,0.13993,0.00896,0.00151,0.84960
147.14000,1.02194,0.08030,0.00420,0.00229,0.91321
147.28000,1.02194,0.08958,0.00265,0.00278,0.90499
147.42000,1.02194,0.09475,0.01058,0.00455,0.89012
147.56000,1.02194,0.09392,0.00903,0.00598,0.89107
147.70000,1.02194,0.09107,0.00544,0.00656,0.89693
147.84000,1.02194,0.07347,0.00158,0.00131,0.92364
147.98000,1.02194,0.08026,0.00067,0.00115,0.91792
148.12000,1.02194,0.07075,0.00041,0.00104,0.92779
148.25999,1.02194,0.06604,0.00041,0.00124,0.93231
148.39999,1.02194,0.05114,0.00014,0.00037,0.94835
148.53999,1.02194,0.08226,0.00004,0.00049,0.91721
148.67999,1.02194,0.05264,0.00048,0.00061,0.94627
148.82001,1.02193,0.05338,0.00145,0.00032,0.94485
148.96001,1.02193,0.08171,0.01204,0.00032,0.90593
149.10001,1.02193,0.05972,0.00331,0.00017,0.93680
149.24001,1.02193,0.06967,0.00227,0.00008,0.92799
149.38000,1.02193,0.10248,0.01221,0.00017,0.88514
149.52000,1.02193,0.07225,0.00368,0.00008,0.92399
149.66000,1.02193,0.09221,0.00596,0.00012,0.90171
149.80000,1.02193,0.04641,0.00051,0.00004,0.95304
149.94000,1.02194,0.10860,0.00157,0.00004,0.88979
150.08000,1.02194,0.09800,0.00016,0.00002,0.90182
150.22000,1.02194,0.12641,0.00017,0.00004,0.87338
150.36000,1.02194,0.07693,0.00047,0.00004,0.92256
150.50000,1.02194,0.08949,0.00039,0.00010,0.91002
150.64000,1.02194,0.13250,0.00011,0.00008,0.86732
150.78000,1.02194,0.05100,0.00059,0.00010,0.94832
150.92000,1.02194,0.04938,0.00254,0.00018,0.94790
151.06000,1.02194,0.13211,0.04811,0.00038,0.81940
151.20000,1.02194,0.08337,0.00887,0.00023,0.90753
151.34000,1.02194,0.06473,0.00242,0.00019,0.93267
151.48000,1.02194,0.05984,0.00328,0.00031,0.93657
151.62000,1.02194,0.06045,0.00286,0.00031,0.93639
151.75999,1.02194,0.04085,0.00089,0.00003,0.95823
151.89999,1.02194,0.03555,0.00050,0.00005,0.96391
152.03999,1.02194,0.04931,0.00192,0.00007,0.94870
152.17999,1.02194,0.07781,0.00528,0.00004,0.91688
152.32001,1.02193,0.07504,0.00310,0.00002,0.92184
152.46001,1.02193,0.11860,0.02441,0.00006,0.85693
152.60001,1.02193,0.09838,0.00379,0.00008,0.89775
152.74001,1.02193,0.10826,0.00361,0.00004,0.88809
152.88000,1.02193,0.15073,0.00253,0.00006,0.84668
153.02000,1.02193,0.12728,0.01101,0.00010,0.86161
153.16000,1.02193,0.08594,0.00731,0.00019,0.90655
153.30000,1.02193,0.04657,0.00081,0.00017,0.95244
153.44000,1.02194,0.08574,0.01335,0.00039,0.90052
153.58000,1.02194,0.07898,0.00776,0.00134,0.91192
153.72000,1.02194,0.06232,0.00234,0.00113,0.93420
153.86000,1.02194,0.04816,0.00023,0.00165,0.94996
154.00000,1.02194,0.05884,0.00018,0.00065,0.94033
154.14000,1.02194,0.08413,0.00085,0.00056,0.91446
154.28000,1.02194,0.06751,0.00035,0.00054,0.93159
154.42000,1.02194,0.08359,0.00078,0.00099,0.91464
154.56000,1.02194,0.11053,0.00111,0.00072,0.88765
154.70000,1.02194,0.20069,0.00121,0.00073,0.79737
154.84000,1.02194,0.12655,0.01996,0.00341,0.85007
154.98000,1.02194,0.07982,0.00441,0.00323,0.91254
155.12000,1.02194,0.08474,0.00214,0.00402,0.90909
155.25999,1.02194,0.08553,0.00260,0.00126,0.91061
155.39999,1.02194,0.07399,0.00160,0.00128,0.92313
155.53999,1.02194,0.05549,0.00038,0.00047,0.94366
155.67999,1.02194,0.07442,0.00094,0.00055,0.92409
155.82001,1.02193,0.05697,0.00049,0.00143,0.94112
155.96001,1.02193,0.06038,0.00021,0.00118,0.93824
156.10001,1.02193,0.05965,0.00059,0.00304,0.93672
156.24001,1.02193,0.06512,0.00044,0.00443,0.93001
156.38000,1.02193,0.06195,0.00066,0.00745,0.92994
156.52000,1.02193,0.05975,0.00046,0.00651,0.93329
156.66000,1.02193,0.07441,0.00155,0.00905,0.91500
156.80000,1.02193,0.07923,0.00179,0.01316,0.90583
156.94000,1.02194,0.08454,0.00459,0.00433,0.90654
157.08000,1.02194,0.05763,0.00116,0.00253,0.93868
157.22000,1.02194,0.05065,0.00082,0.00085,0.94769
157.36000,1.02194,0.05166,0.00117,0.00096,0.94621
157.50000,1.02194,0.05831,0.00158,0.00127,0.93883
157.64000,1.02194,0.05781,0.00087,0.00041,0.94091
157.78000,1.02194,0.03987,0.00055,0.00029,0.95928
157.92000,1.02194,0.05102,0.00089,0.00099,0.94711
158.06000,1.02194,0.04700,0.00115,0.00091,0.95094
158.20000,1.02194,0.05749,0.00201,0.00073,0.93977
158.34000,1.02194,0.06235,0.00190,0.00159,0.93417
158.48000,1.02194,0.08541,0.00686,0.00395,0.90378
158.62000,1.02194,0.08735,0.00713,0.00622,0.89930
158.75999,1.02194,0.08138,0.00465,0.00449,0.90948
158.89999,1.02194,0.09700,0.01291,0.00549,0.88460
159.03999,1.02194,0.09041,0.00578,0.00693,0.89688
159.17999,1.02194,0.08138,0.00205,0.00614,0.91043
159.32001,1.02193,0.09637,0.00366,0.01228,0.88770
159.46001,1.02193,0.08078,0.00373,0.00209,0.91340
159.60001,1.02193,0.07941,0.00069,0.00199,0.91792
159.74001,1.02193,0.08539,0.00109,0.00094,0.91258
159.88000,1.02193,0.07681,0.00061,0.00052,0.92206
160.02000,1.02193,0.10329,0.00206,0.00048,0.89417
160.16000,1.02193,0.12639,0.00938,0.00027,0.86396
160.30000,1.02193,0.06928,0.00278,0.00058,0.92736
160.44000,1.02194,0.08622,0.00230,0.00189,0.90958
160.58000,1.02194,0.07018,0.00321,0.00146,0.92514
160.72000,1.02194,0.07235,0.00270,0.00133,0.92362
160.86000,1.02194,0.07575,0.00359,0.00137,0.91929
161.00000,1.02194,0.06320,0.00167,0.00170,0.93343
161.14000,1.02194,0.05789,0.00108,0.00109,0.93994
161.28000,1.02194,0.06993,0.00308,0.00123,0.92577
161.42000,1.02194,0.09144,0.00485,0.00057,0.90314
161.56000,1.02194,0.06430,0.00321,0.00084,0.93165
161.70000,1.02194,0.08853,0.00464,0.00310,0.90373
161.84000,1.02194,0.06309,0.00131,0.00053,0.93508
161.98000,1.02194,0.05337,0.00063,0.00013,0.94587
162.12000,1.02194,0.04445,0.00118,0.00004,0.95433
162.25999,1.02194,0.03443,0.00037,0.00003,0.96517
162.39999,1.02194,0.03216,0.00019,0.00002,0.96762
162.53999,1.02194,0.03991,0.00042,0.00001,0.95967
162.67999,1.02194,0.03903,0.00094,0.00002,0.96000
162.82001,1.02193,0.05804,0.00337,0.00004,0.93855
162.96001,1.02193,0.07791,0.00492,0.00010,0.91707
163.10001,1.02193,0.04683,0.00344,0.00009,0.94964
163.24001,1.02193,0.07204,0.01518,0.00029,0.91248
163.38000,1.02193,0.06749,0.00158,0.00027,0.93066
163.52000,1.02193,0.10348,0.00393,0.00017,0.89242
163.66000,1.02193,0.07181,0.00094,0.00026,0.92698
163.80000,1.02193,0.06083,0.00085,0.00025,0.93807
163.94000,1.02194,0.05541,0.00021,0.00007,0.94431
164.08000,1.02194,0.04835,0.00063,0.00009,0.95093
164.22000,1.02194,0.09196,0.00959,0.00027,0.89817
164.36000,1.02194,0.07038,0.00259,0.00073,0.92629
164.50000,1.02194,0.08340,0.00554,0.00142,0.90964
164.64000,1.02194,0.05557,0.00100,0.00038,0.94305
164.78000,1.02194,0.08495,0.00584,0.00028,0.90892
164.92000,1.02194,0.08528,0.00304,0.00058,0.91110
165.06000,1.02194,0.07215,0.00262,0.00027,0.92495
165.20000,1.02194,0.07070,0.00063,0.00041,0.92827
165.34000,1.02194,0.10264,0.00468,0.00028,0.89240
165.48000,1.02194,0.13431,0.00757,0.00032,0.85780
165.62000,1.02194,0.08529,0.00298,0.00019,0.91154
165.75999,1.02194,0.08044,0.00223,0.00031,0.91702
165.89999,1.02194,0.10101,0.00339,0.00036,0.89524
166.03999,1.02194,0.15536,0.02315,0.00100,0.82049
166.17999,1.02194,0.10219,0.00695,0.00136,0.88951
166.32001,1.02193,0.07936,0.00193,0.00200,0.91671
166.46001,1.02193,0.10846,0.00839,0.00256,0.88059
166.60001,1.02193,0.08877,0.00302,0.00261,0.90560
166.74001,1.02193,0.06283,0.00124,0.00064,0.93529
166.88000,1.02193,0.05822,0.00118,0.00057,0.94002
167.02000,1.02193,0.05631,0.00131,0.00023,0.94215
167.16000,1.02193,0.09587,0.00802,0.00046,0.89565
167.30000,1.02193,0.08431,0.00366,0.00019,0.91183
167.44000,1.02194,0.08150,0.00190,0.00051,0.91609
167.58000,1.02194,0.07290,0.00321,0.00052,0.92337
167.72000,1.02194,0.09224,0.00960,0.00054,0.89762
167.86000,1.02194,0.07059,0.00283,0.00068,0.92591
168.00000,1.02194,0.10191,0.01195,0.00184,0.88430
168.14000,1.02194,0.07527,0.00568,0.00127,0.91777
168.28000,1.02194,0.08016,0.00578,0.00359,0.91047
168.42000,1.02194,0.06386,0.00177,0.00275,0.93162
168.56000,1.02194,0.06623,0.00242,0.00295,0.92840
168.70000,1.02194,0.12462,0.00374,0.00305,0.86859
168.84000,1.02194,0.11798,0.00933,0.00509,0.86760
168.98000,1.02194,0.13310,0.00388,0.00307,0.85996
169.12000,1.02194,0.13346,0.00922,0.00431,0.85301
169.25999,1.02194,0.12523,0.00397,0.00305,0.86775
169.39999,1.02194,0.14476,0.00688,0.00125,0.84710
169.53999,1.02194,0.07847,0.00319,0.00075,0.91759
169.67999,1.02194,0.04894,0.00042,0.00061,0.95003
169.82001,1.02193,0.05276,0.00025,0.00098,0.94601
169.96001,1.02193,0.04761,0.00020,0.00027,0.95192
170.10001,1.02193,0.04881,0.00090,0.00047,0.94982
170.24001,1.02193,0.06595,0.00288,0.00046,0.93072
170.38000,1.02193,0.05687,0.00194,0.00044,0.94075
170.52000,1.02193,0.05534,0.00074,0.00026,0.94366
170.66000,1.02193,0.05752,0.00090,0.00014,0.94144
170.80000,1.02193,0.08053,0.00088,0.00056,0.91802
170.94000,1.02194,0.08840,0.00251,0.00033,0.90876
171.08000,1.02194,0.06181,0.00140,0.00016,0.93663
171.22000,1.02194,0.06602,0.00057,0.00042,0.93298
171.36000,1.02194,0.04209,0.00073,0.00032,0.95686
171.50000,1.02194,0.04982,0.00128,0.00029,0.94861
171.64000,1.02194,0.06599,0.00206,0.00078,0.93117
171.78000,1.02194,0.08310,0.00119,0.00112,0.91458
171.92000,1.02194,0.06249,0.00029,0.00055,0.93668
172.06000,1.02194,0.06197,0.00029,0.00067,0.93706
172.20000,1.02194,0.09252,0.00094,0.00180,0.90474
172.34000,1.02194,0.14723,0.00048,0.00244,0.84985
172.48000,1.02194,0.07109,0.00104,0.00064,0.92723
172.62000,1.02194,0.07534,0.00768,0.00098,0.91601
172.75999,1.02194,0.13213,0.03599,0.00555,0.82632
172.89999,1.02194,0.11962,0.01824,0.00581,0.85633
173.03999,1.02194,0.13516,0.01288,0.01298,0.83899
173.17999,1.02194,0.12681,0.01202,0.00755,0.85363
173.32001,1.02193,0.16306,0.01543,0.00448,0.81702
173.46001,1.02193,0.15223,0.00797,0.00424,0.83555
173.60001,1.02193,0.18817,0.02078,0.00646,0.78459
173.74001,1.02193,0.19215,0.01882,0.00402,0.78501
173.88000,1.02193,0.13203,0.00934,0.00267,0.85597
174.02000,1.02193,0.13525,0.00827,0.00200,0.85448
174.16000,1.02193,0.14359,0.00881,0.00567,0.84193
174.30000,1.02193,0.09743,0.00483,0.00089,0.89685
174.44000,1.02194,0.07732,0.00141,0.00040,0.92088
174.58000,1.02194,0.07407,0.00073,0.00051,0.92469
174.72000,1.02194,0.06264,0.00157,0.00042,0.93536
174.86000,1.02194,0.06062,0.00042,0.00025,0.93870
175.00000,1.02194,0.06766,0.00351,0.00028,0.92855
175.14000,1.02194,0.06096,0.00200,0.00058,0.93646
175.28000,1.02194,0.07452,0.00247,0.00135,0.92166
175.42000,1.02194,0.32061,0.00008,0.00046,0.67884
175.56000,1.02194,0.54597,0.00039,0.00014,0.45351
175.70000,1.02194,0.45648,0.00071,0.00009,0.54273
175.84000,1.02194,0.58651,0.00025,0.00003,0.41321
175.98000,1.02194,0.64261,0.00008,0.00001,0.35730
176.12000,1.02194,0.57651,0.00023,0.00001,0.42325
176.25999,1.02194,0.37496,0.00043,0.00004,0.62458
176.39999,1.02194,0.07259,0.00111,0.00002,0.92628
176.53999,1.02194,0.06365,0.00078,0.00016,0.93541
176.67999,1.02194,0.07389,0.00031,0.00022,0.92558
176.82001,1.02193,0.05644,0.00108,0.00031,0.94216
176.96001,1.02193,0.07199,0.00298,0.00024,0.92480
177.10001,1.02193,0.15344,0.05902,0.00055,0.78699
177.24001,1.02193,0.16148,0.09320,0.00079,0.74453
177.38000,1.02193,0.10558,0.01385,0.00066,0.87990
177.52000,1.02193,0.17634,0.01505,0.00210,0.80650
177.66000,1.02193,0.13470,0.08688,0.00100,0.77741
177.80000,1.02193,0.11681,0.03866,0.00138,0.84316
177.94000,1.02194,0.12370,0.03837,0.00109,0.83684
178.08000,1.02194,0.07544,0.00479,0.00084,0.91893
178.22000,1.02194,0.10311,0.01735,0.00052,0.87903
178.36000,1.02194,0.10538,0.00425,0.00014,0.89023
178.50000,1.02194,0.08677,0.00225,0.00012,0.91086
178.64000,1.02194,0.07510,0.00096,0.00006,0.92387
178.78000,1.02194,0.07582,0.00172,0.00007,0.92239
178.92000,1.02194,0.11559,0.00174,0.00004,0.88263
179.06000,1.02194,0.05975,0.00133,0.00003,0.93889
179.20000,1.02194,0.12115,0.00148,0.00021,0.87716
179.34000,1.02194,0.08403,0.00194,0.00036,0.91366
179.48000,1.02194,0.08669,0.00219,0.00099,0.91013
179.62000,1.02194,0.07669,0.00052,0.00077,0.92202
179.75999,1.02194,0.13126,0.00880,0.00177,0.85817
179.89999,1.02194,0.06983,0.00127,0.00186,0.92704
180.03999,1.02194,0.05176,0.00046,0.00115,0.94663
180.17999,1.02194,0.05809,0.00026,0.00116,0.94048
180.32001,1.02193,0.07899,0.00092,0.00028,0.91982
180.46001,1.02193,0.08512,0.00266,0.00027,0.91195
180.60001,1.02193,0.08089,0.00046,0.00039,0.91826
180.74001,1.02193,0.09494,0.00165,0.00010,0.90331
180.88000,1.02193,0.08620,0.00026,0.00009,0.91345
181.02000,1.02193,0.23607,0.00744,0.00010,0.75639
181.16000,1.02193,0.10954,0.00096,0.00010,0.88940
181.30000,1.02193,0.08484,0.00102,0.00014,0.91400
181.44000,1.02194,0.08505,0.00663,0.00008,0.90824
181.58000,1.02194,0.04670,0.00091,0.00012,0.95227
181.72000,1.02194,0.11221,0.06573,0.00036,0.82170
181.86000,1.02194,0.16971,0.12287,0.00038,0.70704
182.00000,1.02194,0.12850,0.03323,0.00021,0.83806
182.14000,1.02194,0.12020,0.02689,0.00027,0.85263
182.28000,1.02194,0.10536,0.02297,0.00036,0.87131
182.42000,1.02194,0.13506,0.03741,0.00034,0.82720
182.56000,1.02194,0.08515,0.02106,0.00016,0.89364
182.70000,1.02194,0.06180,0.00641,0.00012,0.93166
182.84000,1.02194,0.06089,0.00571,0.00011,0.93329
182.98000,1.02194,0.05162,0.00243,0.00015,0.94581
183.12000,1.02194,0.07233,0.01397,0.00018,0.91352
183.25999,1.02194,0.07675,0.00981,0.00033,0.91311
183.39999,1.02194,0.12785,0.02931,0.00123,0.84162
183.53999,1.02194,0.06268,0.00384,0.00062,0.93285
183.67999,1.02194,0.06697,0.00280,0.00142,0.92881
183.82001,1.02193,0.10731,0.01022,0.00588,0.87659
183.96001,1.02193,0.07484,0.00214,0.00801,0.91500
184.10001,1.02193,0.07174,0.00148,0.00148,0.92530
184.24001,1.02193,0.06517,0.00090,0.00129,0.93263
184.38000,1.02193,0.06430,0.00074,0.00148,0.93349
184.52000,1.02193,0.05053,0.00042,0.00061,0.94844
184.66000,1.02193,0.04357,0.00024,0.00016,0.95603
184.80000,1.02193,0.06254,0.00197,0.00079,0.93470
184.94000,1.02194,0.06679,0.00187,0.00311,0.92823
185.08000,1.02194,0.07263,0.00103,0.00363,0.92270
185.22000,1.02194,0.08585,0.00127,0.01112,0.90176
185.36000,1.02194,0.09236,0.00222,0.02473,0.88069
185.50000,1.02194,0.07600,0.00099,0.03183,0.89118
185.64000,1.02194,0.07609,0.00103,0.02330,0.89958
185.78000,1.02194,0.06709,0.00096,0.00648,0.92547
185.92000,1.02194,0.06346,0.00076,0.00431,0.93147
186.06000,1.02194,0.07021,0.00126,0.00439,0.92413
186.20000,1.02194,0.06400,0.00094,0.00260,0.93246
186.34000,1.02194,0.07655,0.00165,0.00408,0.91773
186.48000,1.02194,0.08168,0.00056,0.00487,0.91289
186.62000,1.02194,0.08498,0.00155,0.00522,0.90825
186.75999,1.02194,0.07232,0.00052,0.00831,0.91885
186.89999,1.02194,0.06896,0.00091,0.00836,0.92177
187.03999,1.02194,0.07217,0.00084,0.00831,0.91868
187.17999,1.02194,0.06744,0.00065,0.00684,0.92507
187.32001,1.02193,0.06780,0.00180,0.00228,0.92812
187.46001,1.02193,0.06410,0.00131,0.00322,0.93137
187.60001,1.02193,0.05507,0.00033,0.00213,0.94247
187.74001,1.02193,0.05284,0.00042,0.00113,0.94561
187.88000,1.02193,0.04376,0.00027,0.00030,0.95568
188.02000,1.02193,0.06173,0.00210,0.00031,0.93587
188.16000,1.02193,0.06112,0.00104,0.00045,0.93739
188.30000,1.02193,0.04865,0.00148,0.00025,0.94963
188.44000,1.02194,0.06351,0.00815,0.00014,0.92820
188.58000,1.02194,0.06573,0.00557,0.00023,0.92847
188.72000,1.02194,0.07982,0.00567,0.00041,0.91409
188.86000,1.02194,0.08863,0.00201,0.00021,0.90915
189.00000,1.02194,0.07291,0.00029,0.00019,0.92660
189.14000,1.02194,0.08223,0.00035,0.00023,0.91720
189.28000,1.02194,0.04903,0.00015,0.00019,0.95064
189.42000,1.02194,0.07493,0.00034,0.00051,0.92422
189.56000,1.02194,0.08751,0.00006,0.00036,0.91208
189.70000,1.02194,0.04926,0.00050,0.00145,0.94880
189.84000,1.02194,0.04816,0.00043,0.00137,0.95004
189.98000,1.02194,0.07032,0.00276,0.00160,0.92532
190.12000,1.02194,0.10537,0.00092,0.00101,0.89269
190.25999,1.02194,0.11340,0.00056,0.00044,0.88560
190.39999,1.02194,0.08738,0.00032,0.00028,0.91202
190.53999,1.02194,0.06755,0.00040,0.00024,0.93180
190.67999,1.02194,0.08621,0.00067,0.00015,0.91297
190.82001,1.02193,0.07054,0.00056,0.00012,0.92877
190.96001,1.02193,0.07422,0.00114,0.00033,0.92431
191.10001,1.02193,0.05529,0.00077,0.00068,0.94326
191.24001,1.02193,0.08479,0.00249,0.00255,0.91017
191.38000,1.02193,0.07524,0.00139,0.00341,0.91996
191.52000,1.02193,0.10889,0.00779,0.00702,0.87630
191.66000,1.02193,0.08195,0.00240,0.01293,0.90272
191.80000,1.02193,0.07334,0.00141,0.00538,0.91987
191.94000,1.02194,0.09310,0.00418,0.00792,0.89480
192.08000,1.02194,0.09865,0.00368,0.00858,0.88909
192.22000,1.02194,0.08640,0.00514,0.00691,0.90155
192.36000,1.02194,0.08913,0.00634,0.00905,0.89547
192.50000,1.02194,0.08833,0.00671,0.00941,0.89554
192.64000,1.02194,0.09396,0.00629,0.01163,0.88812
192.78000,1.02194,0.08112,0.00245,0.00852,0.90791
192.92000,1.02194,0.08253,0.00251,0.01010,0.90486
193.06000,1.02194,0.07835,0.00134,0.01095,0.90936
193.20000,1.02194,0.07236,0.00134,0.01011,0.91619
193.34000,1.02194,0.07667,0.00200,0.01221,0.90913
193.48000,1.02194,0.07319,0.00116,0.01705,0.90861
193.62000,1.02194,0.07191,0.00084,0.02188,0.90537
193.75999,1.02194,0.06557,0.00060,0.01363,0.92020
193.89999,1.02194,0.07033,0.00110,0.00946,0.91912
194.03999,1.02194,0.06295,0.00056,0.00510,0.93139
194.17999,1.02194,0.05970,0.00034,0.00197,0.93799
194.32001,1.02193,0.04776,0.00010,0.00103,0.95111
194.46001,1.02193,0.06334,0.00017,0.00026,0.93623
194.60001,1.02193,0.07057,0.00054,0.00069,0.92820
194.74001,1.02193,0.08043,0.00051,0.00222,0.91685
194.88000,1.02193,0.09776,0.00010,0.00037,0.90177
195.02000,1.02193,0.06329,0.00075,0.00062,0.93534
195.16000,1.02193,0.07633,0.00374,0.00199,0.91793
195.30000,1.02193,0.07920,0.00369,0.00528,0.91183
195.44000,1.02194,0.07567,0.00297,0.00341,0.91795
195.58000,1.02194,0.07893,0.00274,0.00394,0.91438
195.72000,1.02194,0.08431,0.00197,0.00311,0.91061
195.86000,1.02194,0.05738,0.00061,0.00130,0.94071
196.00000,1.02194,0.06167,0.00036,0.00243,0.93554
196.14000,1.02194,0.07296,0.00045,0.00266,0.92393
196.28000,1.02194,0.05951,0.00045,0.00183,0.93822
196.42000,1.02194,0.06079,0.00042,0.00154,0.93726
196.56000,1.02194,0.05377,0.00040,0.00303,0.94280
196.70000,1.02194,0.04754,0.00053,0.00263,0.94931
196.84000,1.02194,0.06477,0.00116,0.00578,0.92829
196.98000,1.02194,0.06748,0.00117,0.00736,0.92399
197.12000,1.02194,0.06881,0.00119,0.00845,0.92155
197.25999,1.02194,0.06755,0.00064,0.01107,0.92073
197.39999,1.02194,0.05939,0.00047,0.01050,0.92964
197.53999,1.02194,0.07162,0.00123,0.01836,0.90879
197.67999,1.02194,0.06982,0.00077,0.01684,0.91258
197.82001,1.02193,0.07433,0.00107,0.01906,0.90553
197.96001,1.02193,0.08139,0.00146,0.01944,0.89771
198.10001,1.02193,0.09082,0.00256,0.01577,0.89086
198.24001,1.02193,0.10000,0.00423,0.01975,0.87601
198.38000,1.02193,0.10701,0.00343,0.02537,0.86419
198.52000,1.02193,0.08477,0.00203,0.00696,0.90623
198.66000,1.02193,0.08105,0.00223,0.00224,0.91447
198.80000,1.02193,0.07206,0.00100,0.00236,0.92458
198.94000,1.02194,0.08047,0.00168,0.00183,0.91602
199.08000,1.02194,0.07106,0.00019,0.00065,0.92810
199.22000,1.02194,0.05920,0.00026,0.00106,0.93948
199.36000,1.02194,0.09761,0.00074,0.00072,0.90094
199.50000,1.02194,0.20674,0.00906,0.00179,0.78241
199.64000,1.02194,0.29930,0.10116,0.00200,0.59753
199.78000,1.02194,0.28078,0.08128,0.00135,0.63659
199.92000,1.02194,0.21161,0.04594,0.00088,0.74157
200.06000,1.02194,0.20752,0.64285,0.00098,0.14865
200.20000,1.02194,0.23620,0.39496,0.00132,0.36752
200.34000,1.02194,0.19966,0.06212,0.00142,0.73680
200.48000,1.02194,0.08249,0.00476,0.00083,0.91192
200.62000,1.02194,0.06241,0.00169,0.00061,0.93529
200.75999,1.02194,0.06355,0.00102,0.00050,0.93494
200.89999,1.02194,0.08680,0.00165,0.00222,0.90933
201.03999,1.02194,0.06729,0.00114,0.00235,0.92922
201.17999,1.02194,0.06339,0.00044,0.00454,0.93163
201.32001,1.02193,0.05354,0.00062,0.00314,0.94270
201.46001,1.02193,0.08339,0.00437,0.00784,0.90440
201.60001,1.02193,0.08226,0.00245,0.00658,0.90871
201.74001,1.02193,0.08173,0.00215,0.00387,0.91225
201.88000,1.02193,0.08899,0.00539,0.00466,0.90096
202.02000,1.02193,0.08551,0.00422,0.00313,0.90714
202.16000,1.02193,0.07563,0.00224,0.00186,0.92026
202.30000,1.02193,0.05896,0.00185,0.00092,0.93827
202.44000,1.02194,0.05155,0.00099,0.00120,0.94626
202.58000,1.02194,0.07548,0.00326,0.00249,0.91877
202.72000,1.02194,0.07350,0.00181,0.00568,0.91901
202.86000,1.02194,0.07011,0.00053,0.00392,0.92543
203.00000,1.02194,0.07209,0.00204,0.01109,0.91478
203.14000,1.02194,0.07521,0.00102,0.01338,0.91039
203.28000,1.02194,0.06838,0.00114,0.01317,0.91732
203.42000,1.02194,0.07760,0.00223,0.00891,0.91126
203.56000,1.02194,0.06975,0.00113,0.00743,0.92169
203.70000,1.02194,0.07296,0.00087,0.01059,0.91557
203.84000,1.02194,0.07078,0.00138,0.00650,0.92133
203.98000,1.02194,0.06060,0.00073,0.00320,0.93547
204.12000,1.02194,0.07298,0.00132,0.00198,0.92372
204.25999,1.02194,0.06765,0.00118,0.00294,0.92823
204.39999,1.02194,0.07108,0.00121,0.00434,0.92337
204.53999,1.02194,0.05658,0.00040,0.00137,0.94164
204.67999,1.02194,0.06034,0.00051,0.00267,0.93649
204.82001,1.02193,0.06102,0.00031,0.00186,0.93680
204.96001,1.02193,0.04709,0.00014,0.00097,0.95181
205.10001,1.02193,0.04448,0.00005,0.00052,0.95495
205.24001,1.02193,0.03465,0.00007,0.00039,0.96489
205.38000,1.02193,0.03384,0.00007,0.00020,0.96588
205.52000,1.02193,0.04778,0.00004,0.00010,0.95209
205.66000,1.02193,0.06066,0.00007,0.00023,0.93905
205.80000,1.02193,0.04411,0.00040,0.00056,0.95494
205.94000,1.02194,0.04978,0.00027,0.00096,0.94899
206.08000,1.02194,0.05676,0.00056,0.00172,0.94096
206.22000,1.02194,0.07399,0.00108,0.00945,0.91548
206.36000,1.02194,0.06555,0.00044,0.00754,0.92647
206.50000,1.02194,0.07423,0.00092,0.01055,0.91431
206.64000,1.02194,0.09003,0.00135,0.00517,0.90345
206.78000,1.02194,0.09574,0.00149,0.00148,0.90129
206.92000,1.02194,0.07717,0.00132,0.00170,0.91981
207.06000,1.02194,0.06285,0.00098,0.00070,0.93547
207.20000,1.02194,0.07118,0.00146,0.00066,0.92670
207.34000,1.02194,0.07866,0.00015,0.00016,0.92103
207.48000,1.02194,0.06333,0.00122,0.00072,0.93474
207.62000,1.02194,0.04340,0.00027,0.00059,0.95574
207.75999,1.02194,0.05933,0.00098,0.00053,0.93916
207.89999,1.02194,0.04391,0.00023,0.00038,0.95547
208.03999,1.02194,0.04814,0.00057,0.00117,0.95013
208.17999,1.02194,0.05053,0.00036,0.00075,0.94835
208.32001,1.02193,0.05289,0.00074,0.00106,0.94531
208.46001,1.02193,0.06875,0.00134,0.00172,0.92818
208.60001,1.02193,0.05684,0.00080,0.00164,0.94072
208.74001,1.02193,0.04509,0.00039,0.00078,0.95375
208.88000,1.02193,0.03853,0.00069,0.00017,0.96060
209.02000,1.02193,0.04936,0.00098,0.00067,0.94900
209.16000,1.02193,0.04741,0.00060,0.00037,0.95161
209.30000,1.02193,0.06377,0.00172,0.00065,0.93386
209.44000,1.02194,0.06515,0.00063,0.00125,0.93298
209.58000,1.02194,0.07987,0.00216,0.00352,0.91446
209.72000,1.02194,0.07970,0.00139,0.00891,0.91000
209.86000,1.02194,0.06860,0.00097,0.00810,0.92233
210.00000,1.02194,0.06653,0.00045,0.01030,0.92271
210.14000,1.02194,0.05674,0.00010,0.00541,0.93775
210.28000,1.02194,0.04724,0.00017,0.00622,0.94638
210.42000,1.02194,0.05191,0.00016,0.00569,0.94224
210.56000,1.02194,0.04789,0.00026,0.00341,0.94844
210.70000,1.02194,0.05236,0.00054,0.00327,0.94384
210.84000,1.02194,0.05869,0.00090,0.00178,0.93863
210.98000,1.02194,0.06718,0.00141,0.00347,0.92794
211.12000,1.02194,0.07622,0.00307,0.00582,0.91489
211.25999,1.02194,0.08912,0.00627,0.00713,0.89748
211.39999,1.02194,0.07708,0.00253,0.00640,0.91398
211.53999,1.02194,0.07424,0.00306,0.00584,0.91687
211.67999,1.02194,0.06238,0.00146,0.00480,0.93136
211.82001,1.02193,0.05360,0.00083,0.00158,0.94399
211.96001,1.02193,0.05927,0.00141,0.00184,0.93748
212.10001,1.02193,0.06290,0.00190,0.00113,0.93408
212.24001,1.02193,0.06215,0.00075,0.00044,0.93666
212.38000,1.02193,0.07110,0.00201,0.00099,0.92590
212.52000,1.02193,0.08412,0.00539,0.00215,0.90835
212.66000,1.02193,0.07642,0.00237,0.00262,0.91859
212.80000,1.02193,0.08256,0.00240,0.00063,0.91441
212.94000,1.02194,0.08156,0.00373,0.00149,0.91322
213.08000,1.02194,0.08163,0.00308,0.00365,0.91164
213.22000,1.02194,0.09033,0.00324,0.00375,0.90269
213.36000,1.02194,0.08490,0.00135,0.00205,0.91170
213.50000,1.02194,0.09007,0.01076,0.00274,0.89644
213.64000,1.02194,0.06199,0.00229,0.00189,0.93383
213.78000,1.02194,0.06609,0.00242,0.00166,0.92984
213.92000,1.02194,0.05698,0.00102,0.00155,0.94044
214.06000,1.02194,0.05412,0.00140,0.00140,0.94308
214.20000,1.02194,0.05529,0.00104,0.00101,0.94266
214.34000,1.02194,0.07016,0.00082,0.00234,0.92668
214.48000,1.02194,0.08471,0.00259,0.00148,0.91122
214.62000,1.02194,0.05567,0.00023,0.00061,0.94348
214.75999,1.02194,0.05901,0.00022,0.00078,0.93999
214.89999,1.02194,0.05715,0.00045,0.00075,0.94165
215.03999,1.02194,0.03919,0.00014,0.00018,0.96050
215.17999,1.02194,0.05022,0.00035,0.00027,0.94917
215.32001,1.02193,0.05053,0.00036,0.00084,0.94827
215.46001,1.02193,0.04626,0.00008,0.00071,0.95295
215.60001,1.02193,0.05365,0.00027,0.00112,0.94496
215.74001,1.02193,0.03919,0.00015,0.00041,0.96025
215.88000,1.02193,0.04029,0.00008,0.00042,0.95920
216.02000,1.02193,0.05767,0.00007,0.00042,0.94185
216.16000,1.02193,0.05212,0.00012,0.00031,0.94745
216.30000,1.02193,0.06879,0.00010,0.00008,0.93103
216.44000,1.02194,0.08255,0.00013,0.00009,0.91723
216.58000,1.02194,0.07865,0.00066,0.00018,0.92052
216.72000,1.02194,0.08115,0.00050,0.00071,0.91764
216.86000,1.02194,0.14918,0.00016,0.00037,0.85029
217.00000,1.02194,0.08695,0.00245,0.00270,0.90790
217.14000,1.02194,0.08633,0.00036,0.00580,0.90751
217.28000,1.02194,0.09327,0.00255,0.02189,0.88229
217.42000,1.02194,0.07977,0.00154,0.02405,0.89464
217.56000,1.02194,0.07190,0.00046,0.01351,0.91413
217.70000,1.02194,0.07027,0.00079,0.01875,0.91019
217.84000,1.02194,0.06756,0.00033,0.01254,0.91957
217.98000,1.02194,0.07710,0.00035,0.00251,0.92004
218.12000,1.02194,0.08759,0.00079,0.00076,0.91086
218.25999,1.02194,0.09718,0.00273,0.00085,0.89925
218.39999,1.02194,0.09470,0.00162,0.00044,0.90325
218.53999,1.02194,0.09092,0.00323,0.00113,0.90472
218.67999,1.02194,0.13675,0.00185,0.00137,0.86003
218.82001,1.02193,0.08450,0.00450,0.00217,0.90884
218.96001,1.02193,0.09032,0.00554,0.00246,0.90168
219.10001,1.02193,0.06356,0.00096,0.00238,0.93310
219.24001,1.02193,0.05362,0.00026,0.00108,0.94504
219.38000,1.02193,0.05610,0.00076,0.00077,0.94237
219.52000,1.02193,0.04454,0.00052,0.00045,0.95449
219.66000,1.02193,0.05057,0.00058,0.00026,0.94859
219.80000,1.02193,0.05934,0.00090,0.00097,0.93879
219.94000,1.02194,0.05417,0.00062,0.00127,0.94394
220.08000,1.02194,0.11559,0.00599,0.00149,0.87693
220.22000,1.02194,0.08165,0.00250,0.00104,0.91481
220.36000,1.02194,0.11697,0.00893,0.00261,0.87149
220.50000,1.02194,0.08370,0.00169,0.00224,0.91237
220.64000,1.02194,0.08290,0.00194,0.00307,0.91208
220.78000,1.02194,0.10706,0.00303,0.00465,0.88526
220.92000,1.02194,0.08371,0.00191,0.00343,0.91095
221.06000,1.02194,0.03897,0.00013,0.00166,0.95924
221.20000,1.02194,0.06164,0.00042,0.00072,0.93722
221.34000,1.02194,0.04195,0.00019,0.00033,0.95753
221.48000,1.02194,0.05392,0.00037,0.00048,0.94523
221.62000,1.02194,0.07229,0.00097,0.00115,0.92558
221.75999,1.02194,0.06717,0.00063,0.00102,0.93118
221.89999,1.02194,0.10479,0.00389,0.00380,0.88752
222.03999,1.02194,0.07561,0.00126,0.00686,0.91627
222.17999,1.02194,0.07441,0.00097,0.01193,0.91268
222.32001,1.02193,0.07862,0.00164,0.00751,0.91223
222.46001,1.02193,0.09997,0.00290,0.00887,0.88827
222.60001,1.02193,0.08856,0.00401,0.00620,0.90123
222.74001,1.02193,0.09049,0.00392,0.00507,0.90052
222.88000,1.02193,0.10111,0.00562,0.00079,0.89249
223.02000,1.02193,0.08106,0.00158,0.00048,0.91688
223.16000,1.02193,0.08663,0.00355,0.00097,0.90884
223.30000,1.02193,0.06885,0.00124,0.00073,0.92918
223.44000,1.02194,0.04931,0.00068,0.00020,0.94982
223.58000,1.02194,0.07261,0.00144,0.00027,0.92568
223.72000,1.02194,0.05880,0.00113,0.00016,0.93990
223.86000,1.02194,0.06760,0.00131,0.00040,0.93069
224.00000,1.02194,0.04921,0.00023,0.00019,0.95037
224.14000,1.02194,0.05386,0.00027,0.00005,0.94582
224.28000,1.02194,0.05360,0.00122,0.00025,0.94494
224.42000,1.02194,0.08855,0.00408,0.00045,0.90692
224.56000,1.02194,0.06411,0.00112,0.00053,0.93424
224.70000,1.02194,0.04697,0.00032,0.00028,0.95242
224.84000,1.02194,0.06632,0.00112,0.00045,0.93211
224.98000,1.02194,0.05242,0.00044,0.00025,0.94689
225.12000,1.02194,0.05765,0.00094,0.00042,0.94100
225.25999,1.02194,0.08046,0.00017,0.00031,0.91906
225.39999,1.02194,0.05381,0.00050,0.00029,0.94540
225.53999,1.02194,0.04276,0.00044,0.00033,0.95648
225.67999,1.02194,0.04961,0.00088,0.00012,0.94940
225.82001,1.02193,0.05443,0.00040,0.00034,0.94483
225.96001,1.02193,0.06174,0.00029,0.00010,0.93788
226.10001,1.02193,0.05346,0.00151,0.00004,0.94500
226.24001,1.02193,0.04794,0.00034,0.00003,0.95170
226.38000,1.02193,0.07725,0.00463,0.00011,0.91801
226.52000,1.02193,0.05155,0.00084,0.00013,0.94748
226.66000,1.02193,0.06819,0.00287,0.00015,0.92880
226.80000,1.02193,0.11689,0.00157,0.00039,0.88115
226.94000,1.02194,0.11350,0.00784,0.00048,0.87818
227.08000,1.02194,0.08772,0.00231,0.00037,0.90960
227.22000,1.02194,0.07787,0.00325,0.00035,0.91853
227.36000,1.02194,0.11781,0.01603,0.00034,0.86582
227.50000,1.02194,0.13253,0.00616,0.00065,0.86066
227.64000,1.02194,0.13579,0.01025,0.00090,0.85306
227.78000,1.02194,0.08672,0.00284,0.00019,0.91024
227.92000,1.02194,0.07470,0.00105,0.00069,0.92355
228.06000,1.02194,0.10577,0.00246,0.00057,0.89119
228.20000,1.02194,0.06013,0.00041,0.00024,0.93922
228.34000,1.02194,0.05036,0.00039,0.00009,0.94916
228.48000,1.02194,0.06197,0.00333,0.00009,0.93460
228.62000,1.02194,0.03969,0.00093,0.00004,0.95934
228.75999,1.02194,0.04077,0.00093,0.00007,0.95824
228.89999,1.02194,0.05690,0.00278,0.00013,0.94020
229.03999,1.02194,0.10475,0.02539,0.00031,0.86955
229.17999,1.02194,0.16648,0.04581,0.00114,0.78657
229.32001,1.02193,0.07752,0.01142,0.00033,0.91073
229.46001,1.02193,0.06896,0.00520,0.00035,0.92549
229.60001,1.02193,0.07041,0.00419,0.00015,0.92524
229.74001,1.02193,0.07631,0.00618,0.00017,0.91735
229.88000,1.02193,0.08999,0.00724,0.00011,0.90266
230.02000,1.02193,0.06834,0.00829,0.00009,0.92328
230.16000,1.02193,0.12311,0.01145,0.00019,0.86525
230.30000,1.02193,0.09171,0.02907,0.00008,0.87914
230.44000,1.02194,0.04462,0.00142,0.00005,0.95391
230.58000,1.02194,0.07207,0.00425,0.00008,0.92360
230.72000,1.02194,0.06487,0.00176,0.00004,0.93332
230.86000,1.02194,0.04814,0.00085,0.00004,0.95097
231.00000,1.02194,0.07053,0.00044,0.00006,0.92897
231.14000,1.02194,0.07747,0.00236,0.00006,0.92011
231.28000,1.02194,0.11274,0.00070,0.00006,0.88649
231.42000,1.02194,0.12264,0.00026,0.00005,0.87705
231.56000,1.02194,0.14792,0.00203,0.00005,0.85000
231.70000,1.02194,0.11350,0.00073,0.00002,0.88575
231.84000,1.02194,0.21079,0.00864,0.00002,0.78055
231.98000,1.02194,0.09292,0.00503,0.00002,0.90203
232.12000,1.02194,0.11505,0.00153,0.00003,0.88339
232.25999,1.02194,0.07266,0.00134,0.00006,0.92594
232.39999,1.02194,0.09751,0.00433,0.00010,0.89806
232.53999,1.02194,0.08925,0.00068,0.00014,0.90993
232.67999,1.02194,0.05415,0.00129,0.00015,0.94442
232.82001,1.02193,0.04465,0.00045,0.00005,0.95485
232.96001,1.02193,0.02688,0.00006,0.00003,0.97303
233.10001,1.02193,0.11509,0.00303,0.00007,0.88180
233.24001,1.02193,0.12139,0.00206,0.00008,0.87647
233.38000,1.02193,0.13991,0.00741,0.00005,0.85263
233.52000,1.02193,0.11318,0.00584,0.00007,0.88091
233.66000,1.02193,0.07789,0.00029,0.00009,0.92173
233.80000,1.02193,0.15135,0.01033,0.00005,0.83827
233.94000,1.02194,0.07163,0.00091,0.00004,0.92742
234.08000,1.02194,0.11508,0.00698,0.00007,0.87787
234.22000,1.02194,0.05196,0.00076,0.00006,0.94722
234.36000,1.02194,0.05889,0.00080,0.00008,0.94023
234.50000,1.02194,0.14851,0.04464,0.00040,0.80646
234.64000,1.02194,0.12249,0.02094,0.00082,0.85576
234.78000,1.02194,0.08977,0.00560,0.00050,0.90413
234.92000,1.02194,0.08063,0.00390,0.00024,0.91524
235.06000,1.02194,0.04142,0.00081,0.00010,0.95767
235.20000,1.02194,0.05963,0.00166,0.00030,0.93842
235.34000,1.02194,0.06861,0.00133,0.00045,0.92960
235.48000,1.02194,0.10052,0.00082,0.00029,0.89837
235.62000,1.02194,0.09024,0.00246,0.00041,0.90689
235.75999,1.02194,0.07734,0.00106,0.00154,0.92007
235.89999,1.02194,0.13898,0.02331,0.00157,0.83615
236.03999,1.02194,0.10895,0.01446,0.00073,0.87586
236.17999,1.02194,0.14538,0.01827,0.00131,0.83505
236.32001,1.02193,0.13883,0.01025,0.00276,0.84816
236.46001,1.02193,0.12009,0.00189,0.00132,0.87670
236.60001,1.02193,0.16422,0.00959,0.00141,0.82477
236.74001,1.02193,0.08378,0.00101,0.00042,0.91478
236.88000,1.02193,0.05381,0.00044,0.00042,0.94533
237.02000,1.02193,0.03778,0.00011,0.00008,0.96203
237.16000,1.02193,0.03467,0.00031,0.00004,0.96498
237.30000,1.02193,0.04361,0.00017,0.00010,0.95612
237.44000,1.02194,0.04332,0.00045,0.00020,0.95603
237.58000,1.02194,0.06053,0.00107,0.00040,0.93800
237.72000,1.02194,0.03794,0.00043,0.00014,0.96148
237.86000,1.02194,0.04621,0.00020,0.00029,0.95331
238.00000,1.02194,0.04674,0.00015,0.00056,0.95256
238.14000,1.02194,0.03375,0.00006,0.00028,0.96591
238.28000,1.02194,0.04590,0.00031,0.00018,0.95362
238.42000,1.02194,0.06636,0.00021,0.00026,0.93317
238.56000,1.02194,0.04349,0.00021,0.00006,0.95624
238.70000,1.02194,0.06149,0.00018,0.00011,0.93822
238.84000,1.02194,0.07665,0.00022,0.00018,0.92296
238.98000,1.02194,0.05607,0.00050,0.00029,0.94314
239.12000,1.02194,0.04741,0.00008,0.00056,0.95195
239.25999,1.02194,0.04769,0.00033,0.00069,0.95130
239.39999,1.02194,0.06155,0.00035,0.00152,0.93658
239.53999,1.02194,0.05243,0.00021,0.00082,0.94653
239.67999,1.02194,0.05430,0.00021,0.00161,0.94388
239.82001,1.02193,0.05353,0.00025,0.00039,0.94583
239.96001,1.02193,0.03106,0.00013,0.00016,0.96865
240.10001,1.02193,0.06176,0.00050,0.00078,0.93696
240.24001,1.02193,0.05188,0.00048,0.00038,0.94726
240.38000,1.02193,0.04497,0.00021,0.00012,0.95471
240.52000,1.02193,0.03752,0.00012,0.00004,0.96232
240.66000,1.02193,0.03312,0.00012,0.00009,0.96667
240.80000,1.02193,0.04753,0.00086,0.00002,0.95159
240.94000,1.02194,0.04356,0.00016,0.00002,0.95626
241.08000,1.02194,0.05678,0.00026,0.00004,0.94292
241.22000,1.02194,0.06763,0.00074,0.00003,0.93160
241.36000,1.02194,0.03975,0.00027,0.00007,0.95991
241.50000,1.02194,0.07521,0.00115,0.00019,0.92345
241.64000,1.02194,0.04588,0.00023,0.00037,0.95352
241.78000,1.02194,0.05403,0.00074,0.00051,0.94472
241.92000,1.02194,0.08864,0.00471,0.00074,0.90590
242.06000,1.02194,0.06832,0.00271,0.00087,0.92810
242.20000,1.02194,0.06072,0.00392,0.00032,0.93504
242.34000,1.02194,0.14003,0.04053,0.00149,0.81795
242.48000,1.02194,0.11510,0.01522,0.00207,0.86761
242.62000,1.02194,0.10530,0.01330,0.00330,0.87809
242.75999,1.02194,0.07537,0.00423,0.00064,0.91976
242.89999,1.02194,0.07566,0.00825,0.00059,0.91549
243.03999,1.02194,0.08640,0.00854,0.00106,0.90399
243.17999,1.02194,0.06783,0.00215,0.00121,0.92881
243.32001,1.02193,0.05424,0.00073,0.00030,0.94474
243.46001,1.02193,0.05996,0.00148,0.00059,0.93797
243.60001,1.02193,0.05903,0.00043,0.00034,0.94020
243.74001,1.02193,0.05381,0.00078,0.00029,0.94512
243.88000,1.02193,0.04446,0.00021,0.00025,0.95508
244.02000,1.02193,0.05009,0.00091,0.00009,0.94891
244.16000,1.02193,0.08275,0.00363,0.00007,0.91356
244.30000,1.02193,0.05625,0.00101,0.00008,0.94265
244.44000,1.02194,0.07235,0.00052,0.00023,0.92690
244.58000,1.02194,0.09603,0.00107,0.00070,0.90221
244.72000,1.02194,0.11516,0.00199,0.00077,0.88208
244.86000,1.02194,0.07155,0.00115,0.00075,0.92655
245.00000,1.02194,0.05578,0.00055,0.00064,0.94302
245.14000,1.02194,0.08506,0.00341,0.00016,0.91137
245.28000,1.02194,0.09239,0.01177,0.00017,0.89566
245.42000,1.02194,0.07582,0.00564,0.00013,0.91841
245.56000,1.02194,0.11367,0.01769,0.00011,0.86853
245.70000,1.02194,0.26351,0.02099,0.00012,0.71537
245.84000,1.02194,0.17283,0.06310,0.00024,0.76382
245.98000,1.02194,0.14307,0.02555,0.00020,0.83118
246.12000,1.02194,0.25409,0.01889,0.00049,0.72653
246.25999,1.02194,0.22944,0.01496,0.00032,0.75527
246.39999,1.02194,0.15141,0.00491,0.00013,0.84355
246.53999,1.02194,0.08538,0.00081,0.00016,0.91365
246.67999,1.02194,0.12833,0.00258,0.00029,0.86880
246.82001,1.02193,0.11304,0.00038,0.00018,0.88640
246.96001,1.02193,0.05370,0.00258,0.00018,0.94355
247.10001,1.02193,0.06645,0.00328,0.00050,0.92976
247.24001,1.02193,0.04824,0.00113,0.00034,0.95029
247.38000,1.02193,0.04383,0.00057,0.00040,0.95519
247.52000,1.02193,0.06996,0.00137,0.00168,0.92699
247.66000,1.02193,0.08264,0.00102,0.00239,0.91395
247.80000,1.02193,0.08449,0.00301,0.00619,0.90631
247.94000,1.02194,0.07457,0.00181,0.00455,0.91907
248.08000,1.02194,0.07380,0.00268,0.00273,0.92079
248.22000,1.02194,0.06849,0.00181,0.00184,0.92786
248.36000,1.02194,0.07013,0.00220,0.00065,0.92703
248.50000,1.02194,0.06205,0.00208,0.00023,0.93564
248.64000,1.02194,0.05243,0.00055,0.00009,0.94693
248.78000,1.02194,0.05386,0.00058,0.00016,0.94540
248.92000,1.02194,0.03026,0.00026,0.00001,0.96947
249.06000,1.02194,0.06456,0.00417,0.00010,0.93117
249.20000,1.02194,0.05281,0.00274,0.00007,0.94437
249.34000,1.02194,0.03465,0.00068,0.00006,0.96461
249.48000,1.02194,0.04920,0.00178,0.00010,0.94893
249.62000,1.02194,0.04827,0.00074,0.00009,0.95090
249.75999,1.02194,0.06957,0.00148,0.00015,0.92881
249.89999,1.02194,0.07780,0.00303,0.00033,0.91884
250.03999,1.02194,0.06877,0.00104,0.00022,0.92996
250.17999,1.02194,0.07267,0.00260,0.00056,0.92417
250.32001,1.02193,0.05808,0.00202,0.00053,0.93937
250.46001,1.02193,0.08734,0.00574,0.00071,0.90620
250.60001,1.02193,0.06956,0.00211,0.00129,0.92704
250.74001,1.02193,0.05801,0.00088,0.00080,0.94031
250.88000,1.02193,0.05922,0.00068,0.00100,0.93910
251.02000,1.02193,0.07015,0.00025,0.00037,0.92923
251.16000,1.02193,0.05855,0.00058,0.00040,0.94046
251.30000,1.02193,0.06288,0.00038,0.00137,0.93537
251.44000,1.02194,0.06640,0.00178,0.00095,0.93087
251.58000,1.02194,0.06555,0.00210,0.00114,0.93121
251.72000,1.02194,0.07487,0.00150,0.00076,0.92287
251.86000,1.02194,0.07610,0.00391,0.00346,0.91653
252.00000,1.02194,0.07863,0.00349,0.00338,0.91450
252.14000,1.02194,0.07669,0.00376,0.00063,0.91892
252.28000,1.02194,0.09149,0.00752,0.00146,0.89954
252.42000,1.02194,0.07940,0.00355,0.00196,0.91509
252.56000,1.02194,0.07821,0.00326,0.00047,0.91806
252.70000,1.02194,0.08906,0.00189,0.00074,0.90831
252.84000,1.02194,0.07672,0.00391,0.00060,0.91877
252.98000,1.02194,0.06195,0.00173,0.00029,0.93604
253.12000,1.02194,0.06264,0.00075,0.00028,0.93634
253.25999,1.02194,0.08815,0.00695,0.00047,0.90443
253.39999,1.02194,0.08693,0.00317,0.00111,0.90879
253.53999,1.02194,0.10664,0.00215,0.00059,0.89062
253.67999,1.02194,0.09106,0.00797,0.00084,0.90013
253.82001,1.02193,0.06655,0.00307,0.00149,0.92889
253.96001,1.02193,0.06421,0.00109,0.00041,0.93429
254.10001,1.02193,0.06707,0.00376,0.00058,0.92859
254.24001,1.02193,0.11510,0.00042,0.00103,0.88346
254.38000,1.02193,0.14336,0.00103,0.00016,0.85545
254.52000,1.02193,0.08642,0.00018,0.00008,0.91332
254.66000,1.02193,0.07442,0.00059,0.00018,0.92481
254.80000,1.02193,0.15400,0.00084,0.00057,0.84460
254.94000,1.02194,0.10659,0.00077,0.00057,0.89207
255.08000,1.02193,0.10122,0.00546,0.00351,0.88981
255.22000,1.02194,0.07002,0.00085,0.00964,0.91948
255.36000,1.02193,0.06619,0.00092,0.00244,0.93045
255.50000,1.02194,0.05977,0.00050,0.00223,0.93750
255.64000,1.02193,0.06061,0.00098,0.00230,0.93611
255.78000,1.02194,0.05441,0.00045,0.00136,0.94378
255.92000,1.02193,0.05858,0.00100,0.00048,0.93995
256.06000,1.02194,0.09520,0.00818,0.00134,0.89528
256.20001,1.02191,0.07445,0.00293,0.00309,0.91953
256.34000,1.02194,0.06677,0.00270,0.00163,0.92889
256.48001,1.02191,0.05836,0.00169,0.00100,0.93894
256.62000,1.02194,0.08887,0.00985,0.00269,0.89860
256.76001,1.02194,0.08470,0.00911,0.00276,0.90342
256.89999,1.02194,0.07076,0.00455,0.00226,0.92242
257.04001,1.02194,0.09495,0.00676,0.00088,0.89741
257.17999,1.02194,0.06438,0.00156,0.00046,0.93361
257.32001,1.02194,0.06490,0.00067,0.00023,0.93421
257.45999,1.02194,0.06873,0.00082,0.00029,0.93016
257.60001,1.02194,0.05126,0.00021,0.00027,0.94826
257.73999,1.02194,0.08452,0.00240,0.00084,0.91224
257.88000,1.02194,0.04340,0.00024,0.00053,0.95584
258.01999,1.02194,0.06913,0.00116,0.00335,0.92636
258.16000,1.02194,0.07521,0.00143,0.00146,0.92190
258.29999,1.02194,0.08753,0.00286,0.00176,0.90785
258.44000,1.02194,0.08749,0.00217,0.00071,0.90963
258.57999,1.02194,0.07854,0.00268,0.00071,0.91807
258.72000,1.02194,0.07505,0.00180,0.00099,0.92216
258.85999,1.02194,0.10838,0.00995,0.00195,0.87971
259.00000,1.02194,0.09065,0.00727,0.00368,0.89840
259.14001,1.02191,0.08908,0.00482,0.00392,0.90218
259.28000,1.02194,0.07625,0.00239,0.00576,0.91560
259.42001,1.02191,0.07869,0.00154,0.00730,0.91247
259.56000,1.02194,0.09249,0.00464,0.00648,0.89639
259.70001,1.02191,0.11301,0.01183,0.00480,0.87036
259.84000,1.02194,0.08836,0.00676,0.00285,0.90203
259.98001,1.02191,0.06994,0.00183,0.00128,0.92695
260.12000,1.02194,0.07188,0.00374,0.00094,0.92344
260.26001,1.02194,0.09926,0.00670,0.00127,0.89277
260.39999,1.02194,0.11006,0.01171,0.00170,0.87653
260.54001,1.02194,0.07986,0.00345,0.00232,0.91438
260.67999,1.02194,0.07957,0.00681,0.00228,0.91135
260.82001,1.02194,0.08175,0.00889,0.00378,0.90557
260.95999,1.02194,0.10797,0.02103,0.00405,0.86695
261.10001,1.02194,0.10339,0.01341,0.00584,0.87736
261.23999,1.02194,0.10726,0.00818,0.00929,0.87528
261.38000,1.02194,0.10287,0.00708,0.00922,0.88082
261.51999,1.02194,0.09122,0.00475,0.00476,0.89927
261.66000,1.02194,0.10370,0.00897,0.00835,0.87898
261.79999,1.02194,0.08656,0.00478,0.00750,0.90116
261.94000,1.02194,0.08983,0.00381,0.01152,0.89485
262.07999,1.02194,0.08394,0.00251,0.00867,0.90488
262.22000,1.02194,0.09708,0.00695,0.01420,0.88177
262.35999,1.02194,0.09261,0.00570,0.01166,0.89004
262.50000,1.02194,0.08962,0.00591,0.00848,0.89599
262.64001,1.02191,0.07524,0.00222,0.00368,0.91886
262.78000,1.02194,0.08190,0.00490,0.00267,0.91052
262.92001,1.02191,0.06299,0.00075,0.00114,0.93512
263.06000,1.02194,0.04722,0.00035,0.00018,0.95225
263.20001,1.02191,0.05254,0.00065,0.00015,0.94666
263.34000,1.02194,0.04899,0.00058,0.00003,0.95040
263.48001,1.02191,0.05958,0.00005,0.00002,0.94035
263.62000,1.02194,0.06186,0.00013,0.00001,0.93800
263.76001,1.02194,0.09400,0.00212,0.00004,0.90384
263.89999,1.02194,0.06315,0.00035,0.00002,0.93648
264.04001,1.02194,0.11140,0.00767,0.00003,0.88089
264.17999,1.02194,0.04904,0.00059,0.00006,0.95032
264.32001,1.02194,0.08928,0.00533,0.00021,0.90518
264.45999,1.02194,0.07180,0.00218,0.00008,0.92594
264.60001,1.02194,0.10119,0.00195,0.00025,0.89661
264.73999,1.02194,0.08580,0.00162,0.00024,0.91234
264.88000,1.02194,0.12126,0.00388,0.00024,0.87462
265.01999,1.02194,0.07058,0.00026,0.00009,0.92907
265.16000,1.02194,0.06876,0.00439,0.00010,0.92675
265.29999,1.02194,0.06591,0.00207,0.00027,0.93176
265.44000,1.02194,0.06348,0.00191,0.00061,0.93400
265.57999,1.02194,0.10682,0.01473,0.00101,0.87745
265.72000,1.02194,0.07241,0.00446,0.00098,0.92214
265.85999,1.02194,0.09650,0.00851,0.00294,0.89205
266.00000,1.02194,0.12169,0.01773,0.00463,0.85595
266.14001,1.02191,0.08638,0.00202,0.00113,0.91047
266.28000,1.02194,0.10979,0.00548,0.00057,0.88416
266.42001,1.02191,0.09427,0.00550,0.00060,0.89964
266.56000,1.02194,0.06907,0.00120,0.00022,0.92952
266.70001,1.02191,0.06952,0.00238,0.00007,0.92803
266.84000,1.02194,0.04274,0.00093,0.00005,0.95628
266.98001,1.02191,0.09527,0.01115,0.00026,0.89332
267.12000,1.02194,0.08728,0.01470,0.00032,0.89770
267.26001,1.02194,0.06701,0.00099,0.00011,0.93188
267.39999,1.02194,0.06841,0.00413,0.00003,0.92743
267.54001,1.02194,0.08751,0.00348,0.00008,0.90893
267.67999,1.02194,0.07924,0.00241,0.00006,0.91829
267.82001,1.02194,0.07768,0.00119,0.00003,0.92110
267.95999,1.02194,0.05286,0.00033,0.00005,0.94675
268.10001,1.02194,0.07901,0.00259,0.00025,0.91815
268.23999,1.02194,0.05501,0.00088,0.00047,0.94363
268.38000,1.02194,0.05082,0.00081,0.00035,0.94802
268.51999,1.02194,0.05841,0.00091,0.00051,0.94017
268.66000,1.02194,0.04875,0.00031,0.00057,0.95038
268.79999,1.02194,0.05327,0.00059,0.00055,0.94559
268.94000,1.02194,0.03862,0.00047,0.00010,0.96080
269.07999,1.02194,0.04960,0.00265,0.00009,0.94766
269.22000,1.02194,0.07392,0.00407,0.00025,0.92177
269.35999,1.02194,0.09053,0.00893,0.00019,0.90035
269.50000,1.02194,0.09145,0.00788,0.00052,0.90015
269.64001,1.02191,0.07907,0.00505,0.00023,0.91564
269.78000,1.02194,0.08557,0.00088,0.00031,0.91324
269.92001,1.02191,0.08797,0.00318,0.00022,0.90863
270.06000,1.02194,0.11251,0.00538,0.00032,0.88178
270.20001,1.02191,0.08310,0.00242,0.00048,0.91400
270.34000,1.02194,0.09147,0.00330,0.00009,0.90514
270.48001,1.02191,0.05469,0.00100,0.00021,0.94410
270.62000,1.02194,0.09804,0.00220,0.00059,0.89917
270.76001,1.02194,0.07659,0.00348,0.00061,0.91932
270.89999,1.02194,0.05563,0.00090,0.00031,0.94315
271.04001,1.02194,0.06629,0.00344,0.00089,0.92938
271.17999,1.02194,0.07952,0.00494,0.00149,0.91404
271.32001,1.02194,0.14554,0.00081,0.00082,0.85283
271.45999,1.02194,0.11131,0.00099,0.00015,0.88755
271.60001,1.02194,0.22569,0.00208,0.00013,0.77211
271.73999,1.02194,0.48629,0.00042,0.00007,0.51323
271.88000,1.02194,0.57564,0.00101,0.00001,0.42334
272.01999,1.02194,0.37388,0.00155,0.00004,0.62453
272.16000,1.02194,0.69182,0.00049,0.00004,0.30765
272.29999,1.02194,0.27996,0.00260,0.00012,0.71732
272.44000,1.02194,0.16968,0.00107,0.00006,0.82918
272.57999,1.02194,0.10412,0.00948,0.00014,0.88626
272.72000,1.02194,0.05537,0.00160,0.00015,0.94289
272.85999,1.02194,0.04690,0.00040,0.00028,0.95242
273.00000,1.02194,0.04948,0.00037,0.00053,0.94962
273.14001,1.02191,0.08146,0.00178,0.00159,0.91517
273.28000,1.02194,0.06075,0.00007,0.00056,0.93862
273.42001,1.02191,0.07205,0.00054,0.00095,0.92646
273.56000,1.02194,0.06641,0.00061,0.00061,0.93238
273.70001,1.02191,0.06952,0.00120,0.00029,0.92898
273.84000,1.02194,0.07521,0.00264,0.00011,0.92204
273.98001,1.02191,0.06887,0.00103,0.00004,0.93006
274.12000,1.02194,0.16742,0.00112,0.00003,0.83144
274.26001,1.02194,0.07106,0.00707,0.00003,0.92184
274.39999,1.02194,0.08153,0.00677,0.00003,0.91167
274.54001,1.02194,0.09835,0.00421,0.00005,0.89739
274.67999,1.02194,0.04827,0.00146,0.00004,0.95023
274.82001,1.02194,0.08711,0.00412,0.00026,0.90852
274.95999,1.02194,0.09757,0.00453,0.00094,0.89696
275.10001,1.02194,0.11170,0.00738,0.00091,0.88001
275.23999,1.02194,0.07388,0.00175,0.00127,0.92310
275.38000,1.02194,0.09176,0.00434,0.00286,0.90104
275.51999,1.02194,0.07837,0.00100,0.00428,0.91635
275.66000,1.02194,0.09179,0.00116,0.00417,0.90287
275.79999,1.02194,0.21514,0.00314,0.00892,0.77280
275.94000,1.02194,0.54660,0.00028,0.00594,0.44718
276.07999,1.02194,0.63261,0.00050,0.00052,0.36637
276.22000,1.02194,0.59280,0.00114,0.00029,0.40576
276.35999,1.02194,0.49184,0.00366,0.00029,0.50421
276.50000,1.02194,0.77963,0.00315,0.00047,0.21675
276.64001,1.02191,0.67466,0.00406,0.00049,0.32079
276.78000,1.02194,0.34563,0.03979,0.00102,0.61355
276.92001,1.02191,0.25047,0.02102,0.00200,0.72651
277.06000,1.02194,0.09950,0.00138,0.00134,0.89778
277.20001,1.02191,0.19652,0.00153,0.00037,0.80158
277.34000,1.02194,0.30423,0.00899,0.00050,0.68628
277.48001,1.02191,0.37878,0.00918,0.00062,0.61142
277.62000,1.02194,0.52228,0.01626,0.00157,0.45989
277.76001,1.02194,0.64221,0.04218,0.00536,0.31025
277.89999,1.02194,0.85496,0.04097,0.00921,0.09487
278.04001,1.02194,0.75490,0.02940,0.00664,0.20906
278.17999,1.02194,0.84332,0.00449,0.00676,0.14543
278.32001,1.02194,0.96939,0.00000,0.00010,0.03051
278.45999,1.02194,0.91163,0.00005,0.00004,0.08828
278.60001,1.02194,0.91578,0.00002,0.00001,0.08418
278.73999,1.02194,0.82644,0.00116,0.00006,0.17233
278.88000,1.02194,0.95700,0.00038,0.00011,0.04251
279.01999,1.02194,0.98818,0.00093,0.00011,0.01078
279.16000,1.02194,0.90963,0.05468,0.00112,0.03458
279.29999,1.02194,0.92145,0.03028,0.01266,0.03561
279.44000,1.02194,0.93206,0.00583,0.02806,0.03405
279.57999,1.02194,0.86304,0.00862,0.03952,0.08882
279.72000,1.02194,0.70278,0.00734,0.07190,0.21798
279.85999,1.02194,0.70765,0.00585,0.06066,0.22584
280.00000,1.02194,0.85283,0.00769,0.03596,0.10353
280.14001,1.02191,0.94037,0.01045,0.02411,0.02507
280.28000,1.02194,0.94939,0.02434,0.01520,0.01107
280.42001,1.02191,0.95441,0.03563,0.00767,0.00229
280.56000,1.02194,0.98420,0.01239,0.00251,0.00090
280.70001,1.02191,0.98199,0.01404,0.00288,0.00109
280.84000,1.02194,0.96704,0.02697,0.00463,0.00136
280.98001,1.02191,0.95936,0.03407,0.00515,0.00142
281.12000,1.02194,0.95101,0.04282,0.00441,0.00176
281.26001,1.02194,0.94096,0.05166,0.00517,0.00220
281.39999,1.02194,0.94438,0.04899,0.00466,0.00197
281.54001,1.02194,0.96583,0.02998,0.00240,0.00179
281.67999,1.02194,0.95299,0.04241,0.00329,0.00131
281.82001,1.02194,0.96310,0.03239,0.00329,0.00123
281.95999,1.02194,0.97285,0.02358,0.00274,0.00083
282.10001,1.02194,0.96999,0.02578,0.00348,0.00074
282.23999,1.02194,0.97977,0.01670,0.00273,0.00080
282.38000,1.02194,0.97040,0.02582,0.00324,0.00053
282.51999,1.02194,0.97098,0.02503,0.00342,0.00056
282.66000,1.02194,0.96760,0.02866,0.00318,0.00056
282.79999,1.02194,0.96351,0.03266,0.00324,0.00058
282.94000,1.02194,0.97301,0.02313,0.00325,0.00062
283.07999,1.02194,0.97817,0.01300,0.00750,0.00133
283.22000,1.02194,0.94532,0.04600,0.00578,0.00290
283.35999,1.02194,0.96776,0.02312,0.00585,0.00327
283.50000,1.02194,0.96800,0.01874,0.00809,0.00517
283.64001,1.02191,0.94263,0.03380,0.01479,0.00878
283.78000,1.02194,0.93939,0.04341,0.00955,0.00766
283.92001,1.02191,0.73221,0.25245,0.01091,0.00444
284.06000,1.02194,0.92498,0.06315,0.01041,0.00147
284.20001,1.02191,0.94505,0.04565,0.00829,0.00100
284.34000,1.02194,0.94863,0.04217,0.00845,0.00075
284.48001,1.02191,0.96878,0.02612,0.00443,0.00066
284.62000,1.02194,0.96343,0.03067,0.00542,0.00048
284.76001,1.02194,0.96816,0.02818,0.00339,0.00026
284.89999,1.02194,0.98690,0.00999,0.00269,0.00041
285.04001,1.02194,0.96153,0.03069,0.00679,0.00098
285.17999,1.02194,0.94586,0.04638,0.00634,0.00141
285.32001,1.02194,0.94556,0.04758,0.00542,0.00144
285.45999,1.02194,0.96240,0.03123,0.00464,0.00173
285.60001,1.02194,0.96357,0.03080,0.00412,0.00150
285.73999,1.02194,0.96181,0.03182,0.00486,0.00151
285.88000,1.02194,0.95828,0.03705,0.00411,0.00055
286.01999,1.02194,0.98336,0.01359,0.00262,0.00043
286.16000,1.02194,0.98192,0.01513,0.00265,0.00030
286.29999,1.02194,0.97839,0.01865,0.00265,0.00031
286.44000,1.02194,0.97979,0.01753,0.00228,0.00041
286.57999,1.02194,0.97679,0.02041,0.00252,0.00028
286.72000,1.02194,0.97727,0.01990,0.00253,0.00031
286.85999,1.02194,0.97699,0.02004,0.00265,0.00033
287.00000,1.02194,0.97791,0.01904,0.00250,0.00055
287.14001,1.02191,0.97746,0.01935,0.00281,0.00038
287.28000,1.02194,0.97964,0.01738,0.00268,0.00030
287.42001,1.02191,0.97944,0.01776,0.00245,0.00035
287.56000,1.02194,0.97192,0.02547,0.00225,0.00036
287.70001,1.02191,0.97562,0.02172,0.00221,0.00045
287.84000,1.02194,0.97870,0.01894,0.00199,0.00037
287.98001,1.02191,0.97104,0.02649,0.00214,0.00033
288.12000,1.02194,0.96829,0.02894,0.00228,0.00049
288.26001,1.02194,0.92647,0.07009,0.00307,0.00037
288.39999,1.02194,0.93240,0.06365,0.00329,0.00065
288.54001,1.02194,0.93182,0.06378,0.00366,0.00074
288.67999,1.02194,0.94297,0.05386,0.00240,0.00077
288.82001,1.02194,0.92754,0.06899,0.00279,0.00068
288.95999,1.02194,0.93741,0.05840,0.00331,0.00088
289.10001,1.02194,0.91398,0.08134,0.00420,0.00048
289.23999,1.02194,0.96539,0.03114,0.00284,0.00063
289.38000,1.02194,0.93795,0.05741,0.00392,0.00072
289.51999,1.02194,0.94784,0.04760,0.00383,0.00072
289.66000,1.02194,0.96555,0.03066,0.00316,0.00063
289.79999,1.02194,0.97540,0.02057,0.00329,0.00074
289.94000,1.02194,0.98562,0.01169,0.00206,0.00063
290.07999,1.02194,0.98711,0.00993,0.00243,0.00053
290.22000,1.02194,0.98545,0.01119,0.00302,0.00035
290.35999,1.02194,0.99059,0.00686,0.00222,0.00033
290.50000,1.02194,0.98913,0.00805,0.00256,0.00027
290.64001,1.02191,0.99219,0.00526,0.00217,0.00038
290.78000,1.02194,0.99050,0.00678,0.00247,0.00025
290.92001,1.02191,0.98937,0.00795,0.00243,0.00025
291.06000,1.02194,0.98694,0.00969,0.00307,0.00030
291.20001,1.02191,0.98165,0.01473,0.00318,0.00044
291.34000,1.02194,0.97953,0.01686,0.00327,0.00034
291.48001,1.02191,0.98125,0.01508,0.00311,0.00056
291.62000,1.02194,0.97766,0.01739,0.00437,0.00059
291.76001,1.02194,0.96686,0.02810,0.00455,0.00048
291.89999,1.02194,0.97816,0.01597,0.00502,0.00085
292.04001,1.02194,0.98937,0.00798,0.00237,0.00028
292.17999,1.02194,0.98934,0.00789,0.00251,0.00027
292.32001,1.02194,0.98989,0.00767,0.00222,0.00022
292.45999,1.02194,0.98048,0.01565,0.00341,0.00045
292.60001,1.02194,0.98397,0.01313,0.00243,0.00047
292.73999,1.02194,0.97972,0.01686,0.00302,0.00040
292.88000,1.02194,0.97854,0.01852,0.00255,0.00039
293.01999,1.02194,0.97643,0.02059,0.00248,0.00051
293.16000,1.02194,0.96980,0.02529,0.00424,0.00067
293.29999,1.02194,0.97050,0.02598,0.00320,0.00032
293.44000,1.02194,0.98519,0.01218,0.00219,0.00045
293.57999,1.02194,0.98414,0.01265,0.00276,0.00045
293.72000,1.02194,0.98007,0.01519,0.00430,0.00044
293.85999,1.02194,0.97283,0.02095,0.00535,0.00086
294.00000,1.02194,0.98097,0.01445,0.00372,0.00085
294.14001,1.02191,0.97451,0.01896,0.00555,0.00098
294.28000,1.02194,0.97386,0.01951,0.00568,0.00095
294.42001,1.02191,0.98160,0.01342,0.00399,0.00098
294.56000,1.02194,0.96921,0.02321,0.00653,0.00104
294.70001,1.02191,0.98621,0.01041,0.00287,0.00051
294.84000,1.02194,0.98270,0.01287,0.00383,0.00059
294.98001,1.02191,0.98433,0.01120,0.00361,0.00086
295.12000,1.02194,0.98198,0.01295,0.00423,0.00084
295.26001,1.02194,0.97933,0.01431,0.00534,0.00102
295.39999,1.02194,0.98078,0.01085,0.00628,0.00209
295.54001,1.02194,0.98231,0.01023,0.00565,0.00181
295.67999,1.02194,0.97672,0.01401,0.00762,0.00166
295.82001,1.02194,0.96517,0.01762,0.01514,0.00207
295.95999,1.02194,0.95735,0.01914,0.02065,0.00287
296.10001,1.02194,0.94578,0.02643,0.02565,0.00214
296.23999,1.02194,0.94420,0.03440,0.01986,0.00154
296.38000,1.02194,0.95664,0.02216,0.01846,0.00275
296.51999,1.02194,0.96278,0.02391,0.01151,0.00180
296.66000,1.02194,0.91665,0.06570,0.01681,0.00084
296.79999,1.02194,0.93059,0.06352,0.00519,0.00069
296.94000,1.02194,0.85176,0.14212,0.00556,0.00056
297.07999,1.02194,0.91363,0.08252,0.00336,0.00048
297.22000,1.02194,0.95722,0.03896,0.00290,0.00092
297.35999,1.02194,0.94468,0.05116,0.00320,0.00096
297.50000,1.02194,0.90672,0.08824,0.00420,0.00084
297.64001,1.02191,0.88472,0.11100,0.00369,0.00058
297.78000,1.02194,0.93895,0.05809,0.00211,0.00086
297.92001,1.02191,0.85710,0.14062,0.00186,0.00043
298.06000,1.02194,0.79193,0.20581,0.00174,0.00052
298.20001,1.02191,0.73750,0.25959,0.00200,0.00090
298.34000,1.02194,0.69792,0.29906,0.00208,0.00094
298.48001,1.02191,0.65858,0.33883,0.00208,0.00051
298.62000,1.02194,0.85066,0.14591,0.00263,0.00079
298.76001,1.02194,0.86321,0.13332,0.00302,0.00045
298.89999,1.02194,0.94447,0.05241,0.00260,0.00052
299.04001,1.02194,0.96306,0.03376,0.00282,0.00036
299.17999,1.02194,0.97436,0.02249,0.00284,0.00031
299.32001,1.02194,0.98593,0.01139,0.00231,0.00037
299.45999,1.02194,0.98378,0.01315,0.00278,0.00030
299.60001,1.02194,0.98678,0.01006,0.00279,0.00038
299.73999,1.02194,0.98825,0.00906,0.00242,0.00028
299.88000,1.02194,0.98552,0.01148,0.00273,0.00027
300.01999,1.02194,0.98495,0.01216,0.00266,0.00023
300.16000,1.02194,0.98696,0.01006,0.00271,0.00027
300.29999,1.02194,0.99189,0.00588,0.00188,0.00035
300.44000,1.02194,0.98747,0.00975,0.00255,0.00023
300.57999,1.02194,0.98905,0.00829,0.00237,0.00030
300.72000,1.02194,0.98694,0.01023,0.00259,0.00024
300.85999,1.02194,0.98664,0.01054,0.00258,0.00024
301.00000,1.02194,0.97259,0.02406,0.00303,0.00032
301.14001,1.02191,0.93029,0.06672,0.00255,0.00044
301.28000,1.02194,0.87949,0.11710,0.00283,0.00057
301.42001,1.02191,0.82701,0.16962,0.00273,0.00064
301.56000,1.02194,0.79687,0.19961,0.00272,0.00080
301.70001,1.02191,0.77318,0.22308,0.00254,0.00120
301.84000,1.02194,0.39875,0.59812,0.00225,0.00088
301.98001,1.02191,0.40333,0.59432,0.00179,0.00056
302.12000,1.02194,0.45870,0.53796,0.00242,0.00092
302.26001,1.02194,0.71214,0.28326,0.00269,0.00190
302.39999,1.02194,0.88425,0.10513,0.00505,0.00558
302.54001,1.02194,0.90469,0.07133,0.00131,0.02266
302.67999,1.02194,0.73017,0.25789,0.00270,0.00925
302.82001,1.02194,0.93353,0.04471,0.00264,0.01912
302.95999,1.02194,0.94407,0.04555,0.00398,0.00640
303.10001,1.02194,0.97694,0.01904,0.00096,0.00306
303.23999,1.02194,0.91971,0.07566,0.00233,0.00229
303.38000,1.02194,0.96235,0.03370,0.00368,0.00027
303.51999,1.02194,0.99011,0.00647,0.00309,0.00033
303.66000,1.02194,0.97637,0.01725,0.00537,0.00102
303.79999,1.02194,0.97557,0.01715,0.00575,0.00154
303.94000,1.02194,0.96331,0.02625,0.00921,0.00123
304.07999,1.02194,0.98035,0.01197,0.00633,0.00135
304.22000,1.02194,0.97998,0.01556,0.00351,0.00095
304.35999,1.02194,0.97282,0.02204,0.00358,0.00156
304.50000,1.02194,0.98870,0.00878,0.00225,0.00027
304.64001,1.02191,0.98985,0.00760,0.00229,0.00025
304.78000,1.02194,0.97111,0.02314,0.00521,0.00054
304.92001,1.02191,0.97266,0.02131,0.00538,0.00065
305.06000,1.02194,0.97997,0.01535,0.00417,0.00050
305.20001,1.02191,0.97608,0.01918,0.00421,0.00052
305.34000,1.02194,0.95969,0.03550,0.00428,0.00053
305.48001,1.02191,0.94791,0.04442,0.00681,0.00085
305.62000,1.02194,0.96623,0.03036,0.00318,0.00024
305.76001,1.02194,0.97633,0.02060,0.00278,0.00029
305.89999,1.02194,0.96107,0.03441,0.00400,0.00052
306.04001,1.02194,0.95893,0.03515,0.00544,0.00048
306.17999,1.02194,0.98247,0.01378,0.00313,0.00063
306.32001,1.02194,0.97398,0.02158,0.00388,0.00056
306.45999,1.02194,0.97363,0.02237,0.00357,0.00043
306.60001,1.02194,0.96544,0.02816,0.00581,0.00059
306.73999,1.02194,0.98339,0.01358,0.00275,0.00028
306.88000,1.02194,0.98213,0.01473,0.00286,0.00027
307.01999,1.02194,0.98311,0.01340,0.00318,0.00031
307.16000,1.02194,0.98484,0.01221,0.00270,0.00025
307.29999,1.02194,0.98498,0.01188,0.00289,0.00025
307.44000,1.02194,0.98731,0.00771,0.00463,0.00035
307.57999,1.02194,0.97735,0.00852,0.01161,0.00253
307.72000,1.02194,0.95835,0.00905,0.01865,0.01395
307.85999,1.02194,0.94449,0.00622,0.01620,0.03309
308.00000,1.02194,0.93509,0.00896,0.02033,0.03561
308.14001,1.02191,0.96474,0.00923,0.00967,0.01636
308.28000,1.02194,0.95453,0.02259,0.01505,0.00784
308.42001,1.02191,0.98062,0.01275,0.00464,0.00200
308.56000,1.02194,0.98545,0.01147,0.00261,0.00047
308.70001,1.02191,0.98487,0.01236,0.00238,0.00039
308.84000,1.02194,0.98018,0.01732,0.00205,0.00045
308.98001,1.02191,0.97115,0.02577,0.00271,0.00036
309.12000,1.02194,0.96152,0.03584,0.00232,0.00032
309.26001,1.02194,0.97324,0.02439,0.00199,0.00037
309.39999,1.02194,0.97145,0.02516,0.00288,0.00051
309.54001,1.02194,0.97527,0.02159,0.00276,0.00038
309.67999,1.02194,0.98304,0.01436,0.00233,0.00028
309.82001,1.02194,0.98450,0.01190,0.00326,0.00034
309.95999,1.02194,0.98938,0.00789,0.00249,0.00025
310.10001,1.02194,0.98955,0.00780,0.00241,0.00024
310.23999,1.02194,0.98944,0.00810,0.00226,0.00020
310.38000,1.02194,0.99178,0.00575,0.00222,0.00024
310.51999,1.02194,0.99129,0.00567,0.00261,0.00043
310.66000,1.02194,0.98903,0.00792,0.00260,0.00045
310.79999,1.02194,0.99075,0.00634,0.00239,0.00053
310.94000,1.02194,0.98645,0.00864,0.00446,0.00045
311.07999,1.02194,0.96982,0.01016,0.01621,0.00382
311.22000,1.02194,0.95511,0.02205,0.01112,0.01172
311.35999,1.02194,0.91595,0.00420,0.00649,0.07336
311.50000,1.02194,0.71857,0.00976,0.00311,0.26856
311.64001,1.02191,0.31293,0.00396,0.00140,0.68171
311.78000,1.02194,0.09821,0.00178,0.00038,0.89963
311.92001,1.02191,0.09047,0.00314,0.00036,0.90603
312.06000,1.02194,0.04354,0.00086,0.00022,0.95539
312.20001,1.02191,0.08481,0.00504,0.00116,0.90898
312.34000,1.02194,0.06097,0.00140,0.00191,0.93572
312.48001,1.02191,0.06658,0.00052,0.00092,0.93198
312.62000,1.02194,0.05659,0.00101,0.00068,0.94172
312.76001,1.02194,0.04551,0.00071,0.00059,0.95319
312.89999,1.02194,0.03734,0.00036,0.00018,0.96212
313.04001,1.02194,0.02404,0.00008,0.00002,0.97586
313.17999,1.02194,0.03517,0.00042,0.00002,0.96439
313.32001,1.02194,0.16229,0.02083,0.00010,0.81678
313.45999,1.02194,0.28736,0.08326,0.00033,0.62906
313.60001,1.02194,0.21189,0.00943,0.00015,0.77853
313.73999,1.02194,0.21142,0.08543,0.00022,0.70292
313.88000,1.02194,0.34099,0.18319,0.00098,0.47484
314.01999,1.02194,0.23349,0.13561,0.00095,0.62995
314.16000,1.02194,0.12659,0.00578,0.00048,0.86715
314.29999,1.02194,0.06821,0.00098,0.00009,0.93072
314.44000,1.02194,0.17625,0.01503,0.00022,0.80850
314.57999,1.02194,0.10712,0.00303,0.00019,0.88966
314.72000,1.02194,0.06476,0.00106,0.00009,0.93408
314.85999,1.02194,0.05581,0.00031,0.00007,0.94381
315.00000,1.02194,0.05105,0.00265,0.00004,0.94626
315.14001,1.02191,0.11279,0.01760,0.00015,0.86946
315.28000,1.02194,0.06172,0.00220,0.00024,0.93583
315.42001,1.02191,0.10201,0.00593,0.00077,0.89129
315.56000,1.02194,0.09566,0.00252,0.00100,0.90082
315.70001,1.02191,0.12760,0.01779,0.00215,0.85246
315.84000,1.02194,0.08249,0.00336,0.00154,0.91261
315.98001,1.02191,0.07691,0.00201,0.00292,0.91816
316.12000,1.02194,0.07683,0.00312,0.00048,0.91958
316.26001,1.02194,0.08978,0.00737,0.00087,0.90197
316.39999,1.02194,0.07194,0.00283,0.00044,0.92479
316.54001,1.02194,0.06502,0.00202,0.00048,0.93248
316.67999,1.02194,0.08767,0.00049,0.00012,0.91172
316.82001,1.02194,0.05570,0.00162,0.00013,0.94255
316.95999,1.02194,0.03968,0.00033,0.00006,0.95993
317.10001,1.02194,0.05763,0.00226,0.00008,0.94003
317.23999,1.02194,0.04517,0.00083,0.00005,0.95395
317.38000,1.02194,0.09293,0.01044,0.00005,0.89658
317.51999,1.02194,0.04703,0.00140,0.00005,0.95152
317.66000,1.02194,0.15077,0.02926,0.00035,0.81963
317.79999,1.02194,0.08292,0.01031,0.00017,0.90661
317.94000,1.02194,0.09794,0.01730,0.00057,0.88419
318.07999,1.02194,0.11172,0.01473,0.00042,0.87312
318.22000,1.02194,0.06585,0.00380,0.00044,0.92991
318.35999,1.02194,0.05848,0.00136,0.00070,0.93947
318.50000,1.02194,0.05965,0.00244,0.00087,0.93704
318.64001,1.02191,0.04487,0.00070,0.00047,0.95396
318.78000,1.02194,0.05861,0.00231,0.00106,0.93801
318.92001,1.02191,0.08364,0.00699,0.00304,0.90633
319.06000,1.02194,0.06831,0.00166,0.00422,0.92580
319.20001,1.02191,0.06488,0.00076,0.00184,0.93252
319.34000,1.02194,0.05858,0.00108,0.00211,0.93822
319.48001,1.02191,0.06078,0.00049,0.00520,0.93353
319.62000,1.02194,0.06475,0.00063,0.00540,0.92923
319.76001,1.02194,0.06269,0.00063,0.00500,0.93168
319.89999,1.02194,0.08739,0.00387,0.00607,0.90267
320.04001,1.02194,0.07614,0.00177,0.00643,0.91565
320.17999,1.02194,0.07532,0.00249,0.00619,0.91600
320.32001,1.02194,0.07169,0.00315,0.00357,0.92159
320.45999,1.02194,0.06777,0.00392,0.00217,0.92615
320.60001,1.02194,0.12894,0.03862,0.00138,0.83106
320.73999,1.02194,0.09041,0.01529,0.00176,0.89254
320.88000,1.02194,0.09395,0.00931,0.00138,0.89536
321.01999,1.02194,0.10102,0.00878,0.00190,0.88830
321.16000,1.02194,0.09612,0.00472,0.00118,0.89798
321.29999,1.02194,0.14660,0.03994,0.00116,0.81231
321.44000,1.02194,0.08676,0.00756,0.00132,0.90436
321.57999,1.02194,0.06720,0.00268,0.00073,0.92940
321.72000,1.02194,0.06015,0.00109,0.00058,0.93818
321.85999,1.02194,0.09399,0.00240,0.00010,0.90351
322.00000,1.02194,0.10351,0.02024,0.00026,0.87600
322.14001,1.02191,0.07660,0.00391,0.00019,0.91929
322.28000,1.02194,0.06592,0.00273,0.00019,0.93116
322.42001,1.02191,0.09513,0.00519,0.00020,0.89948
322.56000,1.02194,0.10450,0.01613,0.00018,0.87920
322.70001,1.02191,0.06556,0.00345,0.00009,0.93090
322.84000,1.02194,0.05666,0.00102,0.00013,0.94219
322.98001,1.02191,0.03930,0.00040,0.00017,0.96014
323.12000,1.02194,0.06858,0.00396,0.00011,0.92735
323.26001,1.02194,0.05589,0.00162,0.00011,0.94238
323.39999,1.02194,0.06877,0.00202,0.00025,0.92895
323.54001,1.02194,0.07209,0.00287,0.00013,0.92491
323.67999,1.02194,0.06421,0.00271,0.00016,0.93292
323.82001,1.02194,0.06851,0.00499,0.00005,0.92645
323.95999,1.02194,0.04930,0.00129,0.00004,0.94937
324.10001,1.02194,0.05749,0.00318,0.00004,0.93929
324.23999,1.02194,0.09943,0.01539,0.00002,0.88517
324.38000,1.02194,0.06225,0.00457,0.00003,0.93315
324.51999,1.02194,0.05496,0.00134,0.00003,0.94367
324.66000,1.02194,0.05666,0.00030,0.00006,0.94298
324.79999,1.02194,0.05696,0.00157,0.00004,0.94143
324.94000,1.02194,0.05799,0.00044,0.00009,0.94148
325.07999,1.02194,0.04180,0.00019,0.00023,0.95779
325.22000,1.02194,0.04671,0.00023,0.00029,0.95278
325.35999,1.02194,0.04322,0.00004,0.00083,0.95591
325.50000,1.02194,0.06952,0.00023,0.00068,0.92956
325.64001,1.02191,0.05677,0.00008,0.00048,0.94267
325.78000,1.02194,0.07368,0.00019,0.00051,0.92563
325.92001,1.02191,0.07052,0.00045,0.00125,0.92778
326.06000,1.02194,0.07592,0.00020,0.00249,0.92139
326.20001,1.02191,0.11657,0.00012,0.00242,0.88089
326.34000,1.02194,0.06563,0.00040,0.00555,0.92841
326.48001,1.02191,0.06887,0.00019,0.02120,0.90974
326.62000,1.02194,0.07043,0.00018,0.01697,0.91242
326.76001,1.02194,0.05551,0.00007,0.00727,0.93716
326.89999,1.02194,0.05195,0.00005,0.00475,0.94325
327.04001,1.02194,0.05617,0.00015,0.00680,0.93688
327.17999,1.02194,0.06000,0.00010,0.00889,0.93101
327.32001,1.02194,0.06049,0.00013,0.00517,0.93421
327.45999,1.02194,0.08104,0.00052,0.00700,0.91144
327.60001,1.02194,0.06043,0.00064,0.00523,0.93370
327.73999,1.02194,0.07396,0.00108,0.00824,0.91672
327.88000,1.02194,0.08882,0.00083,0.00765,0.90270
328.01999,1.02194,0.12398,0.00501,0.00164,0.86937
328.16000,1.02194,0.09080,0.00050,0.00122,0.90748
328.29999,1.02194,0.09936,0.00129,0.00067,0.89868
328.44000,1.02194,0.07599,0.00033,0.00033,0.92335
328.57999,1.02194,0.05882,0.00007,0.00010,0.94100
328.72000,1.02194,0.06569,0.00030,0.00008,0.93393
328.85999,1.02194,0.03771,0.00003,0.00005,0.96221
329.00000,1.02194,0.05994,0.00056,0.00005,0.93945
329.14001,1.02191,0.04989,0.00028,0.00006,0.94977
329.28000,1.02194,0.03777,0.00007,0.00002,0.96215
329.42001,1.02191,0.05744,0.00056,0.00004,0.94196
329.56000,1.02194,0.07975,0.00009,0.00005,0.92011
329.70001,1.02191,0.05797,0.00072,0.00016,0.94114
329.84000,1.02194,0.06118,0.00025,0.00023,0.93834
329.98001,1.02191,0.09785,0.00103,0.00032,0.90080
330.12000,1.02194,0.07908,0.00355,0.00037,0.91701
330.26001,1.02194,0.08875,0.00483,0.00040,0.90602
330.39999,1.02194,0.06898,0.00241,0.00022,0.92838
330.54001,1.02194,0.07429,0.00644,0.00008,0.91919
330.67999,1.02194,0.15375,0.04263,0.00048,0.80313
330.82001,1.02194,0.05501,0.00183,0.00004,0.94313
330.95999,1.02194,0.08276,0.00152,0.00011,0.91561
331.10001,1.02194,0.05031,0.00059,0.00021,0.94889
331.23999,1.02194,0.06933,0.00080,0.00073,0.92913
331.38000,1.02194,0.05717,0.00026,0.00130,0.94126
331.51999,1.02194,0.05936,0.00106,0.00075,0.93883
331.66000,1.02194,0.06365,0.00150,0.00129,0.93356
331.79999,1.02194,0.04709,0.00031,0.00047,0.95214
331.94000,1.02194,0.04787,0.00046,0.00034,0.95134
332.07999,1.02194,0.04050,0.00049,0.00012,0.95889
332.22000,1.02194,0.05306,0.00077,0.00007,0.94610
332.35999,1.02194,0.08090,0.00150,0.00006,0.91755
332.50000,1.02194,0.04081,0.00009,0.00005,0.95905
332.64001,1.02191,0.03895,0.00008,0.00002,0.96096
332.78000,1.02194,0.04023,0.00011,0.00003,0.95963
332.92001,1.02191,0.07907,0.00057,0.00005,0.92031
333.06000,1.02194,0.11172,0.00050,0.00005,0.88773
333.20001,1.02191,0.04774,0.00012,0.00003,0.95211
333.34000,1.02194,0.12587,0.00388,0.00014,0.87012
333.48001,1.02191,0.06574,0.00056,0.00024,0.93346
333.62000,1.02194,0.11111,0.00010,0.00007,0.88872
333.76001,1.02194,0.04412,0.00062,0.00008,0.95518
333.89999,1.02194,0.03928,0.00065,0.00005,0.96002
334.04001,1.02194,0.07752,0.00252,0.00031,0.91965
334.17999,1.02194,0.06054,0.00079,0.00043,0.93824
334.32001,1.02194,0.06412,0.00035,0.00077,0.93477
334.45999,1.02194,0.06199,0.00013,0.00062,0.93726
334.60001,1.02194,0.07799,0.00291,0.00091,0.91820
334.73999,1.02194,0.04778,0.00063,0.00095,0.95065
334.88000,1.02194,0.07984,0.00258,0.00345,0.91412
335.01999,1.02194,0.08672,0.00401,0.00360,0.90567
335.16000,1.02194,0.09024,0.00528,0.00369,0.90080
335.29999,1.02194,0.08227,0.00402,0.00236,0.91136
335.44000,1.02194,0.08404,0.00249,0.00382,0.90964
335.57999,1.02194,0.07355,0.00110,0.00644,0.91891
335.72000,1.02194,0.07321,0.00161,0.00145,0.92374
335.85999,1.02194,0.10902,0.01000,0.00188,0.87910
336.00000,1.02194,0.07638,0.00298,0.00202,0.91863
336.14001,1.02191,0.11557,0.01253,0.00086,0.87104
336.28000,1.02194,0.09657,0.00647,0.00039,0.89658
336.42001,1.02191,0.12601,0.01642,0.00070,0.85688
336.56000,1.02194,0.07341,0.00289,0.00008,0.92362
336.70001,1.02191,0.05046,0.00054,0.00012,0.94888
336.84000,1.02194,0.11363,0.00642,0.00016,0.87980
336.98001,1.02191,0.03795,0.00028,0.00011,0.96165
337.12000,1.02194,0.03753,0.00013,0.00029,0.96206
337.26001,1.02194,0.05746,0.00062,0.00077,0.94114
337.39999,1.02194,0.06137,0.00134,0.00131,0.93597
337.54001,1.02194,0.10920,0.00470,0.00474,0.88136
337.67999,1.02194,0.07555,0.00099,0.01669,0.90677
337.82001,1.02194,0.08438,0.00085,0.03289,0.88188
337.95999,1.02194,0.07081,0.00040,0.00717,0.92163
338.10001,1.02194,0.06178,0.00037,0.00324,0.93461
338.23999,1.02194,0.06363,0.00044,0.00248,0.93345
338.38000,1.02194,0.07154,0.00069,0.00326,0.92451
338.51999,1.02194,0.05730,0.00026,0.00136,0.94108
338.66000,1.02194,0.09522,0.00030,0.00285,0.90163
338.79999,1.02194,0.07520,0.00184,0.00788,0.91508
338.94000,1.02194,0.07122,0.00098,0.01293,0.91487
339.07999,1.02194,0.07130,0.00062,0.01472,0.91336
339.22000,1.02194,0.06858,0.00084,0.01471,0.91586
339.35999,1.02194,0.07192,0.00063,0.01531,0.91214
339.50000,1.02194,0.06599,0.00116,0.00593,0.92692
339.64001,1.02191,0.07109,0.00206,0.00627,0.92057
339.78000,1.02194,0.06562,0.00116,0.00301,0.93021
339.92001,1.02191,0.07935,0.00186,0.00635,0.91245
340.06000,1.02194,0.07298,0.00158,0.00373,0.92171
340.20001,1.02191,0.08035,0.00364,0.00342,0.91258
340.34000,1.02194,0.11546,0.00287,0.00498,0.87670
340.48001,1.02191,0.11160,0.00273,0.00543,0.88024
340.62000,1.02194,0.10905,0.00117,0.00806,0.88172
340.76001,1.02194,0.11392,0.00081,0.01072,0.87456
340.89999,1.02194,0.11091,0.00168,0.02076,0.86665
341.04001,1.02194,0.10840,0.00049,0.01575,0.87536
341.17999,1.02194,0.07528,0.00044,0.01403,0.91025
341.32001,1.02194,0.05801,0.00020,0.00726,0.93453
341.45999,1.02194,0.05410,0.00025,0.00352,0.94213
341.60001,1.02194,0.05223,0.00012,0.00186,0.94578
341.73999,1.02194,0.05754,0.00035,0.00304,0.93906
341.88000,1.02194,0.05549,0.00027,0.00089,0.94334
342.01999,1.02194,0.05796,0.00087,0.00031,0.94086
342.16000,1.02194,0.07795,0.00053,0.00024,0.92128
342.29999,1.02194,0.09693,0.00105,0.00025,0.90177
342.44000,1.02194,0.07018,0.00057,0.00016,0.92909
342.57999,1.02194,0.11963,0.00100,0.00015,0.87922
342.72000,1.02194,0.13861,0.00229,0.00015,0.85895
342.85999,1.02194,0.06485,0.00073,0.00015,0.93428
343.00000,1.02194,0.07109,0.00032,0.00039,0.92821
343.14001,1.02191,0.05243,0.00043,0.00056,0.94658
343.28000,1.02194,0.05181,0.00012,0.00033,0.94774
343.42001,1.02191,0.03459,0.00007,0.00012,0.96522
343.56000,1.02194,0.04654,0.00030,0.00043,0.95274
343.70001,1.02191,0.04343,0.00009,0.00052,0.95597
343.84000,1.02194,0.05625,0.00028,0.00070,0.94277
343.98001,1.02191,0.07843,0.00007,0.00081,0.92069
344.12000,1.02194,0.04156,0.00016,0.00089,0.95739
344.26001,1.02194,0.08764,0.00082,0.00138,0.91016
344.39999,1.02194,0.08474,0.00113,0.00049,0.91363
344.54001,1.02194,0.08441,0.00294,0.00042,0.91223
344.67999,1.02194,0.07837,0.00321,0.00056,0.91786
344.82001,1.02194,0.08462,0.00591,0.00025,0.90922
344.95999,1.02194,0.08600,0.00854,0.00026,0.90520
345.10001,1.02194,0.06057,0.00483,0.00008,0.93452
345.23999,1.02194,0.05737,0.00085,0.00017,0.94160
345.38000,1.02194,0.04577,0.00082,0.00003,0.95337
345.51999,1.02194,0.05812,0.00064,0.00008,0.94116
345.66000,1.02194,0.04587,0.00014,0.00008,0.95391
345.79999,1.02194,0.05396,0.00064,0.00009,0.94531
345.94000,1.02194,0.03768,0.00017,0.00014,0.96201
346.07999,1.02194,0.05923,0.00086,0.00032,0.93959
346.22000,1.02194,0.06346,0.00060,0.00141,0.93453
346.35999,1.02194,0.08080,0.00034,0.00203,0.91683
346.50000,1.02194,0.08494,0.00224,0.00569,0.90714
346.64001,1.02191,0.09211,0.00120,0.00934,0.89735
346.78000,1.02194,0.11196,0.00325,0.01465,0.87015
346.92001,1.02191,0.10596,0.00456,0.01171,0.87777
347.06000,1.02194,0.12014,0.00995,0.00962,0.86028
347.20001,1.02191,0.33103,0.00303,0.01152,0.65443
347.34000,1.02194,0.44346,0.01575,0.00484,0.53595
347.48001,1.02191,0.53889,0.07661,0.00127,0.38323
347.62000,1.02194,0.43552,0.04309,0.00118,0.52021
347.76001,1.02194,0.31559,0.03053,0.00065,0.65323
347.89999,1.02194,0.37475,0.05675,0.00033,0.56818
348.04001,1.02194,0.20495,0.18022,0.00059,0.61424
348.17999,1.02194,0.12874,0.05867,0.00026,0.81233
348.32001,1.02194,0.08701,0.01406,0.00044,0.89848
348.45999,1.02194,0.09937,0.02006,0.00057,0.87999
348.60001,1.02194,0.11087,0.01045,0.00064,0.87804
348.73999,1.02194,0.07956,0.00298,0.00086,0.91660
348.88000,1.02194,0.13472,0.01730,0.00035,0.84764
349.01999,1.02194,0.11701,0.00588,0.00045,0.87666
349.16000,1.02194,0.15001,0.00954,0.00028,0.84017
349.29999,1.02194,0.11251,0.00321,0.00015,0.88412
349.44000,1.02194,0.15113,0.06289,0.00003,0.78596
349.57999,1.02194,0.15917,0.10132,0.00005,0.73946
349.72000,1.02194,0.14961,0.10630,0.00005,0.74405
349.85999,1.02194,0.09907,0.04191,0.00004,0.85899
350.00000,1.02194,0.14985,0.54576,0.00041,0.30398
350.14001,1.02191,0.12250,0.05702,0.00012,0.82036
350.28000,1.02194,0.09171,0.02155,0.00033,0.88641
350.42001,1.02191,0.13849,0.05532,0.00102,0.80517
350.56000,1.02194,0.19908,0.32620,0.00028,0.47444
350.70001,1.02191,0.19665,0.27499,0.00028,0.52808
350.84000,1.02194,0.17615,0.15690,0.00019,0.66676
350.98001,1.02191,0.22169,0.19311,0.00026,0.58494
351.12000,1.02194,0.22479,0.57081,0.00040,0.20401
351.26001,1.02194,0.16136,0.06202,0.00014,0.77647
351.39999,1.02194,0.13431,0.01589,0.00010,0.84969
351.54001,1.02194,0.04086,0.00063,0.00003,0.95847
351.67999,1.02194,0.02450,0.00014,0.00002,0.97534
351.82001,1.02194,0.03651,0.00029,0.00003,0.96317
351.95999,1.02194,0.08911,0.00114,0.00004,0.90971
352.10001,1.02194,0.10509,0.00821,0.00012,0.88657
352.23999,1.02194,0.23219,0.06549,0.00024,0.70208
352.38000,1.02194,0.25280,0.04787,0.00024,0.69909
352.51999,1.02194,0.41880,0.12737,0.00028,0.45356
352.66000,1.02194,0.23091,0.52347,0.00007,0.24554
352.79999,1.02194,0.28360,0.19102,0.00010,0.52528
352.94000,1.02194,0.14248,0.04148,0.00004,0.81600
353.07999,1.02194,0.07149,0.00315,0.00013,0.92523
353.22000,1.02194,0.08936,0.00109,0.00026,0.90930
353.35999,1.02194,0.09190,0.01381,0.00037,0.89392
353.50000,1.02194,0.07084,0.00174,0.00046,0.92696
353.64001,1.02191,0.07265,0.00194,0.00021,0.92520
353.78000,1.02194,0.03238,0.00011,0.00007,0.96744
353.92001,1.02191,0.06035,0.00183,0.00004,0.93778
354.06000,1.02194,0.09771,0.00330,0.00005,0.89894
354.20001,1.02191,0.08061,0.00054,0.00008,0.91877
354.34000,1.02194,0.28444,0.01716,0.00011,0.69829
354.48001,1.02191,0.11264,0.00147,0.00006,0.88583
354.62000,1.02194,0.29364,0.02148,0.00013,0.68474
354.76001,1.02194,0.11498,0.00156,0.00010,0.88336
354.89999,1.02194,0.09376,0.00046,0.00003,0.90576
355.04001,1.02194,0.09011,0.00507,0.00001,0.90481
355.17999,1.02194,0.10811,0.00116,0.00007,0.89067
355.32001,1.02194,0.28619,0.02935,0.00014,0.68432
355.45999,1.02194,0.19171,0.00553,0.00007,0.80269
355.60001,1.02194,0.19103,0.00015,0.00005,0.80877
355.73999,1.02194,0.19581,0.00121,0.00007,0.80291
355.88000,1.02194,0.11179,0.00015,0.00007,0.88800
356.01999,1.02194,0.13794,0.00770,0.00002,0.85435
356.16000,1.02194,0.18147,0.00427,0.00003,0.81424
356.29999,1.02194,0.10171,0.00153,0.00006,0.89670
356.44000,1.02194,0.17039,0.00257,0.00029,0.82675
356.57999,1.02194,0.26815,0.00578,0.00035,0.72573
356.72000,1.02194,0.14603,0.00914,0.00005,0.84478
356.85999,1.02194,0.06054,0.00082,0.00012,0.93852
357.00000,1.02194,0.04478,0.00016,0.00018,0.95487
357.14001,1.02191,0.04777,0.00022,0.00006,0.95195
357.28000,1.02194,0.06331,0.00106,0.00013,0.93550
357.42001,1.02191,0.11726,0.00407,0.00063,0.87805
357.56000,1.02194,0.05533,0.00026,0.00069,0.94372
357.70001,1.02191,0.05957,0.00045,0.00019,0.93979
357.84000,1.02194,0.05916,0.00152,0.00006,0.93926
357.98001,1.02191,0.13911,0.01828,0.00014,0.84247
358.12000,1.02194,0.08084,0.00104,0.00007,0.91805
358.26001,1.02194,0.10425,0.00471,0.00003,0.89101
358.39999,1.02194,0.10050,0.00472,0.00005,0.89473
358.54001,1.02194,0.23745,0.01526,0.00017,0.74712
358.67999,1.02194,0.11048,0.00396,0.00004,0.88551
358.82001,1.02194,0.02938,0.00012,0.00004,0.97046
358.95999,1.02194,0.06578,0.00071,0.00026,0.93325
359.10001,1.02194,0.04554,0.00013,0.00018,0.95416
359.23999,1.02194,0.06595,0.00020,0.00013,0.93372
359.38000,1.02194,0.05007,0.00079,0.00018,0.94897
359.51999,1.02194,0.04513,0.00027,0.00019,0.95442
359.66000,1.02194,0.03790,0.00015,0.00006,0.96189
359.79999,1.02194,0.04659,0.00045,0.00006,0.95290
359.94000,1.02194,0.07530,0.00534,0.00005,0.91930
360.07999,1.02194,0.03832,0.00068,0.00003,0.96097
360.22000,1.02194,0.06813,0.00630,0.00003,0.92554
360.35999,1.02194,0.08321,0.01316,0.00002,0.90361
360.50000,1.02194,0.13190,0.10078,0.00008,0.76724
360.64001,1.02191,0.12055,0.02559,0.00006,0.85380
360.78000,1.02194,0.08292,0.00855,0.00008,0.90846
360.92001,1.02191,0.25677,0.01350,0.00045,0.72928
361.06000,1.02194,0.17152,0.01040,0.00030,0.81778
361.20001,1.02191,0.07928,0.00128,0.00012,0.91933
361.34000,1.02194,0.05357,0.00018,0.00017,0.94608
361.48001,1.02191,0.06463,0.00064,0.00013,0.93459
361.62000,1.02194,0.08920,0.00050,0.00052,0.90979
361.76001,1.02194,0.16991,0.00104,0.00024,0.82880
361.89999,1.02194,0.16077,0.01021,0.00130,0.82772
362.04001,1.02194,0.13210,0.00678,0.00202,0.85910
362.17999,1.02194,0.16205,0.03100,0.00256,0.80439
362.32001,1.02194,0.13019,0.01633,0.00336,0.85012
362.45999,1.02194,0.16462,0.05563,0.00269,0.77707
362.60001,1.02194,0.11723,0.02013,0.00206,0.86058
362.73999,1.02194,0.09183,0.00755,0.00164,0.89899
362.88000,1.02194,0.08011,0.00675,0.00101,0.91213
363.01999,1.02194,0.05434,0.00077,0.00039,0.94450
363.16000,1.02194,0.07082,0.00134,0.00090,0.92694
363.29999,1.02194,0.06092,0.00042,0.00098,0.93767
363.44000,1.02194,0.05255,0.00027,0.00152,0.94566
363.57999,1.02194,0.04151,0.00027,0.00103,0.95719
363.72000,1.02194,0.04010,0.00035,0.00080,0.95874
363.85999,1.02194,0.04635,0.00048,0.00135,0.95182
364.00000,1.02194,0.07779,0.00053,0.00112,0.92056
364.14001,1.02191,0.12484,0.00127,0.00079,0.87310
364.28000,1.02194,0.05634,0.00069,0.00020,0.94277
364.42001,1.02191,0.08342,0.00278,0.00027,0.91354
364.56000,1.02194,0.05651,0.00042,0.00014,0.94293
364.70001,1.02191,0.08341,0.00056,0.00004,0.91599
364.84000,1.02194,0.04217,0.00062,0.00006,0.95715
364.98001,1.02191,0.08949,0.00072,0.00016,0.90963
365.12000,1.02194,0.07026,0.00053,0.00008,0.92913
365.26001,1.02194,0.06194,0.00006,0.00008,0.93792
365.39999,1.02194,0.15437,0.00074,0.00006,0.84483
365.54001,1.02194,0.11249,0.00086,0.00005,0.88660
365.67999,1.02194,0.14355,0.00157,0.00010,0.85478
365.82001,1.02194,0.15230,0.00066,0.00014,0.84689
365.95999,1.02194,0.07230,0.00060,0.00014,0.92696
366.10001,1.02194,0.09833,0.00187,0.00112,0.89868
366.23999,1.02194,0.10221,0.00302,0.00070,0.89407
366.38000,1.02194,0.04467,0.00021,0.00054,0.95458
366.51999,1.02194,0.03807,0.00026,0.00018,0.96149
366.66000,1.02194,0.03288,0.00014,0.00016,0.96682
366.79999,1.02194,0.04035,0.00043,0.00003,0.95918
366.94000,1.02194,0.07106,0.00115,0.00009,0.92771
367.07999,1.02194,0.04484,0.00034,0.00010,0.95472
367.22000,1.02194,0.05772,0.00054,0.00020,0.94154
367.35999,1.02194,0.05983,0.00137,0.00009,0.93872
367.50000,1.02194,0.25503,0.11397,0.00062,0.63037
367.64001,1.02191,0.27927,0.13970,0.00092,0.58011
367.78000,1.02194,0.23983,0.04960,0.00104,0.70954
367.92001,1.02191,0.30194,0.19563,0.00027,0.50217
368.06000,1.02194,0.20213,0.60576,0.00021,0.19191
368.20001,1.02191,0.22949,0.46055,0.00008,0.30988
368.34000,1.02194,0.13511,0.11579,0.00007,0.74903
368.48001,1.02191,0.10182,0.04164,0.00005,0.85649
368.62000,1.02194,0.22647,0.08785,0.00018,0.68551
368.76001,1.02194,0.17588,0.02256,0.00018,0.80139
368.89999,1.02194,0.12178,0.00472,0.00012,0.87338
369.04001,1.02194,0.16030,0.00249,0.00006,0.83715
369.17999,1.02194,0.14359,0.00144,0.00013,0.85485
369.32001,1.02194,0.10264,0.00048,0.00058,0.89630
369.45999,1.02194,0.07910,0.00008,0.00031,0.92052
369.60001,1.02194,0.06666,0.00068,0.00028,0.93238
369.73999,1.02194,0.13475,0.01276,0.00035,0.85215
369.88000,1.02194,0.07985,0.00098,0.00030,0.91887
370.01999,1.02194,0.08672,0.00064,0.00032,0.91232
370.16000,1.02194,0.10882,0.00243,0.00014,0.88861
370.29999,1.02194,0.07187,0.00171,0.00011,0.92630
370.44000,1.02194,0.06278,0.00133,0.00004,0.93584
370.57999,1.02194,0.03362,0.00008,0.00003,0.96628
370.72000,1.02194,0.08068,0.00101,0.00002,0.91829
370.85999,1.02194,0.11323,0.00170,0.00004,0.88503
371.00000,1.02194,0.07141,0.00033,0.00001,0.92824
371.14001,1.02191,0.09710,0.00403,0.00003,0.89884
371.28000,1.02194,0.12303,0.00587,0.00002,0.87109
371.42001,1.02191,0.20825,0.13070,0.00015,0.66091
371.56000,1.02194,0.22419,0.03750,0.00043,0.73788
371.70001,1.02191,0.16211,0.00577,0.00057,0.83154
371.84000,1.02194,0.30952,0.09358,0.00586,0.59104
371.98001,1.02191,0.24748,0.02494,0.00273,0.72486
372.12000,1.02194,0.11330,0.00509,0.00273,0.87887
372.26001,1.02194,0.08716,0.00183,0.00603,0.90498
372.39999,1.02194,0.07231,0.00175,0.00372,0.92221
372.54001,1.02194,0.29578,0.00336,0.01781,0.68304
372.67999,1.02194,0.30432,0.00606,0.00413,0.68548
372.82001,1.02194,0.35575,0.00836,0.00164,0.63426
372.95999,1.02194,0.22680,0.00121,0.00094,0.77105
373.10001,1.02194,0.22512,0.00107,0.00022,0.77359
373.23999,1.02194,0.22665,0.00075,0.00018,0.77242
373.38000,1.02194,0.12786,0.00202,0.00020,0.86992
373.51999,1.02194,0.06854,0.00068,0.00012,0.93066
373.66000,1.02194,0.04248,0.00018,0.00031,0.95704
373.79999,1.02194,0.05951,0.00096,0.00089,0.93865
373.94000,1.02194,0.05532,0.00071,0.00081,0.94317
374.07999,1.02194,0.04739,0.00073,0.00041,0.95148
374.22000,1.02194,0.05610,0.00114,0.00072,0.94204
374.35999,1.02194,0.05542,0.00051,0.00242,0.94166
374.50000,1.02194,0.03696,0.00020,0.00052,0.96232
374.64001,1.02191,0.06706,0.00129,0.00045,0.93119
374.78000,1.02194,0.07377,0.00219,0.00108,0.92297
374.92001,1.02191,0.09899,0.00260,0.00200,0.89641
375.06000,1.02194,0.12116,0.00179,0.00448,0.87257
375.20001,1.02191,0.11485,0.00080,0.00057,0.88378
375.34000,1.02194,0.10037,0.00569,0.00153,0.89241
375.48001,1.02191,0.07588,0.00204,0.00232,0.91976
375.62000,1.02194,0.07764,0.00252,0.00116,0.91867
375.76001,1.02194,0.06395,0.00106,0.00242,0.93257
375.89999,1.02194,0.06896,0.00304,0.00101,0.92699
376.04001,1.02194,0.07749,0.00256,0.00270,0.91725
376.17999,1.02194,0.07853,0.00204,0.00176,0.91767
376.32001,1.02194,0.09898,0.00448,0.00314,0.89340
376.45999,1.02194,0.08587,0.00189,0.00288,0.90937
376.60001,1.02194,0.10540,0.00922,0.00276,0.88262
376.73999,1.02194,0.17312,0.00206,0.00383,0.82099
376.88000,1.02194,0.13402,0.00124,0.00110,0.86364
377.01999,1.02194,0.11941,0.00520,0.00056,0.87483
377.16000,1.02194,0.11472,0.00267,0.00070,0.88191
377.29999,1.02194,0.21772,0.00192,0.00056,0.77980
377.44000,1.02194,0.13442,0.00740,0.00052,0.85766
377.57999,1.02194,0.19720,0.02178,0.00176,0.77926
377.72000,1.02194,0.27382,0.03616,0.00457,0.68545
377.85999,1.02194,0.20569,0.01092,0.00435,0.77904
378.00000,1.02194,0.19314,0.00329,0.00629,0.79728
378.14001,1.02191,0.34278,0.00660,0.01256,0.63806
378.28000,1.02194,0.22912,0.00253,0.00471,0.76363
378.42001,1.02191,0.16381,0.00039,0.00308,0.83272
378.56000,1.02194,0.10560,0.00061,0.00222,0.89158
378.70001,1.02191,0.11606,0.00128,0.00639,0.87627
378.84000,1.02194,0.09194,0.00065,0.00288,0.90454
378.98001,1.02191,0.07244,0.00236,0.00236,0.92285
379.12000,1.02194,0.05251,0.00054,0.00056,0.94638
379.26001,1.02194,0.04592,0.00062,0.00048,0.95298
379.39999,1.02194,0.04696,0.00054,0.00024,0.95225
379.54001,1.02194,0.04703,0.00045,0.00020,0.95232
379.67999,1.02194,0.05531,0.00004,0.00020,0.94444
379.82001,1.02194,0.05993,0.00027,0.00144,0.93836
379.95999,1.02194,0.05603,0.00013,0.00169,0.94215
380.10001,1.02194,0.06841,0.00046,0.00075,0.93037
380.23999,1.02194,0.08080,0.00075,0.00366,0.91479
380.38000,1.02194,0.17794,0.00171,0.00637,0.81397
380.51999,1.02194,0.12923,0.00365,0.00225,0.86487
380.66000,1.02194,0.17323,0.00322,0.00069,0.82286
380.79999,1.02194,0.26696,0.01758,0.00208,0.71337
380.94000,1.02194,0.25262,0.00760,0.00176,0.73801
381.07999,1.02194,0.32344,0.00484,0.00136,0.67037
381.22000,1.02194,0.23846,0.00092,0.00040,0.76023
381.35999,1.02194,0.16057,0.00791,0.00017,0.83135
381.50000,1.02194,0.09226,0.00150,0.00047,0.90577
381.64001,1.02191,0.09927,0.00033,0.00029,0.90010
381.78000,1.02194,0.14098,0.00314,0.00024,0.85564
381.92001,1.02191,0.10864,0.00035,0.00023,0.89077
382.06000,1.02194,0.06654,0.00173,0.00012,0.93161
382.20001,1.02191,0.07535,0.00101,0.00007,0.92357
382.34000,1.02194,0.06211,0.00063,0.00023,0.93703
382.48001,1.02191,0.06702,0.00130,0.00016,0.93152
382.62000,1.02194,0.03132,0.00021,0.00005,0.96842
382.76001,1.02194,0.05499,0.00137,0.00021,0.94343
382.89999,1.02194,0.07730,0.00568,0.00017,0.91685
383.04001,1.02194,0.09515,0.00627,0.00077,0.89780
383.17999,1.02194,0.15904,0.00455,0.00087,0.83555
383.32001,1.02194,0.19889,0.04256,0.00225,0.75629
383.45999,1.02194,0.18686,0.06517,0.00516,0.74281
383.60001,1.02194,0.22088,0.06551,0.00561,0.70801
383.73999,1.02194,0.17705,0.01903,0.00678,0.79714
383.88000,1.02194,0.14284,0.01518,0.00270,0.83928
384.01999,1.02194,0.12540,0.01338,0.00268,0.85853
384.16000,1.02194,0.15697,0.00370,0.00197,0.83736
384.29999,1.02194,0.10588,0.00517,0.00096,0.88799
384.44000,1.02194,0.09798,0.00112,0.00086,0.90003
384.57999,1.02194,0.14385,0.00708,0.00180,0.84728
384.72000,1.02194,0.10722,0.00316,0.00228,0.88734
384.85999,1.02194,0.22219,0.00750,0.00591,0.76440
385.00000,1.02194,0.15872,0.00285,0.00540,0.83303
385.14001,1.02191,0.17053,0.00934,0.00868,0.81145
385.28000,1.02194,0.16367,0.01543,0.00945,0.81145
385.42001,1.02191,0.17094,0.02364,0.00762,0.79780
385.56000,1.02194,0.16895,0.00668,0.00926,0.81511
385.70001,1.02191,0.08237,0.00278,0.00427,0.91057
385.84000,1.02194,0.10045,0.00485,0.00316,0.89154
385.98001,1.02191,0.17524,0.00419,0.00413,0.81644
386.12000,1.02194,0.18688,0.01068,0.00808,0.79436
386.26001,1.02194,0.37435,0.01056,0.01091,0.60418
386.39999,1.02194,0.72110,0.00949,0.01350,0.25591
386.54001,1.02194,0.90666,0.02572,0.01301,0.05462
386.67999,1.02194,0.94592,0.01175,0.01817,0.02416
386.82001,1.02194,0.94067,0.01497,0.01975,0.02461
386.95999,1.02194,0.95636,0.01848,0.01334,0.01181
387.10001,1.02194,0.93040,0.01185,0.02957,0.02817
387.23999,1.02194,0.84020,0.02249,0.01940,0.11791
387.38000,1.02194,0.82289,0.01416,0.01518,0.14776
387.51999,1.02194,0.75200,0.01066,0.01430,0.22305
387.66000,1.02194,0.51958,0.01598,0.01092,0.45352
387.79999,1.02194,0.43849,0.00839,0.00577,0.54734
387.94000,1.02194,0.41153,0.02686,0.01607,0.54554
388.07999,1.02194,0.33208,0.03528,0.04210,0.59054
388.22000,1.02194,0.19836,0.00390,0.01422,0.78353
388.35999,1.02194,0.19522,0.01021,0.02354,0.77103
388.50000,1.02194,0.23602,0.00734,0.02150,0.73514
388.64001,1.02191,0.36539,0.01264,0.02770,0.59426
388.78000,1.02194,0.45163,0.01495,0.03580,0.49763
388.92001,1.02191,0.57687,0.03051,0.05847,0.33416
389.06000,1.02194,0.61564,0.03935,0.01899,0.32602
389.20001,1.02191,0.83748,0.02024,0.01054,0.13175
389.34000,1.02194,0.90881,0.02675,0.00828,0.05616
389.48001,1.02191,0.94984,0.02766,0.00416,0.01833
389.62000,1.02194,0.91686,0.02829,0.00436,0.05049
389.76001,1.02194,0.79723,0.16840,0.00540,0.02897
389.89999,1.02194,0.96025,0.02458,0.00671,0.00846
390.04001,1.02194,0.97162,0.00842,0.00643,0.01352
390.17999,1.02194,0.95576,0.01909,0.00731,0.01785
390.32001,1.02194,0.93991,0.04090,0.00855,0.01064
390.45999,1.02194,0.92080,0.06824,0.00714,0.00383
390.60001,1.02194,0.96330,0.02986,0.00550,0.00134
390.73999,1.02194,0.97676,0.01886,0.00348,0.00090
390.88000,1.02194,0.97066,0.02376,0.00437,0.00120
391.01999,1.02194,0.98887,0.00836,0.00246,0.00032
391.16000,1.02194,0.99114,0.00647,0.00208,0.00031
391.29999,1.02194,0.99217,0.00540,0.00205,0.00037
391.44000,1.02194,0.99208,0.00552,0.00209,0.00031
391.57999,1.02194,0.99331,0.00291,0.00302,0.00077
391.72000,1.02194,0.98418,0.00738,0.00531,0.00313
391.85999,1.02194,0.95996,0.00550,0.00579,0.02875
392.00000,1.02194,0.91220,0.00529,0.01211,0.07041
392.14001,1.02191,0.73979,0.01382,0.08201,0.16438
392.28000,1.02194,0.67664,0.07740,0.04160,0.20436
392.42001,1.02191,0.62466,0.14795,0.01940,0.20798
392.56000,1.02194,0.53074,0.06427,0.02238,0.38261
392.70001,1.02191,0.47216,0.01938,0.01916,0.48931
392.84000,1.02194,0.42647,0.02732,0.02810,0.51811
392.98001,1.02191,0.16784,0.00335,0.00407,0.82474
393.12000,1.02194,0.08714,0.00039,0.00263,0.90983
393.26001,1.02194,0.08285,0.00022,0.00185,0.91509
393.39999,1.02194,0.06133,0.00014,0.00147,0.93706
393.54001,1.02194,0.11735,0.00124,0.00145,0.87996
393.67999,1.02194,0.06260,0.00029,0.00026,0.93685
393.82001,1.02194,0.04684,0.00012,0.00007,0.95297
393.95999,1.02194,0.06170,0.00073,0.00009,0.93747
394.10001,1.02194,0.03422,0.00019,0.00017,0.96543
394.23999,1.02194,0.08664,0.00280,0.00189,0.90867
394.38000,1.02194,0.05142,0.00022,0.00265,0.94571
394.51999,1.02194,0.04610,0.00011,0.00315,0.95064
394.66000,1.02194,0.06482,0.00099,0.00139,0.93279
394.79999,1.02194,0.07775,0.00188,0.00270,0.91767
394.94000,1.02194,0.22798,0.00471,0.00663,0.76068
395.07999,1.02194,0.29263,0.01206,0.00558,0.68974
395.22000,1.02194,0.54942,0.01692,0.00700,0.42666
395.35999,1.02194,0.48203,0.03138,0.00639,0.48019
395.50000,1.02194,0.76394,0.01976,0.01896,0.19734
395.64001,1.02191,0.92657,0.00803,0.01255,0.05286
395.78000,1.02194,0.89154,0.03519,0.02667,0.04661
395.92001,1.02191,0.90939,0.01141,0.01013,0.06908
396.06000,1.02194,0.93541,0.00482,0.00770,0.05207
396.20001,1.02191,0.94871,0.00153,0.00349,0.04627
396.34000,1.02194,0.83635,0.01123,0.00657,0.14584
396.48001,1.02191,0.68331,0.01142,0.00187,0.30339
396.62000,1.02194,0.49592,0.04742,0.00199,0.45467
396.76001,1.02194,0.84378,0.00728,0.00239,0.14655
396.89999,1.02194,0.87696,0.00893,0.00233,0.11178
397.04001,1.02194,0.72904,0.03697,0.00284,0.23115
397.17999,1.02194,0.64909,0.12425,0.00176,0.22490
397.32001,1.02194,0.83474,0.08933,0.00374,0.07219
397.45999,1.02194,0.92542,0.04123,0.00547,0.02789
397.60001,1.02194,0.92750,0.04942,0.00568,0.01739
397.73999,1.02194,0.93190,0.04810,0.00446,0.01554
397.88000,1.02194,0.77616,0.21089,0.00799,0.00497
398.01999,1.02194,0.94071,0.04328,0.01111,0.00490
398.16000,1.02194,0.91255,0.06082,0.00883,0.01780
398.29999,1.02194,0.89417,0.08202,0.00704,0.01677
398.44000,1.02194,0.91117,0.07302,0.00734,0.00847
398.57999,1.02194,0.96633,0.02508,0.00421,0.00437
398.72000,1.02194,0.94808,0.04380,0.00276,0.00536
398.85999,1.02194,0.95330,0.03899,0.00301,0.00470
399.00000,1.02194,0.93172,0.05580,0.01041,0.00207
399.14001,1.02191,0.92985,0.02721,0.02322,0.01972
399.28000,1.02194,0.83745,0.07487,0.02572,0.06196
399.42001,1.02191,0.57715,0.09717,0.03815,0.28753
399.56000,1.02194,0.49357,0.17952,0.01931,0.30760
399.70001,1.02191,0.69489,0.01502,0.01396,0.27612
399.84000,1.02194,0.78356,0.04198,0.01019,0.16427
399.98001,1.02191,0.73373,0.14213,0.00573,0.11841
400.12000,1.02194,0.35464,0.62815,0.00230,0.01491
400.26001,1.02194,0.24928,0.73970,0.00202,0.00900
400.39999,1.02194,0.22925,0.76325,0.00349,0.00401
400.54001,1.02194,0.22405,0.76416,0.00329,0.00850
400.67999,1.02194,0.29185,0.69811,0.00529,0.00476
400.82001,1.02194,0.46363,0.51811,0.00334,0.01492
400.95999,1.02194,0.57815,0.39900,0.00386,0.01899
401.10001,1.02194,0.90348,0.07622,0.00583,0.01447
401.23999,1.02194,0.94773,0.03561,0.01080,0.00586
401.38000,1.02194,0.97479,0.01902,0.00357,0.00262
401.51999,1.02194,0.78943,0.17135,0.02934,0.00988
401.66000,1.02194,0.84583,0.07089,0.01656,0.06671
401.79999,1.02194,0.94897,0.00720,0.01022,0.03360
401.94000,1.02194,0.93535,0.00323,0.01091,0.05052
402.07999,1.02194,0.93704,0.00345,0.00799,0.05151
402.22000,1.02194,0.95616,0.00750,0.01374,0.02261
402.35999,1.02194,0.97387,0.00310,0.00667,0.01636
402.50000,1.02194,0.96211,0.01803,0.01104,0.00882
402.64001,1.02191,0.96176,0.01832,0.00979,0.01012
402.78000,1.02194,0.92195,0.03538,0.02775,0.01492
402.92001,1.02191,0.94732,0.02429,0.01725,0.01113
403.06000,1.02194,0.95850,0.02260,0.01072,0.00818
403.20001,1.02191,0.96301,0.02574,0.00775,0.00350
403.34000,1.02194,0.98593,0.00975,0.00338,0.00094
403.48001,1.02191,0.98424,0.01137,0.00385,0.00055
403.62000,1.02194,0.99029,0.00696,0.00228,0.00047
403.76001,1.02194,0.98978,0.00772,0.00230,0.00021
403.89999,1.02194,0.99319,0.00481,0.00176,0.00023
404.04001,1.02194,0.99335,0.00459,0.00186,0.00020
404.17999,1.02194,0.98918,0.00806,0.00250,0.00026
404.32001,1.02194,0.98888,0.00811,0.00269,0.00033
404.45999,1.02194,0.98742,0.00969,0.00261,0.00028
404.60001,1.02194,0.98671,0.01028,0.00273,0.00027
404.73999,1.02194,0.98755,0.00947,0.00266,0.00032
404.88000,1.02194,0.98862,0.00784,0.00306,0.00048
405.01999,1.02194,0.99029,0.00705,0.00237,0.00030
405.16000,1.02194,0.99183,0.00577,0.00210,0.00030
405.29999,1.02194,0.99057,0.00673,0.00244,0.00026
405.44000,1.02194,0.98840,0.00810,0.00314,0.00036
405.57999,1.02194,0.96901,0.02616,0.00419,0.00064
405.72000,1.02194,0.96773,0.02864,0.00306,0.00057
405.85999,1.02194,0.95462,0.04159,0.00322,0.00057
406.00000,1.02194,0.94183,0.05419,0.00344,0.00054
406.14001,1.02191,0.95670,0.03931,0.00328,0.00071
406.28000,1.02194,0.92877,0.06650,0.00417,0.00055
406.42001,1.02191,0.97898,0.01775,0.00292,0.00036
406.56000,1.02194,0.98329,0.01373,0.00277,0.00020
406.70001,1.02191,0.99018,0.00731,0.00221,0.00030
406.84000,1.02194,0.99030,0.00694,0.00249,0.00027
406.98001,1.02191,0.99242,0.00528,0.00195,0.00035
407.12000,1.02194,0.98906,0.00839,0.00234,0.00021
407.26001,1.02194,0.98889,0.00847,0.00242,0.00022
407.39999,1.02194,0.98956,0.00791,0.00230,0.00023
407.54001,1.02194,0.98902,0.00847,0.00229,0.00023
407.67999,1.02194,0.98797,0.00935,0.00234,0.00034
407.82001,1.02194,0.98438,0.01272,0.00256,0.00033
407.95999,1.02194,0.96895,0.02786,0.00286,0.00033
408.10001,1.02194,0.97081,0.02560,0.00317,0.00043
408.23999,1.02194,0.97624,0.02057,0.00274,0.00045
408.38000,1.02194,0.96664,0.02867,0.00422,0.00047
408.51999,1.02194,0.98095,0.01588,0.00274,0.00043
408.66000,1.02194,0.97614,0.01798,0.00530,0.00058
408.79999,1.02194,0.99013,0.00739,0.00216,0.00031
408.94000,1.02194,0.98287,0.01460,0.00228,0.00025
409.07999,1.02194,0.98067,0.01686,0.00221,0.00027
409.22000,1.02194,0.97943,0.01804,0.00224,0.00029
409.35999,1.02194,0.98499,0.01264,0.00193,0.00043
409.50000,1.02194,0.98463,0.01311,0.00187,0.00040
409.64001,1.02191,0.97544,0.02037,0.00378,0.00041
409.78000,1.02194,0.98579,0.01136,0.00254,0.00030
409.92001,1.02191,0.99059,0.00683,0.00217,0.00040
410.06000,1.02194,0.98458,0.01221,0.00292,0.00029
410.20001,1.02191,0.98110,0.01616,0.00244,0.00030
410.34000,1.02194,0.98487,0.01258,0.00223,0.00031
410.48001,1.02191,0.98611,0.01114,0.00240,0.00034
410.62000,1.02194,0.98823,0.00917,0.00225,0.00035
410.76001,1.02194,0.99027,0.00507,0.00327,0.00138
410.89999,1.02194,0.98028,0.01237,0.00280,0.00455
411.04001,1.02194,0.97260,0.01772,0.00357,0.00611
411.17999,1.02194,0.97642,0.00677,0.00364,0.01317
411.32001,1.02194,0.90400,0.03021,0.00582,0.05997
411.45999,1.02194,0.91330,0.04046,0.00301,0.04323
411.60001,1.02194,0.89089,0.08136,0.00379,0.02396
411.73999,1.02194,0.93897,0.05435,0.00476,0.00192
411.88000,1.02194,0.92093,0.06097,0.00518,0.01291
412.01999,1.02194,0.91153,0.06957,0.00290,0.01600
412.16000,1.02194,0.86286,0.12988,0.00514,0.00212
412.29999,1.02194,0.96373,0.02864,0.00441,0.00322
412.44000,1.02194,0.98601,0.00967,0.00212,0.00221
412.57999,1.02194,0.97520,0.02013,0.00303,0.00164
412.72000,1.02194,0.95975,0.03702,0.00289,0.00034
412.85999,1.02194,0.99197,0.00589,0.00190,0.00024
413.00000,1.02194,0.98979,0.00765,0.00237,0.00019
413.14001,1.02191,0.99145,0.00640,0.00197,0.00018
413.28000,1.02194,0.99278,0.00516,0.00186,0.00020
413.42001,1.02191,0.99174,0.00611,0.00195,0.00020
413.56000,1.02194,0.99152,0.00626,0.00200,0.00022
413.70001,1.02191,0.99153,0.00615,0.00209,0.00022
413.84000,1.02194,0.99267,0.00511,0.00196,0.00026
413.98001,1.02191,0.99246,0.00542,0.00188,0.00024
414.12000,1.02194,0.99236,0.00543,0.00194,0.00026
414.26001,1.02194,0.99276,0.00504,0.00192,0.00027
414.39999,1.02194,0.99235,0.00543,0.00200,0.00022
414.54001,1.02194,0.99275,0.00505,0.00196,0.00023
414.67999,1.02194,0.99175,0.00595,0.00206,0.00024
414.82001,1.02194,0.99088,0.00674,0.00216,0.00022
414.95999,1.02194,0.98965,0.00781,0.00234,0.00020
415.10001,1.02194,0.99074,0.00688,0.00215,0.00023
415.23999,1.02194,0.98977,0.00771,0.00228,0.00024
415.38000,1.02194,0.98976,0.00741,0.00255,0.00029
415.51999,1.02194,0.99114,0.00639,0.00219,0.00028
415.66000,1.02194,0.99132,0.00631,0.00213,0.00025
415.79999,1.02194,0.98901,0.00825,0.00252,0.00023
415.94000,1.02194,0.98991,0.00740,0.00245,0.00024
416.07999,1.02194,0.98927,0.00810,0.00238,0.00025
416.22000,1.02194,0.99025,0.00716,0.00234,0.00025
416.35999,1.02194,0.98891,0.00844,0.00243,0.00022
416.50000,1.02194,0.99021,0.00724,0.00228,0.00028
416.64001,1.02191,0.98975,0.00775,0.00224,0.00026
416.78000,1.02194,0.99003,0.00717,0.00248,0.00033
416.92001,1.02191,0.99005,0.00751,0.00218,0.00026
417.06000,1.02194,0.98903,0.00836,0.00235,0.00026
417.20001,1.02191,0.98876,0.00855,0.00244,0.00025
417.34000,1.02194,0.98822,0.00908,0.00246,0.00023
417.48001,1.02191,0.98722,0.00664,0.00578,0.00036
417.62000,1.02194,0.97224,0.01184,0.01007,0.00585
417.76001,1.02194,0.96987,0.00251,0.00902,0.01860
417.89999,1.02194,0.83264,0.00401,0.00309,0.16025
418.04001,1.02194,0.75131,0.00418,0.00249,0.24202
418.17999,1.02194,0.82953,0.00475,0.00215,0.16357
418.32001,1.02194,0.91620,0.00871,0.00393,0.07116
418.45999,1.02194,0.92954,0.00868,0.00445,0.05733
418.60001,1.02194,0.93218,0.04992,0.00271,0.01520
418.73999,1.02194,0.96701,0.01867,0.00734,0.00698
418.88000,1.02194,0.98093,0.00501,0.00416,0.00990
419.01999,1.02194,0.85211,0.03400,0.03077,0.08312
419.16000,1.02194,0.52736,0.02088,0.01388,0.43788
419.29999,1.02194,0.62092,0.07261,0.01696,0.28951
419.44000,1.02194,0.86708,0.02668,0.01021,0.09603
419.57999,1.02194,0.95165,0.01418,0.00545,0.02872
419.72000,1.02194,0.96821,0.01804,0.00470,0.00905
419.85999,1.02194,0.97886,0.01473,0.00341,0.00300
420.00000,1.02194,0.98518,0.01232,0.00178,0.00072
420.14001,1.02191,0.98422,0.01295,0.00250,0.00033
420.28000,1.02194,0.96609,0.02822,0.00427,0.00142
420.42001,1.02191,0.93972,0.05154,0.00625,0.00250
420.56000,1.02194,0.96302,0.02763,0.00667,0.00268
420.70001,1.02191,0.97105,0.02133,0.00520,0.00241
420.84000,1.02194,0.97884,0.01467,0.00425,0.00224
420.98001,1.02191,0.95972,0.03427,0.00402,0.00199
421.12000,1.02194,0.90358,0.09313,0.00274,0.00055
421.26001,1.02194,0.95467,0.04293,0.00212,0.00029
421.39999,1.02194,0.97573,0.02215,0.00167,0.00045
421.54001,1.02194,0.98134,0.01689,0.00140,0.00038
421.67999,1.02194,0.98215,0.01647,0.00115,0.00024
421.82001,1.02194,0.97090,0.02636,0.00251,0.00023
421.95999,1.02194,0.98157,0.01640,0.00173,0.00030
422.10001,1.02194,0.98282,0.01566,0.00124,0.00029
422.23999,1.02194,0.98118,0.01741,0.00117,0.00024
422.38000,1.02194,0.97306,0.02548,0.00126,0.00020
422.51999,1.02194,0.96158,0.03701,0.00122,0.00019
422.66000,1.02194,0.96109,0.03734,0.00133,0.00024
422.79999,1.02194,0.96106,0.03688,0.00184,0.00022
422.94000,1.02194,0.97193,0.02619,0.00167,0.00020
423.07999,1.02194,0.97672,0.02137,0.00170,0.00021
423.22000,1.02194,0.98213,0.01584,0.00181,0.00022
423.35999,1.02194,0.98389,0.01419,0.00172,0.00019
423.50000,1.02194,0.98553,0.01268,0.00160,0.00019
423.64001,1.02191,0.98536,0.01264,0.00180,0.00020
423.78000,1.02194,0.98873,0.00938,0.00166,0.00022
423.92001,1.02191,0.98957,0.00865,0.00158,0.00020
424.06000,1.02194,0.98900,0.00919,0.00165,0.00017
424.20001,1.02191,0.98835,0.00959,0.00188,0.00019
424.34000,1.02194,0.98946,0.00865,0.00172,0.00017
424.48001,1.02191,0.98970,0.00843,0.00171,0.00017
424.62000,1.02194,0.99073,0.00754,0.00155,0.00018
424.76001,1.02194,0.98937,0.00880,0.00168,0.00015
424.89999,1.02194,0.98976,0.00844,0.00163,0.00016
425.04001,1.02194,0.98953,0.00863,0.00168,0.00016
425.17999,1.02194,0.98760,0.01050,0.00173,0.00017
425.32001,1.02194,0.98088,0.01731,0.00164,0.00017
425.45999,1.02194,0.98121,0.01736,0.00126,0.00017
425.60001,1.02194,0.98078,0.01768,0.00136,0.00018
425.73999,1.02194,0.98001,0.01853,0.00128,0.00018
425.88000,1.02194,0.97759,0.02080,0.00140,0.00021
426.01999,1.02194,0.97756,0.02039,0.00182,0.00023
426.16000,1.02194,0.98188,0.01596,0.00195,0.00021
426.29999,1.02194,0.98469,0.01323,0.00188,0.00020
426.44000,1.02194,0.98250,0.01524,0.00205,0.00020
426.57999,1.02194,0.98561,0.01256,0.00163,0.00020
426.72000,1.02194,0.98356,0.01442,0.00181,0.00020
426.85999,1.02194,0.98220,0.01580,0.00180,0.00021
427.00000,1.02194,0.97688,0.02123,0.00169,0.00021
427.14001,1.02191,0.97293,0.02520,0.00164,0.00023
427.28000,1.02194,0.97563,0.02264,0.00153,0.00020
427.42001,1.02191,0.97857,0.01980,0.00144,0.00020
427.56000,1.02194,0.98290,0.01556,0.00131,0.00023
427.70001,1.02191,0.98282,0.01529,0.00166,0.00022
427.84000,1.02194,0.98781,0.01029,0.00169,0.00021
427.98001,1.02191,0.98962,0.00850,0.00170,0.00018
428.12000,1.02194,0.99136,0.00684,0.00161,0.00019
428.26001,1.02194,0.99073,0.00739,0.00170,0.00017
428.39999,1.02194,0.99234,0.00597,0.00151,0.00018
428.54001,1.02194,0.99196,0.00634,0.00154,0.00017
428.67999,1.02194,0.99131,0.00695,0.00158,0.00016
428.82001,1.02194,0.99089,0.00735,0.00162,0.00015
428.95999,1.02194,0.99079,0.00737,0.00168,0.00017
429.10001,1.02194,0.99075,0.00752,0.00158,0.00015
429.23999,1.02194,0.99040,0.00784,0.00160,0.00016
429.38000,1.02194,0.99075,0.00749,0.00161,0.00016
429.51999,1.02194,0.99078,0.00751,0.00155,0.00015
429.66000,1.02194,0.99042,0.00783,0.00161,0.00014
429.79999,1.02194,0.99106,0.00720,0.00158,0.00015
429.94000,1.02194,0.99066,0.00756,0.00164,0.00014
430.07999,1.02194,0.98996,0.00825,0.00165,0.00013
430.22000,1.02194,0.99117,0.00708,0.00159,0.00016
430.35999,1.02194,0.99109,0.00717,0.00159,0.00016
430.50000,1.02194,0.99185,0.00648,0.00151,0.00017
430.64001,1.02191,0.99124,0.00704,0.00156,0.00016
430.78000,1.02194,0.99132,0.00694,0.00158,0.00016
430.92001,1.02191,0.99140,0.00691,0.00154,0.00015
431.06000,1.02194,0.99154,0.00675,0.00157,0.00015
431.20001,1.02191,0.99255,0.00568,0.00158,0.00019
431.34000,1.02194,0.99249,0.00589,0.00147,0.00015
431.48001,1.02191,0.99159,0.00673,0.00153,0.00014
431.62000,1.02194,0.99287,0.00548,0.00151,0.00014
431.76001,1.02194,0.99124,0.00692,0.00167,0.00017
431.89999,1.02194,0.99073,0.00716,0.00194,0.00017
432.04001,1.02194,0.98905,0.00890,0.00188,0.00018
432.17999,1.02194,0.98950,0.00821,0.00210,0.00020
432.32001,1.02194,0.99006,0.00781,0.00196,0.00018
432.45999,1.02194,0.99018,0.00705,0.00254,0.00024
432.60001,1.02194,0.99031,0.00752,0.00200,0.00017
432.73999,1.02194,0.98372,0.00850,0.00733,0.00046
432.88000,1.02194,0.97700,0.01840,0.00402,0.00058
