Time (seconds), Duration (seconds),pred_(unlabeled),pred_brushing_teeth,pred_hair_drying,pred_showering
0.00000,1.02194,0.99377,0.00525,0.00089,0.00009
0.14000,1.02194,0.99011,0.00789,0.00183,0.00016
0.28000,1.02194,0.99338,0.00540,0.00110,0.00012
0.42000,1.02194,0.99229,0.00651,0.00110,0.00011
0.56000,1.02194,0.98888,0.00965,0.00134,0.00013
0.70000,1.02194,0.98978,0.00900,0.00111,0.00011
0.84000,1.02194,0.99020,0.00858,0.00111,0.00011
0.98000,1.02194,0.99223,0.00666,0.00101,0.00010
1.12000,1.02194,0.99601,0.00284,0.00047,0.00068
1.26000,1.02194,0.99053,0.00559,0.00040,0.00348
1.40000,1.02194,0.99034,0.00218,0.00025,0.00723
1.54000,1.02194,0.97877,0.00767,0.00026,0.01331
1.68000,1.02194,0.94777,0.01889,0.00031,0.03303
1.82000,1.02194,0.89818,0.05579,0.00051,0.04553
1.96000,1.02194,0.26336,0.71356,0.00123,0.02185
2.10000,1.02194,0.63537,0.35338,0.00380,0.00745
2.24000,1.02194,0.24043,0.75670,0.00177,0.00110
2.38000,1.02194,0.70159,0.29180,0.00473,0.00188
2.52000,1.02194,0.95997,0.03564,0.00359,0.00080
2.66000,1.02194,0.95893,0.03616,0.00417,0.00074
2.80000,1.02194,0.97575,0.02244,0.00159,0.00022
2.94000,1.02194,0.98221,0.01578,0.00179,0.00022
3.08000,1.02194,0.99391,0.00505,0.00096,0.00008
3.22000,1.02194,0.99700,0.00239,0.00054,0.00007
3.36000,1.02194,0.99697,0.00241,0.00055,0.00006
3.50000,1.02194,0.99701,0.00238,0.00054,0.00007
3.64000,1.02194,0.99708,0.00232,0.00054,0.00007
3.78000,1.02194,0.99704,0.00235,0.00054,0.00006
3.92000,1.02194,0.99708,0.00231,0.00054,0.00007
4.06000,1.02194,0.99721,0.00221,0.00052,0.00006
4.20000,1.02194,0.99725,0.00217,0.00051,0.00006
4.34000,1.02194,0.99722,0.00221,0.00051,0.00006
4.48000,1.02194,0.99731,0.00212,0.00050,0.00006
4.62000,1.02194,0.99734,0.00210,0.00050,0.00006
4.76000,1.02194,0.99731,0.00213,0.00050,0.00006
4.90000,1.02194,0.99728,0.00215,0.00050,0.00006
5.04000,1.02194,0.99724,0.00219,0.00051,0.00006
5.18000,1.02194,0.99718,0.00224,0.00052,0.00006
5.32000,1.02194,0.99722,0.00221,0.00051,0.00006
5.46000,1.02194,0.99720,0.00222,0.00052,0.00006
5.60000,1.02194,0.99715,0.00227,0.00052,0.00006
5.74000,1.02194,0.99743,0.00200,0.00051,0.00006
5.88000,1.02194,0.99747,0.00195,0.00052,0.00006
6.02000,1.02194,0.99716,0.00224,0.00054,0.00006
6.16000,1.02194,0.99710,0.00229,0.00055,0.00007
6.30000,1.02194,0.99709,0.00229,0.00056,0.00007
6.44000,1.02194,0.99705,0.00232,0.00056,0.00007
6.58000,1.02194,0.99706,0.00228,0.00059,0.00007
6.72000,1.02194,0.99700,0.00234,0.00059,0.00007
6.86000,1.02194,0.99719,0.00222,0.00052,0.00006
7.00000,1.02194,0.99731,0.00213,0.00050,0.00006
7.14000,1.02194,0.99725,0.00218,0.00051,0.00006
7.28000,1.02194,0.99725,0.00218,0.00050,0.00006
7.42000,1.02194,0.99725,0.00218,0.00051,0.00006
7.56000,1.02194,0.99726,0.00218,0.00051,0.00006
7.70000,1.02194,0.99728,0.00215,0.00050,0.00006
7.84000,1.02194,0.99729,0.00214,0.00050,0.00006
7.98000,1.02194,0.99726,0.00217,0.00051,0.00006
8.12000,1.02194,0.99729,0.00215,0.00050,0.00006
8.26000,1.02194,0.99764,0.00180,0.00049,0.00006
8.40000,1.02194,0.99777,0.00171,0.00045,0.00006
8.54000,1.02194,0.99818,0.00138,0.00038,0.00006
8.68000,1.02194,0.99805,0.00152,0.00037,0.00005
8.82000,1.02194,0.99807,0.00151,0.00037,0.00005
8.96000,1.02194,0.99811,0.00147,0.00037,0.00005
9.10000,1.02194,0.99828,0.00127,0.00038,0.00007
9.24000,1.02194,0.99802,0.00145,0.00044,0.00009
9.38000,1.02194,0.99825,0.00129,0.00038,0.00008
9.52000,1.02194,0.99744,0.00201,0.00048,0.00006
9.66000,1.02194,0.99745,0.00201,0.00048,0.00006
9.80000,1.02194,0.99742,0.00203,0.00048,0.00006
9.94000,1.02194,0.99733,0.00211,0.00050,0.00006
10.08000,1.02194,0.99730,0.00212,0.00051,0.00006
10.22000,1.02194,0.99726,0.00215,0.00052,0.00007
10.36000,1.02194,0.99714,0.00226,0.00054,0.00007
10.50000,1.02194,0.99702,0.00235,0.00055,0.00007
10.64000,1.02194,0.99698,0.00238,0.00057,0.00007
10.78000,1.02194,0.99707,0.00230,0.00056,0.00007
10.92000,1.02194,0.99732,0.00208,0.00054,0.00007
11.06000,1.02194,0.99761,0.00183,0.00049,0.00007
11.20000,1.02194,0.99759,0.00186,0.00048,0.00007
11.34000,1.02194,0.99760,0.00186,0.00047,0.00007
11.48000,1.02194,0.99737,0.00206,0.00050,0.00006
11.62000,1.02194,0.99726,0.00216,0.00052,0.00007
11.76000,1.02194,0.99723,0.00215,0.00055,0.00007
11.90000,1.02194,0.99696,0.00237,0.00059,0.00007
12.04000,1.02194,0.99693,0.00240,0.00059,0.00007
12.18000,1.02194,0.99705,0.00231,0.00057,0.00007
12.32000,1.02194,0.99668,0.00261,0.00063,0.00008
12.46000,1.02194,0.99734,0.00207,0.00052,0.00008
12.60000,1.02194,0.99730,0.00211,0.00052,0.00007
12.74000,1.02194,0.99718,0.00222,0.00053,0.00007
12.88000,1.02194,0.99736,0.00205,0.00052,0.00007
13.02000,1.02194,0.99746,0.00197,0.00051,0.00006
13.16000,1.02194,0.99771,0.00177,0.00046,0.00006
13.30000,1.02194,0.99784,0.00167,0.00043,0.00006
13.44000,1.02194,0.99795,0.00158,0.00041,0.00006
13.58000,1.02194,0.99793,0.00161,0.00041,0.00006
13.72000,1.02194,0.99791,0.00161,0.00042,0.00006
13.86000,1.02194,0.99761,0.00187,0.00046,0.00006
14.00000,1.02194,0.99747,0.00198,0.00048,0.00006
14.14000,1.02194,0.99735,0.00208,0.00051,0.00006
14.28000,1.02194,0.99720,0.00220,0.00053,0.00007
14.42000,1.02194,0.99718,0.00220,0.00054,0.00007
14.56000,1.02194,0.99729,0.00212,0.00052,0.00007
14.70000,1.02194,0.99712,0.00227,0.00054,0.00007
14.84000,1.02194,0.99731,0.00212,0.00051,0.00007
14.98000,1.02194,0.99732,0.00211,0.00051,0.00007
15.12000,1.02194,0.99735,0.00208,0.00051,0.00006
15.26000,1.02194,0.99733,0.00211,0.00051,0.00006
15.40000,1.02194,0.99736,0.00208,0.00050,0.00006
15.54000,1.02194,0.99735,0.00209,0.00049,0.00006
15.68000,1.02194,0.99748,0.00198,0.00048,0.00006
15.82000,1.02194,0.99746,0.00200,0.00048,0.00006
15.96000,1.02194,0.99746,0.00199,0.00048,0.00006
16.10000,1.02194,0.99738,0.00207,0.00049,0.00006
16.24000,1.02194,0.99738,0.00207,0.00049,0.00006
16.38000,1.02194,0.99739,0.00206,0.00049,0.00006
16.52000,1.02194,0.99740,0.00205,0.00049,0.00006
16.66000,1.02194,0.99739,0.00206,0.00049,0.00006
16.80000,1.02194,0.99737,0.00208,0.00049,0.00006
16.94000,1.02194,0.99737,0.00207,0.00049,0.00006
17.08000,1.02194,0.99737,0.00208,0.00049,0.00006
17.22000,1.02194,0.99732,0.00212,0.00050,0.00006
17.36000,1.02194,0.99736,0.00209,0.00049,0.00006
17.50000,1.02194,0.99734,0.00210,0.00049,0.00006
17.64000,1.02194,0.99738,0.00207,0.00049,0.00006
17.78000,1.02194,0.99742,0.00203,0.00049,0.00006
17.92000,1.02194,0.99740,0.00205,0.00049,0.00006
18.06000,1.02194,0.99741,0.00204,0.00049,0.00006
18.20000,1.02194,0.99743,0.00202,0.00048,0.00006
18.34000,1.02194,0.99742,0.00204,0.00049,0.00006
18.48000,1.02194,0.99743,0.00202,0.00048,0.00006
18.62000,1.02194,0.99740,0.00205,0.00049,0.00006
18.76000,1.02194,0.99737,0.00208,0.00049,0.00006
18.90000,1.02194,0.99736,0.00209,0.00049,0.00006
19.04000,1.02194,0.99737,0.00208,0.00049,0.00006
19.18000,1.02194,0.99738,0.00206,0.00049,0.00006
19.32000,1.02194,0.99735,0.00210,0.00050,0.00006
19.46000,1.02194,0.99728,0.00216,0.00051,0.00006
19.60000,1.02194,0.99727,0.00215,0.00051,0.00006
19.74000,1.02194,0.99660,0.00274,0.00059,0.00007
19.88000,1.02194,0.99633,0.00294,0.00065,0.00007
20.02000,1.02194,0.99634,0.00292,0.00067,0.00008
20.16000,1.02194,0.99640,0.00286,0.00066,0.00007
20.30000,1.02194,0.99635,0.00291,0.00067,0.00007
20.44000,1.02194,0.99643,0.00284,0.00066,0.00007
20.58000,1.02194,0.99609,0.00315,0.00070,0.00007
20.72000,1.02194,0.99685,0.00249,0.00059,0.00007
20.86000,1.02194,0.99704,0.00232,0.00057,0.00007
21.00000,1.02194,0.99701,0.00234,0.00058,0.00007
21.14000,1.02194,0.99702,0.00232,0.00058,0.00007
21.28000,1.02194,0.99721,0.00215,0.00056,0.00008
21.42000,1.02194,0.99714,0.00222,0.00056,0.00007
21.56000,1.02194,0.99715,0.00221,0.00057,0.00007
21.70000,1.02194,0.99748,0.00196,0.00049,0.00007
21.84000,1.02194,0.99750,0.00196,0.00048,0.00006
21.98000,1.02194,0.99748,0.00198,0.00048,0.00006
22.12000,1.02194,0.99745,0.00201,0.00048,0.00006
22.26000,1.02194,0.99746,0.00200,0.00048,0.00006
22.40000,1.02194,0.99744,0.00201,0.00048,0.00006
22.54000,1.02194,0.99744,0.00202,0.00048,0.00006
22.68000,1.02194,0.99742,0.00204,0.00048,0.00006
22.82000,1.02194,0.99742,0.00203,0.00048,0.00006
22.96000,1.02194,0.99740,0.00205,0.00049,0.00006
23.10000,1.02194,0.99744,0.00202,0.00048,0.00006
23.24000,1.02194,0.99741,0.00204,0.00049,0.00006
23.38000,1.02194,0.99738,0.00207,0.00049,0.00006
23.52000,1.02194,0.99739,0.00206,0.00049,0.00006
23.66000,1.02194,0.99740,0.00205,0.00049,0.00006
23.80000,1.02194,0.99740,0.00205,0.00049,0.00006
23.94000,1.02194,0.99743,0.00202,0.00048,0.00006
24.08000,1.02194,0.99742,0.00203,0.00049,0.00006
24.22000,1.02194,0.99743,0.00202,0.00048,0.00006
24.36000,1.02194,0.99745,0.00201,0.00048,0.00006
24.50000,1.02194,0.99745,0.00201,0.00048,0.00006
24.64000,1.02194,0.99745,0.00200,0.00048,0.00006
24.78000,1.02194,0.99744,0.00202,0.00048,0.00006
24.92000,1.02194,0.99748,0.00199,0.00048,0.00006
25.06000,1.02194,0.99748,0.00198,0.00048,0.00006
25.20000,1.02194,0.99745,0.00201,0.00048,0.00006
25.34000,1.02194,0.99744,0.00202,0.00048,0.00006
25.48000,1.02194,0.99745,0.00201,0.00048,0.00006
25.62000,1.02194,0.99745,0.00201,0.00048,0.00006
25.76000,1.02194,0.99744,0.00202,0.00048,0.00006
25.90000,1.02194,0.99743,0.00202,0.00048,0.00006
26.04000,1.02194,0.99744,0.00202,0.00048,0.00006
26.18000,1.02194,0.99739,0.00206,0.00049,0.00006
26.32000,1.02194,0.99740,0.00206,0.00049,0.00006
26.46000,1.02194,0.99741,0.00204,0.00048,0.00006
26.60000,1.02194,0.99740,0.00205,0.00049,0.00006
26.74000,1.02194,0.99740,0.00205,0.00049,0.00006
26.88000,1.02194,0.99741,0.00205,0.00049,0.00006
27.02000,1.02194,0.99742,0.00203,0.00048,0.00006
27.16000,1.02194,0.99746,0.00200,0.00048,0.00006
27.30000,1.02194,0.99742,0.00204,0.00048,0.00006
27.44000,1.02194,0.99748,0.00198,0.00048,0.00006
27.58000,1.02194,0.99745,0.00201,0.00048,0.00006
27.72000,1.02194,0.99749,0.00198,0.00047,0.00006
27.86000,1.02194,0.99744,0.00202,0.00048,0.00006
28.00000,1.02194,0.99746,0.00200,0.00048,0.00006
28.14000,1.02194,0.99742,0.00203,0.00048,0.00006
28.28000,1.02194,0.99747,0.00199,0.00048,0.00006
28.42000,1.02194,0.99744,0.00202,0.00048,0.00006
28.56000,1.02194,0.99745,0.00201,0.00048,0.00006
28.70000,1.02194,0.99742,0.00203,0.00048,0.00006
28.84000,1.02194,0.99745,0.00201,0.00048,0.00006
28.98000,1.02194,0.99746,0.00200,0.00048,0.00006
29.12000,1.02194,0.99747,0.00199,0.00048,0.00006
29.26000,1.02194,0.99746,0.00201,0.00048,0.00006
29.40000,1.02194,0.99747,0.00199,0.00048,0.00006
29.54000,1.02194,0.99746,0.00201,0.00048,0.00006
29.68000,1.02194,0.99747,0.00199,0.00048,0.00006
29.82000,1.02194,0.99748,0.00199,0.00047,0.00006
29.96000,1.02194,0.99749,0.00198,0.00047,0.00006
30.10000,1.02194,0.99750,0.00196,0.00047,0.00006
30.24000,1.02194,0.99749,0.00197,0.00047,0.00006
30.38000,1.02194,0.99743,0.00203,0.00048,0.00006
30.52000,1.02194,0.99747,0.00199,0.00048,0.00006
30.66000,1.02194,0.99746,0.00200,0.00048,0.00006
30.80000,1.02194,0.99745,0.00201,0.00048,0.00006
30.94000,1.02194,0.99743,0.00203,0.00048,0.00006
31.08000,1.02194,0.99740,0.00206,0.00049,0.00006
31.22000,1.02194,0.99738,0.00207,0.00049,0.00006
31.36000,1.02194,0.99741,0.00204,0.00048,0.00006
31.50000,1.02194,0.99741,0.00204,0.00048,0.00006
31.64000,1.02194,0.99740,0.00206,0.00049,0.00006
31.78000,1.02194,0.99741,0.00204,0.00049,0.00006
31.92000,1.02194,0.99739,0.00206,0.00049,0.00006
32.06000,1.02193,0.99739,0.00206,0.00049,0.00006
32.20000,1.02194,0.99744,0.00202,0.00048,0.00006
32.34000,1.02194,0.99739,0.00206,0.00049,0.00006
32.48000,1.02194,0.99742,0.00203,0.00048,0.00006
32.62000,1.02194,0.99742,0.00203,0.00049,0.00006
32.76000,1.02194,0.99742,0.00203,0.00049,0.00006
32.90000,1.02193,0.99745,0.00201,0.00048,0.00006
33.04000,1.02194,0.99748,0.00198,0.00048,0.00006
33.18000,1.02194,0.99750,0.00197,0.00047,0.00006
33.32000,1.02194,0.99752,0.00194,0.00047,0.00006
33.46000,1.02194,0.99752,0.00195,0.00047,0.00006
33.60000,1.02194,0.99753,0.00194,0.00047,0.00006
33.74000,1.02193,0.99754,0.00193,0.00047,0.00006
33.88000,1.02194,0.99754,0.00193,0.00047,0.00006
34.02000,1.02194,0.99748,0.00198,0.00047,0.00006
34.16000,1.02194,0.99750,0.00197,0.00047,0.00006
34.30000,1.02194,0.99753,0.00194,0.00047,0.00006
34.44000,1.02194,0.99750,0.00197,0.00047,0.00006
34.58000,1.02193,0.99750,0.00196,0.00047,0.00006
34.72000,1.02193,0.99752,0.00195,0.00047,0.00006
34.86000,1.02194,0.99754,0.00193,0.00047,0.00006
35.00000,1.02194,0.99758,0.00190,0.00046,0.00006
35.14000,1.02194,0.99751,0.00196,0.00047,0.00006
35.28000,1.02194,0.99751,0.00196,0.00047,0.00006
35.42000,1.02194,0.99750,0.00197,0.00047,0.00006
35.56000,1.02193,0.99750,0.00196,0.00047,0.00006
35.70000,1.02194,0.99752,0.00195,0.00047,0.00006
35.84000,1.02194,0.99751,0.00196,0.00047,0.00006
35.98000,1.02194,0.99751,0.00196,0.00047,0.00006
36.12000,1.02194,0.99748,0.00199,0.00047,0.00006
36.26000,1.02194,0.99748,0.00198,0.00047,0.00006
36.40000,1.02193,0.99750,0.00197,0.00047,0.00006
36.54000,1.02194,0.99750,0.00197,0.00047,0.00006
36.68000,1.02194,0.99750,0.00197,0.00047,0.00006
36.82000,1.02194,0.99752,0.00195,0.00047,0.00006
36.96000,1.02194,0.99750,0.00196,0.00047,0.00006
37.10000,1.02194,0.99750,0.00197,0.00047,0.00006
37.24000,1.02193,0.99748,0.00198,0.00047,0.00006
37.38000,1.02194,0.99750,0.00197,0.00047,0.00006
37.52000,1.02194,0.99750,0.00197,0.00047,0.00006
37.66000,1.02194,0.99753,0.00194,0.00047,0.00006
37.80000,1.02194,0.99755,0.00192,0.00046,0.00006
37.94000,1.02194,0.99756,0.00192,0.00046,0.00006
38.08000,1.02193,0.99757,0.00191,0.00046,0.00006
38.22000,1.02193,0.99762,0.00187,0.00046,0.00006
38.36000,1.02194,0.99760,0.00188,0.00046,0.00006
38.50000,1.02194,0.99758,0.00190,0.00046,0.00006
38.64000,1.02194,0.99759,0.00189,0.00046,0.00006
38.78000,1.02194,0.99754,0.00193,0.00047,0.00006
38.92000,1.02194,0.99751,0.00196,0.00047,0.00006
39.06000,1.02193,0.99750,0.00197,0.00047,0.00006
39.20000,1.02194,0.99742,0.00203,0.00048,0.00006
39.34000,1.02194,0.99745,0.00201,0.00048,0.00006
39.48000,1.02194,0.99741,0.00205,0.00048,0.00006
39.62000,1.02194,0.99741,0.00205,0.00048,0.00006
39.76000,1.02194,0.99740,0.00205,0.00048,0.00006
39.90000,1.02193,0.99741,0.00204,0.00048,0.00006
40.04000,1.02194,0.99740,0.00205,0.00049,0.00006
40.18000,1.02194,0.99744,0.00202,0.00048,0.00006
40.32000,1.02194,0.99744,0.00202,0.00048,0.00006
40.46000,1.02194,0.99745,0.00201,0.00048,0.00006
40.60000,1.02194,0.99740,0.00205,0.00048,0.00006
40.74000,1.02193,0.99742,0.00204,0.00048,0.00006
40.88000,1.02194,0.99744,0.00202,0.00048,0.00006
41.02000,1.02194,0.99746,0.00200,0.00048,0.00006
41.16000,1.02194,0.99744,0.00202,0.00048,0.00006
41.30000,1.02194,0.99741,0.00205,0.00048,0.00006
41.44000,1.02194,0.99738,0.00207,0.00049,0.00006
41.58000,1.02193,0.99740,0.00205,0.00048,0.00006
41.72000,1.02193,0.99737,0.00208,0.00049,0.00006
41.86000,1.02194,0.99739,0.00206,0.00049,0.00006
42.00000,1.02194,0.99738,0.00207,0.00049,0.00006
42.14000,1.02194,0.99739,0.00206,0.00049,0.00006
42.28000,1.02194,0.99738,0.00207,0.00049,0.00006
42.42000,1.02194,0.99742,0.00204,0.00048,0.00006
42.56000,1.02193,0.99742,0.00203,0.00048,0.00006
42.70000,1.02194,0.99744,0.00202,0.00048,0.00006
42.84000,1.02194,0.99744,0.00202,0.00048,0.00006
42.98000,1.02194,0.99750,0.00197,0.00047,0.00006
43.12000,1.02194,0.99748,0.00199,0.00047,0.00006
43.26000,1.02194,0.99752,0.00195,0.00047,0.00006
43.40000,1.02193,0.99750,0.00197,0.00047,0.00006
43.54000,1.02194,0.99752,0.00195,0.00047,0.00006
43.68000,1.02194,0.99754,0.00194,0.00047,0.00006
43.82000,1.02194,0.99754,0.00193,0.00047,0.00006
43.96000,1.02194,0.99755,0.00193,0.00047,0.00006
44.10000,1.02194,0.99756,0.00191,0.00046,0.00006
44.24000,1.02193,0.99755,0.00192,0.00046,0.00006
44.38000,1.02194,0.99759,0.00189,0.00046,0.00006
44.52000,1.02194,0.99758,0.00190,0.00046,0.00006
44.66000,1.02194,0.99760,0.00188,0.00046,0.00006
44.80000,1.02194,0.99761,0.00187,0.00046,0.00006
44.94000,1.02194,0.99758,0.00189,0.00046,0.00006
45.08000,1.02193,0.99762,0.00187,0.00046,0.00006
45.22000,1.02193,0.99762,0.00187,0.00046,0.00006
45.36000,1.02194,0.99760,0.00188,0.00046,0.00006
45.50000,1.02194,0.99764,0.00184,0.00046,0.00006
45.64000,1.02194,0.99765,0.00183,0.00045,0.00006
45.78000,1.02194,0.99768,0.00181,0.00045,0.00006
45.92000,1.02194,0.99769,0.00180,0.00045,0.00006
46.06000,1.02193,0.99767,0.00182,0.00045,0.00006
46.20000,1.02194,0.99772,0.00177,0.00044,0.00006
46.34000,1.02194,0.99774,0.00176,0.00044,0.00006
46.48000,1.02194,0.99776,0.00174,0.00044,0.00006
46.62000,1.02194,0.99778,0.00172,0.00044,0.00006
46.76000,1.02194,0.99778,0.00172,0.00043,0.00006
46.90000,1.02193,0.99775,0.00175,0.00044,0.00006
47.04000,1.02194,0.99776,0.00174,0.00044,0.00006
47.18000,1.02194,0.99777,0.00174,0.00044,0.00006
47.32000,1.02194,0.99775,0.00175,0.00044,0.00006
47.46000,1.02194,0.99772,0.00177,0.00044,0.00006
47.60000,1.02194,0.99774,0.00176,0.00044,0.00006
47.74000,1.02193,0.99773,0.00176,0.00044,0.00006
47.88000,1.02194,0.99770,0.00179,0.00045,0.00006
48.02000,1.02194,0.99774,0.00175,0.00044,0.00006
48.16000,1.02194,0.99770,0.00179,0.00045,0.00006
48.30000,1.02194,0.99770,0.00179,0.00045,0.00006
48.44000,1.02194,0.99774,0.00175,0.00044,0.00006
48.58000,1.02193,0.99776,0.00174,0.00044,0.00006
48.72000,1.02193,0.99782,0.00169,0.00043,0.00006
48.86000,1.02194,0.99780,0.00170,0.00043,0.00006
49.00000,1.02194,0.99783,0.00168,0.00043,0.00006
49.14000,1.02194,0.99783,0.00168,0.00043,0.00006
49.28000,1.02194,0.99787,0.00165,0.00042,0.00006
49.42000,1.02194,0.99786,0.00165,0.00042,0.00006
49.56000,1.02193,0.99787,0.00165,0.00042,0.00006
49.70000,1.02194,0.99785,0.00166,0.00043,0.00006
49.84000,1.02194,0.99791,0.00161,0.00042,0.00006
49.98000,1.02194,0.99789,0.00163,0.00042,0.00006
50.12000,1.02194,0.99791,0.00162,0.00042,0.00006
50.26000,1.02194,0.99791,0.00161,0.00042,0.00006
50.40000,1.02193,0.99799,0.00155,0.00041,0.00006
50.54000,1.02194,0.99798,0.00156,0.00041,0.00006
50.68000,1.02194,0.99797,0.00156,0.00041,0.00006
50.82000,1.02194,0.99796,0.00157,0.00041,0.00006
50.96000,1.02194,0.99794,0.00159,0.00041,0.00006
51.10000,1.02194,0.99794,0.00159,0.00041,0.00006
51.24000,1.02193,0.99794,0.00158,0.00041,0.00006
51.38000,1.02194,0.99795,0.00158,0.00041,0.00006
51.52000,1.02194,0.99795,0.00158,0.00041,0.00006
51.66000,1.02194,0.99794,0.00158,0.00041,0.00006
51.80000,1.02194,0.99796,0.00157,0.00041,0.00006
51.94000,1.02194,0.99799,0.00154,0.00041,0.00006
52.08000,1.02193,0.99797,0.00156,0.00041,0.00006
52.22000,1.02193,0.99800,0.00154,0.00041,0.00006
52.36000,1.02194,0.99802,0.00152,0.00040,0.00006
52.50000,1.02194,0.99801,0.00153,0.00040,0.00006
52.64000,1.02194,0.99803,0.00151,0.00040,0.00006
52.78000,1.02194,0.99805,0.00149,0.00040,0.00006
52.92000,1.02194,0.99804,0.00150,0.00040,0.00006
53.06000,1.02193,0.99804,0.00151,0.00040,0.00006
53.20000,1.02194,0.99807,0.00147,0.00040,0.00006
53.34000,1.02194,0.99804,0.00150,0.00040,0.00006
53.48000,1.02194,0.99804,0.00150,0.00040,0.00006
53.62000,1.02194,0.99806,0.00149,0.00040,0.00006
53.76000,1.02194,0.99803,0.00151,0.00040,0.00006
53.90000,1.02193,0.99803,0.00150,0.00040,0.00006
54.04000,1.02194,0.99801,0.00152,0.00041,0.00006
54.18000,1.02194,0.99801,0.00152,0.00041,0.00006
54.32000,1.02194,0.99800,0.00153,0.00041,0.00006
54.46000,1.02194,0.99794,0.00159,0.00042,0.00006
54.60000,1.02194,0.99796,0.00156,0.00041,0.00006
54.74000,1.02193,0.99800,0.00154,0.00041,0.00006
54.88000,1.02194,0.99792,0.00160,0.00042,0.00006
55.02000,1.02194,0.99794,0.00158,0.00042,0.00006
55.16000,1.02194,0.99792,0.00160,0.00042,0.00006
55.30000,1.02194,0.99794,0.00159,0.00042,0.00006
55.44000,1.02194,0.99793,0.00159,0.00042,0.00006
55.58000,1.02193,0.99791,0.00161,0.00042,0.00006
55.72000,1.02193,0.99787,0.00164,0.00043,0.00006
55.86000,1.02194,0.99794,0.00158,0.00042,0.00006
56.00000,1.02194,0.99793,0.00159,0.00042,0.00006
56.14000,1.02194,0.99792,0.00160,0.00042,0.00006
56.28000,1.02194,0.99794,0.00158,0.00042,0.00006
56.42000,1.02194,0.99795,0.00157,0.00042,0.00006
56.56000,1.02193,0.99794,0.00158,0.00042,0.00006
56.70000,1.02194,0.99797,0.00155,0.00042,0.00006
56.84000,1.02194,0.99791,0.00161,0.00042,0.00006
56.98000,1.02194,0.99795,0.00157,0.00042,0.00006
57.12000,1.02194,0.99795,0.00157,0.00042,0.00006
57.26000,1.02194,0.99797,0.00155,0.00042,0.00006
57.40000,1.02193,0.99797,0.00156,0.00042,0.00006
57.54000,1.02194,0.99793,0.00159,0.00042,0.00006
57.68000,1.02194,0.99788,0.00163,0.00043,0.00006
57.82000,1.02194,0.99790,0.00162,0.00043,0.00006
57.96000,1.02194,0.99790,0.00162,0.00043,0.00006
58.10000,1.02194,0.99789,0.00162,0.00043,0.00006
58.24000,1.02193,0.99788,0.00163,0.00043,0.00006
58.38000,1.02194,0.99787,0.00163,0.00043,0.00006
58.52000,1.02194,0.99788,0.00163,0.00043,0.00006
58.66000,1.02194,0.99787,0.00164,0.00043,0.00006
58.80000,1.02194,0.99792,0.00160,0.00042,0.00006
58.94000,1.02194,0.99788,0.00163,0.00043,0.00006
59.08000,1.02193,0.99783,0.00167,0.00043,0.00006
59.22000,1.02193,0.99787,0.00164,0.00043,0.00006
59.36000,1.02194,0.99781,0.00169,0.00044,0.00006
59.50000,1.02194,0.99782,0.00168,0.00044,0.00006
59.64000,1.02194,0.99781,0.00168,0.00044,0.00006
59.78000,1.02194,0.99778,0.00171,0.00045,0.00006
59.92000,1.02194,0.99780,0.00170,0.00044,0.00006
60.06000,1.02193,0.99787,0.00164,0.00043,0.00006
60.20000,1.02194,0.99783,0.00167,0.00044,0.00006
60.34000,1.02194,0.99783,0.00168,0.00044,0.00006
60.48000,1.02194,0.99788,0.00163,0.00043,0.00006
60.62000,1.02194,0.99787,0.00164,0.00043,0.00006
60.76000,1.02194,0.99785,0.00165,0.00043,0.00006
60.90000,1.02193,0.99781,0.00169,0.00044,0.00006
61.04000,1.02194,0.99778,0.00171,0.00045,0.00006
61.18000,1.02194,0.99778,0.00171,0.00045,0.00006
61.32000,1.02194,0.99778,0.00171,0.00045,0.00006
61.46000,1.02194,0.99775,0.00174,0.00045,0.00006
61.60000,1.02194,0.99777,0.00172,0.00045,0.00006
61.74000,1.02193,0.99770,0.00178,0.00046,0.00006
61.88000,1.02194,0.99776,0.00173,0.00045,0.00006
62.02000,1.02194,0.99776,0.00172,0.00045,0.00006
62.16000,1.02194,0.99773,0.00175,0.00046,0.00006
62.30000,1.02194,0.99766,0.00181,0.00046,0.00006
62.44000,1.02194,0.99762,0.00185,0.00047,0.00006
62.58000,1.02193,0.99757,0.00189,0.00048,0.00006
62.72000,1.02193,0.99761,0.00186,0.00047,0.00006
62.86000,1.02194,0.99753,0.00192,0.00048,0.00006
63.00000,1.02193,0.99755,0.00191,0.00048,0.00006
63.14000,1.02193,0.99751,0.00194,0.00049,0.00006
63.28000,1.02194,0.99746,0.00198,0.00049,0.00006
63.42000,1.02194,0.99749,0.00196,0.00049,0.00006
63.56000,1.02194,0.99752,0.00192,0.00049,0.00006
63.70000,1.02194,0.99740,0.00203,0.00050,0.00006
63.84000,1.02194,0.99742,0.00202,0.00050,0.00006
63.98000,1.02194,0.99746,0.00197,0.00050,0.00006
64.12000,1.02193,0.99742,0.00201,0.00050,0.00006
64.26000,1.02193,0.99744,0.00200,0.00050,0.00006
64.40000,1.02193,0.99741,0.00202,0.00050,0.00006
64.54000,1.02193,0.99736,0.00207,0.00051,0.00006
64.68000,1.02193,0.99743,0.00200,0.00050,0.00006
64.82000,1.02193,0.99747,0.00197,0.00050,0.00007
64.96000,1.02194,0.99737,0.00206,0.00051,0.00006
65.10000,1.02194,0.99743,0.00200,0.00050,0.00006
65.24000,1.02194,0.99741,0.00202,0.00050,0.00006
65.38000,1.02194,0.99740,0.00204,0.00050,0.00006
65.52000,1.02194,0.99738,0.00205,0.00051,0.00006
65.66000,1.02193,0.99743,0.00200,0.00050,0.00006
65.80000,1.02193,0.99742,0.00202,0.00050,0.00006
65.94000,1.02193,0.99746,0.00198,0.00050,0.00006
66.08000,1.02193,0.99749,0.00195,0.00049,0.00006
66.22000,1.02193,0.99752,0.00193,0.00049,0.00006
66.36000,1.02193,0.99754,0.00191,0.00048,0.00006
66.50000,1.02193,0.99753,0.00193,0.00048,0.00006
66.64000,1.02193,0.99751,0.00194,0.00049,0.00006
66.78000,1.02194,0.99754,0.00191,0.00048,0.00006
66.92000,1.02194,0.99756,0.00189,0.00048,0.00006
67.06000,1.02194,0.99748,0.00196,0.00049,0.00006
67.20000,1.02194,0.99749,0.00195,0.00049,0.00006
67.34000,1.02194,0.99740,0.00203,0.00050,0.00006
67.48000,1.02193,0.99749,0.00195,0.00049,0.00006
67.62000,1.02193,0.99751,0.00194,0.00049,0.00006
67.76000,1.02193,0.99753,0.00192,0.00049,0.00006
67.90000,1.02193,0.99746,0.00198,0.00049,0.00006
68.04000,1.02193,0.99749,0.00196,0.00049,0.00006
68.18000,1.02193,0.99749,0.00196,0.00049,0.00006
68.32000,1.02193,0.99749,0.00196,0.00049,0.00006
68.46000,1.02194,0.99748,0.00196,0.00049,0.00006
68.60000,1.02194,0.99746,0.00198,0.00050,0.00006
68.74000,1.02194,0.99745,0.00199,0.00050,0.00006
68.88000,1.02194,0.99746,0.00198,0.00050,0.00006
69.02000,1.02194,0.99748,0.00196,0.00049,0.00006
69.16000,1.02193,0.99747,0.00197,0.00050,0.00006
69.30000,1.02193,0.99744,0.00200,0.00050,0.00006
69.44000,1.02193,0.99748,0.00196,0.00049,0.00006
69.58000,1.02193,0.99749,0.00195,0.00049,0.00006
69.72000,1.02193,0.99749,0.00196,0.00049,0.00006
69.86000,1.02193,0.99749,0.00196,0.00049,0.00006
70.00000,1.02193,0.99749,0.00195,0.00049,0.00006
70.14000,1.02193,0.99745,0.00199,0.00050,0.00006
70.28000,1.02194,0.99735,0.00207,0.00051,0.00006
70.42000,1.02194,0.99737,0.00206,0.00051,0.00006
70.56000,1.02194,0.99737,0.00205,0.00051,0.00007
70.70000,1.02194,0.99732,0.00210,0.00052,0.00007
70.84000,1.02194,0.99730,0.00211,0.00052,0.00007
70.98000,1.02193,0.99727,0.00214,0.00053,0.00007
71.12000,1.02193,0.99733,0.00209,0.00052,0.00006
71.26000,1.02193,0.99740,0.00202,0.00051,0.00006
71.40000,1.02193,0.99746,0.00197,0.00050,0.00007
71.54000,1.02193,0.99745,0.00199,0.00050,0.00006
71.68000,1.02193,0.99741,0.00202,0.00050,0.00006
71.82000,1.02193,0.99750,0.00194,0.00050,0.00006
71.96000,1.02194,0.99750,0.00194,0.00049,0.00007
72.10000,1.02194,0.99746,0.00198,0.00050,0.00007
72.24000,1.02194,0.99746,0.00197,0.00050,0.00006
72.38000,1.02194,0.99748,0.00196,0.00050,0.00006
72.52000,1.02194,0.99740,0.00203,0.00051,0.00006
72.66000,1.02193,0.99752,0.00193,0.00049,0.00007
72.80000,1.02193,0.99752,0.00193,0.00049,0.00006
72.94000,1.02193,0.99752,0.00193,0.00049,0.00006
73.08000,1.02193,0.99754,0.00191,0.00049,0.00006
73.22000,1.02193,0.99754,0.00190,0.00049,0.00006
73.36000,1.02193,0.99751,0.00193,0.00049,0.00006
73.50000,1.02193,0.99753,0.00192,0.00049,0.00006
73.64000,1.02193,0.99751,0.00194,0.00049,0.00007
73.78000,1.02194,0.99748,0.00196,0.00050,0.00006
73.92000,1.02194,0.99747,0.00197,0.00050,0.00006
74.06000,1.02194,0.99738,0.00205,0.00051,0.00006
74.20000,1.02194,0.99737,0.00206,0.00051,0.00006
74.34000,1.02194,0.99739,0.00204,0.00051,0.00006
74.48000,1.02193,0.99735,0.00207,0.00051,0.00006
74.62000,1.02193,0.99731,0.00210,0.00052,0.00007
74.76000,1.02193,0.99735,0.00207,0.00052,0.00007
74.90000,1.02193,0.99729,0.00213,0.00052,0.00006
75.04000,1.02193,0.99735,0.00207,0.00051,0.00006
75.18000,1.02193,0.99735,0.00207,0.00051,0.00007
75.32000,1.02193,0.99734,0.00208,0.00051,0.00007
75.46000,1.02194,0.99726,0.00215,0.00052,0.00006
75.60000,1.02194,0.99731,0.00211,0.00052,0.00007
75.74000,1.02194,0.99724,0.00217,0.00053,0.00007
75.88000,1.02194,0.99719,0.00221,0.00054,0.00007
76.02000,1.02194,0.99710,0.00229,0.00055,0.00007
76.16000,1.02193,0.99703,0.00234,0.00056,0.00007
76.30000,1.02193,0.99709,0.00229,0.00056,0.00007
76.44000,1.02193,0.99696,0.00240,0.00057,0.00007
76.58000,1.02193,0.99696,0.00240,0.00057,0.00007
76.72000,1.02193,0.99694,0.00242,0.00057,0.00007
76.86000,1.02193,0.99700,0.00236,0.00057,0.00007
77.00000,1.02193,0.99702,0.00235,0.00056,0.00007
77.14000,1.02193,0.99710,0.00228,0.00055,0.00007
77.28000,1.02194,0.99706,0.00232,0.00056,0.00007
77.42000,1.02194,0.99703,0.00235,0.00056,0.00007
77.56000,1.02194,0.99704,0.00233,0.00056,0.00007
77.70000,1.02194,0.99712,0.00226,0.00055,0.00007
77.84000,1.02194,0.99717,0.00221,0.00054,0.00007
77.98000,1.02193,0.99710,0.00228,0.00055,0.00007
78.12000,1.02193,0.99708,0.00230,0.00056,0.00007
78.26000,1.02193,0.99704,0.00233,0.00056,0.00007
78.40000,1.02193,0.99702,0.00235,0.00056,0.00007
78.54000,1.02193,0.99700,0.00236,0.00056,0.00007
78.68000,1.02193,0.99705,0.00232,0.00056,0.00007
78.82000,1.02193,0.99701,0.00236,0.00057,0.00007
78.96000,1.02194,0.99700,0.00236,0.00057,0.00007
79.10000,1.02194,0.99699,0.00238,0.00057,0.00007
79.24000,1.02194,0.99703,0.00235,0.00056,0.00007
79.38000,1.02194,0.99704,0.00233,0.00056,0.00007
79.52000,1.02194,0.99697,0.00239,0.00057,0.00007
79.66000,1.02193,0.99690,0.00245,0.00058,0.00007
79.80000,1.02193,0.99690,0.00245,0.00058,0.00007
79.94000,1.02193,0.99685,0.00249,0.00059,0.00007
80.08000,1.02193,0.99685,0.00249,0.00059,0.00007
80.22000,1.02193,0.99678,0.00255,0.00060,0.00007
80.36000,1.02193,0.99671,0.00261,0.00061,0.00007
80.50000,1.02193,0.99666,0.00266,0.00061,0.00007
80.64000,1.02193,0.99666,0.00266,0.00061,0.00007
80.78000,1.02194,0.99663,0.00269,0.00062,0.00007
80.92000,1.02194,0.99660,0.00272,0.00062,0.00007
81.06000,1.02194,0.99660,0.00271,0.00062,0.00007
81.20000,1.02194,0.99668,0.00263,0.00062,0.00007
81.34000,1.02194,0.99659,0.00271,0.00062,0.00007
81.48000,1.02193,0.99662,0.00269,0.00062,0.00007
81.62000,1.02193,0.99657,0.00273,0.00062,0.00007
81.76000,1.02193,0.99669,0.00263,0.00061,0.00007
81.90000,1.02193,0.99668,0.00263,0.00062,0.00007
82.04000,1.02193,0.99666,0.00266,0.00062,0.00007
82.18000,1.02193,0.99662,0.00269,0.00062,0.00007
82.32000,1.02193,0.99662,0.00269,0.00062,0.00007
82.46000,1.02194,0.99661,0.00270,0.00062,0.00007
82.60000,1.02194,0.99663,0.00267,0.00062,0.00007
82.74000,1.02194,0.99660,0.00270,0.00063,0.00007
82.88000,1.02194,0.99656,0.00274,0.00063,0.00007
83.02000,1.02194,0.99656,0.00273,0.00063,0.00007
83.16000,1.02193,0.99661,0.00269,0.00062,0.00007
83.30000,1.02193,0.99660,0.00271,0.00063,0.00007
83.44000,1.02193,0.99667,0.00264,0.00062,0.00007
83.58000,1.02193,0.99667,0.00264,0.00062,0.00007
83.72000,1.02193,0.99666,0.00265,0.00062,0.00007
83.86000,1.02193,0.99666,0.00265,0.00062,0.00007
84.00000,1.02193,0.99662,0.00269,0.00062,0.00007
84.14000,1.02193,0.99663,0.00268,0.00062,0.00007
84.28000,1.02194,0.99669,0.00262,0.00062,0.00007
84.42000,1.02194,0.99660,0.00270,0.00062,0.00007
84.56000,1.02194,0.99660,0.00270,0.00063,0.00007
84.70000,1.02194,0.99655,0.00275,0.00063,0.00007
84.84000,1.02194,0.99652,0.00277,0.00064,0.00007
84.98000,1.02193,0.99646,0.00282,0.00065,0.00007
85.12000,1.02193,0.99641,0.00286,0.00066,0.00007
85.26000,1.02193,0.99632,0.00293,0.00067,0.00007
85.40000,1.02193,0.99635,0.00291,0.00067,0.00007
85.54000,1.02193,0.99637,0.00288,0.00067,0.00007
85.68000,1.02193,0.99630,0.00295,0.00068,0.00007
85.82000,1.02193,0.99638,0.00288,0.00067,0.00007
85.96000,1.02194,0.99634,0.00292,0.00067,0.00007
86.10000,1.02194,0.99636,0.00289,0.00067,0.00007
86.24000,1.02194,0.99639,0.00286,0.00067,0.00008
86.38000,1.02194,0.99633,0.00291,0.00068,0.00008
86.52000,1.02194,0.99627,0.00297,0.00069,0.00007
86.66000,1.02193,0.99631,0.00293,0.00068,0.00008
86.80000,1.02193,0.99615,0.00307,0.00070,0.00008
86.94000,1.02193,0.99601,0.00319,0.00072,0.00008
87.08000,1.02193,0.99605,0.00316,0.00072,0.00008
87.22000,1.02193,0.99608,0.00312,0.00072,0.00008
87.36000,1.02193,0.99595,0.00324,0.00074,0.00008
87.50000,1.02193,0.99593,0.00325,0.00075,0.00008
87.64000,1.02193,0.99585,0.00332,0.00075,0.00008
87.78000,1.02194,0.99576,0.00339,0.00076,0.00008
87.92000,1.02194,0.99574,0.00341,0.00077,0.00008
88.06000,1.02194,0.99571,0.00343,0.00078,0.00008
88.20000,1.02194,0.99571,0.00343,0.00077,0.00008
88.34000,1.02194,0.99577,0.00338,0.00077,0.00008
88.48000,1.02193,0.99569,0.00344,0.00079,0.00008
88.62000,1.02193,0.99565,0.00348,0.00079,0.00008
88.76000,1.02193,0.99556,0.00356,0.00080,0.00008
88.90000,1.02193,0.99569,0.00345,0.00078,0.00008
89.04000,1.02193,0.99576,0.00338,0.00078,0.00008
89.18000,1.02193,0.99563,0.00350,0.00079,0.00008
89.32000,1.02193,0.99571,0.00343,0.00078,0.00008
89.46000,1.02194,0.99566,0.00347,0.00079,0.00008
89.60000,1.02194,0.99565,0.00347,0.00080,0.00008
89.74000,1.02194,0.99557,0.00354,0.00081,0.00008
89.88000,1.02194,0.99558,0.00353,0.00080,0.00008
90.02000,1.02194,0.99555,0.00356,0.00081,0.00008
90.16000,1.02193,0.99550,0.00360,0.00081,0.00008
90.30000,1.02193,0.99546,0.00364,0.00081,0.00008
90.44000,1.02193,0.99563,0.00349,0.00080,0.00008
90.58000,1.02193,0.99553,0.00358,0.00081,0.00008
90.72000,1.02193,0.99560,0.00351,0.00080,0.00008
90.86000,1.02193,0.99559,0.00354,0.00079,0.00008
91.00000,1.02193,0.99558,0.00354,0.00080,0.00008
91.14000,1.02193,0.99555,0.00357,0.00080,0.00008
91.28000,1.02194,0.99565,0.00347,0.00079,0.00008
91.42000,1.02194,0.99564,0.00348,0.00079,0.00008
91.56000,1.02194,0.99571,0.00342,0.00079,0.00008
91.70000,1.02194,0.99572,0.00342,0.00078,0.00008
91.84000,1.02194,0.99576,0.00338,0.00078,0.00008
91.98000,1.02193,0.99567,0.00347,0.00078,0.00008
92.12000,1.02193,0.99599,0.00318,0.00074,0.00008
92.26000,1.02193,0.99584,0.00333,0.00076,0.00008
92.40000,1.02193,0.99581,0.00335,0.00076,0.00008
92.54000,1.02193,0.99588,0.00329,0.00075,0.00008
92.68000,1.02193,0.99579,0.00337,0.00076,0.00008
92.82000,1.02193,0.99590,0.00327,0.00075,0.00008
92.96000,1.02194,0.99584,0.00332,0.00076,0.00008
93.10000,1.02194,0.99584,0.00333,0.00076,0.00008
93.24000,1.02194,0.99587,0.00330,0.00075,0.00008
93.38000,1.02194,0.99584,0.00333,0.00075,0.00008
93.52000,1.02194,0.99595,0.00323,0.00074,0.00008
93.66000,1.02193,0.99594,0.00324,0.00074,0.00008
93.80000,1.02193,0.99608,0.00311,0.00073,0.00008
93.94000,1.02193,0.99586,0.00331,0.00075,0.00008
94.08000,1.02193,0.99590,0.00328,0.00074,0.00008
94.22000,1.02193,0.99587,0.00330,0.00075,0.00008
94.36000,1.02193,0.99604,0.00316,0.00073,0.00008
94.50000,1.02193,0.99608,0.00312,0.00072,0.00008
94.64000,1.02193,0.99598,0.00321,0.00073,0.00008
94.78000,1.02194,0.99585,0.00332,0.00074,0.00008
94.92000,1.02194,0.99603,0.00317,0.00073,0.00008
95.06000,1.02194,0.99610,0.00311,0.00072,0.00008
95.20000,1.02194,0.99609,0.00311,0.00072,0.00008
95.34000,1.02194,0.99614,0.00306,0.00071,0.00008
95.48000,1.02193,0.99586,0.00332,0.00074,0.00008
95.62000,1.02193,0.99602,0.00318,0.00072,0.00008
95.76000,1.02193,0.99608,0.00312,0.00072,0.00008
95.90000,1.02193,0.99619,0.00303,0.00070,0.00008
96.04000,1.02193,0.99614,0.00308,0.00070,0.00008
96.18000,1.02193,0.99624,0.00298,0.00070,0.00008
96.32000,1.02193,0.99621,0.00302,0.00070,0.00008
96.46000,1.02194,0.99621,0.00302,0.00070,0.00008
96.60000,1.02194,0.99620,0.00302,0.00070,0.00008
96.74000,1.02194,0.99615,0.00307,0.00071,0.00008
96.88000,1.02194,0.99614,0.00309,0.00070,0.00007
97.02000,1.02194,0.99617,0.00306,0.00070,0.00008
97.16000,1.02193,0.99611,0.00311,0.00071,0.00008
97.30000,1.02193,0.99619,0.00304,0.00070,0.00007
97.44000,1.02193,0.99628,0.00296,0.00069,0.00007
97.58000,1.02193,0.99634,0.00291,0.00068,0.00007
97.72000,1.02193,0.99627,0.00297,0.00068,0.00008
97.86000,1.02193,0.99640,0.00285,0.00067,0.00008
98.00000,1.02193,0.99625,0.00299,0.00069,0.00007
98.14000,1.02193,0.99630,0.00294,0.00068,0.00007
98.28000,1.02194,0.99630,0.00295,0.00068,0.00007
98.42000,1.02194,0.99618,0.00305,0.00070,0.00007
98.56000,1.02194,0.99619,0.00304,0.00070,0.00008
98.70000,1.02194,0.99622,0.00301,0.00069,0.00008
98.84000,1.02194,0.99618,0.00305,0.00070,0.00008
98.98000,1.02193,0.99621,0.00303,0.00069,0.00007
99.12000,1.02193,0.99633,0.00292,0.00068,0.00007
99.26000,1.02193,0.99632,0.00293,0.00068,0.00007
99.40000,1.02193,0.99634,0.00292,0.00067,0.00007
99.54000,1.02193,0.99640,0.00286,0.00066,0.00007
99.68000,1.02193,0.99644,0.00283,0.00066,0.00007
99.82000,1.02193,0.99643,0.00284,0.00066,0.00007
99.96000,1.02194,0.99642,0.00284,0.00066,0.00007
100.10000,1.02194,0.99643,0.00284,0.00066,0.00007
100.24000,1.02194,0.99644,0.00282,0.00066,0.00007
100.38000,1.02194,0.99641,0.00286,0.00066,0.00007
100.52000,1.02194,0.99638,0.00288,0.00067,0.00007
100.66000,1.02193,0.99636,0.00290,0.00067,0.00007
100.80000,1.02193,0.99640,0.00286,0.00066,0.00007
100.94000,1.02193,0.99635,0.00291,0.00066,0.00007
101.08000,1.02193,0.99637,0.00289,0.00067,0.00007
101.22000,1.02193,0.99630,0.00295,0.00067,0.00007
101.36000,1.02193,0.99635,0.00291,0.00067,0.00007
101.50000,1.02193,0.99642,0.00284,0.00066,0.00007
101.64000,1.02193,0.99636,0.00289,0.00067,0.00007
101.78000,1.02194,0.99631,0.00294,0.00067,0.00007
101.92000,1.02194,0.99636,0.00290,0.00067,0.00007
102.06000,1.02194,0.99640,0.00287,0.00066,0.00007
102.20000,1.02194,0.99636,0.00290,0.00066,0.00007
102.34000,1.02194,0.99649,0.00279,0.00065,0.00007
102.48000,1.02193,0.99649,0.00278,0.00065,0.00007
102.62000,1.02193,0.99647,0.00281,0.00065,0.00007
102.76000,1.02193,0.99645,0.00282,0.00065,0.00007
102.90000,1.02193,0.99644,0.00283,0.00066,0.00007
103.04000,1.02193,0.99639,0.00287,0.00066,0.00007
103.18000,1.02193,0.99654,0.00274,0.00065,0.00007
103.32000,1.02193,0.99651,0.00277,0.00065,0.00007
103.46000,1.02194,0.99643,0.00285,0.00065,0.00007
103.60000,1.02194,0.99650,0.00278,0.00064,0.00007
103.74000,1.02194,0.99642,0.00285,0.00065,0.00007
103.88000,1.02194,0.99649,0.00279,0.00065,0.00007
104.02000,1.02194,0.99652,0.00277,0.00064,0.00007
104.16000,1.02193,0.99654,0.00274,0.00064,0.00007
104.30000,1.02193,0.99650,0.00278,0.00064,0.00007
104.44000,1.02193,0.99662,0.00267,0.00063,0.00007
104.58000,1.02193,0.99662,0.00268,0.00063,0.00007
104.72000,1.02193,0.99662,0.00268,0.00063,0.00007
104.86000,1.02193,0.99653,0.00277,0.00064,0.00007
105.00000,1.02193,0.99653,0.00277,0.00064,0.00007
105.14000,1.02193,0.99657,0.00272,0.00064,0.00007
105.28000,1.02194,0.99651,0.00277,0.00064,0.00007
105.42000,1.02194,0.99650,0.00278,0.00065,0.00007
105.56000,1.02194,0.99641,0.00286,0.00065,0.00007
105.70000,1.02194,0.99643,0.00285,0.00065,0.00007
105.84000,1.02194,0.99643,0.00285,0.00065,0.00007
105.98000,1.02193,0.99657,0.00273,0.00064,0.00007
106.12000,1.02193,0.99654,0.00275,0.00064,0.00007
106.26000,1.02193,0.99658,0.00271,0.00063,0.00007
106.40000,1.02193,0.99657,0.00273,0.00063,0.00007
106.54000,1.02193,0.99664,0.00267,0.00062,0.00007
106.68000,1.02193,0.99665,0.00266,0.00062,0.00007
106.82000,1.02193,0.99666,0.00265,0.00062,0.00007
106.96000,1.02194,0.99660,0.00270,0.00063,0.00007
107.10000,1.02194,0.99664,0.00266,0.00063,0.00007
107.24000,1.02194,0.99652,0.00277,0.00064,0.00007
107.38000,1.02194,0.99649,0.00279,0.00065,0.00007
107.52000,1.02194,0.99634,0.00293,0.00067,0.00007
107.66000,1.02193,0.99633,0.00292,0.00067,0.00007
107.80000,1.02193,0.99633,0.00292,0.00067,0.00007
107.94000,1.02193,0.99642,0.00284,0.00066,0.00007
108.08000,1.02193,0.99649,0.00278,0.00065,0.00007
108.22000,1.02193,0.99654,0.00274,0.00064,0.00007
108.36000,1.02193,0.99657,0.00273,0.00063,0.00007
108.50000,1.02193,0.99661,0.00269,0.00063,0.00007
108.64000,1.02193,0.99670,0.00261,0.00062,0.00007
108.78000,1.02194,0.99671,0.00260,0.00062,0.00007
108.92000,1.02194,0.99673,0.00257,0.00062,0.00007
109.06000,1.02194,0.99660,0.00269,0.00063,0.00007
109.20000,1.02194,0.99671,0.00259,0.00062,0.00007
109.34000,1.02194,0.99660,0.00269,0.00064,0.00007
109.48000,1.02193,0.99663,0.00266,0.00064,0.00007
109.62000,1.02193,0.99659,0.00270,0.00064,0.00007
109.76000,1.02193,0.99655,0.00273,0.00064,0.00007
109.90000,1.02193,0.99651,0.00276,0.00065,0.00007
110.04000,1.02193,0.99646,0.00281,0.00066,0.00007
110.18000,1.02193,0.99638,0.00288,0.00067,0.00007
110.32000,1.02193,0.99645,0.00281,0.00066,0.00007
110.46000,1.02194,0.99644,0.00283,0.00066,0.00007
110.60000,1.02194,0.99654,0.00274,0.00065,0.00007
110.74000,1.02194,0.99647,0.00281,0.00065,0.00007
110.88000,1.02194,0.99646,0.00282,0.00065,0.00007
111.02000,1.02194,0.99645,0.00283,0.00066,0.00007
111.16000,1.02193,0.99646,0.00281,0.00065,0.00007
111.30000,1.02193,0.99660,0.00268,0.00064,0.00008
111.44000,1.02193,0.99645,0.00282,0.00066,0.00008
111.58000,1.02193,0.99625,0.00299,0.00068,0.00007
111.72000,1.02193,0.99625,0.00300,0.00068,0.00007
111.86000,1.02193,0.99636,0.00290,0.00067,0.00007
112.00000,1.02193,0.99643,0.00284,0.00066,0.00007
112.14000,1.02193,0.99644,0.00283,0.00065,0.00007
112.28000,1.02194,0.99644,0.00284,0.00065,0.00007
112.42000,1.02194,0.99648,0.00280,0.00065,0.00007
112.56000,1.02194,0.99654,0.00274,0.00064,0.00007
112.70000,1.02194,0.99655,0.00274,0.00064,0.00007
112.84000,1.02194,0.99649,0.00280,0.00064,0.00007
112.98000,1.02193,0.99652,0.00276,0.00064,0.00007
113.12000,1.02193,0.99647,0.00282,0.00065,0.00007
113.26000,1.02193,0.99647,0.00282,0.00064,0.00007
113.40000,1.02193,0.99654,0.00275,0.00064,0.00007
113.54000,1.02193,0.99652,0.00277,0.00064,0.00007
113.68000,1.02193,0.99663,0.00266,0.00063,0.00007
113.82000,1.02193,0.99659,0.00271,0.00063,0.00007
113.96000,1.02194,0.99658,0.00272,0.00063,0.00007
114.10000,1.02194,0.99657,0.00273,0.00063,0.00007
114.24000,1.02194,0.99671,0.00260,0.00062,0.00007
114.38000,1.02194,0.99656,0.00274,0.00063,0.00007
114.52000,1.02194,0.99655,0.00275,0.00064,0.00007
114.66000,1.02193,0.99653,0.00276,0.00064,0.00007
114.80000,1.02193,0.99654,0.00274,0.00064,0.00007
114.94000,1.02193,0.99647,0.00281,0.00065,0.00007
115.08000,1.02193,0.99655,0.00273,0.00065,0.00007
115.22000,1.02193,0.99644,0.00283,0.00066,0.00007
115.36000,1.02193,0.99640,0.00287,0.00066,0.00007
115.50000,1.02193,0.99647,0.00281,0.00065,0.00007
115.64000,1.02193,0.99637,0.00289,0.00066,0.00007
115.78000,1.02194,0.99636,0.00290,0.00066,0.00007
115.92000,1.02194,0.99632,0.00293,0.00067,0.00007
116.06000,1.02194,0.99640,0.00286,0.00066,0.00007
116.20000,1.02194,0.99639,0.00287,0.00067,0.00007
116.34000,1.02194,0.99632,0.00294,0.00067,0.00007
116.48000,1.02193,0.99642,0.00284,0.00066,0.00007
116.62000,1.02193,0.99648,0.00279,0.00066,0.00007
116.76000,1.02193,0.99645,0.00282,0.00066,0.00007
116.90000,1.02193,0.99650,0.00277,0.00065,0.00007
117.04000,1.02193,0.99653,0.00275,0.00064,0.00007
117.18000,1.02193,0.99644,0.00283,0.00065,0.00007
117.32000,1.02193,0.99643,0.00284,0.00066,0.00007
117.46000,1.02194,0.99651,0.00276,0.00065,0.00008
117.60000,1.02194,0.99638,0.00287,0.00067,0.00007
117.74000,1.02194,0.99643,0.00283,0.00067,0.00008
117.88000,1.02194,0.99629,0.00295,0.00068,0.00007
118.02000,1.02194,0.99618,0.00305,0.00069,0.00007
118.16000,1.02193,0.99629,0.00295,0.00068,0.00007
118.30000,1.02193,0.99629,0.00295,0.00068,0.00007
118.44000,1.02193,0.99636,0.00290,0.00067,0.00007
118.58000,1.02193,0.99632,0.00293,0.00067,0.00007
118.72000,1.02193,0.99623,0.00301,0.00069,0.00007
118.86000,1.02193,0.99622,0.00301,0.00069,0.00007
119.00000,1.02193,0.99633,0.00292,0.00068,0.00007
119.14000,1.02193,0.99635,0.00290,0.00068,0.00007
119.28000,1.02194,0.99645,0.00281,0.00066,0.00007
119.42000,1.02194,0.99638,0.00288,0.00067,0.00007
119.56000,1.02194,0.99642,0.00285,0.00066,0.00007
119.70000,1.02194,0.99652,0.00276,0.00064,0.00007
119.84000,1.02194,0.99656,0.00273,0.00064,0.00007
119.98000,1.02193,0.99656,0.00272,0.00064,0.00007
120.12000,1.02193,0.99650,0.00278,0.00065,0.00007
120.26000,1.02193,0.99653,0.00276,0.00064,0.00007
120.40000,1.02193,0.99649,0.00279,0.00065,0.00007
120.54000,1.02193,0.99644,0.00283,0.00065,0.00007
120.68000,1.02193,0.99642,0.00284,0.00066,0.00007
120.82000,1.02193,0.99628,0.00297,0.00068,0.00007
120.96000,1.02194,0.99631,0.00294,0.00068,0.00007
121.10000,1.02194,0.99636,0.00289,0.00067,0.00007
121.24000,1.02194,0.99621,0.00303,0.00069,0.00007
121.38000,1.02194,0.99627,0.00298,0.00068,0.00007
121.52000,1.02194,0.99618,0.00306,0.00069,0.00007
121.66000,1.02193,0.99631,0.00294,0.00067,0.00007
121.80000,1.02193,0.99640,0.00287,0.00066,0.00007
121.94000,1.02193,0.99632,0.00293,0.00067,0.00007
122.08000,1.02193,0.99631,0.00295,0.00067,0.00007
122.22000,1.02193,0.99633,0.00293,0.00067,0.00007
122.36000,1.02193,0.99638,0.00289,0.00066,0.00007
122.50000,1.02193,0.99649,0.00279,0.00065,0.00007
122.64000,1.02193,0.99648,0.00280,0.00065,0.00007
122.78000,1.02194,0.99647,0.00281,0.00065,0.00007
122.92000,1.02194,0.99654,0.00275,0.00064,0.00007
123.06000,1.02194,0.99655,0.00275,0.00063,0.00007
123.20000,1.02194,0.99656,0.00273,0.00063,0.00007
123.34000,1.02194,0.99655,0.00274,0.00064,0.00007
123.48000,1.02193,0.99659,0.00271,0.00063,0.00007
123.62000,1.02193,0.99654,0.00275,0.00064,0.00007
123.76000,1.02193,0.99658,0.00271,0.00063,0.00007
123.90000,1.02193,0.99663,0.00267,0.00062,0.00007
124.04000,1.02193,0.99654,0.00276,0.00063,0.00007
124.18000,1.02193,0.99667,0.00264,0.00062,0.00007
124.32000,1.02193,0.99663,0.00268,0.00062,0.00007
124.46000,1.02194,0.99661,0.00270,0.00063,0.00007
124.60000,1.02194,0.99667,0.00264,0.00062,0.00007
124.74000,1.02194,0.99671,0.00260,0.00062,0.00007
124.88000,1.02194,0.99662,0.00269,0.00062,0.00007
125.02000,1.02194,0.99668,0.00263,0.00062,0.00007
125.16000,1.02193,0.99673,0.00259,0.00061,0.00007
125.30000,1.02193,0.99675,0.00258,0.00061,0.00007
125.44000,1.02193,0.99671,0.00261,0.00061,0.00007
125.58000,1.02193,0.99681,0.00251,0.00060,0.00007
125.72000,1.02193,0.99673,0.00259,0.00061,0.00007
125.86000,1.02193,0.99682,0.00251,0.00060,0.00007
126.00000,1.02193,0.99694,0.00241,0.00058,0.00007
126.14000,1.02193,0.99697,0.00239,0.00057,0.00007
126.28000,1.02194,0.99700,0.00237,0.00057,0.00007
126.42000,1.02194,0.99706,0.00231,0.00056,0.00007
126.56000,1.02194,0.99703,0.00233,0.00056,0.00007
126.70000,1.02194,0.99713,0.00225,0.00055,0.00007
126.84000,1.02194,0.99714,0.00224,0.00055,0.00007
126.98000,1.02193,0.99717,0.00222,0.00055,0.00007
127.12000,1.02193,0.99703,0.00234,0.00056,0.00007
127.26000,1.02193,0.99711,0.00227,0.00055,0.00007
127.40000,1.02193,0.99710,0.00228,0.00056,0.00007
127.54000,1.02193,0.99719,0.00220,0.00055,0.00007
127.68000,1.02193,0.99719,0.00220,0.00054,0.00007
127.82000,1.02193,0.99721,0.00218,0.00054,0.00007
127.96000,1.02193,0.99719,0.00220,0.00054,0.00007
128.10001,1.02193,0.99727,0.00213,0.00053,0.00007
128.24001,1.02193,0.99726,0.00215,0.00053,0.00007
128.38000,1.02193,0.99732,0.00209,0.00052,0.00007
128.52000,1.02193,0.99728,0.00213,0.00053,0.00007
128.66000,1.02193,0.99728,0.00213,0.00053,0.00007
128.80000,1.02193,0.99727,0.00213,0.00053,0.00007
128.94000,1.02194,0.99719,0.00220,0.00054,0.00007
129.08000,1.02194,0.99712,0.00225,0.00055,0.00007
129.22000,1.02194,0.99707,0.00230,0.00056,0.00007
129.36000,1.02194,0.99710,0.00227,0.00056,0.00007
129.50000,1.02194,0.99697,0.00239,0.00057,0.00007
129.64000,1.02194,0.99694,0.00242,0.00058,0.00007
129.78000,1.02194,0.99693,0.00242,0.00058,0.00007
129.92000,1.02194,0.99694,0.00242,0.00058,0.00007
130.06000,1.02194,0.99694,0.00241,0.00058,0.00007
130.20000,1.02194,0.99687,0.00247,0.00059,0.00007
130.34000,1.02194,0.99683,0.00251,0.00059,0.00007
130.48000,1.02194,0.99683,0.00250,0.00059,0.00007
130.62000,1.02194,0.99681,0.00252,0.00060,0.00007
130.75999,1.02194,0.99680,0.00253,0.00060,0.00007
130.89999,1.02194,0.99683,0.00250,0.00060,0.00007
131.03999,1.02194,0.99678,0.00255,0.00060,0.00007
131.17999,1.02194,0.99678,0.00255,0.00060,0.00007
131.32001,1.02193,0.99667,0.00265,0.00061,0.00007
131.46001,1.02193,0.99676,0.00257,0.00060,0.00007
131.60001,1.02193,0.99678,0.00255,0.00060,0.00007
131.74001,1.02193,0.99680,0.00253,0.00060,0.00007
131.88000,1.02193,0.99678,0.00254,0.00060,0.00007
132.02000,1.02193,0.99671,0.00261,0.00061,0.00007
132.16000,1.02193,0.99663,0.00268,0.00062,0.00007
132.30000,1.02193,0.99680,0.00252,0.00060,0.00007
132.44000,1.02194,0.99673,0.00259,0.00061,0.00007
132.58000,1.02194,0.99661,0.00269,0.00063,0.00007
132.72000,1.02194,0.99657,0.00272,0.00063,0.00007
132.86000,1.02194,0.99664,0.00266,0.00062,0.00007
133.00000,1.02194,0.99662,0.00269,0.00063,0.00007
133.14000,1.02194,0.99667,0.00264,0.00062,0.00007
133.28000,1.02194,0.99668,0.00263,0.00062,0.00007
133.42000,1.02194,0.99664,0.00267,0.00062,0.00007
133.56000,1.02194,0.99661,0.00270,0.00062,0.00007
133.70000,1.02194,0.99667,0.00264,0.00062,0.00007
133.84000,1.02194,0.99661,0.00270,0.00062,0.00007
133.98000,1.02194,0.99661,0.00269,0.00063,0.00007
134.12000,1.02194,0.99652,0.00277,0.00063,0.00007
134.25999,1.02194,0.99661,0.00269,0.00063,0.00007
134.39999,1.02194,0.99667,0.00264,0.00062,0.00007
134.53999,1.02194,0.99660,0.00270,0.00063,0.00007
134.67999,1.02194,0.99655,0.00275,0.00063,0.00007
134.82001,1.02193,0.99652,0.00277,0.00064,0.00007
134.96001,1.02193,0.99655,0.00274,0.00064,0.00007
135.10001,1.02193,0.99654,0.00275,0.00064,0.00007
135.24001,1.02193,0.99649,0.00279,0.00064,0.00007
135.38000,1.02193,0.99641,0.00286,0.00066,0.00007
135.52000,1.02193,0.99638,0.00289,0.00066,0.00007
135.66000,1.02193,0.99642,0.00285,0.00065,0.00007
135.80000,1.02193,0.99646,0.00282,0.00065,0.00007
135.94000,1.02194,0.99646,0.00282,0.00065,0.00007
136.08000,1.02194,0.99648,0.00280,0.00065,0.00007
136.22000,1.02194,0.99652,0.00277,0.00064,0.00007
136.36000,1.02194,0.99656,0.00273,0.00064,0.00007
136.50000,1.02194,0.99656,0.00273,0.00064,0.00007
136.64000,1.02194,0.99655,0.00274,0.00063,0.00007
136.78000,1.02194,0.99666,0.00264,0.00062,0.00007
136.92000,1.02194,0.99660,0.00271,0.00063,0.00007
137.06000,1.02194,0.99667,0.00264,0.00062,0.00007
137.20000,1.02194,0.99660,0.00270,0.00063,0.00007
137.34000,1.02194,0.99664,0.00266,0.00062,0.00007
137.48000,1.02194,0.99657,0.00273,0.00063,0.00007
137.62000,1.02194,0.99655,0.00275,0.00064,0.00007
137.75999,1.02194,0.99647,0.00282,0.00064,0.00007
137.89999,1.02194,0.99653,0.00276,0.00064,0.00007
138.03999,1.02194,0.99652,0.00277,0.00064,0.00007
138.17999,1.02194,0.99649,0.00280,0.00064,0.00007
138.32001,1.02193,0.99656,0.00273,0.00064,0.00007
138.46001,1.02193,0.99659,0.00270,0.00063,0.00007
138.60001,1.02193,0.99656,0.00274,0.00063,0.00007
138.74001,1.02193,0.99666,0.00265,0.00062,0.00007
138.88000,1.02193,0.99659,0.00271,0.00063,0.00007
139.02000,1.02193,0.99657,0.00273,0.00063,0.00007
139.16000,1.02193,0.99657,0.00273,0.00063,0.00007
139.30000,1.02193,0.99664,0.00266,0.00062,0.00007
139.44000,1.02194,0.99665,0.00265,0.00062,0.00007
139.58000,1.02194,0.99660,0.00270,0.00063,0.00007
139.72000,1.02194,0.99655,0.00274,0.00063,0.00007
139.86000,1.02194,0.99657,0.00272,0.00063,0.00007
140.00000,1.02194,0.99659,0.00271,0.00063,0.00007
140.14000,1.02194,0.99661,0.00269,0.00063,0.00007
140.28000,1.02194,0.99666,0.00265,0.00062,0.00007
140.42000,1.02194,0.99665,0.00266,0.00062,0.00007
140.56000,1.02194,0.99659,0.00271,0.00062,0.00007
140.70000,1.02194,0.99660,0.00271,0.00063,0.00007
140.84000,1.02194,0.99656,0.00274,0.00063,0.00007
140.98000,1.02194,0.99670,0.00262,0.00062,0.00007
141.12000,1.02194,0.99670,0.00261,0.00061,0.00007
141.25999,1.02194,0.99660,0.00271,0.00062,0.00007
141.39999,1.02194,0.99667,0.00264,0.00062,0.00007
141.53999,1.02194,0.99670,0.00262,0.00061,0.00007
141.67999,1.02194,0.99670,0.00261,0.00061,0.00007
141.82001,1.02193,0.99675,0.00257,0.00061,0.00007
141.96001,1.02193,0.99665,0.00266,0.00062,0.00007
142.10001,1.02193,0.99663,0.00268,0.00062,0.00007
142.24001,1.02193,0.99658,0.00273,0.00063,0.00007
142.38000,1.02193,0.99657,0.00274,0.00063,0.00007
142.52000,1.02193,0.99664,0.00267,0.00062,0.00007
142.66000,1.02193,0.99658,0.00272,0.00063,0.00007
142.80000,1.02193,0.99657,0.00273,0.00063,0.00007
142.94000,1.02194,0.99656,0.00274,0.00063,0.00007
143.08000,1.02194,0.99658,0.00272,0.00063,0.00007
143.22000,1.02194,0.99664,0.00267,0.00062,0.00007
143.36000,1.02194,0.99658,0.00272,0.00063,0.00007
143.50000,1.02194,0.99662,0.00268,0.00063,0.00007
143.64000,1.02194,0.99658,0.00272,0.00063,0.00007
143.78000,1.02194,0.99656,0.00274,0.00063,0.00007
143.92000,1.02194,0.99660,0.00269,0.00063,0.00007
144.06000,1.02194,0.99661,0.00269,0.00063,0.00007
144.20000,1.02194,0.99657,0.00272,0.00063,0.00007
144.34000,1.02194,0.99660,0.00270,0.00063,0.00007
144.48000,1.02194,0.99653,0.00276,0.00064,0.00007
144.62000,1.02194,0.99657,0.00272,0.00063,0.00007
144.75999,1.02194,0.99664,0.00266,0.00063,0.00007
144.89999,1.02194,0.99658,0.00271,0.00063,0.00007
145.03999,1.02194,0.99654,0.00275,0.00064,0.00007
145.17999,1.02194,0.99652,0.00277,0.00064,0.00007
145.32001,1.02193,0.99649,0.00279,0.00065,0.00007
145.46001,1.02193,0.99652,0.00276,0.00065,0.00007
145.60001,1.02193,0.99645,0.00282,0.00066,0.00007
145.74001,1.02193,0.99635,0.00291,0.00067,0.00007
145.88000,1.02193,0.99645,0.00282,0.00066,0.00007
146.02000,1.02193,0.99640,0.00287,0.00066,0.00007
146.16000,1.02193,0.99632,0.00293,0.00067,0.00007
146.30000,1.02193,0.99629,0.00295,0.00068,0.00007
146.44000,1.02194,0.99634,0.00290,0.00068,0.00008
146.58000,1.02194,0.99614,0.00308,0.00071,0.00008
146.72000,1.02194,0.99615,0.00306,0.00071,0.00008
146.86000,1.02194,0.99604,0.00316,0.00072,0.00008
147.00000,1.02194,0.99597,0.00323,0.00073,0.00008
147.14000,1.02194,0.99604,0.00316,0.00072,0.00008
147.28000,1.02194,0.99599,0.00321,0.00073,0.00008
147.42000,1.02194,0.99590,0.00329,0.00074,0.00008
147.56000,1.02194,0.99596,0.00323,0.00073,0.00008
147.70000,1.02194,0.99591,0.00328,0.00074,0.00008
147.84000,1.02194,0.99593,0.00326,0.00074,0.00008
147.98000,1.02194,0.99603,0.00317,0.00073,0.00008
148.12000,1.02194,0.99590,0.00327,0.00075,0.00008
148.25999,1.02194,0.99585,0.00333,0.00075,0.00008
148.39999,1.02194,0.99569,0.00346,0.00077,0.00008
148.53999,1.02194,0.99584,0.00332,0.00075,0.00008
148.67999,1.02194,0.99582,0.00334,0.00076,0.00008
148.82001,1.02193,0.99583,0.00334,0.00076,0.00008
148.96001,1.02193,0.99579,0.00337,0.00076,0.00008
149.10001,1.02193,0.99595,0.00322,0.00075,0.00008
149.24001,1.02193,0.99587,0.00330,0.00075,0.00008
149.38000,1.02193,0.99594,0.00323,0.00074,0.00008
149.52000,1.02193,0.99595,0.00323,0.00074,0.00008
149.66000,1.02193,0.99594,0.00323,0.00074,0.00008
149.80000,1.02193,0.99591,0.00326,0.00074,0.00008
149.94000,1.02194,0.99587,0.00330,0.00075,0.00008
150.08000,1.02194,0.99583,0.00334,0.00076,0.00008
150.22000,1.02194,0.99593,0.00325,0.00074,0.00008
150.36000,1.02194,0.99603,0.00316,0.00073,0.00008
150.50000,1.02194,0.99602,0.00318,0.00073,0.00008
150.64000,1.02194,0.99608,0.00313,0.00072,0.00008
150.78000,1.02194,0.99606,0.00314,0.00072,0.00008
150.92000,1.02194,0.99620,0.00301,0.00071,0.00008
151.06000,1.02194,0.99626,0.00296,0.00070,0.00008
151.20000,1.02194,0.99633,0.00290,0.00069,0.00008
151.34000,1.02194,0.99637,0.00287,0.00068,0.00008
151.48000,1.02194,0.99623,0.00299,0.00070,0.00008
151.62000,1.02194,0.99623,0.00299,0.00070,0.00008
151.75999,1.02194,0.99613,0.00308,0.00071,0.00008
151.89999,1.02194,0.99614,0.00306,0.00072,0.00008
152.03999,1.02194,0.99608,0.00310,0.00073,0.00008
152.17999,1.02194,0.99598,0.00320,0.00074,0.00008
152.32001,1.02193,0.99588,0.00330,0.00075,0.00008
152.46001,1.02193,0.99591,0.00327,0.00074,0.00008
152.60001,1.02193,0.99585,0.00333,0.00074,0.00008
152.74001,1.02193,0.99600,0.00319,0.00073,0.00008
152.88000,1.02193,0.99596,0.00322,0.00073,0.00008
153.02000,1.02193,0.99594,0.00324,0.00074,0.00008
153.16000,1.02193,0.99600,0.00319,0.00073,0.00008
153.30000,1.02193,0.99600,0.00319,0.00073,0.00008
153.44000,1.02194,0.99593,0.00325,0.00074,0.00008
153.58000,1.02194,0.99602,0.00318,0.00073,0.00008
153.72000,1.02194,0.99600,0.00320,0.00073,0.00008
153.86000,1.02194,0.99606,0.00314,0.00072,0.00008
154.00000,1.02194,0.99607,0.00313,0.00072,0.00008
154.14000,1.02194,0.99604,0.00316,0.00072,0.00008
154.28000,1.02194,0.99605,0.00315,0.00072,0.00008
154.42000,1.02194,0.99618,0.00303,0.00071,0.00008
154.56000,1.02194,0.99608,0.00313,0.00072,0.00008
154.70000,1.02194,0.99596,0.00323,0.00073,0.00008
154.84000,1.02194,0.99610,0.00310,0.00072,0.00008
154.98000,1.02194,0.99601,0.00319,0.00073,0.00008
155.12000,1.02194,0.99595,0.00324,0.00074,0.00008
155.25999,1.02194,0.99601,0.00318,0.00073,0.00008
155.39999,1.02194,0.99601,0.00317,0.00074,0.00008
155.53999,1.02194,0.99593,0.00324,0.00074,0.00008
155.67999,1.02194,0.99591,0.00326,0.00075,0.00008
155.82001,1.02193,0.99584,0.00333,0.00075,0.00008
155.96001,1.02193,0.99585,0.00332,0.00075,0.00008
156.10001,1.02193,0.99590,0.00328,0.00075,0.00008
156.24001,1.02193,0.99604,0.00314,0.00073,0.00008
156.38000,1.02193,0.99588,0.00329,0.00075,0.00008
156.52000,1.02193,0.99582,0.00334,0.00076,0.00008
156.66000,1.02193,0.99592,0.00326,0.00075,0.00008
156.80000,1.02193,0.99596,0.00322,0.00074,0.00008
156.94000,1.02194,0.99583,0.00334,0.00075,0.00008
157.08000,1.02194,0.99591,0.00327,0.00075,0.00008
157.22000,1.02194,0.99596,0.00322,0.00074,0.00008
157.36000,1.02194,0.99599,0.00320,0.00073,0.00008
157.50000,1.02194,0.99605,0.00314,0.00073,0.00008
157.64000,1.02194,0.99605,0.00314,0.00073,0.00008
157.78000,1.02194,0.99602,0.00318,0.00072,0.00008
157.92000,1.02194,0.99618,0.00303,0.00071,0.00008
158.06000,1.02194,0.99601,0.00318,0.00073,0.00008
158.20000,1.02194,0.99607,0.00312,0.00073,0.00008
158.34000,1.02194,0.99603,0.00316,0.00073,0.00008
158.48000,1.02194,0.99615,0.00306,0.00072,0.00008
158.62000,1.02194,0.99605,0.00315,0.00072,0.00008
158.75999,1.02194,0.99613,0.00308,0.00072,0.00008
158.89999,1.02194,0.99609,0.00311,0.00072,0.00008
159.03999,1.02194,0.99613,0.00307,0.00072,0.00008
159.17999,1.02194,0.99617,0.00304,0.00072,0.00008
159.32001,1.02193,0.99608,0.00312,0.00073,0.00008
159.46001,1.02193,0.99595,0.00323,0.00075,0.00008
159.60001,1.02193,0.99577,0.00339,0.00076,0.00008
159.74001,1.02193,0.99589,0.00328,0.00075,0.00008
159.88000,1.02193,0.99585,0.00331,0.00076,0.00008
160.02000,1.02193,0.99590,0.00326,0.00075,0.00008
160.16000,1.02193,0.99576,0.00338,0.00078,0.00008
160.30000,1.02193,0.99558,0.00354,0.00080,0.00008
160.44000,1.02194,0.99552,0.00359,0.00081,0.00008
160.58000,1.02194,0.99547,0.00363,0.00082,0.00008
160.72000,1.02194,0.99550,0.00359,0.00082,0.00009
160.86000,1.02194,0.99538,0.00370,0.00084,0.00009
161.00000,1.02194,0.99523,0.00383,0.00085,0.00008
161.14000,1.02194,0.99519,0.00387,0.00086,0.00008
161.28000,1.02194,0.99531,0.00375,0.00085,0.00009
161.42000,1.02194,0.99517,0.00387,0.00087,0.00009
161.56000,1.02194,0.99513,0.00391,0.00087,0.00009
161.70000,1.02194,0.99506,0.00397,0.00088,0.00009
161.84000,1.02194,0.99503,0.00399,0.00089,0.00009
161.98000,1.02194,0.99529,0.00376,0.00087,0.00009
162.12000,1.02194,0.99525,0.00379,0.00088,0.00009
162.25999,1.02194,0.99518,0.00386,0.00088,0.00009
162.39999,1.02194,0.99517,0.00387,0.00088,0.00009
162.53999,1.02194,0.99532,0.00372,0.00087,0.00009
162.67999,1.02194,0.99495,0.00405,0.00091,0.00009
162.82001,1.02193,0.99506,0.00394,0.00091,0.00009
162.96001,1.02193,0.99487,0.00410,0.00093,0.00010
163.10001,1.02193,0.99457,0.00436,0.00097,0.00009
163.24001,1.02193,0.99437,0.00453,0.00100,0.00010
163.38000,1.02193,0.99431,0.00457,0.00102,0.00010
163.52000,1.02193,0.99405,0.00480,0.00105,0.00010
163.66000,1.02193,0.99407,0.00477,0.00106,0.00010
163.80000,1.02193,0.99405,0.00479,0.00106,0.00010
163.94000,1.02194,0.99417,0.00469,0.00104,0.00010
164.08000,1.02194,0.99398,0.00487,0.00106,0.00010
164.22000,1.02194,0.99407,0.00478,0.00105,0.00010
164.36000,1.02194,0.99393,0.00489,0.00108,0.00010
164.50000,1.02194,0.99429,0.00456,0.00105,0.00010
164.64000,1.02194,0.99396,0.00486,0.00108,0.00010
164.78000,1.02194,0.99387,0.00492,0.00110,0.00010
164.92000,1.02194,0.99361,0.00516,0.00114,0.00010
165.06000,1.02194,0.99384,0.00495,0.00111,0.00010
165.20000,1.02194,0.99360,0.00516,0.00114,0.00010
165.34000,1.02194,0.99356,0.00518,0.00116,0.00011
165.48000,1.02194,0.99333,0.00539,0.00118,0.00010
165.62000,1.02194,0.99344,0.00529,0.00117,0.00011
165.75999,1.02194,0.99370,0.00505,0.00115,0.00011
165.89999,1.02194,0.99340,0.00532,0.00117,0.00011
166.03999,1.02194,0.99335,0.00535,0.00119,0.00011
166.17999,1.02194,0.99316,0.00553,0.00120,0.00010
166.32001,1.02193,0.99354,0.00517,0.00117,0.00011
166.46001,1.02193,0.99342,0.00528,0.00119,0.00011
166.60001,1.02193,0.99310,0.00555,0.00124,0.00011
166.74001,1.02193,0.99277,0.00585,0.00127,0.00011
166.88000,1.02193,0.99312,0.00552,0.00125,0.00011
167.02000,1.02193,0.99307,0.00557,0.00125,0.00011
167.16000,1.02193,0.99254,0.00605,0.00130,0.00011
167.30000,1.02193,0.99284,0.00576,0.00129,0.00012
167.44000,1.02194,0.99279,0.00580,0.00130,0.00011
167.58000,1.02194,0.99258,0.00600,0.00131,0.00011
167.72000,1.02194,0.99293,0.00567,0.00128,0.00012
167.86000,1.02194,0.99273,0.00585,0.00131,0.00012
168.00000,1.02194,0.99275,0.00584,0.00130,0.00012
168.14000,1.02194,0.99280,0.00579,0.00130,0.00012
168.28000,1.02194,0.99273,0.00582,0.00133,0.00012
168.42000,1.02194,0.99239,0.00614,0.00136,0.00012
168.56000,1.02194,0.99251,0.00602,0.00135,0.00013
168.70000,1.02194,0.99209,0.00641,0.00138,0.00012
168.84000,1.02194,0.99198,0.00648,0.00141,0.00013
168.98000,1.02194,0.99244,0.00606,0.00138,0.00013
169.12000,1.02194,0.99241,0.00609,0.00137,0.00013
169.25999,1.02194,0.99196,0.00650,0.00142,0.00012
169.39999,1.02194,0.99169,0.00673,0.00146,0.00012
169.53999,1.02194,0.99233,0.00616,0.00138,0.00012
169.67999,1.02194,0.99222,0.00626,0.00139,0.00013
169.82001,1.02193,0.99199,0.00644,0.00144,0.00013
169.96001,1.02193,0.99159,0.00680,0.00148,0.00013
170.10001,1.02193,0.99153,0.00686,0.00148,0.00014
170.24001,1.02193,0.99153,0.00685,0.00148,0.00014
170.38000,1.02193,0.99083,0.00750,0.00153,0.00013
170.52000,1.02193,0.99041,0.00789,0.00157,0.00013
170.66000,1.02193,0.99034,0.00791,0.00161,0.00014
170.80000,1.02193,0.99055,0.00774,0.00157,0.00015
170.94000,1.02194,0.98989,0.00838,0.00160,0.00014
171.08000,1.02194,0.99008,0.00818,0.00160,0.00014
171.22000,1.02194,0.98982,0.00841,0.00163,0.00014
171.36000,1.02194,0.98938,0.00881,0.00167,0.00014
171.50000,1.02194,0.98971,0.00851,0.00163,0.00015
171.64000,1.02194,0.98929,0.00891,0.00166,0.00014
171.78000,1.02194,0.98963,0.00857,0.00166,0.00014
171.92000,1.02194,0.99037,0.00786,0.00162,0.00015
172.06000,1.02194,0.99055,0.00768,0.00162,0.00014
172.20000,1.02194,0.99050,0.00775,0.00160,0.00015
172.34000,1.02194,0.98994,0.00832,0.00160,0.00014
172.48000,1.02194,0.98977,0.00846,0.00163,0.00014
172.62000,1.02194,0.99006,0.00822,0.00158,0.00014
172.75999,1.02194,0.99021,0.00811,0.00154,0.00014
172.89999,1.02194,0.99029,0.00795,0.00160,0.00016
173.03999,1.02194,0.98953,0.00865,0.00167,0.00015
173.17999,1.02194,0.98986,0.00835,0.00165,0.00014
173.32001,1.02193,0.98954,0.00863,0.00168,0.00014
173.46001,1.02193,0.99049,0.00777,0.00159,0.00015
173.60001,1.02193,0.98998,0.00824,0.00164,0.00014
173.74001,1.02193,0.99019,0.00808,0.00159,0.00014
173.88000,1.02193,0.98929,0.00890,0.00167,0.00013
174.02000,1.02193,0.98982,0.00840,0.00163,0.00014
174.16000,1.02193,0.98938,0.00883,0.00166,0.00013
174.30000,1.02193,0.98994,0.00832,0.00161,0.00014
174.44000,1.02194,0.98970,0.00852,0.00165,0.00014
174.58000,1.02194,0.99006,0.00815,0.00165,0.00014
174.72000,1.02194,0.99019,0.00802,0.00165,0.00014
174.86000,1.02194,0.99031,0.00789,0.00166,0.00015
175.00000,1.02194,0.99083,0.00742,0.00161,0.00015
175.14000,1.02194,0.99038,0.00789,0.00159,0.00014
175.28000,1.02194,0.99011,0.00815,0.00160,0.00014
175.42000,1.02194,0.98977,0.00846,0.00162,0.00014
175.56000,1.02194,0.98956,0.00872,0.00158,0.00014
175.70000,1.02194,0.98950,0.00873,0.00163,0.00014
175.84000,1.02194,0.99039,0.00791,0.00156,0.00014
175.98000,1.02194,0.98970,0.00854,0.00162,0.00014
176.12000,1.02194,0.98931,0.00890,0.00166,0.00014
176.25999,1.02194,0.98986,0.00836,0.00163,0.00014
176.39999,1.02194,0.98973,0.00851,0.00162,0.00014
176.53999,1.02194,0.98990,0.00836,0.00159,0.00015
176.67999,1.02194,0.98998,0.00832,0.00155,0.00015
176.82001,1.02193,0.98928,0.00891,0.00166,0.00014
176.96001,1.02193,0.98913,0.00910,0.00163,0.00014
177.10001,1.02193,0.98921,0.00905,0.00160,0.00014
177.24001,1.02193,0.98900,0.00920,0.00166,0.00014
177.38000,1.02193,0.98922,0.00898,0.00166,0.00014
177.52000,1.02193,0.98990,0.00837,0.00159,0.00014
177.66000,1.02193,0.99054,0.00773,0.00157,0.00015
177.80000,1.02193,0.98941,0.00878,0.00167,0.00014
177.94000,1.02194,0.99003,0.00822,0.00162,0.00014
178.08000,1.02194,0.99026,0.00798,0.00162,0.00014
178.22000,1.02194,0.99094,0.00738,0.00155,0.00013
178.36000,1.02194,0.99092,0.00736,0.00158,0.00014
178.50000,1.02194,0.99137,0.00694,0.00155,0.00014
178.64000,1.02194,0.99131,0.00703,0.00152,0.00014
178.78000,1.02194,0.99172,0.00665,0.00149,0.00014
178.92000,1.02194,0.99154,0.00686,0.00147,0.00013
179.06000,1.02194,0.99182,0.00658,0.00146,0.00014
179.20000,1.02194,0.99098,0.00738,0.00151,0.00013
179.34000,1.02194,0.99139,0.00700,0.00148,0.00013
179.48000,1.02194,0.99114,0.00722,0.00151,0.00013
179.62000,1.02194,0.99175,0.00666,0.00146,0.00014
179.75999,1.02194,0.99115,0.00719,0.00153,0.00013
179.89999,1.02194,0.99067,0.00764,0.00156,0.00013
180.03999,1.02194,0.99105,0.00732,0.00151,0.00012
180.17999,1.02194,0.99109,0.00725,0.00153,0.00013
180.32001,1.02193,0.99117,0.00719,0.00151,0.00013
180.46001,1.02193,0.99089,0.00747,0.00151,0.00013
180.60001,1.02193,0.99057,0.00778,0.00152,0.00013
180.74001,1.02193,0.99058,0.00776,0.00153,0.00013
180.88000,1.02193,0.99086,0.00753,0.00149,0.00013
181.02000,1.02193,0.99048,0.00787,0.00153,0.00012
181.16000,1.02193,0.99116,0.00721,0.00149,0.00013
181.30000,1.02193,0.99048,0.00784,0.00155,0.00012
181.44000,1.02194,0.99074,0.00764,0.00151,0.00012
181.58000,1.02194,0.99159,0.00682,0.00146,0.00013
181.72000,1.02194,0.99169,0.00674,0.00144,0.00012
181.86000,1.02194,0.99166,0.00678,0.00144,0.00013
182.00000,1.02194,0.99177,0.00666,0.00145,0.00013
182.14000,1.02194,0.99192,0.00653,0.00142,0.00012
182.28000,1.02194,0.99205,0.00640,0.00142,0.00013
182.42000,1.02194,0.99154,0.00689,0.00145,0.00012
182.56000,1.02194,0.99184,0.00660,0.00144,0.00013
182.70000,1.02194,0.99191,0.00655,0.00142,0.00012
182.84000,1.02194,0.99192,0.00654,0.00141,0.00013
182.98000,1.02194,0.99169,0.00676,0.00143,0.00012
183.12000,1.02194,0.99178,0.00666,0.00144,0.00013
183.25999,1.02194,0.99177,0.00664,0.00145,0.00013
183.39999,1.02194,0.99185,0.00658,0.00144,0.00013
183.53999,1.02194,0.99161,0.00680,0.00145,0.00013
183.67999,1.02194,0.99139,0.00698,0.00151,0.00013
183.82001,1.02193,0.99121,0.00713,0.00152,0.00013
183.96001,1.02193,0.99145,0.00693,0.00149,0.00013
184.10001,1.02193,0.99150,0.00685,0.00151,0.00014
184.24001,1.02193,0.99093,0.00740,0.00154,0.00013
184.38000,1.02193,0.99070,0.00761,0.00156,0.00013
184.52000,1.02193,0.99111,0.00718,0.00157,0.00014
184.66000,1.02193,0.99048,0.00781,0.00157,0.00014
184.80000,1.02193,0.99094,0.00736,0.00156,0.00014
184.94000,1.02194,0.99058,0.00769,0.00159,0.00014
185.08000,1.02194,0.99045,0.00784,0.00157,0.00014
185.22000,1.02194,0.99048,0.00782,0.00156,0.00014
185.36000,1.02194,0.99003,0.00821,0.00162,0.00014
185.50000,1.02194,0.99044,0.00784,0.00159,0.00013
185.64000,1.02194,0.99120,0.00711,0.00155,0.00014
185.78000,1.02194,0.99063,0.00767,0.00157,0.00013
185.92000,1.02194,0.99094,0.00737,0.00154,0.00014
186.06000,1.02194,0.99100,0.00734,0.00153,0.00013
186.20000,1.02194,0.99101,0.00735,0.00150,0.00013
186.34000,1.02194,0.99150,0.00684,0.00151,0.00014
186.48000,1.02194,0.99151,0.00688,0.00148,0.00013
186.62000,1.02194,0.99107,0.00728,0.00152,0.00013
186.75999,1.02194,0.99131,0.00709,0.00147,0.00013
186.89999,1.02194,0.99113,0.00719,0.00154,0.00013
187.03999,1.02194,0.99123,0.00715,0.00150,0.00012
187.17999,1.02194,0.99152,0.00688,0.00147,0.00013
187.32001,1.02193,0.99163,0.00675,0.00149,0.00013
187.46001,1.02193,0.99158,0.00680,0.00149,0.00013
187.60001,1.02193,0.99134,0.00704,0.00149,0.00012
187.74001,1.02193,0.99173,0.00666,0.00147,0.00013
187.88000,1.02193,0.99162,0.00679,0.00146,0.00013
188.02000,1.02193,0.99206,0.00638,0.00143,0.00013
188.16000,1.02193,0.99134,0.00707,0.00148,0.00012
188.30000,1.02193,0.99177,0.00665,0.00145,0.00013
188.44000,1.02194,0.99174,0.00668,0.00145,0.00013
188.58000,1.02194,0.99182,0.00662,0.00143,0.00012
188.72000,1.02194,0.99181,0.00664,0.00143,0.00012
188.86000,1.02194,0.99205,0.00643,0.00139,0.00013
189.00000,1.02194,0.99245,0.00604,0.00138,0.00013
189.14000,1.02194,0.99191,0.00653,0.00143,0.00012
189.28000,1.02194,0.99226,0.00624,0.00137,0.00012
189.42000,1.02194,0.99251,0.00598,0.00138,0.00013
189.56000,1.02194,0.99166,0.00679,0.00143,0.00012
189.70000,1.02194,0.99181,0.00666,0.00141,0.00012
189.84000,1.02194,0.99235,0.00616,0.00136,0.00013
189.98000,1.02194,0.99146,0.00696,0.00146,0.00012
190.12000,1.02194,0.99173,0.00673,0.00142,0.00012
190.25999,1.02194,0.99171,0.00674,0.00142,0.00012
190.39999,1.02194,0.99194,0.00652,0.00142,0.00012
190.53999,1.02194,0.99217,0.00629,0.00141,0.00013
190.67999,1.02194,0.99234,0.00616,0.00138,0.00013
190.82001,1.02193,0.99180,0.00665,0.00143,0.00012
190.96001,1.02193,0.99198,0.00650,0.00140,0.00012
191.10001,1.02193,0.99214,0.00634,0.00140,0.00012
191.24001,1.02193,0.99243,0.00610,0.00135,0.00012
191.38000,1.02193,0.99239,0.00612,0.00137,0.00013
191.52000,1.02193,0.99228,0.00624,0.00136,0.00012
191.66000,1.02193,0.99196,0.00653,0.00140,0.00011
191.80000,1.02193,0.99270,0.00587,0.00131,0.00012
191.94000,1.02194,0.99276,0.00580,0.00132,0.00013
192.08000,1.02194,0.99258,0.00596,0.00133,0.00012
192.22000,1.02194,0.99262,0.00593,0.00133,0.00012
192.36000,1.02194,0.99253,0.00602,0.00132,0.00012
192.50000,1.02194,0.99298,0.00563,0.00127,0.00012
192.64000,1.02194,0.99290,0.00570,0.00128,0.00011
192.78000,1.02194,0.99330,0.00536,0.00123,0.00012
192.92000,1.02194,0.99336,0.00531,0.00121,0.00011
193.06000,1.02194,0.99297,0.00566,0.00126,0.00011
193.20000,1.02194,0.99329,0.00538,0.00122,0.00011
193.34000,1.02194,0.99329,0.00537,0.00122,0.00012
193.48000,1.02194,0.99333,0.00533,0.00122,0.00012
193.62000,1.02194,0.99292,0.00570,0.00127,0.00012
193.75999,1.02194,0.99277,0.00583,0.00128,0.00011
193.89999,1.02194,0.99293,0.00568,0.00127,0.00012
194.03999,1.02194,0.99290,0.00570,0.00129,0.00012
194.17999,1.02194,0.99281,0.00579,0.00128,0.00012
194.32001,1.02193,0.99283,0.00577,0.00128,0.00011
194.46001,1.02193,0.99304,0.00558,0.00126,0.00012
194.60001,1.02193,0.99277,0.00582,0.00129,0.00012
194.74001,1.02193,0.99276,0.00585,0.00129,0.00011
194.88000,1.02193,0.99326,0.00540,0.00123,0.00012
195.02000,1.02193,0.99276,0.00586,0.00127,0.00011
195.16000,1.02193,0.99323,0.00544,0.00122,0.00012
195.30000,1.02193,0.99291,0.00572,0.00126,0.00011
195.44000,1.02194,0.99288,0.00574,0.00127,0.00011
195.58000,1.02194,0.99344,0.00521,0.00122,0.00013
195.72000,1.02194,0.99282,0.00579,0.00128,0.00011
195.86000,1.02194,0.99267,0.00591,0.00129,0.00012
196.00000,1.02194,0.99289,0.00574,0.00126,0.00011
196.14000,1.02194,0.99287,0.00575,0.00127,0.00011
196.28000,1.02194,0.99333,0.00535,0.00121,0.00011
196.42000,1.02194,0.99329,0.00539,0.00121,0.00011
196.56000,1.02194,0.99350,0.00520,0.00119,0.00011
196.70000,1.02194,0.99339,0.00532,0.00119,0.00011
196.84000,1.02194,0.99351,0.00522,0.00116,0.00010
196.98000,1.02194,0.99357,0.00517,0.00115,0.00010
197.12000,1.02194,0.99377,0.00499,0.00113,0.00011
197.25999,1.02194,0.99364,0.00509,0.00115,0.00011
197.39999,1.02194,0.99324,0.00546,0.00119,0.00011
197.53999,1.02194,0.99312,0.00555,0.00121,0.00011
197.67999,1.02194,0.99321,0.00546,0.00122,0.00011
197.82001,1.02193,0.99297,0.00566,0.00125,0.00012
197.96001,1.02193,0.99258,0.00602,0.00129,0.00011
198.10001,1.02193,0.99264,0.00596,0.00129,0.00011
198.24001,1.02193,0.99268,0.00593,0.00129,0.00011
198.38000,1.02193,0.99298,0.00566,0.00124,0.00011
198.52000,1.02193,0.99323,0.00543,0.00122,0.00011
198.66000,1.02193,0.99300,0.00566,0.00124,0.00011
198.80000,1.02193,0.99299,0.00567,0.00123,0.00011
198.94000,1.02194,0.99338,0.00532,0.00119,0.00011
199.08000,1.02194,0.99307,0.00560,0.00122,0.00011
199.22000,1.02194,0.99315,0.00551,0.00122,0.00011
199.36000,1.02194,0.99296,0.00568,0.00124,0.00011
199.50000,1.02194,0.99323,0.00544,0.00122,0.00011
199.64000,1.02194,0.99305,0.00563,0.00122,0.00011
199.78000,1.02194,0.99333,0.00538,0.00118,0.00011
199.92000,1.02194,0.99314,0.00556,0.00120,0.00011
200.06000,1.02194,0.99360,0.00512,0.00116,0.00011
200.20000,1.02194,0.99372,0.00502,0.00115,0.00011
200.34000,1.02194,0.99371,0.00504,0.00115,0.00011
200.48000,1.02194,0.99356,0.00517,0.00115,0.00011
200.62000,1.02194,0.99366,0.00509,0.00115,0.00011
200.75999,1.02194,0.99332,0.00541,0.00117,0.00010
200.89999,1.02194,0.99378,0.00498,0.00113,0.00011
201.03999,1.02194,0.99344,0.00530,0.00116,0.00010
201.17999,1.02194,0.99356,0.00518,0.00116,0.00011
201.32001,1.02193,0.99349,0.00525,0.00116,0.00010
201.46001,1.02193,0.99358,0.00515,0.00116,0.00011
201.60001,1.02193,0.99338,0.00535,0.00117,0.00010
201.74001,1.02193,0.99365,0.00509,0.00115,0.00011
201.88000,1.02193,0.99328,0.00545,0.00117,0.00010
202.02000,1.02193,0.99358,0.00518,0.00114,0.00010
202.16000,1.02193,0.99358,0.00517,0.00114,0.00011
202.30000,1.02193,0.99341,0.00532,0.00116,0.00010
202.44000,1.02194,0.99345,0.00529,0.00116,0.00011
202.58000,1.02194,0.99359,0.00515,0.00115,0.00011
202.72000,1.02194,0.99331,0.00540,0.00118,0.00011
202.86000,1.02194,0.99357,0.00518,0.00115,0.00010
203.00000,1.02194,0.99354,0.00522,0.00114,0.00010
203.14000,1.02194,0.99374,0.00504,0.00111,0.00010
203.28000,1.02194,0.99360,0.00517,0.00113,0.00010
203.42000,1.02194,0.99380,0.00500,0.00110,0.00010
203.56000,1.02194,0.99383,0.00497,0.00110,0.00010
203.70000,1.02194,0.99400,0.00482,0.00108,0.00010
203.84000,1.02194,0.99358,0.00520,0.00112,0.00010
203.98000,1.02194,0.99367,0.00511,0.00112,0.00010
204.12000,1.02194,0.99409,0.00474,0.00107,0.00010
204.25999,1.02194,0.99409,0.00475,0.00106,0.00010
204.39999,1.02194,0.99415,0.00470,0.00105,0.00010
204.53999,1.02194,0.99410,0.00474,0.00106,0.00010
204.67999,1.02194,0.99393,0.00489,0.00107,0.00010
204.82001,1.02193,0.99407,0.00477,0.00106,0.00010
204.96001,1.02193,0.99424,0.00461,0.00105,0.00010
205.10001,1.02193,0.99410,0.00474,0.00106,0.00010
205.24001,1.02193,0.99379,0.00503,0.00109,0.00010
205.38000,1.02193,0.99385,0.00497,0.00109,0.00010
205.52000,1.02193,0.99375,0.00506,0.00110,0.00010
205.66000,1.02193,0.99385,0.00495,0.00109,0.00010
205.80000,1.02193,0.99388,0.00492,0.00110,0.00010
205.94000,1.02194,0.99360,0.00517,0.00112,0.00010
206.08000,1.02194,0.99378,0.00500,0.00111,0.00011
206.22000,1.02194,0.99368,0.00509,0.00112,0.00010
206.36000,1.02194,0.99392,0.00489,0.00109,0.00010
206.50000,1.02194,0.99388,0.00493,0.00109,0.00010
206.64000,1.02194,0.99379,0.00501,0.00109,0.00010
206.78000,1.02194,0.99391,0.00490,0.00109,0.00010
206.92000,1.02194,0.99401,0.00482,0.00107,0.00010
207.06000,1.02194,0.99424,0.00461,0.00105,0.00010
207.20000,1.02194,0.99441,0.00447,0.00102,0.00010
207.34000,1.02194,0.99434,0.00453,0.00103,0.00010
207.48000,1.02194,0.99429,0.00459,0.00102,0.00010
207.62000,1.02194,0.99436,0.00454,0.00101,0.00010
207.75999,1.02194,0.99448,0.00442,0.00100,0.00010
207.89999,1.02194,0.99457,0.00434,0.00099,0.00010
208.03999,1.02194,0.99446,0.00444,0.00100,0.00010
208.17999,1.02194,0.99439,0.00450,0.00101,0.00010
208.32001,1.02193,0.99421,0.00466,0.00103,0.00010
208.46001,1.02193,0.99416,0.00470,0.00104,0.00010
208.60001,1.02193,0.99427,0.00461,0.00103,0.00010
208.74001,1.02193,0.99426,0.00461,0.00103,0.00010
208.88000,1.02193,0.99428,0.00460,0.00103,0.00010
209.02000,1.02193,0.99414,0.00473,0.00104,0.00010
209.16000,1.02193,0.99422,0.00465,0.00103,0.00010
209.30000,1.02193,0.99414,0.00473,0.00104,0.00010
209.44000,1.02194,0.99428,0.00460,0.00102,0.00010
209.58000,1.02194,0.99427,0.00461,0.00102,0.00009
209.72000,1.02194,0.99446,0.00445,0.00099,0.00010
209.86000,1.02194,0.99442,0.00449,0.00099,0.00010
210.00000,1.02194,0.99453,0.00439,0.00098,0.00009
210.14000,1.02194,0.99438,0.00454,0.00099,0.00009
210.28000,1.02194,0.99440,0.00451,0.00100,0.00010
210.42000,1.02194,0.99428,0.00461,0.00101,0.00010
210.56000,1.02194,0.99399,0.00487,0.00105,0.00010
210.70000,1.02194,0.99397,0.00488,0.00105,0.00010
210.84000,1.02194,0.99401,0.00485,0.00105,0.00010
210.98000,1.02194,0.99387,0.00497,0.00106,0.00010
211.12000,1.02194,0.99421,0.00466,0.00103,0.00010
211.25999,1.02194,0.99432,0.00457,0.00101,0.00010
211.39999,1.02194,0.99449,0.00443,0.00099,0.00010
211.53999,1.02194,0.99452,0.00440,0.00098,0.00010
211.67999,1.02194,0.99441,0.00450,0.00099,0.00009
211.82001,1.02193,0.99452,0.00442,0.00097,0.00009
211.96001,1.02193,0.99482,0.00416,0.00093,0.00009
212.10001,1.02193,0.99472,0.00424,0.00095,0.00009
212.24001,1.02193,0.99479,0.00418,0.00094,0.00009
212.38000,1.02193,0.99485,0.00413,0.00093,0.00009
212.52000,1.02193,0.99477,0.00420,0.00094,0.00009
212.66000,1.02193,0.99480,0.00417,0.00094,0.00009
212.80000,1.02193,0.99469,0.00427,0.00095,0.00009
212.94000,1.02194,0.99467,0.00430,0.00094,0.00009
213.08000,1.02194,0.99487,0.00412,0.00092,0.00009
213.22000,1.02194,0.99489,0.00410,0.00092,0.00009
213.36000,1.02194,0.99493,0.00406,0.00092,0.00009
213.50000,1.02194,0.99491,0.00408,0.00092,0.00009
213.64000,1.02194,0.99491,0.00408,0.00092,0.00009
213.78000,1.02194,0.99490,0.00409,0.00092,0.00009
213.92000,1.02194,0.99488,0.00411,0.00092,0.00009
214.06000,1.02194,0.99497,0.00403,0.00090,0.00009
214.20000,1.02194,0.99526,0.00378,0.00087,0.00009
214.34000,1.02194,0.99500,0.00402,0.00090,0.00009
214.48000,1.02194,0.99518,0.00386,0.00088,0.00009
214.62000,1.02194,0.99513,0.00391,0.00088,0.00009
214.75999,1.02194,0.99526,0.00378,0.00087,0.00009
214.89999,1.02194,0.99498,0.00404,0.00090,0.00009
215.03999,1.02194,0.99501,0.00402,0.00089,0.00009
215.17999,1.02194,0.99529,0.00376,0.00086,0.00009
215.32001,1.02193,0.99515,0.00388,0.00088,0.00009
215.46001,1.02193,0.99518,0.00386,0.00087,0.00009
215.60001,1.02193,0.99512,0.00392,0.00088,0.00009
215.74001,1.02193,0.99507,0.00396,0.00088,0.00009
215.88000,1.02193,0.99503,0.00399,0.00089,0.00009
216.02000,1.02193,0.99514,0.00389,0.00088,0.00009
216.16000,1.02193,0.99505,0.00397,0.00089,0.00009
216.30000,1.02193,0.99498,0.00404,0.00089,0.00009
216.44000,1.02194,0.99516,0.00387,0.00087,0.00009
216.58000,1.02194,0.99503,0.00400,0.00088,0.00009
216.72000,1.02194,0.99512,0.00392,0.00088,0.00009
216.86000,1.02194,0.99515,0.00389,0.00087,0.00009
217.00000,1.02194,0.99499,0.00404,0.00088,0.00009
217.14000,1.02194,0.99507,0.00396,0.00088,0.00009
217.28000,1.02194,0.99500,0.00403,0.00089,0.00009
217.42000,1.02194,0.99510,0.00395,0.00087,0.00008
217.56000,1.02194,0.99520,0.00385,0.00086,0.00009
217.70000,1.02194,0.99524,0.00381,0.00086,0.00009
217.84000,1.02194,0.99507,0.00398,0.00087,0.00008
217.98000,1.02194,0.99537,0.00371,0.00084,0.00009
218.12000,1.02194,0.99535,0.00373,0.00084,0.00008
218.25999,1.02194,0.99526,0.00381,0.00085,0.00008
218.39999,1.02194,0.99533,0.00374,0.00084,0.00009
218.53999,1.02194,0.99541,0.00368,0.00083,0.00008
218.67999,1.02194,0.99538,0.00371,0.00083,0.00008
218.82001,1.02193,0.99545,0.00365,0.00082,0.00008
218.96001,1.02193,0.99554,0.00356,0.00081,0.00008
219.10001,1.02193,0.99547,0.00363,0.00082,0.00008
219.24001,1.02193,0.99550,0.00362,0.00080,0.00008
219.38000,1.02193,0.99561,0.00351,0.00079,0.00008
219.52000,1.02193,0.99555,0.00356,0.00080,0.00008
219.66000,1.02193,0.99545,0.00365,0.00081,0.00008
219.80000,1.02193,0.99570,0.00343,0.00079,0.00008
219.94000,1.02194,0.99560,0.00352,0.00080,0.00008
220.08000,1.02194,0.99558,0.00354,0.00080,0.00008
220.22000,1.02194,0.99559,0.00353,0.00080,0.00008
220.36000,1.02194,0.99561,0.00352,0.00079,0.00008
220.50000,1.02194,0.99562,0.00350,0.00079,0.00008
220.64000,1.02194,0.99578,0.00336,0.00078,0.00008
220.78000,1.02194,0.99574,0.00340,0.00077,0.00008
220.92000,1.02194,0.99566,0.00347,0.00079,0.00008
221.06000,1.02194,0.99563,0.00349,0.00079,0.00008
221.20000,1.02194,0.99552,0.00359,0.00081,0.00008
221.34000,1.02194,0.99568,0.00345,0.00079,0.00008
221.48000,1.02194,0.99554,0.00357,0.00080,0.00008
221.62000,1.02194,0.99551,0.00361,0.00080,0.00008
221.75999,1.02194,0.99564,0.00349,0.00079,0.00008
221.89999,1.02194,0.99579,0.00336,0.00077,0.00008
222.03999,1.02194,0.99581,0.00334,0.00076,0.00008
222.17999,1.02194,0.99596,0.00321,0.00075,0.00008
222.32001,1.02193,0.99570,0.00345,0.00077,0.00008
222.46001,1.02193,0.99581,0.00335,0.00076,0.00008
222.60001,1.02193,0.99573,0.00342,0.00077,0.00008
222.74001,1.02193,0.99565,0.00349,0.00078,0.00008
222.88000,1.02193,0.99544,0.00366,0.00081,0.00008
223.02000,1.02193,0.99545,0.00365,0.00081,0.00008
223.16000,1.02193,0.99556,0.00356,0.00080,0.00008
223.30000,1.02193,0.99559,0.00353,0.00079,0.00008
223.44000,1.02194,0.99572,0.00342,0.00078,0.00008
223.58000,1.02194,0.99579,0.00336,0.00076,0.00008
223.72000,1.02194,0.99578,0.00338,0.00076,0.00008
223.86000,1.02194,0.99600,0.00318,0.00074,0.00008
224.00000,1.02194,0.99595,0.00323,0.00074,0.00008
224.14000,1.02194,0.99596,0.00321,0.00074,0.00008
224.28000,1.02194,0.99582,0.00334,0.00076,0.00008
224.42000,1.02194,0.99584,0.00332,0.00076,0.00008
224.56000,1.02194,0.99595,0.00322,0.00075,0.00008
224.70000,1.02194,0.99583,0.00333,0.00076,0.00008
224.84000,1.02194,0.99587,0.00329,0.00076,0.00008
224.98000,1.02194,0.99585,0.00331,0.00076,0.00008
225.12000,1.02194,0.99580,0.00335,0.00077,0.00008
225.25999,1.02194,0.99576,0.00339,0.00077,0.00008
225.39999,1.02194,0.99575,0.00340,0.00078,0.00008
225.53999,1.02194,0.99577,0.00338,0.00077,0.00008
225.67999,1.02194,0.99572,0.00343,0.00077,0.00008
225.82001,1.02193,0.99576,0.00339,0.00077,0.00008
225.96001,1.02193,0.99562,0.00351,0.00080,0.00008
226.10001,1.02193,0.99563,0.00349,0.00080,0.00008
226.24001,1.02193,0.99570,0.00342,0.00079,0.00008
226.38000,1.02193,0.99551,0.00359,0.00082,0.00008
226.52000,1.02193,0.99508,0.00397,0.00087,0.00008
226.66000,1.02193,0.99515,0.00390,0.00087,0.00009
226.80000,1.02193,0.99521,0.00384,0.00087,0.00009
226.94000,1.02194,0.99513,0.00390,0.00088,0.00009
227.08000,1.02194,0.99487,0.00413,0.00091,0.00009
227.22000,1.02194,0.99494,0.00407,0.00090,0.00009
227.36000,1.02194,0.99486,0.00414,0.00091,0.00009
227.50000,1.02194,0.99500,0.00402,0.00090,0.00009
227.64000,1.02194,0.99499,0.00401,0.00091,0.00009
227.78000,1.02194,0.99473,0.00425,0.00093,0.00009
227.92000,1.02194,0.99467,0.00430,0.00094,0.00009
228.06000,1.02194,0.99467,0.00431,0.00094,0.00009
228.20000,1.02194,0.99467,0.00429,0.00095,0.00009
228.34000,1.02194,0.99449,0.00445,0.00097,0.00009
228.48000,1.02194,0.99440,0.00452,0.00098,0.00009
228.62000,1.02194,0.99440,0.00453,0.00098,0.00009
228.75999,1.02194,0.99442,0.00451,0.00098,0.00009
228.89999,1.02194,0.99442,0.00450,0.00099,0.00009
229.03999,1.02194,0.99453,0.00441,0.00097,0.00009
229.17999,1.02194,0.99461,0.00434,0.00096,0.00009
229.32001,1.02193,0.99482,0.00416,0.00093,0.00009
229.46001,1.02193,0.99478,0.00420,0.00093,0.00009
229.60001,1.02193,0.99464,0.00433,0.00095,0.00009
229.74001,1.02193,0.99480,0.00418,0.00093,0.00009
229.88000,1.02193,0.99476,0.00422,0.00094,0.00009
230.02000,1.02193,0.99456,0.00439,0.00096,0.00009
230.16000,1.02193,0.99456,0.00438,0.00096,0.00009
230.30000,1.02193,0.99448,0.00445,0.00098,0.00009
230.44000,1.02194,0.99450,0.00444,0.00097,0.00009
230.58000,1.02194,0.99433,0.00460,0.00098,0.00009
230.72000,1.02194,0.99427,0.00464,0.00100,0.00009
230.86000,1.02194,0.99432,0.00459,0.00099,0.00009
231.00000,1.02194,0.99444,0.00449,0.00098,0.00009
231.14000,1.02194,0.99447,0.00447,0.00097,0.00009
231.28000,1.02194,0.99451,0.00443,0.00096,0.00009
231.42000,1.02194,0.99461,0.00435,0.00095,0.00009
231.56000,1.02194,0.99467,0.00431,0.00094,0.00009
231.70000,1.02194,0.99475,0.00423,0.00093,0.00009
231.84000,1.02194,0.99483,0.00416,0.00092,0.00009
231.98000,1.02194,0.99474,0.00424,0.00093,0.00009
232.12000,1.02194,0.99465,0.00431,0.00095,0.00009
232.25999,1.02194,0.99458,0.00438,0.00096,0.00009
232.39999,1.02194,0.99451,0.00443,0.00097,0.00009
232.53999,1.02194,0.99435,0.00457,0.00099,0.00009
232.67999,1.02194,0.99441,0.00450,0.00099,0.00009
232.82001,1.02193,0.99436,0.00455,0.00099,0.00009
232.96001,1.02193,0.99429,0.00462,0.00100,0.00009
233.10001,1.02193,0.99441,0.00452,0.00099,0.00009
233.24001,1.02193,0.99449,0.00443,0.00098,0.00009
233.38000,1.02193,0.99432,0.00458,0.00100,0.00010
233.52000,1.02193,0.99427,0.00463,0.00101,0.00010
233.66000,1.02193,0.99436,0.00453,0.00101,0.00010
233.80000,1.02193,0.99422,0.00466,0.00103,0.00010
233.94000,1.02194,0.99436,0.00452,0.00102,0.00010
234.08000,1.02194,0.99420,0.00466,0.00104,0.00010
234.22000,1.02194,0.99395,0.00488,0.00107,0.00010
234.36000,1.02194,0.99410,0.00476,0.00105,0.00010
234.50000,1.02194,0.99411,0.00474,0.00106,0.00010
234.64000,1.02194,0.99418,0.00466,0.00105,0.00010
234.78000,1.02194,0.99403,0.00480,0.00107,0.00010
234.92000,1.02194,0.99394,0.00489,0.00107,0.00010
235.06000,1.02194,0.99403,0.00480,0.00107,0.00010
235.20000,1.02194,0.99377,0.00503,0.00110,0.00010
235.34000,1.02194,0.99395,0.00486,0.00109,0.00010
235.48000,1.02194,0.99375,0.00504,0.00111,0.00010
235.62000,1.02194,0.99378,0.00501,0.00111,0.00011
235.75999,1.02194,0.99347,0.00527,0.00116,0.00010
235.89999,1.02194,0.99370,0.00506,0.00113,0.00010
236.03999,1.02194,0.99365,0.00510,0.00114,0.00010
236.17999,1.02194,0.99345,0.00529,0.00116,0.00010
236.32001,1.02193,0.99321,0.00549,0.00120,0.00011
236.46001,1.02193,0.99304,0.00565,0.00121,0.00010
236.60001,1.02193,0.99314,0.00555,0.00121,0.00011
236.74001,1.02193,0.99325,0.00541,0.00122,0.00011
236.88000,1.02193,0.99336,0.00532,0.00120,0.00011
237.02000,1.02193,0.99298,0.00567,0.00125,0.00011
237.16000,1.02193,0.99316,0.00551,0.00122,0.00011
237.30000,1.02193,0.99322,0.00546,0.00122,0.00011
237.44000,1.02194,0.99300,0.00566,0.00123,0.00011
237.58000,1.02194,0.99306,0.00560,0.00123,0.00011
237.72000,1.02194,0.99282,0.00579,0.00127,0.00011
237.86000,1.02194,0.99245,0.00611,0.00131,0.00012
238.00000,1.02194,0.99245,0.00610,0.00134,0.00012
238.14000,1.02194,0.99189,0.00660,0.00139,0.00012
238.28000,1.02194,0.99232,0.00621,0.00135,0.00012
238.42000,1.02194,0.99223,0.00630,0.00135,0.00012
238.56000,1.02194,0.99247,0.00608,0.00133,0.00012
238.70000,1.02194,0.99198,0.00653,0.00139,0.00011
238.84000,1.02194,0.99263,0.00591,0.00133,0.00013
238.98000,1.02194,0.99167,0.00680,0.00141,0.00012
239.12000,1.02194,0.99211,0.00638,0.00138,0.00012
239.25999,1.02194,0.99190,0.00657,0.00141,0.00012
239.39999,1.02194,0.99183,0.00662,0.00143,0.00013
239.53999,1.02194,0.99186,0.00659,0.00142,0.00013
239.67999,1.02194,0.99136,0.00704,0.00148,0.00013
239.82001,1.02193,0.99096,0.00743,0.00149,0.00012
239.96001,1.02193,0.99153,0.00688,0.00146,0.00013
240.10001,1.02193,0.99146,0.00692,0.00148,0.00014
240.24001,1.02193,0.99085,0.00751,0.00151,0.00013
240.38000,1.02193,0.99104,0.00733,0.00150,0.00013
240.52000,1.02193,0.99109,0.00728,0.00150,0.00013
240.66000,1.02193,0.99118,0.00721,0.00149,0.00012
240.80000,1.02193,0.99188,0.00655,0.00144,0.00013
240.94000,1.02194,0.99186,0.00656,0.00145,0.00013
241.08000,1.02194,0.99149,0.00692,0.00147,0.00013
241.22000,1.02194,0.99215,0.00632,0.00141,0.00013
241.36000,1.02194,0.99225,0.00623,0.00139,0.00012
241.50000,1.02194,0.99255,0.00595,0.00136,0.00013
241.64000,1.02194,0.99239,0.00612,0.00136,0.00012
241.78000,1.02194,0.99246,0.00604,0.00137,0.00013
241.92000,1.02194,0.99256,0.00598,0.00134,0.00012
242.06000,1.02194,0.99284,0.00571,0.00132,0.00013
242.20000,1.02194,0.99296,0.00561,0.00130,0.00013
242.34000,1.02194,0.99275,0.00578,0.00134,0.00012
242.48000,1.02194,0.99258,0.00596,0.00134,0.00012
242.62000,1.02194,0.99259,0.00595,0.00133,0.00012
242.75999,1.02194,0.99262,0.00592,0.00134,0.00012
242.89999,1.02194,0.99242,0.00612,0.00134,0.00012
243.03999,1.02194,0.99235,0.00617,0.00136,0.00012
243.17999,1.02194,0.99200,0.00649,0.00139,0.00012
243.32001,1.02193,0.99263,0.00590,0.00134,0.00012
243.46001,1.02193,0.99235,0.00617,0.00136,0.00012
243.60001,1.02193,0.99269,0.00587,0.00132,0.00012
243.74001,1.02193,0.99232,0.00620,0.00136,0.00012
243.88000,1.02193,0.99253,0.00601,0.00134,0.00012
244.02000,1.02193,0.99204,0.00648,0.00137,0.00011
244.16000,1.02193,0.99271,0.00586,0.00131,0.00012
244.30000,1.02193,0.99293,0.00565,0.00130,0.00013
244.44000,1.02194,0.99312,0.00547,0.00128,0.00013
244.58000,1.02194,0.99254,0.00602,0.00132,0.00012
244.72000,1.02194,0.99260,0.00595,0.00133,0.00012
244.86000,1.02194,0.99280,0.00580,0.00128,0.00011
245.00000,1.02194,0.99278,0.00582,0.00129,0.00011
245.14000,1.02194,0.99320,0.00541,0.00126,0.00012
245.28000,1.02194,0.99262,0.00598,0.00129,0.00011
245.42000,1.02194,0.99293,0.00569,0.00127,0.00011
245.56000,1.02194,0.99293,0.00568,0.00127,0.00012
245.70000,1.02194,0.99300,0.00562,0.00126,0.00012
245.84000,1.02194,0.99275,0.00583,0.00130,0.00012
245.98000,1.02194,0.99268,0.00590,0.00130,0.00012
246.12000,1.02194,0.99259,0.00599,0.00131,0.00011
246.25999,1.02194,0.99299,0.00563,0.00127,0.00011
246.39999,1.02194,0.99292,0.00570,0.00126,0.00011
246.53999,1.02194,0.99305,0.00559,0.00124,0.00011
246.67999,1.02194,0.99281,0.00581,0.00127,0.00011
246.82001,1.02193,0.99298,0.00566,0.00125,0.00011
246.96001,1.02193,0.99327,0.00540,0.00122,0.00012
247.10001,1.02193,0.99306,0.00558,0.00125,0.00011
247.24001,1.02193,0.99277,0.00584,0.00128,0.00011
247.38000,1.02193,0.99317,0.00548,0.00124,0.00011
247.52000,1.02193,0.99302,0.00561,0.00125,0.00011
247.66000,1.02193,0.99296,0.00567,0.00125,0.00011
247.80000,1.02193,0.99292,0.00571,0.00126,0.00011
247.94000,1.02194,0.99315,0.00549,0.00124,0.00011
248.08000,1.02194,0.99295,0.00570,0.00124,0.00011
248.22000,1.02194,0.99324,0.00542,0.00122,0.00011
248.36000,1.02194,0.99295,0.00569,0.00125,0.00011
248.50000,1.02194,0.99291,0.00572,0.00126,0.00011
248.64000,1.02194,0.99378,0.00495,0.00116,0.00012
248.78000,1.02194,0.99362,0.00509,0.00118,0.00011
248.92000,1.02194,0.99331,0.00538,0.00119,0.00011
249.06000,1.02194,0.99342,0.00527,0.00119,0.00011
249.20000,1.02194,0.99349,0.00522,0.00118,0.00011
249.34000,1.02194,0.99348,0.00523,0.00117,0.00011
249.48000,1.02194,0.99384,0.00490,0.00115,0.00011
249.62000,1.02194,0.99358,0.00513,0.00117,0.00011
249.75999,1.02194,0.99332,0.00538,0.00120,0.00011
249.89999,1.02194,0.99355,0.00517,0.00117,0.00011
250.03999,1.02194,0.99389,0.00487,0.00114,0.00011
250.17999,1.02194,0.99353,0.00521,0.00116,0.00010
250.32001,1.02193,0.99406,0.00473,0.00111,0.00011
250.46001,1.02193,0.99383,0.00493,0.00113,0.00011
250.60001,1.02193,0.99376,0.00500,0.00114,0.00011
250.74001,1.02193,0.99361,0.00514,0.00115,0.00010
250.88000,1.02193,0.99375,0.00500,0.00114,0.00011
251.02000,1.02193,0.99364,0.00511,0.00115,0.00010
251.16000,1.02193,0.99365,0.00509,0.00115,0.00011
251.30000,1.02193,0.99347,0.00526,0.00117,0.00011
251.44000,1.02194,0.99347,0.00525,0.00118,0.00011
251.58000,1.02194,0.99329,0.00540,0.00120,0.00011
251.72000,1.02194,0.99306,0.00562,0.00122,0.00011
251.86000,1.02194,0.99292,0.00573,0.00124,0.00011
252.00000,1.02194,0.99280,0.00584,0.00125,0.00011
252.14000,1.02194,0.99301,0.00566,0.00122,0.00011
252.28000,1.02194,0.99340,0.00531,0.00118,0.00011
252.42000,1.02194,0.99346,0.00527,0.00116,0.00010
252.56000,1.02194,0.99357,0.00517,0.00115,0.00010
252.70000,1.02194,0.99378,0.00501,0.00111,0.00010
252.84000,1.02194,0.99411,0.00471,0.00108,0.00011
252.98000,1.02194,0.99393,0.00487,0.00110,0.00010
253.12000,1.02194,0.99392,0.00487,0.00111,0.00010
253.25999,1.02194,0.99374,0.00503,0.00112,0.00011
253.39999,1.02194,0.99386,0.00492,0.00111,0.00010
253.53999,1.02194,0.99382,0.00496,0.00111,0.00011
253.67999,1.02194,0.99357,0.00518,0.00114,0.00010
253.82001,1.02193,0.99362,0.00514,0.00114,0.00010
253.96001,1.02193,0.99386,0.00492,0.00111,0.00011
254.10001,1.02193,0.99368,0.00510,0.00112,0.00010
254.24001,1.02193,0.99392,0.00486,0.00111,0.00011
254.38000,1.02193,0.99365,0.00512,0.00113,0.00010
254.52000,1.02193,0.99376,0.00503,0.00111,0.00010
254.66000,1.02193,0.99368,0.00510,0.00112,0.00010
254.80000,1.02193,0.99392,0.00488,0.00110,0.00010
254.94000,1.02194,0.99386,0.00493,0.00110,0.00010
255.08000,1.02193,0.99379,0.00500,0.00111,0.00010
255.22000,1.02194,0.99359,0.00517,0.00113,0.00010
255.36000,1.02193,0.99382,0.00498,0.00110,0.00010
255.50000,1.02194,0.99381,0.00498,0.00111,0.00010
255.64000,1.02193,0.99416,0.00467,0.00107,0.00011
255.78000,1.02194,0.99391,0.00489,0.00109,0.00010
255.92000,1.02193,0.99395,0.00487,0.00108,0.00010
256.06000,1.02194,0.99414,0.00471,0.00105,0.00010
256.20001,1.02191,0.99411,0.00473,0.00106,0.00010
256.34000,1.02194,0.99396,0.00486,0.00107,0.00010
256.48001,1.02191,0.99411,0.00472,0.00107,0.00010
256.62000,1.02194,0.99414,0.00469,0.00107,0.00010
256.76001,1.02194,0.99391,0.00490,0.00109,0.00010
256.89999,1.02194,0.99404,0.00479,0.00107,0.00010
257.04001,1.02194,0.99408,0.00476,0.00106,0.00010
257.17999,1.02194,0.99385,0.00498,0.00107,0.00010
257.32001,1.02194,0.99415,0.00470,0.00105,0.00010
257.45999,1.02194,0.99442,0.00445,0.00102,0.00010
257.60001,1.02194,0.99406,0.00478,0.00106,0.00010
257.73999,1.02194,0.99431,0.00456,0.00103,0.00010
257.88000,1.02194,0.99414,0.00471,0.00105,0.00010
258.01999,1.02194,0.99416,0.00470,0.00105,0.00010
258.16000,1.02194,0.99434,0.00454,0.00102,0.00010
258.29999,1.02194,0.99425,0.00462,0.00103,0.00010
258.44000,1.02194,0.99439,0.00449,0.00102,0.00010
258.57999,1.02194,0.99427,0.00461,0.00103,0.00010
258.72000,1.02194,0.99441,0.00449,0.00100,0.00010
258.85999,1.02194,0.99443,0.00448,0.00100,0.00010
259.00000,1.02194,0.99399,0.00486,0.00105,0.00010
259.14001,1.02191,0.99360,0.00522,0.00109,0.00010
259.28000,1.02194,0.99410,0.00473,0.00106,0.00010
259.42001,1.02191,0.99399,0.00485,0.00106,0.00010
259.56000,1.02194,0.99379,0.00504,0.00107,0.00010
259.70001,1.02191,0.99383,0.00500,0.00108,0.00010
259.84000,1.02194,0.99347,0.00530,0.00114,0.00010
259.98001,1.02191,0.99430,0.00458,0.00102,0.00010
260.12000,1.02194,0.99424,0.00465,0.00101,0.00010
260.26001,1.02194,0.99433,0.00456,0.00101,0.00010
260.39999,1.02194,0.99427,0.00463,0.00101,0.00009
260.54001,1.02194,0.99424,0.00465,0.00101,0.00009
260.67999,1.02194,0.99431,0.00459,0.00101,0.00010
260.82001,1.02194,0.99444,0.00447,0.00099,0.00010
260.95999,1.02194,0.99420,0.00469,0.00102,0.00009
261.10001,1.02194,0.99440,0.00450,0.00100,0.00009
261.23999,1.02194,0.99450,0.00441,0.00099,0.00010
261.38000,1.02194,0.99445,0.00446,0.00100,0.00010
261.51999,1.02194,0.99440,0.00451,0.00100,0.00009
261.66000,1.02194,0.99435,0.00456,0.00100,0.00009
261.79999,1.02194,0.99457,0.00435,0.00098,0.00010
261.94000,1.02194,0.99440,0.00450,0.00101,0.00010
262.07999,1.02194,0.99434,0.00455,0.00102,0.00010
262.22000,1.02194,0.99440,0.00449,0.00101,0.00010
262.35999,1.02194,0.99429,0.00460,0.00102,0.00010
262.50000,1.02194,0.99440,0.00450,0.00101,0.00010
262.64001,1.02191,0.99439,0.00451,0.00101,0.00010
262.78000,1.02194,0.99435,0.00454,0.00101,0.00010
262.92001,1.02191,0.99446,0.00444,0.00100,0.00010
263.06000,1.02194,0.99466,0.00426,0.00098,0.00010
263.20001,1.02191,0.99450,0.00441,0.00099,0.00010
263.34000,1.02194,0.99440,0.00451,0.00100,0.00009
263.48001,1.02191,0.99442,0.00449,0.00099,0.00010
263.62000,1.02194,0.99436,0.00455,0.00100,0.00010
263.76001,1.02194,0.99431,0.00458,0.00101,0.00010
263.89999,1.02194,0.99444,0.00446,0.00100,0.00010
264.04001,1.02194,0.99414,0.00473,0.00103,0.00010
264.17999,1.02194,0.99410,0.00476,0.00105,0.00010
264.32001,1.02194,0.99387,0.00496,0.00107,0.00010
264.45999,1.02194,0.99400,0.00485,0.00105,0.00010
264.60001,1.02194,0.99408,0.00478,0.00104,0.00010
264.73999,1.02194,0.99450,0.00440,0.00101,0.00010
264.88000,1.02194,0.99420,0.00469,0.00102,0.00009
265.01999,1.02194,0.99457,0.00436,0.00097,0.00009
265.16000,1.02194,0.99470,0.00425,0.00096,0.00009
265.29999,1.02194,0.99486,0.00412,0.00093,0.00009
265.44000,1.02194,0.99487,0.00411,0.00092,0.00009
265.57999,1.02194,0.99486,0.00412,0.00093,0.00009
265.72000,1.02194,0.99465,0.00430,0.00096,0.00009
265.85999,1.02194,0.99474,0.00422,0.00095,0.00009
266.00000,1.02194,0.99463,0.00432,0.00096,0.00009
266.14001,1.02191,0.99439,0.00453,0.00099,0.00009
266.28000,1.02194,0.99452,0.00441,0.00097,0.00009
266.42001,1.02191,0.99456,0.00439,0.00096,0.00009
266.56000,1.02194,0.99475,0.00421,0.00095,0.00009
266.70001,1.02191,0.99497,0.00401,0.00092,0.00010
266.84000,1.02194,0.99468,0.00427,0.00095,0.00009
266.98001,1.02191,0.99469,0.00428,0.00094,0.00009
267.12000,1.02194,0.99485,0.00413,0.00093,0.00009
267.26001,1.02194,0.99490,0.00409,0.00092,0.00009
267.39999,1.02194,0.99487,0.00411,0.00092,0.00009
267.54001,1.02194,0.99492,0.00406,0.00092,0.00009
267.67999,1.02194,0.99483,0.00414,0.00093,0.00009
267.82001,1.02194,0.99481,0.00417,0.00093,0.00009
267.95999,1.02194,0.99480,0.00418,0.00092,0.00009
268.10001,1.02194,0.99468,0.00428,0.00094,0.00009
268.23999,1.02194,0.99486,0.00413,0.00093,0.00009
268.38000,1.02194,0.99484,0.00415,0.00092,0.00009
268.51999,1.02194,0.99492,0.00407,0.00091,0.00009
268.66000,1.02194,0.99489,0.00411,0.00092,0.00009
268.79999,1.02194,0.99491,0.00409,0.00091,0.00009
268.94000,1.02194,0.99484,0.00416,0.00091,0.00009
269.07999,1.02194,0.99519,0.00383,0.00089,0.00009
269.22000,1.02194,0.99484,0.00415,0.00092,0.00009
269.35999,1.02194,0.99490,0.00409,0.00092,0.00009
269.50000,1.02194,0.99498,0.00400,0.00092,0.00010
269.64001,1.02191,0.99481,0.00416,0.00094,0.00009
269.78000,1.02194,0.99494,0.00404,0.00092,0.00009
269.92001,1.02191,0.99489,0.00410,0.00092,0.00009
270.06000,1.02194,0.99487,0.00411,0.00092,0.00009
270.20001,1.02191,0.99497,0.00403,0.00091,0.00009
270.34000,1.02194,0.99500,0.00400,0.00090,0.00009
270.48001,1.02191,0.99522,0.00380,0.00089,0.00009
270.62000,1.02194,0.99513,0.00389,0.00089,0.00009
270.76001,1.02194,0.99510,0.00392,0.00089,0.00009
270.89999,1.02194,0.99504,0.00397,0.00090,0.00009
271.04001,1.02194,0.99512,0.00389,0.00089,0.00009
271.17999,1.02194,0.99490,0.00409,0.00091,0.00009
271.32001,1.02194,0.99508,0.00392,0.00090,0.00009
271.45999,1.02194,0.99490,0.00408,0.00092,0.00009
271.60001,1.02194,0.99482,0.00416,0.00093,0.00009
271.73999,1.02194,0.99466,0.00432,0.00094,0.00009
271.88000,1.02194,0.99491,0.00409,0.00092,0.00009
272.01999,1.02194,0.99493,0.00407,0.00091,0.00009
272.16000,1.02194,0.99512,0.00389,0.00089,0.00009
272.29999,1.02194,0.99488,0.00411,0.00092,0.00009
272.44000,1.02194,0.99485,0.00414,0.00092,0.00009
272.57999,1.02194,0.99486,0.00414,0.00091,0.00009
272.72000,1.02194,0.99516,0.00387,0.00089,0.00009
272.85999,1.02194,0.99518,0.00385,0.00088,0.00009
273.00000,1.02194,0.99510,0.00392,0.00089,0.00009
273.14001,1.02191,0.99497,0.00405,0.00089,0.00009
273.28000,1.02194,0.99491,0.00410,0.00090,0.00009
273.42001,1.02191,0.99502,0.00400,0.00090,0.00009
273.56000,1.02194,0.99508,0.00394,0.00089,0.00009
273.70001,1.02191,0.99495,0.00407,0.00090,0.00009
273.84000,1.02194,0.99511,0.00392,0.00088,0.00009
273.98001,1.02191,0.99492,0.00410,0.00090,0.00009
274.12000,1.02194,0.99520,0.00385,0.00086,0.00009
274.26001,1.02194,0.99531,0.00375,0.00085,0.00009
274.39999,1.02194,0.99517,0.00388,0.00087,0.00009
274.54001,1.02194,0.99520,0.00386,0.00086,0.00009
274.67999,1.02194,0.99542,0.00365,0.00084,0.00009
274.82001,1.02194,0.99548,0.00361,0.00083,0.00009
274.95999,1.02194,0.99544,0.00365,0.00083,0.00008
275.10001,1.02194,0.99534,0.00373,0.00084,0.00009
275.23999,1.02194,0.99549,0.00360,0.00083,0.00008
275.38000,1.02194,0.99562,0.00348,0.00081,0.00008
275.51999,1.02194,0.99566,0.00345,0.00080,0.00009
275.66000,1.02194,0.99553,0.00357,0.00081,0.00009
275.79999,1.02194,0.99529,0.00378,0.00084,0.00009
275.94000,1.02194,0.99530,0.00378,0.00084,0.00008
276.07999,1.02194,0.99548,0.00360,0.00083,0.00009
276.22000,1.02194,0.99545,0.00362,0.00084,0.00009
276.35999,1.02194,0.99519,0.00387,0.00086,0.00008
276.50000,1.02194,0.99534,0.00374,0.00084,0.00008
276.64001,1.02191,0.99530,0.00378,0.00084,0.00008
276.78000,1.02194,0.99550,0.00361,0.00081,0.00008
276.92001,1.02191,0.99565,0.00347,0.00079,0.00008
277.06000,1.02194,0.99586,0.00329,0.00077,0.00008
277.20001,1.02191,0.99566,0.00348,0.00078,0.00008
277.34000,1.02194,0.99582,0.00333,0.00077,0.00008
277.48001,1.02191,0.99570,0.00344,0.00078,0.00008
277.62000,1.02194,0.99576,0.00339,0.00077,0.00008
277.76001,1.02194,0.99567,0.00347,0.00078,0.00008
277.89999,1.02194,0.99582,0.00332,0.00077,0.00008
278.04001,1.02194,0.99572,0.00341,0.00078,0.00008
278.17999,1.02194,0.99575,0.00339,0.00078,0.00008
278.32001,1.02194,0.99565,0.00348,0.00079,0.00008
278.45999,1.02194,0.99578,0.00337,0.00077,0.00008
278.60001,1.02194,0.99576,0.00338,0.00078,0.00008
278.73999,1.02194,0.99585,0.00330,0.00077,0.00008
278.88000,1.02194,0.99574,0.00340,0.00078,0.00008
279.01999,1.02194,0.99583,0.00332,0.00076,0.00008
279.16000,1.02194,0.99566,0.00348,0.00078,0.00008
279.29999,1.02194,0.99565,0.00349,0.00078,0.00008
279.44000,1.02194,0.99558,0.00355,0.00079,0.00008
279.57999,1.02194,0.99577,0.00337,0.00078,0.00008
279.72000,1.02194,0.99568,0.00345,0.00079,0.00008
279.85999,1.02194,0.99570,0.00343,0.00078,0.00008
280.00000,1.02194,0.99593,0.00323,0.00076,0.00008
280.14001,1.02191,0.99593,0.00324,0.00075,0.00008
280.28000,1.02194,0.99592,0.00326,0.00074,0.00008
280.42001,1.02191,0.99604,0.00315,0.00074,0.00008
280.56000,1.02194,0.99595,0.00323,0.00074,0.00008
280.70001,1.02191,0.99590,0.00327,0.00075,0.00008
280.84000,1.02194,0.99593,0.00324,0.00075,0.00008
280.98001,1.02191,0.99570,0.00344,0.00078,0.00008
281.12000,1.02194,0.99569,0.00345,0.00078,0.00008
281.26001,1.02194,0.99560,0.00352,0.00079,0.00008
281.39999,1.02194,0.99576,0.00339,0.00078,0.00008
281.54001,1.02194,0.99577,0.00339,0.00077,0.00008
281.67999,1.02194,0.99585,0.00331,0.00075,0.00008
281.82001,1.02194,0.99595,0.00323,0.00074,0.00008
281.95999,1.02194,0.99612,0.00308,0.00072,0.00008
282.10001,1.02194,0.99604,0.00316,0.00072,0.00008
282.23999,1.02194,0.99608,0.00311,0.00072,0.00008
282.38000,1.02194,0.99604,0.00315,0.00073,0.00008
282.51999,1.02194,0.99609,0.00311,0.00072,0.00008
282.66000,1.02194,0.99598,0.00321,0.00073,0.00008
282.79999,1.02194,0.99605,0.00315,0.00072,0.00008
282.94000,1.02194,0.99590,0.00329,0.00074,0.00008
283.07999,1.02194,0.99602,0.00318,0.00072,0.00008
283.22000,1.02194,0.99604,0.00316,0.00072,0.00008
283.35999,1.02194,0.99609,0.00311,0.00072,0.00008
283.50000,1.02194,0.99605,0.00314,0.00072,0.00008
283.64001,1.02191,0.99602,0.00317,0.00073,0.00008
283.78000,1.02194,0.99613,0.00308,0.00071,0.00008
283.92001,1.02191,0.99618,0.00303,0.00071,0.00008
284.06000,1.02194,0.99624,0.00299,0.00070,0.00008
284.20001,1.02191,0.99605,0.00315,0.00072,0.00008
284.34000,1.02194,0.99613,0.00309,0.00071,0.00008
284.48001,1.02191,0.99625,0.00297,0.00070,0.00008
284.62000,1.02194,0.99615,0.00306,0.00071,0.00008
284.76001,1.02194,0.99609,0.00311,0.00072,0.00008
284.89999,1.02194,0.99600,0.00319,0.00073,0.00008
285.04001,1.02194,0.99598,0.00320,0.00074,0.00008
285.17999,1.02194,0.99594,0.00324,0.00074,0.00008
285.32001,1.02194,0.99593,0.00324,0.00074,0.00008
285.45999,1.02194,0.99591,0.00326,0.00075,0.00008
285.60001,1.02194,0.99586,0.00331,0.00075,0.00008
285.73999,1.02194,0.99586,0.00331,0.00075,0.00008
285.88000,1.02194,0.99569,0.00345,0.00077,0.00008
286.01999,1.02194,0.99578,0.00338,0.00077,0.00008
286.16000,1.02194,0.99572,0.00343,0.00077,0.00008
286.29999,1.02194,0.99573,0.00342,0.00077,0.00008
286.44000,1.02194,0.99577,0.00338,0.00077,0.00008
286.57999,1.02194,0.99579,0.00337,0.00076,0.00008
286.72000,1.02194,0.99577,0.00338,0.00076,0.00008
286.85999,1.02194,0.99598,0.00320,0.00074,0.00008
287.00000,1.02194,0.99590,0.00327,0.00075,0.00008
287.14001,1.02191,0.99593,0.00324,0.00074,0.00008
287.28000,1.02194,0.99584,0.00333,0.00075,0.00008
287.42001,1.02191,0.99590,0.00326,0.00075,0.00008
287.56000,1.02194,0.99580,0.00335,0.00076,0.00008
287.70001,1.02191,0.99594,0.00323,0.00075,0.00008
287.84000,1.02194,0.99600,0.00318,0.00074,0.00008
287.98001,1.02191,0.99596,0.00322,0.00074,0.00008
288.12000,1.02194,0.99599,0.00320,0.00074,0.00008
288.26001,1.02194,0.99599,0.00320,0.00074,0.00008
288.39999,1.02194,0.99599,0.00320,0.00074,0.00008
288.54001,1.02194,0.99601,0.00318,0.00073,0.00008
288.67999,1.02194,0.99602,0.00316,0.00073,0.00008
288.82001,1.02194,0.99599,0.00319,0.00074,0.00008
288.95999,1.02194,0.99586,0.00332,0.00075,0.00008
289.10001,1.02194,0.99588,0.00329,0.00075,0.00008
289.23999,1.02194,0.99585,0.00332,0.00075,0.00008
289.38000,1.02194,0.99591,0.00327,0.00075,0.00008
289.51999,1.02194,0.99585,0.00333,0.00075,0.00008
289.66000,1.02194,0.99596,0.00321,0.00074,0.00008
289.79999,1.02194,0.99597,0.00321,0.00074,0.00008
289.94000,1.02194,0.99592,0.00326,0.00074,0.00008
290.07999,1.02194,0.99603,0.00316,0.00073,0.00008
290.22000,1.02194,0.99599,0.00321,0.00072,0.00008
290.35999,1.02194,0.99600,0.00320,0.00073,0.00008
290.50000,1.02194,0.99615,0.00306,0.00071,0.00008
290.64001,1.02191,0.99607,0.00314,0.00072,0.00008
290.78000,1.02194,0.99599,0.00321,0.00073,0.00008
290.92001,1.02191,0.99595,0.00324,0.00073,0.00008
291.06000,1.02194,0.99603,0.00316,0.00073,0.00008
291.20001,1.02191,0.99600,0.00319,0.00073,0.00008
291.34000,1.02194,0.99612,0.00309,0.00071,0.00008
291.48001,1.02191,0.99619,0.00303,0.00070,0.00008
291.62000,1.02194,0.99618,0.00304,0.00070,0.00008
291.76001,1.02194,0.99625,0.00298,0.00069,0.00007
291.89999,1.02194,0.99631,0.00294,0.00068,0.00007
292.04001,1.02194,0.99624,0.00299,0.00070,0.00008
292.17999,1.02194,0.99623,0.00300,0.00069,0.00008
292.32001,1.02194,0.99626,0.00297,0.00070,0.00008
292.45999,1.02194,0.99623,0.00300,0.00070,0.00008
292.60001,1.02194,0.99608,0.00313,0.00072,0.00008
292.73999,1.02194,0.99602,0.00318,0.00072,0.00008
292.88000,1.02194,0.99601,0.00319,0.00072,0.00008
293.01999,1.02194,0.99602,0.00318,0.00072,0.00008
293.16000,1.02194,0.99615,0.00306,0.00071,0.00008
293.29999,1.02194,0.99597,0.00322,0.00073,0.00008
293.44000,1.02194,0.99602,0.00318,0.00073,0.00008
293.57999,1.02194,0.99588,0.00330,0.00074,0.00008
293.72000,1.02194,0.99599,0.00320,0.00074,0.00008
293.85999,1.02194,0.99601,0.00317,0.00073,0.00008
294.00000,1.02194,0.99592,0.00326,0.00074,0.00008
294.14001,1.02191,0.99589,0.00328,0.00075,0.00008
294.28000,1.02194,0.99584,0.00333,0.00076,0.00008
294.42001,1.02191,0.99572,0.00344,0.00076,0.00008
294.56000,1.02194,0.99591,0.00326,0.00075,0.00008
294.70001,1.02191,0.99580,0.00336,0.00076,0.00008
294.84000,1.02194,0.99586,0.00331,0.00076,0.00008
294.98001,1.02191,0.99591,0.00326,0.00075,0.00008
295.12000,1.02194,0.99584,0.00333,0.00076,0.00008
295.26001,1.02194,0.99593,0.00325,0.00074,0.00008
295.39999,1.02194,0.99600,0.00317,0.00074,0.00008
295.54001,1.02194,0.99589,0.00328,0.00075,0.00008
295.67999,1.02194,0.99599,0.00319,0.00074,0.00008
295.82001,1.02194,0.99583,0.00334,0.00076,0.00008
295.95999,1.02194,0.99598,0.00319,0.00074,0.00008
296.10001,1.02194,0.99584,0.00333,0.00076,0.00008
296.23999,1.02194,0.99593,0.00324,0.00075,0.00008
296.38000,1.02194,0.99583,0.00333,0.00076,0.00008
296.51999,1.02194,0.99590,0.00327,0.00075,0.00008
296.66000,1.02194,0.99592,0.00325,0.00075,0.00008
296.79999,1.02194,0.99603,0.00315,0.00074,0.00008
296.94000,1.02194,0.99602,0.00316,0.00074,0.00008
297.07999,1.02194,0.99592,0.00326,0.00075,0.00008
297.22000,1.02194,0.99589,0.00328,0.00075,0.00008
297.35999,1.02194,0.99591,0.00326,0.00075,0.00008
297.50000,1.02194,0.99603,0.00315,0.00074,0.00008
297.64001,1.02191,0.99586,0.00331,0.00075,0.00008
297.78000,1.02194,0.99590,0.00327,0.00075,0.00008
297.92001,1.02191,0.99579,0.00337,0.00076,0.00008
298.06000,1.02194,0.99586,0.00330,0.00076,0.00008
298.20001,1.02191,0.99585,0.00331,0.00076,0.00008
298.34000,1.02194,0.99570,0.00344,0.00078,0.00008
298.48001,1.02191,0.99571,0.00343,0.00078,0.00008
298.62000,1.02194,0.99564,0.00348,0.00079,0.00008
298.76001,1.02194,0.99555,0.00357,0.00080,0.00008
298.89999,1.02194,0.99563,0.00348,0.00080,0.00008
299.04001,1.02194,0.99552,0.00358,0.00081,0.00008
299.17999,1.02194,0.99532,0.00377,0.00083,0.00008
299.32001,1.02194,0.99555,0.00355,0.00082,0.00009
299.45999,1.02194,0.99536,0.00372,0.00084,0.00008
299.60001,1.02194,0.99536,0.00371,0.00084,0.00008
299.73999,1.02194,0.99534,0.00373,0.00084,0.00008
299.88000,1.02194,0.99541,0.00366,0.00084,0.00009
300.01999,1.02194,0.99502,0.00402,0.00088,0.00009
300.16000,1.02194,0.99519,0.00386,0.00087,0.00009
300.29999,1.02194,0.99514,0.00389,0.00088,0.00009
300.44000,1.02194,0.99498,0.00404,0.00090,0.00009
300.57999,1.02194,0.99481,0.00417,0.00092,0.00009
300.72000,1.02194,0.99490,0.00409,0.00093,0.00009
300.85999,1.02194,0.99470,0.00428,0.00093,0.00009
301.00000,1.02194,0.99485,0.00413,0.00092,0.00009
301.14001,1.02191,0.99477,0.00421,0.00094,0.00009
301.28000,1.02194,0.99466,0.00432,0.00094,0.00009
301.42001,1.02191,0.99491,0.00410,0.00090,0.00009
301.56000,1.02194,0.99515,0.00388,0.00088,0.00009
301.70001,1.02191,0.99509,0.00394,0.00088,0.00009
301.84000,1.02194,0.99502,0.00400,0.00089,0.00009
301.98001,1.02191,0.99508,0.00394,0.00089,0.00009
302.12000,1.02194,0.99499,0.00402,0.00090,0.00009
302.26001,1.02194,0.99499,0.00401,0.00091,0.00009
302.39999,1.02194,0.99481,0.00417,0.00092,0.00009
302.54001,1.02194,0.99486,0.00412,0.00092,0.00009
302.67999,1.02194,0.99457,0.00439,0.00095,0.00009
302.82001,1.02194,0.99482,0.00416,0.00093,0.00009
302.95999,1.02194,0.99472,0.00425,0.00093,0.00009
303.10001,1.02194,0.99479,0.00420,0.00093,0.00009
303.23999,1.02194,0.99482,0.00416,0.00093,0.00009
303.38000,1.02194,0.99470,0.00428,0.00093,0.00009
303.51999,1.02194,0.99486,0.00414,0.00091,0.00009
303.66000,1.02194,0.99515,0.00387,0.00089,0.00009
303.79999,1.02194,0.99494,0.00407,0.00090,0.00009
303.94000,1.02194,0.99509,0.00394,0.00088,0.00009
304.07999,1.02194,0.99493,0.00408,0.00090,0.00009
304.22000,1.02194,0.99507,0.00396,0.00088,0.00009
304.35999,1.02194,0.99496,0.00404,0.00090,0.00009
304.50000,1.02194,0.99488,0.00410,0.00092,0.00009
304.64001,1.02191,0.99457,0.00437,0.00096,0.00009
304.78000,1.02194,0.99456,0.00437,0.00097,0.00009
304.92001,1.02191,0.99454,0.00439,0.00098,0.00010
305.06000,1.02194,0.99439,0.00453,0.00099,0.00009
305.20001,1.02191,0.99428,0.00462,0.00100,0.00009
305.34000,1.02194,0.99443,0.00448,0.00099,0.00009
305.48001,1.02191,0.99450,0.00441,0.00099,0.00010
305.62000,1.02194,0.99459,0.00433,0.00098,0.00010
305.76001,1.02194,0.99443,0.00447,0.00100,0.00010
305.89999,1.02194,0.99421,0.00468,0.00102,0.00009
306.04001,1.02194,0.99440,0.00449,0.00101,0.00010
306.17999,1.02194,0.99428,0.00460,0.00102,0.00010
306.32001,1.02194,0.99412,0.00473,0.00105,0.00010
306.45999,1.02194,0.99414,0.00471,0.00105,0.00010
306.60001,1.02194,0.99406,0.00478,0.00106,0.00010
306.73999,1.02194,0.99418,0.00467,0.00105,0.00010
306.88000,1.02194,0.99389,0.00493,0.00108,0.00010
307.01999,1.02194,0.99383,0.00497,0.00110,0.00010
307.16000,1.02194,0.99384,0.00495,0.00110,0.00010
307.29999,1.02194,0.99387,0.00491,0.00111,0.00011
307.44000,1.02194,0.99352,0.00523,0.00115,0.00010
307.57999,1.02194,0.99350,0.00524,0.00116,0.00010
307.72000,1.02194,0.99325,0.00546,0.00118,0.00010
307.85999,1.02194,0.99324,0.00546,0.00119,0.00010
308.00000,1.02194,0.99360,0.00514,0.00115,0.00011
308.14001,1.02191,0.99353,0.00521,0.00116,0.00011
308.28000,1.02194,0.99349,0.00523,0.00117,0.00011
308.42001,1.02191,0.99339,0.00533,0.00118,0.00010
308.56000,1.02194,0.99346,0.00527,0.00117,0.00010
308.70001,1.02191,0.99414,0.00466,0.00109,0.00011
308.84000,1.02194,0.99376,0.00500,0.00112,0.00011
308.98001,1.02191,0.99353,0.00522,0.00115,0.00010
309.12000,1.02194,0.99385,0.00494,0.00111,0.00010
309.26001,1.02194,0.99394,0.00485,0.00111,0.00010
309.39999,1.02194,0.99402,0.00479,0.00109,0.00010
309.54001,1.02194,0.99407,0.00474,0.00108,0.00011
309.67999,1.02194,0.99380,0.00500,0.00110,0.00010
309.82001,1.02194,0.99377,0.00503,0.00110,0.00010
309.95999,1.02194,0.99385,0.00495,0.00110,0.00010
310.10001,1.02194,0.99395,0.00485,0.00110,0.00011
310.23999,1.02194,0.99378,0.00500,0.00112,0.00011
310.38000,1.02194,0.99358,0.00518,0.00114,0.00010
310.51999,1.02194,0.99360,0.00516,0.00114,0.00010
310.66000,1.02194,0.99367,0.00510,0.00112,0.00010
310.79999,1.02194,0.99402,0.00479,0.00109,0.00010
310.94000,1.02194,0.99404,0.00477,0.00108,0.00010
311.07999,1.02194,0.99390,0.00492,0.00109,0.00010
311.22000,1.02194,0.99395,0.00488,0.00107,0.00010
311.35999,1.02194,0.99410,0.00474,0.00106,0.00010
311.50000,1.02194,0.99413,0.00471,0.00106,0.00010
311.64001,1.02191,0.99408,0.00474,0.00107,0.00010
311.78000,1.02194,0.99391,0.00489,0.00109,0.00011
311.92001,1.02191,0.99362,0.00516,0.00112,0.00010
312.06000,1.02194,0.99389,0.00491,0.00110,0.00010
312.20001,1.02191,0.99392,0.00489,0.00109,0.00010
312.34000,1.02194,0.99377,0.00503,0.00110,0.00010
312.48001,1.02191,0.99397,0.00485,0.00108,0.00010
312.62000,1.02194,0.99409,0.00474,0.00106,0.00010
312.76001,1.02194,0.99408,0.00475,0.00106,0.00010
312.89999,1.02194,0.99431,0.00454,0.00105,0.00011
313.04001,1.02194,0.99387,0.00496,0.00108,0.00010
313.17999,1.02194,0.99417,0.00468,0.00105,0.00010
313.32001,1.02194,0.99411,0.00474,0.00105,0.00010
313.45999,1.02194,0.99412,0.00473,0.00105,0.00010
313.60001,1.02194,0.99420,0.00467,0.00103,0.00010
313.73999,1.02194,0.99422,0.00465,0.00103,0.00010
313.88000,1.02194,0.99427,0.00461,0.00103,0.00010
314.01999,1.02194,0.99452,0.00438,0.00100,0.00010
314.16000,1.02194,0.99427,0.00461,0.00102,0.00010
314.29999,1.02194,0.99447,0.00443,0.00100,0.00010
314.44000,1.02194,0.99440,0.00448,0.00102,0.00010
314.57999,1.02194,0.99422,0.00464,0.00104,0.00010
314.72000,1.02194,0.99436,0.00451,0.00103,0.00010
314.85999,1.02194,0.99430,0.00458,0.00102,0.00010
315.00000,1.02194,0.99405,0.00480,0.00105,0.00010
315.14001,1.02191,0.99427,0.00459,0.00103,0.00010
315.28000,1.02194,0.99413,0.00474,0.00103,0.00010
315.42001,1.02191,0.99409,0.00478,0.00103,0.00009
315.56000,1.02194,0.99406,0.00480,0.00104,0.00010
315.70001,1.02191,0.99425,0.00462,0.00103,0.00010
315.84000,1.02194,0.99434,0.00456,0.00101,0.00009
315.98001,1.02191,0.99439,0.00451,0.00101,0.00010
316.12000,1.02194,0.99433,0.00456,0.00101,0.00010
316.26001,1.02194,0.99430,0.00460,0.00101,0.00010
316.39999,1.02194,0.99442,0.00450,0.00099,0.00009
316.54001,1.02194,0.99476,0.00419,0.00096,0.00010
316.67999,1.02194,0.99447,0.00445,0.00099,0.00010
316.82001,1.02194,0.99443,0.00448,0.00099,0.00009
316.95999,1.02194,0.99452,0.00440,0.00098,0.00009
317.10001,1.02194,0.99443,0.00449,0.00098,0.00009
317.23999,1.02194,0.99451,0.00441,0.00098,0.00010
317.38000,1.02194,0.99444,0.00447,0.00099,0.00009
317.51999,1.02194,0.99425,0.00465,0.00101,0.00009
317.66000,1.02194,0.99417,0.00472,0.00102,0.00009
317.79999,1.02194,0.99430,0.00460,0.00101,0.00010
317.94000,1.02194,0.99440,0.00451,0.00100,0.00010
318.07999,1.02194,0.99440,0.00451,0.00099,0.00009
318.22000,1.02194,0.99454,0.00439,0.00098,0.00010
318.35999,1.02194,0.99431,0.00461,0.00099,0.00009
318.50000,1.02194,0.99460,0.00434,0.00096,0.00009
318.64001,1.02191,0.99462,0.00434,0.00095,0.00009
318.78000,1.02194,0.99487,0.00411,0.00093,0.00009
318.92001,1.02191,0.99491,0.00407,0.00092,0.00009
319.06000,1.02194,0.99473,0.00425,0.00094,0.00009
319.20001,1.02191,0.99483,0.00416,0.00092,0.00009
319.34000,1.02194,0.99500,0.00401,0.00090,0.00009
319.48001,1.02191,0.99492,0.00409,0.00091,0.00009
319.62000,1.02194,0.99511,0.00391,0.00089,0.00009
319.76001,1.02194,0.99495,0.00407,0.00090,0.00009
319.89999,1.02194,0.99513,0.00390,0.00088,0.00009
320.04001,1.02194,0.99498,0.00404,0.00089,0.00009
320.17999,1.02194,0.99494,0.00407,0.00090,0.00009
320.32001,1.02194,0.99485,0.00414,0.00092,0.00009
320.45999,1.02194,0.99484,0.00415,0.00092,0.00009
320.60001,1.02194,0.99468,0.00429,0.00094,0.00009
320.73999,1.02194,0.99488,0.00411,0.00092,0.00009
320.88000,1.02194,0.99479,0.00420,0.00092,0.00009
321.01999,1.02194,0.99480,0.00419,0.00092,0.00009
321.16000,1.02194,0.99490,0.00410,0.00091,0.00009
321.29999,1.02194,0.99515,0.00388,0.00088,0.00009
321.44000,1.02194,0.99498,0.00403,0.00090,0.00009
321.57999,1.02194,0.99511,0.00392,0.00089,0.00009
321.72000,1.02194,0.99502,0.00399,0.00090,0.00009
321.85999,1.02194,0.99511,0.00392,0.00088,0.00009
322.00000,1.02194,0.99499,0.00403,0.00089,0.00009
322.14001,1.02191,0.99499,0.00403,0.00089,0.00009
322.28000,1.02194,0.99493,0.00408,0.00090,0.00009
322.42001,1.02191,0.99512,0.00391,0.00088,0.00009
322.56000,1.02194,0.99514,0.00390,0.00087,0.00009
322.70001,1.02191,0.99536,0.00371,0.00085,0.00009
322.84000,1.02194,0.99506,0.00399,0.00087,0.00008
322.98001,1.02191,0.99513,0.00393,0.00086,0.00008
323.12000,1.02194,0.99523,0.00384,0.00085,0.00008
323.26001,1.02194,0.99546,0.00362,0.00083,0.00009
323.39999,1.02194,0.99554,0.00355,0.00082,0.00009
323.54001,1.02194,0.99546,0.00363,0.00083,0.00009
323.67999,1.02194,0.99530,0.00378,0.00084,0.00008
323.82001,1.02194,0.99515,0.00392,0.00085,0.00008
323.95999,1.02194,0.99546,0.00363,0.00083,0.00008
324.10001,1.02194,0.99553,0.00357,0.00081,0.00008
324.23999,1.02194,0.99562,0.00349,0.00081,0.00009
324.38000,1.02194,0.99543,0.00366,0.00082,0.00008
324.51999,1.02194,0.99554,0.00356,0.00081,0.00008
324.66000,1.02194,0.99552,0.00360,0.00080,0.00008
324.79999,1.02194,0.99582,0.00332,0.00077,0.00008
324.94000,1.02194,0.99584,0.00331,0.00077,0.00008
325.07999,1.02194,0.99568,0.00346,0.00078,0.00008
325.22000,1.02194,0.99575,0.00340,0.00077,0.00008
325.35999,1.02194,0.99577,0.00337,0.00077,0.00008
325.50000,1.02194,0.99575,0.00339,0.00078,0.00008
325.64001,1.02191,0.99573,0.00340,0.00078,0.00008
325.78000,1.02194,0.99582,0.00332,0.00077,0.00008
325.92001,1.02191,0.99566,0.00347,0.00079,0.00008
326.06000,1.02194,0.99557,0.00355,0.00080,0.00008
326.20001,1.02191,0.99563,0.00350,0.00079,0.00008
326.34000,1.02194,0.99567,0.00346,0.00079,0.00008
326.48001,1.02191,0.99581,0.00334,0.00077,0.00008
326.62000,1.02194,0.99570,0.00343,0.00078,0.00008
326.76001,1.02194,0.99569,0.00345,0.00079,0.00008
326.89999,1.02194,0.99560,0.00352,0.00080,0.00008
327.04001,1.02194,0.99575,0.00339,0.00078,0.00008
327.17999,1.02194,0.99578,0.00337,0.00077,0.00008
327.32001,1.02194,0.99577,0.00337,0.00078,0.00008
327.45999,1.02194,0.99575,0.00339,0.00077,0.00008
327.60001,1.02194,0.99572,0.00343,0.00077,0.00008
327.73999,1.02194,0.99598,0.00320,0.00074,0.00008
327.88000,1.02194,0.99601,0.00317,0.00074,0.00008
328.01999,1.02194,0.99599,0.00319,0.00074,0.00008
328.16000,1.02194,0.99604,0.00315,0.00073,0.00008
328.29999,1.02194,0.99594,0.00324,0.00074,0.00008
328.44000,1.02194,0.99576,0.00340,0.00076,0.00008
328.57999,1.02194,0.99600,0.00317,0.00074,0.00008
328.72000,1.02194,0.99584,0.00332,0.00076,0.00008
328.85999,1.02194,0.99595,0.00323,0.00075,0.00008
329.00000,1.02194,0.99594,0.00323,0.00075,0.00008
329.14001,1.02191,0.99590,0.00327,0.00075,0.00008
329.28000,1.02194,0.99594,0.00325,0.00074,0.00008
329.42001,1.02191,0.99607,0.00312,0.00073,0.00008
329.56000,1.02194,0.99595,0.00324,0.00073,0.00008
329.70001,1.02191,0.99605,0.00314,0.00073,0.00008
329.84000,1.02194,0.99606,0.00314,0.00073,0.00008
329.98001,1.02191,0.99607,0.00312,0.00073,0.00008
330.12000,1.02194,0.99603,0.00316,0.00073,0.00008
330.26001,1.02194,0.99602,0.00317,0.00073,0.00008
330.39999,1.02194,0.99601,0.00318,0.00073,0.00008
330.54001,1.02194,0.99587,0.00330,0.00075,0.00008
330.67999,1.02194,0.99590,0.00327,0.00075,0.00008
330.82001,1.02194,0.99593,0.00325,0.00074,0.00008
330.95999,1.02194,0.99589,0.00329,0.00074,0.00008
331.10001,1.02194,0.99586,0.00331,0.00074,0.00008
331.23999,1.02194,0.99602,0.00317,0.00073,0.00008
331.38000,1.02194,0.99612,0.00309,0.00071,0.00008
331.51999,1.02194,0.99623,0.00300,0.00069,0.00008
331.66000,1.02194,0.99615,0.00308,0.00070,0.00008
331.79999,1.02194,0.99611,0.00311,0.00071,0.00007
331.94000,1.02194,0.99625,0.00299,0.00069,0.00007
332.07999,1.02194,0.99635,0.00289,0.00068,0.00008
332.22000,1.02194,0.99618,0.00305,0.00070,0.00008
332.35999,1.02194,0.99610,0.00311,0.00071,0.00008
332.50000,1.02194,0.99603,0.00318,0.00071,0.00008
332.64001,1.02191,0.99621,0.00302,0.00070,0.00008
332.78000,1.02194,0.99629,0.00294,0.00069,0.00008
332.92001,1.02191,0.99620,0.00302,0.00070,0.00008
333.06000,1.02194,0.99610,0.00312,0.00071,0.00008
333.20001,1.02191,0.99621,0.00301,0.00070,0.00008
333.34000,1.02194,0.99618,0.00305,0.00070,0.00008
333.48001,1.02191,0.99630,0.00294,0.00068,0.00008
333.62000,1.02194,0.99630,0.00294,0.00069,0.00008
333.76001,1.02194,0.99631,0.00293,0.00068,0.00008
333.89999,1.02194,0.99634,0.00291,0.00067,0.00007
334.04001,1.02194,0.99637,0.00288,0.00067,0.00007
334.17999,1.02194,0.99638,0.00288,0.00067,0.00007
334.32001,1.02194,0.99630,0.00295,0.00067,0.00007
334.45999,1.02194,0.99642,0.00285,0.00067,0.00007
334.60001,1.02194,0.99652,0.00275,0.00065,0.00007
334.73999,1.02194,0.99633,0.00293,0.00067,0.00007
334.88000,1.02194,0.99638,0.00288,0.00067,0.00007
335.01999,1.02194,0.99639,0.00287,0.00067,0.00007
335.16000,1.02194,0.99635,0.00290,0.00067,0.00007
335.29999,1.02194,0.99641,0.00285,0.00066,0.00007
335.44000,1.02194,0.99647,0.00280,0.00066,0.00008
335.57999,1.02194,0.99636,0.00289,0.00067,0.00007
335.72000,1.02194,0.99643,0.00284,0.00066,0.00007
335.85999,1.02194,0.99647,0.00280,0.00066,0.00007
336.00000,1.02194,0.99647,0.00281,0.00065,0.00007
336.14001,1.02191,0.99647,0.00280,0.00065,0.00007
336.28000,1.02194,0.99647,0.00281,0.00065,0.00007
336.42001,1.02191,0.99641,0.00286,0.00066,0.00007
336.56000,1.02194,0.99651,0.00277,0.00065,0.00007
336.70001,1.02191,0.99639,0.00288,0.00066,0.00007
336.84000,1.02194,0.99648,0.00279,0.00065,0.00007
336.98001,1.02191,0.99656,0.00273,0.00064,0.00007
337.12000,1.02194,0.99658,0.00271,0.00064,0.00007
337.26001,1.02194,0.99645,0.00283,0.00065,0.00007
337.39999,1.02194,0.99651,0.00278,0.00064,0.00007
337.54001,1.02194,0.99654,0.00274,0.00064,0.00007
337.67999,1.02194,0.99650,0.00278,0.00065,0.00007
337.82001,1.02194,0.99655,0.00273,0.00064,0.00007
337.95999,1.02194,0.99645,0.00283,0.00065,0.00007
338.10001,1.02194,0.99646,0.00282,0.00065,0.00007
338.23999,1.02194,0.99643,0.00285,0.00065,0.00007
338.38000,1.02194,0.99648,0.00281,0.00064,0.00007
338.51999,1.02194,0.99652,0.00276,0.00064,0.00007
338.66000,1.02194,0.99651,0.00278,0.00065,0.00007
338.79999,1.02194,0.99661,0.00268,0.00064,0.00007
338.94000,1.02194,0.99654,0.00274,0.00064,0.00007
339.07999,1.02194,0.99654,0.00275,0.00064,0.00007
339.22000,1.02194,0.99662,0.00269,0.00062,0.00007
339.35999,1.02194,0.99669,0.00261,0.00062,0.00007
339.50000,1.02194,0.99664,0.00267,0.00062,0.00007
339.64001,1.02191,0.99674,0.00257,0.00061,0.00007
339.78000,1.02194,0.99676,0.00257,0.00061,0.00007
339.92001,1.02191,0.99682,0.00250,0.00060,0.00007
340.06000,1.02194,0.99676,0.00256,0.00061,0.00007
340.20001,1.02191,0.99677,0.00255,0.00061,0.00007
340.34000,1.02194,0.99671,0.00261,0.00061,0.00007
340.48001,1.02191,0.99679,0.00253,0.00060,0.00007
340.62000,1.02194,0.99677,0.00255,0.00061,0.00007
340.76001,1.02194,0.99674,0.00257,0.00061,0.00007
340.89999,1.02194,0.99663,0.00267,0.00062,0.00007
341.04001,1.02194,0.99655,0.00274,0.00064,0.00007
341.17999,1.02194,0.99649,0.00280,0.00064,0.00007
341.32001,1.02194,0.99655,0.00274,0.00064,0.00007
341.45999,1.02194,0.99655,0.00274,0.00064,0.00007
341.60001,1.02194,0.99647,0.00281,0.00065,0.00007
341.73999,1.02194,0.99655,0.00274,0.00064,0.00007
341.88000,1.02194,0.99649,0.00279,0.00064,0.00007
342.01999,1.02194,0.99656,0.00274,0.00063,0.00007
342.16000,1.02194,0.99653,0.00276,0.00064,0.00007
342.29999,1.02194,0.99652,0.00277,0.00064,0.00007
342.44000,1.02194,0.99655,0.00274,0.00064,0.00007
342.57999,1.02194,0.99667,0.00263,0.00063,0.00007
342.72000,1.02194,0.99660,0.00270,0.00063,0.00007
342.85999,1.02194,0.99656,0.00273,0.00063,0.00007
343.00000,1.02194,0.99656,0.00273,0.00063,0.00007
343.14001,1.02191,0.99658,0.00272,0.00063,0.00007
343.28000,1.02194,0.99665,0.00265,0.00062,0.00007
343.42001,1.02191,0.99674,0.00257,0.00061,0.00007
343.56000,1.02194,0.99662,0.00268,0.00063,0.00007
343.70001,1.02191,0.99667,0.00263,0.00062,0.00007
343.84000,1.02194,0.99665,0.00266,0.00062,0.00007
343.98001,1.02191,0.99668,0.00263,0.00062,0.00007
344.12000,1.02194,0.99673,0.00258,0.00062,0.00007
344.26001,1.02194,0.99672,0.00259,0.00062,0.00007
344.39999,1.02194,0.99671,0.00261,0.00062,0.00007
344.54001,1.02194,0.99667,0.00265,0.00062,0.00007
344.67999,1.02194,0.99666,0.00265,0.00062,0.00007
344.82001,1.02194,0.99675,0.00257,0.00061,0.00007
344.95999,1.02194,0.99679,0.00253,0.00060,0.00007
345.10001,1.02194,0.99681,0.00252,0.00060,0.00007
345.23999,1.02194,0.99670,0.00262,0.00061,0.00007
345.38000,1.02194,0.99681,0.00252,0.00060,0.00007
345.51999,1.02194,0.99670,0.00261,0.00061,0.00007
345.66000,1.02194,0.99681,0.00252,0.00060,0.00007
345.79999,1.02194,0.99675,0.00257,0.00061,0.00007
345.94000,1.02194,0.99672,0.00260,0.00061,0.00007
346.07999,1.02194,0.99669,0.00263,0.00061,0.00007
346.22000,1.02194,0.99674,0.00258,0.00060,0.00007
346.35999,1.02194,0.99674,0.00258,0.00061,0.00007
346.50000,1.02194,0.99679,0.00254,0.00060,0.00007
346.64001,1.02191,0.99687,0.00247,0.00059,0.00007
346.78000,1.02194,0.99682,0.00251,0.00060,0.00007
346.92001,1.02191,0.99681,0.00253,0.00060,0.00007
347.06000,1.02194,0.99681,0.00252,0.00060,0.00007
347.20001,1.02191,0.99686,0.00248,0.00059,0.00007
347.34000,1.02194,0.99692,0.00243,0.00058,0.00007
347.48001,1.02191,0.99690,0.00245,0.00059,0.00007
347.62000,1.02194,0.99688,0.00246,0.00059,0.00007
347.76001,1.02194,0.99692,0.00243,0.00058,0.00007
347.89999,1.02194,0.99691,0.00244,0.00058,0.00007
348.04001,1.02194,0.99694,0.00241,0.00058,0.00007
348.17999,1.02194,0.99691,0.00244,0.00058,0.00007
348.32001,1.02194,0.99690,0.00245,0.00058,0.00007
348.45999,1.02194,0.99697,0.00239,0.00057,0.00007
348.60001,1.02194,0.99694,0.00242,0.00058,0.00007
348.73999,1.02194,0.99700,0.00236,0.00057,0.00007
348.88000,1.02194,0.99706,0.00231,0.00056,0.00007
349.01999,1.02194,0.99704,0.00233,0.00056,0.00007
349.16000,1.02194,0.99708,0.00230,0.00056,0.00007
349.29999,1.02194,0.99709,0.00229,0.00055,0.00007
349.44000,1.02194,0.99710,0.00228,0.00055,0.00007
349.57999,1.02194,0.99707,0.00230,0.00056,0.00007
349.72000,1.02194,0.99707,0.00230,0.00056,0.00007
349.85999,1.02194,0.99708,0.00229,0.00056,0.00007
350.00000,1.02194,0.99716,0.00222,0.00055,0.00007
350.14001,1.02191,0.99723,0.00216,0.00054,0.00007
350.28000,1.02194,0.99721,0.00219,0.00054,0.00007
350.42001,1.02191,0.99719,0.00221,0.00054,0.00007
350.56000,1.02194,0.99725,0.00216,0.00053,0.00006
350.70001,1.02191,0.99731,0.00211,0.00052,0.00006
350.84000,1.02194,0.99735,0.00207,0.00052,0.00007
350.98001,1.02191,0.99736,0.00206,0.00052,0.00007
351.12000,1.02194,0.99736,0.00206,0.00052,0.00007
351.26001,1.02194,0.99732,0.00210,0.00052,0.00007
351.39999,1.02194,0.99736,0.00206,0.00051,0.00007
351.54001,1.02194,0.99732,0.00209,0.00052,0.00007
351.67999,1.02194,0.99736,0.00206,0.00052,0.00007
351.82001,1.02194,0.99737,0.00206,0.00051,0.00007
351.95999,1.02194,0.99743,0.00199,0.00051,0.00007
352.10001,1.02194,0.99729,0.00212,0.00052,0.00007
352.23999,1.02194,0.99733,0.00209,0.00052,0.00007
352.38000,1.02194,0.99730,0.00211,0.00052,0.00006
352.51999,1.02194,0.99738,0.00204,0.00051,0.00007
352.66000,1.02194,0.99737,0.00205,0.00051,0.00007
352.79999,1.02194,0.99740,0.00202,0.00051,0.00007
352.94000,1.02194,0.99735,0.00207,0.00051,0.00006
353.07999,1.02194,0.99742,0.00201,0.00050,0.00006
353.22000,1.02194,0.99741,0.00202,0.00050,0.00006
353.35999,1.02194,0.99743,0.00201,0.00050,0.00006
353.50000,1.02194,0.99742,0.00202,0.00050,0.00006
353.64001,1.02191,0.99742,0.00201,0.00051,0.00007
353.78000,1.02194,0.99735,0.00207,0.00051,0.00006
353.92001,1.02191,0.99740,0.00203,0.00051,0.00007
354.06000,1.02194,0.99730,0.00212,0.00052,0.00006
354.20001,1.02191,0.99734,0.00207,0.00052,0.00007
354.34000,1.02194,0.99731,0.00210,0.00052,0.00007
354.48001,1.02191,0.99732,0.00210,0.00052,0.00007
354.62000,1.02194,0.99730,0.00211,0.00052,0.00007
354.76001,1.02194,0.99730,0.00211,0.00052,0.00007
354.89999,1.02194,0.99732,0.00210,0.00052,0.00007
355.04001,1.02194,0.99727,0.00214,0.00053,0.00007
355.17999,1.02194,0.99731,0.00210,0.00052,0.00007
355.32001,1.02194,0.99732,0.00210,0.00052,0.00007
355.45999,1.02194,0.99725,0.00216,0.00053,0.00006
355.60001,1.02194,0.99732,0.00210,0.00052,0.00006
355.73999,1.02194,0.99736,0.00206,0.00051,0.00006
355.88000,1.02194,0.99739,0.00203,0.00051,0.00006
356.01999,1.02194,0.99741,0.00202,0.00051,0.00006
356.16000,1.02194,0.99751,0.00193,0.00049,0.00007
356.29999,1.02194,0.99747,0.00196,0.00050,0.00007
356.44000,1.02194,0.99746,0.00198,0.00050,0.00006
356.57999,1.02194,0.99748,0.00196,0.00050,0.00006
356.72000,1.02194,0.99751,0.00193,0.00049,0.00006
356.85999,1.02194,0.99749,0.00195,0.00049,0.00006
357.00000,1.02194,0.99748,0.00196,0.00049,0.00006
357.14001,1.02191,0.99750,0.00194,0.00049,0.00006
357.28000,1.02194,0.99745,0.00198,0.00050,0.00006
357.42001,1.02191,0.99744,0.00200,0.00050,0.00006
357.56000,1.02194,0.99749,0.00195,0.00050,0.00006
357.70001,1.02191,0.99746,0.00198,0.00050,0.00006
357.84000,1.02194,0.99745,0.00198,0.00050,0.00006
357.98001,1.02191,0.99745,0.00199,0.00050,0.00006
358.12000,1.02194,0.99739,0.00204,0.00051,0.00006
358.26001,1.02194,0.99743,0.00200,0.00050,0.00006
358.39999,1.02194,0.99743,0.00200,0.00050,0.00007
358.54001,1.02194,0.99740,0.00203,0.00051,0.00007
358.67999,1.02194,0.99740,0.00203,0.00051,0.00006
358.82001,1.02194,0.99738,0.00205,0.00051,0.00006
358.95999,1.02194,0.99741,0.00202,0.00051,0.00006
359.10001,1.02194,0.99740,0.00203,0.00051,0.00006
359.23999,1.02194,0.99740,0.00203,0.00051,0.00006
359.38000,1.02194,0.99748,0.00196,0.00050,0.00006
359.51999,1.02194,0.99752,0.00193,0.00049,0.00006
359.66000,1.02194,0.99749,0.00195,0.00049,0.00006
359.79999,1.02194,0.99754,0.00191,0.00049,0.00006
359.94000,1.02194,0.99753,0.00192,0.00049,0.00006
360.07999,1.02194,0.99758,0.00188,0.00048,0.00006
360.22000,1.02194,0.99758,0.00187,0.00048,0.00006
360.35999,1.02194,0.99749,0.00195,0.00049,0.00006
360.50000,1.02194,0.99748,0.00197,0.00049,0.00006
360.64001,1.02191,0.99749,0.00195,0.00049,0.00006
360.78000,1.02194,0.99750,0.00195,0.00049,0.00006
360.92001,1.02191,0.99754,0.00191,0.00049,0.00006
361.06000,1.02194,0.99750,0.00194,0.00049,0.00006
361.20001,1.02191,0.99747,0.00197,0.00050,0.00006
361.34000,1.02194,0.99749,0.00195,0.00049,0.00006
361.48001,1.02191,0.99747,0.00197,0.00050,0.00006
361.62000,1.02194,0.99744,0.00199,0.00050,0.00006
361.76001,1.02194,0.99747,0.00197,0.00050,0.00006
361.89999,1.02194,0.99743,0.00200,0.00050,0.00006
362.04001,1.02194,0.99744,0.00200,0.00050,0.00006
362.17999,1.02194,0.99749,0.00195,0.00050,0.00006
362.32001,1.02194,0.99753,0.00192,0.00049,0.00006
362.45999,1.02194,0.99752,0.00192,0.00049,0.00006
362.60001,1.02194,0.99757,0.00188,0.00048,0.00006
362.73999,1.02194,0.99758,0.00188,0.00048,0.00006
362.88000,1.02194,0.99758,0.00188,0.00048,0.00006
363.01999,1.02194,0.99749,0.00195,0.00049,0.00006
363.16000,1.02194,0.99756,0.00189,0.00048,0.00007
363.29999,1.02194,0.99748,0.00196,0.00049,0.00006
363.44000,1.02194,0.99749,0.00195,0.00049,0.00006
363.57999,1.02194,0.99745,0.00199,0.00050,0.00006
363.72000,1.02194,0.99744,0.00200,0.00050,0.00006
363.85999,1.02194,0.99743,0.00200,0.00050,0.00006
364.00000,1.02194,0.99749,0.00195,0.00050,0.00007
364.14001,1.02191,0.99749,0.00195,0.00050,0.00007
364.28000,1.02194,0.99751,0.00193,0.00049,0.00006
364.42001,1.02191,0.99747,0.00197,0.00049,0.00006
364.56000,1.02194,0.99756,0.00189,0.00048,0.00006
364.70001,1.02191,0.99757,0.00189,0.00048,0.00006
364.84000,1.02194,0.99764,0.00183,0.00047,0.00006
364.98001,1.02191,0.99765,0.00182,0.00047,0.00006
365.12000,1.02194,0.99762,0.00184,0.00047,0.00006
365.26001,1.02194,0.99757,0.00189,0.00048,0.00006
365.39999,1.02194,0.99767,0.00180,0.00047,0.00006
365.54001,1.02194,0.99761,0.00185,0.00048,0.00006
365.67999,1.02194,0.99764,0.00183,0.00047,0.00006
365.82001,1.02194,0.99761,0.00185,0.00048,0.00006
365.95999,1.02194,0.99757,0.00189,0.00048,0.00006
366.10001,1.02194,0.99764,0.00183,0.00047,0.00006
366.23999,1.02194,0.99758,0.00188,0.00048,0.00006
366.38000,1.02194,0.99764,0.00183,0.00047,0.00006
366.51999,1.02194,0.99764,0.00183,0.00047,0.00006
366.66000,1.02194,0.99761,0.00185,0.00047,0.00006
366.79999,1.02194,0.99757,0.00189,0.00048,0.00006
366.94000,1.02194,0.99754,0.00191,0.00048,0.00006
367.07999,1.02194,0.99750,0.00195,0.00049,0.00006
367.22000,1.02194,0.99755,0.00191,0.00048,0.00006
367.35999,1.02194,0.99754,0.00191,0.00048,0.00006
367.50000,1.02194,0.99757,0.00189,0.00048,0.00006
367.64001,1.02191,0.99757,0.00189,0.00048,0.00006
367.78000,1.02194,0.99760,0.00187,0.00047,0.00006
367.92001,1.02191,0.99765,0.00182,0.00047,0.00006
368.06000,1.02194,0.99768,0.00180,0.00046,0.00006
368.20001,1.02191,0.99766,0.00182,0.00046,0.00006
368.34000,1.02194,0.99772,0.00176,0.00046,0.00006
368.48001,1.02191,0.99772,0.00177,0.00046,0.00006
368.62000,1.02194,0.99771,0.00177,0.00046,0.00006
368.76001,1.02194,0.99768,0.00180,0.00046,0.00006
368.89999,1.02194,0.99770,0.00178,0.00046,0.00006
369.04001,1.02194,0.99767,0.00181,0.00046,0.00006
369.17999,1.02194,0.99770,0.00179,0.00046,0.00006
369.32001,1.02194,0.99771,0.00178,0.00046,0.00006
369.45999,1.02194,0.99772,0.00176,0.00045,0.00006
369.60001,1.02194,0.99772,0.00177,0.00045,0.00006
369.73999,1.02194,0.99773,0.00175,0.00045,0.00006
369.88000,1.02194,0.99776,0.00173,0.00045,0.00006
370.01999,1.02194,0.99774,0.00175,0.00045,0.00006
370.16000,1.02194,0.99775,0.00174,0.00045,0.00006
370.29999,1.02194,0.99775,0.00174,0.00045,0.00006
370.44000,1.02194,0.99770,0.00178,0.00045,0.00006
370.57999,1.02194,0.99770,0.00179,0.00045,0.00006
370.72000,1.02194,0.99775,0.00173,0.00045,0.00006
370.85999,1.02194,0.99772,0.00177,0.00045,0.00006
371.00000,1.02194,0.99765,0.00183,0.00046,0.00006
371.14001,1.02191,0.99770,0.00178,0.00045,0.00006
371.28000,1.02194,0.99770,0.00178,0.00046,0.00006
371.42001,1.02191,0.99767,0.00181,0.00046,0.00006
371.56000,1.02194,0.99768,0.00180,0.00046,0.00006
371.70001,1.02191,0.99766,0.00182,0.00046,0.00006
371.84000,1.02194,0.99758,0.00188,0.00047,0.00006
371.98001,1.02191,0.99764,0.00183,0.00047,0.00006
372.12000,1.02194,0.99763,0.00184,0.00047,0.00006
372.26001,1.02194,0.99764,0.00183,0.00047,0.00006
372.39999,1.02194,0.99763,0.00184,0.00047,0.00006
372.54001,1.02194,0.99767,0.00181,0.00046,0.00006
372.67999,1.02194,0.99768,0.00180,0.00046,0.00006
372.82001,1.02194,0.99767,0.00181,0.00046,0.00006
372.95999,1.02194,0.99766,0.00182,0.00046,0.00006
373.10001,1.02194,0.99769,0.00179,0.00046,0.00006
373.23999,1.02194,0.99765,0.00182,0.00046,0.00006
373.38000,1.02194,0.99765,0.00183,0.00046,0.00006
373.51999,1.02194,0.99761,0.00186,0.00047,0.00006
373.66000,1.02194,0.99764,0.00184,0.00046,0.00006
373.79999,1.02194,0.99768,0.00181,0.00046,0.00006
373.94000,1.02194,0.99768,0.00181,0.00046,0.00006
374.07999,1.02194,0.99772,0.00177,0.00045,0.00006
374.22000,1.02194,0.99769,0.00180,0.00045,0.00006
374.35999,1.02194,0.99768,0.00181,0.00046,0.00006
374.50000,1.02194,0.99773,0.00176,0.00045,0.00006
374.64001,1.02191,0.99772,0.00177,0.00045,0.00006
374.78000,1.02194,0.99771,0.00178,0.00045,0.00006
374.92001,1.02191,0.99774,0.00175,0.00045,0.00006
375.06000,1.02194,0.99776,0.00174,0.00045,0.00006
375.20001,1.02191,0.99772,0.00178,0.00045,0.00006
375.34000,1.02194,0.99777,0.00173,0.00044,0.00006
375.48001,1.02191,0.99776,0.00173,0.00045,0.00006
375.62000,1.02194,0.99779,0.00170,0.00044,0.00006
375.76001,1.02194,0.99783,0.00168,0.00044,0.00006
375.89999,1.02194,0.99778,0.00172,0.00044,0.00006
376.04001,1.02194,0.99776,0.00174,0.00045,0.00006
376.17999,1.02194,0.99777,0.00173,0.00044,0.00006
376.32001,1.02194,0.99775,0.00174,0.00045,0.00006
376.45999,1.02194,0.99774,0.00175,0.00045,0.00006
376.60001,1.02194,0.99772,0.00177,0.00045,0.00006
376.73999,1.02194,0.99773,0.00176,0.00045,0.00006
376.88000,1.02194,0.99770,0.00178,0.00045,0.00006
377.01999,1.02194,0.99776,0.00173,0.00045,0.00006
377.16000,1.02194,0.99775,0.00174,0.00045,0.00006
377.29999,1.02194,0.99773,0.00175,0.00045,0.00006
377.44000,1.02194,0.99772,0.00177,0.00045,0.00006
377.57999,1.02194,0.99771,0.00177,0.00046,0.00006
377.72000,1.02194,0.99767,0.00181,0.00046,0.00006
377.85999,1.02194,0.99767,0.00181,0.00046,0.00006
378.00000,1.02194,0.99765,0.00182,0.00046,0.00006
378.14001,1.02191,0.99768,0.00180,0.00046,0.00006
378.28000,1.02194,0.99774,0.00175,0.00045,0.00006
378.42001,1.02191,0.99777,0.00172,0.00045,0.00006
378.56000,1.02194,0.99769,0.00179,0.00046,0.00006
378.70001,1.02191,0.99771,0.00177,0.00045,0.00006
378.84000,1.02194,0.99774,0.00174,0.00045,0.00006
378.98001,1.02191,0.99776,0.00173,0.00045,0.00006
379.12000,1.02194,0.99777,0.00172,0.00045,0.00006
379.26001,1.02194,0.99770,0.00178,0.00046,0.00006
379.39999,1.02194,0.99767,0.00181,0.00046,0.00006
379.54001,1.02194,0.99772,0.00176,0.00045,0.00006
379.67999,1.02194,0.99773,0.00176,0.00045,0.00006
379.82001,1.02194,0.99769,0.00179,0.00046,0.00006
379.95999,1.02194,0.99771,0.00177,0.00046,0.00006
380.10001,1.02194,0.99762,0.00185,0.00047,0.00006
380.23999,1.02194,0.99762,0.00184,0.00047,0.00006
380.38000,1.02194,0.99762,0.00184,0.00047,0.00006
380.51999,1.02194,0.99761,0.00185,0.00047,0.00006
380.66000,1.02194,0.99754,0.00191,0.00048,0.00006
380.79999,1.02194,0.99755,0.00190,0.00048,0.00006
380.94000,1.02194,0.99752,0.00193,0.00049,0.00006
381.07999,1.02194,0.99753,0.00192,0.00049,0.00006
381.22000,1.02194,0.99751,0.00193,0.00049,0.00006
381.35999,1.02194,0.99748,0.00196,0.00049,0.00006
381.50000,1.02194,0.99742,0.00201,0.00050,0.00006
381.64001,1.02191,0.99745,0.00199,0.00050,0.00006
381.78000,1.02194,0.99742,0.00202,0.00050,0.00006
381.92001,1.02191,0.99741,0.00203,0.00050,0.00006
382.06000,1.02194,0.99740,0.00203,0.00051,0.00006
382.20001,1.02191,0.99741,0.00202,0.00050,0.00006
382.34000,1.02194,0.99742,0.00201,0.00050,0.00006
382.48001,1.02191,0.99740,0.00203,0.00051,0.00006
382.62000,1.02194,0.99737,0.00206,0.00051,0.00006
382.76001,1.02194,0.99738,0.00204,0.00051,0.00006
382.89999,1.02194,0.99739,0.00204,0.00051,0.00007
383.04001,1.02194,0.99732,0.00210,0.00052,0.00007
383.17999,1.02194,0.99728,0.00213,0.00052,0.00007
383.32001,1.02194,0.99727,0.00214,0.00053,0.00007
383.45999,1.02194,0.99725,0.00216,0.00053,0.00007
383.60001,1.02194,0.99726,0.00214,0.00053,0.00007
383.73999,1.02194,0.99720,0.00220,0.00054,0.00007
383.88000,1.02194,0.99728,0.00213,0.00053,0.00007
384.01999,1.02194,0.99726,0.00215,0.00053,0.00007
384.16000,1.02194,0.99722,0.00219,0.00053,0.00007
384.29999,1.02194,0.99727,0.00214,0.00053,0.00007
384.44000,1.02194,0.99726,0.00215,0.00053,0.00007
384.57999,1.02194,0.99721,0.00218,0.00054,0.00007
384.72000,1.02194,0.99714,0.00225,0.00055,0.00007
384.85999,1.02194,0.99712,0.00226,0.00055,0.00007
385.00000,1.02194,0.99710,0.00228,0.00055,0.00007
385.14001,1.02191,0.99718,0.00221,0.00054,0.00007
385.28000,1.02194,0.99707,0.00231,0.00056,0.00007
385.42001,1.02191,0.99705,0.00232,0.00056,0.00007
385.56000,1.02194,0.99706,0.00231,0.00056,0.00007
385.70001,1.02191,0.99709,0.00228,0.00056,0.00007
385.84000,1.02194,0.99704,0.00233,0.00056,0.00007
385.98001,1.02191,0.99704,0.00233,0.00056,0.00007
386.12000,1.02194,0.99696,0.00241,0.00057,0.00007
386.26001,1.02194,0.99707,0.00231,0.00056,0.00007
386.39999,1.02194,0.99704,0.00234,0.00056,0.00007
386.54001,1.02194,0.99707,0.00231,0.00056,0.00007
386.67999,1.02194,0.99703,0.00234,0.00056,0.00007
386.82001,1.02194,0.99710,0.00227,0.00056,0.00007
386.95999,1.02194,0.99704,0.00233,0.00056,0.00007
387.10001,1.02194,0.99703,0.00234,0.00056,0.00007
387.23999,1.02194,0.99701,0.00235,0.00057,0.00007
387.38000,1.02194,0.99699,0.00237,0.00057,0.00007
387.51999,1.02194,0.99705,0.00232,0.00056,0.00007
387.66000,1.02194,0.99698,0.00238,0.00057,0.00007
387.79999,1.02194,0.99686,0.00248,0.00059,0.00007
387.94000,1.02194,0.99694,0.00241,0.00058,0.00007
388.07999,1.02194,0.99690,0.00244,0.00059,0.00007
388.22000,1.02194,0.99686,0.00248,0.00059,0.00007
388.35999,1.02194,0.99687,0.00248,0.00059,0.00007
388.50000,1.02194,0.99689,0.00246,0.00059,0.00007
388.64001,1.02191,0.99688,0.00247,0.00058,0.00007
388.78000,1.02194,0.99691,0.00244,0.00058,0.00007
388.92001,1.02191,0.99697,0.00238,0.00058,0.00007
389.06000,1.02194,0.99692,0.00243,0.00058,0.00007
389.20001,1.02191,0.99692,0.00243,0.00058,0.00007
389.34000,1.02194,0.99689,0.00245,0.00058,0.00007
389.48001,1.02191,0.99693,0.00242,0.00058,0.00007
389.62000,1.02194,0.99695,0.00241,0.00058,0.00007
389.76001,1.02194,0.99696,0.00239,0.00057,0.00007
389.89999,1.02194,0.99695,0.00240,0.00058,0.00007
390.04001,1.02194,0.99692,0.00243,0.00058,0.00007
390.17999,1.02194,0.99696,0.00239,0.00058,0.00007
390.32001,1.02194,0.99699,0.00237,0.00057,0.00007
390.45999,1.02194,0.99705,0.00231,0.00056,0.00007
390.60001,1.02194,0.99707,0.00231,0.00056,0.00007
390.73999,1.02194,0.99714,0.00225,0.00055,0.00007
390.88000,1.02194,0.99712,0.00227,0.00055,0.00007
391.01999,1.02194,0.99719,0.00220,0.00054,0.00007
391.16000,1.02194,0.99723,0.00217,0.00054,0.00007
391.29999,1.02194,0.99718,0.00221,0.00054,0.00007
391.44000,1.02194,0.99716,0.00223,0.00055,0.00007
391.57999,1.02194,0.99714,0.00224,0.00055,0.00007
391.72000,1.02194,0.99711,0.00227,0.00055,0.00007
391.85999,1.02194,0.99709,0.00229,0.00055,0.00007
392.00000,1.02194,0.99713,0.00225,0.00055,0.00007
392.14001,1.02191,0.99707,0.00231,0.00056,0.00007
392.28000,1.02194,0.99705,0.00232,0.00056,0.00007
392.42001,1.02191,0.99703,0.00234,0.00056,0.00007
392.56000,1.02194,0.99702,0.00234,0.00057,0.00007
392.70001,1.02191,0.99699,0.00237,0.00057,0.00007
392.84000,1.02194,0.99702,0.00234,0.00057,0.00007
392.98001,1.02191,0.99693,0.00243,0.00058,0.00007
393.12000,1.02194,0.99693,0.00243,0.00058,0.00007
393.26001,1.02194,0.99701,0.00235,0.00057,0.00007
393.39999,1.02194,0.99694,0.00242,0.00057,0.00007
393.54001,1.02194,0.99699,0.00237,0.00057,0.00007
393.67999,1.02194,0.99695,0.00240,0.00058,0.00007
393.82001,1.02194,0.99687,0.00248,0.00059,0.00007
393.95999,1.02194,0.99690,0.00244,0.00059,0.00007
394.10001,1.02194,0.99695,0.00240,0.00058,0.00007
394.23999,1.02194,0.99688,0.00246,0.00059,0.00007
394.38000,1.02194,0.99679,0.00254,0.00060,0.00007
394.51999,1.02194,0.99680,0.00253,0.00060,0.00007
394.66000,1.02194,0.99671,0.00262,0.00061,0.00007
394.79999,1.02194,0.99683,0.00251,0.00060,0.00007
394.94000,1.02194,0.99683,0.00251,0.00060,0.00007
395.07999,1.02194,0.99677,0.00256,0.00060,0.00007
395.22000,1.02194,0.99680,0.00253,0.00060,0.00007
395.35999,1.02194,0.99684,0.00250,0.00059,0.00007
395.50000,1.02194,0.99677,0.00256,0.00060,0.00007
395.64001,1.02191,0.99682,0.00252,0.00060,0.00007
395.78000,1.02194,0.99672,0.00261,0.00061,0.00007
395.92001,1.02191,0.99664,0.00267,0.00062,0.00007
396.06000,1.02194,0.99666,0.00265,0.00062,0.00007
396.20001,1.02191,0.99662,0.00269,0.00062,0.00007
396.34000,1.02194,0.99660,0.00270,0.00063,0.00007
396.48001,1.02191,0.99663,0.00267,0.00063,0.00007
396.62000,1.02194,0.99661,0.00269,0.00063,0.00007
396.76001,1.02194,0.99658,0.00273,0.00063,0.00007
396.89999,1.02194,0.99663,0.00268,0.00063,0.00007
397.04001,1.02194,0.99654,0.00276,0.00063,0.00007
397.17999,1.02194,0.99663,0.00267,0.00063,0.00007
397.32001,1.02194,0.99654,0.00275,0.00064,0.00007
397.45999,1.02194,0.99657,0.00273,0.00063,0.00007
397.60001,1.02194,0.99651,0.00278,0.00064,0.00007
397.73999,1.02194,0.99655,0.00275,0.00063,0.00007
397.88000,1.02194,0.99659,0.00271,0.00063,0.00007
398.01999,1.02194,0.99661,0.00269,0.00063,0.00007
398.16000,1.02194,0.99666,0.00265,0.00062,0.00007
398.29999,1.02194,0.99661,0.00269,0.00063,0.00007
398.44000,1.02194,0.99656,0.00274,0.00063,0.00007
398.57999,1.02194,0.99657,0.00273,0.00063,0.00007
398.72000,1.02194,0.99652,0.00277,0.00064,0.00007
398.85999,1.02194,0.99647,0.00281,0.00065,0.00007
399.00000,1.02194,0.99643,0.00285,0.00065,0.00007
399.14001,1.02191,0.99646,0.00282,0.00065,0.00007
399.28000,1.02194,0.99649,0.00280,0.00064,0.00007
399.42001,1.02191,0.99643,0.00285,0.00065,0.00007
399.56000,1.02194,0.99648,0.00281,0.00065,0.00007
399.70001,1.02191,0.99651,0.00278,0.00064,0.00007
399.84000,1.02194,0.99655,0.00275,0.00063,0.00007
399.98001,1.02191,0.99664,0.00266,0.00063,0.00007
400.12000,1.02194,0.99657,0.00272,0.00064,0.00007
400.26001,1.02194,0.99655,0.00275,0.00064,0.00007
400.39999,1.02194,0.99655,0.00274,0.00064,0.00007
400.54001,1.02194,0.99656,0.00272,0.00064,0.00007
400.67999,1.02194,0.99652,0.00277,0.00064,0.00007
400.82001,1.02194,0.99656,0.00272,0.00064,0.00007
400.95999,1.02194,0.99650,0.00278,0.00065,0.00007
401.10001,1.02194,0.99648,0.00279,0.00065,0.00007
401.23999,1.02194,0.99642,0.00284,0.00066,0.00007
401.38000,1.02194,0.99642,0.00284,0.00066,0.00007
401.51999,1.02194,0.99641,0.00285,0.00067,0.00007
401.66000,1.02194,0.99637,0.00288,0.00068,0.00008
401.79999,1.02194,0.99630,0.00294,0.00069,0.00008
401.94000,1.02194,0.99619,0.00304,0.00070,0.00008
402.07999,1.02194,0.99623,0.00299,0.00070,0.00008
402.22000,1.02194,0.99603,0.00317,0.00072,0.00008
402.35999,1.02194,0.99606,0.00314,0.00072,0.00008
402.50000,1.02194,0.99608,0.00312,0.00072,0.00008
402.64001,1.02191,0.99609,0.00311,0.00072,0.00008
402.78000,1.02194,0.99613,0.00308,0.00072,0.00008
402.92001,1.02191,0.99599,0.00321,0.00073,0.00008
403.06000,1.02194,0.99590,0.00328,0.00074,0.00008
403.20001,1.02191,0.99591,0.00326,0.00075,0.00008
403.34000,1.02194,0.99572,0.00343,0.00077,0.00008
403.48001,1.02191,0.99564,0.00349,0.00079,0.00008
403.62000,1.02194,0.99567,0.00346,0.00079,0.00008
403.76001,1.02194,0.99549,0.00362,0.00081,0.00008
403.89999,1.02194,0.99540,0.00369,0.00082,0.00008
404.04001,1.02194,0.99545,0.00365,0.00082,0.00008
404.17999,1.02194,0.99549,0.00361,0.00081,0.00008
404.32001,1.02194,0.99560,0.00351,0.00080,0.00008
404.45999,1.02194,0.99556,0.00354,0.00081,0.00008
404.60001,1.02194,0.99548,0.00362,0.00082,0.00008
404.73999,1.02194,0.99539,0.00370,0.00083,0.00008
404.88000,1.02194,0.99531,0.00376,0.00084,0.00008
405.01999,1.02194,0.99538,0.00369,0.00084,0.00009
405.16000,1.02194,0.99535,0.00372,0.00085,0.00009
405.29999,1.02194,0.99539,0.00368,0.00084,0.00009
405.44000,1.02194,0.99530,0.00376,0.00085,0.00009
405.57999,1.02194,0.99528,0.00379,0.00085,0.00008
405.72000,1.02194,0.99524,0.00383,0.00085,0.00008
405.85999,1.02194,0.99530,0.00377,0.00084,0.00008
406.00000,1.02194,0.99551,0.00358,0.00082,0.00009
406.14001,1.02191,0.99554,0.00355,0.00082,0.00009
406.28000,1.02194,0.99542,0.00366,0.00083,0.00008
406.42001,1.02191,0.99546,0.00362,0.00083,0.00009
406.56000,1.02194,0.99534,0.00374,0.00084,0.00008
406.70001,1.02191,0.99536,0.00372,0.00083,0.00008
406.84000,1.02194,0.99554,0.00356,0.00082,0.00009
406.98001,1.02191,0.99535,0.00374,0.00083,0.00008
407.12000,1.02194,0.99537,0.00372,0.00083,0.00008
407.26001,1.02194,0.99540,0.00368,0.00083,0.00008
407.39999,1.02194,0.99547,0.00362,0.00082,0.00008
407.54001,1.02194,0.99552,0.00358,0.00082,0.00008
407.67999,1.02194,0.99550,0.00360,0.00082,0.00008
407.82001,1.02194,0.99551,0.00359,0.00081,0.00008
407.95999,1.02194,0.99560,0.00352,0.00080,0.00008
408.10001,1.02194,0.99573,0.00340,0.00079,0.00008
408.23999,1.02194,0.99570,0.00343,0.00079,0.00008
408.38000,1.02194,0.99581,0.00332,0.00078,0.00008
408.51999,1.02194,0.99574,0.00340,0.00078,0.00008
408.66000,1.02194,0.99572,0.00342,0.00078,0.00008
408.79999,1.02194,0.99583,0.00332,0.00077,0.00008
408.94000,1.02194,0.99571,0.00343,0.00078,0.00008
409.07999,1.02194,0.99583,0.00333,0.00077,0.00008
409.22000,1.02194,0.99591,0.00325,0.00076,0.00008
409.35999,1.02194,0.99576,0.00338,0.00077,0.00008
409.50000,1.02194,0.99566,0.00348,0.00078,0.00008
409.64001,1.02191,0.99581,0.00333,0.00077,0.00008
409.78000,1.02194,0.99572,0.00342,0.00078,0.00008
409.92001,1.02191,0.99589,0.00326,0.00076,0.00008
410.06000,1.02194,0.99576,0.00339,0.00077,0.00008
410.20001,1.02191,0.99580,0.00336,0.00077,0.00008
410.34000,1.02194,0.99567,0.00347,0.00078,0.00008
410.48001,1.02191,0.99585,0.00331,0.00076,0.00008
410.62000,1.02194,0.99584,0.00332,0.00076,0.00008
410.76001,1.02194,0.99584,0.00332,0.00076,0.00008
410.89999,1.02194,0.99582,0.00334,0.00076,0.00008
411.04001,1.02194,0.99583,0.00334,0.00076,0.00008
411.17999,1.02194,0.99605,0.00314,0.00074,0.00008
411.32001,1.02194,0.99611,0.00309,0.00072,0.00008
411.45999,1.02194,0.99607,0.00314,0.00072,0.00008
411.60001,1.02194,0.99612,0.00308,0.00072,0.00008
411.73999,1.02194,0.99610,0.00311,0.00072,0.00008
411.88000,1.02194,0.99604,0.00316,0.00072,0.00008
412.01999,1.02194,0.99613,0.00307,0.00072,0.00008
412.16000,1.02194,0.99594,0.00325,0.00073,0.00008
412.29999,1.02194,0.99593,0.00326,0.00074,0.00008
412.44000,1.02194,0.99604,0.00315,0.00073,0.00008
412.57999,1.02194,0.99598,0.00321,0.00073,0.00008
412.72000,1.02194,0.99607,0.00313,0.00072,0.00008
412.85999,1.02194,0.99603,0.00317,0.00072,0.00008
413.00000,1.02194,0.99602,0.00318,0.00072,0.00008
413.14001,1.02191,0.99613,0.00308,0.00071,0.00008
413.28000,1.02194,0.99618,0.00303,0.00071,0.00008
413.42001,1.02191,0.99607,0.00313,0.00072,0.00008
413.56000,1.02194,0.99607,0.00313,0.00072,0.00008
413.70001,1.02191,0.99596,0.00323,0.00073,0.00008
413.84000,1.02194,0.99600,0.00320,0.00073,0.00008
413.98001,1.02191,0.99606,0.00314,0.00073,0.00008
414.12000,1.02194,0.99612,0.00309,0.00072,0.00008
414.26001,1.02194,0.99599,0.00320,0.00073,0.00008
414.39999,1.02194,0.99609,0.00312,0.00072,0.00008
414.54001,1.02194,0.99615,0.00307,0.00071,0.00008
414.67999,1.02194,0.99619,0.00303,0.00070,0.00008
414.82001,1.02194,0.99629,0.00294,0.00069,0.00008
414.95999,1.02194,0.99625,0.00299,0.00069,0.00007
415.10001,1.02194,0.99624,0.00300,0.00069,0.00008
415.23999,1.02194,0.99626,0.00297,0.00069,0.00008
415.38000,1.02194,0.99626,0.00297,0.00069,0.00007
415.51999,1.02194,0.99631,0.00293,0.00068,0.00007
415.66000,1.02194,0.99624,0.00300,0.00069,0.00007
415.79999,1.02194,0.99629,0.00295,0.00068,0.00007
415.94000,1.02194,0.99628,0.00296,0.00068,0.00007
416.07999,1.02194,0.99638,0.00288,0.00067,0.00007
416.22000,1.02194,0.99638,0.00288,0.00067,0.00007
416.35999,1.02194,0.99635,0.00290,0.00067,0.00007
416.50000,1.02194,0.99620,0.00304,0.00069,0.00007
416.64001,1.02191,0.99625,0.00299,0.00068,0.00007
416.78000,1.02194,0.99629,0.00296,0.00068,0.00007
416.92001,1.02191,0.99639,0.00287,0.00067,0.00007
417.06000,1.02194,0.99636,0.00290,0.00067,0.00007
417.20001,1.02191,0.99642,0.00284,0.00067,0.00007
417.34000,1.02194,0.99640,0.00286,0.00066,0.00007
417.48001,1.02191,0.99651,0.00276,0.00065,0.00007
417.62000,1.02194,0.99650,0.00278,0.00065,0.00007
417.76001,1.02194,0.99654,0.00274,0.00065,0.00007
417.89999,1.02194,0.99642,0.00286,0.00066,0.00007
418.04001,1.02194,0.99651,0.00277,0.00065,0.00007
418.17999,1.02194,0.99652,0.00276,0.00065,0.00007
418.32001,1.02194,0.99651,0.00277,0.00065,0.00007
418.45999,1.02194,0.99641,0.00286,0.00066,0.00007
418.60001,1.02194,0.99649,0.00278,0.00066,0.00007
418.73999,1.02194,0.99635,0.00291,0.00067,0.00007
418.88000,1.02194,0.99650,0.00277,0.00065,0.00007
419.01999,1.02194,0.99643,0.00283,0.00066,0.00007
419.16000,1.02194,0.99643,0.00283,0.00066,0.00007
419.29999,1.02194,0.99632,0.00294,0.00067,0.00007
419.44000,1.02194,0.99643,0.00284,0.00066,0.00007
419.57999,1.02194,0.99632,0.00293,0.00067,0.00007
419.72000,1.02194,0.99637,0.00289,0.00067,0.00007
419.85999,1.02194,0.99644,0.00282,0.00066,0.00007
420.00000,1.02194,0.99646,0.00281,0.00066,0.00007
420.14001,1.02191,0.99647,0.00280,0.00065,0.00007
420.28000,1.02194,0.99643,0.00284,0.00066,0.00007
420.42001,1.02191,0.99643,0.00284,0.00065,0.00007
420.56000,1.02194,0.99645,0.00282,0.00065,0.00007
420.70001,1.02191,0.99654,0.00274,0.00065,0.00007
420.84000,1.02194,0.99653,0.00275,0.00064,0.00007
420.98001,1.02191,0.99644,0.00283,0.00065,0.00007
421.12000,1.02194,0.99641,0.00286,0.00066,0.00007
421.26001,1.02194,0.99643,0.00284,0.00066,0.00007
421.39999,1.02194,0.99636,0.00290,0.00067,0.00007
421.54001,1.02194,0.99635,0.00291,0.00067,0.00007
421.67999,1.02194,0.99634,0.00292,0.00067,0.00007
421.82001,1.02194,0.99640,0.00286,0.00066,0.00007
421.95999,1.02194,0.99635,0.00291,0.00066,0.00007
422.10001,1.02194,0.99646,0.00282,0.00065,0.00007
422.23999,1.02194,0.99652,0.00277,0.00064,0.00007
422.38000,1.02194,0.99647,0.00281,0.00064,0.00007
422.51999,1.02194,0.99656,0.00272,0.00064,0.00007
422.66000,1.02194,0.99660,0.00269,0.00063,0.00007
422.79999,1.02194,0.99658,0.00271,0.00063,0.00007
422.94000,1.02194,0.99656,0.00273,0.00063,0.00007
423.07999,1.02194,0.99660,0.00270,0.00062,0.00007
423.22000,1.02194,0.99671,0.00260,0.00061,0.00007
423.35999,1.02194,0.99668,0.00263,0.00062,0.00007
423.50000,1.02194,0.99664,0.00267,0.00062,0.00007
423.64001,1.02191,0.99662,0.00268,0.00063,0.00007
423.78000,1.02194,0.99663,0.00267,0.00063,0.00007
423.92001,1.02191,0.99660,0.00269,0.00063,0.00007
424.06000,1.02194,0.99665,0.00265,0.00063,0.00007
424.20001,1.02191,0.99661,0.00268,0.00063,0.00007
424.34000,1.02194,0.99658,0.00272,0.00063,0.00007
424.48001,1.02191,0.99654,0.00275,0.00063,0.00007
424.62000,1.02194,0.99655,0.00274,0.00064,0.00007
424.76001,1.02194,0.99650,0.00278,0.00065,0.00007
424.89999,1.02194,0.99651,0.00277,0.00065,0.00007
425.04001,1.02194,0.99638,0.00289,0.00066,0.00007
425.17999,1.02194,0.99634,0.00292,0.00066,0.00007
425.32001,1.02194,0.99630,0.00295,0.00067,0.00007
425.45999,1.02194,0.99646,0.00281,0.00066,0.00007
425.60001,1.02194,0.99637,0.00289,0.00067,0.00007
425.73999,1.02194,0.99637,0.00289,0.00067,0.00007
425.88000,1.02194,0.99627,0.00298,0.00068,0.00007
426.01999,1.02194,0.99633,0.00292,0.00067,0.00007
426.16000,1.02194,0.99637,0.00289,0.00067,0.00007
426.29999,1.02194,0.99653,0.00275,0.00065,0.00007
426.44000,1.02194,0.99651,0.00277,0.00065,0.00007
426.57999,1.02194,0.99646,0.00281,0.00066,0.00007
426.72000,1.02194,0.99645,0.00281,0.00066,0.00007
426.85999,1.02194,0.99648,0.00279,0.00065,0.00007
427.00000,1.02194,0.99648,0.00280,0.00065,0.00007
427.14001,1.02191,0.99651,0.00276,0.00065,0.00007
427.28000,1.02194,0.99653,0.00275,0.00065,0.00007
427.42001,1.02191,0.99649,0.00279,0.00065,0.00007
427.56000,1.02194,0.99656,0.00273,0.00064,0.00007
427.70001,1.02191,0.99655,0.00274,0.00064,0.00007
427.84000,1.02194,0.99652,0.00276,0.00065,0.00007
427.98001,1.02191,0.99646,0.00281,0.00065,0.00007
428.12000,1.02194,0.99653,0.00274,0.00065,0.00007
428.26001,1.02194,0.99642,0.00285,0.00066,0.00007
428.39999,1.02194,0.99651,0.00277,0.00065,0.00007
428.54001,1.02194,0.99645,0.00283,0.00066,0.00007
428.67999,1.02194,0.99644,0.00283,0.00066,0.00007
428.82001,1.02194,0.99640,0.00287,0.00066,0.00007
428.95999,1.02194,0.99643,0.00283,0.00066,0.00007
429.10001,1.02194,0.99631,0.00294,0.00067,0.00007
429.23999,1.02194,0.99635,0.00291,0.00067,0.00007
429.38000,1.02194,0.99633,0.00293,0.00067,0.00007
429.51999,1.02194,0.99639,0.00287,0.00066,0.00007
429.66000,1.02194,0.99642,0.00286,0.00065,0.00007
429.79999,1.02194,0.99653,0.00275,0.00064,0.00007
429.94000,1.02194,0.99650,0.00279,0.00065,0.00007
430.07999,1.02194,0.99662,0.00267,0.00063,0.00007
430.22000,1.02194,0.99659,0.00271,0.00063,0.00007
430.35999,1.02194,0.99656,0.00273,0.00064,0.00007
430.50000,1.02194,0.99655,0.00274,0.00064,0.00007
430.64001,1.02191,0.99649,0.00279,0.00065,0.00007
430.78000,1.02194,0.99656,0.00273,0.00064,0.00007
430.92001,1.02191,0.99656,0.00273,0.00064,0.00007
431.06000,1.02194,0.99653,0.00276,0.00064,0.00007
431.20001,1.02191,0.99646,0.00282,0.00065,0.00007
431.34000,1.02194,0.99657,0.00272,0.00064,0.00007
431.48001,1.02191,0.99648,0.00281,0.00064,0.00007
431.62000,1.02194,0.99651,0.00278,0.00064,0.00007
431.76001,1.02194,0.99649,0.00280,0.00064,0.00007
431.89999,1.02194,0.99657,0.00272,0.00064,0.00007
432.04001,1.02194,0.99645,0.00283,0.00065,0.00007
432.17999,1.02194,0.99645,0.00282,0.00065,0.00007
432.32001,1.02194,0.99653,0.00276,0.00064,0.00007
432.45999,1.02194,0.99639,0.00288,0.00066,0.00007
432.60001,1.02194,0.99641,0.00285,0.00066,0.00007
432.73999,1.02194,0.99645,0.00282,0.00066,0.00007
432.88000,1.02194,0.99649,0.00279,0.00065,0.00007
433.01999,1.02194,0.99648,0.00280,0.00065,0.00007
433.16000,1.02194,0.99650,0.00277,0.00066,0.00007
433.29999,1.02194,0.99638,0.00288,0.00066,0.00007
433.44000,1.02194,0.99643,0.00284,0.00066,0.00007
433.57999,1.02194,0.99645,0.00282,0.00066,0.00007
433.72000,1.02194,0.99636,0.00289,0.00068,0.00008
433.85999,1.02194,0.99632,0.00292,0.00068,0.00008
434.00000,1.02194,0.99621,0.00302,0.00069,0.00008
434.14001,1.02191,0.99604,0.00317,0.00071,0.00008
434.28000,1.02194,0.99595,0.00324,0.00073,0.00008
434.42001,1.02191,0.99587,0.00331,0.00074,0.00008
434.56000,1.02194,0.99585,0.00332,0.00075,0.00008
434.70001,1.02191,0.99592,0.00325,0.00075,0.00008
434.84000,1.02194,0.99575,0.00340,0.00077,0.00008
434.98001,1.02191,0.99575,0.00341,0.00076,0.00008
435.12000,1.02194,0.99588,0.00329,0.00075,0.00008
435.26001,1.02194,0.99584,0.00333,0.00075,0.00008
435.39999,1.02194,0.99600,0.00318,0.00074,0.00008
435.54001,1.02194,0.99589,0.00327,0.00076,0.00008
435.67999,1.02194,0.99580,0.00335,0.00077,0.00008
435.82001,1.02194,0.99572,0.00342,0.00078,0.00008
435.95999,1.02194,0.99573,0.00340,0.00078,0.00008
436.10001,1.02194,0.99560,0.00351,0.00081,0.00009
436.23999,1.02194,0.99544,0.00365,0.00083,0.00009
436.38000,1.02194,0.99536,0.00373,0.00083,0.00008
436.51999,1.02194,0.99543,0.00366,0.00083,0.00008
436.66000,1.02194,0.99544,0.00365,0.00083,0.00008
436.79999,1.02194,0.99531,0.00376,0.00084,0.00008
436.94000,1.02194,0.99521,0.00385,0.00086,0.00008
437.07999,1.02194,0.99507,0.00397,0.00088,0.00009
437.22000,1.02194,0.99514,0.00389,0.00088,0.00009
437.35999,1.02194,0.99481,0.00417,0.00093,0.00009
437.50000,1.02194,0.99479,0.00418,0.00094,0.00009
437.64001,1.02191,0.99482,0.00415,0.00093,0.00009
437.78000,1.02194,0.99480,0.00418,0.00093,0.00009
437.92001,1.02191,0.99503,0.00398,0.00090,0.00009
438.06000,1.02194,0.99476,0.00422,0.00093,0.00009
438.20001,1.02191,0.99502,0.00398,0.00091,0.00009
438.34000,1.02194,0.99474,0.00424,0.00093,0.00009
438.48001,1.02191,0.99481,0.00416,0.00094,0.00009
438.62000,1.02194,0.99456,0.00437,0.00097,0.00009
438.76001,1.02194,0.99462,0.00431,0.00098,0.00010
438.89999,1.02194,0.99438,0.00452,0.00100,0.00010
439.04001,1.02194,0.99418,0.00470,0.00103,0.00010
439.17999,1.02194,0.99434,0.00454,0.00102,0.00010
439.32001,1.02194,0.99423,0.00464,0.00103,0.00010
439.45999,1.02194,0.99394,0.00490,0.00106,0.00010
439.60001,1.02194,0.99407,0.00478,0.00105,0.00010
439.73999,1.02194,0.99389,0.00494,0.00108,0.00010
439.88000,1.02194,0.99390,0.00493,0.00108,0.00010
440.01999,1.02194,0.99394,0.00489,0.00108,0.00010
440.16000,1.02194,0.99395,0.00487,0.00108,0.00010
440.29999,1.02194,0.99367,0.00511,0.00112,0.00010
440.44000,1.02194,0.99370,0.00508,0.00112,0.00010
440.57999,1.02194,0.99379,0.00499,0.00112,0.00010
440.72000,1.02194,0.99379,0.00498,0.00112,0.00010
440.85999,1.02194,0.99374,0.00502,0.00113,0.00011
441.00000,1.02194,0.99345,0.00528,0.00116,0.00011
441.14001,1.02191,0.99347,0.00525,0.00117,0.00011
441.28000,1.02194,0.99327,0.00542,0.00120,0.00011
441.42001,1.02191,0.99325,0.00544,0.00120,0.00011
441.56000,1.02194,0.99338,0.00531,0.00120,0.00011
441.70001,1.02191,0.99314,0.00552,0.00123,0.00011
441.84000,1.02194,0.99311,0.00556,0.00123,0.00011
441.98001,1.02191,0.99339,0.00531,0.00119,0.00011
442.12000,1.02194,0.99316,0.00550,0.00123,0.00011
442.26001,1.02194,0.99318,0.00549,0.00122,0.00011
442.39999,1.02194,0.99350,0.00519,0.00119,0.00011
442.54001,1.02194,0.99304,0.00561,0.00124,0.00011
442.67999,1.02194,0.99274,0.00587,0.00127,0.00011
442.82001,1.02194,0.99252,0.00606,0.00131,0.00011
442.95999,1.02194,0.99252,0.00605,0.00132,0.00012
443.10001,1.02194,0.99241,0.00614,0.00133,0.00012
443.23999,1.02194,0.99246,0.00609,0.00134,0.00012
443.38000,1.02194,0.99234,0.00619,0.00135,0.00012
443.51999,1.02194,0.99202,0.00649,0.00138,0.00011
443.66000,1.02194,0.99237,0.00616,0.00135,0.00012
443.79999,1.02194,0.99215,0.00637,0.00136,0.00012
443.94000,1.02194,0.99215,0.00637,0.00137,0.00012
444.07999,1.02194,0.99247,0.00604,0.00136,0.00012
444.22000,1.02194,0.99194,0.00655,0.00139,0.00012
444.35999,1.02194,0.99195,0.00652,0.00140,0.00012
444.50000,1.02194,0.99205,0.00644,0.00139,0.00012
444.64001,1.02191,0.99202,0.00647,0.00139,0.00012
444.78000,1.02194,0.99223,0.00627,0.00138,0.00012
444.92001,1.02191,0.99241,0.00610,0.00136,0.00013
445.06000,1.02194,0.99185,0.00663,0.00141,0.00012
445.20001,1.02191,0.99237,0.00616,0.00135,0.00012
445.34000,1.02194,0.99239,0.00616,0.00133,0.00012
445.48001,1.02191,0.99257,0.00600,0.00131,0.00012
445.62000,1.02194,0.99237,0.00619,0.00133,0.00011
445.76001,1.02194,0.99301,0.00561,0.00126,0.00012
445.89999,1.02194,0.99318,0.00545,0.00124,0.00012
446.04001,1.02194,0.99280,0.00581,0.00127,0.00012
446.17999,1.02194,0.99283,0.00579,0.00127,0.00011
446.32001,1.02194,0.99282,0.00579,0.00128,0.00011
446.45999,1.02194,0.99294,0.00569,0.00126,0.00011
446.60001,1.02194,0.99315,0.00549,0.00124,0.00012
446.73999,1.02194,0.99328,0.00538,0.00122,0.00012
446.88000,1.02194,0.99282,0.00580,0.00126,0.00011
447.01999,1.02194,0.99318,0.00548,0.00123,0.00011
447.16000,1.02194,0.99342,0.00526,0.00121,0.00011
447.29999,1.02194,0.99327,0.00541,0.00121,0.00011
447.44000,1.02194,0.99335,0.00533,0.00120,0.00011
447.57999,1.02194,0.99313,0.00552,0.00124,0.00011
447.72000,1.02194,0.99303,0.00561,0.00124,0.00011
447.85999,1.02194,0.99322,0.00545,0.00121,0.00011
448.00000,1.02194,0.99353,0.00517,0.00118,0.00011
448.14001,1.02191,0.99324,0.00543,0.00122,0.00011
448.28000,1.02194,0.99313,0.00554,0.00122,0.00011
448.42001,1.02191,0.99355,0.00516,0.00118,0.00011
448.56000,1.02194,0.99319,0.00549,0.00121,0.00011
448.70001,1.02191,0.99310,0.00557,0.00122,0.00011
448.84000,1.02194,0.99312,0.00555,0.00122,0.00011
448.98001,1.02191,0.99331,0.00536,0.00121,0.00011
449.12000,1.02194,0.99339,0.00530,0.00120,0.00011
449.26001,1.02194,0.99319,0.00548,0.00121,0.00011
449.39999,1.02194,0.99301,0.00565,0.00123,0.00011
449.54001,1.02194,0.99280,0.00586,0.00124,0.00010
449.67999,1.02194,0.99314,0.00555,0.00121,0.00011
449.82001,1.02194,0.99340,0.00531,0.00118,0.00011
449.95999,1.02194,0.99333,0.00536,0.00120,0.00011
450.10001,1.02194,0.99334,0.00537,0.00119,0.00010
450.23999,1.02194,0.99320,0.00550,0.00119,0.00010
450.38000,1.02194,0.99373,0.00504,0.00113,0.00010
450.51999,1.02194,0.99369,0.00508,0.00113,0.00010
450.66000,1.02194,0.99371,0.00506,0.00113,0.00011
450.79999,1.02194,0.99363,0.00513,0.00114,0.00011
450.94000,1.02194,0.99390,0.00486,0.00113,0.00011
451.07999,1.02194,0.99350,0.00522,0.00117,0.00011
451.22000,1.02194,0.99359,0.00513,0.00117,0.00011
451.35999,1.02194,0.99335,0.00535,0.00119,0.00011
451.50000,1.02194,0.99294,0.00573,0.00123,0.00011
451.64001,1.02191,0.99311,0.00558,0.00120,0.00010
451.78000,1.02194,0.99324,0.00546,0.00119,0.00011
451.92001,1.02191,0.99340,0.00531,0.00118,0.00011
452.06000,1.02194,0.99345,0.00526,0.00118,0.00011
452.20001,1.02191,0.99320,0.00548,0.00121,0.00011
452.34000,1.02194,0.99330,0.00540,0.00120,0.00011
452.48001,1.02191,0.99325,0.00544,0.00120,0.00011
452.62000,1.02194,0.99326,0.00544,0.00119,0.00011
452.76001,1.02194,0.99355,0.00518,0.00116,0.00011
452.89999,1.02194,0.99368,0.00508,0.00114,0.00010
453.04001,1.02194,0.99365,0.00512,0.00113,0.00010
453.17999,1.02194,0.99390,0.00488,0.00111,0.00011
453.32001,1.02194,0.99388,0.00491,0.00111,0.00010
453.45999,1.02194,0.99412,0.00471,0.00107,0.00010
453.60001,1.02194,0.99359,0.00518,0.00113,0.00010
453.73999,1.02194,0.99388,0.00491,0.00110,0.00011
453.88000,1.02194,0.99364,0.00514,0.00113,0.00010
454.01999,1.02194,0.99361,0.00516,0.00113,0.00010
454.16000,1.02194,0.99369,0.00509,0.00112,0.00010
454.29999,1.02194,0.99383,0.00496,0.00110,0.00010
454.44000,1.02194,0.99385,0.00495,0.00110,0.00010
454.57999,1.02194,0.99390,0.00491,0.00109,0.00010
454.72000,1.02194,0.99395,0.00487,0.00108,0.00010
454.85999,1.02194,0.99387,0.00495,0.00108,0.00010
455.00000,1.02194,0.99410,0.00473,0.00106,0.00010
455.14001,1.02191,0.99417,0.00468,0.00105,0.00010
455.28000,1.02194,0.99409,0.00474,0.00107,0.00010
455.42001,1.02191,0.99381,0.00500,0.00109,0.00010
455.56000,1.02194,0.99405,0.00477,0.00107,0.00010
455.70001,1.02191,0.99390,0.00491,0.00109,0.00010
455.84000,1.02194,0.99386,0.00494,0.00110,0.00010
455.98001,1.02191,0.99399,0.00483,0.00108,0.00010
456.12000,1.02194,0.99394,0.00488,0.00108,0.00010
456.26001,1.02194,0.99390,0.00492,0.00107,0.00010
456.39999,1.02194,0.99409,0.00474,0.00106,0.00010
456.54001,1.02194,0.99388,0.00494,0.00108,0.00010
456.67999,1.02194,0.99380,0.00499,0.00110,0.00010
456.82001,1.02194,0.99371,0.00508,0.00111,0.00010
456.95999,1.02194,0.99382,0.00498,0.00110,0.00010
457.10001,1.02194,0.99373,0.00507,0.00110,0.00010
457.23999,1.02194,0.99381,0.00499,0.00110,0.00010
457.38000,1.02194,0.99381,0.00500,0.00109,0.00010
457.51999,1.02194,0.99398,0.00486,0.00106,0.00010
457.66000,1.02194,0.99427,0.00460,0.00103,0.00010
457.79999,1.02194,0.99430,0.00457,0.00103,0.00010
457.94000,1.02194,0.99399,0.00486,0.00105,0.00010
458.07999,1.02194,0.99420,0.00467,0.00103,0.00010
458.22000,1.02194,0.99426,0.00462,0.00102,0.00010
458.35999,1.02194,0.99436,0.00453,0.00101,0.00010
458.50000,1.02194,0.99428,0.00460,0.00102,0.00010
458.64001,1.02191,0.99450,0.00440,0.00099,0.00010
458.78000,1.02194,0.99439,0.00452,0.00100,0.00010
458.92001,1.02191,0.99425,0.00464,0.00102,0.00009
459.06000,1.02194,0.99443,0.00448,0.00100,0.00010
459.20001,1.02191,0.99446,0.00445,0.00099,0.00010
459.34000,1.02194,0.99457,0.00435,0.00098,0.00010
459.48001,1.02191,0.99436,0.00455,0.00099,0.00009
459.62000,1.02194,0.99438,0.00453,0.00099,0.00009
459.76001,1.02194,0.99433,0.00458,0.00100,0.00009
459.89999,1.02194,0.99431,0.00459,0.00100,0.00009
460.04001,1.02194,0.99414,0.00475,0.00102,0.00010
460.17999,1.02194,0.99440,0.00450,0.00100,0.00010
460.32001,1.02194,0.99422,0.00466,0.00102,0.00009
460.45999,1.02194,0.99450,0.00442,0.00099,0.00009
460.60001,1.02194,0.99459,0.00435,0.00097,0.00009
460.73999,1.02194,0.99461,0.00434,0.00096,0.00009
460.88000,1.02194,0.99459,0.00437,0.00095,0.00009
461.01999,1.02194,0.99463,0.00433,0.00095,0.00009
461.16000,1.02194,0.99482,0.00415,0.00094,0.00009
461.29999,1.02194,0.99477,0.00419,0.00095,0.00009
461.44000,1.02194,0.99481,0.00415,0.00094,0.00010
461.57999,1.02194,0.99447,0.00446,0.00098,0.00009
461.72000,1.02194,0.99459,0.00435,0.00097,0.00009
461.85999,1.02194,0.99467,0.00428,0.00095,0.00009
462.00000,1.02194,0.99470,0.00426,0.00095,0.00009
462.14001,1.02191,0.99461,0.00434,0.00096,0.00009
462.28000,1.02194,0.99465,0.00429,0.00096,0.00009
462.42001,1.02191,0.99468,0.00427,0.00095,0.00009
462.56000,1.02194,0.99461,0.00434,0.00096,0.00009
462.70001,1.02191,0.99440,0.00453,0.00098,0.00009
462.84000,1.02194,0.99466,0.00429,0.00096,0.00009
462.98001,1.02191,0.99454,0.00441,0.00096,0.00009
463.12000,1.02194,0.99461,0.00434,0.00096,0.00009
463.26001,1.02194,0.99457,0.00438,0.00096,0.00009
463.39999,1.02194,0.99447,0.00447,0.00097,0.00009
463.54001,1.02194,0.99471,0.00425,0.00095,0.00009
463.67999,1.02194,0.99476,0.00421,0.00094,0.00009
463.82001,1.02194,0.99436,0.00457,0.00098,0.00009
463.95999,1.02194,0.99452,0.00442,0.00097,0.00009
464.10001,1.02194,0.99451,0.00442,0.00098,0.00009
464.23999,1.02194,0.99463,0.00432,0.00096,0.00009
464.38000,1.02194,0.99460,0.00433,0.00098,0.00010
464.51999,1.02194,0.99434,0.00458,0.00099,0.00009
464.66000,1.02194,0.99449,0.00445,0.00098,0.00009
464.79999,1.02194,0.99462,0.00433,0.00096,0.00009
464.94000,1.02194,0.99455,0.00440,0.00096,0.00009
465.07999,1.02194,0.99473,0.00423,0.00094,0.00009
465.22000,1.02194,0.99481,0.00417,0.00094,0.00009
465.35999,1.02194,0.99471,0.00426,0.00094,0.00009
465.50000,1.02194,0.99469,0.00427,0.00095,0.00009
465.64001,1.02191,0.99481,0.00416,0.00094,0.00009
465.78000,1.02194,0.99466,0.00430,0.00095,0.00009
465.92001,1.02191,0.99480,0.00417,0.00094,0.00009
466.06000,1.02194,0.99480,0.00418,0.00093,0.00009
466.20001,1.02191,0.99479,0.00418,0.00094,0.00009
466.34000,1.02194,0.99468,0.00429,0.00094,0.00009
466.48001,1.02191,0.99484,0.00414,0.00093,0.00009
466.62000,1.02194,0.99466,0.00431,0.00095,0.00009
466.76001,1.02194,0.99485,0.00413,0.00093,0.00009
466.89999,1.02194,0.99478,0.00419,0.00093,0.00009
467.04001,1.02194,0.99459,0.00436,0.00096,0.00009
467.17999,1.02194,0.99476,0.00421,0.00094,0.00009
467.32001,1.02194,0.99471,0.00424,0.00095,0.00010
467.45999,1.02194,0.99447,0.00445,0.00098,0.00009
467.60001,1.02194,0.99451,0.00442,0.00098,0.00009
467.73999,1.02194,0.99440,0.00452,0.00098,0.00009
467.88000,1.02194,0.99437,0.00455,0.00099,0.00009
468.01999,1.02194,0.99447,0.00445,0.00098,0.00009
468.16000,1.02194,0.99440,0.00451,0.00099,0.00010
468.29999,1.02194,0.99422,0.00466,0.00102,0.00010
468.44000,1.02194,0.99380,0.00502,0.00108,0.00010
468.57999,1.02194,0.99397,0.00487,0.00107,0.00010
468.72000,1.02194,0.99406,0.00478,0.00106,0.00010
468.85999,1.02194,0.99366,0.00514,0.00110,0.00010
469.00000,1.02194,0.99374,0.00506,0.00109,0.00010
469.14001,1.02191,0.99383,0.00497,0.00109,0.00010
469.28000,1.02194,0.99377,0.00504,0.00109,0.00010
469.42001,1.02191,0.99410,0.00474,0.00106,0.00010
469.56000,1.02194,0.99388,0.00494,0.00109,0.00010
469.70001,1.02191,0.99385,0.00495,0.00110,0.00010
469.84000,1.02194,0.99379,0.00501,0.00110,0.00010
469.98001,1.02191,0.99372,0.00508,0.00111,0.00010
470.12000,1.02194,0.99382,0.00497,0.00110,0.00010
470.26001,1.02194,0.99371,0.00507,0.00112,0.00010
470.39999,1.02194,0.99381,0.00498,0.00111,0.00010
470.54001,1.02194,0.99387,0.00492,0.00111,0.00010
470.67999,1.02194,0.99392,0.00487,0.00110,0.00010
470.82001,1.02194,0.99375,0.00503,0.00112,0.00010
470.95999,1.02194,0.99386,0.00494,0.00111,0.00010
471.10001,1.02194,0.99376,0.00503,0.00111,0.00010
471.23999,1.02194,0.99419,0.00461,0.00109,0.00011
471.38000,1.02194,0.99408,0.00472,0.00109,0.00011
471.51999,1.02194,0.99371,0.00505,0.00113,0.00011
471.66000,1.02194,0.99387,0.00490,0.00112,0.00011
471.79999,1.02194,0.99365,0.00510,0.00114,0.00011
471.94000,1.02194,0.99357,0.00518,0.00115,0.00010
472.07999,1.02194,0.99358,0.00515,0.00116,0.00011
472.22000,1.02194,0.99358,0.00515,0.00115,0.00011
472.35999,1.02194,0.99314,0.00556,0.00120,0.00010
472.50000,1.02194,0.99353,0.00520,0.00116,0.00011
472.64001,1.02191,0.99318,0.00552,0.00119,0.00010
472.78000,1.02194,0.99363,0.00511,0.00115,0.00011
472.92001,1.02191,0.99316,0.00555,0.00119,0.00010
473.06000,1.02194,0.99355,0.00520,0.00115,0.00010
473.20001,1.02191,0.99377,0.00501,0.00112,0.00010
473.34000,1.02194,0.99360,0.00516,0.00114,0.00011
473.48001,1.02191,0.99360,0.00516,0.00114,0.00010
473.62000,1.02194,0.99387,0.00491,0.00111,0.00010
473.76001,1.02194,0.99411,0.00471,0.00107,0.00010
473.89999,1.02194,0.99384,0.00496,0.00110,0.00010
474.04001,1.02194,0.99413,0.00470,0.00107,0.00010
474.17999,1.02194,0.99376,0.00505,0.00110,0.00010
474.32001,1.02194,0.99406,0.00477,0.00107,0.00010
474.45999,1.02194,0.99402,0.00480,0.00108,0.00010
474.60001,1.02194,0.99398,0.00483,0.00108,0.00010
474.73999,1.02194,0.99402,0.00480,0.00108,0.00010
474.88000,1.02194,0.99408,0.00474,0.00108,0.00010
475.01999,1.02194,0.99417,0.00467,0.00106,0.00010
475.16000,1.02194,0.99397,0.00485,0.00108,0.00010
475.29999,1.02194,0.99396,0.00486,0.00108,0.00010
475.44000,1.02194,0.99387,0.00493,0.00109,0.00010
475.57999,1.02194,0.99416,0.00467,0.00107,0.00010
475.72000,1.02194,0.99419,0.00465,0.00106,0.00010
475.85999,1.02194,0.99399,0.00484,0.00107,0.00010
476.00000,1.02194,0.99376,0.00506,0.00109,0.00010
476.14001,1.02191,0.99416,0.00469,0.00105,0.00010
476.28000,1.02194,0.99414,0.00471,0.00105,0.00010
476.42001,1.02191,0.99416,0.00469,0.00105,0.00010
476.56000,1.02194,0.99406,0.00477,0.00106,0.00010
476.70001,1.02191,0.99422,0.00464,0.00104,0.00010
476.84000,1.02194,0.99425,0.00461,0.00104,0.00010
476.98001,1.02191,0.99417,0.00469,0.00104,0.00010
477.12000,1.02194,0.99423,0.00464,0.00103,0.00010
477.26001,1.02194,0.99412,0.00474,0.00104,0.00010
477.39999,1.02194,0.99423,0.00464,0.00103,0.00010
477.54001,1.02194,0.99418,0.00468,0.00104,0.00010
477.67999,1.02194,0.99399,0.00485,0.00106,0.00010
477.82001,1.02194,0.99383,0.00500,0.00107,0.00010
477.95999,1.02194,0.99391,0.00492,0.00107,0.00010
478.10001,1.02194,0.99390,0.00493,0.00107,0.00010
478.23999,1.02194,0.99411,0.00474,0.00105,0.00010
478.38000,1.02194,0.99385,0.00499,0.00107,0.00010
478.51999,1.02194,0.99411,0.00474,0.00104,0.00010
478.66000,1.02194,0.99406,0.00480,0.00104,0.00010
478.79999,1.02194,0.99416,0.00470,0.00104,0.00010
478.94000,1.02194,0.99404,0.00481,0.00105,0.00010
479.07999,1.02194,0.99388,0.00494,0.00108,0.00010
479.22000,1.02194,0.99400,0.00484,0.00106,0.00010
479.35999,1.02194,0.99408,0.00477,0.00105,0.00010
479.50000,1.02194,0.99424,0.00464,0.00102,0.00010
479.64001,1.02191,0.99426,0.00463,0.00102,0.00009
479.78000,1.02194,0.99436,0.00454,0.00100,0.00009
479.92001,1.02191,0.99446,0.00446,0.00099,0.00009
480.06000,1.02194,0.99462,0.00431,0.00097,0.00010
480.20001,1.02191,0.99453,0.00439,0.00098,0.00010
480.34000,1.02194,0.99428,0.00462,0.00101,0.00010
480.48001,1.02191,0.99445,0.00445,0.00100,0.00010
480.62000,1.02194,0.99439,0.00452,0.00100,0.00010
480.76001,1.02194,0.99421,0.00469,0.00101,0.00009
480.89999,1.02194,0.99424,0.00465,0.00101,0.00009
481.04001,1.02194,0.99430,0.00459,0.00101,0.00010
481.17999,1.02194,0.99444,0.00447,0.00099,0.00009
481.32001,1.02194,0.99455,0.00438,0.00098,0.00010
481.45999,1.02194,0.99432,0.00459,0.00100,0.00009
481.60001,1.02194,0.99428,0.00462,0.00101,0.00009
481.73999,1.02194,0.99459,0.00434,0.00097,0.00010
481.88000,1.02194,0.99440,0.00452,0.00099,0.00009
482.01999,1.02194,0.99449,0.00444,0.00098,0.00009
482.16000,1.02194,0.99441,0.00451,0.00099,0.00009
482.29999,1.02194,0.99470,0.00426,0.00095,0.00009
482.44000,1.02194,0.99459,0.00436,0.00096,0.00009
482.57999,1.02194,0.99468,0.00427,0.00095,0.00009
482.72000,1.02194,0.99468,0.00428,0.00094,0.00009
482.85999,1.02194,0.99479,0.00418,0.00094,0.00009
483.00000,1.02194,0.99474,0.00425,0.00093,0.00009
483.14001,1.02191,0.99498,0.00402,0.00091,0.00009
483.28000,1.02194,0.99502,0.00399,0.00090,0.00009
483.42001,1.02191,0.99512,0.00391,0.00089,0.00009
483.56000,1.02194,0.99505,0.00398,0.00089,0.00009
483.70001,1.02191,0.99529,0.00376,0.00087,0.00009
483.84000,1.02194,0.99523,0.00381,0.00087,0.00009
483.98001,1.02191,0.99518,0.00387,0.00087,0.00009
484.12000,1.02194,0.99536,0.00369,0.00085,0.00009
484.26001,1.02194,0.99511,0.00392,0.00088,0.00009
484.39999,1.02194,0.99513,0.00390,0.00088,0.00009
484.54001,1.02194,0.99519,0.00384,0.00088,0.00009
484.67999,1.02194,0.99502,0.00399,0.00090,0.00009
484.82001,1.02194,0.99503,0.00399,0.00090,0.00009
484.95999,1.02194,0.99506,0.00396,0.00089,0.00009
485.10001,1.02194,0.99497,0.00405,0.00089,0.00009
485.23999,1.02194,0.99499,0.00403,0.00090,0.00009
485.38000,1.02194,0.99496,0.00405,0.00090,0.00009
485.51999,1.02194,0.99516,0.00388,0.00088,0.00009
485.66000,1.02194,0.99515,0.00388,0.00088,0.00009
485.79999,1.02194,0.99512,0.00391,0.00088,0.00009
485.94000,1.02194,0.99506,0.00397,0.00088,0.00009
486.07999,1.02194,0.99502,0.00401,0.00088,0.00009
486.22000,1.02194,0.99507,0.00396,0.00088,0.00009
486.35999,1.02194,0.99521,0.00383,0.00087,0.00009
486.50000,1.02194,0.99510,0.00393,0.00088,0.00009
486.64001,1.02191,0.99502,0.00400,0.00089,0.00009
486.78000,1.02194,0.99494,0.00407,0.00090,0.00009
486.92001,1.02191,0.99503,0.00399,0.00089,0.00009
487.06000,1.02194,0.99498,0.00404,0.00089,0.00009
487.20001,1.02191,0.99512,0.00390,0.00089,0.00009
487.34000,1.02194,0.99500,0.00402,0.00089,0.00009
487.48001,1.02191,0.99525,0.00380,0.00086,0.00009
487.62000,1.02194,0.99525,0.00381,0.00086,0.00009
487.76001,1.02194,0.99524,0.00382,0.00085,0.00008
487.89999,1.02194,0.99542,0.00367,0.00083,0.00008
488.04001,1.02194,0.99555,0.00355,0.00082,0.00009
488.17999,1.02194,0.99549,0.00360,0.00082,0.00008
488.32001,1.02194,0.99559,0.00351,0.00081,0.00008
488.45999,1.02194,0.99560,0.00350,0.00081,0.00009
488.60001,1.02194,0.99554,0.00355,0.00082,0.00009
488.73999,1.02194,0.99544,0.00365,0.00083,0.00009
488.88000,1.02194,0.99528,0.00379,0.00085,0.00009
489.01999,1.02194,0.99527,0.00378,0.00086,0.00009
489.16000,1.02194,0.99540,0.00367,0.00085,0.00009
489.29999,1.02194,0.99515,0.00390,0.00087,0.00009
489.44000,1.02194,0.99546,0.00361,0.00084,0.00009
489.57999,1.02194,0.99514,0.00391,0.00086,0.00008
489.72000,1.02194,0.99513,0.00391,0.00087,0.00009
489.85999,1.02194,0.99515,0.00389,0.00087,0.00009
490.00000,1.02194,0.99506,0.00396,0.00089,0.00009
490.14001,1.02191,0.99501,0.00400,0.00090,0.00009
490.28000,1.02194,0.99493,0.00406,0.00092,0.00009
490.42001,1.02191,0.99469,0.00426,0.00095,0.00009
490.56000,1.02194,0.99442,0.00451,0.00098,0.00009
490.70001,1.02191,0.99460,0.00433,0.00098,0.00010
490.84000,1.02194,0.99426,0.00463,0.00101,0.00009
490.98001,1.02191,0.99441,0.00449,0.00101,0.00010
491.12000,1.02194,0.99434,0.00455,0.00102,0.00010
491.26001,1.02194,0.99449,0.00441,0.00100,0.00010
491.39999,1.02194,0.99428,0.00461,0.00102,0.00010
491.54001,1.02194,0.99448,0.00442,0.00100,0.00010
491.67999,1.02194,0.99447,0.00443,0.00100,0.00010
491.82001,1.02194,0.99447,0.00443,0.00100,0.00010
491.95999,1.02194,0.99427,0.00461,0.00102,0.00010
492.10001,1.02194,0.99444,0.00444,0.00102,0.00010
492.23999,1.02194,0.99414,0.00471,0.00105,0.00010
492.38000,1.02194,0.99409,0.00475,0.00106,0.00010
492.51999,1.02194,0.99410,0.00472,0.00108,0.00011
492.66000,1.02194,0.99362,0.00515,0.00113,0.00010
492.79999,1.02194,0.99373,0.00505,0.00112,0.00010
492.94000,1.02194,0.99363,0.00514,0.00113,0.00010
493.07999,1.02194,0.99355,0.00520,0.00114,0.00010
493.22000,1.02194,0.99349,0.00526,0.00115,0.00010
493.35999,1.02194,0.99330,0.00542,0.00117,0.00010
493.50000,1.02194,0.99359,0.00516,0.00114,0.00011
493.64001,1.02191,0.99358,0.00517,0.00114,0.00011
493.78000,1.02194,0.99333,0.00540,0.00117,0.00010
493.92001,1.02191,0.99336,0.00537,0.00117,0.00010
494.06000,1.02194,0.99340,0.00533,0.00116,0.00010
494.20001,1.02191,0.99350,0.00524,0.00115,0.00010
494.34000,1.02194,0.99372,0.00505,0.00113,0.00011
494.48001,1.02191,0.99360,0.00516,0.00114,0.00010
494.62000,1.02194,0.99394,0.00485,0.00110,0.00011
494.76001,1.02194,0.99362,0.00515,0.00113,0.00010
494.89999,1.02194,0.99375,0.00503,0.00112,0.00010
495.04001,1.02194,0.99363,0.00513,0.00113,0.00010
495.17999,1.02194,0.99354,0.00521,0.00115,0.00011
495.32001,1.02194,0.99356,0.00518,0.00115,0.00011
495.45999,1.02194,0.99356,0.00518,0.00115,0.00011
495.60001,1.02194,0.99304,0.00565,0.00120,0.00010
495.73999,1.02194,0.99356,0.00517,0.00117,0.00011
495.88000,1.02194,0.99362,0.00512,0.00115,0.00011
496.01999,1.02194,0.99362,0.00513,0.00114,0.00010
496.16000,1.02194,0.99388,0.00491,0.00110,0.00010
496.29999,1.02194,0.99366,0.00511,0.00113,0.00010
496.44000,1.02194,0.99389,0.00491,0.00110,0.00010
496.57999,1.02194,0.99404,0.00477,0.00109,0.00011
496.72000,1.02194,0.99409,0.00471,0.00109,0.00011
496.85999,1.02194,0.99400,0.00480,0.00109,0.00011
497.00000,1.02194,0.99380,0.00498,0.00112,0.00010
497.14001,1.02191,0.99387,0.00492,0.00110,0.00010
497.28000,1.02194,0.99416,0.00467,0.00107,0.00011
497.42001,1.02191,0.99419,0.00465,0.00106,0.00010
497.56000,1.02194,0.99408,0.00475,0.00107,0.00010
497.70001,1.02191,0.99440,0.00446,0.00103,0.00010
497.84000,1.02194,0.99419,0.00467,0.00104,0.00010
497.98001,1.02191,0.99397,0.00485,0.00107,0.00010
498.12000,1.02194,0.99409,0.00475,0.00106,0.00010
498.26001,1.02194,0.99453,0.00436,0.00101,0.00010
498.39999,1.02194,0.99431,0.00456,0.00103,0.00010
498.54001,1.02194,0.99436,0.00451,0.00103,0.00010
498.67999,1.02194,0.99428,0.00459,0.00104,0.00010
498.82001,1.02194,0.99421,0.00465,0.00104,0.00010
498.95999,1.02194,0.99430,0.00456,0.00103,0.00010
499.10001,1.02194,0.99403,0.00480,0.00107,0.00010
499.23999,1.02194,0.99374,0.00506,0.00110,0.00010
499.38000,1.02194,0.99376,0.00504,0.00110,0.00010
499.51999,1.02194,0.99383,0.00498,0.00109,0.00010
499.66000,1.02194,0.99377,0.00503,0.00110,0.00010
499.79999,1.02194,0.99372,0.00507,0.00111,0.00010
499.94000,1.02194,0.99372,0.00508,0.00110,0.00010
500.07999,1.02194,0.99393,0.00489,0.00108,0.00010
500.22000,1.02194,0.99409,0.00475,0.00106,0.00010
500.35999,1.02194,0.99386,0.00496,0.00107,0.00010
500.50000,1.02194,0.99413,0.00473,0.00105,0.00010
500.64001,1.02191,0.99422,0.00464,0.00104,0.00010
500.78000,1.02194,0.99436,0.00453,0.00101,0.00010
500.92001,1.02191,0.99429,0.00457,0.00103,0.00010
501.06000,1.02194,0.99416,0.00468,0.00105,0.00010
501.20001,1.02191,0.99416,0.00468,0.00106,0.00010
501.34000,1.02194,0.99422,0.00464,0.00104,0.00010
501.48001,1.02191,0.99401,0.00482,0.00107,0.00010
501.62000,1.02194,0.99396,0.00487,0.00107,0.00010
501.76001,1.02194,0.99390,0.00492,0.00108,0.00010
501.89999,1.02194,0.99383,0.00499,0.00108,0.00010
502.04001,1.02194,0.99407,0.00476,0.00107,0.00010
502.17999,1.02194,0.99373,0.00507,0.00110,0.00010
502.32001,1.02194,0.99389,0.00493,0.00109,0.00010
502.45999,1.02194,0.99408,0.00476,0.00106,0.00010
502.60001,1.02194,0.99399,0.00485,0.00106,0.00010
502.73999,1.02194,0.99393,0.00490,0.00108,0.00010
502.88000,1.02194,0.99398,0.00485,0.00108,0.00010
503.01999,1.02194,0.99381,0.00500,0.00110,0.00010
503.16000,1.02194,0.99409,0.00474,0.00107,0.00010
503.29999,1.02194,0.99422,0.00463,0.00105,0.00010
503.44000,1.02194,0.99392,0.00490,0.00109,0.00010
503.57999,1.02194,0.99395,0.00488,0.00107,0.00010
503.72000,1.02194,0.99424,0.00461,0.00105,0.00010
503.85999,1.02194,0.99409,0.00476,0.00105,0.00010
504.00000,1.02194,0.99410,0.00474,0.00106,0.00010
504.14001,1.02191,0.99408,0.00475,0.00107,0.00010
504.28000,1.02194,0.99431,0.00455,0.00104,0.00011
504.42001,1.02191,0.99424,0.00463,0.00103,0.00010
504.56000,1.02194,0.99430,0.00458,0.00103,0.00010
504.70001,1.02191,0.99441,0.00447,0.00101,0.00010
504.84000,1.02194,0.99411,0.00475,0.00104,0.00010
504.98001,1.02191,0.99444,0.00445,0.00101,0.00010
505.12000,1.02194,0.99421,0.00467,0.00103,0.00010
505.26001,1.02194,0.99429,0.00458,0.00103,0.00010
505.39999,1.02194,0.99418,0.00467,0.00105,0.00010
505.54001,1.02194,0.99423,0.00464,0.00103,0.00010
505.67999,1.02194,0.99416,0.00471,0.00103,0.00010
505.82001,1.02194,0.99430,0.00459,0.00102,0.00010
505.95999,1.02194,0.99403,0.00482,0.00105,0.00010
506.10001,1.02194,0.99408,0.00478,0.00104,0.00010
506.23999,1.02194,0.99385,0.00498,0.00107,0.00010
506.38000,1.02194,0.99385,0.00497,0.00107,0.00010
506.51999,1.02194,0.99396,0.00487,0.00107,0.00010
506.66000,1.02194,0.99381,0.00502,0.00107,0.00010
506.79999,1.02194,0.99380,0.00503,0.00108,0.00010
506.94000,1.02194,0.99408,0.00477,0.00105,0.00010
507.07999,1.02194,0.99406,0.00481,0.00104,0.00010
507.22000,1.02194,0.99421,0.00467,0.00102,0.00010
507.35999,1.02194,0.99420,0.00468,0.00102,0.00010
507.50000,1.02194,0.99414,0.00475,0.00102,0.00009
507.64001,1.02191,0.99433,0.00457,0.00101,0.00010
507.78000,1.02194,0.99435,0.00455,0.00100,0.00010
507.92001,1.02191,0.99419,0.00470,0.00101,0.00009
508.06000,1.02194,0.99432,0.00458,0.00101,0.00010
508.20001,1.02191,0.99441,0.00450,0.00099,0.00010
508.34000,1.02194,0.99427,0.00463,0.00101,0.00010
508.48001,1.02191,0.99446,0.00446,0.00099,0.00010
508.62000,1.02194,0.99431,0.00460,0.00100,0.00009
508.76001,1.02194,0.99469,0.00426,0.00095,0.00009
508.89999,1.02194,0.99468,0.00428,0.00095,0.00009
509.04001,1.02194,0.99462,0.00435,0.00095,0.00009
509.17999,1.02194,0.99457,0.00439,0.00095,0.00009
509.32001,1.02194,0.99482,0.00416,0.00093,0.00009
509.45999,1.02194,0.99460,0.00436,0.00096,0.00009
509.60001,1.02194,0.99470,0.00426,0.00095,0.00009
509.73999,1.02194,0.99461,0.00435,0.00095,0.00009
509.88000,1.02194,0.99466,0.00430,0.00095,0.00009
510.01999,1.02194,0.99459,0.00438,0.00095,0.00009
510.16000,1.02194,0.99483,0.00416,0.00092,0.00009
510.29999,1.02194,0.99488,0.00411,0.00092,0.00009
510.44000,1.02194,0.99479,0.00418,0.00093,0.00009
510.57999,1.02194,0.99467,0.00429,0.00094,0.00009
510.72000,1.02194,0.99490,0.00409,0.00092,0.00009
510.85999,1.02194,0.99469,0.00428,0.00094,0.00009
511.00000,1.02191,0.99480,0.00418,0.00093,0.00009
511.14001,1.02191,0.99483,0.00415,0.00093,0.00009
511.28000,1.02194,0.99456,0.00441,0.00094,0.00009
511.42001,1.02194,0.99471,0.00426,0.00094,0.00009
511.56000,1.02191,0.99480,0.00418,0.00094,0.00009
511.70001,1.02191,0.99477,0.00421,0.00093,0.00009
511.84000,1.02194,0.99479,0.00418,0.00093,0.00009
511.98001,1.02194,0.99459,0.00437,0.00095,0.00009
512.12000,1.02197,0.99461,0.00435,0.00095,0.00009
512.26001,1.02191,0.99479,0.00419,0.00093,0.00009
512.40002,1.02191,0.99479,0.00420,0.00093,0.00009
512.53998,1.02197,0.99468,0.00429,0.00094,0.00009
512.67999,1.02197,0.99466,0.00431,0.00094,0.00009
512.82001,1.02191,0.99464,0.00432,0.00095,0.00009
512.96002,1.02191,0.99461,0.00435,0.00095,0.00009
513.09998,1.02197,0.99473,0.00424,0.00094,0.00009
513.23999,1.02197,0.99442,0.00452,0.00097,0.00009
513.38000,1.02191,0.99440,0.00453,0.00097,0.00009
513.52002,1.02191,0.99449,0.00445,0.00096,0.00009
513.65997,1.02197,0.99454,0.00440,0.00096,0.00009
513.79999,1.02197,0.99466,0.00429,0.00095,0.00009
513.94000,1.02191,0.99478,0.00418,0.00094,0.00009
514.08002,1.02191,0.99480,0.00418,0.00093,0.00009
514.21997,1.02197,0.99488,0.00413,0.00091,0.00009
514.35999,1.02197,0.99500,0.00402,0.00089,0.00009
514.50000,1.02191,0.99512,0.00391,0.00088,0.00009
514.64001,1.02191,0.99515,0.00388,0.00088,0.00009
514.78003,1.02191,0.99517,0.00386,0.00088,0.00009
514.91998,1.02197,0.99523,0.00380,0.00088,0.00009
515.06000,1.02191,0.99503,0.00398,0.00089,0.00009
515.20001,1.02191,0.99502,0.00399,0.00090,0.00009
515.34003,1.02191,0.99512,0.00390,0.00089,0.00009
515.47998,1.02197,0.99511,0.00392,0.00089,0.00009
515.62000,1.02197,0.99508,0.00395,0.00088,0.00009
515.76001,1.02191,0.99516,0.00388,0.00088,0.00009
515.90002,1.02191,0.99502,0.00402,0.00088,0.00009
516.03998,1.02197,0.99512,0.00392,0.00087,0.00009
516.17999,1.02197,0.99519,0.00384,0.00087,0.00009
516.32001,1.02191,0.99518,0.00386,0.00087,0.00009
516.46002,1.02191,0.99512,0.00392,0.00087,0.00009
516.59998,1.02197,0.99528,0.00377,0.00086,0.00009
516.73999,1.02197,0.99522,0.00384,0.00086,0.00008
516.88000,1.02191,0.99529,0.00378,0.00084,0.00008
517.02002,1.02191,0.99558,0.00352,0.00081,0.00008
517.15997,1.02197,0.99548,0.00361,0.00082,0.00008
517.29999,1.02197,0.99555,0.00355,0.00082,0.00008
517.44000,1.02191,0.99569,0.00343,0.00080,0.00008
517.58002,1.02191,0.99560,0.00351,0.00080,0.00008
517.71997,1.02197,0.99567,0.00346,0.00079,0.00008
517.85999,1.02197,0.99562,0.00350,0.00080,0.00008
518.00000,1.02191,0.99549,0.00361,0.00082,0.00008
518.14001,1.02191,0.99545,0.00365,0.00082,0.00008
518.28003,1.02191,0.99551,0.00359,0.00082,0.00008
518.41998,1.02197,0.99544,0.00364,0.00083,0.00009
518.56000,1.02191,0.99554,0.00356,0.00082,0.00008
518.70001,1.02191,0.99550,0.00360,0.00081,0.00008
518.84003,1.02191,0.99556,0.00355,0.00081,0.00008
518.97998,1.02197,0.99557,0.00355,0.00080,0.00008
519.12000,1.02197,0.99562,0.00349,0.00080,0.00008
519.26001,1.02191,0.99557,0.00354,0.00080,0.00008
519.40002,1.02191,0.99552,0.00359,0.00081,0.00008
519.53998,1.02197,0.99544,0.00366,0.00082,0.00008
519.67999,1.02197,0.99544,0.00365,0.00082,0.00008
519.82001,1.02191,0.99533,0.00375,0.00083,0.00008
519.96002,1.02191,0.99539,0.00370,0.00083,0.00008
520.09998,1.02197,0.99541,0.00368,0.00083,0.00008
520.23999,1.02197,0.99552,0.00358,0.00082,0.00008
520.38000,1.02191,0.99560,0.00351,0.00080,0.00008
520.52002,1.02191,0.99565,0.00347,0.00079,0.00008
520.65997,1.02197,0.99566,0.00347,0.00078,0.00008
520.79999,1.02197,0.99584,0.00331,0.00076,0.00008
520.94000,1.02191,0.99590,0.00327,0.00075,0.00008
521.08002,1.02191,0.99596,0.00321,0.00075,0.00008
521.21997,1.02197,0.99586,0.00330,0.00076,0.00008
521.35999,1.02197,0.99594,0.00323,0.00075,0.00008
521.50000,1.02191,0.99589,0.00327,0.00076,0.00008
521.64001,1.02191,0.99594,0.00323,0.00075,0.00008
521.78003,1.02191,0.99583,0.00333,0.00076,0.00008
521.91998,1.02197,0.99588,0.00327,0.00076,0.00008
522.06000,1.02191,0.99584,0.00332,0.00076,0.00008
522.20001,1.02191,0.99591,0.00325,0.00076,0.00008
522.34003,1.02191,0.99578,0.00336,0.00077,0.00008
522.47998,1.02197,0.99583,0.00332,0.00077,0.00008
522.62000,1.02197,0.99575,0.00340,0.00077,0.00008
522.76001,1.02191,0.99585,0.00331,0.00076,0.00008
522.90002,1.02191,0.99575,0.00340,0.00077,0.00008
523.03998,1.02197,0.99561,0.00352,0.00078,0.00008
523.17999,1.02197,0.99589,0.00327,0.00076,0.00008
523.32001,1.02191,0.99587,0.00330,0.00076,0.00008
523.46002,1.02191,0.99593,0.00324,0.00075,0.00008
523.59998,1.02197,0.99590,0.00327,0.00075,0.00008
523.73999,1.02197,0.99574,0.00341,0.00076,0.00008
523.88000,1.02191,0.99591,0.00326,0.00075,0.00008
524.02002,1.02191,0.99596,0.00321,0.00075,0.00008
524.15997,1.02197,0.99578,0.00337,0.00077,0.00008
524.29999,1.02197,0.99584,0.00331,0.00076,0.00008
524.44000,1.02191,0.99584,0.00331,0.00076,0.00008
524.58002,1.02191,0.99581,0.00335,0.00076,0.00008
524.71997,1.02197,0.99594,0.00322,0.00075,0.00008
524.85999,1.02197,0.99586,0.00330,0.00076,0.00008
525.00000,1.02191,0.99590,0.00327,0.00075,0.00008
525.14001,1.02191,0.99595,0.00323,0.00075,0.00008
525.28003,1.02191,0.99594,0.00324,0.00074,0.00008
525.41998,1.02197,0.99598,0.00319,0.00074,0.00008
525.56000,1.02191,0.99588,0.00330,0.00075,0.00008
525.70001,1.02191,0.99585,0.00331,0.00075,0.00008
525.84003,1.02191,0.99575,0.00339,0.00077,0.00008
525.97998,1.02197,0.99573,0.00341,0.00078,0.00008
526.12000,1.02197,0.99572,0.00341,0.00079,0.00008
526.26001,1.02191,0.99562,0.00349,0.00080,0.00009
526.40002,1.02191,0.99544,0.00366,0.00082,0.00008
526.53998,1.02197,0.99527,0.00380,0.00084,0.00008
526.67999,1.02197,0.99541,0.00367,0.00083,0.00009
526.82001,1.02191,0.99546,0.00363,0.00083,0.00009
526.96002,1.02191,0.99551,0.00358,0.00083,0.00009
527.09998,1.02197,0.99519,0.00387,0.00086,0.00008
527.23999,1.02197,0.99534,0.00372,0.00085,0.00009
527.38000,1.02191,0.99510,0.00394,0.00087,0.00008
527.52002,1.02191,0.99531,0.00374,0.00086,0.00009
527.65997,1.02197,0.99521,0.00384,0.00087,0.00009
527.79999,1.02197,0.99517,0.00388,0.00087,0.00009
527.94000,1.02191,0.99515,0.00388,0.00088,0.00009
528.08002,1.02191,0.99517,0.00386,0.00088,0.00009
528.21997,1.02197,0.99508,0.00395,0.00089,0.00009
528.35999,1.02197,0.99512,0.00391,0.00089,0.00009
528.50000,1.02191,0.99483,0.00416,0.00092,0.00009
528.64001,1.02191,0.99480,0.00418,0.00093,0.00009
528.78003,1.02191,0.99474,0.00423,0.00094,0.00009
528.91998,1.02197,0.99451,0.00443,0.00097,0.00009
529.06000,1.02191,0.99452,0.00439,0.00099,0.00010
529.20001,1.02191,0.99424,0.00464,0.00102,0.00010
529.34003,1.02191,0.99431,0.00457,0.00102,0.00010
529.47998,1.02197,0.99439,0.00451,0.00101,0.00010
529.62000,1.02197,0.99421,0.00465,0.00104,0.00010
529.76001,1.02191,0.99425,0.00463,0.00102,0.00010
529.90002,1.02191,0.99422,0.00465,0.00103,0.00010
530.03998,1.02197,0.99426,0.00461,0.00103,0.00010
530.17999,1.02197,0.99424,0.00462,0.00105,0.00010
530.32001,1.02191,0.99396,0.00487,0.00107,0.00010
530.46002,1.02191,0.99396,0.00485,0.00109,0.00010
530.59998,1.02197,0.99377,0.00501,0.00112,0.00010
530.73999,1.02197,0.99364,0.00512,0.00113,0.00010
530.88000,1.02191,0.99343,0.00531,0.00116,0.00010
531.02002,1.02191,0.99342,0.00530,0.00117,0.00011
531.15997,1.02197,0.99344,0.00529,0.00117,0.00010
531.29999,1.02197,0.99370,0.00505,0.00114,0.00010
531.44000,1.02191,0.99391,0.00488,0.00111,0.00010
531.58002,1.02191,0.99372,0.00505,0.00112,0.00010
531.71997,1.02197,0.99370,0.00507,0.00113,0.00010
531.85999,1.02197,0.99382,0.00495,0.00112,0.00010
532.00000,1.02191,0.99384,0.00492,0.00113,0.00011
532.14001,1.02191,0.99364,0.00508,0.00117,0.00011
532.28003,1.02191,0.99348,0.00521,0.00120,0.00012
532.41998,1.02197,0.99329,0.00537,0.00122,0.00011
532.56000,1.02191,0.99321,0.00546,0.00122,0.00011
532.70001,1.02191,0.99335,0.00532,0.00121,0.00011
532.84003,1.02191,0.99291,0.00574,0.00124,0.00011
532.97998,1.02197,0.99321,0.00546,0.00122,0.00011
533.12000,1.02197,0.99353,0.00518,0.00118,0.00011
533.26001,1.02191,0.99381,0.00493,0.00114,0.00011
533.40002,1.02191,0.99337,0.00534,0.00119,0.00011
533.53998,1.02197,0.99363,0.00511,0.00116,0.00011
533.67999,1.02197,0.99341,0.00531,0.00117,0.00010
533.82001,1.02191,0.99370,0.00505,0.00114,0.00010
533.96002,1.02191,0.99387,0.00490,0.00112,0.00011
534.09998,1.02197,0.99366,0.00509,0.00115,0.00011
534.23999,1.02197,0.99385,0.00492,0.00112,0.00011
534.38000,1.02191,0.99398,0.00480,0.00112,0.00011
534.52002,1.02191,0.99403,0.00477,0.00110,0.00010
534.65997,1.02197,0.99422,0.00460,0.00107,0.00011
534.79999,1.02197,0.99415,0.00466,0.00108,0.00010
534.94000,1.02191,0.99407,0.00474,0.00108,0.00011
535.08002,1.02191,0.99396,0.00483,0.00110,0.00010
535.21997,1.02197,0.99390,0.00490,0.00110,0.00010
535.35999,1.02197,0.99398,0.00480,0.00111,0.00011
535.50000,1.02191,0.99370,0.00505,0.00114,0.00011
535.64001,1.02191,0.99389,0.00486,0.00113,0.00011
535.78003,1.02191,0.99345,0.00528,0.00116,0.00010
535.91998,1.02197,0.99357,0.00518,0.00114,0.00010
536.06000,1.02191,0.99381,0.00497,0.00112,0.00011
536.20001,1.02191,0.99366,0.00510,0.00113,0.00010
536.34003,1.02191,0.99403,0.00478,0.00109,0.00010
536.47998,1.02197,0.99419,0.00465,0.00106,0.00010
536.62000,1.02197,0.99435,0.00452,0.00103,0.00010
536.76001,1.02191,0.99436,0.00451,0.00103,0.00010
536.90002,1.02191,0.99442,0.00445,0.00103,0.00010
537.03998,1.02197,0.99451,0.00437,0.00102,0.00010
537.17999,1.02197,0.99430,0.00455,0.00104,0.00010
537.32001,1.02191,0.99407,0.00475,0.00108,0.00010
537.46002,1.02191,0.99386,0.00493,0.00111,0.00010
537.59998,1.02197,0.99376,0.00501,0.00113,0.00010
537.73999,1.02197,0.99386,0.00491,0.00112,0.00011
537.88000,1.02191,0.99359,0.00516,0.00115,0.00010
538.02002,1.02191,0.99360,0.00515,0.00114,0.00010
538.15997,1.02197,0.99344,0.00530,0.00116,0.00010
538.29999,1.02197,0.99371,0.00504,0.00114,0.00011
538.44000,1.02191,0.99392,0.00485,0.00112,0.00011
538.58002,1.02191,0.99383,0.00494,0.00113,0.00010
538.71997,1.02197,0.99388,0.00490,0.00112,0.00011
538.85999,1.02197,0.99375,0.00499,0.00115,0.00011
539.00000,1.02191,0.99380,0.00495,0.00114,0.00011
539.14001,1.02191,0.99391,0.00486,0.00112,0.00011
539.28003,1.02191,0.99347,0.00525,0.00118,0.00011
539.41998,1.02197,0.99376,0.00498,0.00115,0.00011
539.56000,1.02191,0.99368,0.00505,0.00116,0.00011
539.70001,1.02191,0.99353,0.00520,0.00116,0.00011
539.84003,1.02191,0.99352,0.00520,0.00117,0.00011
539.97998,1.02197,0.99345,0.00526,0.00118,0.00011
540.12000,1.02197,0.99305,0.00563,0.00121,0.00011
540.26001,1.02191,0.99344,0.00528,0.00117,0.00011
540.40002,1.02191,0.99322,0.00548,0.00120,0.00011
540.53998,1.02197,0.99314,0.00553,0.00121,0.00011
540.67999,1.02197,0.99322,0.00547,0.00120,0.00011
540.82001,1.02191,0.99331,0.00539,0.00120,0.00011
540.96002,1.02191,0.99327,0.00542,0.00120,0.00011
541.09998,1.02197,0.99351,0.00521,0.00117,0.00011
541.23999,1.02197,0.99341,0.00530,0.00118,0.00010
541.38000,1.02191,0.99341,0.00531,0.00117,0.00010
541.52002,1.02191,0.99359,0.00516,0.00114,0.00010
541.65997,1.02197,0.99373,0.00504,0.00113,0.00010
541.79999,1.02197,0.99391,0.00487,0.00111,0.00011
541.94000,1.02191,0.99353,0.00521,0.00115,0.00010
542.08002,1.02191,0.99371,0.00505,0.00113,0.00011
542.21997,1.02197,0.99356,0.00518,0.00115,0.00011
542.35999,1.02197,0.99338,0.00534,0.00117,0.00011
542.50000,1.02191,0.99325,0.00546,0.00119,0.00011
542.64001,1.02191,0.99316,0.00554,0.00120,0.00011
542.78003,1.02191,0.99332,0.00538,0.00119,0.00011
542.91998,1.02197,0.99333,0.00538,0.00118,0.00011
543.06000,1.02191,0.99333,0.00539,0.00117,0.00010
543.20001,1.02191,0.99374,0.00502,0.00113,0.00011
543.34003,1.02191,0.99366,0.00511,0.00113,0.00010
543.47998,1.02197,0.99358,0.00518,0.00113,0.00010
543.62000,1.02197,0.99391,0.00488,0.00111,0.00010
543.76001,1.02191,0.99379,0.00500,0.00111,0.00010
543.90002,1.02191,0.99389,0.00490,0.00111,0.00010
544.03998,1.02197,0.99361,0.00515,0.00113,0.00010
544.17999,1.02197,0.99401,0.00480,0.00109,0.00010
544.32001,1.02191,0.99383,0.00496,0.00111,0.00010
544.46002,1.02191,0.99386,0.00493,0.00111,0.00011
544.59998,1.02197,0.99401,0.00479,0.00109,0.00011
544.73999,1.02197,0.99415,0.00467,0.00108,0.00011
544.88000,1.02191,0.99372,0.00506,0.00112,0.00010
545.02002,1.02191,0.99352,0.00523,0.00114,0.00010
545.15997,1.02197,0.99333,0.00539,0.00118,0.00011
545.29999,1.02197,0.99297,0.00571,0.00122,0.00010
545.44000,1.02191,0.99349,0.00521,0.00118,0.00011
545.58002,1.02191,0.99347,0.00523,0.00119,0.00011
545.71997,1.02197,0.99338,0.00532,0.00120,0.00011
545.85999,1.02197,0.99312,0.00555,0.00122,0.00011
546.00000,1.02191,0.99347,0.00523,0.00119,0.00011
546.14001,1.02191,0.99349,0.00523,0.00118,0.00011
546.28003,1.02191,0.99348,0.00522,0.00119,0.00011
546.41998,1.02197,0.99318,0.00548,0.00123,0.00011
546.56000,1.02191,0.99331,0.00535,0.00122,0.00012
546.70001,1.02191,0.99321,0.00544,0.00123,0.00012
546.84003,1.02191,0.99303,0.00560,0.00126,0.00012
546.97998,1.02197,0.99289,0.00572,0.00127,0.00011
547.12000,1.02197,0.99249,0.00609,0.00131,0.00011
547.26001,1.02191,0.99283,0.00578,0.00128,0.00012
547.40002,1.02191,0.99296,0.00564,0.00128,0.00012
547.53998,1.02197,0.99272,0.00587,0.00130,0.00012
547.67999,1.02197,0.99273,0.00586,0.00129,0.00011
547.82001,1.02191,0.99274,0.00585,0.00129,0.00011
547.96002,1.02191,0.99315,0.00549,0.00124,0.00012
548.09998,1.02197,0.99295,0.00568,0.00126,0.00011
548.23999,1.02197,0.99287,0.00576,0.00126,0.00011
548.38000,1.02191,0.99283,0.00579,0.00127,0.00011
548.52002,1.02191,0.99353,0.00516,0.00120,0.00011
548.65997,1.02197,0.99316,0.00549,0.00123,0.00011
548.79999,1.02197,0.99339,0.00529,0.00120,0.00011
548.94000,1.02191,0.99300,0.00565,0.00124,0.00011
549.08002,1.02191,0.99339,0.00531,0.00119,0.00011
549.21997,1.02197,0.99354,0.00516,0.00119,0.00011
549.35999,1.02197,0.99368,0.00504,0.00117,0.00011
549.50000,1.02191,0.99342,0.00527,0.00119,0.00011
549.64001,1.02191,0.99338,0.00531,0.00120,0.00011
549.78003,1.02191,0.99317,0.00551,0.00121,0.00011
549.91998,1.02197,0.99320,0.00549,0.00121,0.00011
550.06000,1.02191,0.99348,0.00523,0.00118,0.00011
550.20001,1.02191,0.99348,0.00522,0.00119,0.00011
550.34003,1.02191,0.99364,0.00509,0.00116,0.00011
550.47998,1.02197,0.99345,0.00527,0.00117,0.00011
550.62000,1.02197,0.99342,0.00530,0.00117,0.00011
550.76001,1.02191,0.99327,0.00544,0.00119,0.00010
550.90002,1.02191,0.99387,0.00489,0.00113,0.00011
551.03998,1.02197,0.99401,0.00478,0.00111,0.00011
551.17999,1.02197,0.99407,0.00471,0.00110,0.00011
551.32001,1.02191,0.99351,0.00524,0.00115,0.00010
551.46002,1.02191,0.99371,0.00505,0.00113,0.00010
551.59998,1.02197,0.99366,0.00509,0.00114,0.00010
551.73999,1.02197,0.99387,0.00490,0.00112,0.00011
551.88000,1.02191,0.99362,0.00514,0.00114,0.00010
552.02002,1.02191,0.99367,0.00508,0.00115,0.00011
552.15997,1.02197,0.99356,0.00519,0.00115,0.00010
552.29999,1.02197,0.99393,0.00486,0.00110,0.00011
552.44000,1.02191,0.99345,0.00529,0.00116,0.00010
552.58002,1.02191,0.99366,0.00510,0.00114,0.00010
552.71997,1.02197,0.99375,0.00502,0.00113,0.00010
552.85999,1.02197,0.99396,0.00483,0.00111,0.00010
553.00000,1.02191,0.99390,0.00489,0.00110,0.00010
553.14001,1.02191,0.99381,0.00497,0.00112,0.00010
553.28003,1.02191,0.99390,0.00490,0.00110,0.00010
553.41998,1.02197,0.99397,0.00484,0.00109,0.00011
553.56000,1.02191,0.99373,0.00504,0.00113,0.00011
553.70001,1.02191,0.99393,0.00485,0.00111,0.00011
553.84003,1.02191,0.99349,0.00526,0.00115,0.00010
553.97998,1.02197,0.99378,0.00500,0.00112,0.00011
554.12000,1.02197,0.99367,0.00510,0.00113,0.00010
554.26001,1.02191,0.99361,0.00517,0.00112,0.00010
554.40002,1.02191,0.99402,0.00481,0.00107,0.00010
554.53998,1.02197,0.99397,0.00485,0.00108,0.00010
554.67999,1.02197,0.99414,0.00470,0.00106,0.00010
554.82001,1.02191,0.99422,0.00464,0.00104,0.00010
554.96002,1.02191,0.99428,0.00459,0.00103,0.00010
555.09998,1.02197,0.99401,0.00482,0.00107,0.00010
555.23999,1.02197,0.99427,0.00458,0.00105,0.00010
555.38000,1.02191,0.99409,0.00475,0.00106,0.00010
555.52002,1.02191,0.99419,0.00466,0.00105,0.00011
555.65997,1.02197,0.99380,0.00500,0.00110,0.00010
555.79999,1.02197,0.99376,0.00503,0.00111,0.00010
555.94000,1.02191,0.99386,0.00495,0.00109,0.00010
556.08002,1.02191,0.99393,0.00488,0.00109,0.00010
556.21997,1.02197,0.99376,0.00503,0.00111,0.00010
556.35999,1.02197,0.99371,0.00509,0.00110,0.00010
556.50000,1.02191,0.99399,0.00484,0.00107,0.00010
556.64001,1.02191,0.99383,0.00498,0.00108,0.00010
556.78003,1.02191,0.99394,0.00489,0.00108,0.00010
556.91998,1.02197,0.99380,0.00500,0.00110,0.00010
557.06000,1.02191,0.99394,0.00488,0.00108,0.00010
557.20001,1.02191,0.99391,0.00492,0.00107,0.00010
557.34003,1.02191,0.99422,0.00463,0.00105,0.00010
557.47998,1.02197,0.99395,0.00488,0.00107,0.00010
557.62000,1.02197,0.99415,0.00469,0.00105,0.00010
557.76001,1.02191,0.99398,0.00486,0.00106,0.00010
557.90002,1.02191,0.99420,0.00466,0.00104,0.00010
558.03998,1.02197,0.99427,0.00459,0.00103,0.00010
558.17999,1.02197,0.99417,0.00469,0.00104,0.00010
558.32001,1.02191,0.99427,0.00461,0.00103,0.00010
558.46002,1.02191,0.99434,0.00454,0.00102,0.00010
558.59998,1.02197,0.99450,0.00441,0.00100,0.00010
558.73999,1.02197,0.99431,0.00458,0.00102,0.00010
558.88000,1.02191,0.99443,0.00446,0.00101,0.00010
559.02002,1.02191,0.99419,0.00468,0.00103,0.00010
559.15997,1.02197,0.99428,0.00459,0.00103,0.00010
559.29999,1.02197,0.99414,0.00472,0.00104,0.00010
559.44000,1.02191,0.99448,0.00441,0.00101,0.00010
559.58002,1.02191,0.99407,0.00479,0.00104,0.00009
559.71997,1.02197,0.99430,0.00458,0.00102,0.00010
559.85999,1.02197,0.99428,0.00461,0.00101,0.00010
560.00000,1.02191,0.99417,0.00472,0.00102,0.00009
560.14001,1.02191,0.99417,0.00470,0.00103,0.00010
560.28003,1.02191,0.99421,0.00466,0.00103,0.00010
560.41998,1.02197,0.99391,0.00493,0.00106,0.00010
560.56000,1.02191,0.99416,0.00470,0.00104,0.00010
560.70001,1.02191,0.99396,0.00488,0.00106,0.00010
560.84003,1.02191,0.99386,0.00498,0.00107,0.00010
560.97998,1.02197,0.99403,0.00482,0.00105,0.00010
561.12000,1.02197,0.99396,0.00488,0.00106,0.00010
561.26001,1.02191,0.99405,0.00481,0.00105,0.00010
561.40002,1.02191,0.99423,0.00465,0.00103,0.00010
561.53998,1.02197,0.99432,0.00457,0.00102,0.00010
561.67999,1.02197,0.99419,0.00469,0.00103,0.00009
561.82001,1.02191,0.99449,0.00443,0.00099,0.00010
561.96002,1.02191,0.99437,0.00454,0.00100,0.00009
562.09998,1.02197,0.99440,0.00452,0.00099,0.00009
562.23999,1.02197,0.99468,0.00426,0.00096,0.00010
562.38000,1.02191,0.99461,0.00433,0.00097,0.00010
562.52002,1.02191,0.99465,0.00429,0.00097,0.00010
562.65997,1.02197,0.99441,0.00450,0.00099,0.00009
562.79999,1.02197,0.99448,0.00444,0.00098,0.00010
562.94000,1.02191,0.99450,0.00442,0.00098,0.00009
563.08002,1.02191,0.99459,0.00434,0.00098,0.00010
563.21997,1.02197,0.99434,0.00457,0.00100,0.00009
563.35999,1.02197,0.99455,0.00438,0.00097,0.00009
563.50000,1.02191,0.99437,0.00455,0.00098,0.00009
563.64001,1.02191,0.99454,0.00441,0.00097,0.00009
563.78003,1.02191,0.99489,0.00408,0.00093,0.00009
563.91998,1.02197,0.99491,0.00408,0.00092,0.00009
564.06000,1.02191,0.99498,0.00401,0.00091,0.00009
564.20001,1.02191,0.99495,0.00404,0.00092,0.00009
564.34003,1.02191,0.99473,0.00424,0.00094,0.00009
564.47998,1.02197,0.99494,0.00406,0.00091,0.00009
564.62000,1.02197,0.99494,0.00405,0.00092,0.00009
564.76001,1.02191,0.99491,0.00408,0.00092,0.00009
564.90002,1.02191,0.99474,0.00424,0.00093,0.00009
565.03998,1.02197,0.99488,0.00412,0.00092,0.00009
565.17999,1.02197,0.99493,0.00407,0.00091,0.00009
565.32001,1.02191,0.99489,0.00411,0.00091,0.00009
565.46002,1.02191,0.99495,0.00405,0.00091,0.00009
565.59998,1.02197,0.99499,0.00403,0.00090,0.00009
565.73999,1.02197,0.99503,0.00399,0.00089,0.00009
565.88000,1.02191,0.99503,0.00400,0.00089,0.00009
566.02002,1.02191,0.99490,0.00411,0.00090,0.00009
566.15997,1.02197,0.99501,0.00401,0.00090,0.00009
566.29999,1.02197,0.99499,0.00402,0.00090,0.00009
566.44000,1.02191,0.99507,0.00395,0.00089,0.00009
566.58002,1.02191,0.99488,0.00412,0.00091,0.00009
566.71997,1.02197,0.99503,0.00398,0.00090,0.00009
566.85999,1.02197,0.99503,0.00399,0.00089,0.00009
567.00000,1.02191,0.99506,0.00397,0.00088,0.00009
567.14001,1.02191,0.99516,0.00388,0.00087,0.00009
567.28003,1.02191,0.99521,0.00384,0.00087,0.00009
567.41998,1.02197,0.99530,0.00376,0.00085,0.00009
567.56000,1.02191,0.99543,0.00365,0.00083,0.00008
567.70001,1.02191,0.99544,0.00365,0.00083,0.00008
567.84003,1.02191,0.99548,0.00361,0.00082,0.00008
567.97998,1.02197,0.99534,0.00375,0.00083,0.00008
568.12000,1.02197,0.99558,0.00352,0.00081,0.00009
568.26001,1.02191,0.99564,0.00347,0.00081,0.00009
568.40002,1.02191,0.99544,0.00364,0.00083,0.00009
568.53998,1.02197,0.99545,0.00363,0.00083,0.00008
568.67999,1.02197,0.99552,0.00358,0.00082,0.00008
568.82001,1.02191,0.99556,0.00355,0.00081,0.00008
568.96002,1.02191,0.99562,0.00350,0.00080,0.00008
569.09998,1.02197,0.99560,0.00351,0.00081,0.00008
569.23999,1.02197,0.99554,0.00357,0.00081,0.00008
569.38000,1.02191,0.99555,0.00355,0.00082,0.00009
569.52002,1.02191,0.99530,0.00377,0.00085,0.00008
569.65997,1.02197,0.99541,0.00367,0.00084,0.00009
569.79999,1.02197,0.99556,0.00354,0.00082,0.00009
569.94000,1.02191,0.99530,0.00377,0.00084,0.00009
570.08002,1.02191,0.99529,0.00379,0.00084,0.00008
570.21997,1.02197,0.99527,0.00382,0.00083,0.00008
570.35999,1.02197,0.99554,0.00357,0.00081,0.00008
570.50000,1.02191,0.99542,0.00368,0.00081,0.00008
570.64001,1.02191,0.99559,0.00353,0.00080,0.00008
570.78003,1.02191,0.99544,0.00367,0.00081,0.00008
570.91998,1.02197,0.99569,0.00344,0.00078,0.00008
571.06000,1.02191,0.99547,0.00365,0.00080,0.00008
571.20001,1.02191,0.99568,0.00345,0.00079,0.00008
571.34003,1.02191,0.99549,0.00362,0.00081,0.00008
571.47998,1.02197,0.99556,0.00356,0.00080,0.00008
571.62000,1.02197,0.99560,0.00352,0.00080,0.00008
571.76001,1.02191,0.99568,0.00345,0.00079,0.00008
571.90002,1.02191,0.99578,0.00338,0.00076,0.00008
572.03998,1.02197,0.99585,0.00331,0.00076,0.00008
572.17999,1.02197,0.99582,0.00334,0.00076,0.00008
572.32001,1.02191,0.99583,0.00334,0.00075,0.00008
572.46002,1.02191,0.99604,0.00314,0.00073,0.00008
572.59998,1.02197,0.99584,0.00333,0.00076,0.00008
572.73999,1.02197,0.99575,0.00340,0.00077,0.00008
572.88000,1.02191,0.99572,0.00342,0.00078,0.00008
573.02002,1.02191,0.99582,0.00332,0.00077,0.00008
573.15997,1.02197,0.99581,0.00334,0.00077,0.00008
573.29999,1.02197,0.99574,0.00340,0.00078,0.00008
573.44000,1.02191,0.99576,0.00339,0.00077,0.00008
573.58002,1.02191,0.99571,0.00345,0.00077,0.00008
573.71997,1.02197,0.99588,0.00329,0.00075,0.00008
573.85999,1.02197,0.99584,0.00332,0.00076,0.00008
574.00000,1.02191,0.99596,0.00321,0.00075,0.00008
574.14001,1.02191,0.99577,0.00339,0.00076,0.00008
574.28003,1.02191,0.99584,0.00332,0.00076,0.00008
574.41998,1.02197,0.99578,0.00338,0.00076,0.00008
574.56000,1.02191,0.99585,0.00331,0.00076,0.00008
574.70001,1.02191,0.99580,0.00336,0.00076,0.00008
574.84003,1.02191,0.99588,0.00328,0.00076,0.00008
574.97998,1.02197,0.99579,0.00337,0.00076,0.00008
575.12000,1.02197,0.99588,0.00329,0.00075,0.00008
575.26001,1.02191,0.99602,0.00317,0.00074,0.00008
575.40002,1.02191,0.99594,0.00324,0.00074,0.00008
575.53998,1.02197,0.99591,0.00326,0.00074,0.00008
575.67999,1.02197,0.99592,0.00326,0.00074,0.00008
575.82001,1.02191,0.99582,0.00334,0.00076,0.00008
575.96002,1.02191,0.99577,0.00338,0.00077,0.00008
576.09998,1.02197,0.99575,0.00339,0.00077,0.00008
576.23999,1.02197,0.99567,0.00347,0.00079,0.00008
576.38000,1.02191,0.99569,0.00344,0.00078,0.00008
576.52002,1.02191,0.99579,0.00336,0.00077,0.00008
576.65997,1.02197,0.99578,0.00338,0.00076,0.00008
576.79999,1.02197,0.99586,0.00331,0.00076,0.00008
576.94000,1.02191,0.99590,0.00328,0.00075,0.00008
577.08002,1.02191,0.99608,0.00311,0.00073,0.00008
577.21997,1.02197,0.99599,0.00320,0.00073,0.00008
577.35999,1.02197,0.99602,0.00317,0.00073,0.00008
577.50000,1.02191,0.99596,0.00323,0.00074,0.00008
577.64001,1.02191,0.99602,0.00317,0.00074,0.00008
577.78003,1.02191,0.99590,0.00327,0.00075,0.00008
577.91998,1.02197,0.99571,0.00343,0.00078,0.00008
578.06000,1.02191,0.99562,0.00351,0.00079,0.00008
578.20001,1.02191,0.99576,0.00338,0.00078,0.00008
578.34003,1.02191,0.99558,0.00355,0.00079,0.00008
578.47998,1.02197,0.99560,0.00353,0.00079,0.00008
578.62000,1.02197,0.99560,0.00353,0.00079,0.00008
578.76001,1.02191,0.99568,0.00346,0.00078,0.00008
578.90002,1.02191,0.99579,0.00337,0.00076,0.00008
579.03998,1.02197,0.99578,0.00337,0.00077,0.00008
579.17999,1.02197,0.99585,0.00331,0.00076,0.00008
579.32001,1.02191,0.99597,0.00321,0.00074,0.00008
579.46002,1.02191,0.99600,0.00319,0.00073,0.00008
579.59998,1.02197,0.99605,0.00314,0.00073,0.00008
579.73999,1.02197,0.99602,0.00317,0.00073,0.00008
579.88000,1.02191,0.99599,0.00320,0.00073,0.00008
580.02002,1.02191,0.99616,0.00304,0.00072,0.00008
580.15997,1.02197,0.99615,0.00305,0.00071,0.00008
580.29999,1.02197,0.99600,0.00320,0.00073,0.00008
580.44000,1.02191,0.99612,0.00309,0.00072,0.00008
580.58002,1.02191,0.99613,0.00308,0.00071,0.00008
580.71997,1.02197,0.99621,0.00301,0.00070,0.00008
580.85999,1.02197,0.99620,0.00301,0.00071,0.00008
581.00000,1.02191,0.99597,0.00322,0.00073,0.00008
581.14001,1.02191,0.99603,0.00317,0.00073,0.00008
581.28003,1.02191,0.99598,0.00322,0.00073,0.00008
581.41998,1.02197,0.99602,0.00318,0.00073,0.00008
581.56000,1.02191,0.99599,0.00320,0.00073,0.00008
581.70001,1.02191,0.99596,0.00323,0.00073,0.00008
581.84003,1.02191,0.99595,0.00323,0.00074,0.00008
581.97998,1.02197,0.99590,0.00328,0.00074,0.00008
582.12000,1.02197,0.99588,0.00329,0.00075,0.00008
582.26001,1.02191,0.99594,0.00324,0.00075,0.00008
582.40002,1.02191,0.99589,0.00327,0.00075,0.00008
582.53998,1.02197,0.99563,0.00351,0.00078,0.00008
582.67999,1.02197,0.99577,0.00338,0.00077,0.00008
582.82001,1.02191,0.99556,0.00356,0.00079,0.00008
582.96002,1.02191,0.99557,0.00357,0.00079,0.00008
583.09998,1.02197,0.99572,0.00342,0.00077,0.00008
583.23999,1.02197,0.99559,0.00354,0.00079,0.00008
583.38000,1.02191,0.99566,0.00348,0.00078,0.00008
583.52002,1.02191,0.99572,0.00342,0.00078,0.00008
583.65997,1.02197,0.99571,0.00343,0.00078,0.00008
583.79999,1.02197,0.99571,0.00342,0.00078,0.00008
583.94000,1.02191,0.99568,0.00344,0.00079,0.00008
584.08002,1.02191,0.99561,0.00351,0.00080,0.00008
584.21997,1.02197,0.99550,0.00361,0.00081,0.00008
584.35999,1.02197,0.99549,0.00362,0.00082,0.00008
584.50000,1.02191,0.99548,0.00361,0.00082,0.00009
584.64001,1.02191,0.99529,0.00378,0.00085,0.00009
584.78003,1.02191,0.99526,0.00380,0.00086,0.00009
584.91998,1.02197,0.99535,0.00371,0.00085,0.00009
585.06000,1.02191,0.99517,0.00389,0.00086,0.00008
585.20001,1.02191,0.99515,0.00389,0.00087,0.00009
585.34003,1.02191,0.99513,0.00391,0.00088,0.00009
585.47998,1.02197,0.99512,0.00390,0.00089,0.00009
585.62000,1.02197,0.99517,0.00385,0.00088,0.00009
585.76001,1.02191,0.99496,0.00404,0.00091,0.00009
585.90002,1.02191,0.99497,0.00401,0.00092,0.00009
586.03998,1.02197,0.99464,0.00432,0.00095,0.00009
586.17999,1.02197,0.99458,0.00438,0.00096,0.00009
586.32001,1.02191,0.99458,0.00437,0.00096,0.00009
586.46002,1.02191,0.99445,0.00448,0.00098,0.00009
586.59998,1.02197,0.99460,0.00433,0.00097,0.00010
586.73999,1.02197,0.99435,0.00455,0.00100,0.00010
586.88000,1.02191,0.99427,0.00462,0.00101,0.00009
587.02002,1.02191,0.99434,0.00455,0.00102,0.00010
587.15997,1.02197,0.99429,0.00458,0.00103,0.00010
587.29999,1.02197,0.99424,0.00462,0.00104,0.00010
587.44000,1.02191,0.99408,0.00476,0.00106,0.00010
587.58002,1.02191,0.99405,0.00479,0.00106,0.00010
587.71997,1.02197,0.99406,0.00477,0.00107,0.00010
587.85999,1.02197,0.99405,0.00478,0.00108,0.00010
588.00000,1.02191,0.99394,0.00487,0.00109,0.00010
588.14001,1.02191,0.99389,0.00492,0.00109,0.00010
588.28003,1.02191,0.99365,0.00512,0.00113,0.00010
588.41998,1.02197,0.99397,0.00483,0.00110,0.00011
588.56000,1.02191,0.99378,0.00500,0.00112,0.00010
588.70001,1.02191,0.99368,0.00509,0.00113,0.00010
588.84003,1.02191,0.99363,0.00514,0.00113,0.00010
588.97998,1.02197,0.99355,0.00520,0.00115,0.00010
589.12000,1.02197,0.99381,0.00496,0.00113,0.00011
589.26001,1.02191,0.99353,0.00521,0.00115,0.00010
589.40002,1.02191,0.99370,0.00505,0.00114,0.00011
589.53998,1.02197,0.99339,0.00534,0.00117,0.00010
589.67999,1.02197,0.99358,0.00516,0.00116,0.00011
589.82001,1.02191,0.99332,0.00539,0.00119,0.00010
589.96002,1.02191,0.99333,0.00538,0.00119,0.00011
590.09998,1.02197,0.99321,0.00549,0.00120,0.00011
590.23999,1.02197,0.99327,0.00543,0.00119,0.00011
590.38000,1.02191,0.99303,0.00564,0.00122,0.00011
590.52002,1.02191,0.99350,0.00522,0.00118,0.00011
590.65997,1.02197,0.99339,0.00531,0.00118,0.00011
590.79999,1.02197,0.99350,0.00522,0.00117,0.00011
590.94000,1.02191,0.99318,0.00550,0.00120,0.00011
591.08002,1.02191,0.99304,0.00563,0.00122,0.00011
591.21997,1.02197,0.99293,0.00572,0.00124,0.00010
591.35999,1.02197,0.99309,0.00558,0.00122,0.00011
591.50000,1.02191,0.99278,0.00586,0.00125,0.00011
591.64001,1.02191,0.99290,0.00574,0.00125,0.00011
591.78003,1.02191,0.99266,0.00596,0.00127,0.00010
591.91998,1.02197,0.99303,0.00563,0.00123,0.00011
592.06000,1.02191,0.99292,0.00571,0.00125,0.00011
592.20001,1.02191,0.99266,0.00595,0.00128,0.00011
592.34003,1.02191,0.99272,0.00588,0.00128,0.00011
592.47998,1.02197,0.99276,0.00585,0.00128,0.00011
592.62000,1.02197,0.99313,0.00551,0.00125,0.00012
592.76001,1.02191,0.99279,0.00583,0.00126,0.00011
592.90002,1.02191,0.99288,0.00573,0.00127,0.00012
593.03998,1.02197,0.99246,0.00612,0.00131,0.00011
593.17999,1.02197,0.99257,0.00600,0.00132,0.00012
593.32001,1.02191,0.99255,0.00601,0.00132,0.00011
593.46002,1.02191,0.99268,0.00587,0.00132,0.00012
593.59998,1.02197,0.99248,0.00608,0.00133,0.00011
593.73999,1.02197,0.99247,0.00607,0.00134,0.00012
593.88000,1.02191,0.99227,0.00626,0.00136,0.00011
594.02002,1.02191,0.99241,0.00613,0.00135,0.00012
594.15997,1.02197,0.99258,0.00596,0.00133,0.00012
594.29999,1.02197,0.99195,0.00652,0.00141,0.00012
594.44000,1.02191,0.99208,0.00641,0.00139,0.00012
594.58002,1.02191,0.99203,0.00646,0.00139,0.00012
594.71997,1.02197,0.99219,0.00630,0.00139,0.00012
594.85999,1.02197,0.99192,0.00653,0.00142,0.00012
595.00000,1.02191,0.99220,0.00629,0.00139,0.00012
595.14001,1.02191,0.99204,0.00642,0.00142,0.00013
595.28003,1.02191,0.99184,0.00660,0.00144,0.00012
595.41998,1.02197,0.99177,0.00665,0.00146,0.00013
595.56000,1.02191,0.99236,0.00610,0.00141,0.00014
595.70001,1.02191,0.99176,0.00663,0.00148,0.00013
595.84003,1.02191,0.99169,0.00671,0.00147,0.00013
595.97998,1.02197,0.99154,0.00685,0.00148,0.00013
596.12000,1.02197,0.99140,0.00695,0.00151,0.00014
596.26001,1.02191,0.99042,0.00791,0.00155,0.00013
596.40002,1.02191,0.99112,0.00726,0.00149,0.00013
596.53998,1.02197,0.99147,0.00688,0.00150,0.00015
596.67999,1.02197,0.99128,0.00708,0.00151,0.00013
596.82001,1.02191,0.99181,0.00659,0.00146,0.00015
596.96002,1.02191,0.99092,0.00740,0.00155,0.00013
597.09998,1.02197,0.99100,0.00734,0.00153,0.00013
597.23999,1.02197,0.99148,0.00692,0.00146,0.00013
597.38000,1.02191,0.99145,0.00695,0.00147,0.00013
597.52002,1.02191,0.99126,0.00708,0.00152,0.00014
597.65997,1.02197,0.99126,0.00711,0.00150,0.00013
597.79999,1.02197,0.99126,0.00710,0.00151,0.00013
597.94000,1.02191,0.99141,0.00697,0.00149,0.00013
598.08002,1.02191,0.99168,0.00672,0.00147,0.00013
598.21997,1.02197,0.99210,0.00635,0.00142,0.00013
598.35999,1.02197,0.99224,0.00623,0.00141,0.00013
598.50000,1.02191,0.99228,0.00621,0.00139,0.00012
598.64001,1.02191,0.99252,0.00599,0.00137,0.00012
598.78003,1.02191,0.99257,0.00597,0.00134,0.00012
598.91998,1.02197,0.99250,0.00603,0.00135,0.00013
599.06000,1.02191,0.99268,0.00584,0.00135,0.00013
599.20001,1.02191,0.99254,0.00599,0.00135,0.00012
599.34003,1.02191,0.99286,0.00569,0.00132,0.00013
599.47998,1.02197,0.99191,0.00656,0.00141,0.00012
599.62000,1.02197,0.99216,0.00632,0.00140,0.00012
599.76001,1.02191,0.99211,0.00640,0.00138,0.00012
599.90002,1.02191,0.99254,0.00600,0.00134,0.00012
600.03998,1.02197,0.99204,0.00645,0.00139,0.00012
600.17999,1.02197,0.99246,0.00602,0.00139,0.00013
600.32001,1.02191,0.99218,0.00630,0.00139,0.00012
600.46002,1.02191,0.99221,0.00627,0.00139,0.00012
600.59998,1.02197,0.99217,0.00633,0.00138,0.00012
600.73999,1.02197,0.99225,0.00622,0.00140,0.00012
600.88000,1.02191,0.99233,0.00619,0.00136,0.00012
601.02002,1.02191,0.99233,0.00617,0.00137,0.00012
601.15997,1.02197,0.99262,0.00589,0.00136,0.00012
601.29999,1.02197,0.99283,0.00572,0.00132,0.00012
601.44000,1.02191,0.99251,0.00602,0.00135,0.00012
601.58002,1.02191,0.99266,0.00586,0.00135,0.00013
601.71997,1.02197,0.99239,0.00615,0.00135,0.00012
601.85999,1.02197,0.99233,0.00621,0.00135,0.00011
602.00000,1.02191,0.99300,0.00558,0.00130,0.00013
602.14001,1.02191,0.99300,0.00558,0.00129,0.00013
602.28003,1.02191,0.99250,0.00605,0.00133,0.00012
602.41998,1.02197,0.99237,0.00617,0.00135,0.00012
602.56000,1.02191,0.99246,0.00609,0.00134,0.00012
602.70001,1.02191,0.99207,0.00645,0.00137,0.00011
602.84003,1.02191,0.99248,0.00608,0.00132,0.00012
602.97998,1.02197,0.99255,0.00601,0.00132,0.00012
603.12000,1.02197,0.99197,0.00654,0.00138,0.00011
603.26001,1.02191,0.99249,0.00605,0.00133,0.00012
603.40002,1.02191,0.99284,0.00574,0.00130,0.00012
603.53998,1.02197,0.99229,0.00625,0.00135,0.00012
603.67999,1.02197,0.99249,0.00608,0.00132,0.00012
603.82001,1.02191,0.99265,0.00592,0.00131,0.00012
603.96002,1.02191,0.99277,0.00581,0.00130,0.00012
604.09998,1.02197,0.99282,0.00578,0.00128,0.00011
604.23999,1.02197,0.99310,0.00552,0.00126,0.00012
604.38000,1.02191,0.99284,0.00577,0.00128,0.00011
604.52002,1.02191,0.99297,0.00567,0.00125,0.00011
604.65997,1.02197,0.99276,0.00587,0.00126,0.00011
604.79999,1.02197,0.99296,0.00568,0.00124,0.00011
604.94000,1.02191,0.99340,0.00527,0.00121,0.00012
605.08002,1.02191,0.99334,0.00534,0.00121,0.00011
605.21997,1.02197,0.99316,0.00549,0.00123,0.00012
605.35999,1.02197,0.99302,0.00563,0.00124,0.00011
605.50000,1.02191,0.99286,0.00578,0.00125,0.00011
605.64001,1.02191,0.99322,0.00545,0.00122,0.00011
605.78003,1.02191,0.99269,0.00593,0.00127,0.00011
605.91998,1.02197,0.99281,0.00581,0.00127,0.00011
606.06000,1.02191,0.99255,0.00604,0.00129,0.00011
606.20001,1.02191,0.99253,0.00607,0.00129,0.00011
606.34003,1.02191,0.99268,0.00592,0.00129,0.00011
606.47998,1.02197,0.99282,0.00579,0.00128,0.00012
606.62000,1.02197,0.99317,0.00547,0.00124,0.00012
606.76001,1.02191,0.99299,0.00565,0.00125,0.00011
606.90002,1.02191,0.99300,0.00565,0.00124,0.00011
607.03998,1.02197,0.99326,0.00542,0.00121,0.00011
607.17999,1.02197,0.99316,0.00552,0.00121,0.00011
607.32001,1.02191,0.99287,0.00577,0.00125,0.00011
607.46002,1.02191,0.99342,0.00526,0.00121,0.00012
607.59998,1.02197,0.99337,0.00531,0.00120,0.00012
607.73999,1.02197,0.99317,0.00549,0.00123,0.00011
607.88000,1.02191,0.99301,0.00564,0.00124,0.00011
608.02002,1.02191,0.99308,0.00559,0.00122,0.00011
608.15997,1.02197,0.99326,0.00542,0.00121,0.00011
608.29999,1.02197,0.99325,0.00543,0.00121,0.00011
608.44000,1.02191,0.99316,0.00553,0.00121,0.00011
608.58002,1.02191,0.99325,0.00542,0.00121,0.00011
608.71997,1.02197,0.99337,0.00532,0.00120,0.00011
608.85999,1.02197,0.99306,0.00561,0.00122,0.00011
609.00000,1.02191,0.99326,0.00542,0.00121,0.00011
609.14001,1.02191,0.99337,0.00532,0.00120,0.00011
609.28003,1.02191,0.99295,0.00572,0.00122,0.00011
609.41998,1.02197,0.99295,0.00572,0.00123,0.00011
609.56000,1.02191,0.99300,0.00566,0.00123,0.00011
609.70001,1.02191,0.99299,0.00566,0.00124,0.00011
609.84003,1.02191,0.99296,0.00570,0.00123,0.00011
609.97998,1.02197,0.99325,0.00544,0.00120,0.00011
610.12000,1.02197,0.99346,0.00526,0.00117,0.00011
610.26001,1.02191,0.99334,0.00538,0.00117,0.00010
610.40002,1.02191,0.99359,0.00516,0.00115,0.00010
610.53998,1.02197,0.99373,0.00504,0.00113,0.00010
610.67999,1.02197,0.99374,0.00504,0.00112,0.00010
610.82001,1.02191,0.99389,0.00490,0.00111,0.00011
610.96002,1.02191,0.99386,0.00492,0.00111,0.00011
611.09998,1.02197,0.99390,0.00489,0.00110,0.00010
611.23999,1.02197,0.99401,0.00479,0.00110,0.00011
611.38000,1.02191,0.99364,0.00512,0.00113,0.00010
611.52002,1.02191,0.99375,0.00502,0.00112,0.00011
611.65997,1.02197,0.99374,0.00504,0.00112,0.00010
611.79999,1.02197,0.99356,0.00520,0.00113,0.00010
611.94000,1.02191,0.99395,0.00484,0.00110,0.00011
612.08002,1.02191,0.99382,0.00496,0.00112,0.00011
612.21997,1.02197,0.99385,0.00494,0.00111,0.00010
612.35999,1.02197,0.99381,0.00498,0.00111,0.00010
612.50000,1.02191,0.99401,0.00481,0.00108,0.00010
612.64001,1.02191,0.99407,0.00475,0.00108,0.00010
612.78003,1.02191,0.99420,0.00464,0.00105,0.00010
612.91998,1.02197,0.99405,0.00478,0.00107,0.00010
613.06000,1.02191,0.99431,0.00456,0.00104,0.00010
613.20001,1.02191,0.99430,0.00456,0.00104,0.00010
613.34003,1.02191,0.99430,0.00456,0.00104,0.00010
613.47998,1.02197,0.99439,0.00448,0.00103,0.00010
613.62000,1.02197,0.99431,0.00456,0.00103,0.00010
613.76001,1.02191,0.99404,0.00480,0.00106,0.00010
613.90002,1.02191,0.99415,0.00469,0.00105,0.00010
614.03998,1.02197,0.99405,0.00478,0.00107,0.00010
614.17999,1.02197,0.99414,0.00470,0.00106,0.00010
614.32001,1.02191,0.99403,0.00480,0.00107,0.00010
614.46002,1.02191,0.99392,0.00491,0.00108,0.00010
614.59998,1.02197,0.99391,0.00492,0.00108,0.00010
614.73999,1.02197,0.99410,0.00475,0.00105,0.00010
614.88000,1.02191,0.99425,0.00462,0.00103,0.00010
615.02002,1.02191,0.99440,0.00449,0.00101,0.00010
615.15997,1.02197,0.99420,0.00468,0.00103,0.00010
615.29999,1.02197,0.99439,0.00449,0.00101,0.00010
615.44000,1.02191,0.99430,0.00458,0.00103,0.00010
615.58002,1.02191,0.99435,0.00453,0.00102,0.00010
615.71997,1.02197,0.99433,0.00455,0.00103,0.00010
615.85999,1.02197,0.99458,0.00431,0.00100,0.00010
616.00000,1.02191,0.99455,0.00435,0.00100,0.00010
616.14001,1.02191,0.99438,0.00452,0.00101,0.00009
616.28003,1.02191,0.99432,0.00457,0.00101,0.00010
616.41998,1.02197,0.99410,0.00476,0.00104,0.00010
616.56000,1.02191,0.99456,0.00434,0.00100,0.00010
616.70001,1.02191,0.99459,0.00431,0.00099,0.00010
616.84003,1.02191,0.99447,0.00443,0.00100,0.00010
616.97998,1.02197,0.99441,0.00447,0.00101,0.00010
617.12000,1.02197,0.99438,0.00453,0.00100,0.00010
617.26001,1.02191,0.99440,0.00451,0.00099,0.00009
617.40002,1.02191,0.99462,0.00431,0.00098,0.00010
617.53998,1.02197,0.99442,0.00449,0.00100,0.00010
617.67999,1.02197,0.99435,0.00454,0.00101,0.00010
617.82001,1.02191,0.99447,0.00443,0.00100,0.00010
617.96002,1.02191,0.99435,0.00455,0.00101,0.00009
618.09998,1.02197,0.99427,0.00463,0.00100,0.00009
618.23999,1.02197,0.99430,0.00460,0.00101,0.00009
618.38000,1.02191,0.99455,0.00438,0.00098,0.00009
618.52002,1.02191,0.99449,0.00443,0.00099,0.00010
618.65997,1.02197,0.99448,0.00444,0.00098,0.00010
618.79999,1.02197,0.99455,0.00437,0.00099,0.00010
618.94000,1.02191,0.99443,0.00448,0.00100,0.00010
619.08002,1.02191,0.99446,0.00446,0.00099,0.00009
619.21997,1.02197,0.99454,0.00438,0.00098,0.00010
619.35999,1.02197,0.99445,0.00447,0.00098,0.00009
619.50000,1.02191,0.99469,0.00427,0.00096,0.00009
619.64001,1.02191,0.99491,0.00407,0.00093,0.00009
619.78003,1.02191,0.99486,0.00413,0.00093,0.00009
619.91998,1.02197,0.99482,0.00416,0.00093,0.00009
620.06000,1.02191,0.99482,0.00416,0.00093,0.00009
620.20001,1.02191,0.99478,0.00420,0.00093,0.00009
620.34003,1.02191,0.99506,0.00394,0.00091,0.00009
620.47998,1.02197,0.99486,0.00413,0.00092,0.00009
620.62000,1.02197,0.99474,0.00423,0.00094,0.00009
620.76001,1.02191,0.99454,0.00442,0.00095,0.00009
620.90002,1.02191,0.99469,0.00427,0.00094,0.00009
621.03998,1.02197,0.99477,0.00420,0.00093,0.00009
621.17999,1.02197,0.99475,0.00422,0.00094,0.00009
621.32001,1.02191,0.99478,0.00419,0.00094,0.00009
621.46002,1.02191,0.99464,0.00433,0.00094,0.00009
621.59998,1.02197,0.99459,0.00437,0.00095,0.00009
621.73999,1.02197,0.99474,0.00423,0.00093,0.00009
621.88000,1.02191,0.99464,0.00433,0.00094,0.00009
622.02002,1.02191,0.99468,0.00429,0.00094,0.00009
622.15997,1.02197,0.99485,0.00413,0.00093,0.00009
622.29999,1.02197,0.99495,0.00405,0.00091,0.00009
622.44000,1.02191,0.99495,0.00406,0.00090,0.00009
622.58002,1.02191,0.99511,0.00392,0.00089,0.00009
622.71997,1.02197,0.99513,0.00390,0.00088,0.00009
622.85999,1.02197,0.99506,0.00397,0.00088,0.00009
623.00000,1.02191,0.99518,0.00386,0.00088,0.00009
623.14001,1.02191,0.99501,0.00399,0.00090,0.00009
623.28003,1.02191,0.99486,0.00414,0.00092,0.00009
623.41998,1.02197,0.99488,0.00411,0.00092,0.00009
623.56000,1.02191,0.99467,0.00430,0.00094,0.00009
623.70001,1.02191,0.99461,0.00434,0.00095,0.00009
623.84003,1.02191,0.99471,0.00424,0.00095,0.00009
623.97998,1.02197,0.99478,0.00419,0.00094,0.00009
624.12000,1.02197,0.99481,0.00417,0.00093,0.00009
624.26001,1.02191,0.99463,0.00433,0.00095,0.00009
624.40002,1.02191,0.99457,0.00437,0.00096,0.00009
624.53998,1.02197,0.99440,0.00453,0.00098,0.00009
624.67999,1.02197,0.99463,0.00430,0.00097,0.00010
624.82001,1.02191,0.99456,0.00435,0.00099,0.00010
624.96002,1.02191,0.99412,0.00474,0.00104,0.00010
625.09998,1.02197,0.99399,0.00486,0.00106,0.00010
625.23999,1.02197,0.99383,0.00500,0.00108,0.00010
625.38000,1.02191,0.99374,0.00507,0.00109,0.00010
625.52002,1.02191,0.99379,0.00502,0.00109,0.00010
625.65997,1.02197,0.99365,0.00514,0.00111,0.00010
625.79999,1.02197,0.99368,0.00511,0.00112,0.00010
625.94000,1.02191,0.99370,0.00508,0.00112,0.00010
626.08002,1.02191,0.99372,0.00507,0.00111,0.00010
626.21997,1.02197,0.99379,0.00501,0.00110,0.00010
626.35999,1.02197,0.99381,0.00498,0.00111,0.00011
626.50000,1.02191,0.99367,0.00510,0.00112,0.00011
626.64001,1.02191,0.99341,0.00533,0.00116,0.00010
626.78003,1.02191,0.99338,0.00534,0.00117,0.00011
626.91998,1.02197,0.99356,0.00516,0.00116,0.00011
627.06000,1.02191,0.99307,0.00561,0.00121,0.00011
627.20001,1.02191,0.99314,0.00555,0.00120,0.00011
627.34003,1.02191,0.99322,0.00548,0.00120,0.00011
627.47998,1.02197,0.99340,0.00531,0.00118,0.00011
627.62000,1.02197,0.99330,0.00542,0.00118,0.00010
627.76001,1.02191,0.99338,0.00533,0.00118,0.00011
627.90002,1.02191,0.99342,0.00530,0.00117,0.00011
628.03998,1.02197,0.99324,0.00545,0.00120,0.00011
628.17999,1.02197,0.99343,0.00529,0.00117,0.00011
628.32001,1.02191,0.99348,0.00525,0.00117,0.00011
628.46002,1.02191,0.99342,0.00530,0.00117,0.00011
628.59998,1.02197,0.99323,0.00546,0.00120,0.00011
628.73999,1.02197,0.99334,0.00536,0.00119,0.00011
628.88000,1.02191,0.99321,0.00548,0.00120,0.00011
629.02002,1.02191,0.99361,0.00513,0.00115,0.00011
629.15997,1.02197,0.99310,0.00560,0.00120,0.00010
629.29999,1.02197,0.99349,0.00524,0.00116,0.00011
629.44000,1.02191,0.99342,0.00531,0.00116,0.00010
629.58002,1.02191,0.99363,0.00512,0.00114,0.00011
629.71997,1.02197,0.99347,0.00527,0.00116,0.00010
629.85999,1.02197,0.99361,0.00515,0.00114,0.00010
630.00000,1.02191,0.99381,0.00498,0.00111,0.00010
630.14001,1.02191,0.99421,0.00463,0.00106,0.00010
630.28003,1.02191,0.99423,0.00461,0.00106,0.00010
630.41998,1.02197,0.99408,0.00475,0.00107,0.00010
630.56000,1.02191,0.99423,0.00461,0.00105,0.00010
630.70001,1.02191,0.99424,0.00461,0.00105,0.00010
630.84003,1.02191,0.99428,0.00458,0.00105,0.00010
630.97998,1.02197,0.99401,0.00481,0.00107,0.00010
631.12000,1.02197,0.99401,0.00480,0.00108,0.00010
631.26001,1.02191,0.99355,0.00523,0.00112,0.00010
631.40002,1.02191,0.99384,0.00496,0.00110,0.00010
631.53998,1.02197,0.99361,0.00515,0.00113,0.00010
631.67999,1.02197,0.99363,0.00514,0.00113,0.00010
631.82001,1.02191,0.99349,0.00527,0.00114,0.00010
631.96002,1.02191,0.99365,0.00513,0.00112,0.00010
632.09998,1.02197,0.99381,0.00498,0.00111,0.00010
632.23999,1.02197,0.99373,0.00506,0.00111,0.00010
632.38000,1.02191,0.99388,0.00493,0.00109,0.00010
632.52002,1.02191,0.99396,0.00485,0.00109,0.00010
632.65997,1.02197,0.99414,0.00470,0.00106,0.00010
632.79999,1.02197,0.99408,0.00475,0.00107,0.00010
632.94000,1.02191,0.99413,0.00471,0.00105,0.00010
633.08002,1.02191,0.99410,0.00475,0.00105,0.00010
633.21997,1.02197,0.99394,0.00490,0.00107,0.00010
633.35999,1.02197,0.99403,0.00481,0.00106,0.00010
633.50000,1.02191,0.99429,0.00456,0.00104,0.00011
633.64001,1.02191,0.99392,0.00490,0.00108,0.00010
633.78003,1.02191,0.99394,0.00488,0.00108,0.00010
633.91998,1.02197,0.99381,0.00500,0.00109,0.00010
634.06000,1.02191,0.99401,0.00483,0.00106,0.00010
634.20001,1.02191,0.99413,0.00472,0.00104,0.00010
634.34003,1.02191,0.99432,0.00455,0.00103,0.00010
634.47998,1.02197,0.99423,0.00465,0.00103,0.00010
634.62000,1.02197,0.99442,0.00448,0.00101,0.00010
634.76001,1.02191,0.99423,0.00465,0.00102,0.00010
634.90002,1.02191,0.99408,0.00478,0.00104,0.00010
635.03998,1.02197,0.99419,0.00467,0.00103,0.00010
635.17999,1.02197,0.99429,0.00458,0.00103,0.00010
635.32001,1.02191,0.99390,0.00493,0.00107,0.00010
635.46002,1.02191,0.99389,0.00493,0.00108,0.00010
635.59998,1.02197,0.99376,0.00507,0.00108,0.00010
635.73999,1.02197,0.99401,0.00484,0.00106,0.00010
635.88000,1.02191,0.99423,0.00464,0.00103,0.00010
636.02002,1.02191,0.99409,0.00478,0.00104,0.00009
636.15997,1.02197,0.99421,0.00467,0.00102,0.00010
636.29999,1.02197,0.99431,0.00457,0.00102,0.00010
636.44000,1.02191,0.99436,0.00454,0.00101,0.00010
636.58002,1.02191,0.99441,0.00449,0.00100,0.00010
636.71997,1.02197,0.99450,0.00441,0.00099,0.00010
636.85999,1.02197,0.99439,0.00453,0.00099,0.00009
637.00000,1.02191,0.99444,0.00448,0.00098,0.00009
637.14001,1.02191,0.99470,0.00424,0.00096,0.00010
637.28003,1.02191,0.99469,0.00426,0.00095,0.00009
637.41998,1.02197,0.99461,0.00434,0.00096,0.00009
637.56000,1.02191,0.99466,0.00429,0.00096,0.00009
637.70001,1.02191,0.99453,0.00441,0.00097,0.00009
637.84003,1.02191,0.99469,0.00427,0.00095,0.00009
637.97998,1.02197,0.99481,0.00416,0.00094,0.00009
638.12000,1.02197,0.99487,0.00410,0.00093,0.00009
638.26001,1.02191,0.99479,0.00418,0.00094,0.00009
638.40002,1.02191,0.99470,0.00426,0.00095,0.00009
638.53998,1.02197,0.99462,0.00434,0.00095,0.00009
638.67999,1.02197,0.99468,0.00427,0.00095,0.00009
638.82001,1.02191,0.99490,0.00407,0.00094,0.00010
638.96002,1.02191,0.99462,0.00432,0.00096,0.00009
639.09998,1.02197,0.99438,0.00454,0.00098,0.00009
639.23999,1.02197,0.99448,0.00445,0.00098,0.00009
639.38000,1.02191,0.99461,0.00433,0.00097,0.00009
639.52002,1.02191,0.99452,0.00441,0.00098,0.00009
639.65997,1.02197,0.99457,0.00436,0.00098,0.00010
639.79999,1.02197,0.99457,0.00436,0.00097,0.00010
639.94000,1.02191,0.99432,0.00458,0.00100,0.00009
640.08002,1.02191,0.99457,0.00436,0.00098,0.00010
640.21997,1.02197,0.99436,0.00454,0.00100,0.00010
640.35999,1.02197,0.99425,0.00465,0.00101,0.00009
640.50000,1.02191,0.99426,0.00463,0.00101,0.00009
640.64001,1.02191,0.99447,0.00444,0.00099,0.00010
640.78003,1.02191,0.99436,0.00455,0.00100,0.00009
640.91998,1.02197,0.99454,0.00439,0.00097,0.00009
641.06000,1.02191,0.99460,0.00434,0.00097,0.00009
641.20001,1.02191,0.99455,0.00438,0.00097,0.00010
641.34003,1.02191,0.99465,0.00429,0.00096,0.00009
641.47998,1.02197,0.99446,0.00446,0.00099,0.00010
641.62000,1.02197,0.99441,0.00450,0.00099,0.00009
641.76001,1.02191,0.99477,0.00418,0.00096,0.00010
641.90002,1.02191,0.99477,0.00418,0.00095,0.00009
642.03998,1.02197,0.99473,0.00424,0.00094,0.00009
642.17999,1.02197,0.99473,0.00425,0.00094,0.00009
642.32001,1.02191,0.99477,0.00421,0.00093,0.00009
642.46002,1.02191,0.99510,0.00392,0.00090,0.00009
642.59998,1.02197,0.99508,0.00393,0.00090,0.00009
642.73999,1.02197,0.99491,0.00408,0.00092,0.00009
642.88000,1.02191,0.99471,0.00425,0.00094,0.00009
643.02002,1.02191,0.99460,0.00436,0.00095,0.00009
643.15997,1.02197,0.99473,0.00423,0.00094,0.00009
643.29999,1.02197,0.99469,0.00426,0.00095,0.00009
643.44000,1.02191,0.99445,0.00449,0.00097,0.00009
643.58002,1.02191,0.99465,0.00432,0.00095,0.00009
643.71997,1.02197,0.99475,0.00423,0.00094,0.00009
643.85999,1.02197,0.99490,0.00408,0.00092,0.00009
644.00000,1.02191,0.99476,0.00421,0.00093,0.00009
644.14001,1.02191,0.99486,0.00413,0.00092,0.00009
644.28003,1.02191,0.99498,0.00403,0.00091,0.00009
644.41998,1.02197,0.99507,0.00394,0.00089,0.00009
644.56000,1.02191,0.99490,0.00410,0.00091,0.00009
644.70001,1.02191,0.99490,0.00410,0.00091,0.00009
644.84003,1.02191,0.99513,0.00390,0.00089,0.00009
644.97998,1.02197,0.99516,0.00388,0.00088,0.00009
645.12000,1.02197,0.99518,0.00386,0.00087,0.00009
645.26001,1.02191,0.99510,0.00394,0.00088,0.00009
645.40002,1.02191,0.99521,0.00384,0.00086,0.00009
645.53998,1.02197,0.99522,0.00384,0.00086,0.00009
645.67999,1.02197,0.99538,0.00368,0.00085,0.00009
645.82001,1.02191,0.99526,0.00379,0.00086,0.00009
645.96002,1.02191,0.99526,0.00380,0.00086,0.00009
646.09998,1.02197,0.99534,0.00372,0.00085,0.00009
646.23999,1.02197,0.99510,0.00394,0.00087,0.00009
646.38000,1.02191,0.99509,0.00395,0.00087,0.00008
646.52002,1.02191,0.99541,0.00366,0.00084,0.00009
646.65997,1.02197,0.99544,0.00364,0.00083,0.00009
646.79999,1.02197,0.99543,0.00366,0.00083,0.00008
646.94000,1.02191,0.99549,0.00361,0.00082,0.00009
647.08002,1.02191,0.99540,0.00369,0.00082,0.00008
647.21997,1.02197,0.99560,0.00351,0.00080,0.00008
647.35999,1.02197,0.99563,0.00347,0.00081,0.00009
647.50000,1.02191,0.99555,0.00355,0.00082,0.00009
647.64001,1.02191,0.99535,0.00374,0.00083,0.00008
647.78003,1.02191,0.99538,0.00371,0.00083,0.00008
647.91998,1.02197,0.99533,0.00374,0.00084,0.00009
648.06000,1.02191,0.99523,0.00384,0.00085,0.00009
648.20001,1.02191,0.99520,0.00386,0.00086,0.00008
648.34003,1.02191,0.99537,0.00371,0.00084,0.00009
648.47998,1.02197,0.99524,0.00382,0.00085,0.00008
648.62000,1.02197,0.99523,0.00383,0.00085,0.00008
648.76001,1.02191,0.99525,0.00381,0.00085,0.00009
648.90002,1.02191,0.99545,0.00363,0.00083,0.00008
649.03998,1.02197,0.99553,0.00357,0.00081,0.00008
649.17999,1.02197,0.99549,0.00362,0.00081,0.00008
649.32001,1.02191,0.99555,0.00356,0.00080,0.00008
649.46002,1.02191,0.99566,0.00347,0.00079,0.00008
649.59998,1.02197,0.99559,0.00353,0.00080,0.00008
649.73999,1.02197,0.99586,0.00329,0.00077,0.00008
649.88000,1.02191,0.99570,0.00344,0.00078,0.00008
650.02002,1.02191,0.99569,0.00346,0.00078,0.00008
650.15997,1.02197,0.99573,0.00341,0.00077,0.00008
650.29999,1.02197,0.99576,0.00338,0.00077,0.00008
650.44000,1.02191,0.99579,0.00336,0.00077,0.00008
650.58002,1.02191,0.99582,0.00332,0.00077,0.00008
650.71997,1.02197,0.99556,0.00356,0.00080,0.00008
650.85999,1.02197,0.99568,0.00346,0.00079,0.00008
651.00000,1.02191,0.99562,0.00350,0.00079,0.00008
651.14001,1.02191,0.99558,0.00355,0.00079,0.00008
651.28003,1.02191,0.99558,0.00354,0.00080,0.00008
651.41998,1.02197,0.99571,0.00342,0.00079,0.00008
651.56000,1.02191,0.99561,0.00351,0.00080,0.00008
651.70001,1.02191,0.99569,0.00344,0.00079,0.00008
651.84003,1.02191,0.99572,0.00341,0.00079,0.00008
651.97998,1.02197,0.99558,0.00354,0.00080,0.00008
652.12000,1.02197,0.99557,0.00356,0.00080,0.00008
652.26001,1.02191,0.99563,0.00350,0.00080,0.00008
652.40002,1.02191,0.99558,0.00353,0.00081,0.00008
652.53998,1.02197,0.99569,0.00344,0.00079,0.00008
652.67999,1.02197,0.99552,0.00359,0.00081,0.00008
652.82001,1.02191,0.99551,0.00359,0.00081,0.00008
652.96002,1.02191,0.99541,0.00368,0.00082,0.00008
653.09998,1.02197,0.99547,0.00362,0.00082,0.00008
653.23999,1.02197,0.99556,0.00354,0.00081,0.00008
653.38000,1.02191,0.99547,0.00362,0.00082,0.00009
653.52002,1.02191,0.99531,0.00377,0.00084,0.00008
653.65997,1.02197,0.99553,0.00356,0.00082,0.00009
653.79999,1.02197,0.99545,0.00363,0.00083,0.00009
653.94000,1.02191,0.99521,0.00384,0.00086,0.00009
654.08002,1.02191,0.99527,0.00378,0.00086,0.00009
654.21997,1.02197,0.99513,0.00390,0.00088,0.00009
654.35999,1.02197,0.99519,0.00385,0.00087,0.00009
654.50000,1.02191,0.99535,0.00371,0.00085,0.00009
654.64001,1.02191,0.99515,0.00389,0.00087,0.00009
654.78003,1.02191,0.99520,0.00385,0.00086,0.00008
654.91998,1.02197,0.99519,0.00388,0.00085,0.00008
655.06000,1.02191,0.99538,0.00370,0.00084,0.00009
655.20001,1.02191,0.99528,0.00378,0.00085,0.00009
655.34003,1.02191,0.99534,0.00372,0.00085,0.00009
655.47998,1.02197,0.99515,0.00389,0.00087,0.00009
655.62000,1.02197,0.99519,0.00385,0.00087,0.00009
655.76001,1.02191,0.99504,0.00400,0.00088,0.00009
655.90002,1.02191,0.99510,0.00394,0.00087,0.00009
656.03998,1.02197,0.99518,0.00387,0.00086,0.00009
656.17999,1.02197,0.99529,0.00378,0.00085,0.00009
656.32001,1.02191,0.99521,0.00386,0.00085,0.00008
656.46002,1.02191,0.99552,0.00358,0.00082,0.00009
656.59998,1.02197,0.99531,0.00378,0.00083,0.00008
656.73999,1.02197,0.99556,0.00355,0.00081,0.00008
656.88000,1.02191,0.99550,0.00361,0.00081,0.00008
657.02002,1.02191,0.99563,0.00349,0.00080,0.00008
657.15997,1.02197,0.99554,0.00358,0.00080,0.00008
657.29999,1.02197,0.99564,0.00348,0.00080,0.00008
657.44000,1.02191,0.99563,0.00349,0.00080,0.00008
657.58002,1.02191,0.99563,0.00349,0.00080,0.00008
657.71997,1.02197,0.99556,0.00356,0.00080,0.00008
657.85999,1.02197,0.99565,0.00348,0.00079,0.00008
658.00000,1.02191,0.99557,0.00355,0.00079,0.00008
658.14001,1.02191,0.99577,0.00337,0.00077,0.00008
658.28003,1.02191,0.99557,0.00356,0.00079,0.00008
658.41998,1.02197,0.99564,0.00350,0.00078,0.00008
658.56000,1.02191,0.99571,0.00343,0.00078,0.00008
658.70001,1.02191,0.99572,0.00341,0.00078,0.00008
658.84003,1.02191,0.99575,0.00340,0.00077,0.00008
658.97998,1.02197,0.99566,0.00349,0.00078,0.00008
659.12000,1.02197,0.99575,0.00339,0.00077,0.00008
659.26001,1.02191,0.99569,0.00345,0.00078,0.00008
659.40002,1.02191,0.99582,0.00333,0.00077,0.00008
659.53998,1.02197,0.99567,0.00346,0.00079,0.00008
659.67999,1.02197,0.99565,0.00347,0.00080,0.00008
659.82001,1.02191,0.99552,0.00358,0.00081,0.00008
659.96002,1.02191,0.99538,0.00371,0.00083,0.00008
660.09998,1.02197,0.99542,0.00366,0.00083,0.00009
660.23999,1.02197,0.99533,0.00374,0.00085,0.00009
660.38000,1.02191,0.99520,0.00385,0.00086,0.00009
660.52002,1.02191,0.99519,0.00385,0.00087,0.00009
660.65997,1.02197,0.99509,0.00394,0.00088,0.00009
660.79999,1.02197,0.99498,0.00404,0.00089,0.00009
660.94000,1.02191,0.99493,0.00409,0.00089,0.00009
661.08002,1.02191,0.99510,0.00393,0.00088,0.00009
661.21997,1.02197,0.99506,0.00396,0.00089,0.00009
661.35999,1.02197,0.99480,0.00420,0.00091,0.00009
661.50000,1.02191,0.99485,0.00413,0.00092,0.00009
661.64001,1.02191,0.99468,0.00428,0.00095,0.00009
661.78003,1.02191,0.99463,0.00432,0.00096,0.00009
661.91998,1.02197,0.99473,0.00423,0.00095,0.00009
662.06000,1.02191,0.99435,0.00456,0.00099,0.00009
662.20001,1.02191,0.99427,0.00463,0.00101,0.00010
662.34003,1.02191,0.99418,0.00472,0.00101,0.00009
662.47998,1.02197,0.99420,0.00469,0.00102,0.00010
662.62000,1.02197,0.99416,0.00472,0.00103,0.00010
662.76001,1.02191,0.99414,0.00473,0.00103,0.00009
662.90002,1.02191,0.99429,0.00460,0.00101,0.00010
663.03998,1.02197,0.99428,0.00461,0.00101,0.00010
663.17999,1.02197,0.99406,0.00481,0.00104,0.00010
663.32001,1.02191,0.99418,0.00469,0.00103,0.00010
663.46002,1.02191,0.99427,0.00462,0.00102,0.00009
663.59998,1.02197,0.99453,0.00437,0.00100,0.00010
663.73999,1.02197,0.99430,0.00458,0.00102,0.00010
663.88000,1.02191,0.99424,0.00463,0.00103,0.00010
664.02002,1.02191,0.99413,0.00473,0.00104,0.00010
664.15997,1.02197,0.99438,0.00451,0.00102,0.00010
664.29999,1.02197,0.99424,0.00463,0.00103,0.00010
664.44000,1.02191,0.99436,0.00452,0.00102,0.00010
664.58002,1.02191,0.99416,0.00470,0.00104,0.00010
664.71997,1.02197,0.99418,0.00468,0.00104,0.00010
664.85999,1.02197,0.99447,0.00441,0.00101,0.00010
665.00000,1.02191,0.99430,0.00457,0.00103,0.00010
665.14001,1.02191,0.99410,0.00474,0.00106,0.00010
665.28003,1.02191,0.99392,0.00490,0.00108,0.00010
665.41998,1.02197,0.99370,0.00510,0.00110,0.00010
665.56000,1.02191,0.99397,0.00484,0.00108,0.00010
665.70001,1.02191,0.99403,0.00480,0.00107,0.00010
665.84003,1.02191,0.99384,0.00499,0.00108,0.00010
665.97998,1.02197,0.99418,0.00468,0.00104,0.00010
666.12000,1.02197,0.99422,0.00466,0.00103,0.00009
666.26001,1.02191,0.99457,0.00435,0.00098,0.00010
666.40002,1.02191,0.99458,0.00435,0.00098,0.00009
666.53998,1.02197,0.99447,0.00445,0.00099,0.00010
666.67999,1.02197,0.99450,0.00441,0.00099,0.00010
666.82001,1.02191,0.99471,0.00423,0.00097,0.00010
666.96002,1.02191,0.99461,0.00431,0.00098,0.00010
667.09998,1.02197,0.99430,0.00459,0.00102,0.00010
667.23999,1.02197,0.99439,0.00450,0.00101,0.00010
667.38000,1.02191,0.99433,0.00457,0.00101,0.00009
667.52002,1.02191,0.99424,0.00465,0.00101,0.00009
667.65997,1.02197,0.99438,0.00452,0.00101,0.00010
667.79999,1.02197,0.99430,0.00459,0.00102,0.00010
667.94000,1.02191,0.99436,0.00454,0.00100,0.00009
668.08002,1.02191,0.99428,0.00461,0.00102,0.00010
668.21997,1.02197,0.99443,0.00447,0.00100,0.00010
668.35999,1.02197,0.99407,0.00480,0.00104,0.00009
668.50000,1.02191,0.99428,0.00460,0.00102,0.00010
668.64001,1.02191,0.99423,0.00464,0.00103,0.00010
668.78003,1.02191,0.99402,0.00483,0.00105,0.00010
668.91998,1.02197,0.99386,0.00497,0.00107,0.00010
669.06000,1.02191,0.99373,0.00508,0.00109,0.00010
669.20001,1.02191,0.99386,0.00495,0.00109,0.00010
669.34003,1.02191,0.99387,0.00494,0.00109,0.00010
669.47998,1.02197,0.99375,0.00505,0.00110,0.00010
669.62000,1.02197,0.99382,0.00498,0.00110,0.00010
669.76001,1.02191,0.99370,0.00508,0.00111,0.00010
669.90002,1.02191,0.99373,0.00505,0.00111,0.00010
670.03998,1.02197,0.99380,0.00499,0.00111,0.00010
670.17999,1.02197,0.99392,0.00487,0.00110,0.00011
670.32001,1.02191,0.99381,0.00497,0.00112,0.00010
670.46002,1.02191,0.99381,0.00496,0.00112,0.00010
670.59998,1.02197,0.99400,0.00479,0.00110,0.00011
670.73999,1.02197,0.99410,0.00471,0.00108,0.00011
670.88000,1.02191,0.99426,0.00457,0.00106,0.00010
671.02002,1.02191,0.99426,0.00458,0.00106,0.00010
671.15997,1.02197,0.99432,0.00452,0.00106,0.00010
671.29999,1.02197,0.99428,0.00455,0.00106,0.00011
671.44000,1.02191,0.99393,0.00487,0.00110,0.00010
671.58002,1.02191,0.99394,0.00485,0.00110,0.00010
671.71997,1.02197,0.99398,0.00481,0.00111,0.00011
671.85999,1.02197,0.99363,0.00511,0.00115,0.00011
672.00000,1.02191,0.99357,0.00517,0.00115,0.00011
672.14001,1.02191,0.99358,0.00516,0.00115,0.00011
672.28003,1.02191,0.99361,0.00514,0.00114,0.00010
672.41998,1.02197,0.99384,0.00495,0.00112,0.00010
672.56000,1.02191,0.99391,0.00489,0.00110,0.00010
672.70001,1.02191,0.99385,0.00494,0.00111,0.00010
672.84003,1.02191,0.99399,0.00482,0.00109,0.00010
672.97998,1.02197,0.99382,0.00496,0.00111,0.00011
673.12000,1.02197,0.99379,0.00499,0.00112,0.00010
673.26001,1.02191,0.99405,0.00473,0.00111,0.00011
673.40002,1.02191,0.99335,0.00538,0.00117,0.00010
673.53998,1.02197,0.99374,0.00501,0.00114,0.00011
673.67999,1.02197,0.99356,0.00518,0.00115,0.00011
673.82001,1.02191,0.99322,0.00550,0.00118,0.00010
673.96002,1.02191,0.99335,0.00536,0.00118,0.00011
674.09998,1.02197,0.99316,0.00555,0.00119,0.00010
674.23999,1.02197,0.99368,0.00507,0.00114,0.00011
674.38000,1.02191,0.99370,0.00506,0.00113,0.00011
674.52002,1.02191,0.99351,0.00524,0.00115,0.00010
674.65997,1.02197,0.99351,0.00524,0.00114,0.00010
674.79999,1.02197,0.99391,0.00489,0.00110,0.00010
674.94000,1.02191,0.99384,0.00496,0.00110,0.00010
675.08002,1.02191,0.99384,0.00495,0.00111,0.00011
675.21997,1.02197,0.99371,0.00507,0.00112,0.00010
675.35999,1.02197,0.99373,0.00505,0.00112,0.00010
675.50000,1.02191,0.99342,0.00534,0.00114,0.00010
675.64001,1.02191,0.99369,0.00507,0.00113,0.00011
675.78003,1.02191,0.99345,0.00530,0.00115,0.00010
675.91998,1.02197,0.99352,0.00523,0.00114,0.00010
676.06000,1.02191,0.99358,0.00518,0.00114,0.00010
676.20001,1.02191,0.99394,0.00485,0.00110,0.00010
676.34003,1.02191,0.99352,0.00525,0.00113,0.00010
676.47998,1.02197,0.99359,0.00518,0.00113,0.00010
676.62000,1.02197,0.99383,0.00496,0.00111,0.00010
676.76001,1.02191,0.99408,0.00473,0.00108,0.00010
676.90002,1.02191,0.99377,0.00500,0.00112,0.00011
677.03998,1.02197,0.99387,0.00491,0.00112,0.00011
677.17999,1.02197,0.99305,0.00565,0.00119,0.00010
677.32001,1.02191,0.99363,0.00510,0.00116,0.00011
677.46002,1.02191,0.99346,0.00525,0.00118,0.00011
677.59998,1.02197,0.99325,0.00544,0.00121,0.00011
677.73999,1.02197,0.99305,0.00562,0.00123,0.00011
677.88000,1.02191,0.99299,0.00566,0.00124,0.00011
678.02002,1.02191,0.99257,0.00603,0.00129,0.00011
678.15997,1.02197,0.99326,0.00538,0.00124,0.00012
678.29999,1.02197,0.99279,0.00582,0.00128,0.00011
678.44000,1.02191,0.99294,0.00568,0.00126,0.00012
678.58002,1.02191,0.99255,0.00603,0.00130,0.00011
678.71997,1.02197,0.99265,0.00594,0.00130,0.00011
678.85999,1.02197,0.99280,0.00580,0.00129,0.00011
679.00000,1.02191,0.99293,0.00567,0.00128,0.00012
679.14001,1.02191,0.99259,0.00598,0.00130,0.00012
679.28003,1.02191,0.99231,0.00622,0.00136,0.00011
679.41998,1.02197,0.99282,0.00577,0.00129,0.00012
679.56000,1.02191,0.99281,0.00576,0.00130,0.00012
679.70001,1.02191,0.99268,0.00589,0.00131,0.00012
679.84003,1.02191,0.99233,0.00620,0.00136,0.00012
679.97998,1.02197,0.99232,0.00621,0.00136,0.00011
680.12000,1.02197,0.99283,0.00572,0.00132,0.00013
680.26001,1.02191,0.99236,0.00615,0.00136,0.00012
680.40002,1.02191,0.99190,0.00657,0.00141,0.00012
680.53998,1.02197,0.99161,0.00684,0.00142,0.00013
680.67999,1.02197,0.99133,0.00709,0.00145,0.00013
680.82001,1.02191,0.99133,0.00707,0.00147,0.00013
680.96002,1.02191,0.99068,0.00766,0.00153,0.00013
681.09998,1.02197,0.99102,0.00737,0.00148,0.00013
681.23999,1.02197,0.99046,0.00784,0.00157,0.00013
681.38000,1.02191,0.99090,0.00742,0.00156,0.00013
681.52002,1.02191,0.99116,0.00719,0.00152,0.00013
681.65997,1.02197,0.99089,0.00744,0.00154,0.00013
681.79999,1.02197,0.99068,0.00761,0.00158,0.00013
681.94000,1.02191,0.99112,0.00721,0.00153,0.00014
682.08002,1.02191,0.99061,0.00769,0.00156,0.00014
682.21997,1.02197,0.99072,0.00760,0.00154,0.00014
682.35999,1.02197,0.99045,0.00782,0.00158,0.00014
682.50000,1.02191,0.99014,0.00815,0.00157,0.00014
682.64001,1.02191,0.98953,0.00866,0.00167,0.00014
682.78003,1.02191,0.99010,0.00813,0.00162,0.00014
682.91998,1.02197,0.98958,0.00863,0.00164,0.00014
683.06000,1.02191,0.99008,0.00815,0.00162,0.00014
683.20001,1.02191,0.98978,0.00847,0.00161,0.00014
683.34003,1.02191,0.98964,0.00856,0.00165,0.00015
683.47998,1.02197,0.99010,0.00814,0.00161,0.00015
683.62000,1.02197,0.99040,0.00782,0.00163,0.00016
683.76001,1.02191,0.98985,0.00835,0.00166,0.00015
683.90002,1.02191,0.99026,0.00796,0.00164,0.00015
684.03998,1.02197,0.99005,0.00815,0.00165,0.00014
684.17999,1.02197,0.99055,0.00769,0.00162,0.00014
684.32001,1.02191,0.99026,0.00795,0.00165,0.00014
684.46002,1.02191,0.99064,0.00758,0.00163,0.00015
684.59998,1.02197,0.99067,0.00756,0.00163,0.00014
684.73999,1.02197,0.99068,0.00761,0.00156,0.00014
684.88000,1.02191,0.99044,0.00783,0.00159,0.00014
685.02002,1.02191,0.99065,0.00763,0.00158,0.00014
685.15997,1.02197,0.99038,0.00789,0.00160,0.00014
685.29999,1.02197,0.99070,0.00760,0.00155,0.00014
685.44000,1.02191,0.99062,0.00763,0.00161,0.00015
685.58002,1.02191,0.99022,0.00806,0.00159,0.00014
685.71997,1.02197,0.99116,0.00717,0.00153,0.00014
685.85999,1.02197,0.99060,0.00769,0.00157,0.00014
686.00000,1.02191,0.99046,0.00784,0.00157,0.00013
686.14001,1.02191,0.99075,0.00757,0.00155,0.00013
686.28003,1.02191,0.99112,0.00722,0.00153,0.00013
686.41998,1.02197,0.99105,0.00723,0.00158,0.00014
686.56000,1.02191,0.99324,0.00517,0.00141,0.00018
686.70001,1.02191,0.99182,0.00659,0.00146,0.00013
686.84003,1.02191,0.99219,0.00627,0.00141,0.00013
686.97998,1.02197,0.99206,0.00636,0.00144,0.00013
687.12000,1.02197,0.99203,0.00640,0.00144,0.00013
687.26001,1.02191,0.99176,0.00666,0.00146,0.00012
687.40002,1.02191,0.99213,0.00630,0.00143,0.00013
687.53998,1.02197,0.99179,0.00663,0.00145,0.00013
687.67999,1.02197,0.99165,0.00677,0.00145,0.00012
687.82001,1.02191,0.99196,0.00645,0.00145,0.00014
687.96002,1.02191,0.99161,0.00680,0.00147,0.00013
688.09998,1.02197,0.99187,0.00653,0.00146,0.00013
688.23999,1.02197,0.99145,0.00693,0.00150,0.00013
688.38000,1.02191,0.99160,0.00679,0.00149,0.00013
688.52002,1.02191,0.99154,0.00681,0.00152,0.00013
688.65997,1.02197,0.99128,0.00707,0.00152,0.00013
688.79999,1.02197,0.99115,0.00717,0.00155,0.00013
688.94000,1.02191,0.99119,0.00711,0.00156,0.00014
689.08002,1.02191,0.98944,0.00877,0.00166,0.00014
689.21997,1.02197,0.98919,0.00907,0.00159,0.00015
689.35999,1.02197,0.98816,0.00976,0.00192,0.00016
689.50000,1.02191,0.99045,0.00777,0.00161,0.00017
689.64001,1.02191,0.98957,0.00863,0.00164,0.00016
689.78003,1.02191,0.99002,0.00823,0.00160,0.00015
689.91998,1.02197,0.98873,0.00920,0.00190,0.00016
690.06000,1.02191,0.99052,0.00770,0.00163,0.00015
690.20001,1.02191,0.99085,0.00744,0.00156,0.00015
690.34003,1.02191,0.99009,0.00812,0.00164,0.00014
690.47998,1.02197,0.99015,0.00811,0.00160,0.00014
690.62000,1.02197,0.99084,0.00743,0.00158,0.00014
690.76001,1.02191,0.99060,0.00768,0.00158,0.00014
690.90002,1.02191,0.99049,0.00776,0.00161,0.00014
691.03998,1.02197,0.99084,0.00743,0.00157,0.00015
691.17999,1.02197,0.99045,0.00778,0.00163,0.00014
691.32001,1.02191,0.99040,0.00785,0.00161,0.00014
691.46002,1.02191,0.99047,0.00775,0.00162,0.00015
691.59998,1.02197,0.99031,0.00796,0.00158,0.00015
691.73999,1.02197,0.98959,0.00859,0.00167,0.00015
691.88000,1.02191,0.98963,0.00859,0.00164,0.00014
692.02002,1.02191,0.99017,0.00806,0.00161,0.00016
692.15997,1.02197,0.98975,0.00847,0.00164,0.00014
692.29999,1.02197,0.98972,0.00850,0.00164,0.00014
692.44000,1.02191,0.99029,0.00794,0.00163,0.00014
692.58002,1.02191,0.99015,0.00808,0.00163,0.00014
692.71997,1.02197,0.99102,0.00726,0.00158,0.00014
692.85999,1.02197,0.99074,0.00755,0.00157,0.00014
693.00000,1.02191,0.99107,0.00723,0.00155,0.00015
693.14001,1.02191,0.99100,0.00729,0.00158,0.00014
693.28003,1.02191,0.99175,0.00659,0.00151,0.00015
693.41998,1.02197,0.99112,0.00723,0.00151,0.00014
693.56000,1.02191,0.99037,0.00791,0.00159,0.00014
693.70001,1.02191,0.99066,0.00762,0.00158,0.00014
693.84003,1.02191,0.99092,0.00740,0.00155,0.00013
693.97998,1.02197,0.99129,0.00700,0.00156,0.00015
694.12000,1.02197,0.99110,0.00723,0.00153,0.00014
694.26001,1.02191,0.99073,0.00754,0.00159,0.00014
694.40002,1.02191,0.99049,0.00781,0.00157,0.00013
694.53998,1.02197,0.97927,0.01626,0.00419,0.00027
694.67999,1.02197,0.97541,0.02085,0.00334,0.00040
694.82001,1.02191,0.97731,0.01863,0.00371,0.00034
694.96002,1.02191,0.98552,0.01118,0.00296,0.00034
695.09998,1.02197,0.97855,0.01717,0.00388,0.00040
695.23999,1.02197,0.97442,0.02164,0.00341,0.00053
695.38000,1.02191,0.96266,0.03247,0.00459,0.00027
695.52002,1.02191,0.98842,0.00951,0.00192,0.00015
695.65997,1.02197,0.99008,0.00816,0.00162,0.00015
695.79999,1.02197,0.98992,0.00824,0.00169,0.00015
695.94000,1.02191,0.98951,0.00864,0.00170,0.00015
696.08002,1.02191,0.98993,0.00830,0.00163,0.00015
696.21997,1.02197,0.98970,0.00847,0.00167,0.00016
696.35999,1.02197,0.98941,0.00880,0.00165,0.00014
696.50000,1.02191,0.99053,0.00773,0.00159,0.00015
696.64001,1.02191,0.99125,0.00703,0.00156,0.00015
696.78003,1.02191,0.99073,0.00754,0.00159,0.00014
696.91998,1.02197,0.98978,0.00847,0.00162,0.00013
697.06000,1.02191,0.99089,0.00734,0.00162,0.00014
697.20001,1.02191,0.99286,0.00540,0.00158,0.00016
697.34003,1.02191,0.99320,0.00536,0.00130,0.00014
697.47998,1.02197,0.99212,0.00637,0.00137,0.00014
697.62000,1.02197,0.99099,0.00731,0.00156,0.00014
697.76001,1.02191,0.99199,0.00644,0.00142,0.00015
697.90002,1.02191,0.99225,0.00605,0.00150,0.00020
698.03998,1.02197,0.99396,0.00432,0.00141,0.00031
698.17999,1.02197,0.99179,0.00637,0.00164,0.00020
698.32001,1.02191,0.99035,0.00784,0.00164,0.00016
698.46002,1.02191,0.99103,0.00674,0.00201,0.00022
698.59998,1.02197,0.98145,0.01450,0.00354,0.00051
698.73999,1.02197,0.97081,0.02452,0.00413,0.00054
698.88000,1.02191,0.97229,0.02009,0.00590,0.00172
699.02002,1.02191,0.94425,0.04003,0.01151,0.00421
699.15997,1.02197,0.94186,0.04407,0.01027,0.00380
699.29999,1.02197,0.94748,0.03635,0.00781,0.00836
699.44000,1.02191,0.93693,0.04844,0.01023,0.00440
699.58002,1.02191,0.96421,0.02395,0.00753,0.00431
699.71997,1.02197,0.99097,0.00440,0.00210,0.00252
699.85999,1.02197,0.97318,0.01880,0.00604,0.00198
700.00000,1.02191,0.97652,0.01626,0.00511,0.00211
700.14001,1.02191,0.98426,0.01189,0.00278,0.00108
700.28003,1.02191,0.98495,0.01048,0.00353,0.00105
700.41998,1.02197,0.97610,0.01414,0.00797,0.00179
700.56000,1.02191,0.96257,0.02406,0.01063,0.00274
700.70001,1.02191,0.97455,0.01952,0.00412,0.00181
700.84003,1.02191,0.96388,0.02857,0.00614,0.00141
700.97998,1.02197,0.96165,0.02936,0.00765,0.00134
701.12000,1.02197,0.98534,0.01050,0.00306,0.00110
701.26001,1.02191,0.99463,0.00347,0.00112,0.00078
701.40002,1.02191,0.98559,0.01181,0.00231,0.00029
701.53998,1.02197,0.98617,0.01157,0.00208,0.00018
701.67999,1.02197,0.98902,0.00888,0.00191,0.00018
701.82001,1.02191,0.99177,0.00622,0.00176,0.00025
701.96002,1.02191,0.99255,0.00576,0.00150,0.00019
702.09998,1.02197,0.99016,0.00815,0.00156,0.00013
702.23999,1.02197,0.99106,0.00732,0.00149,0.00014
702.38000,1.02191,0.99092,0.00740,0.00154,0.00014
702.52002,1.02191,0.99053,0.00779,0.00155,0.00013
702.65997,1.02197,0.99101,0.00734,0.00151,0.00013
702.79999,1.02197,0.99095,0.00733,0.00159,0.00013
702.94000,1.02191,0.99140,0.00694,0.00153,0.00013
703.08002,1.02191,0.99242,0.00601,0.00143,0.00014
703.21997,1.02197,0.99220,0.00626,0.00142,0.00013
703.35999,1.02197,0.99210,0.00636,0.00142,0.00013
703.50000,1.02191,0.99222,0.00626,0.00139,0.00012
703.64001,1.02191,0.99202,0.00640,0.00144,0.00013
703.78003,1.02191,0.99192,0.00652,0.00143,0.00012
703.91998,1.02197,0.99208,0.00638,0.00141,0.00013
704.06000,1.02191,0.99221,0.00627,0.00140,0.00012
704.20001,1.02191,0.99222,0.00627,0.00139,0.00012
704.34003,1.02191,0.99212,0.00636,0.00140,0.00012
704.47998,1.02197,0.99253,0.00600,0.00135,0.00012
704.62000,1.02197,0.99264,0.00589,0.00134,0.00013
704.76001,1.02191,0.99229,0.00621,0.00138,0.00012
704.90002,1.02191,0.99268,0.00584,0.00135,0.00013
705.03998,1.02197,0.99242,0.00608,0.00138,0.00013
705.17999,1.02197,0.99242,0.00608,0.00137,0.00013
705.32001,1.02191,0.99224,0.00623,0.00139,0.00013
705.46002,1.02191,0.99229,0.00620,0.00139,0.00012
705.59998,1.02197,0.99227,0.00621,0.00139,0.00012
705.73999,1.02197,0.99257,0.00595,0.00136,0.00012
705.88000,1.02191,0.99241,0.00609,0.00138,0.00012
706.02002,1.02191,0.99277,0.00579,0.00132,0.00012
706.15997,1.02197,0.99221,0.00632,0.00135,0.00012
706.29999,1.02197,0.99253,0.00600,0.00135,0.00012
706.44000,1.02191,0.99232,0.00618,0.00137,0.00013
706.58002,1.02191,0.99387,0.00468,0.00132,0.00013
706.71997,1.02197,0.99355,0.00499,0.00133,0.00013
706.85999,1.02197,0.99529,0.00351,0.00107,0.00013
707.00000,1.02191,0.99429,0.00459,0.00102,0.00010
707.14001,1.02191,0.99431,0.00458,0.00100,0.00010
707.28003,1.02191,0.99407,0.00476,0.00106,0.00011
