Time (seconds), Duration (seconds),pred_(unlabeled),pred_brushing_teeth,pred_hair_drying,pred_showering
0.00000,1.02194,0.99699,0.00239,0.00056,0.00006
0.14000,1.02194,0.99624,0.00303,0.00065,0.00007
0.28000,1.02194,0.99625,0.00297,0.00070,0.00008
0.42000,1.02194,0.99552,0.00360,0.00080,0.00009
0.56000,1.02194,0.99575,0.00339,0.00078,0.00008
0.70000,1.02194,0.99652,0.00270,0.00070,0.00008
0.84000,1.02194,0.99395,0.00508,0.00087,0.00010
0.98000,1.02194,0.99202,0.00676,0.00110,0.00012
1.12000,1.02194,0.99270,0.00613,0.00106,0.00012
1.26000,1.02194,0.99374,0.00525,0.00090,0.00011
1.40000,1.02194,0.99510,0.00406,0.00074,0.00010
1.54000,1.02194,0.99325,0.00519,0.00141,0.00015
1.68000,1.02194,0.99670,0.00255,0.00065,0.00009
1.82000,1.02194,0.99737,0.00203,0.00052,0.00007
1.96000,1.02194,0.99767,0.00181,0.00046,0.00006
2.10000,1.02194,0.99782,0.00168,0.00044,0.00006
2.24000,1.02194,0.99812,0.00142,0.00040,0.00006
2.38000,1.02194,0.99783,0.00166,0.00044,0.00006
2.52000,1.02194,0.99777,0.00172,0.00045,0.00006
2.66000,1.02194,0.99744,0.00201,0.00049,0.00007
2.80000,1.02194,0.99745,0.00199,0.00050,0.00006
2.94000,1.02194,0.99752,0.00193,0.00049,0.00006
3.08000,1.02194,0.99753,0.00192,0.00049,0.00007
3.22000,1.02194,0.99755,0.00190,0.00049,0.00007
3.36000,1.02194,0.99738,0.00203,0.00052,0.00007
3.50000,1.02194,0.99766,0.00181,0.00046,0.00006
3.64000,1.02194,0.99812,0.00140,0.00042,0.00006
3.78000,1.02194,0.99800,0.00151,0.00043,0.00006
3.92000,1.02194,0.99655,0.00177,0.00149,0.00019
4.06000,1.02194,0.99102,0.00316,0.00399,0.00183
4.20000,1.02194,0.98080,0.00336,0.01147,0.00438
4.34000,1.02194,0.90490,0.00617,0.08018,0.00874
4.48000,1.02194,0.56033,0.00774,0.40234,0.02960
4.62000,1.02194,0.21913,0.01033,0.75009,0.02044
4.76000,1.02194,0.04987,0.00714,0.93713,0.00586
4.90000,1.02194,0.01444,0.00414,0.98096,0.00045
5.04000,1.02194,0.00887,0.00299,0.98794,0.00020
5.18000,1.02194,0.00837,0.00280,0.98865,0.00018
5.32000,1.02194,0.00810,0.00268,0.98905,0.00017
5.46000,1.02194,0.00744,0.00248,0.98994,0.00015
5.60000,1.02194,0.00735,0.00257,0.98994,0.00015
5.74000,1.02194,0.00768,0.00256,0.98961,0.00015
5.88000,1.02194,0.00763,0.00256,0.98966,0.00015
6.02000,1.02194,0.00740,0.00258,0.98986,0.00016
6.16000,1.02194,0.00755,0.00264,0.98966,0.00015
6.30000,1.02194,0.00756,0.00257,0.98972,0.00015
6.44000,1.02194,0.00721,0.00252,0.99013,0.00015
6.58000,1.02194,0.00710,0.00246,0.99029,0.00015
6.72000,1.02194,0.00692,0.00234,0.99060,0.00013
6.86000,1.02194,0.00667,0.00212,0.99109,0.00012
7.00000,1.02194,0.00626,0.00207,0.99155,0.00012
7.14000,1.02194,0.00608,0.00206,0.99174,0.00012
7.28000,1.02194,0.00599,0.00208,0.99182,0.00012
7.42000,1.02194,0.00588,0.00204,0.99197,0.00011
7.56000,1.02194,0.00599,0.00212,0.99177,0.00012
7.70000,1.02194,0.00675,0.00221,0.99091,0.00013
7.84000,1.02194,0.00696,0.00234,0.99056,0.00013
7.98000,1.02194,0.00719,0.00245,0.99021,0.00014
8.12000,1.02194,0.00714,0.00249,0.99021,0.00015
8.26000,1.02194,0.00735,0.00263,0.98987,0.00015
8.40000,1.02194,0.00758,0.00254,0.98972,0.00016
8.54000,1.02194,0.00757,0.00264,0.98964,0.00016
8.68000,1.02194,0.00765,0.00257,0.98963,0.00015
8.82000,1.02194,0.00770,0.00259,0.98956,0.00016
8.96000,1.02194,0.00772,0.00255,0.98958,0.00015
9.10000,1.02194,0.00750,0.00260,0.98975,0.00015
9.24000,1.02194,0.00738,0.00242,0.99007,0.00014
9.38000,1.02194,0.00724,0.00245,0.99016,0.00014
9.52000,1.02194,0.00729,0.00235,0.99022,0.00014
9.66000,1.02194,0.00741,0.00237,0.99008,0.00014
9.80000,1.02194,0.00730,0.00236,0.99020,0.00014
9.94000,1.02194,0.00722,0.00254,0.99009,0.00015
10.08000,1.02194,0.00758,0.00258,0.98968,0.00016
10.22000,1.02194,0.00755,0.00251,0.98978,0.00015
10.36000,1.02194,0.00774,0.00247,0.98963,0.00016
10.50000,1.02194,0.00735,0.00248,0.99003,0.00015
10.64000,1.02194,0.00714,0.00239,0.99032,0.00014
10.78000,1.02194,0.00714,0.00230,0.99042,0.00014
10.92000,1.02194,0.00708,0.00223,0.99056,0.00014
11.06000,1.02194,0.00683,0.00211,0.99093,0.00013
11.20000,1.02194,0.00746,0.00225,0.99014,0.00014
11.34000,1.02194,0.00658,0.00222,0.99107,0.00013
11.48000,1.02194,0.00669,0.00229,0.99088,0.00013
11.62000,1.02194,0.00683,0.00232,0.99071,0.00014
11.76000,1.02194,0.00697,0.00232,0.99055,0.00015
11.90000,1.02194,0.00709,0.00237,0.99038,0.00015
12.04000,1.02194,0.00727,0.00232,0.99027,0.00015
12.18000,1.02194,0.00697,0.00241,0.99048,0.00014
12.32000,1.02194,0.00712,0.00242,0.99033,0.00014
12.46000,1.02194,0.00728,0.00235,0.99024,0.00014
12.60000,1.02194,0.00716,0.00234,0.99036,0.00014
12.74000,1.02194,0.00698,0.00244,0.99043,0.00015
12.88000,1.02194,0.00705,0.00232,0.99049,0.00014
13.02000,1.02194,0.00691,0.00224,0.99071,0.00013
13.16000,1.02194,0.00710,0.00233,0.99043,0.00014
13.30000,1.02194,0.00727,0.00239,0.99019,0.00015
13.44000,1.02194,0.00739,0.00241,0.99006,0.00014
13.58000,1.02194,0.00717,0.00243,0.99026,0.00014
13.72000,1.02194,0.00697,0.00232,0.99057,0.00014
13.86000,1.02194,0.00672,0.00233,0.99081,0.00014
14.00000,1.02194,0.00689,0.00231,0.99066,0.00013
14.14000,1.02194,0.00704,0.00231,0.99052,0.00014
14.28000,1.02194,0.00679,0.00219,0.99089,0.00013
14.42000,1.02194,0.00676,0.00224,0.99087,0.00013
14.56000,1.02194,0.00686,0.00227,0.99074,0.00013
14.70000,1.02194,0.00726,0.00231,0.99029,0.00014
14.84000,1.02194,0.00709,0.00247,0.99030,0.00015
14.98000,1.02194,0.00721,0.00248,0.99017,0.00014
15.12000,1.02194,0.00728,0.00255,0.99003,0.00014
15.26000,1.02194,0.00712,0.00244,0.99030,0.00014
15.40000,1.02194,0.00724,0.00252,0.99009,0.00014
15.54000,1.02194,0.00760,0.00243,0.98983,0.00015
15.68000,1.02194,0.00714,0.00242,0.99030,0.00014
15.82000,1.02194,0.00728,0.00234,0.99024,0.00014
15.96000,1.02194,0.00697,0.00237,0.99052,0.00014
16.10000,1.02194,0.00722,0.00224,0.99040,0.00015
16.24000,1.02194,0.00674,0.00220,0.99093,0.00013
16.38000,1.02194,0.00736,0.00223,0.99027,0.00014
16.52000,1.02194,0.00690,0.00230,0.99066,0.00014
16.66000,1.02194,0.00699,0.00223,0.99064,0.00013
16.80000,1.02194,0.00694,0.00224,0.99069,0.00014
16.94000,1.02194,0.00713,0.00229,0.99044,0.00015
17.08000,1.02194,0.00692,0.00223,0.99071,0.00014
17.22000,1.02194,0.00703,0.00214,0.99069,0.00014
17.36000,1.02194,0.00727,0.00227,0.99031,0.00014
17.50000,1.02194,0.00725,0.00232,0.99028,0.00014
17.64000,1.02194,0.00685,0.00238,0.99063,0.00013
17.78000,1.02194,0.00706,0.00229,0.99052,0.00013
17.92000,1.02194,0.00725,0.00238,0.99023,0.00014
18.06000,1.02194,0.00748,0.00243,0.98994,0.00015
18.20000,1.02194,0.00725,0.00247,0.99014,0.00014
18.34000,1.02194,0.00711,0.00238,0.99037,0.00014
18.48000,1.02194,0.00728,0.00250,0.99007,0.00015
18.62000,1.02194,0.00752,0.00249,0.98983,0.00016
18.76000,1.02194,0.00742,0.00243,0.99000,0.00015
18.90000,1.02194,0.00711,0.00237,0.99036,0.00015
19.04000,1.02194,0.00695,0.00217,0.99075,0.00013
19.18000,1.02194,0.00721,0.00219,0.99046,0.00014
19.32000,1.02194,0.00730,0.00235,0.99021,0.00014
19.46000,1.02194,0.00689,0.00237,0.99061,0.00013
19.60000,1.02194,0.00690,0.00235,0.99062,0.00013
19.74000,1.02194,0.00690,0.00233,0.99063,0.00013
19.88000,1.02194,0.00678,0.00229,0.99080,0.00013
20.02000,1.02194,0.00706,0.00230,0.99050,0.00013
20.16000,1.02194,0.00739,0.00240,0.99007,0.00014
20.30000,1.02194,0.00707,0.00244,0.99036,0.00014
20.44000,1.02194,0.00694,0.00235,0.99057,0.00014
20.58000,1.02194,0.00674,0.00227,0.99085,0.00013
20.72000,1.02194,0.00677,0.00226,0.99084,0.00013
20.86000,1.02194,0.00702,0.00231,0.99053,0.00014
21.00000,1.02194,0.00705,0.00231,0.99051,0.00013
21.14000,1.02194,0.00684,0.00237,0.99066,0.00013
21.28000,1.02194,0.00671,0.00225,0.99091,0.00013
21.42000,1.02194,0.00681,0.00225,0.99081,0.00013
21.56000,1.02194,0.00686,0.00225,0.99075,0.00014
21.70000,1.02194,0.00695,0.00224,0.99068,0.00014
21.84000,1.02194,0.00684,0.00230,0.99073,0.00014
21.98000,1.02194,0.00686,0.00232,0.99069,0.00013
22.12000,1.02194,0.00698,0.00231,0.99057,0.00014
22.26000,1.02194,0.00709,0.00231,0.99047,0.00014
22.40000,1.02194,0.00708,0.00231,0.99047,0.00014
22.54000,1.02194,0.00732,0.00240,0.99014,0.00015
22.68000,1.02194,0.00702,0.00227,0.99058,0.00013
22.82000,1.02194,0.00693,0.00245,0.99047,0.00014
22.96000,1.02194,0.00710,0.00232,0.99045,0.00014
23.10000,1.02194,0.00669,0.00228,0.99090,0.00013
23.24000,1.02194,0.00685,0.00225,0.99077,0.00013
23.38000,1.02194,0.00686,0.00222,0.99079,0.00013
23.52000,1.02194,0.00702,0.00224,0.99060,0.00013
23.66000,1.02194,0.00658,0.00223,0.99107,0.00013
23.80000,1.02194,0.00639,0.00225,0.99124,0.00013
23.94000,1.02194,0.00645,0.00216,0.99127,0.00012
24.08000,1.02194,0.01124,0.00214,0.98638,0.00024
24.22000,1.02194,0.01583,0.00155,0.98235,0.00028
24.36000,1.02194,0.00944,0.00173,0.98868,0.00015
24.50000,1.02194,0.01444,0.00213,0.98279,0.00064
24.64000,1.02194,0.01175,0.00167,0.98612,0.00046
24.78000,1.02194,0.01023,0.00140,0.98803,0.00034
24.92000,1.02194,0.01126,0.00142,0.98699,0.00033
25.06000,1.02194,0.00719,0.00139,0.99115,0.00027
25.20000,1.02194,0.00603,0.00179,0.99202,0.00017
25.34000,1.02194,0.00504,0.00194,0.99292,0.00010
25.48000,1.02194,0.00548,0.00196,0.99246,0.00011
25.62000,1.02194,0.00595,0.00204,0.99189,0.00012
25.76000,1.02194,0.00633,0.00233,0.99120,0.00014
25.90000,1.02194,0.00709,0.00255,0.99018,0.00017
26.04000,1.02194,0.00735,0.00290,0.98958,0.00017
26.18000,1.02194,0.00868,0.00302,0.98810,0.00020
26.32000,1.02194,0.00868,0.00308,0.98804,0.00020
26.46000,1.02194,0.00986,0.00306,0.98685,0.00023
26.60000,1.02194,0.00893,0.00321,0.98764,0.00022
26.74000,1.02194,0.00998,0.00318,0.98660,0.00024
26.88000,1.02194,0.00953,0.00341,0.98682,0.00024
27.02000,1.02194,0.00987,0.00331,0.98659,0.00023
27.16000,1.02194,0.01018,0.00344,0.98614,0.00024
27.30000,1.02194,0.01053,0.00340,0.98584,0.00023
27.44000,1.02194,0.00974,0.00339,0.98664,0.00023
27.58000,1.02194,0.00966,0.00325,0.98687,0.00022
27.72000,1.02194,0.00838,0.00275,0.98870,0.00017
27.86000,1.02194,0.00813,0.00251,0.98920,0.00017
28.00000,1.02194,0.00757,0.00237,0.98989,0.00017
28.14000,1.02194,0.00726,0.00208,0.99051,0.00015
28.28000,1.02194,0.00654,0.00198,0.99136,0.00013
28.42000,1.02194,0.00669,0.00204,0.99114,0.00013
28.56000,1.02194,0.00639,0.00203,0.99144,0.00014
28.70000,1.02194,0.00676,0.00193,0.99118,0.00012
28.84000,1.02194,0.00626,0.00194,0.99168,0.00011
28.98000,1.02194,0.00621,0.00198,0.99170,0.00011
29.12000,1.02194,0.00631,0.00191,0.99167,0.00011
29.26000,1.02194,0.00641,0.00190,0.99158,0.00011
29.40000,1.02194,0.00652,0.00205,0.99131,0.00012
29.54000,1.02194,0.00651,0.00202,0.99135,0.00012
29.68000,1.02194,0.00631,0.00192,0.99166,0.00011
29.82000,1.02194,0.00630,0.00205,0.99152,0.00012
29.96000,1.02194,0.00638,0.00208,0.99141,0.00013
30.10000,1.02194,0.00661,0.00204,0.99121,0.00013
30.24000,1.02194,0.00623,0.00187,0.99179,0.00011
30.38000,1.02194,0.00614,0.00190,0.99185,0.00012
30.52000,1.02194,0.00648,0.00202,0.99138,0.00012
30.66000,1.02194,0.00624,0.00203,0.99161,0.00011
30.80000,1.02194,0.00638,0.00194,0.99157,0.00011
30.94000,1.02194,0.00629,0.00201,0.99159,0.00011
31.08000,1.02194,0.00613,0.00204,0.99171,0.00012
31.22000,1.02194,0.00623,0.00196,0.99170,0.00011
31.36000,1.02194,0.00605,0.00200,0.99184,0.00011
31.50000,1.02194,0.00625,0.00197,0.99167,0.00011
31.64000,1.02194,0.00602,0.00189,0.99199,0.00010
31.78000,1.02194,0.00600,0.00195,0.99195,0.00011
31.92000,1.02194,0.00610,0.00199,0.99180,0.00011
32.06000,1.02193,0.00617,0.00197,0.99175,0.00011
32.20000,1.02194,0.00605,0.00191,0.99193,0.00011
32.34000,1.02194,0.00620,0.00198,0.99170,0.00011
32.48000,1.02194,0.00602,0.00199,0.99188,0.00011
32.62000,1.02194,0.00606,0.00194,0.99188,0.00011
32.76000,1.02194,0.00594,0.00193,0.99202,0.00011
32.90000,1.02193,0.00620,0.00196,0.99172,0.00011
33.04000,1.02194,0.00599,0.00188,0.99203,0.00010
33.18000,1.02194,0.00601,0.00179,0.99210,0.00010
33.32000,1.02194,0.00570,0.00182,0.99237,0.00010
33.46000,1.02194,0.00588,0.00189,0.99212,0.00011
33.60000,1.02194,0.00592,0.00184,0.99214,0.00011
33.74000,1.02193,0.00581,0.00186,0.99223,0.00010
33.88000,1.02194,0.00571,0.00191,0.99226,0.00011
34.02000,1.02194,0.00566,0.00188,0.99235,0.00010
34.16000,1.02194,0.00586,0.00187,0.99217,0.00010
34.30000,1.02194,0.00581,0.00192,0.99216,0.00011
34.44000,1.02194,0.00580,0.00187,0.99222,0.00010
34.58000,1.02193,0.00580,0.00185,0.99224,0.00010
34.72000,1.02193,0.00575,0.00179,0.99237,0.00010
34.86000,1.02194,0.00591,0.00183,0.99215,0.00011
35.00000,1.02194,0.00579,0.00186,0.99224,0.00011
35.14000,1.02194,0.00552,0.00181,0.99257,0.00010
35.28000,1.02194,0.00568,0.00187,0.99235,0.00010
35.42000,1.02194,0.00577,0.00193,0.99219,0.00011
35.56000,1.02193,0.00619,0.00194,0.99176,0.00011
35.70000,1.02194,0.00599,0.00192,0.99198,0.00011
35.84000,1.02194,0.00593,0.00197,0.99198,0.00011
35.98000,1.02194,0.00622,0.00193,0.99173,0.00012
36.12000,1.02194,0.00610,0.00199,0.99179,0.00012
36.26000,1.02194,0.00598,0.00188,0.99202,0.00011
36.40000,1.02193,0.00601,0.00189,0.99199,0.00011
36.54000,1.02194,0.00601,0.00185,0.99204,0.00010
36.68000,1.02194,0.00604,0.00184,0.99202,0.00010
36.82000,1.02194,0.00624,0.00188,0.99177,0.00011
36.96000,1.02194,0.00594,0.00197,0.99197,0.00011
37.10000,1.02194,0.00598,0.00200,0.99191,0.00011
37.24000,1.02193,0.00581,0.00193,0.99215,0.00010
37.38000,1.02194,0.00612,0.00199,0.99177,0.00011
37.52000,1.02194,0.00620,0.00203,0.99165,0.00012
37.66000,1.02194,0.00607,0.00194,0.99188,0.00011
37.80000,1.02194,0.00577,0.00190,0.99222,0.00010
37.94000,1.02194,0.00589,0.00194,0.99207,0.00011
38.08000,1.02193,0.00590,0.00202,0.99197,0.00011
38.22000,1.02193,0.00628,0.00198,0.99163,0.00011
38.36000,1.02194,0.00613,0.00198,0.99178,0.00011
38.50000,1.02194,0.00587,0.00195,0.99208,0.00011
38.64000,1.02194,0.00590,0.00195,0.99204,0.00011
38.78000,1.02194,0.00600,0.00194,0.99195,0.00011
38.92000,1.02194,0.00597,0.00192,0.99200,0.00011
39.06000,1.02193,0.00599,0.00190,0.99200,0.00012
39.20000,1.02194,0.00612,0.00186,0.99190,0.00011
39.34000,1.02194,0.00585,0.00194,0.99209,0.00012
39.48000,1.02194,0.00598,0.00199,0.99192,0.00011
39.62000,1.02194,0.00622,0.00185,0.99182,0.00011
39.76000,1.02194,0.00593,0.00178,0.99219,0.00010
39.90000,1.02193,0.00584,0.00188,0.99217,0.00011
40.04000,1.02194,0.00594,0.00193,0.99202,0.00011
40.18000,1.02194,0.00575,0.00184,0.99230,0.00010
40.32000,1.02194,0.00577,0.00193,0.99219,0.00010
40.46000,1.02194,0.00563,0.00189,0.99236,0.00011
40.60000,1.02194,0.00582,0.00190,0.99218,0.00011
40.74000,1.02193,0.00567,0.00185,0.99237,0.00011
40.88000,1.02194,0.00598,0.00188,0.99203,0.00011
41.02000,1.02194,0.00603,0.00194,0.99191,0.00012
41.16000,1.02194,0.00573,0.00190,0.99226,0.00011
41.30000,1.02194,0.00603,0.00198,0.99188,0.00011
41.44000,1.02194,0.00612,0.00201,0.99176,0.00012
41.58000,1.02193,0.00601,0.00195,0.99193,0.00011
41.72000,1.02193,0.00616,0.00203,0.99170,0.00011
41.86000,1.02194,0.00638,0.00201,0.99149,0.00011
42.00000,1.02194,0.00636,0.00208,0.99144,0.00012
42.14000,1.02194,0.00622,0.00210,0.99156,0.00012
42.28000,1.02194,0.00638,0.00210,0.99140,0.00012
42.42000,1.02194,0.00625,0.00209,0.99154,0.00012
42.56000,1.02193,0.00633,0.00202,0.99153,0.00012
42.70000,1.02194,0.00613,0.00208,0.99167,0.00011
42.84000,1.02194,0.00608,0.00195,0.99186,0.00011
42.98000,1.02194,0.00596,0.00189,0.99205,0.00010
43.12000,1.02194,0.00609,0.00190,0.99190,0.00011
43.26000,1.02194,0.00607,0.00197,0.99185,0.00011
43.40000,1.02193,0.00593,0.00192,0.99205,0.00011
43.54000,1.02194,0.00582,0.00183,0.99225,0.00010
43.68000,1.02194,0.00574,0.00185,0.99231,0.00011
43.82000,1.02194,0.00611,0.00194,0.99183,0.00011
43.96000,1.02194,0.00614,0.00190,0.99184,0.00011
44.10000,1.02194,0.00566,0.00181,0.99243,0.00010
44.24000,1.02193,0.00574,0.00187,0.99229,0.00011
44.38000,1.02194,0.00590,0.00200,0.99199,0.00011
44.52000,1.02194,0.00622,0.00192,0.99175,0.00011
44.66000,1.02194,0.00614,0.00195,0.99180,0.00011
44.80000,1.02194,0.00616,0.00186,0.99188,0.00010
44.94000,1.02194,0.00614,0.00187,0.99189,0.00011
45.08000,1.02193,0.00596,0.00191,0.99202,0.00011
45.22000,1.02193,0.00583,0.00185,0.99221,0.00010
45.36000,1.02194,0.00582,0.00195,0.99213,0.00010
45.50000,1.02194,0.00597,0.00180,0.99213,0.00010
45.64000,1.02194,0.00604,0.00185,0.99201,0.00010
45.78000,1.02194,0.00629,0.00187,0.99173,0.00011
45.92000,1.02194,0.00598,0.00197,0.99194,0.00012
46.06000,1.02193,0.00582,0.00183,0.99225,0.00011
46.20000,1.02194,0.00568,0.00188,0.99234,0.00010
46.34000,1.02194,0.00599,0.00195,0.99195,0.00011
46.48000,1.02194,0.00607,0.00198,0.99185,0.00011
46.62000,1.02194,0.00598,0.00197,0.99194,0.00011
46.76000,1.02194,0.00597,0.00200,0.99192,0.00011
46.90000,1.02193,0.00603,0.00202,0.99184,0.00011
47.04000,1.02194,0.00607,0.00208,0.99174,0.00011
47.18000,1.02194,0.00630,0.00201,0.99158,0.00011
47.32000,1.02194,0.00639,0.00208,0.99141,0.00011
47.46000,1.02194,0.00621,0.00201,0.99167,0.00011
47.60000,1.02194,0.00625,0.00209,0.99154,0.00011
47.74000,1.02193,0.00638,0.00209,0.99142,0.00011
47.88000,1.02194,0.00591,0.00192,0.99207,0.00011
48.02000,1.02194,0.00580,0.00185,0.99224,0.00010
48.16000,1.02194,0.00591,0.00194,0.99203,0.00011
48.30000,1.02194,0.00612,0.00197,0.99180,0.00011
48.44000,1.02194,0.00581,0.00188,0.99221,0.00010
48.58000,1.02193,0.00580,0.00190,0.99220,0.00010
48.72000,1.02193,0.00592,0.00200,0.99197,0.00011
48.86000,1.02194,0.00609,0.00193,0.99187,0.00011
49.00000,1.02194,0.00602,0.00190,0.99197,0.00011
49.14000,1.02194,0.00605,0.00197,0.99186,0.00011
49.28000,1.02194,0.00625,0.00206,0.99157,0.00012
49.42000,1.02194,0.00628,0.00197,0.99164,0.00011
49.56000,1.02193,0.00593,0.00192,0.99204,0.00011
49.70000,1.02194,0.00596,0.00201,0.99192,0.00011
49.84000,1.02194,0.00600,0.00199,0.99190,0.00011
49.98000,1.02194,0.00606,0.00198,0.99185,0.00011
50.12000,1.02194,0.00605,0.00203,0.99182,0.00011
50.26000,1.02194,0.00612,0.00198,0.99180,0.00011
50.40000,1.02193,0.00602,0.00201,0.99186,0.00011
50.54000,1.02194,0.00614,0.00200,0.99175,0.00011
50.68000,1.02194,0.00624,0.00198,0.99167,0.00011
50.82000,1.02194,0.00611,0.00203,0.99175,0.00011
50.96000,1.02194,0.00606,0.00201,0.99182,0.00011
51.10000,1.02194,0.00607,0.00201,0.99181,0.00011
51.24000,1.02193,0.00587,0.00189,0.99214,0.00010
51.38000,1.02194,0.00587,0.00190,0.99213,0.00010
51.52000,1.02194,0.00617,0.00190,0.99182,0.00011
51.66000,1.02194,0.00597,0.00194,0.99199,0.00011
51.80000,1.02194,0.00586,0.00191,0.99213,0.00010
51.94000,1.02194,0.00581,0.00184,0.99224,0.00010
52.08000,1.02193,0.00565,0.00189,0.99236,0.00010
52.22000,1.02193,0.00565,0.00185,0.99241,0.00010
52.36000,1.02194,0.00566,0.00177,0.99247,0.00010
52.50000,1.02194,0.00564,0.00182,0.99244,0.00010
52.64000,1.02194,0.00566,0.00194,0.99230,0.00011
52.78000,1.02194,0.00554,0.00183,0.99253,0.00010
52.92000,1.02194,0.00556,0.00186,0.99248,0.00010
53.06000,1.02193,0.00569,0.00186,0.99234,0.00010
53.20000,1.02194,0.00578,0.00191,0.99220,0.00011
53.34000,1.02194,0.00588,0.00193,0.99208,0.00011
53.48000,1.02194,0.00602,0.00196,0.99192,0.00011
53.62000,1.02194,0.00595,0.00195,0.99199,0.00011
53.76000,1.02194,0.00585,0.00191,0.99214,0.00010
53.90000,1.02193,0.00603,0.00186,0.99200,0.00010
54.04000,1.02194,0.00585,0.00194,0.99211,0.00011
54.18000,1.02194,0.00617,0.00203,0.99169,0.00011
54.32000,1.02194,0.00607,0.00202,0.99180,0.00011
54.46000,1.02194,0.00601,0.00203,0.99186,0.00011
54.60000,1.02194,0.00599,0.00198,0.99192,0.00011
54.74000,1.02193,0.00606,0.00198,0.99185,0.00011
54.88000,1.02194,0.00599,0.00199,0.99191,0.00011
55.02000,1.02194,0.00614,0.00201,0.99174,0.00011
55.16000,1.02194,0.00599,0.00190,0.99200,0.00011
55.30000,1.02194,0.00575,0.00191,0.99225,0.00010
55.44000,1.02194,0.00566,0.00191,0.99232,0.00010
55.58000,1.02193,0.00571,0.00180,0.99239,0.00010
55.72000,1.02193,0.00594,0.00187,0.99208,0.00011
55.86000,1.02194,0.00590,0.00190,0.99209,0.00011
56.00000,1.02194,0.00578,0.00185,0.99226,0.00011
56.14000,1.02194,0.00577,0.00193,0.99220,0.00011
56.28000,1.02194,0.00586,0.00197,0.99206,0.00011
56.42000,1.02194,0.00597,0.00195,0.99197,0.00011
56.56000,1.02193,0.00588,0.00198,0.99203,0.00011
56.70000,1.02194,0.00618,0.00200,0.99172,0.00011
56.84000,1.02194,0.00603,0.00200,0.99186,0.00011
56.98000,1.02194,0.00598,0.00200,0.99191,0.00011
57.12000,1.02194,0.00599,0.00195,0.99195,0.00011
57.26000,1.02194,0.00588,0.00189,0.99213,0.00010
57.40000,1.02193,0.00603,0.00196,0.99190,0.00011
57.54000,1.02194,0.00589,0.00182,0.99219,0.00010
57.68000,1.02194,0.00600,0.00185,0.99205,0.00010
57.82000,1.02194,0.00573,0.00189,0.99227,0.00010
57.96000,1.02194,0.00572,0.00186,0.99232,0.00010
58.10000,1.02194,0.00559,0.00176,0.99255,0.00010
58.24000,1.02193,0.00564,0.00186,0.99240,0.00010
58.38000,1.02194,0.00569,0.00186,0.99234,0.00010
58.52000,1.02194,0.00557,0.00179,0.99255,0.00009
58.66000,1.02194,0.00567,0.00190,0.99232,0.00010
58.80000,1.02194,0.00572,0.00193,0.99225,0.00010
58.94000,1.02194,0.00578,0.00192,0.99220,0.00010
59.08000,1.02193,0.00581,0.00193,0.99216,0.00010
59.22000,1.02193,0.00600,0.00207,0.99182,0.00011
59.36000,1.02194,0.00611,0.00201,0.99177,0.00011
59.50000,1.02194,0.00607,0.00199,0.99183,0.00011
59.64000,1.02194,0.00603,0.00197,0.99189,0.00011
59.78000,1.02194,0.00599,0.00201,0.99189,0.00011
59.92000,1.02194,0.00593,0.00192,0.99204,0.00010
60.06000,1.02193,0.00599,0.00189,0.99202,0.00010
60.20000,1.02194,0.00573,0.00183,0.99234,0.00010
60.34000,1.02194,0.00577,0.00186,0.99227,0.00010
60.48000,1.02194,0.00599,0.00188,0.99203,0.00011
60.62000,1.02194,0.00581,0.00187,0.99222,0.00010
60.76000,1.02194,0.00592,0.00196,0.99201,0.00011
60.90000,1.02193,0.00588,0.00188,0.99213,0.00010
61.04000,1.02194,0.00591,0.00186,0.99213,0.00010
61.18000,1.02194,0.00584,0.00194,0.99211,0.00011
61.32000,1.02194,0.00617,0.00197,0.99175,0.00011
61.46000,1.02194,0.00600,0.00195,0.99195,0.00011
61.60000,1.02194,0.00608,0.00206,0.99174,0.00011
61.74000,1.02193,0.00600,0.00205,0.99183,0.00011
61.88000,1.02194,0.00605,0.00206,0.99177,0.00011
62.02000,1.02194,0.00615,0.00207,0.99167,0.00011
62.16000,1.02194,0.00627,0.00204,0.99158,0.00011
62.30000,1.02194,0.00637,0.00203,0.99149,0.00012
62.44000,1.02194,0.00629,0.00203,0.99157,0.00012
62.58000,1.02193,0.00626,0.00201,0.99162,0.00012
62.72000,1.02193,0.00627,0.00201,0.99160,0.00011
62.86000,1.02194,0.00608,0.00199,0.99183,0.00011
63.00000,1.02193,0.00620,0.00210,0.99159,0.00011
63.14000,1.02193,0.00654,0.00204,0.99129,0.00012
63.28000,1.02194,0.00652,0.00204,0.99132,0.00012
63.42000,1.02194,0.00623,0.00201,0.99165,0.00012
63.56000,1.02194,0.00625,0.00201,0.99162,0.00012
63.70000,1.02194,0.00616,0.00193,0.99180,0.00012
63.84000,1.02194,0.00628,0.00195,0.99166,0.00011
63.98000,1.02194,0.00637,0.00204,0.99148,0.00011
64.12000,1.02193,0.00626,0.00195,0.99167,0.00011
64.26000,1.02193,0.00610,0.00194,0.99185,0.00011
64.40000,1.02193,0.00601,0.00190,0.99198,0.00011
64.54000,1.02193,0.00622,0.00197,0.99170,0.00012
64.68000,1.02193,0.00599,0.00193,0.99196,0.00011
64.82000,1.02193,0.00582,0.00196,0.99211,0.00011
64.96000,1.02194,0.00608,0.00190,0.99191,0.00011
65.10000,1.02194,0.00621,0.00193,0.99175,0.00011
65.24000,1.02194,0.00621,0.00200,0.99167,0.00011
65.38000,1.02194,0.00636,0.00204,0.99147,0.00012
65.52000,1.02194,0.00636,0.00212,0.99139,0.00012
65.66000,1.02193,0.00663,0.00222,0.99102,0.00013
65.80000,1.02193,0.00691,0.00223,0.99073,0.00013
65.94000,1.02193,0.00713,0.00234,0.99039,0.00014
66.08000,1.02193,0.00710,0.00237,0.99038,0.00014
66.22000,1.02193,0.00709,0.00230,0.99046,0.00014
66.36000,1.02193,0.00709,0.00221,0.99057,0.00014
66.50000,1.02193,0.00665,0.00209,0.99114,0.00013
66.64000,1.02193,0.00643,0.00209,0.99136,0.00012
66.78000,1.02194,0.00673,0.00216,0.99099,0.00013
66.92000,1.02194,0.00637,0.00215,0.99135,0.00012
67.06000,1.02194,0.00637,0.00220,0.99131,0.00012
67.20000,1.02194,0.00654,0.00216,0.99118,0.00012
67.34000,1.02194,0.00651,0.00235,0.99101,0.00013
67.48000,1.02193,0.00675,0.00224,0.99088,0.00013
67.62000,1.02193,0.00689,0.00222,0.99076,0.00013
67.76000,1.02193,0.00676,0.00224,0.99086,0.00013
67.90000,1.02193,0.00690,0.00230,0.99065,0.00014
68.04000,1.02193,0.00666,0.00220,0.99101,0.00012
68.18000,1.02193,0.00649,0.00211,0.99127,0.00012
68.32000,1.02193,0.00664,0.00225,0.99097,0.00013
68.46000,1.02194,0.00709,0.00221,0.99056,0.00013
68.60000,1.02194,0.00689,0.00237,0.99060,0.00014
68.74000,1.02194,0.00688,0.00234,0.99064,0.00014
68.88000,1.02194,0.00679,0.00236,0.99071,0.00014
69.02000,1.02194,0.00707,0.00247,0.99031,0.00015
69.16000,1.02193,0.00742,0.00264,0.98979,0.00015
69.30000,1.02193,0.00768,0.00251,0.98966,0.00015
69.44000,1.02193,0.00742,0.00249,0.98995,0.00015
69.58000,1.02193,0.00745,0.00261,0.98978,0.00016
69.72000,1.02193,0.00770,0.00257,0.98956,0.00016
69.86000,1.02193,0.00747,0.00259,0.98977,0.00016
70.00000,1.02193,0.00709,0.00241,0.99036,0.00014
70.14000,1.02193,0.00726,0.00234,0.99025,0.00015
70.28000,1.02194,0.00757,0.00253,0.98975,0.00015
70.42000,1.02194,0.00769,0.00258,0.98957,0.00016
70.56000,1.02194,0.00771,0.00245,0.98969,0.00015
70.70000,1.02194,0.00773,0.00271,0.98940,0.00016
70.84000,1.02194,0.00771,0.00274,0.98938,0.00017
70.98000,1.02193,0.00798,0.00274,0.98912,0.00016
71.12000,1.02193,0.00770,0.00267,0.98948,0.00015
71.26000,1.02193,0.00769,0.00270,0.98945,0.00016
71.40000,1.02193,0.00761,0.00256,0.98967,0.00015
71.54000,1.02193,0.00759,0.00262,0.98964,0.00015
71.68000,1.02193,0.00764,0.00251,0.98970,0.00015
71.82000,1.02193,0.00710,0.00252,0.99023,0.00014
71.96000,1.02194,0.00738,0.00260,0.98988,0.00015
72.10000,1.02194,0.00736,0.00241,0.99008,0.00014
72.24000,1.02194,0.00728,0.00244,0.99014,0.00014
72.38000,1.02194,0.00717,0.00250,0.99019,0.00015
72.52000,1.02194,0.00714,0.00241,0.99030,0.00014
72.66000,1.02193,0.00714,0.00240,0.99032,0.00014
72.80000,1.02193,0.00710,0.00244,0.99031,0.00015
72.94000,1.02193,0.00728,0.00248,0.99009,0.00015
73.08000,1.02193,0.00706,0.00246,0.99033,0.00014
73.22000,1.02193,0.00723,0.00253,0.99009,0.00015
73.36000,1.02193,0.00748,0.00250,0.98987,0.00015
73.50000,1.02193,0.00772,0.00245,0.98968,0.00016
73.64000,1.02193,0.00799,0.00264,0.98920,0.00017
73.78000,1.02194,0.00793,0.00261,0.98930,0.00016
73.92000,1.02194,0.00751,0.00238,0.98995,0.00016
74.06000,1.02194,0.00756,0.00254,0.98974,0.00017
74.20000,1.02194,0.00780,0.00251,0.98952,0.00017
74.34000,1.02194,0.00763,0.00234,0.98986,0.00016
74.48000,1.02193,0.00707,0.00235,0.99043,0.00014
74.62000,1.02193,0.00740,0.00251,0.98993,0.00016
74.76000,1.02193,0.00787,0.00246,0.98950,0.00016
74.90000,1.02193,0.00789,0.00262,0.98933,0.00016
75.04000,1.02193,0.00756,0.00257,0.98972,0.00015
75.18000,1.02193,0.00769,0.00273,0.98942,0.00016
75.32000,1.02193,0.00770,0.00276,0.98938,0.00016
75.46000,1.02194,0.00781,0.00265,0.98939,0.00016
75.60000,1.02194,0.00798,0.00272,0.98913,0.00017
75.74000,1.02194,0.00764,0.00269,0.98950,0.00017
75.88000,1.02194,0.00765,0.00263,0.98956,0.00016
76.02000,1.02194,0.00774,0.00262,0.98948,0.00016
76.16000,1.02193,0.00764,0.00255,0.98965,0.00016
76.30000,1.02193,0.00738,0.00243,0.99004,0.00015
76.44000,1.02193,0.00753,0.00250,0.98982,0.00015
76.58000,1.02193,0.00762,0.00252,0.98970,0.00016
76.72000,1.02193,0.00785,0.00260,0.98938,0.00016
76.86000,1.02193,0.00748,0.00246,0.98990,0.00015
77.00000,1.02193,0.00709,0.00251,0.99025,0.00015
77.14000,1.02193,0.00753,0.00252,0.98979,0.00016
77.28000,1.02194,0.00740,0.00263,0.98981,0.00016
77.42000,1.02194,0.00783,0.00259,0.98941,0.00016
77.56000,1.02194,0.00754,0.00259,0.98971,0.00015
77.70000,1.02194,0.00770,0.00259,0.98955,0.00015
77.84000,1.02194,0.00807,0.00268,0.98907,0.00017
77.98000,1.02193,0.00773,0.00254,0.98958,0.00016
78.12000,1.02193,0.00762,0.00263,0.98960,0.00016
78.26000,1.02193,0.00785,0.00266,0.98934,0.00016
78.40000,1.02193,0.00738,0.00271,0.98975,0.00016
78.54000,1.02193,0.00742,0.00253,0.98990,0.00014
78.68000,1.02193,0.00751,0.00267,0.98967,0.00015
78.82000,1.02193,0.00800,0.00262,0.98921,0.00017
78.96000,1.02194,0.00780,0.00270,0.98933,0.00016
79.10000,1.02194,0.00778,0.00264,0.98942,0.00016
79.24000,1.02194,0.00779,0.00275,0.98929,0.00016
79.38000,1.02194,0.00790,0.00265,0.98928,0.00016
79.52000,1.02194,0.00762,0.00262,0.98960,0.00015
79.66000,1.02193,0.00795,0.00264,0.98924,0.00016
79.80000,1.02193,0.00749,0.00259,0.98976,0.00016
79.94000,1.02193,0.00760,0.00250,0.98975,0.00015
80.08000,1.02193,0.00772,0.00263,0.98950,0.00016
80.22000,1.02193,0.00777,0.00254,0.98953,0.00016
80.36000,1.02193,0.00767,0.00257,0.98960,0.00016
80.50000,1.02193,0.00767,0.00252,0.98966,0.00015
80.64000,1.02193,0.00758,0.00253,0.98973,0.00016
80.78000,1.02194,0.00757,0.00259,0.98968,0.00015
80.92000,1.02194,0.00730,0.00247,0.99009,0.00015
81.06000,1.02194,0.00746,0.00249,0.98990,0.00015
81.20000,1.02194,0.00774,0.00249,0.98961,0.00016
81.34000,1.02194,0.00735,0.00260,0.98990,0.00016
81.48000,1.02193,0.00771,0.00253,0.98961,0.00016
81.62000,1.02193,0.00761,0.00256,0.98966,0.00017
81.76000,1.02193,0.00779,0.00250,0.98954,0.00017
81.90000,1.02193,0.00796,0.00252,0.98935,0.00017
82.04000,1.02193,0.00799,0.00255,0.98929,0.00017
82.18000,1.02193,0.00761,0.00254,0.98967,0.00017
82.32000,1.02193,0.00826,0.00268,0.98889,0.00017
82.46000,1.02194,0.00784,0.00258,0.98942,0.00016
82.60000,1.02194,0.00765,0.00259,0.98961,0.00015
82.74000,1.02194,0.00756,0.00258,0.98971,0.00015
82.88000,1.02194,0.00766,0.00256,0.98963,0.00015
83.02000,1.02194,0.00791,0.00266,0.98928,0.00016
83.16000,1.02193,0.00744,0.00255,0.98985,0.00015
83.30000,1.02193,0.00763,0.00261,0.98961,0.00016
83.44000,1.02193,0.00763,0.00261,0.98960,0.00016
83.58000,1.02193,0.00780,0.00265,0.98937,0.00017
83.72000,1.02193,0.00771,0.00264,0.98949,0.00016
83.86000,1.02193,0.00736,0.00252,0.98997,0.00015
84.00000,1.02193,0.00749,0.00242,0.98994,0.00015
84.14000,1.02193,0.00755,0.00230,0.99001,0.00015
84.28000,1.02194,0.00802,0.00257,0.98924,0.00017
84.42000,1.02194,0.00761,0.00255,0.98968,0.00016
84.56000,1.02194,0.00738,0.00245,0.99003,0.00015
84.70000,1.02194,0.00734,0.00251,0.98999,0.00016
84.84000,1.02194,0.00788,0.00280,0.98913,0.00018
84.98000,1.02193,0.00775,0.00258,0.98950,0.00016
85.12000,1.02193,0.00770,0.00271,0.98942,0.00016
85.26000,1.02193,0.00773,0.00269,0.98941,0.00017
85.40000,1.02193,0.00783,0.00268,0.98932,0.00017
85.54000,1.02193,0.00746,0.00262,0.98977,0.00015
85.68000,1.02193,0.00765,0.00263,0.98957,0.00015
85.82000,1.02193,0.00752,0.00250,0.98982,0.00015
85.96000,1.02194,0.00742,0.00253,0.98990,0.00015
86.10000,1.02194,0.00749,0.00245,0.98992,0.00014
86.24000,1.02194,0.00749,0.00244,0.98993,0.00014
86.38000,1.02194,0.00735,0.00250,0.99000,0.00015
86.52000,1.02194,0.00760,0.00247,0.98978,0.00015
86.66000,1.02193,0.00740,0.00265,0.98979,0.00016
86.80000,1.02193,0.00749,0.00253,0.98983,0.00015
86.94000,1.02193,0.00717,0.00253,0.99016,0.00015
87.08000,1.02193,0.00736,0.00252,0.98997,0.00015
87.22000,1.02193,0.00771,0.00249,0.98964,0.00016
87.36000,1.02193,0.00795,0.00256,0.98933,0.00016
87.50000,1.02193,0.00752,0.00253,0.98980,0.00015
87.64000,1.02193,0.00747,0.00256,0.98982,0.00015
87.78000,1.02194,0.00770,0.00265,0.98949,0.00016
87.92000,1.02194,0.00772,0.00260,0.98952,0.00016
88.06000,1.02194,0.00746,0.00246,0.98994,0.00014
88.20000,1.02194,0.00751,0.00258,0.98977,0.00015
88.34000,1.02194,0.00756,0.00253,0.98975,0.00015
88.48000,1.02193,0.00741,0.00248,0.98997,0.00015
88.62000,1.02193,0.00746,0.00253,0.98985,0.00015
88.76000,1.02193,0.00788,0.00248,0.98948,0.00016
88.90000,1.02193,0.00753,0.00264,0.98967,0.00016
89.04000,1.02193,0.00780,0.00265,0.98938,0.00016
89.18000,1.02193,0.00769,0.00262,0.98953,0.00016
89.32000,1.02193,0.00746,0.00239,0.98999,0.00015
89.46000,1.02194,0.00772,0.00248,0.98965,0.00015
89.60000,1.02194,0.00748,0.00248,0.98989,0.00014
89.74000,1.02194,0.00712,0.00246,0.99029,0.00014
89.88000,1.02194,0.00702,0.00242,0.99042,0.00013
90.02000,1.02194,0.00717,0.00240,0.99029,0.00014
90.16000,1.02193,0.00718,0.00251,0.99017,0.00015
90.30000,1.02193,0.00737,0.00251,0.98997,0.00015
90.44000,1.02193,0.00751,0.00263,0.98970,0.00016
90.58000,1.02193,0.00729,0.00241,0.99015,0.00014
90.72000,1.02193,0.00734,0.00243,0.99009,0.00015
90.86000,1.02193,0.00748,0.00244,0.98993,0.00015
91.00000,1.02193,0.00778,0.00251,0.98956,0.00016
91.14000,1.02193,0.00736,0.00254,0.98995,0.00016
91.28000,1.02194,0.00758,0.00244,0.98981,0.00016
91.42000,1.02194,0.00748,0.00271,0.98963,0.00017
91.56000,1.02194,0.00749,0.00260,0.98975,0.00016
91.70000,1.02194,0.00771,0.00256,0.98957,0.00016
91.84000,1.02194,0.00770,0.00258,0.98956,0.00016
91.98000,1.02193,0.00780,0.00267,0.98936,0.00017
92.12000,1.02193,0.00792,0.00262,0.98930,0.00016
92.26000,1.02193,0.00762,0.00263,0.98959,0.00016
92.40000,1.02193,0.00753,0.00264,0.98968,0.00015
92.54000,1.02193,0.00761,0.00278,0.98946,0.00016
92.68000,1.02193,0.00763,0.00252,0.98970,0.00015
92.82000,1.02193,0.00760,0.00254,0.98971,0.00015
92.96000,1.02194,0.00740,0.00260,0.98985,0.00015
93.10000,1.02194,0.00764,0.00262,0.98958,0.00016
93.24000,1.02194,0.00746,0.00252,0.98987,0.00015
93.38000,1.02194,0.00738,0.00254,0.98994,0.00015
93.52000,1.02194,0.00744,0.00254,0.98987,0.00015
93.66000,1.02193,0.00729,0.00249,0.99008,0.00014
93.80000,1.02193,0.00755,0.00260,0.98970,0.00015
93.94000,1.02193,0.00763,0.00262,0.98960,0.00015
94.08000,1.02193,0.00764,0.00258,0.98962,0.00016
94.22000,1.02193,0.00750,0.00255,0.98979,0.00015
94.36000,1.02193,0.00743,0.00255,0.98986,0.00015
94.50000,1.02193,0.00746,0.00250,0.98988,0.00015
94.64000,1.02193,0.00762,0.00260,0.98963,0.00016
94.78000,1.02194,0.00745,0.00258,0.98981,0.00016
94.92000,1.02194,0.00723,0.00238,0.99024,0.00015
95.06000,1.02194,0.00730,0.00251,0.99003,0.00016
95.20000,1.02194,0.00728,0.00254,0.99002,0.00016
95.34000,1.02194,0.00728,0.00251,0.99005,0.00016
95.48000,1.02193,0.00743,0.00248,0.98994,0.00015
95.62000,1.02193,0.00733,0.00262,0.98989,0.00016
95.76000,1.02193,0.00774,0.00258,0.98952,0.00016
95.90000,1.02193,0.00762,0.00259,0.98963,0.00016
96.04000,1.02193,0.00780,0.00244,0.98961,0.00015
96.18000,1.02193,0.00777,0.00251,0.98957,0.00015
96.32000,1.02193,0.00803,0.00256,0.98925,0.00016
96.46000,1.02194,0.00764,0.00259,0.98962,0.00016
96.60000,1.02194,0.00748,0.00253,0.98983,0.00016
96.74000,1.02194,0.00732,0.00253,0.98999,0.00015
96.88000,1.02194,0.00750,0.00254,0.98981,0.00015
97.02000,1.02194,0.00759,0.00254,0.98971,0.00016
97.16000,1.02193,0.00776,0.00260,0.98948,0.00016
97.30000,1.02193,0.00796,0.00262,0.98926,0.00016
97.44000,1.02193,0.00774,0.00252,0.98958,0.00015
97.58000,1.02193,0.00766,0.00260,0.98960,0.00015
97.72000,1.02193,0.00793,0.00268,0.98923,0.00016
97.86000,1.02193,0.00800,0.00265,0.98918,0.00017
98.00000,1.02193,0.00785,0.00261,0.98936,0.00017
98.14000,1.02193,0.00766,0.00256,0.98962,0.00016
98.28000,1.02194,0.00744,0.00261,0.98979,0.00016
98.42000,1.02194,0.00769,0.00256,0.98959,0.00016
98.56000,1.02194,0.00800,0.00270,0.98912,0.00017
98.70000,1.02194,0.00779,0.00254,0.98951,0.00016
98.84000,1.02194,0.00765,0.00241,0.98979,0.00015
98.98000,1.02193,0.00752,0.00246,0.98986,0.00016
99.12000,1.02193,0.00770,0.00259,0.98954,0.00017
99.26000,1.02193,0.00756,0.00262,0.98966,0.00016
99.40000,1.02193,0.00780,0.00262,0.98942,0.00016
99.54000,1.02193,0.00766,0.00276,0.98942,0.00017
99.68000,1.02193,0.00806,0.00263,0.98914,0.00016
99.82000,1.02193,0.00783,0.00268,0.98933,0.00016
99.96000,1.02194,0.00791,0.00267,0.98926,0.00017
100.10000,1.02194,0.00768,0.00263,0.98952,0.00016
100.24000,1.02194,0.00796,0.00254,0.98934,0.00016
100.38000,1.02194,0.00795,0.00260,0.98929,0.00016
100.52000,1.02194,0.00771,0.00264,0.98949,0.00016
100.66000,1.02193,0.00762,0.00256,0.98966,0.00015
100.80000,1.02193,0.00745,0.00248,0.98993,0.00014
100.94000,1.02193,0.00750,0.00242,0.98994,0.00014
101.08000,1.02193,0.00729,0.00242,0.99014,0.00015
101.22000,1.02193,0.00766,0.00252,0.98967,0.00015
101.36000,1.02193,0.00741,0.00259,0.98985,0.00015
101.50000,1.02193,0.00731,0.00253,0.99001,0.00015
101.64000,1.02193,0.00748,0.00267,0.98969,0.00016
101.78000,1.02194,0.00752,0.00265,0.98968,0.00016
101.92000,1.02194,0.00738,0.00255,0.98992,0.00015
102.06000,1.02194,0.00769,0.00254,0.98960,0.00016
102.20000,1.02194,0.00785,0.00265,0.98934,0.00016
102.34000,1.02194,0.00774,0.00261,0.98949,0.00016
102.48000,1.02193,0.00751,0.00263,0.98970,0.00016
102.62000,1.02193,0.00782,0.00260,0.98942,0.00016
102.76000,1.02193,0.00778,0.00274,0.98931,0.00016
102.90000,1.02193,0.00800,0.00268,0.98917,0.00016
103.04000,1.02193,0.00764,0.00266,0.98955,0.00015
103.18000,1.02193,0.00759,0.00259,0.98967,0.00015
103.32000,1.02193,0.00766,0.00271,0.98946,0.00016
103.46000,1.02194,0.00783,0.00265,0.98936,0.00015
103.60000,1.02194,0.00761,0.00260,0.98963,0.00015
103.74000,1.02194,0.00738,0.00260,0.98986,0.00015
103.88000,1.02194,0.00749,0.00263,0.98973,0.00015
104.02000,1.02194,0.00749,0.00254,0.98982,0.00015
104.16000,1.02193,0.00741,0.00246,0.98998,0.00015
104.30000,1.02193,0.00723,0.00245,0.99018,0.00014
104.44000,1.02193,0.00760,0.00249,0.98976,0.00015
104.58000,1.02193,0.00775,0.00248,0.98962,0.00015
104.72000,1.02193,0.00764,0.00258,0.98961,0.00016
104.86000,1.02193,0.00716,0.00256,0.99012,0.00015
105.00000,1.02193,0.00729,0.00245,0.99011,0.00015
105.14000,1.02193,0.00723,0.00246,0.99017,0.00015
105.28000,1.02194,0.00745,0.00254,0.98985,0.00016
105.42000,1.02194,0.00790,0.00258,0.98936,0.00016
105.56000,1.02194,0.00753,0.00249,0.98983,0.00015
105.70000,1.02194,0.00726,0.00251,0.99008,0.00015
105.84000,1.02194,0.00752,0.00251,0.98981,0.00015
105.98000,1.02193,0.00746,0.00261,0.98977,0.00016
106.12000,1.02193,0.00753,0.00253,0.98979,0.00015
106.26000,1.02193,0.00741,0.00255,0.98989,0.00015
106.40000,1.02193,0.00769,0.00250,0.98966,0.00015
106.54000,1.02193,0.00771,0.00257,0.98957,0.00015
106.68000,1.02193,0.00748,0.00258,0.98979,0.00015
106.82000,1.02193,0.00757,0.00254,0.98974,0.00015
106.96000,1.02194,0.00764,0.00252,0.98969,0.00015
107.10000,1.02194,0.00765,0.00252,0.98968,0.00015
107.24000,1.02194,0.00786,0.00244,0.98953,0.00016
107.38000,1.02194,0.00716,0.00252,0.99017,0.00015
107.52000,1.02194,0.00783,0.00229,0.98972,0.00016
107.66000,1.02193,0.00699,0.00243,0.99043,0.00015
107.80000,1.02193,0.00732,0.00239,0.99012,0.00016
107.94000,1.02193,0.00775,0.00233,0.98977,0.00016
108.08000,1.02193,0.00750,0.00237,0.98997,0.00015
108.22000,1.02193,0.00713,0.00236,0.99036,0.00015
108.36000,1.02193,0.00762,0.00235,0.98989,0.00014
108.50000,1.02193,0.00730,0.00246,0.99010,0.00015
108.64000,1.02193,0.00725,0.00250,0.99011,0.00014
108.78000,1.02194,0.00768,0.00244,0.98973,0.00015
108.92000,1.02194,0.00739,0.00251,0.98995,0.00015
109.06000,1.02194,0.00730,0.00249,0.99006,0.00015
109.20000,1.02194,0.00719,0.00241,0.99026,0.00015
109.34000,1.02194,0.00734,0.00240,0.99011,0.00015
109.48000,1.02193,0.00738,0.00250,0.98997,0.00016
109.62000,1.02193,0.00764,0.00247,0.98973,0.00016
109.76000,1.02193,0.00746,0.00247,0.98991,0.00015
109.90000,1.02193,0.00727,0.00249,0.99009,0.00014
110.04000,1.02193,0.00769,0.00252,0.98963,0.00015
110.18000,1.02193,0.00776,0.00258,0.98950,0.00016
110.32000,1.02193,0.00746,0.00256,0.98982,0.00015
110.46000,1.02194,0.00721,0.00248,0.99016,0.00014
110.60000,1.02194,0.00707,0.00244,0.99035,0.00014
110.74000,1.02194,0.00709,0.00248,0.99029,0.00014
110.88000,1.02194,0.00726,0.00249,0.99011,0.00014
111.02000,1.02194,0.00746,0.00253,0.98987,0.00015
111.16000,1.02193,0.00727,0.00240,0.99018,0.00014
111.30000,1.02193,0.00741,0.00259,0.98985,0.00015
111.44000,1.02193,0.00742,0.00256,0.98987,0.00015
111.58000,1.02193,0.00739,0.00255,0.98991,0.00015
111.72000,1.02193,0.00783,0.00254,0.98948,0.00016
111.86000,1.02193,0.00762,0.00261,0.98962,0.00016
112.00000,1.02193,0.00754,0.00261,0.98970,0.00015
112.14000,1.02193,0.00744,0.00251,0.98990,0.00015
112.28000,1.02194,0.00755,0.00251,0.98979,0.00015
112.42000,1.02194,0.00742,0.00248,0.98995,0.00015
112.56000,1.02194,0.00799,0.00258,0.98927,0.00016
112.70000,1.02194,0.00760,0.00249,0.98976,0.00015
112.84000,1.02194,0.00726,0.00249,0.99010,0.00015
112.98000,1.02193,0.00768,0.00246,0.98971,0.00015
113.12000,1.02193,0.00763,0.00255,0.98967,0.00016
113.26000,1.02193,0.00740,0.00264,0.98981,0.00015
113.40000,1.02193,0.00728,0.00246,0.99012,0.00014
113.54000,1.02193,0.00711,0.00244,0.99031,0.00014
113.68000,1.02193,0.00715,0.00239,0.99033,0.00014
113.82000,1.02193,0.00704,0.00237,0.99045,0.00014
113.96000,1.02194,0.00723,0.00240,0.99023,0.00014
114.10000,1.02194,0.00679,0.00232,0.99076,0.00013
114.24000,1.02194,0.00682,0.00229,0.99076,0.00013
114.38000,1.02194,0.00733,0.00233,0.99021,0.00014
114.52000,1.02194,0.00708,0.00238,0.99040,0.00014
114.66000,1.02193,0.00718,0.00245,0.99023,0.00015
114.80000,1.02193,0.00716,0.00241,0.99029,0.00014
114.94000,1.02193,0.00685,0.00237,0.99064,0.00014
115.08000,1.02193,0.00716,0.00245,0.99024,0.00015
115.22000,1.02193,0.00728,0.00243,0.99014,0.00015
115.36000,1.02193,0.00726,0.00237,0.99023,0.00014
115.50000,1.02193,0.00731,0.00242,0.99013,0.00014
115.64000,1.02193,0.00722,0.00257,0.99006,0.00015
115.78000,1.02194,0.00756,0.00254,0.98975,0.00015
115.92000,1.02194,0.00756,0.00262,0.98967,0.00015
116.06000,1.02194,0.00735,0.00259,0.98991,0.00015
116.20000,1.02194,0.00734,0.00250,0.99001,0.00015
116.34000,1.02194,0.00718,0.00234,0.99034,0.00014
116.48000,1.02193,0.00741,0.00231,0.99014,0.00014
116.62000,1.02193,0.00745,0.00249,0.98991,0.00015
116.76000,1.02193,0.00717,0.00246,0.99022,0.00014
116.90000,1.02193,0.00688,0.00232,0.99066,0.00013
117.04000,1.02193,0.00691,0.00247,0.99048,0.00014
117.18000,1.02193,0.00698,0.00233,0.99055,0.00014
117.32000,1.02193,0.00717,0.00223,0.99047,0.00013
117.46000,1.02194,0.00718,0.00235,0.99033,0.00014
117.60000,1.02194,0.00717,0.00233,0.99036,0.00014
117.74000,1.02194,0.00714,0.00247,0.99024,0.00015
117.88000,1.02194,0.00711,0.00244,0.99029,0.00015
118.02000,1.02194,0.00709,0.00251,0.99024,0.00015
118.16000,1.02193,0.00730,0.00249,0.99006,0.00015
118.30000,1.02193,0.00708,0.00241,0.99037,0.00014
118.44000,1.02193,0.00705,0.00252,0.99029,0.00014
118.58000,1.02193,0.00741,0.00254,0.98991,0.00014
118.72000,1.02193,0.00735,0.00255,0.98995,0.00015
118.86000,1.02193,0.00732,0.00249,0.99005,0.00015
119.00000,1.02193,0.00714,0.00243,0.99029,0.00014
119.14000,1.02193,0.00733,0.00238,0.99015,0.00015
119.28000,1.02194,0.00727,0.00248,0.99010,0.00015
119.42000,1.02194,0.00736,0.00236,0.99013,0.00014
119.56000,1.02194,0.00717,0.00224,0.99045,0.00014
119.70000,1.02194,0.00714,0.00242,0.99029,0.00015
119.84000,1.02194,0.00737,0.00244,0.99004,0.00016
119.98000,1.02193,0.00742,0.00241,0.99001,0.00015
120.12000,1.02193,0.00700,0.00235,0.99051,0.00014
120.26000,1.02193,0.00711,0.00247,0.99028,0.00015
120.40000,1.02193,0.00709,0.00243,0.99034,0.00014
120.54000,1.02193,0.00708,0.00244,0.99035,0.00014
120.68000,1.02193,0.00725,0.00239,0.99022,0.00014
120.82000,1.02193,0.00698,0.00238,0.99051,0.00014
120.96000,1.02194,0.00712,0.00232,0.99043,0.00014
121.10000,1.02194,0.00699,0.00236,0.99050,0.00015
121.24000,1.02194,0.00676,0.00234,0.99076,0.00014
121.38000,1.02194,0.00693,0.00233,0.99060,0.00014
121.52000,1.02194,0.00707,0.00224,0.99055,0.00014
121.66000,1.02193,0.00688,0.00234,0.99064,0.00014
121.80000,1.02193,0.00764,0.00245,0.98976,0.00015
121.94000,1.02193,0.00714,0.00237,0.99035,0.00014
122.08000,1.02193,0.00712,0.00240,0.99034,0.00014
122.22000,1.02193,0.00718,0.00240,0.99027,0.00015
122.36000,1.02193,0.00744,0.00249,0.98991,0.00016
122.50000,1.02193,0.00714,0.00245,0.99026,0.00015
122.64000,1.02193,0.00694,0.00252,0.99040,0.00014
122.78000,1.02194,0.00695,0.00244,0.99047,0.00014
122.92000,1.02194,0.00710,0.00237,0.99039,0.00014
123.06000,1.02194,0.00724,0.00238,0.99024,0.00014
123.20000,1.02194,0.00735,0.00243,0.99007,0.00014
123.34000,1.02194,0.00732,0.00240,0.99012,0.00015
123.48000,1.02193,0.00750,0.00243,0.98991,0.00016
123.62000,1.02193,0.00762,0.00229,0.98994,0.00016
123.76000,1.02193,0.00714,0.00234,0.99036,0.00015
123.90000,1.02193,0.00691,0.00238,0.99057,0.00014
124.04000,1.02193,0.00697,0.00233,0.99056,0.00014
124.18000,1.02193,0.00701,0.00250,0.99034,0.00015
124.32000,1.02193,0.00764,0.00232,0.98989,0.00015
124.46000,1.02194,0.00728,0.00241,0.99016,0.00015
124.60000,1.02194,0.00768,0.00245,0.98972,0.00015
124.74000,1.02194,0.00745,0.00256,0.98984,0.00015
124.88000,1.02194,0.00796,0.00256,0.98933,0.00016
125.02000,1.02194,0.00763,0.00261,0.98961,0.00016
125.16000,1.02193,0.00768,0.00258,0.98959,0.00015
125.30000,1.02193,0.00750,0.00256,0.98979,0.00015
125.44000,1.02193,0.00731,0.00261,0.98993,0.00015
125.58000,1.02193,0.00753,0.00262,0.98970,0.00015
125.72000,1.02193,0.00770,0.00260,0.98955,0.00015
125.86000,1.02193,0.00747,0.00261,0.98977,0.00016
126.00000,1.02193,0.00751,0.00264,0.98969,0.00016
126.14000,1.02193,0.00784,0.00269,0.98930,0.00016
126.28000,1.02194,0.00774,0.00257,0.98953,0.00016
126.42000,1.02194,0.00751,0.00252,0.98982,0.00015
126.56000,1.02194,0.00785,0.00260,0.98940,0.00016
126.70000,1.02194,0.00778,0.00248,0.98958,0.00016
126.84000,1.02194,0.00769,0.00247,0.98968,0.00016
126.98000,1.02193,0.00783,0.00260,0.98941,0.00016
127.12000,1.02193,0.00764,0.00253,0.98968,0.00016
127.26000,1.02193,0.00800,0.00246,0.98938,0.00016
127.40000,1.02193,0.00781,0.00252,0.98951,0.00015
127.54000,1.02193,0.00758,0.00249,0.98978,0.00015
127.68000,1.02193,0.00821,0.00252,0.98911,0.00016
127.82000,1.02193,0.00769,0.00266,0.98950,0.00016
127.96000,1.02193,0.00768,0.00260,0.98956,0.00016
128.10001,1.02193,0.00732,0.00253,0.99000,0.00015
128.24001,1.02193,0.00716,0.00247,0.99022,0.00015
128.38000,1.02193,0.00724,0.00246,0.99015,0.00014
128.52000,1.02193,0.00735,0.00249,0.99002,0.00015
128.66000,1.02193,0.00746,0.00244,0.98994,0.00015
128.80000,1.02193,0.00748,0.00247,0.98990,0.00015
128.94000,1.02194,0.00714,0.00246,0.99025,0.00014
129.08000,1.02194,0.00745,0.00254,0.98986,0.00016
129.22000,1.02194,0.00772,0.00251,0.98961,0.00016
129.36000,1.02194,0.00759,0.00248,0.98978,0.00015
129.50000,1.02194,0.00774,0.00236,0.98974,0.00015
129.64000,1.02194,0.00754,0.00257,0.98973,0.00016
129.78000,1.02194,0.00782,0.00262,0.98940,0.00017
129.92000,1.02194,0.00765,0.00237,0.98983,0.00015
130.06000,1.02194,0.00744,0.00236,0.99005,0.00015
130.20000,1.02194,0.00716,0.00247,0.99021,0.00015
130.34000,1.02194,0.00769,0.00254,0.98961,0.00016
130.48000,1.02194,0.00760,0.00253,0.98972,0.00015
130.62000,1.02194,0.00728,0.00257,0.98999,0.00015
130.75999,1.02194,0.00708,0.00245,0.99033,0.00014
130.89999,1.02194,0.00708,0.00241,0.99037,0.00014
131.03999,1.02194,0.00714,0.00237,0.99035,0.00014
131.17999,1.02194,0.00731,0.00240,0.99015,0.00014
131.32001,1.02193,0.00759,0.00253,0.98973,0.00015
131.46001,1.02193,0.00720,0.00239,0.99027,0.00014
131.60001,1.02193,0.00727,0.00253,0.99005,0.00016
131.74001,1.02193,0.00724,0.00257,0.99003,0.00016
131.88000,1.02193,0.00721,0.00251,0.99013,0.00015
132.02000,1.02193,0.00742,0.00261,0.98981,0.00016
132.16000,1.02193,0.00759,0.00250,0.98976,0.00016
132.30000,1.02193,0.00762,0.00250,0.98973,0.00015
132.44000,1.02194,0.00770,0.00256,0.98959,0.00016
132.58000,1.02194,0.00748,0.00259,0.98978,0.00016
132.72000,1.02194,0.00719,0.00247,0.99021,0.00014
132.86000,1.02194,0.00726,0.00258,0.99002,0.00015
133.00000,1.02194,0.00730,0.00238,0.99017,0.00014
133.14000,1.02194,0.00722,0.00237,0.99027,0.00014
133.28000,1.02194,0.00761,0.00243,0.98981,0.00015
133.42000,1.02194,0.00724,0.00245,0.99017,0.00015
133.56000,1.02194,0.00720,0.00240,0.99025,0.00014
133.70000,1.02194,0.00706,0.00251,0.99028,0.00015
133.84000,1.02194,0.00723,0.00251,0.99011,0.00015
133.98000,1.02194,0.00714,0.00236,0.99036,0.00014
134.12000,1.02194,0.00692,0.00227,0.99068,0.00013
134.25999,1.02194,0.00718,0.00238,0.99029,0.00014
134.39999,1.02194,0.00720,0.00246,0.99020,0.00015
134.53999,1.02194,0.00711,0.00246,0.99028,0.00015
134.67999,1.02194,0.00699,0.00242,0.99046,0.00014
134.82001,1.02193,0.00705,0.00255,0.99025,0.00015
134.96001,1.02193,0.00726,0.00247,0.99012,0.00014
135.10001,1.02193,0.00751,0.00243,0.98991,0.00015
135.24001,1.02193,0.00741,0.00238,0.99006,0.00015
135.38000,1.02193,0.00734,0.00243,0.99008,0.00016
135.52000,1.02193,0.00709,0.00242,0.99034,0.00015
135.66000,1.02193,0.00759,0.00239,0.98987,0.00015
135.80000,1.02193,0.00732,0.00250,0.99003,0.00015
135.94000,1.02194,0.00781,0.00246,0.98958,0.00015
136.08000,1.02194,0.00739,0.00248,0.98998,0.00015
136.22000,1.02194,0.00751,0.00250,0.98984,0.00015
136.36000,1.02194,0.00709,0.00235,0.99042,0.00014
136.50000,1.02194,0.00686,0.00238,0.99062,0.00014
136.64000,1.02194,0.00708,0.00233,0.99044,0.00014
136.78000,1.02194,0.00690,0.00244,0.99052,0.00014
136.92000,1.02194,0.00704,0.00240,0.99043,0.00013
137.06000,1.02194,0.00696,0.00248,0.99043,0.00014
137.20000,1.02194,0.00721,0.00243,0.99021,0.00015
137.34000,1.02194,0.00711,0.00239,0.99036,0.00014
137.48000,1.02194,0.00737,0.00245,0.99004,0.00014
137.62000,1.02194,0.00753,0.00246,0.98986,0.00015
137.75999,1.02194,0.00702,0.00248,0.99036,0.00014
137.89999,1.02194,0.00716,0.00255,0.99014,0.00015
138.03999,1.02194,0.00717,0.00241,0.99027,0.00014
138.17999,1.02194,0.00718,0.00248,0.99019,0.00014
138.32001,1.02193,0.00734,0.00248,0.99003,0.00015
138.46001,1.02193,0.00743,0.00250,0.98991,0.00016
138.60001,1.02193,0.00749,0.00256,0.98979,0.00015
138.74001,1.02193,0.00733,0.00248,0.99005,0.00015
138.88000,1.02193,0.00756,0.00264,0.98965,0.00016
139.02000,1.02193,0.00768,0.00257,0.98960,0.00015
139.16000,1.02193,0.00791,0.00254,0.98940,0.00015
139.30000,1.02193,0.00754,0.00249,0.98983,0.00015
139.44000,1.02194,0.00760,0.00265,0.98959,0.00016
139.58000,1.02194,0.00758,0.00250,0.98977,0.00015
139.72000,1.02194,0.00710,0.00257,0.99019,0.00015
139.86000,1.02194,0.00709,0.00245,0.99032,0.00014
140.00000,1.02194,0.00699,0.00244,0.99043,0.00014
140.14000,1.02194,0.00722,0.00253,0.99010,0.00014
140.28000,1.02194,0.00714,0.00245,0.99027,0.00014
140.42000,1.02194,0.00732,0.00235,0.99019,0.00014
140.56000,1.02194,0.00703,0.00243,0.99040,0.00014
140.70000,1.02194,0.00696,0.00242,0.99048,0.00014
140.84000,1.02194,0.00698,0.00230,0.99058,0.00013
140.98000,1.02194,0.00682,0.00221,0.99084,0.00013
141.12000,1.02194,0.00692,0.00242,0.99052,0.00014
141.25999,1.02194,0.00707,0.00239,0.99039,0.00015
141.39999,1.02194,0.00694,0.00236,0.99056,0.00014
141.53999,1.02194,0.00669,0.00233,0.99084,0.00014
141.67999,1.02194,0.00679,0.00233,0.99074,0.00014
141.82001,1.02193,0.00712,0.00232,0.99043,0.00013
141.96001,1.02193,0.00721,0.00236,0.99029,0.00014
142.10001,1.02193,0.00759,0.00247,0.98979,0.00015
142.24001,1.02193,0.00742,0.00256,0.98986,0.00016
142.38000,1.02193,0.00726,0.00248,0.99011,0.00015
142.52000,1.02193,0.00708,0.00241,0.99036,0.00014
142.66000,1.02193,0.00737,0.00256,0.98991,0.00015
142.80000,1.02193,0.00745,0.00255,0.98985,0.00015
142.94000,1.02194,0.00791,0.00253,0.98940,0.00015
143.08000,1.02194,0.00750,0.00255,0.98980,0.00015
143.22000,1.02194,0.00737,0.00248,0.99001,0.00014
143.36000,1.02194,0.00719,0.00244,0.99023,0.00014
143.50000,1.02194,0.00718,0.00237,0.99031,0.00014
143.64000,1.02194,0.00721,0.00233,0.99032,0.00014
143.78000,1.02194,0.00710,0.00229,0.99048,0.00014
143.92000,1.02194,0.00692,0.00236,0.99059,0.00013
144.06000,1.02194,0.00691,0.00239,0.99056,0.00014
144.20000,1.02194,0.00702,0.00229,0.99056,0.00013
144.34000,1.02194,0.00698,0.00248,0.99040,0.00014
144.48000,1.02194,0.00752,0.00246,0.98988,0.00015
144.62000,1.02194,0.00708,0.00241,0.99037,0.00014
144.75999,1.02194,0.00717,0.00256,0.99013,0.00015
144.89999,1.02194,0.00738,0.00253,0.98993,0.00015
145.03999,1.02194,0.00750,0.00251,0.98984,0.00015
145.17999,1.02194,0.00726,0.00252,0.99008,0.00014
145.32001,1.02193,0.00742,0.00251,0.98993,0.00015
145.46001,1.02193,0.00742,0.00248,0.98996,0.00015
145.60001,1.02193,0.00743,0.00248,0.98995,0.00015
145.74001,1.02193,0.00715,0.00244,0.99027,0.00014
145.88000,1.02193,0.00729,0.00247,0.99009,0.00014
146.02000,1.02193,0.00709,0.00239,0.99038,0.00014
146.16000,1.02193,0.00750,0.00242,0.98993,0.00014
146.30000,1.02193,0.00717,0.00246,0.99022,0.00015
146.44000,1.02194,0.00716,0.00247,0.99023,0.00015
146.58000,1.02194,0.00733,0.00254,0.98998,0.00015
146.72000,1.02194,0.00727,0.00257,0.99000,0.00016
146.86000,1.02194,0.00748,0.00261,0.98975,0.00016
147.00000,1.02194,0.00740,0.00256,0.98989,0.00015
147.14000,1.02194,0.00739,0.00260,0.98985,0.00016
147.28000,1.02194,0.00755,0.00265,0.98964,0.00015
147.42000,1.02194,0.00784,0.00265,0.98935,0.00016
147.56000,1.02194,0.00772,0.00259,0.98954,0.00015
147.70000,1.02194,0.00779,0.00252,0.98954,0.00015
147.84000,1.02194,0.00765,0.00258,0.98961,0.00016
147.98000,1.02194,0.00726,0.00254,0.99006,0.00015
148.12000,1.02194,0.00718,0.00238,0.99030,0.00014
148.25999,1.02194,0.00691,0.00221,0.99074,0.00013
148.39999,1.02194,0.00691,0.00228,0.99067,0.00014
148.53999,1.02194,0.00736,0.00231,0.99018,0.00015
148.67999,1.02194,0.00724,0.00233,0.99028,0.00015
148.82001,1.02193,0.00724,0.00240,0.99021,0.00016
148.96001,1.02193,0.00708,0.00244,0.99032,0.00015
149.10001,1.02193,0.00698,0.00237,0.99051,0.00014
149.24001,1.02193,0.00711,0.00240,0.99035,0.00014
149.38000,1.02193,0.00741,0.00245,0.98999,0.00015
149.52000,1.02193,0.00743,0.00252,0.98990,0.00015
149.66000,1.02193,0.00742,0.00248,0.98995,0.00014
149.80000,1.02193,0.00735,0.00255,0.98995,0.00015
149.94000,1.02194,0.00735,0.00249,0.99001,0.00014
150.08000,1.02194,0.00720,0.00248,0.99018,0.00014
150.22000,1.02194,0.00746,0.00232,0.99008,0.00014
150.36000,1.02194,0.00711,0.00241,0.99035,0.00014
150.50000,1.02194,0.00718,0.00239,0.99029,0.00014
150.64000,1.02194,0.00731,0.00245,0.99010,0.00014
150.78000,1.02194,0.00712,0.00250,0.99024,0.00014
150.92000,1.02194,0.00714,0.00251,0.99020,0.00015
151.06000,1.02194,0.00728,0.00231,0.99027,0.00014
151.20000,1.02194,0.00699,0.00240,0.99047,0.00014
151.34000,1.02194,0.00714,0.00240,0.99032,0.00014
151.48000,1.02194,0.00718,0.00244,0.99024,0.00014
151.62000,1.02194,0.00704,0.00239,0.99043,0.00014
151.75999,1.02194,0.00691,0.00240,0.99056,0.00014
151.89999,1.02194,0.00693,0.00233,0.99061,0.00013
152.03999,1.02194,0.00714,0.00248,0.99023,0.00015
152.17999,1.02194,0.00724,0.00249,0.99013,0.00015
152.32001,1.02193,0.00713,0.00236,0.99037,0.00014
152.46001,1.02193,0.00728,0.00255,0.99002,0.00015
152.60001,1.02193,0.00715,0.00257,0.99014,0.00015
152.74001,1.02193,0.00716,0.00240,0.99030,0.00014
152.88000,1.02193,0.00693,0.00234,0.99059,0.00014
153.02000,1.02193,0.00701,0.00236,0.99048,0.00014
153.16000,1.02193,0.00722,0.00240,0.99024,0.00014
153.30000,1.02193,0.00685,0.00235,0.99067,0.00013
153.44000,1.02194,0.00714,0.00243,0.99029,0.00014
153.58000,1.02194,0.00701,0.00239,0.99046,0.00014
153.72000,1.02194,0.00711,0.00231,0.99045,0.00013
153.86000,1.02194,0.00727,0.00246,0.99013,0.00014
154.00000,1.02194,0.00694,0.00235,0.99058,0.00013
154.14000,1.02194,0.00667,0.00228,0.99093,0.00013
154.28000,1.02194,0.00677,0.00243,0.99066,0.00013
154.42000,1.02194,0.00719,0.00239,0.99028,0.00014
154.56000,1.02194,0.00714,0.00236,0.99036,0.00014
154.70000,1.02194,0.00709,0.00245,0.99032,0.00014
154.84000,1.02194,0.00709,0.00240,0.99037,0.00014
154.98000,1.02194,0.00689,0.00230,0.99068,0.00013
155.12000,1.02194,0.00685,0.00238,0.99064,0.00013
155.25999,1.02194,0.00714,0.00239,0.99033,0.00014
155.39999,1.02194,0.00729,0.00233,0.99024,0.00014
155.53999,1.02194,0.00708,0.00250,0.99027,0.00015
155.67999,1.02194,0.00684,0.00234,0.99068,0.00014
155.82001,1.02193,0.00686,0.00240,0.99060,0.00014
155.96001,1.02193,0.00734,0.00236,0.99016,0.00014
156.10001,1.02193,0.00701,0.00249,0.99036,0.00014
156.24001,1.02193,0.00694,0.00238,0.99055,0.00013
156.38000,1.02193,0.00730,0.00237,0.99019,0.00014
156.52000,1.02193,0.00717,0.00238,0.99030,0.00014
156.66000,1.02193,0.00722,0.00243,0.99020,0.00015
156.80000,1.02193,0.00749,0.00243,0.98993,0.00016
156.94000,1.02194,0.00737,0.00248,0.98999,0.00015
157.08000,1.02194,0.00690,0.00246,0.99049,0.00015
157.22000,1.02194,0.00712,0.00254,0.99020,0.00014
157.36000,1.02194,0.00725,0.00247,0.99013,0.00014
157.50000,1.02194,0.00766,0.00251,0.98967,0.00015
157.64000,1.02194,0.00741,0.00247,0.98998,0.00014
157.78000,1.02194,0.00717,0.00250,0.99018,0.00015
157.92000,1.02194,0.00715,0.00240,0.99030,0.00014
158.06000,1.02194,0.00715,0.00242,0.99029,0.00014
158.20000,1.02194,0.00694,0.00242,0.99050,0.00014
158.34000,1.02194,0.00702,0.00237,0.99047,0.00013
158.48000,1.02194,0.00743,0.00243,0.99000,0.00014
158.62000,1.02194,0.00726,0.00245,0.99016,0.00014
158.75999,1.02194,0.00741,0.00249,0.98996,0.00014
158.89999,1.02194,0.00706,0.00244,0.99037,0.00014
159.03999,1.02194,0.00690,0.00229,0.99068,0.00013
159.17999,1.02194,0.00698,0.00236,0.99053,0.00013
159.32001,1.02193,0.00716,0.00237,0.99033,0.00014
159.46001,1.02193,0.00737,0.00228,0.99021,0.00014
159.60001,1.02193,0.00697,0.00226,0.99064,0.00013
159.74001,1.02193,0.00692,0.00239,0.99055,0.00014
159.88000,1.02193,0.00701,0.00246,0.99039,0.00014
160.02000,1.02193,0.00759,0.00241,0.98985,0.00015
160.16000,1.02193,0.00712,0.00251,0.99022,0.00015
160.30000,1.02193,0.00715,0.00245,0.99025,0.00015
160.44000,1.02194,0.00709,0.00240,0.99038,0.00014
160.58000,1.02194,0.00722,0.00242,0.99021,0.00015
160.72000,1.02194,0.00726,0.00256,0.99002,0.00015
160.86000,1.02194,0.00726,0.00252,0.99007,0.00014
161.00000,1.02194,0.00720,0.00253,0.99013,0.00014
161.14000,1.02194,0.00741,0.00252,0.98992,0.00015
161.28000,1.02194,0.00737,0.00242,0.99007,0.00014
161.42000,1.02194,0.00750,0.00249,0.98985,0.00015
161.56000,1.02194,0.00718,0.00251,0.99016,0.00015
161.70000,1.02194,0.00700,0.00239,0.99047,0.00014
161.84000,1.02194,0.00694,0.00239,0.99053,0.00014
161.98000,1.02194,0.00718,0.00243,0.99026,0.00014
162.12000,1.02194,0.00705,0.00244,0.99038,0.00014
162.25999,1.02194,0.00709,0.00236,0.99042,0.00014
162.39999,1.02194,0.00680,0.00235,0.99072,0.00013
162.53999,1.02194,0.00689,0.00243,0.99054,0.00014
162.67999,1.02194,0.00712,0.00250,0.99023,0.00014
162.82001,1.02193,0.00706,0.00240,0.99040,0.00014
162.96001,1.02193,0.00730,0.00248,0.99007,0.00014
163.10001,1.02193,0.00694,0.00242,0.99051,0.00014
163.24001,1.02193,0.00710,0.00250,0.99026,0.00014
163.38000,1.02193,0.00720,0.00240,0.99027,0.00014
163.52000,1.02193,0.00721,0.00251,0.99014,0.00014
163.66000,1.02193,0.00743,0.00252,0.98990,0.00015
163.80000,1.02193,0.00730,0.00256,0.98999,0.00014
163.94000,1.02194,0.00720,0.00249,0.99017,0.00014
164.08000,1.02194,0.00736,0.00238,0.99012,0.00014
164.22000,1.02194,0.00749,0.00243,0.98994,0.00015
164.36000,1.02194,0.00724,0.00249,0.99012,0.00015
164.50000,1.02194,0.00746,0.00258,0.98981,0.00015
164.64000,1.02194,0.00692,0.00239,0.99055,0.00014
164.78000,1.02194,0.00726,0.00247,0.99012,0.00014
164.92000,1.02194,0.00730,0.00250,0.99005,0.00015
165.06000,1.02194,0.00758,0.00247,0.98979,0.00015
165.20000,1.02194,0.00736,0.00246,0.99003,0.00015
165.34000,1.02194,0.00688,0.00241,0.99058,0.00014
165.48000,1.02194,0.00678,0.00231,0.99078,0.00013
165.62000,1.02194,0.00715,0.00233,0.99039,0.00013
165.75999,1.02194,0.00699,0.00241,0.99046,0.00014
165.89999,1.02194,0.00754,0.00242,0.98990,0.00015
166.03999,1.02194,0.00692,0.00238,0.99056,0.00014
166.17999,1.02194,0.00708,0.00245,0.99032,0.00015
166.32001,1.02193,0.00740,0.00251,0.98993,0.00015
166.46001,1.02193,0.00753,0.00248,0.98984,0.00016
166.60001,1.02193,0.00702,0.00246,0.99038,0.00015
166.74001,1.02193,0.00712,0.00245,0.99029,0.00015
166.88000,1.02193,0.00727,0.00247,0.99012,0.00014
167.02000,1.02193,0.00736,0.00242,0.99007,0.00014
167.16000,1.02193,0.00747,0.00246,0.98993,0.00015
167.30000,1.02193,0.00773,0.00249,0.98963,0.00016
167.44000,1.02194,0.00748,0.00253,0.98983,0.00016
167.58000,1.02194,0.00710,0.00247,0.99027,0.00015
167.72000,1.02194,0.00707,0.00253,0.99025,0.00015
167.86000,1.02194,0.00710,0.00235,0.99041,0.00014
168.00000,1.02194,0.00738,0.00243,0.99004,0.00015
168.14000,1.02194,0.00734,0.00243,0.99008,0.00015
168.28000,1.02194,0.00767,0.00247,0.98970,0.00016
168.42000,1.02194,0.00767,0.00246,0.98972,0.00015
168.56000,1.02194,0.00740,0.00254,0.98992,0.00015
168.70000,1.02194,0.00728,0.00258,0.98999,0.00015
168.84000,1.02194,0.00796,0.00265,0.98923,0.00016
168.98000,1.02194,0.00756,0.00256,0.98973,0.00015
169.12000,1.02194,0.00736,0.00247,0.99002,0.00015
169.25999,1.02194,0.00753,0.00237,0.98995,0.00015
169.39999,1.02194,0.00702,0.00228,0.99056,0.00014
169.53999,1.02194,0.00711,0.00231,0.99044,0.00014
169.67999,1.02194,0.00725,0.00240,0.99021,0.00014
169.82001,1.02193,0.00716,0.00255,0.99014,0.00015
169.96001,1.02193,0.00715,0.00242,0.99029,0.00015
170.10001,1.02193,0.00733,0.00239,0.99014,0.00014
170.24001,1.02193,0.00721,0.00231,0.99033,0.00014
170.38000,1.02193,0.00708,0.00241,0.99037,0.00014
170.52000,1.02193,0.00704,0.00247,0.99035,0.00014
170.66000,1.02193,0.00715,0.00240,0.99031,0.00014
170.80000,1.02193,0.00697,0.00237,0.99053,0.00013
170.94000,1.02194,0.00695,0.00246,0.99045,0.00014
171.08000,1.02194,0.00721,0.00239,0.99026,0.00014
171.22000,1.02194,0.00717,0.00243,0.99026,0.00014
171.36000,1.02194,0.00705,0.00236,0.99045,0.00014
171.50000,1.02194,0.00701,0.00239,0.99047,0.00014
171.64000,1.02194,0.00687,0.00228,0.99071,0.00013
171.78000,1.02194,0.00699,0.00223,0.99065,0.00013
171.92000,1.02194,0.00703,0.00235,0.99049,0.00014
172.06000,1.02194,0.00698,0.00238,0.99050,0.00014
172.20000,1.02194,0.00688,0.00222,0.99077,0.00013
172.34000,1.02194,0.00674,0.00237,0.99076,0.00013
172.48000,1.02194,0.00685,0.00235,0.99066,0.00013
172.62000,1.02194,0.00698,0.00240,0.99048,0.00014
172.75999,1.02194,0.00705,0.00230,0.99051,0.00013
172.89999,1.02194,0.00715,0.00251,0.99019,0.00015
173.03999,1.02194,0.00712,0.00243,0.99030,0.00015
173.17999,1.02194,0.00706,0.00253,0.99026,0.00015
173.32001,1.02193,0.00709,0.00239,0.99038,0.00014
173.46001,1.02193,0.00703,0.00250,0.99032,0.00015
173.60001,1.02193,0.00708,0.00251,0.99027,0.00014
173.74001,1.02193,0.00716,0.00242,0.99028,0.00014
173.88000,1.02193,0.00714,0.00240,0.99032,0.00014
174.02000,1.02193,0.00713,0.00243,0.99029,0.00014
174.16000,1.02193,0.00714,0.00244,0.99028,0.00014
174.30000,1.02193,0.00700,0.00242,0.99044,0.00014
174.44000,1.02194,0.00735,0.00243,0.99008,0.00014
174.58000,1.02194,0.00735,0.00245,0.99006,0.00014
174.72000,1.02194,0.00733,0.00249,0.99003,0.00015
174.86000,1.02194,0.00728,0.00258,0.98999,0.00015
175.00000,1.02194,0.00717,0.00236,0.99031,0.00015
175.14000,1.02194,0.00713,0.00222,0.99051,0.00013
175.28000,1.02194,0.00739,0.00225,0.99023,0.00014
175.42000,1.02194,0.00730,0.00243,0.99013,0.00014
175.56000,1.02194,0.00699,0.00238,0.99050,0.00014
175.70000,1.02194,0.00696,0.00241,0.99049,0.00014
175.84000,1.02194,0.00696,0.00234,0.99056,0.00014
175.98000,1.02194,0.00703,0.00236,0.99048,0.00014
176.12000,1.02194,0.00691,0.00247,0.99048,0.00014
176.25999,1.02194,0.00734,0.00239,0.99013,0.00014
176.39999,1.02194,0.00710,0.00244,0.99032,0.00014
176.53999,1.02194,0.00710,0.00237,0.99038,0.00014
176.67999,1.02194,0.00710,0.00230,0.99046,0.00013
176.82001,1.02193,0.00718,0.00241,0.99028,0.00013
176.96001,1.02193,0.00676,0.00236,0.99074,0.00013
177.10001,1.02193,0.00686,0.00228,0.99074,0.00013
177.24001,1.02193,0.00681,0.00222,0.99085,0.00012
177.38000,1.02193,0.00696,0.00224,0.99066,0.00013
177.52000,1.02193,0.00679,0.00238,0.99069,0.00014
177.66000,1.02193,0.00716,0.00235,0.99034,0.00015
177.80000,1.02193,0.00702,0.00242,0.99041,0.00015
177.94000,1.02194,0.00671,0.00237,0.99078,0.00014
178.08000,1.02194,0.00679,0.00238,0.99069,0.00014
178.22000,1.02194,0.00701,0.00238,0.99046,0.00014
178.36000,1.02194,0.00721,0.00235,0.99030,0.00015
178.50000,1.02194,0.00738,0.00243,0.99004,0.00015
178.64000,1.02194,0.00708,0.00238,0.99040,0.00014
178.78000,1.02194,0.00687,0.00233,0.99067,0.00013
178.92000,1.02194,0.00736,0.00234,0.99016,0.00014
179.06000,1.02194,0.00732,0.00242,0.99011,0.00014
179.20000,1.02194,0.00741,0.00242,0.99002,0.00015
179.34000,1.02194,0.00704,0.00239,0.99044,0.00014
179.48000,1.02194,0.00695,0.00237,0.99055,0.00014
179.62000,1.02194,0.00697,0.00236,0.99053,0.00014
179.75999,1.02194,0.00730,0.00241,0.99015,0.00015
179.89999,1.02194,0.00702,0.00233,0.99051,0.00014
180.03999,1.02194,0.00698,0.00242,0.99046,0.00015
180.17999,1.02194,0.00684,0.00236,0.99067,0.00014
180.32001,1.02193,0.00666,0.00223,0.99098,0.00013
180.46001,1.02193,0.00695,0.00234,0.99057,0.00014
180.60001,1.02193,0.00712,0.00227,0.99048,0.00014
180.74001,1.02193,0.00684,0.00234,0.99068,0.00013
180.88000,1.02193,0.00684,0.00229,0.99073,0.00013
181.02000,1.02193,0.00701,0.00245,0.99040,0.00014
181.16000,1.02193,0.00704,0.00242,0.99040,0.00014
181.30000,1.02193,0.00706,0.00237,0.99043,0.00014
181.44000,1.02194,0.00704,0.00241,0.99041,0.00014
181.58000,1.02194,0.00705,0.00245,0.99036,0.00014
181.72000,1.02194,0.00735,0.00245,0.99005,0.00015
181.86000,1.02194,0.00708,0.00236,0.99042,0.00014
182.00000,1.02194,0.00685,0.00231,0.99070,0.00014
182.14000,1.02194,0.00705,0.00251,0.99030,0.00014
182.28000,1.02194,0.00720,0.00240,0.99025,0.00014
182.42000,1.02194,0.00714,0.00237,0.99036,0.00014
182.56000,1.02194,0.00739,0.00239,0.99008,0.00014
182.70000,1.02194,0.00715,0.00249,0.99021,0.00015
182.84000,1.02194,0.00741,0.00244,0.99001,0.00015
182.98000,1.02194,0.00720,0.00238,0.99028,0.00014
183.12000,1.02194,0.00716,0.00239,0.99031,0.00014
183.25999,1.02194,0.00740,0.00242,0.99004,0.00015
183.39999,1.02194,0.00718,0.00236,0.99032,0.00014
183.53999,1.02194,0.00731,0.00241,0.99014,0.00014
183.67999,1.02194,0.00733,0.00245,0.99007,0.00014
183.82001,1.02193,0.00714,0.00246,0.99026,0.00014
183.96001,1.02193,0.00714,0.00243,0.99029,0.00015
184.10001,1.02193,0.00735,0.00237,0.99014,0.00015
184.24001,1.02193,0.00715,0.00235,0.99034,0.00016
184.38000,1.02193,0.00762,0.00232,0.98991,0.00015
184.52000,1.02193,0.00762,0.00251,0.98972,0.00016
184.66000,1.02193,0.00718,0.00247,0.99021,0.00014
184.80000,1.02193,0.00722,0.00232,0.99032,0.00014
184.94000,1.02194,0.00754,0.00236,0.98995,0.00015
185.08000,1.02194,0.00751,0.00252,0.98982,0.00015
185.22000,1.02194,0.00707,0.00239,0.99039,0.00014
185.36000,1.02194,0.00722,0.00238,0.99025,0.00014
185.50000,1.02194,0.00712,0.00252,0.99020,0.00016
185.64000,1.02194,0.00718,0.00251,0.99016,0.00015
185.78000,1.02194,0.00734,0.00250,0.99001,0.00015
185.92000,1.02194,0.00709,0.00254,0.99023,0.00015
186.06000,1.02194,0.00715,0.00245,0.99026,0.00014
186.20000,1.02194,0.00759,0.00244,0.98982,0.00014
186.34000,1.02194,0.00735,0.00254,0.98996,0.00014
186.48000,1.02194,0.00730,0.00259,0.98995,0.00016
186.62000,1.02194,0.00718,0.00238,0.99030,0.00014
186.75999,1.02194,0.00733,0.00240,0.99011,0.00015
186.89999,1.02194,0.00720,0.00244,0.99021,0.00015
187.03999,1.02194,0.00735,0.00252,0.98997,0.00016
187.17999,1.02194,0.00731,0.00245,0.99010,0.00015
187.32001,1.02193,0.00750,0.00260,0.98975,0.00016
187.46001,1.02193,0.00807,0.00261,0.98916,0.00016
187.60001,1.02193,0.00781,0.00264,0.98939,0.00016
187.74001,1.02193,0.00770,0.00263,0.98952,0.00016
187.88000,1.02193,0.00759,0.00257,0.98969,0.00015
188.02000,1.02193,0.00723,0.00247,0.99015,0.00015
188.16000,1.02193,0.00712,0.00246,0.99028,0.00014
188.30000,1.02193,0.00728,0.00245,0.99013,0.00014
188.44000,1.02194,0.00711,0.00238,0.99037,0.00014
188.58000,1.02194,0.00696,0.00228,0.99063,0.00014
188.72000,1.02194,0.00720,0.00228,0.99038,0.00014
188.86000,1.02194,0.00702,0.00242,0.99041,0.00015
189.00000,1.02194,0.00723,0.00240,0.99022,0.00015
189.14000,1.02194,0.00707,0.00239,0.99040,0.00014
189.28000,1.02194,0.00718,0.00242,0.99027,0.00014
189.42000,1.02194,0.00705,0.00252,0.99028,0.00015
189.56000,1.02194,0.00743,0.00247,0.98996,0.00014
189.70000,1.02194,0.00714,0.00244,0.99028,0.00014
189.84000,1.02194,0.00744,0.00238,0.99003,0.00014
189.98000,1.02194,0.00716,0.00244,0.99026,0.00015
190.12000,1.02194,0.00721,0.00240,0.99025,0.00014
190.25999,1.02194,0.00729,0.00241,0.99015,0.00015
190.39999,1.02194,0.00718,0.00241,0.99027,0.00015
190.53999,1.02194,0.00712,0.00241,0.99033,0.00014
190.67999,1.02194,0.00750,0.00245,0.98991,0.00015
190.82001,1.02193,0.00752,0.00256,0.98977,0.00015
190.96001,1.02193,0.00771,0.00245,0.98969,0.00015
191.10001,1.02193,0.00721,0.00243,0.99022,0.00014
191.24001,1.02193,0.00715,0.00246,0.99025,0.00014
191.38000,1.02193,0.00736,0.00254,0.98995,0.00015
191.52000,1.02193,0.00758,0.00255,0.98972,0.00015
191.66000,1.02193,0.00728,0.00255,0.99002,0.00015
191.80000,1.02193,0.00726,0.00257,0.99002,0.00015
191.94000,1.02194,0.00752,0.00257,0.98976,0.00015
192.08000,1.02194,0.00714,0.00237,0.99034,0.00015
192.22000,1.02194,0.00755,0.00241,0.98989,0.00015
192.36000,1.02194,0.00729,0.00230,0.99027,0.00014
192.50000,1.02194,0.00773,0.00236,0.98974,0.00016
192.64000,1.02194,0.00693,0.00238,0.99054,0.00015
192.78000,1.02194,0.00699,0.00245,0.99042,0.00015
192.92000,1.02194,0.00704,0.00234,0.99048,0.00014
193.06000,1.02194,0.00706,0.00223,0.99058,0.00013
193.20000,1.02194,0.00718,0.00237,0.99030,0.00015
193.34000,1.02194,0.00717,0.00246,0.99022,0.00015
193.48000,1.02194,0.00728,0.00237,0.99020,0.00015
193.62000,1.02194,0.00687,0.00242,0.99057,0.00014
193.75999,1.02194,0.00702,0.00243,0.99041,0.00015
193.89999,1.02194,0.00724,0.00235,0.99027,0.00014
194.03999,1.02194,0.00726,0.00231,0.99030,0.00014
194.17999,1.02194,0.00714,0.00240,0.99032,0.00014
194.32001,1.02193,0.00726,0.00239,0.99021,0.00014
194.46001,1.02193,0.00698,0.00243,0.99045,0.00014
194.60001,1.02193,0.00739,0.00239,0.99007,0.00015
194.74001,1.02193,0.00735,0.00257,0.98991,0.00016
194.88000,1.02193,0.00740,0.00254,0.98990,0.00016
195.02000,1.02193,0.00742,0.00260,0.98983,0.00016
195.16000,1.02193,0.00751,0.00249,0.98985,0.00015
195.30000,1.02193,0.00752,0.00259,0.98974,0.00016
195.44000,1.02194,0.00774,0.00257,0.98954,0.00016
195.58000,1.02194,0.00752,0.00249,0.98984,0.00015
195.72000,1.02194,0.00709,0.00241,0.99036,0.00014
195.86000,1.02194,0.00726,0.00243,0.99018,0.00014
196.00000,1.02194,0.00733,0.00225,0.99028,0.00014
196.14000,1.02194,0.00779,0.00230,0.98975,0.00016
196.28000,1.02194,0.00731,0.00257,0.98996,0.00016
196.42000,1.02194,0.00760,0.00241,0.98982,0.00016
196.56000,1.02194,0.00713,0.00241,0.99032,0.00015
196.70000,1.02194,0.00762,0.00262,0.98958,0.00018
196.84000,1.02194,0.00799,0.00255,0.98928,0.00018
196.98000,1.02194,0.00783,0.00246,0.98955,0.00016
197.12000,1.02194,0.00735,0.00239,0.99012,0.00014
197.25999,1.02194,0.00726,0.00242,0.99017,0.00015
197.39999,1.02194,0.00724,0.00226,0.99035,0.00015
197.53999,1.02194,0.00742,0.00227,0.99017,0.00014
197.67999,1.02194,0.00765,0.00248,0.98971,0.00016
197.82001,1.02193,0.00728,0.00246,0.99011,0.00014
197.96001,1.02193,0.00698,0.00232,0.99056,0.00014
198.10001,1.02193,0.00700,0.00237,0.99049,0.00014
198.24001,1.02193,0.00704,0.00232,0.99050,0.00014
198.38000,1.02193,0.00720,0.00233,0.99034,0.00014
198.52000,1.02193,0.00690,0.00234,0.99063,0.00013
198.66000,1.02193,0.00705,0.00249,0.99032,0.00014
198.80000,1.02193,0.00717,0.00237,0.99031,0.00014
198.94000,1.02194,0.00711,0.00238,0.99037,0.00015
199.08000,1.02194,0.00715,0.00244,0.99026,0.00015
199.22000,1.02194,0.00705,0.00252,0.99028,0.00015
199.36000,1.02194,0.00744,0.00246,0.98995,0.00015
199.50000,1.02194,0.00736,0.00246,0.99003,0.00015
199.64000,1.02194,0.00755,0.00251,0.98980,0.00015
199.78000,1.02194,0.00756,0.00251,0.98978,0.00015
199.92000,1.02194,0.00740,0.00249,0.98996,0.00015
200.06000,1.02194,0.00736,0.00254,0.98996,0.00014
200.20000,1.02194,0.00752,0.00256,0.98977,0.00015
200.34000,1.02194,0.00726,0.00250,0.99009,0.00015
200.48000,1.02194,0.00731,0.00255,0.99000,0.00015
200.62000,1.02194,0.00730,0.00245,0.99010,0.00014
200.75999,1.02194,0.00727,0.00255,0.99004,0.00015
200.89999,1.02194,0.00759,0.00252,0.98975,0.00015
201.03999,1.02194,0.00760,0.00252,0.98973,0.00015
201.17999,1.02194,0.00729,0.00252,0.99005,0.00015
201.32001,1.02193,0.00746,0.00257,0.98982,0.00016
201.46001,1.02193,0.00757,0.00248,0.98980,0.00015
201.60001,1.02193,0.00721,0.00249,0.99015,0.00015
201.74001,1.02193,0.00717,0.00246,0.99022,0.00015
201.88000,1.02193,0.00714,0.00250,0.99021,0.00015
202.02000,1.02193,0.00753,0.00265,0.98966,0.00016
202.16000,1.02193,0.00779,0.00250,0.98956,0.00015
202.30000,1.02193,0.00753,0.00239,0.98994,0.00014
202.44000,1.02194,0.00744,0.00249,0.98992,0.00015
202.58000,1.02194,0.00763,0.00256,0.98965,0.00016
202.72000,1.02194,0.00744,0.00249,0.98992,0.00015
202.86000,1.02194,0.00717,0.00248,0.99020,0.00015
203.00000,1.02194,0.00724,0.00249,0.99012,0.00015
203.14000,1.02194,0.00723,0.00248,0.99014,0.00015
203.28000,1.02194,0.00773,0.00246,0.98965,0.00015
203.42000,1.02194,0.00736,0.00258,0.98991,0.00015
203.56000,1.02194,0.00769,0.00242,0.98973,0.00015
203.70000,1.02194,0.00728,0.00238,0.99019,0.00014
203.84000,1.02194,0.00738,0.00237,0.99011,0.00014
203.98000,1.02194,0.00737,0.00244,0.99005,0.00015
204.12000,1.02194,0.00746,0.00247,0.98991,0.00015
204.25999,1.02194,0.00706,0.00237,0.99043,0.00014
204.39999,1.02194,0.00719,0.00255,0.99011,0.00015
204.53999,1.02194,0.00743,0.00261,0.98980,0.00016
204.67999,1.02194,0.00784,0.00263,0.98937,0.00016
204.82001,1.02193,0.00772,0.00252,0.98961,0.00015
204.96001,1.02193,0.00723,0.00241,0.99022,0.00014
205.10001,1.02193,0.00731,0.00234,0.99021,0.00014
205.24001,1.02193,0.00737,0.00243,0.99006,0.00015
205.38000,1.02193,0.00746,0.00240,0.98999,0.00015
205.52000,1.02193,0.00707,0.00244,0.99034,0.00014
205.66000,1.02193,0.00700,0.00245,0.99040,0.00014
205.80000,1.02193,0.00717,0.00242,0.99027,0.00014
205.94000,1.02194,0.00720,0.00252,0.99013,0.00015
206.08000,1.02194,0.00737,0.00253,0.98995,0.00015
206.22000,1.02194,0.00736,0.00250,0.99000,0.00015
206.36000,1.02194,0.00703,0.00236,0.99048,0.00014
206.50000,1.02194,0.00713,0.00244,0.99029,0.00014
206.64000,1.02194,0.00718,0.00239,0.99029,0.00014
206.78000,1.02194,0.00696,0.00238,0.99052,0.00014
206.92000,1.02194,0.00722,0.00231,0.99033,0.00014
207.06000,1.02194,0.00703,0.00237,0.99046,0.00015
207.20000,1.02194,0.00719,0.00233,0.99033,0.00015
207.34000,1.02194,0.00740,0.00230,0.99016,0.00014
207.48000,1.02194,0.00734,0.00241,0.99011,0.00015
207.62000,1.02194,0.00747,0.00248,0.98990,0.00015
207.75999,1.02194,0.00783,0.00238,0.98962,0.00016
207.89999,1.02194,0.00760,0.00253,0.98972,0.00016
208.03999,1.02194,0.00740,0.00258,0.98986,0.00016
208.17999,1.02194,0.00763,0.00251,0.98970,0.00016
208.32001,1.02193,0.00755,0.00246,0.98984,0.00015
208.46001,1.02193,0.00767,0.00233,0.98985,0.00015
208.60001,1.02193,0.00785,0.00253,0.98945,0.00016
208.74001,1.02193,0.00730,0.00252,0.99002,0.00015
208.88000,1.02193,0.00723,0.00245,0.99018,0.00014
209.02000,1.02193,0.00711,0.00239,0.99036,0.00014
209.16000,1.02193,0.00775,0.00240,0.98968,0.00016
209.30000,1.02193,0.00744,0.00237,0.99004,0.00016
209.44000,1.02194,0.00730,0.00256,0.98998,0.00016
209.58000,1.02194,0.00732,0.00231,0.99021,0.00015
209.72000,1.02194,0.00720,0.00245,0.99020,0.00015
209.86000,1.02194,0.00736,0.00259,0.98988,0.00017
210.00000,1.02194,0.00754,0.00237,0.98993,0.00015
210.14000,1.02194,0.00703,0.00239,0.99044,0.00014
210.28000,1.02194,0.00746,0.00245,0.98994,0.00015
210.42000,1.02194,0.00758,0.00255,0.98971,0.00016
210.56000,1.02194,0.00721,0.00245,0.99019,0.00015
210.70000,1.02194,0.00731,0.00239,0.99015,0.00015
210.84000,1.02194,0.00722,0.00251,0.99012,0.00015
210.98000,1.02194,0.00732,0.00250,0.99002,0.00015
211.12000,1.02194,0.00748,0.00241,0.98996,0.00015
211.25999,1.02194,0.00779,0.00249,0.98957,0.00015
211.39999,1.02194,0.00725,0.00252,0.99008,0.00015
211.53999,1.02194,0.00726,0.00242,0.99018,0.00014
211.67999,1.02194,0.00735,0.00239,0.99012,0.00014
211.82001,1.02193,0.00732,0.00235,0.99018,0.00014
211.96001,1.02193,0.00743,0.00251,0.98991,0.00015
212.10001,1.02193,0.00749,0.00237,0.98999,0.00014
212.24001,1.02193,0.00725,0.00237,0.99024,0.00014
212.38000,1.02193,0.00724,0.00260,0.99000,0.00015
212.52000,1.02193,0.00747,0.00243,0.98995,0.00015
212.66000,1.02193,0.00760,0.00242,0.98983,0.00015
212.80000,1.02193,0.00719,0.00243,0.99024,0.00014
212.94000,1.02194,0.00710,0.00242,0.99035,0.00014
213.08000,1.02194,0.00722,0.00236,0.99029,0.00014
213.22000,1.02194,0.00693,0.00238,0.99055,0.00014
213.36000,1.02194,0.00714,0.00235,0.99036,0.00014
213.50000,1.02194,0.00726,0.00243,0.99016,0.00014
213.64000,1.02194,0.00698,0.00239,0.99049,0.00014
213.78000,1.02194,0.00689,0.00237,0.99060,0.00014
213.92000,1.02194,0.00712,0.00246,0.99028,0.00014
214.06000,1.02194,0.00730,0.00234,0.99022,0.00015
214.20000,1.02194,0.00725,0.00243,0.99018,0.00014
214.34000,1.02194,0.00721,0.00250,0.99014,0.00015
214.48000,1.02194,0.00752,0.00252,0.98980,0.00015
214.62000,1.02194,0.00701,0.00240,0.99045,0.00014
214.75999,1.02194,0.00718,0.00251,0.99017,0.00015
214.89999,1.02194,0.00731,0.00240,0.99014,0.00015
215.03999,1.02194,0.00722,0.00234,0.99029,0.00014
215.17999,1.02194,0.00716,0.00237,0.99033,0.00014
215.32001,1.02193,0.00737,0.00242,0.99007,0.00015
215.46001,1.02193,0.00739,0.00239,0.99007,0.00015
215.60001,1.02193,0.00733,0.00238,0.99015,0.00014
215.74001,1.02193,0.00748,0.00249,0.98988,0.00015
215.88000,1.02193,0.00764,0.00252,0.98969,0.00015
216.02000,1.02193,0.00720,0.00246,0.99020,0.00014
216.16000,1.02193,0.00711,0.00252,0.99023,0.00015
216.30000,1.02193,0.00724,0.00248,0.99013,0.00015
216.44000,1.02194,0.00730,0.00232,0.99023,0.00014
216.58000,1.02194,0.00737,0.00242,0.99007,0.00015
216.72000,1.02194,0.00758,0.00263,0.98964,0.00016
216.86000,1.02194,0.00737,0.00255,0.98993,0.00015
217.00000,1.02194,0.00716,0.00238,0.99031,0.00014
217.14000,1.02194,0.00715,0.00257,0.99014,0.00015
217.28000,1.02194,0.00713,0.00245,0.99028,0.00014
217.42000,1.02194,0.00721,0.00246,0.99019,0.00014
217.56000,1.02194,0.00698,0.00232,0.99057,0.00013
217.70000,1.02194,0.00737,0.00242,0.99006,0.00014
217.84000,1.02194,0.00741,0.00253,0.98992,0.00015
217.98000,1.02194,0.00747,0.00259,0.98979,0.00015
218.12000,1.02194,0.00702,0.00243,0.99040,0.00014
218.25999,1.02194,0.00718,0.00252,0.99015,0.00015
218.39999,1.02194,0.00723,0.00245,0.99018,0.00015
218.53999,1.02194,0.00727,0.00244,0.99014,0.00015
218.67999,1.02194,0.00741,0.00241,0.99003,0.00015
218.82001,1.02193,0.00726,0.00228,0.99032,0.00014
218.96001,1.02193,0.00682,0.00245,0.99059,0.00015
219.10001,1.02193,0.00736,0.00239,0.99009,0.00015
219.24001,1.02193,0.00729,0.00227,0.99029,0.00015
219.38000,1.02193,0.00739,0.00228,0.99019,0.00015
219.52000,1.02193,0.00767,0.00235,0.98982,0.00016
219.66000,1.02193,0.00703,0.00234,0.99049,0.00014
219.80000,1.02193,0.00681,0.00238,0.99067,0.00014
219.94000,1.02194,0.00744,0.00235,0.99007,0.00014
220.08000,1.02194,0.00706,0.00231,0.99049,0.00014
220.22000,1.02194,0.00738,0.00220,0.99029,0.00014
220.36000,1.02194,0.00752,0.00238,0.98995,0.00015
220.50000,1.02194,0.00743,0.00251,0.98991,0.00016
220.64000,1.02194,0.00739,0.00252,0.98994,0.00016
220.78000,1.02194,0.00690,0.00245,0.99050,0.00015
220.92000,1.02194,0.00680,0.00241,0.99066,0.00014
221.06000,1.02194,0.00696,0.00232,0.99058,0.00014
221.20000,1.02194,0.00705,0.00228,0.99054,0.00013
221.34000,1.02194,0.00697,0.00237,0.99053,0.00014
221.48000,1.02194,0.00703,0.00236,0.99046,0.00015
221.62000,1.02194,0.00701,0.00234,0.99051,0.00014
221.75999,1.02194,0.00694,0.00236,0.99056,0.00015
221.89999,1.02194,0.00691,0.00240,0.99055,0.00014
222.03999,1.02194,0.00727,0.00247,0.99011,0.00014
222.17999,1.02194,0.00711,0.00252,0.99023,0.00014
222.32001,1.02193,0.00745,0.00257,0.98983,0.00015
222.46001,1.02193,0.00736,0.00252,0.98997,0.00014
222.60001,1.02193,0.00741,0.00256,0.98989,0.00015
222.74001,1.02193,0.00748,0.00249,0.98989,0.00015
222.88000,1.02193,0.00742,0.00242,0.99002,0.00014
223.02000,1.02193,0.00762,0.00248,0.98975,0.00015
223.16000,1.02193,0.00725,0.00257,0.99004,0.00015
223.30000,1.02193,0.00715,0.00245,0.99026,0.00014
223.44000,1.02194,0.00709,0.00238,0.99038,0.00014
223.58000,1.02194,0.00707,0.00232,0.99046,0.00014
223.72000,1.02194,0.00720,0.00237,0.99028,0.00015
223.86000,1.02194,0.00713,0.00240,0.99033,0.00014
224.00000,1.02194,0.00701,0.00244,0.99042,0.00014
224.14000,1.02194,0.00682,0.00232,0.99072,0.00013
224.28000,1.02194,0.00692,0.00238,0.99057,0.00014
224.42000,1.02194,0.00742,0.00243,0.99001,0.00014
224.56000,1.02194,0.00704,0.00242,0.99041,0.00014
224.70000,1.02194,0.00705,0.00242,0.99040,0.00014
224.84000,1.02194,0.00728,0.00246,0.99011,0.00014
224.98000,1.02194,0.00726,0.00250,0.99009,0.00015
225.12000,1.02194,0.00742,0.00250,0.98994,0.00015
225.25999,1.02194,0.00735,0.00247,0.99003,0.00015
225.39999,1.02194,0.00715,0.00254,0.99017,0.00015
225.53999,1.02194,0.00732,0.00253,0.99000,0.00015
225.67999,1.02194,0.00739,0.00253,0.98993,0.00015
225.82001,1.02193,0.00774,0.00264,0.98947,0.00016
225.96001,1.02193,0.00778,0.00255,0.98951,0.00016
226.10001,1.02193,0.00784,0.00255,0.98945,0.00015
226.24001,1.02193,0.00756,0.00263,0.98966,0.00015
226.38000,1.02193,0.00756,0.00272,0.98957,0.00016
226.52000,1.02193,0.00752,0.00250,0.98984,0.00015
226.66000,1.02193,0.00752,0.00260,0.98972,0.00015
226.80000,1.02193,0.00735,0.00250,0.99000,0.00015
226.94000,1.02194,0.00710,0.00238,0.99038,0.00014
227.08000,1.02194,0.00726,0.00232,0.99029,0.00014
227.22000,1.02194,0.00703,0.00234,0.99049,0.00014
227.36000,1.02194,0.00711,0.00244,0.99030,0.00015
227.50000,1.02194,0.00692,0.00230,0.99065,0.00013
227.64000,1.02194,0.00680,0.00245,0.99060,0.00014
227.78000,1.02194,0.00712,0.00246,0.99028,0.00014
227.92000,1.02194,0.00702,0.00235,0.99049,0.00014
228.06000,1.02194,0.00717,0.00235,0.99033,0.00014
228.20000,1.02194,0.00704,0.00237,0.99044,0.00015
228.34000,1.02194,0.00752,0.00247,0.98986,0.00015
228.48000,1.02194,0.00731,0.00243,0.99011,0.00015
228.62000,1.02194,0.00740,0.00262,0.98982,0.00016
228.75999,1.02194,0.00784,0.00257,0.98943,0.00016
228.89999,1.02194,0.00762,0.00245,0.98978,0.00015
229.03999,1.02194,0.00750,0.00255,0.98980,0.00015
229.17999,1.02194,0.00746,0.00256,0.98983,0.00015
229.32001,1.02193,0.00739,0.00237,0.99010,0.00014
229.46001,1.02193,0.00718,0.00244,0.99024,0.00014
229.60001,1.02193,0.00733,0.00226,0.99027,0.00014
229.74001,1.02193,0.00739,0.00231,0.99016,0.00015
229.88000,1.02193,0.00745,0.00245,0.98994,0.00016
230.02000,1.02193,0.00715,0.00252,0.99017,0.00016
230.16000,1.02193,0.00691,0.00236,0.99059,0.00014
230.30000,1.02193,0.00700,0.00248,0.99038,0.00014
230.44000,1.02194,0.00724,0.00237,0.99024,0.00014
230.58000,1.02194,0.00747,0.00246,0.98992,0.00015
230.72000,1.02194,0.00764,0.00253,0.98968,0.00015
230.86000,1.02194,0.00725,0.00249,0.99011,0.00015
231.00000,1.02194,0.00708,0.00242,0.99037,0.00014
231.14000,1.02194,0.00714,0.00249,0.99022,0.00015
231.28000,1.02194,0.00731,0.00241,0.99014,0.00014
231.42000,1.02194,0.00739,0.00246,0.99001,0.00015
231.56000,1.02194,0.00739,0.00242,0.99005,0.00014
231.70000,1.02194,0.00703,0.00245,0.99039,0.00014
231.84000,1.02194,0.00693,0.00229,0.99065,0.00014
231.98000,1.02194,0.00692,0.00220,0.99075,0.00013
232.12000,1.02194,0.00733,0.00226,0.99027,0.00014
232.25999,1.02194,0.00707,0.00241,0.99037,0.00014
232.39999,1.02194,0.00692,0.00243,0.99051,0.00014
232.53999,1.02194,0.00690,0.00239,0.99057,0.00014
232.67999,1.02194,0.00695,0.00239,0.99052,0.00013
232.82001,1.02193,0.00716,0.00233,0.99036,0.00014
232.96001,1.02193,0.00693,0.00235,0.99057,0.00014
233.10001,1.02193,0.00716,0.00228,0.99042,0.00014
233.24001,1.02193,0.00728,0.00232,0.99026,0.00015
233.38000,1.02193,0.00708,0.00240,0.99037,0.00015
233.52000,1.02193,0.00727,0.00239,0.99020,0.00014
233.66000,1.02193,0.00716,0.00255,0.99014,0.00015
233.80000,1.02193,0.00753,0.00254,0.98978,0.00015
233.94000,1.02194,0.00740,0.00243,0.99004,0.00014
234.08000,1.02194,0.00732,0.00247,0.99006,0.00014
234.22000,1.02194,0.00730,0.00257,0.98998,0.00015
234.36000,1.02194,0.00749,0.00257,0.98978,0.00015
234.50000,1.02194,0.00728,0.00248,0.99010,0.00014
234.64000,1.02194,0.00710,0.00253,0.99023,0.00014
234.78000,1.02194,0.00698,0.00233,0.99055,0.00014
234.92000,1.02194,0.00714,0.00242,0.99029,0.00014
235.06000,1.02194,0.00735,0.00247,0.99003,0.00015
235.20000,1.02194,0.00724,0.00249,0.99013,0.00014
235.34000,1.02194,0.00694,0.00240,0.99052,0.00014
235.48000,1.02194,0.00727,0.00231,0.99027,0.00015
235.62000,1.02194,0.00727,0.00238,0.99021,0.00014
235.75999,1.02194,0.00761,0.00250,0.98973,0.00016
235.89999,1.02194,0.00735,0.00243,0.99007,0.00015
236.03999,1.02194,0.00741,0.00250,0.98992,0.00016
236.17999,1.02194,0.00708,0.00257,0.99020,0.00016
236.32001,1.02193,0.00719,0.00251,0.99015,0.00015
236.46001,1.02193,0.00737,0.00251,0.98998,0.00015
236.60001,1.02193,0.00735,0.00249,0.99001,0.00015
236.74001,1.02193,0.00734,0.00252,0.99000,0.00014
236.88000,1.02193,0.00743,0.00251,0.98992,0.00014
237.02000,1.02193,0.00741,0.00250,0.98995,0.00014
237.16000,1.02193,0.00728,0.00242,0.99015,0.00015
237.30000,1.02193,0.00722,0.00243,0.99020,0.00014
237.44000,1.02194,0.00733,0.00238,0.99015,0.00014
237.58000,1.02194,0.00720,0.00245,0.99021,0.00014
237.72000,1.02194,0.00761,0.00246,0.98978,0.00015
237.86000,1.02194,0.00749,0.00255,0.98981,0.00015
238.00000,1.02194,0.00743,0.00247,0.98994,0.00015
238.14000,1.02194,0.00745,0.00243,0.98997,0.00015
238.28000,1.02194,0.00750,0.00247,0.98988,0.00015
238.42000,1.02194,0.00745,0.00243,0.98997,0.00015
238.56000,1.02194,0.00757,0.00259,0.98969,0.00015
238.70000,1.02194,0.00733,0.00237,0.99016,0.00014
238.84000,1.02194,0.00725,0.00245,0.99016,0.00015
238.98000,1.02194,0.00738,0.00249,0.98997,0.00015
239.12000,1.02194,0.00760,0.00255,0.98969,0.00016
239.25999,1.02194,0.00780,0.00244,0.98961,0.00015
239.39999,1.02194,0.00747,0.00257,0.98981,0.00015
239.53999,1.02194,0.00749,0.00255,0.98980,0.00016
239.67999,1.02194,0.00760,0.00246,0.98979,0.00015
239.82001,1.02193,0.00716,0.00235,0.99036,0.00014
239.96001,1.02193,0.00725,0.00235,0.99027,0.00014
240.10001,1.02193,0.00716,0.00233,0.99037,0.00014
240.24001,1.02193,0.00713,0.00232,0.99042,0.00014
240.38000,1.02193,0.00720,0.00234,0.99033,0.00014
240.52000,1.02193,0.00723,0.00238,0.99025,0.00014
240.66000,1.02193,0.00703,0.00248,0.99035,0.00015
240.80000,1.02193,0.00726,0.00245,0.99014,0.00014
240.94000,1.02194,0.00700,0.00245,0.99041,0.00014
241.08000,1.02194,0.00718,0.00243,0.99024,0.00015
241.22000,1.02194,0.00749,0.00238,0.98999,0.00015
241.36000,1.02194,0.00760,0.00243,0.98982,0.00016
241.50000,1.02194,0.00751,0.00245,0.98987,0.00016
241.64000,1.02194,0.00754,0.00252,0.98978,0.00016
241.78000,1.02194,0.00764,0.00247,0.98973,0.00016
241.92000,1.02194,0.00772,0.00244,0.98968,0.00016
242.06000,1.02194,0.00737,0.00253,0.98994,0.00016
242.20000,1.02194,0.00754,0.00260,0.98970,0.00016
242.34000,1.02194,0.00740,0.00247,0.98998,0.00015
242.48000,1.02194,0.00724,0.00247,0.99015,0.00015
242.62000,1.02194,0.00731,0.00255,0.99000,0.00015
242.75999,1.02194,0.00739,0.00252,0.98995,0.00015
242.89999,1.02194,0.00743,0.00243,0.98999,0.00014
243.03999,1.02194,0.00732,0.00251,0.99002,0.00015
243.17999,1.02194,0.00771,0.00264,0.98949,0.00016
243.32001,1.02193,0.00742,0.00257,0.98986,0.00015
243.46001,1.02193,0.00740,0.00258,0.98987,0.00015
243.60001,1.02193,0.00748,0.00259,0.98978,0.00015
243.74001,1.02193,0.00772,0.00258,0.98953,0.00016
243.88000,1.02193,0.00742,0.00255,0.98988,0.00015
244.02000,1.02193,0.00726,0.00240,0.99020,0.00014
244.16000,1.02193,0.00733,0.00253,0.98999,0.00015
244.30000,1.02193,0.00736,0.00249,0.98999,0.00015
244.44000,1.02194,0.00755,0.00249,0.98982,0.00015
244.58000,1.02194,0.00753,0.00243,0.98989,0.00015
244.72000,1.02194,0.00722,0.00242,0.99021,0.00015
244.86000,1.02194,0.00720,0.00238,0.99029,0.00014
245.00000,1.02194,0.00699,0.00247,0.99040,0.00014
245.14000,1.02194,0.00715,0.00232,0.99039,0.00014
245.28000,1.02194,0.00703,0.00227,0.99055,0.00014
245.42000,1.02194,0.00694,0.00243,0.99048,0.00015
245.56000,1.02194,0.00727,0.00244,0.99014,0.00015
245.70000,1.02194,0.00718,0.00239,0.99027,0.00015
245.84000,1.02194,0.00685,0.00238,0.99063,0.00014
245.98000,1.02194,0.00740,0.00237,0.99009,0.00014
246.12000,1.02194,0.00765,0.00244,0.98976,0.00015
246.25999,1.02194,0.00717,0.00247,0.99021,0.00014
246.39999,1.02194,0.00720,0.00243,0.99022,0.00014
246.53999,1.02194,0.00717,0.00236,0.99033,0.00014
246.67999,1.02194,0.00714,0.00254,0.99017,0.00015
246.82001,1.02193,0.00743,0.00246,0.98996,0.00014
246.96001,1.02193,0.00740,0.00239,0.99007,0.00014
247.10001,1.02193,0.00768,0.00253,0.98965,0.00015
247.24001,1.02193,0.00746,0.00256,0.98983,0.00015
247.38000,1.02193,0.00748,0.00251,0.98986,0.00015
247.52000,1.02193,0.00759,0.00256,0.98970,0.00015
247.66000,1.02193,0.00748,0.00255,0.98982,0.00015
247.80000,1.02193,0.00740,0.00255,0.98991,0.00015
247.94000,1.02194,0.00748,0.00246,0.98991,0.00014
248.08000,1.02194,0.00734,0.00252,0.99000,0.00015
248.22000,1.02194,0.00753,0.00246,0.98987,0.00014
248.36000,1.02194,0.00751,0.00252,0.98982,0.00015
248.50000,1.02194,0.00773,0.00262,0.98950,0.00015
248.64000,1.02194,0.00736,0.00259,0.98989,0.00015
248.78000,1.02194,0.00732,0.00250,0.99004,0.00014
248.92000,1.02194,0.00744,0.00240,0.99001,0.00014
249.06000,1.02194,0.00746,0.00246,0.98993,0.00015
249.20000,1.02194,0.00714,0.00245,0.99027,0.00014
249.34000,1.02194,0.00699,0.00238,0.99050,0.00014
249.48000,1.02194,0.00703,0.00234,0.99049,0.00014
249.62000,1.02194,0.00690,0.00248,0.99047,0.00014
249.75999,1.02194,0.00736,0.00244,0.99006,0.00014
249.89999,1.02194,0.00733,0.00243,0.99010,0.00014
250.03999,1.02194,0.00710,0.00231,0.99045,0.00014
250.17999,1.02194,0.00733,0.00233,0.99020,0.00014
250.32001,1.02193,0.00753,0.00244,0.98987,0.00015
250.46001,1.02193,0.00732,0.00251,0.99002,0.00015
250.60001,1.02193,0.00691,0.00233,0.99062,0.00014
250.74001,1.02193,0.00689,0.00230,0.99068,0.00014
250.88000,1.02193,0.00714,0.00250,0.99021,0.00015
251.02000,1.02193,0.00757,0.00254,0.98974,0.00015
251.16000,1.02193,0.00725,0.00233,0.99028,0.00014
251.30000,1.02193,0.00682,0.00231,0.99074,0.00013
251.44000,1.02194,0.00693,0.00236,0.99057,0.00014
251.58000,1.02194,0.00707,0.00236,0.99043,0.00014
251.72000,1.02194,0.00720,0.00234,0.99031,0.00014
251.86000,1.02194,0.00695,0.00249,0.99042,0.00014
252.00000,1.02194,0.00729,0.00234,0.99022,0.00014
252.14000,1.02194,0.00714,0.00255,0.99015,0.00015
252.28000,1.02194,0.00739,0.00262,0.98983,0.00016
252.42000,1.02194,0.00747,0.00252,0.98985,0.00016
252.56000,1.02194,0.00757,0.00254,0.98973,0.00016
252.70000,1.02194,0.00737,0.00250,0.98998,0.00015
252.84000,1.02194,0.00748,0.00243,0.98995,0.00014
252.98000,1.02194,0.00762,0.00251,0.98972,0.00015
253.12000,1.02194,0.00758,0.00257,0.98971,0.00015
253.25999,1.02194,0.00736,0.00253,0.98996,0.00015
253.39999,1.02194,0.00713,0.00239,0.99035,0.00014
253.53999,1.02194,0.00711,0.00245,0.99029,0.00015
253.67999,1.02194,0.00726,0.00238,0.99021,0.00015
253.82001,1.02193,0.00730,0.00242,0.99013,0.00015
253.96001,1.02193,0.00742,0.00237,0.99006,0.00015
254.10001,1.02193,0.00699,0.00236,0.99051,0.00015
254.24001,1.02193,0.00696,0.00237,0.99052,0.00014
254.38000,1.02193,0.00738,0.00252,0.98994,0.00016
254.52000,1.02193,0.00732,0.00237,0.99017,0.00014
254.66000,1.02193,0.00729,0.00243,0.99013,0.00015
254.80000,1.02193,0.00718,0.00251,0.99015,0.00016
254.94000,1.02194,0.00750,0.00259,0.98975,0.00015
255.08000,1.02193,0.00774,0.00263,0.98947,0.00016
255.22000,1.02194,0.00767,0.00255,0.98963,0.00015
255.36000,1.02193,0.00727,0.00251,0.99007,0.00015
255.50000,1.02194,0.00737,0.00249,0.98999,0.00015
255.64000,1.02193,0.00734,0.00250,0.99002,0.00015
255.78000,1.02194,0.00726,0.00254,0.99006,0.00015
255.92000,1.02193,0.00740,0.00261,0.98985,0.00015
256.06000,1.02194,0.00733,0.00250,0.99003,0.00014
256.20001,1.02191,0.00776,0.00259,0.98950,0.00015
256.34000,1.02194,0.00759,0.00258,0.98967,0.00015
256.48001,1.02191,0.00750,0.00259,0.98976,0.00015
256.62000,1.02194,0.00757,0.00256,0.98972,0.00015
256.76001,1.02194,0.00716,0.00249,0.99021,0.00014
256.89999,1.02194,0.00719,0.00238,0.99029,0.00014
257.04001,1.02194,0.00778,0.00239,0.98967,0.00016
257.17999,1.02194,0.00773,0.00245,0.98966,0.00016
257.32001,1.02194,0.00735,0.00244,0.99005,0.00015
257.45999,1.02194,0.00742,0.00237,0.99005,0.00016
257.60001,1.02194,0.00705,0.00251,0.99028,0.00016
257.73999,1.02194,0.00772,0.00245,0.98967,0.00016
257.88000,1.02194,0.00756,0.00239,0.98990,0.00015
258.01999,1.02194,0.00779,0.00235,0.98970,0.00016
258.16000,1.02194,0.00774,0.00246,0.98964,0.00016
258.29999,1.02194,0.00762,0.00236,0.98988,0.00015
258.44000,1.02194,0.00708,0.00242,0.99035,0.00015
258.57999,1.02194,0.00720,0.00232,0.99034,0.00014
258.72000,1.02194,0.00717,0.00226,0.99043,0.00014
258.85999,1.02194,0.00762,0.00236,0.98988,0.00015
259.00000,1.02194,0.00706,0.00237,0.99043,0.00014
259.14001,1.02191,0.00682,0.00242,0.99063,0.00014
259.28000,1.02194,0.00688,0.00241,0.99057,0.00014
259.42001,1.02191,0.00686,0.00235,0.99066,0.00013
259.56000,1.02194,0.00691,0.00232,0.99063,0.00013
259.70001,1.02191,0.00716,0.00240,0.99030,0.00014
259.84000,1.02194,0.00739,0.00243,0.99003,0.00015
259.98001,1.02191,0.00730,0.00247,0.99009,0.00015
260.12000,1.02194,0.00720,0.00238,0.99029,0.00014
260.26001,1.02194,0.00707,0.00256,0.99022,0.00015
260.39999,1.02194,0.00758,0.00250,0.98976,0.00016
260.54001,1.02194,0.00742,0.00252,0.98990,0.00016
260.67999,1.02194,0.00733,0.00252,0.98999,0.00016
260.82001,1.02194,0.00730,0.00256,0.98998,0.00016
260.95999,1.02194,0.00751,0.00243,0.98990,0.00016
261.10001,1.02194,0.00759,0.00240,0.98985,0.00015
261.23999,1.02194,0.00796,0.00252,0.98937,0.00015
261.38000,1.02194,0.00761,0.00248,0.98976,0.00015
261.51999,1.02194,0.00725,0.00239,0.99022,0.00014
261.66000,1.02194,0.00718,0.00253,0.99014,0.00015
261.79999,1.02194,0.00735,0.00244,0.99006,0.00014
261.94000,1.02194,0.00729,0.00237,0.99020,0.00014
262.07999,1.02194,0.00732,0.00263,0.98990,0.00016
262.22000,1.02194,0.00776,0.00253,0.98956,0.00016
262.35999,1.02194,0.00750,0.00260,0.98974,0.00015
262.50000,1.02194,0.00736,0.00261,0.98988,0.00015
262.64001,1.02191,0.00726,0.00247,0.99012,0.00014
262.78000,1.02194,0.00755,0.00248,0.98983,0.00015
262.92001,1.02191,0.00737,0.00252,0.98996,0.00015
263.06000,1.02194,0.00748,0.00252,0.98985,0.00015
263.20001,1.02191,0.00726,0.00243,0.99016,0.00015
263.34000,1.02194,0.00722,0.00255,0.99009,0.00015
263.48001,1.02191,0.00736,0.00233,0.99017,0.00015
263.62000,1.02194,0.00740,0.00245,0.99001,0.00015
263.76001,1.02194,0.00752,0.00251,0.98981,0.00016
263.89999,1.02194,0.00733,0.00246,0.99007,0.00015
264.04001,1.02194,0.00738,0.00234,0.99013,0.00015
264.17999,1.02194,0.00731,0.00253,0.99001,0.00015
264.32001,1.02194,0.00739,0.00261,0.98985,0.00015
264.45999,1.02194,0.00773,0.00253,0.98958,0.00016
264.60001,1.02194,0.00739,0.00256,0.98989,0.00015
264.73999,1.02194,0.00739,0.00258,0.98987,0.00016
264.88000,1.02194,0.00753,0.00258,0.98973,0.00016
265.01999,1.02194,0.00744,0.00241,0.99000,0.00016
265.16000,1.02194,0.00780,0.00246,0.98959,0.00016
265.29999,1.02194,0.00800,0.00262,0.98922,0.00016
265.44000,1.02194,0.00755,0.00266,0.98963,0.00016
265.57999,1.02194,0.00739,0.00258,0.98988,0.00015
265.72000,1.02194,0.00739,0.00255,0.98991,0.00016
265.85999,1.02194,0.00720,0.00248,0.99017,0.00015
266.00000,1.02194,0.00732,0.00252,0.99002,0.00015
266.14001,1.02191,0.00731,0.00246,0.99008,0.00014
266.28000,1.02194,0.00715,0.00245,0.99026,0.00014
266.42001,1.02191,0.00745,0.00239,0.99002,0.00014
266.56000,1.02194,0.00736,0.00234,0.99016,0.00014
266.70001,1.02191,0.00715,0.00248,0.99022,0.00015
266.84000,1.02194,0.00706,0.00240,0.99039,0.00014
266.98001,1.02191,0.00704,0.00240,0.99042,0.00014
267.12000,1.02194,0.00741,0.00248,0.98997,0.00015
267.26001,1.02194,0.00701,0.00245,0.99040,0.00014
267.39999,1.02194,0.00713,0.00252,0.99021,0.00014
267.54001,1.02194,0.00741,0.00252,0.98993,0.00014
267.67999,1.02194,0.00761,0.00251,0.98973,0.00015
267.82001,1.02194,0.00740,0.00248,0.98998,0.00015
267.95999,1.02194,0.00705,0.00235,0.99046,0.00014
268.10001,1.02194,0.00688,0.00238,0.99061,0.00013
268.23999,1.02194,0.00751,0.00243,0.98991,0.00015
268.38000,1.02194,0.00715,0.00236,0.99035,0.00014
268.51999,1.02194,0.00693,0.00237,0.99057,0.00014
268.66000,1.02194,0.00699,0.00231,0.99055,0.00014
268.79999,1.02194,0.00697,0.00226,0.99062,0.00014
268.94000,1.02194,0.00726,0.00229,0.99030,0.00015
269.07999,1.02194,0.00712,0.00222,0.99053,0.00013
269.22000,1.02194,0.00711,0.00232,0.99043,0.00014
269.35999,1.02194,0.00716,0.00247,0.99021,0.00015
269.50000,1.02194,0.00743,0.00248,0.98993,0.00015
269.64001,1.02191,0.00708,0.00241,0.99037,0.00014
269.78000,1.02194,0.00723,0.00251,0.99012,0.00015
269.92001,1.02191,0.00718,0.00252,0.99016,0.00015
270.06000,1.02194,0.00751,0.00253,0.98979,0.00016
270.20001,1.02191,0.00760,0.00251,0.98973,0.00016
270.34000,1.02194,0.00748,0.00252,0.98984,0.00016
270.48001,1.02191,0.00761,0.00258,0.98964,0.00016
270.62000,1.02194,0.00743,0.00267,0.98974,0.00016
270.76001,1.02194,0.00733,0.00263,0.98989,0.00015
270.89999,1.02194,0.00763,0.00240,0.98982,0.00015
271.04001,1.02194,0.00720,0.00233,0.99034,0.00014
271.17999,1.02194,0.00764,0.00240,0.98980,0.00015
271.32001,1.02194,0.00738,0.00257,0.98989,0.00016
271.45999,1.02194,0.00701,0.00240,0.99044,0.00015
271.60001,1.02194,0.00699,0.00251,0.99035,0.00015
271.73999,1.02194,0.00737,0.00248,0.99000,0.00015
271.88000,1.02194,0.00741,0.00253,0.98991,0.00015
272.01999,1.02194,0.00777,0.00252,0.98956,0.00015
272.16000,1.02194,0.00737,0.00246,0.99002,0.00014
272.29999,1.02194,0.00723,0.00237,0.99026,0.00015
272.44000,1.02194,0.00725,0.00237,0.99024,0.00015
272.57999,1.02194,0.00695,0.00219,0.99073,0.00013
272.72000,1.02194,0.00707,0.00220,0.99059,0.00014
272.85999,1.02194,0.00724,0.00247,0.99013,0.00015
273.00000,1.02194,0.00764,0.00248,0.98972,0.00016
273.14001,1.02191,0.00749,0.00238,0.98999,0.00014
273.28000,1.02194,0.00750,0.00246,0.98988,0.00015
273.42001,1.02191,0.00731,0.00255,0.98998,0.00015
273.56000,1.02194,0.00746,0.00245,0.98995,0.00014
273.70001,1.02191,0.00742,0.00232,0.99011,0.00014
273.84000,1.02194,0.00723,0.00242,0.99020,0.00014
273.98001,1.02191,0.00747,0.00241,0.98997,0.00015
274.12000,1.02194,0.00757,0.00242,0.98985,0.00016
274.26001,1.02194,0.00713,0.00236,0.99036,0.00015
274.39999,1.02194,0.00688,0.00250,0.99047,0.00015
274.54001,1.02194,0.00727,0.00251,0.99006,0.00015
274.67999,1.02194,0.00711,0.00234,0.99041,0.00014
274.82001,1.02194,0.00724,0.00230,0.99033,0.00013
274.95999,1.02194,0.00702,0.00227,0.99057,0.00013
275.10001,1.02194,0.00699,0.00233,0.99053,0.00015
275.23999,1.02194,0.00686,0.00238,0.99062,0.00014
275.38000,1.02194,0.00697,0.00247,0.99042,0.00015
275.51999,1.02194,0.00692,0.00246,0.99048,0.00014
275.66000,1.02194,0.00731,0.00243,0.99012,0.00014
275.79999,1.02194,0.00733,0.00254,0.98997,0.00015
275.94000,1.02194,0.00824,0.00256,0.98903,0.00016
276.07999,1.02194,0.00787,0.00271,0.98926,0.00016
276.22000,1.02194,0.00791,0.00275,0.98918,0.00016
276.35999,1.02194,0.00808,0.00276,0.98899,0.00018
276.50000,1.02194,0.00823,0.00263,0.98896,0.00018
276.64001,1.02191,0.00787,0.00269,0.98927,0.00017
276.78000,1.02194,0.00843,0.00258,0.98881,0.00017
276.92001,1.02191,0.00797,0.00257,0.98929,0.00017
277.06000,1.02194,0.00812,0.00272,0.98899,0.00018
277.20001,1.02191,0.00851,0.00284,0.98847,0.00018
277.34000,1.02194,0.00802,0.00275,0.98906,0.00017
277.48001,1.02191,0.00807,0.00293,0.98882,0.00018
277.62000,1.02194,0.00857,0.00279,0.98845,0.00019
277.76001,1.02194,0.00810,0.00280,0.98893,0.00018
277.89999,1.02194,0.00787,0.00271,0.98925,0.00017
278.04001,1.02194,0.00787,0.00271,0.98925,0.00016
278.17999,1.02194,0.00758,0.00252,0.98974,0.00015
278.32001,1.02194,0.00761,0.00244,0.98980,0.00015
278.45999,1.02194,0.00729,0.00237,0.99019,0.00014
278.60001,1.02194,0.00741,0.00248,0.98996,0.00015
278.73999,1.02194,0.00738,0.00249,0.98998,0.00015
278.88000,1.02194,0.00744,0.00245,0.98995,0.00016
279.01999,1.02194,0.00753,0.00235,0.98996,0.00017
279.16000,1.02194,0.00702,0.00250,0.99032,0.00016
279.29999,1.02194,0.00743,0.00245,0.98997,0.00016
279.44000,1.02194,0.00727,0.00236,0.99022,0.00015
279.57999,1.02194,0.00754,0.00248,0.98982,0.00016
279.72000,1.02194,0.00756,0.00248,0.98981,0.00015
279.85999,1.02194,0.00759,0.00245,0.98982,0.00014
280.00000,1.02194,0.00700,0.00247,0.99040,0.00014
280.14001,1.02191,0.00736,0.00260,0.98989,0.00015
280.28000,1.02194,0.00812,0.00268,0.98903,0.00017
280.42001,1.02191,0.01615,0.00371,0.97963,0.00051
280.56000,1.02194,0.07193,0.00651,0.91844,0.00312
280.70001,1.02191,0.16666,0.01125,0.81320,0.00889
280.84000,1.02194,0.52139,0.02188,0.44498,0.01175
280.98001,1.02191,0.81792,0.02287,0.14864,0.01057
281.12000,1.02194,0.93438,0.02450,0.03532,0.00580
281.26001,1.02194,0.97684,0.01230,0.00870,0.00216
281.39999,1.02194,0.99102,0.00553,0.00268,0.00077
281.54001,1.02194,0.98872,0.00805,0.00288,0.00035
281.67999,1.02194,0.99029,0.00713,0.00223,0.00034
281.82001,1.02194,0.99268,0.00548,0.00157,0.00027
281.95999,1.02194,0.98639,0.01144,0.00202,0.00015
282.10001,1.02194,0.98604,0.01195,0.00185,0.00016
282.23999,1.02194,0.98532,0.01269,0.00183,0.00016
282.38000,1.02194,0.98497,0.01307,0.00181,0.00015
282.51999,1.02194,0.98444,0.01360,0.00182,0.00015
282.66000,1.02194,0.98502,0.01301,0.00182,0.00016
282.79999,1.02194,0.98468,0.01336,0.00182,0.00015
282.94000,1.02194,0.98518,0.01285,0.00182,0.00014
283.07999,1.02194,0.98589,0.01216,0.00180,0.00015
283.22000,1.02194,0.98671,0.01135,0.00177,0.00016
283.35999,1.02194,0.98951,0.00868,0.00166,0.00015
283.50000,1.02194,0.98668,0.01140,0.00177,0.00016
