Time (seconds), Duration (seconds),pred_(unlabeled),pred_brushing_teeth,pred_hair_drying,pred_showering
0.00000,1.02194,0.99700,0.00240,0.00054,0.00006
0.14000,1.02194,0.99688,0.00249,0.00056,0.00006
0.28000,1.02194,0.99706,0.00233,0.00054,0.00007
0.42000,1.02194,0.99719,0.00222,0.00052,0.00007
0.56000,1.02194,0.99728,0.00215,0.00051,0.00006
0.70000,1.02194,0.99738,0.00206,0.00050,0.00006
0.84000,1.02194,0.99735,0.00209,0.00049,0.00006
0.98000,1.02194,0.99746,0.00199,0.00049,0.00006
1.12000,1.02194,0.99741,0.00203,0.00049,0.00006
1.26000,1.02194,0.99747,0.00198,0.00048,0.00006
1.40000,1.02194,0.99738,0.00207,0.00049,0.00006
1.54000,1.02194,0.99717,0.00224,0.00052,0.00006
1.68000,1.02194,0.99710,0.00229,0.00054,0.00007
1.82000,1.02194,0.99717,0.00222,0.00054,0.00007
1.96000,1.02194,0.99715,0.00224,0.00054,0.00007
2.10000,1.02194,0.99711,0.00227,0.00055,0.00007
2.24000,1.02194,0.99725,0.00215,0.00053,0.00007
2.38000,1.02194,0.99733,0.00210,0.00050,0.00007
2.52000,1.02194,0.99757,0.00189,0.00047,0.00006
2.66000,1.02194,0.99772,0.00176,0.00045,0.00006
2.80000,1.02194,0.99771,0.00179,0.00044,0.00006
2.94000,1.02194,0.99770,0.00179,0.00044,0.00006
3.08000,1.02194,0.99765,0.00184,0.00045,0.00006
3.22000,1.02194,0.99766,0.00183,0.00045,0.00006
3.36000,1.02194,0.99767,0.00182,0.00045,0.00006
3.50000,1.02194,0.99762,0.00185,0.00046,0.00007
3.64000,1.02194,0.99744,0.00201,0.00048,0.00006
3.78000,1.02194,0.99744,0.00202,0.00048,0.00006
3.92000,1.02194,0.99744,0.00202,0.00048,0.00006
4.06000,1.02194,0.99795,0.00154,0.00045,0.00006
4.20000,1.02194,0.99528,0.00292,0.00154,0.00026
4.34000,1.02194,0.98647,0.01246,0.00066,0.00042
4.48000,1.02194,0.97930,0.01889,0.00093,0.00089
4.62000,1.02194,0.94869,0.04894,0.00115,0.00122
4.76000,1.02194,0.93474,0.06132,0.00151,0.00243
4.90000,1.02194,0.85206,0.14228,0.00223,0.00342
5.04000,1.02194,0.75840,0.23775,0.00195,0.00190
5.18000,1.02194,0.92761,0.07044,0.00123,0.00073
5.32000,1.02194,0.98176,0.01615,0.00171,0.00039
5.46000,1.02194,0.99624,0.00287,0.00074,0.00014
5.60000,1.02194,0.99761,0.00176,0.00055,0.00008
5.74000,1.02194,0.99828,0.00122,0.00040,0.00009
5.88000,1.02194,0.99824,0.00133,0.00035,0.00008
6.02000,1.02194,0.99837,0.00125,0.00031,0.00007
6.16000,1.02194,0.99856,0.00110,0.00028,0.00006
6.30000,1.02194,0.99868,0.00099,0.00026,0.00006
6.44000,1.02194,0.99905,0.00061,0.00024,0.00010
6.58000,1.02194,0.99857,0.00098,0.00034,0.00011
6.72000,1.02194,0.99768,0.00179,0.00046,0.00007
6.86000,1.02194,0.99743,0.00201,0.00049,0.00007
7.00000,1.02194,0.99722,0.00220,0.00052,0.00007
7.14000,1.02194,0.99682,0.00253,0.00057,0.00007
7.28000,1.02194,0.99656,0.00274,0.00062,0.00007
7.42000,1.02194,0.99628,0.00297,0.00068,0.00008
7.56000,1.02194,0.99615,0.00307,0.00070,0.00008
7.70000,1.02194,0.99580,0.00336,0.00076,0.00008
7.84000,1.02194,0.99587,0.00332,0.00074,0.00008
7.98000,1.02194,0.99630,0.00294,0.00069,0.00008
8.12000,1.02194,0.99666,0.00265,0.00062,0.00007
8.26000,1.02194,0.99690,0.00245,0.00058,0.00007
8.40000,1.02194,0.99717,0.00222,0.00054,0.00007
8.54000,1.02194,0.99699,0.00239,0.00056,0.00007
8.68000,1.02194,0.99713,0.00226,0.00054,0.00007
8.82000,1.02194,0.99708,0.00230,0.00055,0.00007
8.96000,1.02194,0.99685,0.00250,0.00058,0.00007
9.10000,1.02194,0.99687,0.00248,0.00058,0.00007
9.24000,1.02194,0.99692,0.00243,0.00058,0.00007
9.38000,1.02194,0.99671,0.00263,0.00060,0.00007
9.52000,1.02194,0.99721,0.00219,0.00053,0.00007
9.66000,1.02194,0.99762,0.00182,0.00049,0.00006
9.80000,1.02194,0.99781,0.00169,0.00044,0.00006
9.94000,1.02194,0.99795,0.00159,0.00041,0.00006
10.08000,1.02194,0.99821,0.00134,0.00039,0.00005
10.22000,1.02194,0.99868,0.00098,0.00029,0.00005
10.36000,1.02194,0.99876,0.00092,0.00027,0.00005
10.50000,1.02194,0.99875,0.00094,0.00026,0.00004
10.64000,1.02194,0.99863,0.00104,0.00028,0.00005
10.78000,1.02194,0.99890,0.00079,0.00026,0.00005
10.92000,1.02194,0.99933,0.00046,0.00016,0.00005
11.06000,1.02194,0.99912,0.00064,0.00020,0.00004
11.20000,1.02194,0.99882,0.00090,0.00024,0.00004
11.34000,1.02194,0.99874,0.00096,0.00026,0.00005
11.48000,1.02194,0.99867,0.00101,0.00027,0.00005
11.62000,1.02194,0.99848,0.00108,0.00036,0.00008
11.76000,1.02194,0.99715,0.00226,0.00051,0.00008
11.90000,1.02194,0.99493,0.00414,0.00084,0.00009
12.04000,1.02194,0.98847,0.01030,0.00110,0.00013
12.18000,1.02194,0.98757,0.01089,0.00139,0.00015
12.32000,1.02194,0.98801,0.01035,0.00146,0.00018
12.46000,1.02194,0.98586,0.01234,0.00162,0.00017
12.60000,1.02194,0.99046,0.00834,0.00107,0.00012
12.74000,1.02194,0.99058,0.00740,0.00182,0.00020
12.88000,1.02194,0.99582,0.00336,0.00071,0.00011
13.02000,1.02194,0.99542,0.00390,0.00060,0.00008
13.16000,1.02194,0.99551,0.00372,0.00069,0.00008
13.30000,1.02194,0.99547,0.00376,0.00070,0.00008
13.44000,1.02194,0.99531,0.00389,0.00071,0.00008
13.58000,1.02194,0.99559,0.00363,0.00070,0.00008
13.72000,1.02194,0.99449,0.00446,0.00095,0.00009
13.86000,1.02194,0.99648,0.00283,0.00062,0.00007
14.00000,1.02194,0.99685,0.00251,0.00057,0.00007
14.14000,1.02194,0.99691,0.00245,0.00057,0.00007
14.28000,1.02194,0.99706,0.00233,0.00055,0.00007
14.42000,1.02194,0.99710,0.00229,0.00054,0.00007
14.56000,1.02194,0.99711,0.00229,0.00054,0.00007
14.70000,1.02194,0.99699,0.00239,0.00055,0.00007
14.84000,1.02194,0.99730,0.00214,0.00051,0.00006
14.98000,1.02194,0.99766,0.00179,0.00049,0.00006
15.12000,1.02194,0.99785,0.00164,0.00045,0.00006
15.26000,1.02194,0.99783,0.00167,0.00044,0.00006
15.40000,1.02194,0.99774,0.00175,0.00045,0.00006
15.54000,1.02194,0.99783,0.00167,0.00044,0.00006
15.68000,1.02194,0.99781,0.00169,0.00044,0.00006
15.82000,1.02194,0.99773,0.00167,0.00051,0.00008
15.96000,1.02194,0.99768,0.00175,0.00049,0.00008
16.10000,1.02194,0.99753,0.00193,0.00048,0.00006
16.24000,1.02194,0.99754,0.00192,0.00047,0.00006
16.38000,1.02194,0.99760,0.00187,0.00047,0.00006
16.52000,1.02194,0.99744,0.00201,0.00049,0.00006
16.66000,1.02194,0.99724,0.00219,0.00051,0.00007
16.80000,1.02194,0.99686,0.00250,0.00058,0.00007
16.94000,1.02194,0.98759,0.01126,0.00102,0.00013
17.08000,1.02194,0.96491,0.03399,0.00092,0.00017
17.22000,1.02194,0.95471,0.04378,0.00127,0.00024
17.36000,1.02194,0.96274,0.03529,0.00168,0.00028
17.50000,1.02194,0.93492,0.06330,0.00149,0.00030
17.64000,1.02194,0.93639,0.06150,0.00174,0.00037
17.78000,1.02194,0.94501,0.05305,0.00171,0.00024
17.92000,1.02194,0.98647,0.01196,0.00145,0.00012
18.06000,1.02194,0.99468,0.00447,0.00077,0.00009
18.20000,1.02194,0.99383,0.00490,0.00114,0.00013
18.34000,1.02194,0.99635,0.00290,0.00067,0.00008
18.48000,1.02194,0.99678,0.00256,0.00059,0.00007
18.62000,1.02194,0.99646,0.00283,0.00064,0.00007
18.76000,1.02194,0.99660,0.00270,0.00063,0.00008
18.90000,1.02194,0.99639,0.00281,0.00071,0.00009
19.04000,1.02194,0.99709,0.00227,0.00056,0.00007
19.18000,1.02194,0.99734,0.00207,0.00052,0.00007
19.32000,1.02194,0.99735,0.00206,0.00052,0.00007
19.46000,1.02194,0.99739,0.00204,0.00051,0.00007
19.60000,1.02194,0.99767,0.00180,0.00046,0.00007
19.74000,1.02194,0.99769,0.00180,0.00045,0.00006
19.88000,1.02194,0.99765,0.00184,0.00045,0.00006
20.02000,1.02194,0.99757,0.00190,0.00047,0.00006
20.16000,1.02194,0.99761,0.00185,0.00048,0.00006
20.30000,1.02194,0.99745,0.00197,0.00051,0.00007
20.44000,1.02194,0.99733,0.00209,0.00051,0.00007
20.58000,1.02194,0.99738,0.00204,0.00052,0.00007
20.72000,1.02194,0.99736,0.00205,0.00052,0.00007
20.86000,1.02194,0.99717,0.00221,0.00055,0.00007
21.00000,1.02194,0.99793,0.00153,0.00045,0.00009
21.14000,1.02194,0.99757,0.00190,0.00047,0.00006
21.28000,1.02194,0.99757,0.00190,0.00047,0.00006
21.42000,1.02194,0.99775,0.00176,0.00044,0.00006
21.56000,1.02194,0.99776,0.00174,0.00044,0.00006
21.70000,1.02194,0.99776,0.00174,0.00044,0.00006
21.84000,1.02194,0.99773,0.00177,0.00044,0.00006
21.98000,1.02194,0.99773,0.00177,0.00044,0.00006
22.12000,1.02194,0.99778,0.00173,0.00043,0.00006
22.26000,1.02194,0.99780,0.00171,0.00043,0.00006
22.40000,1.02194,0.99779,0.00172,0.00043,0.00006
22.54000,1.02194,0.99781,0.00170,0.00043,0.00006
22.68000,1.02194,0.99781,0.00170,0.00043,0.00006
22.82000,1.02194,0.99783,0.00169,0.00043,0.00006
22.96000,1.02194,0.99783,0.00168,0.00043,0.00006
23.10000,1.02194,0.99780,0.00171,0.00043,0.00006
23.24000,1.02194,0.99803,0.00149,0.00042,0.00006
23.38000,1.02194,0.99802,0.00150,0.00042,0.00006
23.52000,1.02194,0.99838,0.00122,0.00035,0.00006
23.66000,1.02194,0.99826,0.00134,0.00034,0.00005
23.80000,1.02194,0.99826,0.00134,0.00034,0.00005
23.94000,1.02194,0.99824,0.00136,0.00035,0.00005
24.08000,1.02194,0.99839,0.00120,0.00034,0.00006
24.22000,1.02194,0.99812,0.00136,0.00043,0.00009
24.36000,1.02194,0.99848,0.00111,0.00034,0.00008
24.50000,1.02194,0.99774,0.00175,0.00044,0.00006
24.64000,1.02194,0.99771,0.00178,0.00044,0.00006
24.78000,1.02194,0.99769,0.00180,0.00045,0.00006
24.92000,1.02194,0.99772,0.00177,0.00044,0.00006
25.06000,1.02194,0.99774,0.00176,0.00044,0.00006
25.20000,1.02194,0.99774,0.00176,0.00044,0.00006
25.34000,1.02194,0.99773,0.00177,0.00044,0.00006
25.48000,1.02194,0.99772,0.00177,0.00044,0.00006
25.62000,1.02194,0.99775,0.00175,0.00044,0.00006
25.76000,1.02194,0.99773,0.00177,0.00044,0.00006
25.90000,1.02194,0.99775,0.00175,0.00044,0.00006
26.04000,1.02194,0.99778,0.00173,0.00043,0.00006
26.18000,1.02194,0.99777,0.00174,0.00044,0.00006
26.32000,1.02194,0.99775,0.00175,0.00044,0.00006
26.46000,1.02194,0.99776,0.00174,0.00044,0.00006
26.60000,1.02194,0.99779,0.00172,0.00044,0.00006
26.74000,1.02194,0.99779,0.00171,0.00044,0.00006
26.88000,1.02194,0.99778,0.00172,0.00044,0.00006
27.02000,1.02194,0.99775,0.00175,0.00045,0.00006
27.16000,1.02194,0.99779,0.00171,0.00044,0.00006
27.30000,1.02194,0.99783,0.00167,0.00044,0.00006
27.44000,1.02194,0.99813,0.00139,0.00041,0.00006
27.58000,1.02194,0.99822,0.00135,0.00038,0.00006
27.72000,1.02194,0.99832,0.00128,0.00035,0.00005
27.86000,1.02194,0.99835,0.00125,0.00034,0.00005
28.00000,1.02194,0.99836,0.00125,0.00034,0.00005
28.14000,1.02194,0.99831,0.00129,0.00035,0.00005
28.28000,1.02194,0.99855,0.00107,0.00032,0.00006
28.42000,1.02194,0.99796,0.00156,0.00042,0.00006
28.56000,1.02194,0.99785,0.00166,0.00043,0.00006
28.70000,1.02194,0.99787,0.00164,0.00043,0.00006
28.84000,1.02194,0.99796,0.00156,0.00042,0.00006
28.98000,1.02194,0.99799,0.00154,0.00041,0.00006
29.12000,1.02194,0.99803,0.00151,0.00040,0.00006
29.26000,1.02194,0.99805,0.00149,0.00040,0.00006
29.40000,1.02194,0.99814,0.00141,0.00039,0.00006
29.54000,1.02194,0.99821,0.00136,0.00038,0.00006
29.68000,1.02194,0.99821,0.00135,0.00038,0.00006
29.82000,1.02194,0.99815,0.00140,0.00038,0.00006
29.96000,1.02194,0.99811,0.00144,0.00039,0.00006
30.10000,1.02194,0.99807,0.00147,0.00040,0.00006
30.24000,1.02194,0.99803,0.00151,0.00041,0.00006
30.38000,1.02194,0.99822,0.00132,0.00039,0.00006
30.52000,1.02194,0.99819,0.00137,0.00038,0.00006
30.66000,1.02194,0.99816,0.00141,0.00038,0.00006
30.80000,1.02194,0.99371,0.00393,0.00220,0.00015
30.94000,1.02194,0.97491,0.02411,0.00066,0.00031
31.08000,1.02194,0.89320,0.10565,0.00076,0.00039
31.22000,1.02194,0.64561,0.35321,0.00059,0.00060
31.36000,1.02194,0.13315,0.86619,0.00033,0.00033
31.50000,1.02194,0.01802,0.98183,0.00004,0.00011
31.64000,1.02194,0.00221,0.99777,0.00000,0.00002
31.78000,1.02194,0.00181,0.99818,0.00000,0.00001
31.92000,1.02194,0.00192,0.99807,0.00000,0.00001
32.06000,1.02193,0.00185,0.99813,0.00001,0.00001
32.20000,1.02194,0.00188,0.99810,0.00001,0.00001
32.34000,1.02194,0.00194,0.99804,0.00000,0.00001
32.48000,1.02194,0.00213,0.99785,0.00001,0.00001
32.62000,1.02194,0.00273,0.99724,0.00001,0.00002
32.76000,1.02194,0.00357,0.99639,0.00002,0.00003
32.90000,1.02193,0.00471,0.99520,0.00004,0.00005
33.04000,1.02194,0.00486,0.99505,0.00003,0.00006
33.18000,1.02194,0.00510,0.99480,0.00003,0.00007
33.32000,1.02194,0.00506,0.99485,0.00004,0.00005
33.46000,1.02194,0.00490,0.99501,0.00004,0.00005
33.60000,1.02194,0.00503,0.99487,0.00006,0.00003
33.74000,1.02193,0.00522,0.99467,0.00005,0.00006
33.88000,1.02194,0.00511,0.99480,0.00003,0.00006
34.02000,1.02194,0.00468,0.99525,0.00003,0.00004
34.16000,1.02194,0.00535,0.99454,0.00004,0.00007
34.30000,1.02194,0.00418,0.99575,0.00003,0.00004
34.44000,1.02194,0.00327,0.99669,0.00002,0.00002
34.58000,1.02193,0.00259,0.99738,0.00001,0.00002
34.72000,1.02193,0.00268,0.99729,0.00001,0.00002
34.86000,1.02194,0.00265,0.99733,0.00001,0.00002
35.00000,1.02194,0.00265,0.99732,0.00001,0.00001
35.14000,1.02194,0.00266,0.99732,0.00001,0.00002
35.28000,1.02194,0.00279,0.99718,0.00001,0.00001
35.42000,1.02194,0.00281,0.99716,0.00001,0.00001
35.56000,1.02193,0.00309,0.99688,0.00001,0.00002
35.70000,1.02194,0.00321,0.99676,0.00002,0.00002
35.84000,1.02194,0.00339,0.99658,0.00002,0.00002
35.98000,1.02194,0.00332,0.99665,0.00002,0.00002
36.12000,1.02194,0.00345,0.99651,0.00002,0.00002
36.26000,1.02194,0.00349,0.99647,0.00002,0.00002
36.40000,1.02193,0.00356,0.99640,0.00002,0.00002
36.54000,1.02194,0.00372,0.99623,0.00003,0.00002
36.68000,1.02194,0.00433,0.99561,0.00004,0.00002
36.82000,1.02194,0.00386,0.99609,0.00003,0.00002
36.96000,1.02194,0.00409,0.99586,0.00003,0.00003
37.10000,1.02194,0.00361,0.99634,0.00002,0.00003
37.24000,1.02193,0.00311,0.99685,0.00001,0.00002
37.38000,1.02194,0.00277,0.99720,0.00001,0.00002
37.52000,1.02194,0.00247,0.99750,0.00001,0.00002
37.66000,1.02194,0.00227,0.99770,0.00001,0.00002
37.80000,1.02194,0.00219,0.99779,0.00001,0.00001
37.94000,1.02194,0.00224,0.99775,0.00001,0.00001
38.08000,1.02193,0.00261,0.99737,0.00001,0.00001
38.22000,1.02193,0.00305,0.99692,0.00001,0.00002
38.36000,1.02194,0.00323,0.99673,0.00001,0.00002
38.50000,1.02194,0.00352,0.99645,0.00002,0.00002
38.64000,1.02194,0.00365,0.99631,0.00002,0.00002
38.78000,1.02194,0.00549,0.99441,0.00005,0.00005
38.92000,1.02194,0.00563,0.99427,0.00004,0.00006
39.06000,1.02193,0.00511,0.99477,0.00003,0.00008
39.20000,1.02194,0.00425,0.99568,0.00002,0.00005
39.34000,1.02194,0.00471,0.99522,0.00002,0.00005
39.48000,1.02194,0.00629,0.99358,0.00005,0.00008
39.62000,1.02194,0.00447,0.99546,0.00003,0.00004
39.76000,1.02194,0.00383,0.99612,0.00002,0.00002
39.90000,1.02193,0.00389,0.99606,0.00002,0.00002
40.04000,1.02194,0.00407,0.99588,0.00003,0.00002
40.18000,1.02194,0.00439,0.99555,0.00004,0.00002
40.32000,1.02194,0.00461,0.99532,0.00004,0.00003
40.46000,1.02194,0.00469,0.99524,0.00004,0.00003
40.60000,1.02194,0.00447,0.99547,0.00004,0.00002
40.74000,1.02193,0.00434,0.99560,0.00003,0.00002
40.88000,1.02194,0.00404,0.99591,0.00003,0.00002
41.02000,1.02194,0.00381,0.99614,0.00002,0.00003
41.16000,1.02194,0.00317,0.99679,0.00002,0.00002
41.30000,1.02194,0.00288,0.99709,0.00001,0.00002
41.44000,1.02194,0.00274,0.99723,0.00001,0.00002
41.58000,1.02193,0.00261,0.99737,0.00001,0.00002
41.72000,1.02193,0.00258,0.99739,0.00001,0.00001
41.86000,1.02194,0.00266,0.99732,0.00001,0.00002
42.00000,1.02194,0.00275,0.99722,0.00001,0.00002
42.14000,1.02194,0.00295,0.99702,0.00001,0.00002
42.28000,1.02194,0.00313,0.99683,0.00002,0.00002
42.42000,1.02194,0.00317,0.99680,0.00002,0.00002
42.56000,1.02193,0.00430,0.99564,0.00003,0.00003
42.70000,1.02194,0.00794,0.99185,0.00006,0.00015
42.84000,1.02194,0.00832,0.99141,0.00010,0.00018
42.98000,1.02194,0.00677,0.99304,0.00005,0.00014
43.12000,1.02194,0.00567,0.99418,0.00004,0.00010
43.26000,1.02194,0.00899,0.99061,0.00006,0.00034
43.40000,1.02193,0.00613,0.99370,0.00004,0.00013
43.54000,1.02194,0.00427,0.99566,0.00002,0.00004
43.68000,1.02194,0.00311,0.99686,0.00001,0.00002
43.82000,1.02194,0.00333,0.99663,0.00002,0.00002
43.96000,1.02194,0.00338,0.99658,0.00002,0.00002
44.10000,1.02194,0.00353,0.99643,0.00002,0.00002
44.24000,1.02193,0.00361,0.99635,0.00002,0.00002
44.38000,1.02194,0.00397,0.99598,0.00003,0.00002
44.52000,1.02194,0.00417,0.99578,0.00003,0.00003
44.66000,1.02194,0.00381,0.99614,0.00002,0.00002
44.80000,1.02194,0.00382,0.99613,0.00003,0.00002
44.94000,1.02194,0.00375,0.99620,0.00002,0.00002
45.08000,1.02193,0.00353,0.99643,0.00002,0.00002
45.22000,1.02193,0.00345,0.99650,0.00002,0.00002
45.36000,1.02194,0.00307,0.99690,0.00001,0.00002
45.50000,1.02194,0.00277,0.99720,0.00001,0.00002
45.64000,1.02194,0.00259,0.99739,0.00001,0.00002
45.78000,1.02194,0.00227,0.99771,0.00001,0.00001
45.92000,1.02194,0.00227,0.99771,0.00001,0.00001
46.06000,1.02193,0.00222,0.99776,0.00001,0.00001
46.20000,1.02194,0.00227,0.99771,0.00001,0.00001
46.34000,1.02194,0.00225,0.99773,0.00001,0.00001
46.48000,1.02194,0.00219,0.99779,0.00001,0.00001
46.62000,1.02194,0.00248,0.99750,0.00001,0.00001
46.76000,1.02194,0.00265,0.99733,0.00001,0.00002
46.90000,1.02193,0.00263,0.99735,0.00001,0.00001
47.04000,1.02194,0.00253,0.99744,0.00001,0.00001
47.18000,1.02194,0.00230,0.99768,0.00001,0.00001
47.32000,1.02194,0.00257,0.99740,0.00001,0.00001
47.46000,1.02194,0.00278,0.99719,0.00001,0.00001
47.60000,1.02194,0.00303,0.99694,0.00002,0.00001
47.74000,1.02193,0.00342,0.99654,0.00002,0.00002
47.88000,1.02194,0.00341,0.99655,0.00002,0.00002
48.02000,1.02194,0.00339,0.99657,0.00002,0.00002
48.16000,1.02194,0.00338,0.99659,0.00002,0.00002
48.30000,1.02194,0.00352,0.99644,0.00002,0.00002
48.44000,1.02194,0.00339,0.99657,0.00002,0.00002
48.58000,1.02193,0.00310,0.99687,0.00001,0.00002
48.72000,1.02193,0.00298,0.99699,0.00001,0.00002
48.86000,1.02194,0.00321,0.99675,0.00001,0.00002
49.00000,1.02194,0.00323,0.99673,0.00002,0.00002
49.14000,1.02194,0.00312,0.99685,0.00001,0.00002
49.28000,1.02194,0.00309,0.99688,0.00002,0.00002
49.42000,1.02194,0.00287,0.99710,0.00001,0.00002
49.56000,1.02193,0.00279,0.99719,0.00001,0.00002
49.70000,1.02194,0.00265,0.99733,0.00001,0.00002
49.84000,1.02194,0.00250,0.99747,0.00001,0.00002
49.98000,1.02194,0.00256,0.99742,0.00001,0.00001
50.12000,1.02194,0.00267,0.99730,0.00001,0.00002
50.26000,1.02194,0.00263,0.99734,0.00001,0.00002
50.40000,1.02193,0.00248,0.99750,0.00001,0.00001
50.54000,1.02194,0.00253,0.99744,0.00001,0.00002
50.68000,1.02194,0.00275,0.99722,0.00001,0.00002
50.82000,1.02194,0.00287,0.99710,0.00001,0.00002
50.96000,1.02194,0.00286,0.99712,0.00001,0.00002
51.10000,1.02194,0.00303,0.99694,0.00001,0.00002
51.24000,1.02193,0.00340,0.99657,0.00002,0.00001
51.38000,1.02194,0.00365,0.99631,0.00002,0.00002
51.52000,1.02194,0.00385,0.99611,0.00002,0.00002
51.66000,1.02194,0.00394,0.99602,0.00002,0.00002
51.80000,1.02194,0.00381,0.99615,0.00002,0.00002
51.94000,1.02194,0.00367,0.99629,0.00002,0.00002
52.08000,1.02193,0.00374,0.99621,0.00002,0.00003
52.22000,1.02193,0.00336,0.99661,0.00002,0.00002
52.36000,1.02194,0.00287,0.99711,0.00001,0.00002
52.50000,1.02194,0.00260,0.99738,0.00001,0.00002
52.64000,1.02194,0.00243,0.99755,0.00001,0.00001
52.78000,1.02194,0.00246,0.99752,0.00001,0.00001
52.92000,1.02194,0.00254,0.99743,0.00001,0.00002
53.06000,1.02193,0.00241,0.99756,0.00001,0.00002
53.20000,1.02194,0.00242,0.99756,0.00001,0.00002
53.34000,1.02194,0.00270,0.99728,0.00001,0.00002
53.48000,1.02194,0.00312,0.99685,0.00001,0.00002
53.62000,1.02194,0.00319,0.99677,0.00002,0.00002
53.76000,1.02194,0.00301,0.99696,0.00001,0.00002
53.90000,1.02193,0.00297,0.99700,0.00001,0.00002
54.04000,1.02194,0.00325,0.99671,0.00001,0.00002
54.18000,1.02194,0.00325,0.99672,0.00002,0.00002
54.32000,1.02194,0.00357,0.99639,0.00002,0.00002
54.46000,1.02194,0.00384,0.99612,0.00002,0.00002
54.60000,1.02194,0.00375,0.99621,0.00002,0.00002
54.74000,1.02193,0.00367,0.99629,0.00002,0.00002
54.88000,1.02194,0.00355,0.99642,0.00002,0.00002
55.02000,1.02194,0.00361,0.99635,0.00002,0.00002
55.16000,1.02194,0.00359,0.99637,0.00002,0.00002
55.30000,1.02194,0.00328,0.99668,0.00002,0.00002
55.44000,1.02194,0.00335,0.99661,0.00002,0.00002
55.58000,1.02193,0.00320,0.99677,0.00002,0.00002
55.72000,1.02193,0.00308,0.99689,0.00002,0.00002
55.86000,1.02194,0.00287,0.99710,0.00001,0.00002
56.00000,1.02194,0.00283,0.99715,0.00001,0.00002
56.14000,1.02194,0.00295,0.99701,0.00001,0.00002
56.28000,1.02194,0.00322,0.99674,0.00002,0.00002
56.42000,1.02194,0.00340,0.99656,0.00002,0.00002
56.56000,1.02193,0.00349,0.99648,0.00002,0.00002
56.70000,1.02194,0.00368,0.99628,0.00002,0.00002
56.84000,1.02194,0.00373,0.99623,0.00002,0.00002
56.98000,1.02194,0.00357,0.99639,0.00002,0.00002
57.12000,1.02194,0.00359,0.99637,0.00002,0.00002
57.26000,1.02194,0.00359,0.99637,0.00002,0.00002
57.40000,1.02193,0.00365,0.99631,0.00002,0.00002
57.54000,1.02194,0.00397,0.99598,0.00003,0.00002
57.68000,1.02194,0.00582,0.99406,0.00007,0.00005
57.82000,1.02194,0.00682,0.99301,0.00008,0.00009
57.96000,1.02194,0.00760,0.99221,0.00010,0.00010
58.10000,1.02194,0.00601,0.99387,0.00005,0.00007
58.24000,1.02193,0.00646,0.99341,0.00005,0.00008
58.38000,1.02194,0.00737,0.99243,0.00008,0.00012
58.52000,1.02194,0.00644,0.99341,0.00005,0.00011
58.66000,1.02194,0.00580,0.99408,0.00006,0.00006
58.80000,1.02194,0.00550,0.99441,0.00004,0.00006
58.94000,1.02194,0.00457,0.99537,0.00003,0.00004
59.08000,1.02193,0.00438,0.99556,0.00003,0.00003
59.22000,1.02193,0.00391,0.99604,0.00002,0.00003
59.36000,1.02194,0.00338,0.99658,0.00002,0.00002
59.50000,1.02194,0.00318,0.99679,0.00002,0.00002
59.64000,1.02194,0.00330,0.99666,0.00002,0.00002
59.78000,1.02194,0.00365,0.99630,0.00002,0.00002
59.92000,1.02194,0.00382,0.99613,0.00003,0.00002
60.06000,1.02193,0.00361,0.99634,0.00002,0.00002
60.20000,1.02194,0.00366,0.99630,0.00002,0.00002
60.34000,1.02194,0.00393,0.99602,0.00003,0.00002
60.48000,1.02194,0.00461,0.99532,0.00004,0.00003
60.62000,1.02194,0.00440,0.99554,0.00004,0.00002
60.76000,1.02194,0.00409,0.99586,0.00002,0.00003
60.90000,1.02193,0.00420,0.99575,0.00003,0.00003
61.04000,1.02194,0.00445,0.99549,0.00004,0.00003
61.18000,1.02194,0.00382,0.99613,0.00002,0.00002
61.32000,1.02194,0.00363,0.99633,0.00002,0.00002
61.46000,1.02194,0.00360,0.99635,0.00002,0.00002
61.60000,1.02194,0.00380,0.99615,0.00003,0.00002
61.74000,1.02193,0.00374,0.99621,0.00002,0.00002
61.88000,1.02194,0.00394,0.99601,0.00003,0.00002
62.02000,1.02194,0.00390,0.99605,0.00003,0.00002
62.16000,1.02194,0.00382,0.99613,0.00002,0.00002
62.30000,1.02194,0.00332,0.99664,0.00002,0.00002
62.44000,1.02194,0.00331,0.99666,0.00002,0.00002
62.58000,1.02193,0.00293,0.99704,0.00001,0.00002
62.72000,1.02193,0.00297,0.99700,0.00001,0.00002
62.86000,1.02194,0.00278,0.99719,0.00001,0.00002
63.00000,1.02193,0.00276,0.99721,0.00001,0.00001
63.14000,1.02193,0.00294,0.99703,0.00001,0.00002
63.28000,1.02194,0.00296,0.99701,0.00001,0.00002
63.42000,1.02194,0.00303,0.99694,0.00001,0.00002
63.56000,1.02194,0.00295,0.99703,0.00001,0.00002
63.70000,1.02194,0.00291,0.99706,0.00001,0.00002
63.84000,1.02194,0.00256,0.99741,0.00001,0.00001
63.98000,1.02194,0.00225,0.99774,0.00001,0.00001
64.12000,1.02193,0.00221,0.99777,0.00001,0.00001
64.26000,1.02193,0.00238,0.99760,0.00001,0.00001
64.40000,1.02193,0.00250,0.99747,0.00001,0.00001
64.54000,1.02193,0.00380,0.99615,0.00002,0.00004
64.68000,1.02193,0.00397,0.99598,0.00002,0.00003
64.82000,1.02193,0.00477,0.99515,0.00003,0.00004
64.96000,1.02194,0.00488,0.99505,0.00003,0.00004
65.10000,1.02194,0.00551,0.99437,0.00005,0.00006
65.24000,1.02194,0.00486,0.99505,0.00004,0.00005
65.38000,1.02194,0.00415,0.99578,0.00003,0.00003
65.52000,1.02194,0.00344,0.99652,0.00002,0.00002
65.66000,1.02193,0.00319,0.99678,0.00002,0.00002
65.80000,1.02193,0.00318,0.99679,0.00002,0.00002
65.94000,1.02193,0.00299,0.99698,0.00001,0.00002
66.08000,1.02193,0.00315,0.99681,0.00002,0.00002
66.22000,1.02193,0.00333,0.99663,0.00002,0.00002
66.36000,1.02193,0.00359,0.99637,0.00002,0.00002
66.50000,1.02193,0.00352,0.99644,0.00002,0.00002
66.64000,1.02193,0.00386,0.99609,0.00002,0.00002
66.78000,1.02194,0.00399,0.99596,0.00003,0.00002
66.92000,1.02194,0.00464,0.99529,0.00004,0.00003
67.06000,1.02194,0.00423,0.99572,0.00003,0.00002
67.20000,1.02194,0.00429,0.99565,0.00002,0.00004
67.34000,1.02194,0.00398,0.99596,0.00002,0.00003
67.48000,1.02193,0.00412,0.99582,0.00002,0.00003
67.62000,1.02193,0.00379,0.99616,0.00002,0.00002
67.76000,1.02193,0.00382,0.99612,0.00002,0.00003
67.90000,1.02193,0.00332,0.99664,0.00001,0.00002
68.04000,1.02193,0.00329,0.99668,0.00002,0.00002
68.18000,1.02193,0.00323,0.99673,0.00002,0.00002
68.32000,1.02193,0.00302,0.99695,0.00001,0.00002
68.46000,1.02194,0.00288,0.99709,0.00001,0.00002
68.60000,1.02194,0.00285,0.99712,0.00001,0.00002
68.74000,1.02194,0.00281,0.99716,0.00001,0.00002
68.88000,1.02194,0.00293,0.99705,0.00001,0.00002
69.02000,1.02194,0.00296,0.99701,0.00001,0.00002
69.16000,1.02193,0.00335,0.99661,0.00002,0.00002
69.30000,1.02193,0.00388,0.99607,0.00003,0.00002
69.44000,1.02193,0.00377,0.99618,0.00002,0.00002
69.58000,1.02193,0.00410,0.99585,0.00003,0.00002
69.72000,1.02193,0.00416,0.99579,0.00003,0.00002
69.86000,1.02193,0.00441,0.99553,0.00003,0.00003
70.00000,1.02193,0.00433,0.99561,0.00004,0.00002
70.14000,1.02193,0.00415,0.99579,0.00003,0.00003
70.28000,1.02194,0.00403,0.99592,0.00003,0.00003
70.42000,1.02194,0.00368,0.99628,0.00002,0.00002
70.56000,1.02194,0.00365,0.99630,0.00002,0.00002
70.70000,1.02194,0.00354,0.99642,0.00002,0.00002
70.84000,1.02194,0.00350,0.99646,0.00002,0.00003
70.98000,1.02193,0.00322,0.99675,0.00001,0.00002
71.12000,1.02193,0.00308,0.99689,0.00001,0.00002
71.26000,1.02193,0.00324,0.99673,0.00001,0.00002
71.40000,1.02193,0.00314,0.99682,0.00001,0.00002
71.54000,1.02193,0.00311,0.99685,0.00001,0.00002
71.68000,1.02193,0.00299,0.99698,0.00001,0.00002
71.82000,1.02193,0.00301,0.99696,0.00001,0.00002
71.96000,1.02194,0.00311,0.99685,0.00001,0.00002
72.10000,1.02194,0.00294,0.99703,0.00001,0.00002
72.24000,1.02194,0.00278,0.99718,0.00001,0.00002
72.38000,1.02194,0.00302,0.99695,0.00001,0.00002
72.52000,1.02194,0.00302,0.99694,0.00001,0.00002
72.66000,1.02193,0.00309,0.99688,0.00001,0.00002
72.80000,1.02193,0.00301,0.99696,0.00001,0.00002
72.94000,1.02193,0.00315,0.99682,0.00001,0.00002
73.08000,1.02193,0.00324,0.99673,0.00002,0.00002
73.22000,1.02193,0.00319,0.99678,0.00001,0.00002
73.36000,1.02193,0.00291,0.99706,0.00001,0.00002
73.50000,1.02193,0.00368,0.99627,0.00002,0.00003
73.64000,1.02193,0.00424,0.99568,0.00004,0.00004
73.78000,1.02194,0.00387,0.99607,0.00003,0.00003
73.92000,1.02194,0.00370,0.99626,0.00002,0.00003
74.06000,1.02194,0.00386,0.99609,0.00003,0.00003
74.20000,1.02194,0.00411,0.99583,0.00002,0.00004
74.34000,1.02194,0.00396,0.99598,0.00003,0.00004
74.48000,1.02193,0.00356,0.99640,0.00002,0.00003
74.62000,1.02193,0.00329,0.99668,0.00001,0.00002
74.76000,1.02193,0.00347,0.99649,0.00002,0.00002
74.90000,1.02193,0.00405,0.99590,0.00002,0.00002
75.04000,1.02193,0.00444,0.99551,0.00003,0.00002
75.18000,1.02193,0.00442,0.99553,0.00003,0.00002
75.32000,1.02193,0.00430,0.99565,0.00002,0.00002
75.46000,1.02194,0.00402,0.99593,0.00002,0.00002
75.60000,1.02194,0.00388,0.99608,0.00002,0.00002
75.74000,1.02194,0.00378,0.99618,0.00002,0.00002
75.88000,1.02194,0.00353,0.99643,0.00001,0.00002
76.02000,1.02194,0.00311,0.99686,0.00001,0.00002
76.16000,1.02193,0.00308,0.99689,0.00001,0.00002
76.30000,1.02193,0.00334,0.99663,0.00002,0.00002
76.44000,1.02193,0.00313,0.99684,0.00001,0.00002
76.58000,1.02193,0.00320,0.99676,0.00001,0.00002
76.72000,1.02193,0.00302,0.99695,0.00001,0.00002
76.86000,1.02193,0.00289,0.99708,0.00001,0.00002
77.00000,1.02193,0.00288,0.99710,0.00001,0.00002
77.14000,1.02193,0.00294,0.99703,0.00001,0.00002
77.28000,1.02194,0.00330,0.99666,0.00002,0.00002
77.42000,1.02194,0.00342,0.99655,0.00002,0.00002
77.56000,1.02194,0.00355,0.99641,0.00002,0.00002
77.70000,1.02194,0.00380,0.99616,0.00002,0.00002
77.84000,1.02194,0.00406,0.99589,0.00003,0.00002
77.98000,1.02193,0.00417,0.99578,0.00003,0.00002
78.12000,1.02193,0.00427,0.99567,0.00003,0.00003
78.26000,1.02193,0.00424,0.99571,0.00003,0.00003
78.40000,1.02193,0.00392,0.99604,0.00002,0.00002
78.54000,1.02193,0.00384,0.99612,0.00002,0.00002
78.68000,1.02193,0.00379,0.99616,0.00002,0.00002
78.82000,1.02193,0.00345,0.99651,0.00002,0.00002
78.96000,1.02194,0.00316,0.99681,0.00001,0.00002
79.10000,1.02194,0.00309,0.99687,0.00001,0.00002
79.24000,1.02194,0.00316,0.99681,0.00001,0.00002
79.38000,1.02194,0.00326,0.99671,0.00002,0.00002
79.52000,1.02194,0.00354,0.99642,0.00002,0.00002
79.66000,1.02193,0.00378,0.99618,0.00002,0.00002
79.80000,1.02193,0.00381,0.99615,0.00002,0.00002
79.94000,1.02193,0.00423,0.99572,0.00003,0.00002
80.08000,1.02193,0.00429,0.99565,0.00003,0.00002
80.22000,1.02193,0.00416,0.99579,0.00003,0.00002
80.36000,1.02193,0.00429,0.99566,0.00003,0.00002
80.50000,1.02193,0.00398,0.99598,0.00002,0.00002
80.64000,1.02193,0.00367,0.99629,0.00002,0.00002
80.78000,1.02194,0.00342,0.99654,0.00002,0.00002
80.92000,1.02194,0.00332,0.99665,0.00001,0.00002
81.06000,1.02194,0.00335,0.99661,0.00002,0.00002
81.20000,1.02194,0.00319,0.99677,0.00001,0.00002
81.34000,1.02194,0.00316,0.99681,0.00002,0.00002
81.48000,1.02193,0.00310,0.99687,0.00001,0.00002
81.62000,1.02193,0.00301,0.99696,0.00001,0.00002
81.76000,1.02193,0.00265,0.99733,0.00001,0.00001
81.90000,1.02193,0.00266,0.99732,0.00001,0.00002
82.04000,1.02193,0.00256,0.99741,0.00001,0.00001
82.18000,1.02193,0.00266,0.99732,0.00001,0.00002
82.32000,1.02193,0.00276,0.99721,0.00001,0.00001
82.46000,1.02194,0.00300,0.99697,0.00001,0.00002
82.60000,1.02194,0.00313,0.99684,0.00001,0.00002
82.74000,1.02194,0.00354,0.99642,0.00002,0.00002
82.88000,1.02194,0.00395,0.99600,0.00003,0.00002
83.02000,1.02194,0.00404,0.99591,0.00003,0.00002
83.16000,1.02193,0.00390,0.99605,0.00002,0.00002
83.30000,1.02193,0.00416,0.99579,0.00003,0.00002
83.44000,1.02193,0.00430,0.99565,0.00003,0.00002
83.58000,1.02193,0.00447,0.99547,0.00003,0.00003
83.72000,1.02193,0.00406,0.99589,0.00002,0.00002
83.86000,1.02193,0.00388,0.99608,0.00002,0.00002
84.00000,1.02193,0.00386,0.99610,0.00003,0.00002
84.14000,1.02193,0.00420,0.99575,0.00003,0.00002
84.28000,1.02194,0.00464,0.99530,0.00004,0.00003
84.42000,1.02194,0.00473,0.99521,0.00004,0.00003
84.56000,1.02194,0.00469,0.99525,0.00003,0.00003
84.70000,1.02194,0.00528,0.99463,0.00005,0.00003
84.84000,1.02194,0.00532,0.99460,0.00005,0.00003
84.98000,1.02193,0.00484,0.99509,0.00004,0.00003
85.12000,1.02193,0.00472,0.99521,0.00003,0.00003
85.26000,1.02193,0.00431,0.99563,0.00003,0.00003
85.40000,1.02193,0.00408,0.99586,0.00003,0.00002
85.54000,1.02193,0.00399,0.99596,0.00002,0.00003
85.68000,1.02193,0.00391,0.99604,0.00003,0.00002
85.82000,1.02193,0.00386,0.99609,0.00002,0.00002
85.96000,1.02194,0.00364,0.99631,0.00002,0.00002
86.10000,1.02194,0.00341,0.99655,0.00002,0.00002
86.24000,1.02194,0.00320,0.99677,0.00002,0.00002
86.38000,1.02194,0.00308,0.99689,0.00001,0.00002
86.52000,1.02194,0.00316,0.99681,0.00002,0.00002
86.66000,1.02193,0.00329,0.99667,0.00002,0.00002
86.80000,1.02193,0.00327,0.99670,0.00002,0.00002
86.94000,1.02193,0.00343,0.99653,0.00002,0.00002
87.08000,1.02193,0.00334,0.99662,0.00001,0.00002
87.22000,1.02193,0.00335,0.99661,0.00002,0.00002
87.36000,1.02193,0.00343,0.99654,0.00002,0.00002
87.50000,1.02193,0.00308,0.99689,0.00001,0.00002
87.64000,1.02193,0.00298,0.99699,0.00001,0.00002
87.78000,1.02194,0.00279,0.99719,0.00001,0.00002
87.92000,1.02194,0.00257,0.99741,0.00001,0.00002
88.06000,1.02194,0.00244,0.99754,0.00001,0.00002
88.20000,1.02194,0.00228,0.99770,0.00001,0.00001
88.34000,1.02194,0.00206,0.99792,0.00001,0.00001
88.48000,1.02193,0.00210,0.99788,0.00001,0.00001
88.62000,1.02193,0.00193,0.99805,0.00000,0.00001
88.76000,1.02193,0.00205,0.99793,0.00001,0.00001
88.90000,1.02193,0.00222,0.99776,0.00001,0.00001
89.04000,1.02193,0.00232,0.99766,0.00001,0.00001
89.18000,1.02193,0.00247,0.99750,0.00001,0.00002
89.32000,1.02193,0.00264,0.99733,0.00001,0.00002
89.46000,1.02194,0.00275,0.99722,0.00001,0.00002
89.60000,1.02194,0.00297,0.99700,0.00001,0.00002
89.74000,1.02194,0.00289,0.99708,0.00001,0.00002
89.88000,1.02194,0.00269,0.99728,0.00001,0.00002
90.02000,1.02194,0.00266,0.99732,0.00001,0.00002
90.16000,1.02193,0.00259,0.99739,0.00001,0.00001
90.30000,1.02193,0.00259,0.99738,0.00001,0.00002
90.44000,1.02193,0.00287,0.99709,0.00001,0.00002
90.58000,1.02193,0.00295,0.99703,0.00001,0.00002
90.72000,1.02193,0.00319,0.99678,0.00001,0.00002
90.86000,1.02193,0.00364,0.99631,0.00002,0.00002
91.00000,1.02193,0.00339,0.99658,0.00002,0.00002
91.14000,1.02193,0.00312,0.99685,0.00002,0.00002
91.28000,1.02194,0.00291,0.99706,0.00001,0.00002
91.42000,1.02194,0.00282,0.99716,0.00001,0.00002
91.56000,1.02194,0.00270,0.99727,0.00001,0.00002
91.70000,1.02194,0.00256,0.99741,0.00001,0.00002
91.84000,1.02194,0.00262,0.99736,0.00001,0.00002
91.98000,1.02193,0.00302,0.99695,0.00001,0.00002
92.12000,1.02193,0.00315,0.99682,0.00001,0.00002
92.26000,1.02193,0.00334,0.99663,0.00001,0.00002
92.40000,1.02193,0.00371,0.99625,0.00002,0.00002
92.54000,1.02193,0.00377,0.99619,0.00002,0.00003
92.68000,1.02193,0.00352,0.99644,0.00002,0.00002
92.82000,1.02193,0.00344,0.99653,0.00002,0.00002
92.96000,1.02194,0.00325,0.99672,0.00001,0.00002
93.10000,1.02194,0.00328,0.99669,0.00001,0.00002
93.24000,1.02194,0.00321,0.99676,0.00001,0.00002
93.38000,1.02194,0.00304,0.99694,0.00001,0.00002
93.52000,1.02194,0.00330,0.99667,0.00001,0.00002
93.66000,1.02193,0.00369,0.99627,0.00002,0.00002
93.80000,1.02193,0.00346,0.99651,0.00001,0.00002
93.94000,1.02193,0.00355,0.99642,0.00001,0.00002
94.08000,1.02193,0.00347,0.99650,0.00001,0.00002
94.22000,1.02193,0.00347,0.99649,0.00001,0.00002
94.36000,1.02193,0.00338,0.99658,0.00002,0.00002
94.50000,1.02193,0.00337,0.99660,0.00001,0.00002
94.64000,1.02193,0.00333,0.99663,0.00001,0.00002
94.78000,1.02194,0.00361,0.99636,0.00002,0.00002
94.92000,1.02194,0.00351,0.99646,0.00001,0.00002
95.06000,1.02194,0.00369,0.99627,0.00002,0.00002
95.20000,1.02194,0.00384,0.99612,0.00002,0.00002
95.34000,1.02194,0.00383,0.99613,0.00002,0.00002
95.48000,1.02193,0.00388,0.99608,0.00002,0.00002
95.62000,1.02193,0.00382,0.99614,0.00002,0.00002
95.76000,1.02193,0.00409,0.99586,0.00002,0.00002
95.90000,1.02193,0.00420,0.99575,0.00003,0.00002
96.04000,1.02193,0.00388,0.99608,0.00002,0.00002
96.18000,1.02193,0.00357,0.99639,0.00002,0.00002
96.32000,1.02193,0.00346,0.99651,0.00001,0.00002
96.46000,1.02194,0.00334,0.99662,0.00001,0.00002
96.60000,1.02194,0.00319,0.99678,0.00001,0.00002
96.74000,1.02194,0.00319,0.99677,0.00001,0.00002
96.88000,1.02194,0.00320,0.99677,0.00001,0.00002
97.02000,1.02194,0.00345,0.99652,0.00001,0.00002
97.16000,1.02193,0.00352,0.99645,0.00002,0.00002
97.30000,1.02193,0.00361,0.99635,0.00002,0.00002
97.44000,1.02193,0.00538,0.99452,0.00005,0.00005
97.58000,1.02193,0.00485,0.99507,0.00003,0.00006
97.72000,1.02193,0.00550,0.99437,0.00003,0.00010
97.86000,1.02193,0.00457,0.99536,0.00002,0.00005
98.00000,1.02193,0.00481,0.99511,0.00003,0.00005
98.14000,1.02193,0.00421,0.99573,0.00003,0.00003
98.28000,1.02194,0.00421,0.99573,0.00003,0.00003
98.42000,1.02194,0.00417,0.99578,0.00003,0.00003
98.56000,1.02194,0.00406,0.99590,0.00002,0.00002
98.70000,1.02194,0.00450,0.99543,0.00004,0.00003
98.84000,1.02194,0.00429,0.99566,0.00003,0.00003
98.98000,1.02193,0.00415,0.99580,0.00003,0.00002
99.12000,1.02193,0.00414,0.99581,0.00003,0.00002
99.26000,1.02193,0.00382,0.99614,0.00002,0.00002
99.40000,1.02193,0.00410,0.99585,0.00003,0.00002
99.54000,1.02193,0.00379,0.99617,0.00002,0.00002
99.68000,1.02193,0.00368,0.99628,0.00002,0.00002
99.82000,1.02193,0.00360,0.99637,0.00002,0.00002
99.96000,1.02194,0.00338,0.99658,0.00001,0.00002
100.10000,1.02194,0.00316,0.99682,0.00001,0.00002
100.24000,1.02194,0.00319,0.99678,0.00001,0.00002
100.38000,1.02194,0.00337,0.99660,0.00002,0.00002
100.52000,1.02194,0.00346,0.99651,0.00002,0.00002
100.66000,1.02193,0.00353,0.99643,0.00002,0.00002
100.80000,1.02193,0.00353,0.99643,0.00002,0.00002
100.94000,1.02193,0.00348,0.99648,0.00002,0.00002
101.08000,1.02193,0.00354,0.99642,0.00002,0.00002
101.22000,1.02193,0.00335,0.99661,0.00002,0.00002
101.36000,1.02193,0.00316,0.99679,0.00001,0.00003
101.50000,1.02193,0.00303,0.99693,0.00001,0.00002
101.64000,1.02193,0.00338,0.99657,0.00002,0.00003
101.78000,1.02194,0.00428,0.99564,0.00002,0.00006
101.92000,1.02194,0.00599,0.99387,0.00003,0.00011
102.06000,1.02194,0.00756,0.99226,0.00005,0.00013
102.20000,1.02194,0.00797,0.99185,0.00006,0.00012
102.34000,1.02194,0.00918,0.99056,0.00005,0.00021
102.48000,1.02193,0.00873,0.99106,0.00005,0.00016
102.62000,1.02193,0.00720,0.99266,0.00004,0.00010
102.76000,1.02193,0.00490,0.99503,0.00003,0.00004
102.90000,1.02193,0.00371,0.99625,0.00002,0.00002
103.04000,1.02193,0.00368,0.99627,0.00002,0.00002
103.18000,1.02193,0.00343,0.99654,0.00001,0.00002
103.32000,1.02193,0.00401,0.99594,0.00002,0.00002
103.46000,1.02194,0.00400,0.99596,0.00002,0.00002
103.60000,1.02194,0.00389,0.99607,0.00002,0.00002
103.74000,1.02194,0.00398,0.99598,0.00002,0.00002
103.88000,1.02194,0.00387,0.99609,0.00002,0.00002
104.02000,1.02194,0.00363,0.99634,0.00002,0.00002
104.16000,1.02193,0.00347,0.99650,0.00001,0.00002
104.30000,1.02193,0.00368,0.99628,0.00002,0.00002
104.44000,1.02193,0.00352,0.99645,0.00002,0.00002
104.58000,1.02193,0.00353,0.99643,0.00002,0.00002
104.72000,1.02193,0.00331,0.99665,0.00002,0.00002
104.86000,1.02193,0.00317,0.99680,0.00001,0.00002
105.00000,1.02193,0.00318,0.99678,0.00001,0.00002
105.14000,1.02193,0.00312,0.99684,0.00002,0.00002
105.28000,1.02194,0.00304,0.99693,0.00002,0.00002
105.42000,1.02194,0.00310,0.99687,0.00001,0.00002
105.56000,1.02194,0.00315,0.99682,0.00001,0.00002
105.70000,1.02194,0.00349,0.99647,0.00002,0.00002
105.84000,1.02194,0.00352,0.99644,0.00002,0.00002
105.98000,1.02193,0.00353,0.99643,0.00002,0.00002
106.12000,1.02193,0.00317,0.99679,0.00002,0.00002
106.26000,1.02193,0.00290,0.99707,0.00001,0.00002
106.40000,1.02193,0.00281,0.99716,0.00001,0.00002
106.54000,1.02193,0.00283,0.99714,0.00001,0.00002
106.68000,1.02193,0.00312,0.99684,0.00002,0.00002
106.82000,1.02193,0.00342,0.99654,0.00002,0.00002
106.96000,1.02194,0.00365,0.99631,0.00002,0.00002
107.10000,1.02194,0.00397,0.99598,0.00002,0.00003
107.24000,1.02194,0.00393,0.99602,0.00003,0.00002
107.38000,1.02194,0.00373,0.99623,0.00002,0.00002
107.52000,1.02194,0.00383,0.99612,0.00002,0.00002
107.66000,1.02193,0.00361,0.99635,0.00002,0.00002
107.80000,1.02193,0.00374,0.99622,0.00002,0.00002
107.94000,1.02193,0.00371,0.99625,0.00002,0.00002
108.08000,1.02193,0.00376,0.99620,0.00002,0.00002
108.22000,1.02193,0.00358,0.99639,0.00002,0.00002
108.36000,1.02193,0.00347,0.99650,0.00002,0.00002
108.50000,1.02193,0.00346,0.99650,0.00002,0.00002
108.64000,1.02193,0.00341,0.99655,0.00002,0.00002
108.78000,1.02194,0.00340,0.99656,0.00002,0.00002
108.92000,1.02194,0.00323,0.99674,0.00001,0.00002
109.06000,1.02194,0.00312,0.99685,0.00001,0.00002
109.20000,1.02194,0.00324,0.99673,0.00001,0.00002
109.34000,1.02194,0.00343,0.99654,0.00002,0.00002
109.48000,1.02193,0.00373,0.99622,0.00002,0.00002
109.62000,1.02193,0.00379,0.99617,0.00002,0.00002
109.76000,1.02193,0.00355,0.99641,0.00002,0.00002
109.90000,1.02193,0.00344,0.99652,0.00001,0.00002
110.04000,1.02193,0.00312,0.99685,0.00001,0.00002
110.18000,1.02193,0.00299,0.99697,0.00001,0.00002
110.32000,1.02193,0.00290,0.99707,0.00001,0.00002
110.46000,1.02194,0.00285,0.99712,0.00001,0.00002
110.60000,1.02194,0.00304,0.99693,0.00001,0.00002
110.74000,1.02194,0.00310,0.99687,0.00001,0.00002
110.88000,1.02194,0.00313,0.99684,0.00001,0.00002
111.02000,1.02194,0.00316,0.99680,0.00001,0.00002
111.16000,1.02193,0.00314,0.99683,0.00002,0.00002
111.30000,1.02193,0.00313,0.99684,0.00002,0.00002
111.44000,1.02193,0.00298,0.99699,0.00001,0.00002
111.58000,1.02193,0.00289,0.99708,0.00001,0.00002
111.72000,1.02193,0.00297,0.99701,0.00001,0.00001
111.86000,1.02193,0.00323,0.99673,0.00002,0.00002
112.00000,1.02193,0.00337,0.99659,0.00002,0.00002
112.14000,1.02193,0.00327,0.99669,0.00002,0.00002
112.28000,1.02194,0.00349,0.99648,0.00002,0.00002
112.42000,1.02194,0.00375,0.99621,0.00002,0.00002
112.56000,1.02194,0.00377,0.99619,0.00002,0.00002
112.70000,1.02194,0.00375,0.99621,0.00002,0.00002
112.84000,1.02194,0.00362,0.99634,0.00002,0.00002
112.98000,1.02193,0.00357,0.99640,0.00002,0.00002
113.12000,1.02193,0.00355,0.99641,0.00002,0.00002
113.26000,1.02193,0.00339,0.99658,0.00001,0.00002
113.40000,1.02193,0.00314,0.99683,0.00001,0.00002
113.54000,1.02193,0.00313,0.99684,0.00001,0.00002
113.68000,1.02193,0.00307,0.99691,0.00001,0.00002
113.82000,1.02193,0.00280,0.99717,0.00001,0.00002
113.96000,1.02194,0.00265,0.99733,0.00001,0.00001
114.10000,1.02194,0.00272,0.99726,0.00001,0.00001
114.24000,1.02194,0.00275,0.99722,0.00001,0.00002
114.38000,1.02194,0.00264,0.99734,0.00001,0.00001
114.52000,1.02194,0.00256,0.99742,0.00001,0.00001
114.66000,1.02193,0.00252,0.99746,0.00001,0.00001
114.80000,1.02193,0.00270,0.99728,0.00001,0.00001
114.94000,1.02193,0.00303,0.99694,0.00001,0.00002
115.08000,1.02193,0.00332,0.99665,0.00002,0.00002
115.22000,1.02193,0.00339,0.99657,0.00002,0.00002
115.36000,1.02193,0.00379,0.99616,0.00002,0.00003
115.50000,1.02193,0.00362,0.99634,0.00002,0.00002
115.64000,1.02193,0.00358,0.99637,0.00002,0.00002
115.78000,1.02194,0.00368,0.99628,0.00002,0.00002
115.92000,1.02194,0.00332,0.99664,0.00002,0.00002
116.06000,1.02194,0.00330,0.99666,0.00002,0.00002
116.20000,1.02194,0.00319,0.99678,0.00002,0.00002
116.34000,1.02194,0.00313,0.99684,0.00002,0.00002
116.48000,1.02193,0.00326,0.99671,0.00002,0.00002
116.62000,1.02193,0.00321,0.99675,0.00001,0.00002
116.76000,1.02193,0.00339,0.99658,0.00002,0.00002
116.90000,1.02193,0.00338,0.99658,0.00002,0.00002
117.04000,1.02193,0.00331,0.99666,0.00002,0.00002
117.18000,1.02193,0.00297,0.99701,0.00001,0.00002
117.32000,1.02193,0.00277,0.99721,0.00001,0.00002
117.46000,1.02194,0.00281,0.99717,0.00001,0.00002
117.60000,1.02194,0.00277,0.99720,0.00001,0.00002
117.74000,1.02194,0.00268,0.99729,0.00001,0.00001
117.88000,1.02194,0.00245,0.99753,0.00001,0.00001
118.02000,1.02194,0.00248,0.99750,0.00001,0.00001
118.16000,1.02193,0.00251,0.99747,0.00001,0.00001
118.30000,1.02193,0.00255,0.99743,0.00001,0.00001
118.44000,1.02193,0.00258,0.99740,0.00001,0.00002
118.58000,1.02193,0.00242,0.99756,0.00001,0.00001
118.72000,1.02193,0.00254,0.99743,0.00001,0.00001
118.86000,1.02193,0.00254,0.99744,0.00001,0.00001
119.00000,1.02193,0.00273,0.99725,0.00001,0.00001
119.14000,1.02193,0.00341,0.99654,0.00002,0.00003
119.28000,1.02194,0.00325,0.99672,0.00001,0.00002
119.42000,1.02194,0.00354,0.99642,0.00002,0.00002
119.56000,1.02194,0.00385,0.99611,0.00002,0.00003
119.70000,1.02194,0.00402,0.99593,0.00002,0.00003
119.84000,1.02194,0.00397,0.99598,0.00002,0.00002
119.98000,1.02193,0.00366,0.99630,0.00002,0.00002
120.12000,1.02193,0.00366,0.99630,0.00002,0.00002
120.26000,1.02193,0.00373,0.99622,0.00002,0.00002
120.40000,1.02193,0.00372,0.99624,0.00002,0.00002
120.54000,1.02193,0.00348,0.99648,0.00002,0.00002
120.68000,1.02193,0.00362,0.99634,0.00002,0.00002
120.82000,1.02193,0.00352,0.99644,0.00002,0.00002
120.96000,1.02194,0.00375,0.99621,0.00002,0.00002
121.10000,1.02194,0.00373,0.99622,0.00002,0.00002
121.24000,1.02194,0.00364,0.99632,0.00002,0.00002
121.38000,1.02194,0.00377,0.99618,0.00002,0.00002
121.52000,1.02194,0.00369,0.99627,0.00002,0.00002
121.66000,1.02193,0.00353,0.99643,0.00002,0.00002
121.80000,1.02193,0.00337,0.99659,0.00002,0.00002
121.94000,1.02193,0.00321,0.99676,0.00002,0.00002
122.08000,1.02193,0.00305,0.99692,0.00001,0.00002
122.22000,1.02193,0.00293,0.99705,0.00001,0.00001
122.36000,1.02193,0.00277,0.99720,0.00001,0.00001
122.50000,1.02193,0.00270,0.99728,0.00001,0.00001
122.64000,1.02193,0.00262,0.99735,0.00001,0.00001
122.78000,1.02194,0.00258,0.99740,0.00001,0.00001
122.92000,1.02194,0.00266,0.99732,0.00001,0.00002
123.06000,1.02194,0.00263,0.99735,0.00001,0.00002
123.20000,1.02194,0.00251,0.99746,0.00001,0.00001
123.34000,1.02194,0.00255,0.99742,0.00001,0.00001
123.48000,1.02193,0.00274,0.99724,0.00001,0.00001
123.62000,1.02193,0.00266,0.99732,0.00001,0.00002
123.76000,1.02193,0.00251,0.99747,0.00001,0.00001
123.90000,1.02193,0.00276,0.99721,0.00001,0.00002
124.04000,1.02193,0.00282,0.99715,0.00001,0.00002
124.18000,1.02193,0.00277,0.99720,0.00001,0.00002
124.32000,1.02193,0.00281,0.99716,0.00001,0.00002
124.46000,1.02194,0.00289,0.99708,0.00001,0.00002
124.60000,1.02194,0.00313,0.99684,0.00002,0.00002
124.74000,1.02194,0.00322,0.99674,0.00002,0.00002
124.88000,1.02194,0.00311,0.99686,0.00001,0.00002
125.02000,1.02194,0.00372,0.99623,0.00002,0.00003
125.16000,1.02193,0.00355,0.99640,0.00002,0.00003
125.30000,1.02193,0.00370,0.99625,0.00002,0.00003
125.44000,1.02193,0.00396,0.99598,0.00002,0.00004
125.58000,1.02193,0.00402,0.99592,0.00002,0.00004
125.72000,1.02193,0.00394,0.99601,0.00002,0.00003
125.86000,1.02193,0.00385,0.99611,0.00002,0.00002
126.00000,1.02193,0.00438,0.99556,0.00004,0.00003
126.14000,1.02193,0.00412,0.99583,0.00003,0.00002
126.28000,1.02194,0.00379,0.99617,0.00002,0.00002
126.42000,1.02194,0.00383,0.99613,0.00002,0.00002
126.56000,1.02194,0.00369,0.99627,0.00002,0.00002
126.70000,1.02194,0.00376,0.99619,0.00002,0.00002
126.84000,1.02194,0.00376,0.99620,0.00002,0.00002
126.98000,1.02193,0.00369,0.99627,0.00002,0.00002
127.12000,1.02193,0.00373,0.99623,0.00002,0.00002
127.26000,1.02193,0.00392,0.99603,0.00003,0.00002
127.40000,1.02193,0.00396,0.99599,0.00003,0.00002
127.54000,1.02193,0.00401,0.99594,0.00003,0.00002
127.68000,1.02193,0.00444,0.99550,0.00004,0.00002
127.82000,1.02193,0.00450,0.99544,0.00004,0.00002
127.96000,1.02193,0.00471,0.99522,0.00004,0.00002
128.10001,1.02193,0.00577,0.99414,0.00005,0.00004
128.24001,1.02193,0.00639,0.99348,0.00007,0.00006
128.38000,1.02193,0.00626,0.99362,0.00007,0.00005
128.52000,1.02193,0.00552,0.99438,0.00005,0.00005
128.66000,1.02193,0.00522,0.99470,0.00003,0.00004
128.80000,1.02193,0.00506,0.99485,0.00004,0.00005
128.94000,1.02194,0.00404,0.99590,0.00002,0.00003
129.08000,1.02194,0.00354,0.99641,0.00002,0.00002
129.22000,1.02194,0.00324,0.99673,0.00001,0.00002
129.36000,1.02194,0.00295,0.99702,0.00001,0.00002
129.50000,1.02194,0.00293,0.99705,0.00001,0.00002
129.64000,1.02194,0.00300,0.99697,0.00001,0.00002
129.78000,1.02194,0.00284,0.99713,0.00001,0.00002
129.92000,1.02194,0.00296,0.99701,0.00001,0.00002
130.06000,1.02194,0.00286,0.99711,0.00001,0.00002
130.20000,1.02194,0.00259,0.99739,0.00001,0.00002
130.34000,1.02194,0.00245,0.99753,0.00001,0.00002
130.48000,1.02194,0.00223,0.99775,0.00001,0.00001
130.62000,1.02194,0.00212,0.99786,0.00001,0.00001
130.75999,1.02194,0.00235,0.99763,0.00001,0.00001
130.89999,1.02194,0.00258,0.99739,0.00001,0.00001
131.03999,1.02194,0.00283,0.99715,0.00001,0.00002
131.17999,1.02194,0.00304,0.99693,0.00001,0.00002
131.32001,1.02193,0.00314,0.99683,0.00001,0.00002
131.46001,1.02193,0.00327,0.99669,0.00002,0.00002
131.60001,1.02193,0.00344,0.99652,0.00002,0.00002
131.74001,1.02193,0.00357,0.99638,0.00002,0.00002
131.88000,1.02193,0.00337,0.99659,0.00002,0.00002
132.02000,1.02193,0.00341,0.99655,0.00002,0.00002
132.16000,1.02193,0.00342,0.99654,0.00002,0.00002
132.30000,1.02193,0.00346,0.99650,0.00002,0.00002
132.44000,1.02194,0.00342,0.99654,0.00002,0.00002
132.58000,1.02194,0.00346,0.99651,0.00002,0.00002
132.72000,1.02194,0.00356,0.99641,0.00002,0.00002
132.86000,1.02194,0.00368,0.99628,0.00002,0.00002
133.00000,1.02194,0.00393,0.99602,0.00003,0.00002
133.14000,1.02194,0.00416,0.99579,0.00003,0.00002
133.28000,1.02194,0.00418,0.99578,0.00003,0.00002
133.42000,1.02194,0.00391,0.99605,0.00002,0.00002
133.56000,1.02194,0.00355,0.99641,0.00002,0.00002
133.70000,1.02194,0.00328,0.99669,0.00002,0.00002
133.84000,1.02194,0.00318,0.99678,0.00002,0.00002
133.98000,1.02194,0.00311,0.99686,0.00001,0.00002
134.12000,1.02194,0.00303,0.99694,0.00001,0.00002
134.25999,1.02194,0.00313,0.99684,0.00001,0.00002
134.39999,1.02194,0.00324,0.99673,0.00002,0.00002
134.53999,1.02194,0.00371,0.99625,0.00002,0.00002
134.67999,1.02194,0.00371,0.99625,0.00002,0.00002
134.82001,1.02193,0.00366,0.99630,0.00002,0.00002
134.96001,1.02193,0.00370,0.99626,0.00002,0.00002
135.10001,1.02193,0.00357,0.99639,0.00002,0.00002
135.24001,1.02193,0.00369,0.99626,0.00002,0.00002
135.38000,1.02193,0.00372,0.99624,0.00002,0.00002
135.52000,1.02193,0.00355,0.99641,0.00002,0.00002
135.66000,1.02193,0.00344,0.99652,0.00002,0.00002
135.80000,1.02193,0.00330,0.99667,0.00002,0.00002
135.94000,1.02194,0.00321,0.99676,0.00002,0.00002
136.08000,1.02194,0.00319,0.99677,0.00002,0.00002
136.22000,1.02194,0.00319,0.99677,0.00002,0.00002
136.36000,1.02194,0.00301,0.99696,0.00001,0.00002
136.50000,1.02194,0.00304,0.99694,0.00001,0.00002
136.64000,1.02194,0.00312,0.99685,0.00001,0.00002
136.78000,1.02194,0.00346,0.99650,0.00002,0.00002
136.92000,1.02194,0.00362,0.99634,0.00002,0.00002
137.06000,1.02194,0.00363,0.99633,0.00002,0.00002
137.20000,1.02194,0.00361,0.99635,0.00002,0.00002
137.34000,1.02194,0.00343,0.99653,0.00002,0.00002
137.48000,1.02194,0.00335,0.99662,0.00002,0.00002
137.62000,1.02194,0.00316,0.99680,0.00002,0.00002
137.75999,1.02194,0.00307,0.99690,0.00001,0.00002
137.89999,1.02194,0.00296,0.99702,0.00001,0.00002
138.03999,1.02194,0.00288,0.99709,0.00001,0.00001
138.17999,1.02194,0.00295,0.99702,0.00001,0.00002
138.32001,1.02193,0.00310,0.99687,0.00001,0.00002
138.46001,1.02193,0.00309,0.99688,0.00001,0.00002
138.60001,1.02193,0.00321,0.99675,0.00001,0.00002
138.74001,1.02193,0.00323,0.99674,0.00002,0.00002
138.88000,1.02193,0.00332,0.99664,0.00002,0.00002
139.02000,1.02193,0.00333,0.99664,0.00002,0.00002
139.16000,1.02193,0.00363,0.99632,0.00002,0.00002
139.30000,1.02193,0.00358,0.99638,0.00002,0.00002
139.44000,1.02194,0.00355,0.99641,0.00002,0.00002
139.58000,1.02194,0.00339,0.99658,0.00002,0.00002
139.72000,1.02194,0.00334,0.99662,0.00002,0.00002
139.86000,1.02194,0.00327,0.99669,0.00002,0.00002
140.00000,1.02194,0.00343,0.99653,0.00002,0.00002
140.14000,1.02194,0.00348,0.99648,0.00002,0.00002
140.28000,1.02194,0.00342,0.99654,0.00002,0.00002
140.42000,1.02194,0.00344,0.99653,0.00002,0.00002
140.56000,1.02194,0.00342,0.99654,0.00002,0.00002
140.70000,1.02194,0.00337,0.99659,0.00002,0.00002
140.84000,1.02194,0.00326,0.99671,0.00001,0.00002
140.98000,1.02194,0.00318,0.99679,0.00001,0.00002
141.12000,1.02194,0.00316,0.99680,0.00002,0.00002
141.25999,1.02194,0.00308,0.99689,0.00001,0.00002
141.39999,1.02194,0.00311,0.99686,0.00001,0.00002
141.53999,1.02194,0.00281,0.99716,0.00001,0.00002
141.67999,1.02194,0.00267,0.99731,0.00001,0.00001
141.82001,1.02193,0.00278,0.99720,0.00001,0.00002
141.96001,1.02193,0.00282,0.99715,0.00001,0.00002
142.10001,1.02193,0.00278,0.99719,0.00001,0.00002
142.24001,1.02193,0.00290,0.99708,0.00001,0.00002
142.38000,1.02193,0.00273,0.99724,0.00001,0.00001
142.52000,1.02193,0.00308,0.99689,0.00002,0.00002
142.66000,1.02193,0.00334,0.99662,0.00002,0.00002
142.80000,1.02193,0.00351,0.99645,0.00002,0.00002
142.94000,1.02194,0.00360,0.99636,0.00002,0.00002
143.08000,1.02194,0.00436,0.99558,0.00003,0.00003
143.22000,1.02194,0.00437,0.99557,0.00003,0.00003
143.36000,1.02194,0.00483,0.99509,0.00004,0.00004
143.50000,1.02194,0.00454,0.99539,0.00003,0.00004
143.64000,1.02194,0.00446,0.99548,0.00003,0.00003
143.78000,1.02194,0.00438,0.99555,0.00004,0.00003
143.92000,1.02194,0.00419,0.99576,0.00003,0.00003
144.06000,1.02194,0.00411,0.99584,0.00003,0.00002
144.20000,1.02194,0.00426,0.99569,0.00003,0.00002
144.34000,1.02194,0.00450,0.99544,0.00003,0.00002
144.48000,1.02194,0.00444,0.99551,0.00003,0.00002
144.62000,1.02194,0.00480,0.99513,0.00004,0.00003
144.75999,1.02194,0.00467,0.99527,0.00003,0.00003
144.89999,1.02194,0.00414,0.99581,0.00002,0.00003
145.03999,1.02194,0.00406,0.99589,0.00002,0.00003
145.17999,1.02194,0.00361,0.99634,0.00002,0.00003
145.32001,1.02193,0.00337,0.99659,0.00002,0.00002
145.46001,1.02193,0.00284,0.99713,0.00001,0.00002
145.60001,1.02193,0.00265,0.99732,0.00001,0.00001
145.74001,1.02193,0.00243,0.99755,0.00001,0.00001
145.88000,1.02193,0.00243,0.99755,0.00001,0.00001
146.02000,1.02193,0.00246,0.99752,0.00001,0.00001
146.16000,1.02193,0.00239,0.99759,0.00001,0.00001
146.30000,1.02193,0.00222,0.99777,0.00001,0.00001
146.44000,1.02194,0.00233,0.99765,0.00001,0.00001
146.58000,1.02194,0.00244,0.99754,0.00001,0.00001
146.72000,1.02194,0.00276,0.99721,0.00001,0.00001
146.86000,1.02194,0.00294,0.99703,0.00001,0.00002
147.00000,1.02194,0.00301,0.99696,0.00001,0.00002
147.14000,1.02194,0.00324,0.99673,0.00002,0.00002
147.28000,1.02194,0.00359,0.99637,0.00002,0.00002
147.42000,1.02194,0.00339,0.99657,0.00002,0.00002
147.56000,1.02194,0.00335,0.99661,0.00002,0.00002
147.70000,1.02194,0.00310,0.99687,0.00001,0.00002
147.84000,1.02194,0.00273,0.99724,0.00001,0.00002
147.98000,1.02194,0.00248,0.99750,0.00001,0.00001
148.12000,1.02194,0.00245,0.99753,0.00001,0.00001
148.25999,1.02194,0.00241,0.99756,0.00001,0.00001
148.39999,1.02194,0.00244,0.99754,0.00001,0.00001
148.53999,1.02194,0.00236,0.99761,0.00001,0.00001
148.67999,1.02194,0.00235,0.99763,0.00001,0.00001
148.82001,1.02193,0.00260,0.99737,0.00001,0.00002
148.96001,1.02193,0.00261,0.99736,0.00001,0.00002
149.10001,1.02193,0.00273,0.99725,0.00001,0.00002
149.24001,1.02193,0.00285,0.99711,0.00001,0.00002
149.38000,1.02193,0.00277,0.99721,0.00001,0.00002
149.52000,1.02193,0.00298,0.99698,0.00001,0.00002
149.66000,1.02193,0.00283,0.99714,0.00001,0.00002
149.80000,1.02193,0.00295,0.99702,0.00001,0.00002
149.94000,1.02194,0.00312,0.99685,0.00002,0.00002
150.08000,1.02194,0.00288,0.99709,0.00001,0.00002
150.22000,1.02194,0.00313,0.99683,0.00002,0.00002
150.36000,1.02194,0.00313,0.99683,0.00002,0.00002
150.50000,1.02194,0.00315,0.99682,0.00001,0.00002
150.64000,1.02194,0.00308,0.99688,0.00002,0.00002
150.78000,1.02194,0.00316,0.99680,0.00002,0.00002
150.92000,1.02194,0.00309,0.99688,0.00002,0.00002
151.06000,1.02194,0.00300,0.99697,0.00001,0.00002
151.20000,1.02194,0.00303,0.99694,0.00001,0.00002
151.34000,1.02194,0.00308,0.99689,0.00001,0.00002
151.48000,1.02194,0.00314,0.99683,0.00001,0.00002
151.62000,1.02194,0.00300,0.99697,0.00001,0.00002
151.75999,1.02194,0.00293,0.99704,0.00001,0.00002
151.89999,1.02194,0.00300,0.99698,0.00001,0.00002
152.03999,1.02194,0.00304,0.99693,0.00001,0.00002
152.17999,1.02194,0.00287,0.99710,0.00001,0.00002
152.32001,1.02193,0.00281,0.99716,0.00001,0.00002
152.46001,1.02193,0.00291,0.99706,0.00001,0.00002
152.60001,1.02193,0.00278,0.99720,0.00001,0.00001
152.74001,1.02193,0.00277,0.99720,0.00001,0.00002
152.88000,1.02193,0.00266,0.99731,0.00001,0.00002
153.02000,1.02193,0.00249,0.99748,0.00001,0.00001
153.16000,1.02193,0.00252,0.99745,0.00001,0.00001
153.30000,1.02193,0.00244,0.99753,0.00001,0.00002
153.44000,1.02194,0.00241,0.99756,0.00001,0.00002
153.58000,1.02194,0.00226,0.99772,0.00001,0.00001
153.72000,1.02194,0.00219,0.99779,0.00001,0.00001
153.86000,1.02194,0.00278,0.99719,0.00001,0.00002
154.00000,1.02194,0.00318,0.99679,0.00002,0.00002
154.14000,1.02194,0.00373,0.99622,0.00003,0.00003
154.28000,1.02194,0.00447,0.99545,0.00004,0.00004
154.42000,1.02194,0.00472,0.99520,0.00004,0.00005
154.56000,1.02194,0.00458,0.99535,0.00003,0.00004
154.70000,1.02194,0.00448,0.99543,0.00002,0.00006
154.84000,1.02194,0.00566,0.99424,0.00003,0.00006
154.98000,1.02194,0.01425,0.98529,0.00017,0.00029
155.12000,1.02194,0.00977,0.98997,0.00005,0.00021
155.25999,1.02194,0.00908,0.99073,0.00004,0.00015
155.39999,1.02194,0.01082,0.98901,0.00004,0.00013
155.53999,1.02194,0.01349,0.98630,0.00004,0.00016
155.67999,1.02194,0.04400,0.95522,0.00038,0.00040
155.82001,1.02193,0.01004,0.98973,0.00009,0.00014
155.96001,1.02193,0.01110,0.98872,0.00006,0.00011
156.10001,1.02193,0.01501,0.98479,0.00007,0.00013
156.24001,1.02193,0.01694,0.98282,0.00006,0.00018
156.38000,1.02193,0.02486,0.97488,0.00014,0.00012
156.52000,1.02193,0.03583,0.96256,0.00074,0.00086
156.66000,1.02193,0.00782,0.99203,0.00008,0.00007
156.80000,1.02193,0.00816,0.99169,0.00007,0.00008
156.94000,1.02194,0.00701,0.99289,0.00004,0.00006
157.08000,1.02194,0.00646,0.99344,0.00004,0.00006
157.22000,1.02194,0.00763,0.99228,0.00006,0.00003
157.36000,1.02194,0.00293,0.99704,0.00001,0.00002
157.50000,1.02194,0.00248,0.99750,0.00001,0.00001
157.64000,1.02194,0.00229,0.99769,0.00001,0.00001
157.78000,1.02194,0.00235,0.99763,0.00001,0.00001
157.92000,1.02194,0.00230,0.99768,0.00001,0.00001
158.06000,1.02194,0.00262,0.99735,0.00001,0.00001
158.20000,1.02194,0.00267,0.99731,0.00001,0.00001
158.34000,1.02194,0.00281,0.99717,0.00001,0.00002
158.48000,1.02194,0.00313,0.99684,0.00001,0.00002
158.62000,1.02194,0.00296,0.99701,0.00001,0.00002
158.75999,1.02194,0.00297,0.99700,0.00001,0.00001
158.89999,1.02194,0.00313,0.99684,0.00001,0.00002
159.03999,1.02194,0.00291,0.99707,0.00001,0.00002
159.17999,1.02194,0.00284,0.99713,0.00001,0.00002
159.32001,1.02193,0.00276,0.99722,0.00001,0.00002
159.46001,1.02193,0.00295,0.99702,0.00001,0.00002
159.60001,1.02193,0.00319,0.99678,0.00002,0.00002
159.74001,1.02193,0.00310,0.99687,0.00001,0.00002
159.88000,1.02193,0.00308,0.99689,0.00001,0.00002
160.02000,1.02193,0.00315,0.99682,0.00001,0.00002
160.16000,1.02193,0.00337,0.99659,0.00002,0.00002
160.30000,1.02193,0.00337,0.99659,0.00002,0.00002
160.44000,1.02194,0.00323,0.99674,0.00002,0.00002
160.58000,1.02194,0.00299,0.99698,0.00001,0.00002
160.72000,1.02194,0.00326,0.99670,0.00002,0.00002
160.86000,1.02194,0.00336,0.99660,0.00002,0.00002
161.00000,1.02194,0.00327,0.99669,0.00002,0.00002
161.14000,1.02194,0.00303,0.99694,0.00001,0.00002
161.28000,1.02194,0.00300,0.99697,0.00001,0.00002
161.42000,1.02194,0.00292,0.99705,0.00001,0.00002
161.56000,1.02194,0.00284,0.99713,0.00001,0.00001
161.70000,1.02194,0.00286,0.99712,0.00001,0.00002
161.84000,1.02194,0.00288,0.99709,0.00001,0.00002
161.98000,1.02194,0.00299,0.99698,0.00001,0.00002
162.12000,1.02194,0.00303,0.99694,0.00001,0.00002
162.25999,1.02194,0.00290,0.99707,0.00001,0.00002
162.39999,1.02194,0.00297,0.99701,0.00001,0.00002
162.53999,1.02194,0.00308,0.99689,0.00002,0.00002
162.67999,1.02194,0.00288,0.99709,0.00001,0.00002
162.82001,1.02193,0.00305,0.99691,0.00002,0.00002
162.96001,1.02193,0.00277,0.99720,0.00001,0.00002
163.10001,1.02193,0.00256,0.99742,0.00001,0.00002
163.24001,1.02193,0.00246,0.99752,0.00001,0.00002
163.38000,1.02193,0.00253,0.99744,0.00001,0.00002
163.52000,1.02193,0.00257,0.99740,0.00001,0.00002
163.66000,1.02193,0.00315,0.99681,0.00001,0.00003
163.80000,1.02193,0.00366,0.99629,0.00002,0.00002
163.94000,1.02194,0.00424,0.99570,0.00003,0.00003
164.08000,1.02194,0.00450,0.99544,0.00004,0.00003
164.22000,1.02194,0.00473,0.99520,0.00004,0.00003
164.36000,1.02194,0.00463,0.99530,0.00004,0.00003
164.50000,1.02194,0.00469,0.99523,0.00004,0.00003
164.64000,1.02194,0.00391,0.99604,0.00002,0.00003
164.78000,1.02194,0.00351,0.99645,0.00002,0.00002
164.92000,1.02194,0.00340,0.99657,0.00002,0.00002
165.06000,1.02194,0.00345,0.99652,0.00002,0.00002
165.20000,1.02194,0.00411,0.99583,0.00003,0.00002
165.34000,1.02194,0.00397,0.99598,0.00002,0.00002
165.48000,1.02194,0.00394,0.99601,0.00002,0.00002
165.62000,1.02194,0.00406,0.99589,0.00002,0.00002
165.75999,1.02194,0.00440,0.99554,0.00003,0.00003
165.89999,1.02194,0.00441,0.99552,0.00004,0.00003
166.03999,1.02194,0.00380,0.99615,0.00002,0.00003
166.17999,1.02194,0.00329,0.99668,0.00002,0.00002
166.32001,1.02193,0.00331,0.99665,0.00002,0.00002
166.46001,1.02193,0.00343,0.99654,0.00002,0.00002
166.60001,1.02193,0.00305,0.99692,0.00001,0.00002
166.74001,1.02193,0.00282,0.99716,0.00001,0.00002
166.88000,1.02193,0.00272,0.99725,0.00001,0.00002
167.02000,1.02193,0.00277,0.99720,0.00001,0.00001
167.16000,1.02193,0.00280,0.99717,0.00001,0.00002
167.30000,1.02193,0.00267,0.99731,0.00001,0.00002
167.44000,1.02194,0.00274,0.99724,0.00001,0.00002
167.58000,1.02194,0.00280,0.99718,0.00001,0.00001
167.72000,1.02194,0.00307,0.99690,0.00002,0.00002
167.86000,1.02194,0.00325,0.99671,0.00002,0.00002
168.00000,1.02194,0.00303,0.99694,0.00001,0.00002
168.14000,1.02194,0.00306,0.99691,0.00001,0.00002
168.28000,1.02194,0.00297,0.99700,0.00001,0.00002
168.42000,1.02194,0.00318,0.99679,0.00002,0.00002
168.56000,1.02194,0.00347,0.99649,0.00002,0.00002
168.70000,1.02194,0.00345,0.99652,0.00002,0.00002
168.84000,1.02194,0.00341,0.99656,0.00002,0.00002
168.98000,1.02194,0.00357,0.99639,0.00002,0.00002
169.12000,1.02194,0.00382,0.99613,0.00002,0.00002
169.25999,1.02194,0.00382,0.99614,0.00003,0.00002
169.39999,1.02194,0.00358,0.99638,0.00002,0.00002
169.53999,1.02194,0.00368,0.99628,0.00003,0.00002
169.67999,1.02194,0.00367,0.99629,0.00002,0.00002
169.82001,1.02193,0.00360,0.99636,0.00002,0.00002
169.96001,1.02193,0.00360,0.99636,0.00002,0.00002
170.10001,1.02193,0.00348,0.99648,0.00002,0.00002
170.24001,1.02193,0.00337,0.99659,0.00002,0.00002
170.38000,1.02193,0.00312,0.99685,0.00001,0.00002
170.52000,1.02193,0.00291,0.99707,0.00001,0.00002
170.66000,1.02193,0.00277,0.99720,0.00001,0.00001
170.80000,1.02193,0.00290,0.99707,0.00001,0.00002
170.94000,1.02194,0.00284,0.99713,0.00001,0.00002
171.08000,1.02194,0.00307,0.99690,0.00001,0.00002
171.22000,1.02194,0.00325,0.99672,0.00002,0.00002
171.36000,1.02194,0.00359,0.99637,0.00002,0.00002
171.50000,1.02194,0.00398,0.99597,0.00003,0.00002
171.64000,1.02194,0.00400,0.99595,0.00002,0.00003
171.78000,1.02194,0.00381,0.99614,0.00002,0.00002
171.92000,1.02194,0.00367,0.99629,0.00002,0.00002
172.06000,1.02194,0.00342,0.99654,0.00002,0.00002
172.20000,1.02194,0.00339,0.99658,0.00002,0.00002
172.34000,1.02194,0.00312,0.99684,0.00001,0.00002
172.48000,1.02194,0.00295,0.99702,0.00001,0.00002
172.62000,1.02194,0.00297,0.99699,0.00001,0.00002
172.75999,1.02194,0.00295,0.99702,0.00001,0.00002
172.89999,1.02194,0.00329,0.99666,0.00002,0.00003
173.03999,1.02194,0.00274,0.99722,0.00001,0.00002
173.17999,1.02194,0.00269,0.99728,0.00001,0.00002
173.32001,1.02193,0.00296,0.99701,0.00001,0.00002
173.46001,1.02193,0.00327,0.99668,0.00002,0.00003
173.60001,1.02193,0.00343,0.99653,0.00002,0.00002
173.74001,1.02193,0.00336,0.99660,0.00002,0.00002
173.88000,1.02193,0.00342,0.99654,0.00002,0.00002
174.02000,1.02193,0.00310,0.99687,0.00001,0.00002
174.16000,1.02193,0.00308,0.99689,0.00001,0.00002
174.30000,1.02193,0.00295,0.99702,0.00001,0.00002
174.44000,1.02194,0.00311,0.99686,0.00001,0.00002
174.58000,1.02194,0.00328,0.99668,0.00002,0.00002
174.72000,1.02194,0.00328,0.99669,0.00002,0.00002
174.86000,1.02194,0.00351,0.99645,0.00002,0.00002
175.00000,1.02194,0.00357,0.99639,0.00002,0.00002
175.14000,1.02194,0.00324,0.99673,0.00002,0.00002
175.28000,1.02194,0.00319,0.99677,0.00002,0.00002
175.42000,1.02194,0.00293,0.99704,0.00001,0.00002
175.56000,1.02194,0.00301,0.99696,0.00001,0.00002
175.70000,1.02194,0.00310,0.99686,0.00002,0.00002
175.84000,1.02194,0.00315,0.99682,0.00002,0.00002
175.98000,1.02194,0.00323,0.99673,0.00002,0.00002
176.12000,1.02194,0.00361,0.99635,0.00002,0.00002
176.25999,1.02194,0.00368,0.99628,0.00002,0.00002
176.39999,1.02194,0.00363,0.99633,0.00002,0.00002
176.53999,1.02194,0.00332,0.99664,0.00002,0.00002
176.67999,1.02194,0.00302,0.99695,0.00001,0.00002
176.82001,1.02193,0.00296,0.99701,0.00001,0.00002
176.96001,1.02193,0.00292,0.99705,0.00001,0.00002
177.10001,1.02193,0.00280,0.99718,0.00001,0.00001
177.24001,1.02193,0.00291,0.99707,0.00001,0.00001
177.38000,1.02193,0.00318,0.99679,0.00001,0.00002
177.52000,1.02193,0.00338,0.99659,0.00002,0.00002
177.66000,1.02193,0.00351,0.99645,0.00002,0.00002
177.80000,1.02193,0.00348,0.99648,0.00002,0.00002
177.94000,1.02194,0.00367,0.99629,0.00002,0.00002
178.08000,1.02194,0.00370,0.99626,0.00002,0.00002
178.22000,1.02194,0.00376,0.99620,0.00002,0.00002
178.36000,1.02194,0.00361,0.99635,0.00002,0.00002
178.50000,1.02194,0.00335,0.99661,0.00001,0.00002
178.64000,1.02194,0.00323,0.99674,0.00002,0.00002
178.78000,1.02194,0.00311,0.99686,0.00001,0.00002
178.92000,1.02194,0.00316,0.99681,0.00001,0.00002
179.06000,1.02194,0.00321,0.99676,0.00002,0.00002
179.20000,1.02194,0.00337,0.99660,0.00002,0.00002
179.34000,1.02194,0.00345,0.99651,0.00002,0.00002
179.48000,1.02194,0.00372,0.99624,0.00002,0.00002
179.62000,1.02194,0.00384,0.99612,0.00002,0.00002
179.75999,1.02194,0.00407,0.99588,0.00003,0.00002
179.89999,1.02194,0.00397,0.99598,0.00003,0.00002
180.03999,1.02194,0.00375,0.99620,0.00002,0.00002
180.17999,1.02194,0.00369,0.99627,0.00002,0.00002
180.32001,1.02193,0.00383,0.99612,0.00003,0.00002
180.46001,1.02193,0.00380,0.99615,0.00002,0.00002
180.60001,1.02193,0.00377,0.99619,0.00003,0.00002
180.74001,1.02193,0.00368,0.99627,0.00002,0.00002
180.88000,1.02193,0.00349,0.99647,0.00002,0.00002
181.02000,1.02193,0.00341,0.99655,0.00002,0.00002
181.16000,1.02193,0.00355,0.99641,0.00002,0.00002
181.30000,1.02193,0.00343,0.99654,0.00002,0.00002
181.44000,1.02194,0.00335,0.99662,0.00002,0.00002
181.58000,1.02194,0.00328,0.99669,0.00002,0.00002
181.72000,1.02194,0.00338,0.99659,0.00002,0.00002
181.86000,1.02194,0.00359,0.99637,0.00002,0.00002
182.00000,1.02194,0.00337,0.99660,0.00002,0.00002
182.14000,1.02194,0.00332,0.99664,0.00002,0.00002
182.28000,1.02194,0.00357,0.99639,0.00002,0.00002
182.42000,1.02194,0.00334,0.99663,0.00002,0.00002
182.56000,1.02194,0.00332,0.99665,0.00002,0.00002
182.70000,1.02194,0.00315,0.99682,0.00001,0.00002
182.84000,1.02194,0.00294,0.99703,0.00001,0.00002
182.98000,1.02194,0.00307,0.99690,0.00001,0.00002
183.12000,1.02194,0.00294,0.99703,0.00001,0.00002
183.25999,1.02194,0.00290,0.99707,0.00001,0.00002
183.39999,1.02194,0.00286,0.99712,0.00001,0.00002
183.53999,1.02194,0.00278,0.99720,0.00001,0.00002
183.67999,1.02194,0.00290,0.99708,0.00001,0.00001
183.82001,1.02193,0.00289,0.99708,0.00001,0.00002
183.96001,1.02193,0.00321,0.99676,0.00002,0.00002
184.10001,1.02193,0.00333,0.99663,0.00002,0.00002
184.24001,1.02193,0.00344,0.99652,0.00002,0.00002
184.38000,1.02193,0.00363,0.99632,0.00002,0.00002
184.52000,1.02193,0.00364,0.99632,0.00002,0.00002
184.66000,1.02193,0.00344,0.99652,0.00002,0.00002
184.80000,1.02193,0.00337,0.99659,0.00002,0.00002
184.94000,1.02194,0.00301,0.99696,0.00001,0.00002
185.08000,1.02194,0.00313,0.99684,0.00001,0.00002
185.22000,1.02194,0.00316,0.99681,0.00001,0.00002
185.36000,1.02194,0.00319,0.99677,0.00002,0.00002
185.50000,1.02194,0.00319,0.99678,0.00002,0.00002
185.64000,1.02194,0.00277,0.99721,0.00001,0.00001
185.78000,1.02194,0.00289,0.99708,0.00001,0.00002
185.92000,1.02194,0.00278,0.99719,0.00001,0.00002
186.06000,1.02194,0.00285,0.99712,0.00001,0.00002
186.20000,1.02194,0.00281,0.99716,0.00001,0.00002
186.34000,1.02194,0.00274,0.99724,0.00001,0.00001
186.48000,1.02194,0.00287,0.99711,0.00001,0.00001
186.62000,1.02194,0.00304,0.99693,0.00001,0.00001
186.75999,1.02194,0.00325,0.99672,0.00001,0.00002
186.89999,1.02194,0.00323,0.99674,0.00002,0.00002
187.03999,1.02194,0.00322,0.99674,0.00002,0.00002
187.17999,1.02194,0.00320,0.99677,0.00001,0.00002
187.32001,1.02193,0.00301,0.99696,0.00001,0.00002
187.46001,1.02193,0.00308,0.99689,0.00001,0.00002
187.60001,1.02193,0.00317,0.99679,0.00002,0.00002
187.74001,1.02193,0.00350,0.99646,0.00002,0.00002
187.88000,1.02193,0.00369,0.99626,0.00002,0.00002
188.02000,1.02193,0.00359,0.99637,0.00002,0.00002
188.16000,1.02193,0.00373,0.99623,0.00002,0.00002
188.30000,1.02193,0.00416,0.99578,0.00003,0.00003
188.44000,1.02194,0.00378,0.99617,0.00002,0.00003
188.58000,1.02194,0.00354,0.99642,0.00002,0.00002
188.72000,1.02194,0.00306,0.99690,0.00001,0.00002
188.86000,1.02194,0.00313,0.99684,0.00001,0.00002
189.00000,1.02194,0.00315,0.99681,0.00002,0.00002
189.14000,1.02194,0.00273,0.99724,0.00001,0.00002
189.28000,1.02194,0.00223,0.99775,0.00001,0.00001
189.42000,1.02194,0.00214,0.99784,0.00001,0.00001
189.56000,1.02194,0.00226,0.99772,0.00001,0.00001
189.70000,1.02194,0.00230,0.99768,0.00001,0.00001
189.84000,1.02194,0.00224,0.99774,0.00001,0.00001
189.98000,1.02194,0.00244,0.99753,0.00001,0.00001
190.12000,1.02194,0.00259,0.99739,0.00001,0.00001
190.25999,1.02194,0.00264,0.99733,0.00001,0.00002
190.39999,1.02194,0.00239,0.99759,0.00001,0.00001
190.53999,1.02194,0.00212,0.99786,0.00001,0.00001
190.67999,1.02194,0.00189,0.99809,0.00000,0.00001
190.82001,1.02193,0.00183,0.99815,0.00000,0.00001
190.96001,1.02193,0.00195,0.99804,0.00001,0.00001
191.10001,1.02193,0.00214,0.99785,0.00001,0.00001
191.24001,1.02193,0.00224,0.99774,0.00001,0.00001
191.38000,1.02193,0.00250,0.99748,0.00001,0.00001
191.52000,1.02193,0.00277,0.99721,0.00001,0.00001
191.66000,1.02193,0.00294,0.99704,0.00001,0.00002
191.80000,1.02193,0.00304,0.99693,0.00001,0.00002
191.94000,1.02194,0.00305,0.99692,0.00001,0.00002
192.08000,1.02194,0.00309,0.99688,0.00001,0.00002
192.22000,1.02194,0.00301,0.99696,0.00001,0.00002
192.36000,1.02194,0.00315,0.99682,0.00001,0.00002
192.50000,1.02194,0.00310,0.99687,0.00001,0.00002
192.64000,1.02194,0.00298,0.99699,0.00001,0.00002
192.78000,1.02194,0.00289,0.99708,0.00001,0.00002
192.92000,1.02194,0.00281,0.99716,0.00001,0.00002
193.06000,1.02194,0.00270,0.99727,0.00001,0.00002
193.20000,1.02194,0.00267,0.99730,0.00001,0.00002
193.34000,1.02194,0.00271,0.99727,0.00001,0.00001
193.48000,1.02194,0.00275,0.99723,0.00001,0.00001
193.62000,1.02194,0.00320,0.99677,0.00002,0.00002
193.75999,1.02194,0.00320,0.99677,0.00002,0.00002
193.89999,1.02194,0.00339,0.99657,0.00002,0.00002
194.03999,1.02194,0.00363,0.99633,0.00002,0.00002
194.17999,1.02194,0.00368,0.99628,0.00002,0.00002
194.32001,1.02193,0.00374,0.99621,0.00003,0.00002
194.46001,1.02193,0.00374,0.99621,0.00003,0.00002
194.60001,1.02193,0.00361,0.99635,0.00002,0.00002
194.74001,1.02193,0.00378,0.99617,0.00002,0.00002
194.88000,1.02193,0.00371,0.99625,0.00002,0.00002
195.02000,1.02193,0.00345,0.99650,0.00002,0.00002
195.16000,1.02193,0.00370,0.99626,0.00002,0.00002
195.30000,1.02193,0.00326,0.99670,0.00002,0.00002
195.44000,1.02194,0.00319,0.99678,0.00001,0.00002
195.58000,1.02194,0.00330,0.99667,0.00002,0.00002
195.72000,1.02194,0.00340,0.99656,0.00002,0.00002
195.86000,1.02194,0.00330,0.99666,0.00002,0.00002
196.00000,1.02194,0.00320,0.99677,0.00001,0.00002
196.14000,1.02194,0.00324,0.99672,0.00001,0.00002
196.28000,1.02194,0.00345,0.99652,0.00002,0.00002
196.42000,1.02194,0.00333,0.99664,0.00002,0.00002
196.56000,1.02194,0.00323,0.99674,0.00002,0.00002
196.70000,1.02194,0.00328,0.99669,0.00002,0.00002
196.84000,1.02194,0.00325,0.99672,0.00001,0.00002
196.98000,1.02194,0.00318,0.99679,0.00002,0.00002
197.12000,1.02194,0.00312,0.99685,0.00001,0.00002
197.25999,1.02194,0.00300,0.99697,0.00001,0.00002
197.39999,1.02194,0.00307,0.99690,0.00001,0.00002
197.53999,1.02194,0.00277,0.99721,0.00001,0.00002
197.67999,1.02194,0.00247,0.99751,0.00001,0.00001
197.82001,1.02193,0.00231,0.99766,0.00001,0.00001
197.96001,1.02193,0.00235,0.99763,0.00001,0.00001
198.10001,1.02193,0.00238,0.99760,0.00001,0.00002
198.24001,1.02193,0.00242,0.99756,0.00001,0.00001
198.38000,1.02193,0.00253,0.99744,0.00001,0.00002
198.52000,1.02193,0.00279,0.99718,0.00001,0.00002
198.66000,1.02193,0.00286,0.99711,0.00001,0.00002
198.80000,1.02193,0.00287,0.99710,0.00001,0.00002
198.94000,1.02194,0.00268,0.99729,0.00001,0.00002
199.08000,1.02194,0.00268,0.99729,0.00001,0.00002
199.22000,1.02194,0.00246,0.99752,0.00001,0.00001
199.36000,1.02194,0.00248,0.99750,0.00001,0.00001
199.50000,1.02194,0.00290,0.99707,0.00001,0.00002
199.64000,1.02194,0.00293,0.99704,0.00001,0.00002
199.78000,1.02194,0.00323,0.99674,0.00001,0.00002
199.92000,1.02194,0.00357,0.99640,0.00002,0.00002
200.06000,1.02194,0.00399,0.99596,0.00003,0.00002
200.20000,1.02194,0.00392,0.99604,0.00003,0.00002
200.34000,1.02194,0.00410,0.99584,0.00003,0.00002
200.48000,1.02194,0.00372,0.99624,0.00002,0.00002
200.62000,1.02194,0.00370,0.99626,0.00002,0.00002
200.75999,1.02194,0.00349,0.99647,0.00002,0.00002
200.89999,1.02194,0.00313,0.99684,0.00001,0.00002
201.03999,1.02194,0.00314,0.99683,0.00002,0.00002
201.17999,1.02194,0.00324,0.99673,0.00002,0.00002
201.32001,1.02193,0.00352,0.99644,0.00002,0.00002
201.46001,1.02193,0.00368,0.99628,0.00002,0.00002
201.60001,1.02193,0.00384,0.99611,0.00002,0.00002
201.74001,1.02193,0.00407,0.99588,0.00003,0.00002
201.88000,1.02193,0.00416,0.99579,0.00003,0.00002
202.02000,1.02193,0.00399,0.99596,0.00002,0.00002
202.16000,1.02193,0.00392,0.99604,0.00003,0.00002
202.30000,1.02193,0.00377,0.99618,0.00002,0.00002
202.44000,1.02194,0.00345,0.99651,0.00002,0.00002
202.58000,1.02194,0.00338,0.99658,0.00002,0.00002
202.72000,1.02194,0.00321,0.99676,0.00002,0.00002
202.86000,1.02194,0.00303,0.99694,0.00002,0.00002
203.00000,1.02194,0.00301,0.99696,0.00001,0.00002
203.14000,1.02194,0.00286,0.99711,0.00001,0.00002
203.28000,1.02194,0.00263,0.99735,0.00001,0.00002
203.42000,1.02194,0.00275,0.99723,0.00001,0.00002
203.56000,1.02194,0.00266,0.99731,0.00001,0.00002
203.70000,1.02194,0.00281,0.99716,0.00001,0.00002
203.84000,1.02194,0.00280,0.99717,0.00001,0.00002
203.98000,1.02194,0.00288,0.99709,0.00001,0.00002
204.12000,1.02194,0.00275,0.99722,0.00001,0.00002
204.25999,1.02194,0.00282,0.99715,0.00001,0.00002
204.39999,1.02194,0.00284,0.99713,0.00001,0.00002
204.53999,1.02194,0.00301,0.99696,0.00002,0.00002
204.67999,1.02194,0.00310,0.99687,0.00001,0.00002
204.82001,1.02193,0.00319,0.99678,0.00001,0.00002
204.96001,1.02193,0.00331,0.99665,0.00002,0.00002
205.10001,1.02193,0.00348,0.99647,0.00002,0.00002
205.24001,1.02193,0.00332,0.99664,0.00002,0.00002
205.38000,1.02193,0.00318,0.99678,0.00002,0.00002
205.52000,1.02193,0.00294,0.99703,0.00001,0.00002
205.66000,1.02193,0.00288,0.99709,0.00001,0.00001
205.80000,1.02193,0.00304,0.99693,0.00001,0.00002
205.94000,1.02194,0.00308,0.99688,0.00001,0.00002
206.08000,1.02194,0.00302,0.99695,0.00001,0.00002
206.22000,1.02194,0.00279,0.99718,0.00001,0.00001
206.36000,1.02194,0.00281,0.99717,0.00001,0.00001
206.50000,1.02194,0.00299,0.99698,0.00001,0.00002
206.64000,1.02194,0.00289,0.99708,0.00001,0.00002
206.78000,1.02194,0.00290,0.99708,0.00001,0.00001
206.92000,1.02194,0.00299,0.99698,0.00001,0.00001
207.06000,1.02194,0.00314,0.99683,0.00001,0.00002
207.20000,1.02194,0.00345,0.99651,0.00002,0.00002
207.34000,1.02194,0.00363,0.99633,0.00002,0.00002
207.48000,1.02194,0.00349,0.99647,0.00002,0.00002
207.62000,1.02194,0.00332,0.99665,0.00002,0.00002
207.75999,1.02194,0.00318,0.99679,0.00001,0.00002
207.89999,1.02194,0.00307,0.99690,0.00001,0.00002
208.03999,1.02194,0.00298,0.99699,0.00001,0.00002
208.17999,1.02194,0.00293,0.99704,0.00001,0.00002
208.32001,1.02193,0.00274,0.99723,0.00001,0.00002
208.46001,1.02193,0.00285,0.99712,0.00001,0.00002
208.60001,1.02193,0.00291,0.99706,0.00001,0.00002
208.74001,1.02193,0.00316,0.99681,0.00002,0.00002
208.88000,1.02193,0.00348,0.99647,0.00002,0.00002
209.02000,1.02193,0.00354,0.99642,0.00002,0.00002
209.16000,1.02193,0.00356,0.99640,0.00002,0.00002
209.30000,1.02193,0.00351,0.99645,0.00002,0.00002
209.44000,1.02194,0.00346,0.99650,0.00002,0.00002
209.58000,1.02194,0.00342,0.99654,0.00002,0.00002
209.72000,1.02194,0.00306,0.99691,0.00001,0.00002
209.86000,1.02194,0.00295,0.99702,0.00001,0.00002
210.00000,1.02194,0.00275,0.99723,0.00001,0.00002
210.14000,1.02194,0.00271,0.99727,0.00001,0.00002
210.28000,1.02194,0.00255,0.99743,0.00001,0.00001
210.42000,1.02194,0.00265,0.99732,0.00001,0.00002
210.56000,1.02194,0.00258,0.99739,0.00001,0.00001
210.70000,1.02194,0.00256,0.99742,0.00001,0.00001
210.84000,1.02194,0.00264,0.99733,0.00001,0.00001
210.98000,1.02194,0.00277,0.99721,0.00001,0.00001
211.12000,1.02194,0.00296,0.99700,0.00002,0.00002
211.25999,1.02194,0.00327,0.99670,0.00001,0.00002
211.39999,1.02194,0.00299,0.99698,0.00001,0.00002
211.53999,1.02194,0.00328,0.99669,0.00002,0.00002
211.67999,1.02194,0.00318,0.99678,0.00002,0.00002
211.82001,1.02193,0.00338,0.99658,0.00002,0.00002
211.96001,1.02193,0.00314,0.99682,0.00001,0.00002
212.10001,1.02193,0.00343,0.99653,0.00002,0.00002
212.24001,1.02193,0.00374,0.99622,0.00002,0.00002
212.38000,1.02193,0.00410,0.99585,0.00003,0.00002
212.52000,1.02193,0.00416,0.99579,0.00003,0.00002
212.66000,1.02193,0.00414,0.99581,0.00003,0.00003
212.80000,1.02193,0.00393,0.99603,0.00003,0.00002
212.94000,1.02194,0.00377,0.99618,0.00002,0.00002
213.08000,1.02194,0.00371,0.99624,0.00003,0.00002
213.22000,1.02194,0.00345,0.99650,0.00002,0.00002
213.36000,1.02194,0.00334,0.99662,0.00002,0.00002
213.50000,1.02194,0.00332,0.99665,0.00002,0.00002
213.64000,1.02194,0.00354,0.99641,0.00002,0.00002
213.78000,1.02194,0.00365,0.99630,0.00002,0.00002
213.92000,1.02194,0.00375,0.99620,0.00002,0.00002
214.06000,1.02194,0.00358,0.99638,0.00002,0.00002
214.20000,1.02194,0.00389,0.99606,0.00002,0.00003
214.34000,1.02194,0.00362,0.99634,0.00002,0.00002
214.48000,1.02194,0.00340,0.99657,0.00002,0.00002
214.62000,1.02194,0.00314,0.99683,0.00001,0.00002
214.75999,1.02194,0.00313,0.99683,0.00001,0.00002
214.89999,1.02194,0.00309,0.99688,0.00001,0.00002
215.03999,1.02194,0.00326,0.99671,0.00002,0.00002
215.17999,1.02194,0.00311,0.99686,0.00001,0.00002
215.32001,1.02193,0.00309,0.99688,0.00001,0.00002
215.46001,1.02193,0.00342,0.99654,0.00002,0.00002
215.60001,1.02193,0.00346,0.99651,0.00002,0.00002
215.74001,1.02193,0.00351,0.99645,0.00002,0.00002
215.88000,1.02193,0.00351,0.99645,0.00002,0.00002
216.02000,1.02193,0.00361,0.99635,0.00002,0.00002
216.16000,1.02193,0.00338,0.99659,0.00002,0.00002
216.30000,1.02193,0.00309,0.99688,0.00001,0.00002
216.44000,1.02194,0.00273,0.99725,0.00001,0.00001
216.58000,1.02194,0.00263,0.99735,0.00001,0.00002
216.72000,1.02194,0.00282,0.99715,0.00001,0.00002
216.86000,1.02194,0.00298,0.99699,0.00002,0.00002
217.00000,1.02194,0.00290,0.99707,0.00001,0.00002
217.14000,1.02194,0.00325,0.99672,0.00001,0.00002
217.28000,1.02194,0.00345,0.99651,0.00002,0.00002
217.42000,1.02194,0.00335,0.99661,0.00002,0.00002
217.56000,1.02194,0.00331,0.99665,0.00002,0.00002
217.70000,1.02194,0.00330,0.99666,0.00002,0.00002
217.84000,1.02194,0.00326,0.99671,0.00002,0.00002
217.98000,1.02194,0.00321,0.99675,0.00002,0.00002
218.12000,1.02194,0.00334,0.99662,0.00002,0.00002
218.25999,1.02194,0.00327,0.99670,0.00001,0.00002
218.39999,1.02194,0.00319,0.99678,0.00002,0.00002
218.53999,1.02194,0.00311,0.99686,0.00001,0.00002
218.67999,1.02194,0.00283,0.99714,0.00001,0.00002
218.82001,1.02193,0.00285,0.99712,0.00001,0.00002
218.96001,1.02193,0.00273,0.99724,0.00001,0.00002
219.10001,1.02193,0.00272,0.99725,0.00001,0.00001
219.24001,1.02193,0.00280,0.99717,0.00001,0.00001
219.38000,1.02193,0.00287,0.99711,0.00001,0.00001
219.52000,1.02193,0.00312,0.99685,0.00001,0.00002
219.66000,1.02193,0.00338,0.99658,0.00002,0.00002
219.80000,1.02193,0.00344,0.99652,0.00002,0.00002
219.94000,1.02194,0.00335,0.99661,0.00002,0.00002
220.08000,1.02194,0.00327,0.99670,0.00002,0.00002
220.22000,1.02194,0.00312,0.99684,0.00002,0.00002
220.36000,1.02194,0.00301,0.99696,0.00001,0.00002
220.50000,1.02194,0.00274,0.99723,0.00001,0.00002
220.64000,1.02194,0.00252,0.99745,0.00001,0.00002
220.78000,1.02194,0.00246,0.99751,0.00001,0.00002
220.92000,1.02194,0.00241,0.99757,0.00001,0.00001
221.06000,1.02194,0.00260,0.99737,0.00001,0.00002
221.20000,1.02194,0.00268,0.99730,0.00001,0.00002
221.34000,1.02194,0.00285,0.99712,0.00001,0.00002
221.48000,1.02194,0.00309,0.99687,0.00001,0.00002
221.62000,1.02194,0.00305,0.99692,0.00001,0.00002
221.75999,1.02194,0.00302,0.99695,0.00001,0.00002
221.89999,1.02194,0.00276,0.99721,0.00001,0.00002
222.03999,1.02194,0.00263,0.99734,0.00001,0.00002
222.17999,1.02194,0.00261,0.99737,0.00001,0.00002
222.32001,1.02193,0.00270,0.99727,0.00001,0.00002
222.46001,1.02193,0.00281,0.99717,0.00001,0.00002
222.60001,1.02193,0.00318,0.99679,0.00001,0.00002
222.74001,1.02193,0.00325,0.99671,0.00001,0.00002
222.88000,1.02193,0.00324,0.99673,0.00001,0.00002
223.02000,1.02193,0.00339,0.99658,0.00002,0.00002
223.16000,1.02193,0.00341,0.99656,0.00002,0.00002
223.30000,1.02193,0.00339,0.99657,0.00002,0.00002
223.44000,1.02194,0.00340,0.99657,0.00002,0.00002
223.58000,1.02194,0.00340,0.99656,0.00002,0.00002
223.72000,1.02194,0.00344,0.99652,0.00002,0.00002
223.86000,1.02194,0.00332,0.99664,0.00002,0.00002
224.00000,1.02194,0.00335,0.99661,0.00002,0.00002
224.14000,1.02194,0.00338,0.99658,0.00002,0.00002
224.28000,1.02194,0.00333,0.99664,0.00002,0.00002
224.42000,1.02194,0.00339,0.99657,0.00002,0.00002
224.56000,1.02194,0.00353,0.99643,0.00002,0.00002
224.70000,1.02194,0.00337,0.99660,0.00002,0.00002
224.84000,1.02194,0.00339,0.99657,0.00002,0.00002
224.98000,1.02194,0.00337,0.99660,0.00002,0.00002
225.12000,1.02194,0.00332,0.99664,0.00002,0.00002
225.25999,1.02194,0.00324,0.99673,0.00002,0.00002
225.39999,1.02194,0.00314,0.99682,0.00002,0.00002
225.53999,1.02194,0.00306,0.99691,0.00001,0.00002
225.67999,1.02194,0.00317,0.99680,0.00002,0.00002
225.82001,1.02193,0.00349,0.99647,0.00002,0.00002
225.96001,1.02193,0.00343,0.99653,0.00002,0.00002
226.10001,1.02193,0.00338,0.99658,0.00002,0.00002
226.24001,1.02193,0.00333,0.99663,0.00002,0.00002
226.38000,1.02193,0.00317,0.99680,0.00002,0.00002
226.52000,1.02193,0.00310,0.99687,0.00001,0.00002
226.66000,1.02193,0.00300,0.99697,0.00001,0.00002
226.80000,1.02193,0.00294,0.99703,0.00001,0.00002
226.94000,1.02194,0.00320,0.99676,0.00002,0.00002
227.08000,1.02194,0.00327,0.99670,0.00002,0.00002
227.22000,1.02194,0.00330,0.99666,0.00002,0.00002
227.36000,1.02194,0.00327,0.99669,0.00002,0.00002
227.50000,1.02194,0.00327,0.99670,0.00002,0.00002
227.64000,1.02194,0.00322,0.99675,0.00002,0.00002
227.78000,1.02194,0.00318,0.99679,0.00002,0.00002
227.92000,1.02194,0.00308,0.99689,0.00001,0.00002
228.06000,1.02194,0.00305,0.99691,0.00001,0.00002
228.20000,1.02194,0.00298,0.99699,0.00001,0.00002
228.34000,1.02194,0.00312,0.99684,0.00002,0.00002
228.48000,1.02194,0.00316,0.99680,0.00001,0.00002
228.62000,1.02194,0.00325,0.99672,0.00002,0.00002
228.75999,1.02194,0.00323,0.99674,0.00001,0.00002
228.89999,1.02194,0.00316,0.99681,0.00001,0.00002
229.03999,1.02194,0.00311,0.99685,0.00001,0.00002
229.17999,1.02194,0.00342,0.99655,0.00002,0.00002
229.32001,1.02193,0.00347,0.99650,0.00002,0.00002
229.46001,1.02193,0.00376,0.99620,0.00002,0.00002
229.60001,1.02193,0.00404,0.99591,0.00002,0.00002
229.74001,1.02193,0.00421,0.99574,0.00003,0.00002
229.88000,1.02193,0.00463,0.99531,0.00004,0.00002
230.02000,1.02193,0.00441,0.99553,0.00003,0.00002
230.16000,1.02193,0.00441,0.99553,0.00003,0.00003
230.30000,1.02193,0.00392,0.99603,0.00003,0.00002
230.44000,1.02194,0.00361,0.99635,0.00002,0.00002
230.58000,1.02194,0.00326,0.99670,0.00001,0.00002
230.72000,1.02194,0.00306,0.99691,0.00001,0.00002
230.86000,1.02194,0.00298,0.99699,0.00001,0.00002
231.00000,1.02194,0.00274,0.99723,0.00001,0.00002
231.14000,1.02194,0.00284,0.99714,0.00001,0.00001
231.28000,1.02194,0.00304,0.99694,0.00001,0.00001
231.42000,1.02194,0.00341,0.99655,0.00002,0.00002
231.56000,1.02194,0.00373,0.99622,0.00002,0.00002
231.70000,1.02194,0.00361,0.99635,0.00002,0.00002
231.84000,1.02194,0.00383,0.99613,0.00002,0.00002
231.98000,1.02194,0.00372,0.99624,0.00002,0.00002
232.12000,1.02194,0.00335,0.99661,0.00002,0.00002
232.25999,1.02194,0.00297,0.99700,0.00001,0.00002
232.39999,1.02194,0.00284,0.99713,0.00001,0.00002
232.53999,1.02194,0.00289,0.99708,0.00001,0.00002
232.67999,1.02194,0.00285,0.99712,0.00001,0.00001
232.82001,1.02193,0.00301,0.99696,0.00001,0.00001
232.96001,1.02193,0.00315,0.99682,0.00001,0.00002
233.10001,1.02193,0.00331,0.99666,0.00002,0.00002
233.24001,1.02193,0.00349,0.99647,0.00002,0.00002
233.38000,1.02193,0.00362,0.99634,0.00002,0.00002
233.52000,1.02193,0.00360,0.99636,0.00002,0.00002
233.66000,1.02193,0.00354,0.99642,0.00002,0.00002
233.80000,1.02193,0.00337,0.99659,0.00002,0.00002
233.94000,1.02194,0.00333,0.99663,0.00002,0.00002
234.08000,1.02194,0.00312,0.99686,0.00001,0.00002
234.22000,1.02194,0.00294,0.99703,0.00001,0.00002
234.36000,1.02194,0.00278,0.99719,0.00001,0.00002
234.50000,1.02194,0.00246,0.99752,0.00001,0.00001
234.64000,1.02194,0.00244,0.99754,0.00001,0.00001
234.78000,1.02194,0.00238,0.99760,0.00001,0.00001
234.92000,1.02194,0.00230,0.99768,0.00001,0.00001
235.06000,1.02194,0.00241,0.99757,0.00001,0.00001
235.20000,1.02194,0.00269,0.99728,0.00001,0.00001
235.34000,1.02194,0.00326,0.99670,0.00002,0.00002
235.48000,1.02194,0.00328,0.99669,0.00002,0.00002
235.62000,1.02194,0.00329,0.99668,0.00002,0.00002
235.75999,1.02194,0.00330,0.99666,0.00002,0.00002
235.89999,1.02194,0.00307,0.99690,0.00001,0.00002
236.03999,1.02194,0.00290,0.99707,0.00001,0.00002
236.17999,1.02194,0.00284,0.99713,0.00001,0.00002
236.32001,1.02193,0.00283,0.99714,0.00001,0.00002
236.46001,1.02193,0.00297,0.99700,0.00001,0.00002
236.60001,1.02193,0.00318,0.99679,0.00001,0.00002
236.74001,1.02193,0.00330,0.99666,0.00002,0.00002
236.88000,1.02193,0.00320,0.99677,0.00002,0.00002
237.02000,1.02193,0.00282,0.99715,0.00001,0.00001
237.16000,1.02193,0.00289,0.99708,0.00001,0.00001
237.30000,1.02193,0.00294,0.99703,0.00001,0.00002
237.44000,1.02194,0.00285,0.99712,0.00001,0.00002
237.58000,1.02194,0.00286,0.99711,0.00001,0.00001
237.72000,1.02194,0.00279,0.99719,0.00001,0.00001
237.86000,1.02194,0.00301,0.99696,0.00001,0.00002
238.00000,1.02194,0.00316,0.99681,0.00002,0.00002
238.14000,1.02194,0.00308,0.99689,0.00002,0.00002
238.28000,1.02194,0.00300,0.99697,0.00001,0.00002
238.42000,1.02194,0.00293,0.99705,0.00001,0.00002
238.56000,1.02194,0.00309,0.99687,0.00002,0.00002
238.70000,1.02194,0.00308,0.99689,0.00001,0.00002
238.84000,1.02194,0.00293,0.99703,0.00001,0.00002
238.98000,1.02194,0.00262,0.99736,0.00001,0.00002
239.12000,1.02194,0.00273,0.99724,0.00001,0.00002
239.25999,1.02194,0.00287,0.99710,0.00001,0.00002
239.39999,1.02194,0.00323,0.99673,0.00002,0.00002
239.53999,1.02194,0.00314,0.99682,0.00002,0.00002
239.67999,1.02194,0.00315,0.99682,0.00001,0.00002
239.82001,1.02193,0.00325,0.99671,0.00002,0.00002
239.96001,1.02193,0.00315,0.99682,0.00001,0.00002
240.10001,1.02193,0.00296,0.99701,0.00001,0.00002
240.24001,1.02193,0.00297,0.99700,0.00001,0.00002
240.38000,1.02193,0.00285,0.99712,0.00001,0.00002
240.52000,1.02193,0.00275,0.99722,0.00001,0.00002
240.66000,1.02193,0.00290,0.99707,0.00001,0.00002
240.80000,1.02193,0.00299,0.99698,0.00001,0.00002
240.94000,1.02194,0.00308,0.99689,0.00001,0.00002
241.08000,1.02194,0.00309,0.99688,0.00001,0.00002
241.22000,1.02194,0.00295,0.99703,0.00001,0.00002
241.36000,1.02194,0.00307,0.99690,0.00001,0.00002
241.50000,1.02194,0.00290,0.99707,0.00001,0.00002
241.64000,1.02194,0.00275,0.99722,0.00001,0.00001
241.78000,1.02194,0.00263,0.99734,0.00001,0.00001
241.92000,1.02194,0.00263,0.99734,0.00001,0.00001
242.06000,1.02194,0.00253,0.99744,0.00001,0.00001
242.20000,1.02194,0.00250,0.99748,0.00001,0.00001
242.34000,1.02194,0.00268,0.99730,0.00001,0.00002
242.48000,1.02194,0.00254,0.99744,0.00001,0.00001
242.62000,1.02194,0.00264,0.99733,0.00001,0.00002
242.75999,1.02194,0.00253,0.99745,0.00001,0.00001
242.89999,1.02194,0.00262,0.99736,0.00001,0.00002
243.03999,1.02194,0.00271,0.99726,0.00001,0.00002
243.17999,1.02194,0.00275,0.99722,0.00001,0.00002
243.32001,1.02193,0.00285,0.99712,0.00001,0.00002
243.46001,1.02193,0.00285,0.99712,0.00001,0.00002
243.60001,1.02193,0.00287,0.99710,0.00001,0.00001
243.74001,1.02193,0.00292,0.99705,0.00001,0.00001
243.88000,1.02193,0.00303,0.99694,0.00001,0.00002
244.02000,1.02193,0.00297,0.99701,0.00001,0.00001
244.16000,1.02193,0.00311,0.99685,0.00002,0.00002
244.30000,1.02193,0.00302,0.99695,0.00001,0.00002
244.44000,1.02194,0.00296,0.99701,0.00001,0.00002
244.58000,1.02194,0.00280,0.99717,0.00001,0.00002
244.72000,1.02194,0.00272,0.99726,0.00001,0.00002
244.86000,1.02194,0.00257,0.99740,0.00001,0.00002
245.00000,1.02194,0.00256,0.99742,0.00001,0.00002
245.14000,1.02194,0.00239,0.99759,0.00001,0.00001
245.28000,1.02194,0.00276,0.99721,0.00001,0.00002
245.42000,1.02194,0.00295,0.99701,0.00001,0.00002
245.56000,1.02194,0.00304,0.99692,0.00001,0.00002
245.70000,1.02194,0.00353,0.99642,0.00002,0.00003
245.84000,1.02194,0.00359,0.99636,0.00002,0.00003
245.98000,1.02194,0.00318,0.99678,0.00002,0.00002
246.12000,1.02194,0.00294,0.99703,0.00001,0.00002
246.25999,1.02194,0.00281,0.99717,0.00001,0.00002
246.39999,1.02194,0.00284,0.99713,0.00001,0.00002
246.53999,1.02194,0.00286,0.99711,0.00001,0.00002
246.67999,1.02194,0.00301,0.99696,0.00001,0.00002
246.82001,1.02193,0.00305,0.99692,0.00001,0.00002
246.96001,1.02193,0.00372,0.99624,0.00002,0.00002
247.10001,1.02193,0.00427,0.99567,0.00003,0.00002
247.24001,1.02193,0.00410,0.99585,0.00003,0.00002
247.38000,1.02193,0.00405,0.99591,0.00003,0.00002
247.52000,1.02193,0.00455,0.99539,0.00004,0.00002
247.66000,1.02193,0.00465,0.99529,0.00004,0.00002
247.80000,1.02193,0.00455,0.99539,0.00004,0.00002
247.94000,1.02194,0.00449,0.99545,0.00004,0.00002
248.08000,1.02194,0.00437,0.99557,0.00004,0.00002
248.22000,1.02194,0.00429,0.99566,0.00003,0.00002
248.36000,1.02194,0.00422,0.99573,0.00003,0.00002
248.50000,1.02194,0.00432,0.99563,0.00003,0.00002
248.64000,1.02194,0.00442,0.99552,0.00004,0.00002
248.78000,1.02194,0.00425,0.99570,0.00003,0.00002
248.92000,1.02194,0.00399,0.99596,0.00002,0.00002
249.06000,1.02194,0.00388,0.99608,0.00002,0.00002
249.20000,1.02194,0.00389,0.99606,0.00003,0.00002
249.34000,1.02194,0.00384,0.99611,0.00002,0.00002
249.48000,1.02194,0.00337,0.99659,0.00002,0.00002
249.62000,1.02194,0.00313,0.99684,0.00001,0.00002
249.75999,1.02194,0.00289,0.99708,0.00001,0.00002
249.89999,1.02194,0.00286,0.99711,0.00001,0.00002
250.03999,1.02194,0.00265,0.99733,0.00001,0.00001
250.17999,1.02194,0.00251,0.99747,0.00001,0.00001
250.32001,1.02193,0.00244,0.99753,0.00001,0.00001
250.46001,1.02193,0.00242,0.99756,0.00001,0.00001
250.60001,1.02193,0.00255,0.99743,0.00001,0.00001
250.74001,1.02193,0.00241,0.99757,0.00001,0.00001
250.88000,1.02193,0.00254,0.99743,0.00001,0.00001
251.02000,1.02193,0.00255,0.99743,0.00001,0.00001
251.16000,1.02193,0.00262,0.99736,0.00001,0.00001
251.30000,1.02193,0.00284,0.99713,0.00001,0.00002
251.44000,1.02194,0.00286,0.99711,0.00001,0.00002
251.58000,1.02194,0.00310,0.99687,0.00001,0.00002
251.72000,1.02194,0.00311,0.99686,0.00002,0.00002
251.86000,1.02194,0.00322,0.99675,0.00002,0.00002
252.00000,1.02194,0.00323,0.99674,0.00002,0.00002
252.14000,1.02194,0.00332,0.99664,0.00002,0.00002
252.28000,1.02194,0.00357,0.99639,0.00002,0.00002
252.42000,1.02194,0.00362,0.99634,0.00002,0.00002
252.56000,1.02194,0.00364,0.99632,0.00002,0.00002
252.70000,1.02194,0.00355,0.99641,0.00002,0.00002
252.84000,1.02194,0.00357,0.99639,0.00002,0.00002
252.98000,1.02194,0.00338,0.99659,0.00002,0.00002
253.12000,1.02194,0.00327,0.99670,0.00002,0.00002
253.25999,1.02194,0.00338,0.99658,0.00002,0.00002
253.39999,1.02194,0.00354,0.99642,0.00002,0.00002
253.53999,1.02194,0.00372,0.99623,0.00002,0.00002
253.67999,1.02194,0.00368,0.99628,0.00002,0.00002
253.82001,1.02193,0.00382,0.99613,0.00002,0.00002
253.96001,1.02193,0.00388,0.99608,0.00002,0.00002
254.10001,1.02193,0.00360,0.99636,0.00002,0.00002
254.24001,1.02193,0.00338,0.99658,0.00002,0.00002
254.38000,1.02193,0.00326,0.99671,0.00001,0.00002
254.52000,1.02193,0.00329,0.99667,0.00002,0.00002
254.66000,1.02193,0.00319,0.99677,0.00001,0.00002
254.80000,1.02193,0.00311,0.99686,0.00001,0.00002
254.94000,1.02194,0.00304,0.99693,0.00001,0.00002
255.08000,1.02193,0.00298,0.99699,0.00001,0.00002
255.22000,1.02194,0.00317,0.99680,0.00001,0.00002
255.36000,1.02193,0.00308,0.99689,0.00001,0.00002
255.50000,1.02194,0.00315,0.99682,0.00001,0.00002
255.64000,1.02193,0.00306,0.99691,0.00001,0.00002
255.78000,1.02194,0.00267,0.99731,0.00001,0.00002
255.92000,1.02193,0.00257,0.99741,0.00001,0.00002
256.06000,1.02194,0.00242,0.99756,0.00001,0.00001
256.20001,1.02191,0.00223,0.99775,0.00001,0.00001
256.34000,1.02194,0.00214,0.99784,0.00001,0.00001
256.48001,1.02191,0.00207,0.99791,0.00000,0.00001
256.62000,1.02194,0.00232,0.99766,0.00001,0.00001
256.76001,1.02194,0.00258,0.99740,0.00001,0.00001
256.89999,1.02194,0.00274,0.99723,0.00001,0.00002
257.04001,1.02194,0.00296,0.99701,0.00001,0.00002
257.17999,1.02194,0.00307,0.99690,0.00001,0.00002
257.32001,1.02194,0.00315,0.99682,0.00002,0.00002
257.45999,1.02194,0.00324,0.99672,0.00002,0.00002
257.60001,1.02194,0.00327,0.99670,0.00002,0.00002
257.73999,1.02194,0.00332,0.99665,0.00002,0.00002
257.88000,1.02194,0.00337,0.99660,0.00002,0.00002
258.01999,1.02194,0.00321,0.99675,0.00002,0.00002
258.16000,1.02194,0.00317,0.99680,0.00001,0.00002
258.29999,1.02194,0.00309,0.99688,0.00001,0.00002
258.44000,1.02194,0.00297,0.99700,0.00001,0.00002
258.57999,1.02194,0.00285,0.99712,0.00001,0.00002
258.72000,1.02194,0.00266,0.99732,0.00001,0.00001
258.85999,1.02194,0.00267,0.99731,0.00001,0.00002
259.00000,1.02194,0.00261,0.99736,0.00001,0.00001
259.14001,1.02191,0.00259,0.99739,0.00001,0.00001
259.28000,1.02194,0.00265,0.99733,0.00001,0.00001
259.42001,1.02191,0.00252,0.99746,0.00001,0.00001
259.56000,1.02194,0.00268,0.99730,0.00001,0.00001
259.70001,1.02191,0.00280,0.99717,0.00001,0.00001
259.84000,1.02194,0.00280,0.99717,0.00001,0.00002
259.98001,1.02191,0.00280,0.99717,0.00001,0.00001
260.12000,1.02194,0.00286,0.99711,0.00001,0.00002
260.26001,1.02194,0.00281,0.99717,0.00001,0.00002
260.39999,1.02194,0.00284,0.99714,0.00001,0.00001
260.54001,1.02194,0.00288,0.99709,0.00001,0.00002
260.67999,1.02194,0.00296,0.99701,0.00001,0.00002
260.82001,1.02194,0.00312,0.99685,0.00002,0.00002
260.95999,1.02194,0.00301,0.99696,0.00001,0.00002
261.10001,1.02194,0.00292,0.99705,0.00001,0.00002
261.23999,1.02194,0.00291,0.99707,0.00001,0.00002
261.38000,1.02194,0.00296,0.99701,0.00001,0.00001
261.51999,1.02194,0.00304,0.99693,0.00001,0.00002
261.66000,1.02194,0.00323,0.99673,0.00001,0.00002
261.79999,1.02194,0.00366,0.99630,0.00002,0.00002
261.94000,1.02194,0.00388,0.99607,0.00002,0.00002
262.07999,1.02194,0.00411,0.99584,0.00003,0.00002
262.22000,1.02194,0.00398,0.99597,0.00003,0.00002
262.35999,1.02194,0.00377,0.99619,0.00002,0.00002
262.50000,1.02194,0.00354,0.99642,0.00002,0.00002
262.64001,1.02191,0.00343,0.99654,0.00002,0.00002
262.78000,1.02194,0.00325,0.99671,0.00002,0.00002
262.92001,1.02191,0.00334,0.99662,0.00002,0.00002
263.06000,1.02194,0.00322,0.99674,0.00002,0.00002
263.20001,1.02191,0.00327,0.99669,0.00002,0.00002
263.34000,1.02194,0.00341,0.99655,0.00002,0.00002
263.48001,1.02191,0.00353,0.99643,0.00002,0.00002
263.62000,1.02194,0.00341,0.99656,0.00002,0.00002
263.76001,1.02194,0.00348,0.99648,0.00002,0.00002
263.89999,1.02194,0.00351,0.99645,0.00002,0.00002
264.04001,1.02194,0.00339,0.99657,0.00002,0.00002
264.17999,1.02194,0.00355,0.99641,0.00002,0.00002
264.32001,1.02194,0.00327,0.99669,0.00002,0.00002
264.45999,1.02194,0.00320,0.99677,0.00002,0.00002
264.60001,1.02194,0.00311,0.99686,0.00001,0.00002
264.73999,1.02194,0.00312,0.99685,0.00001,0.00002
264.88000,1.02194,0.00309,0.99688,0.00001,0.00002
265.01999,1.02194,0.00317,0.99680,0.00001,0.00002
265.16000,1.02194,0.00331,0.99665,0.00002,0.00002
265.29999,1.02194,0.00315,0.99682,0.00001,0.00002
265.44000,1.02194,0.00318,0.99679,0.00002,0.00002
265.57999,1.02194,0.00333,0.99663,0.00002,0.00002
265.72000,1.02194,0.00334,0.99662,0.00002,0.00002
265.85999,1.02194,0.00317,0.99680,0.00001,0.00002
266.00000,1.02194,0.00318,0.99679,0.00001,0.00002
266.14001,1.02191,0.00297,0.99700,0.00001,0.00002
266.28000,1.02194,0.00291,0.99707,0.00001,0.00002
266.42001,1.02191,0.00301,0.99696,0.00001,0.00002
266.56000,1.02194,0.00291,0.99706,0.00001,0.00002
266.70001,1.02191,0.00276,0.99722,0.00001,0.00002
266.84000,1.02194,0.00269,0.99729,0.00001,0.00001
266.98001,1.02191,0.00300,0.99697,0.00001,0.00002
267.12000,1.02194,0.00326,0.99671,0.00002,0.00002
267.26001,1.02194,0.00356,0.99640,0.00002,0.00002
267.39999,1.02194,0.00365,0.99631,0.00002,0.00002
267.54001,1.02194,0.00395,0.99600,0.00002,0.00002
267.67999,1.02194,0.00394,0.99601,0.00003,0.00002
267.82001,1.02194,0.00376,0.99620,0.00002,0.00002
267.95999,1.02194,0.00343,0.99653,0.00002,0.00002
268.10001,1.02194,0.00334,0.99663,0.00002,0.00002
268.23999,1.02194,0.00331,0.99666,0.00002,0.00002
268.38000,1.02194,0.00322,0.99675,0.00002,0.00002
268.51999,1.02194,0.00330,0.99667,0.00002,0.00002
268.66000,1.02194,0.00324,0.99672,0.00002,0.00002
268.79999,1.02194,0.00325,0.99671,0.00002,0.00002
268.94000,1.02194,0.00312,0.99684,0.00001,0.00002
269.07999,1.02194,0.00311,0.99686,0.00001,0.00002
269.22000,1.02194,0.00309,0.99688,0.00001,0.00002
269.35999,1.02194,0.00314,0.99683,0.00001,0.00002
269.50000,1.02194,0.00307,0.99690,0.00001,0.00002
269.64001,1.02191,0.00297,0.99700,0.00001,0.00001
269.78000,1.02194,0.00312,0.99685,0.00001,0.00002
269.92001,1.02191,0.00323,0.99674,0.00002,0.00002
270.06000,1.02194,0.00325,0.99672,0.00002,0.00002
270.20001,1.02191,0.00332,0.99664,0.00002,0.00002
270.34000,1.02194,0.00341,0.99656,0.00002,0.00002
270.48001,1.02191,0.00350,0.99646,0.00002,0.00002
270.62000,1.02194,0.00347,0.99648,0.00002,0.00002
270.76001,1.02194,0.00322,0.99674,0.00002,0.00002
270.89999,1.02194,0.00320,0.99677,0.00002,0.00002
271.04001,1.02194,0.00348,0.99647,0.00003,0.00003
271.17999,1.02194,0.00338,0.99658,0.00002,0.00002
271.32001,1.02194,0.00335,0.99661,0.00002,0.00002
271.45999,1.02194,0.00392,0.99603,0.00002,0.00003
271.60001,1.02194,0.00371,0.99624,0.00002,0.00002
271.73999,1.02194,0.00372,0.99623,0.00002,0.00002
271.88000,1.02194,0.00347,0.99649,0.00002,0.00003
272.01999,1.02194,0.00311,0.99686,0.00001,0.00002
272.16000,1.02194,0.00296,0.99701,0.00001,0.00002
272.29999,1.02194,0.00282,0.99715,0.00001,0.00002
272.44000,1.02194,0.00271,0.99727,0.00001,0.00002
272.57999,1.02194,0.00288,0.99709,0.00001,0.00002
272.72000,1.02194,0.00291,0.99706,0.00001,0.00002
272.85999,1.02194,0.00314,0.99683,0.00001,0.00002
273.00000,1.02194,0.00327,0.99670,0.00002,0.00002
273.14001,1.02191,0.00341,0.99655,0.00002,0.00002
273.28000,1.02194,0.00352,0.99644,0.00002,0.00002
273.42001,1.02191,0.00369,0.99626,0.00002,0.00002
273.56000,1.02194,0.00373,0.99623,0.00002,0.00002
273.70001,1.02191,0.00354,0.99642,0.00002,0.00002
273.84000,1.02194,0.00405,0.99590,0.00003,0.00002
273.98001,1.02191,0.00437,0.99558,0.00003,0.00002
274.12000,1.02194,0.00476,0.99517,0.00005,0.00002
274.26001,1.02194,0.00446,0.99548,0.00003,0.00003
274.39999,1.02194,0.00427,0.99567,0.00003,0.00002
274.54001,1.02194,0.00438,0.99556,0.00004,0.00002
274.67999,1.02194,0.00411,0.99583,0.00003,0.00002
274.82001,1.02194,0.00380,0.99616,0.00002,0.00002
274.95999,1.02194,0.00349,0.99648,0.00002,0.00002
275.10001,1.02194,0.00334,0.99662,0.00002,0.00002
275.23999,1.02194,0.00344,0.99652,0.00002,0.00002
275.38000,1.02194,0.00344,0.99652,0.00002,0.00002
275.51999,1.02194,0.00322,0.99675,0.00001,0.00002
275.66000,1.02194,0.00339,0.99658,0.00002,0.00002
275.79999,1.02194,0.00369,0.99627,0.00002,0.00002
275.94000,1.02194,0.00354,0.99642,0.00002,0.00002
276.07999,1.02194,0.00353,0.99644,0.00002,0.00002
276.22000,1.02194,0.00340,0.99656,0.00002,0.00002
276.35999,1.02194,0.00323,0.99674,0.00002,0.00002
276.50000,1.02194,0.00291,0.99707,0.00001,0.00002
276.64001,1.02191,0.00267,0.99731,0.00001,0.00001
276.78000,1.02194,0.00319,0.99678,0.00002,0.00002
276.92001,1.02191,0.00355,0.99641,0.00002,0.00002
277.06000,1.02194,0.00359,0.99637,0.00002,0.00002
277.20001,1.02191,0.00394,0.99601,0.00003,0.00002
277.34000,1.02194,0.00440,0.99555,0.00003,0.00002
277.48001,1.02191,0.00434,0.99561,0.00003,0.00002
277.62000,1.02194,0.00434,0.99560,0.00004,0.00003
277.76001,1.02194,0.00412,0.99582,0.00003,0.00002
277.89999,1.02194,0.00404,0.99591,0.00003,0.00002
278.04001,1.02194,0.00419,0.99575,0.00003,0.00002
278.17999,1.02194,0.00412,0.99583,0.00003,0.00002
278.32001,1.02194,0.00410,0.99585,0.00003,0.00002
278.45999,1.02194,0.00421,0.99573,0.00003,0.00002
278.60001,1.02194,0.00425,0.99570,0.00003,0.00003
278.73999,1.02194,0.00414,0.99580,0.00003,0.00003
278.88000,1.02194,0.00405,0.99590,0.00002,0.00003
279.01999,1.02194,0.00348,0.99648,0.00002,0.00002
279.16000,1.02194,0.00325,0.99672,0.00002,0.00002
279.29999,1.02194,0.00341,0.99655,0.00002,0.00002
279.44000,1.02194,0.00326,0.99671,0.00002,0.00002
279.57999,1.02194,0.00317,0.99680,0.00001,0.00002
279.72000,1.02194,0.00306,0.99692,0.00001,0.00002
279.85999,1.02194,0.00328,0.99669,0.00002,0.00002
280.00000,1.02194,0.00341,0.99656,0.00002,0.00002
280.14001,1.02191,0.00346,0.99650,0.00002,0.00002
280.28000,1.02194,0.00335,0.99661,0.00002,0.00002
280.42001,1.02191,0.00341,0.99656,0.00002,0.00002
280.56000,1.02194,0.00334,0.99663,0.00002,0.00002
280.70001,1.02191,0.00347,0.99649,0.00002,0.00002
280.84000,1.02194,0.00331,0.99665,0.00002,0.00002
280.98001,1.02191,0.00336,0.99661,0.00002,0.00002
281.12000,1.02194,0.00305,0.99692,0.00001,0.00002
281.26001,1.02194,0.00269,0.99729,0.00001,0.00002
281.39999,1.02194,0.00269,0.99729,0.00001,0.00002
281.54001,1.02194,0.00356,0.99639,0.00001,0.00003
281.67999,1.02194,0.01055,0.98905,0.00012,0.00028
281.82001,1.02194,0.00925,0.99043,0.00006,0.00026
281.95999,1.02194,0.01129,0.98834,0.00007,0.00030
282.10001,1.02194,0.00933,0.99048,0.00005,0.00014
282.23999,1.02194,0.01078,0.98893,0.00003,0.00025
282.38000,1.02194,0.04102,0.95792,0.00039,0.00068
282.51999,1.02194,0.00819,0.99157,0.00007,0.00017
282.66000,1.02194,0.00823,0.99161,0.00002,0.00014
282.79999,1.02194,0.00887,0.99101,0.00002,0.00010
282.94000,1.02194,0.01008,0.98972,0.00002,0.00019
283.07999,1.02194,0.01081,0.98900,0.00005,0.00013
283.22000,1.02194,0.06770,0.93045,0.00062,0.00123
283.35999,1.02194,0.01237,0.98743,0.00008,0.00012
283.50000,1.02194,0.01220,0.98764,0.00006,0.00010
283.64001,1.02191,0.01047,0.98934,0.00006,0.00012
283.78000,1.02194,0.01117,0.98864,0.00008,0.00012
283.92001,1.02191,0.02299,0.97674,0.00018,0.00010
284.06000,1.02194,0.00465,0.99528,0.00004,0.00003
284.20001,1.02191,0.00421,0.99573,0.00003,0.00002
284.34000,1.02194,0.00405,0.99590,0.00003,0.00002
284.48001,1.02191,0.00376,0.99620,0.00002,0.00002
284.62000,1.02194,0.00375,0.99621,0.00002,0.00002
284.76001,1.02194,0.00369,0.99627,0.00002,0.00002
284.89999,1.02194,0.00374,0.99622,0.00002,0.00002
285.04001,1.02194,0.00357,0.99639,0.00002,0.00002
285.17999,1.02194,0.00345,0.99651,0.00002,0.00002
285.32001,1.02194,0.00319,0.99678,0.00001,0.00002
285.45999,1.02194,0.00310,0.99687,0.00001,0.00002
285.60001,1.02194,0.00295,0.99702,0.00001,0.00002
285.73999,1.02194,0.00291,0.99706,0.00001,0.00002
285.88000,1.02194,0.00316,0.99681,0.00001,0.00002
286.01999,1.02194,0.00355,0.99641,0.00002,0.00002
286.16000,1.02194,0.00374,0.99622,0.00002,0.00002
286.29999,1.02194,0.00388,0.99608,0.00002,0.00002
286.44000,1.02194,0.00416,0.99579,0.00003,0.00002
286.57999,1.02194,0.00412,0.99582,0.00003,0.00002
286.72000,1.02194,0.00370,0.99626,0.00002,0.00002
286.85999,1.02194,0.00351,0.99645,0.00002,0.00002
287.00000,1.02194,0.00320,0.99676,0.00002,0.00002
287.14001,1.02191,0.00326,0.99671,0.00001,0.00002
287.28000,1.02194,0.00288,0.99709,0.00001,0.00001
287.42001,1.02191,0.00303,0.99694,0.00002,0.00002
287.56000,1.02194,0.00300,0.99696,0.00002,0.00002
287.70001,1.02191,0.00292,0.99705,0.00001,0.00002
287.84000,1.02194,0.00295,0.99702,0.00001,0.00002
287.98001,1.02191,0.00289,0.99709,0.00001,0.00002
288.12000,1.02194,0.00307,0.99690,0.00001,0.00002
288.26001,1.02194,0.00301,0.99696,0.00001,0.00002
288.39999,1.02194,0.00303,0.99694,0.00001,0.00002
288.54001,1.02194,0.00330,0.99667,0.00001,0.00002
288.67999,1.02194,0.00380,0.99616,0.00002,0.00002
288.82001,1.02194,0.00396,0.99600,0.00002,0.00002
288.95999,1.02194,0.00408,0.99588,0.00002,0.00002
289.10001,1.02194,0.00436,0.99559,0.00002,0.00002
289.23999,1.02194,0.00453,0.99542,0.00003,0.00002
289.38000,1.02194,0.00400,0.99595,0.00002,0.00002
289.51999,1.02194,0.00374,0.99622,0.00002,0.00002
289.66000,1.02194,0.00388,0.99608,0.00003,0.00002
289.79999,1.02194,0.00369,0.99626,0.00002,0.00002
289.94000,1.02194,0.00334,0.99663,0.00002,0.00002
290.07999,1.02194,0.00333,0.99663,0.00002,0.00002
290.22000,1.02194,0.00308,0.99689,0.00001,0.00002
290.35999,1.02194,0.00306,0.99691,0.00002,0.00002
290.50000,1.02194,0.00299,0.99698,0.00001,0.00002
290.64001,1.02191,0.00325,0.99671,0.00002,0.00002
290.78000,1.02194,0.00322,0.99674,0.00001,0.00002
290.92001,1.02191,0.00317,0.99680,0.00001,0.00003
291.06000,1.02194,0.00306,0.99691,0.00001,0.00002
291.20001,1.02191,0.00286,0.99711,0.00001,0.00002
291.34000,1.02194,0.00252,0.99745,0.00001,0.00001
291.48001,1.02191,0.00242,0.99756,0.00001,0.00002
291.62000,1.02194,0.00226,0.99772,0.00001,0.00001
291.76001,1.02194,0.00233,0.99765,0.00001,0.00001
291.89999,1.02194,0.00254,0.99744,0.00001,0.00001
292.04001,1.02194,0.00260,0.99738,0.00001,0.00001
292.17999,1.02194,0.00271,0.99726,0.00001,0.00001
292.32001,1.02194,0.00265,0.99733,0.00001,0.00001
292.45999,1.02194,0.00280,0.99717,0.00001,0.00001
292.60001,1.02194,0.00316,0.99681,0.00001,0.00001
292.73999,1.02194,0.00327,0.99669,0.00001,0.00002
292.88000,1.02194,0.00327,0.99670,0.00001,0.00002
293.01999,1.02194,0.00337,0.99659,0.00001,0.00002
293.16000,1.02194,0.00366,0.99630,0.00002,0.00002
293.29999,1.02194,0.00362,0.99634,0.00002,0.00002
293.44000,1.02194,0.00359,0.99637,0.00002,0.00002
293.57999,1.02194,0.00311,0.99686,0.00001,0.00002
293.72000,1.02194,0.00321,0.99676,0.00001,0.00002
293.85999,1.02194,0.00344,0.99653,0.00002,0.00002
294.00000,1.02194,0.00349,0.99648,0.00002,0.00002
294.14001,1.02191,0.00343,0.99653,0.00002,0.00002
294.28000,1.02194,0.00359,0.99638,0.00002,0.00002
294.42001,1.02191,0.00372,0.99624,0.00002,0.00002
294.56000,1.02194,0.00374,0.99622,0.00002,0.00002
294.70001,1.02191,0.00372,0.99624,0.00002,0.00002
294.84000,1.02194,0.00355,0.99642,0.00002,0.00002
294.98001,1.02191,0.00362,0.99635,0.00002,0.00002
295.12000,1.02194,0.00350,0.99646,0.00002,0.00002
295.26001,1.02194,0.00327,0.99670,0.00001,0.00002
295.39999,1.02194,0.00314,0.99683,0.00001,0.00002
295.54001,1.02194,0.00318,0.99678,0.00002,0.00002
295.67999,1.02194,0.00297,0.99701,0.00001,0.00001
295.82001,1.02194,0.00275,0.99723,0.00001,0.00002
295.95999,1.02194,0.00267,0.99730,0.00001,0.00002
296.10001,1.02194,0.00250,0.99748,0.00001,0.00001
296.23999,1.02194,0.00278,0.99719,0.00001,0.00001
296.38000,1.02194,0.00293,0.99704,0.00001,0.00002
296.51999,1.02194,0.00315,0.99681,0.00001,0.00002
296.66000,1.02194,0.00330,0.99666,0.00002,0.00002
296.79999,1.02194,0.00338,0.99658,0.00002,0.00002
296.94000,1.02194,0.00350,0.99646,0.00002,0.00002
297.07999,1.02194,0.00343,0.99653,0.00002,0.00002
297.22000,1.02194,0.00340,0.99656,0.00002,0.00002
297.35999,1.02194,0.00348,0.99648,0.00002,0.00002
297.50000,1.02194,0.00321,0.99675,0.00001,0.00002
297.64001,1.02191,0.00305,0.99692,0.00001,0.00002
297.78000,1.02194,0.00305,0.99692,0.00001,0.00002
297.92001,1.02191,0.00302,0.99694,0.00001,0.00002
298.06000,1.02194,0.00319,0.99677,0.00002,0.00002
298.20001,1.02191,0.00323,0.99673,0.00001,0.00002
298.34000,1.02194,0.00349,0.99647,0.00002,0.00002
298.48001,1.02191,0.00345,0.99652,0.00002,0.00002
298.62000,1.02194,0.00344,0.99652,0.00002,0.00002
298.76001,1.02194,0.00353,0.99643,0.00002,0.00002
298.89999,1.02194,0.00348,0.99649,0.00002,0.00002
299.04001,1.02194,0.00358,0.99639,0.00002,0.00002
299.17999,1.02194,0.00357,0.99639,0.00002,0.00002
299.32001,1.02194,0.00350,0.99647,0.00002,0.00002
299.45999,1.02194,0.00342,0.99654,0.00002,0.00002
299.60001,1.02194,0.00346,0.99651,0.00002,0.00002
299.73999,1.02194,0.00362,0.99633,0.00002,0.00002
299.88000,1.02194,0.00330,0.99667,0.00002,0.00002
300.01999,1.02194,0.00343,0.99653,0.00002,0.00002
300.16000,1.02194,0.00358,0.99638,0.00002,0.00002
300.29999,1.02194,0.00359,0.99637,0.00002,0.00002
300.44000,1.02194,0.00332,0.99664,0.00002,0.00002
300.57999,1.02194,0.00319,0.99677,0.00002,0.00002
300.72000,1.02194,0.00299,0.99698,0.00001,0.00002
300.85999,1.02194,0.00294,0.99703,0.00001,0.00002
301.00000,1.02194,0.00314,0.99682,0.00002,0.00002
301.14001,1.02191,0.00331,0.99666,0.00002,0.00001
301.28000,1.02194,0.00355,0.99641,0.00002,0.00002
301.42001,1.02191,0.00386,0.99610,0.00002,0.00002
301.56000,1.02194,0.00419,0.99576,0.00003,0.00002
301.70001,1.02191,0.00471,0.99523,0.00004,0.00002
301.84000,1.02194,0.00487,0.99507,0.00004,0.00003
301.98001,1.02191,0.00491,0.99503,0.00004,0.00002
302.12000,1.02194,0.00472,0.99521,0.00004,0.00002
302.26001,1.02194,0.00454,0.99539,0.00004,0.00002
302.39999,1.02194,0.00424,0.99571,0.00003,0.00002
302.54001,1.02194,0.00388,0.99607,0.00002,0.00002
302.67999,1.02194,0.00373,0.99623,0.00002,0.00002
302.82001,1.02194,0.00355,0.99641,0.00002,0.00002
302.95999,1.02194,0.00359,0.99637,0.00002,0.00002
303.10001,1.02194,0.00368,0.99628,0.00002,0.00002
303.23999,1.02194,0.00358,0.99638,0.00002,0.00002
303.38000,1.02194,0.00352,0.99644,0.00002,0.00002
303.51999,1.02194,0.00357,0.99640,0.00002,0.00002
303.66000,1.02194,0.00362,0.99634,0.00002,0.00002
303.79999,1.02194,0.00368,0.99627,0.00002,0.00002
303.94000,1.02194,0.00346,0.99650,0.00002,0.00002
304.07999,1.02194,0.00346,0.99651,0.00002,0.00002
304.22000,1.02194,0.00327,0.99670,0.00002,0.00002
304.35999,1.02194,0.00332,0.99664,0.00002,0.00002
304.50000,1.02194,0.00321,0.99675,0.00002,0.00002
304.64001,1.02191,0.00338,0.99659,0.00002,0.00002
304.78000,1.02194,0.00345,0.99651,0.00002,0.00002
304.92001,1.02191,0.00345,0.99652,0.00002,0.00002
305.06000,1.02194,0.00360,0.99637,0.00002,0.00002
305.20001,1.02191,0.00384,0.99611,0.00002,0.00002
305.34000,1.02194,0.00418,0.99577,0.00003,0.00002
305.48001,1.02191,0.00429,0.99566,0.00003,0.00002
305.62000,1.02194,0.00401,0.99594,0.00002,0.00002
305.76001,1.02194,0.00398,0.99597,0.00002,0.00002
305.89999,1.02194,0.00404,0.99591,0.00003,0.00002
306.04001,1.02194,0.00381,0.99615,0.00002,0.00002
306.17999,1.02194,0.00362,0.99634,0.00002,0.00002
306.32001,1.02194,0.00332,0.99665,0.00002,0.00002
306.45999,1.02194,0.00314,0.99683,0.00001,0.00002
306.60001,1.02194,0.00311,0.99686,0.00001,0.00002
306.73999,1.02194,0.00302,0.99695,0.00001,0.00002
306.88000,1.02194,0.00296,0.99701,0.00001,0.00002
307.01999,1.02194,0.00290,0.99707,0.00001,0.00002
307.16000,1.02194,0.00286,0.99711,0.00001,0.00002
307.29999,1.02194,0.00277,0.99720,0.00001,0.00002
307.44000,1.02194,0.00251,0.99746,0.00001,0.00002
307.57999,1.02194,0.00242,0.99756,0.00001,0.00001
307.72000,1.02194,0.00245,0.99753,0.00001,0.00001
307.85999,1.02194,0.00233,0.99765,0.00001,0.00001
308.00000,1.02194,0.00242,0.99756,0.00001,0.00001
308.14001,1.02191,0.00241,0.99757,0.00001,0.00001
308.28000,1.02194,0.00265,0.99733,0.00001,0.00002
308.42001,1.02191,0.00272,0.99726,0.00001,0.00002
308.56000,1.02194,0.00275,0.99723,0.00001,0.00001
308.70001,1.02191,0.00283,0.99714,0.00001,0.00001
308.84000,1.02194,0.00277,0.99721,0.00001,0.00001
308.98001,1.02191,0.00302,0.99696,0.00001,0.00002
309.12000,1.02194,0.00325,0.99672,0.00002,0.00002
309.26001,1.02194,0.00327,0.99669,0.00002,0.00002
309.39999,1.02194,0.00345,0.99651,0.00002,0.00002
309.54001,1.02194,0.00334,0.99663,0.00001,0.00002
309.67999,1.02194,0.00330,0.99667,0.00002,0.00002
309.82001,1.02194,0.00317,0.99680,0.00002,0.00002
309.95999,1.02194,0.00310,0.99687,0.00001,0.00002
310.10001,1.02194,0.00291,0.99706,0.00001,0.00002
310.23999,1.02194,0.00269,0.99729,0.00001,0.00001
310.38000,1.02194,0.00261,0.99737,0.00001,0.00001
310.51999,1.02194,0.00277,0.99720,0.00001,0.00002
310.66000,1.02194,0.00288,0.99709,0.00001,0.00002
310.79999,1.02194,0.00283,0.99715,0.00001,0.00002
310.94000,1.02194,0.00309,0.99688,0.00001,0.00002
311.07999,1.02194,0.00313,0.99684,0.00001,0.00002
311.22000,1.02194,0.00338,0.99659,0.00002,0.00002
311.35999,1.02194,0.00340,0.99656,0.00002,0.00002
311.50000,1.02194,0.00321,0.99676,0.00001,0.00002
311.64001,1.02191,0.00322,0.99675,0.00002,0.00002
311.78000,1.02194,0.00320,0.99676,0.00001,0.00002
311.92001,1.02191,0.00289,0.99709,0.00001,0.00002
312.06000,1.02194,0.00286,0.99711,0.00001,0.00002
312.20001,1.02191,0.00270,0.99728,0.00001,0.00001
312.34000,1.02194,0.00256,0.99742,0.00001,0.00001
312.48001,1.02191,0.00266,0.99732,0.00001,0.00001
312.62000,1.02194,0.00275,0.99723,0.00001,0.00002
312.76001,1.02194,0.00299,0.99698,0.00001,0.00002
312.89999,1.02194,0.00303,0.99694,0.00001,0.00002
313.04001,1.02194,0.00330,0.99667,0.00002,0.00002
313.17999,1.02194,0.00346,0.99650,0.00002,0.00002
313.32001,1.02194,0.00318,0.99678,0.00002,0.00002
313.45999,1.02194,0.00316,0.99681,0.00002,0.00002
313.60001,1.02194,0.00322,0.99675,0.00002,0.00002
313.73999,1.02194,0.00324,0.99673,0.00002,0.00002
313.88000,1.02194,0.00344,0.99652,0.00002,0.00002
314.01999,1.02194,0.00329,0.99667,0.00002,0.00002
314.16000,1.02194,0.00335,0.99661,0.00002,0.00002
314.29999,1.02194,0.00324,0.99673,0.00002,0.00002
314.44000,1.02194,0.00308,0.99689,0.00001,0.00002
314.57999,1.02194,0.00288,0.99709,0.00001,0.00002
314.72000,1.02194,0.00291,0.99706,0.00001,0.00002
314.85999,1.02194,0.00287,0.99710,0.00001,0.00002
315.00000,1.02194,0.00277,0.99720,0.00001,0.00001
315.14001,1.02191,0.00276,0.99721,0.00001,0.00001
315.28000,1.02194,0.00283,0.99715,0.00001,0.00002
315.42001,1.02191,0.00301,0.99696,0.00001,0.00002
315.56000,1.02194,0.00305,0.99692,0.00001,0.00002
315.70001,1.02191,0.00310,0.99687,0.00001,0.00002
315.84000,1.02194,0.00312,0.99685,0.00001,0.00002
315.98001,1.02191,0.00305,0.99692,0.00001,0.00002
316.12000,1.02194,0.00298,0.99699,0.00001,0.00002
316.26001,1.02194,0.00278,0.99720,0.00001,0.00002
316.39999,1.02194,0.00249,0.99748,0.00001,0.00001
316.54001,1.02194,0.00243,0.99755,0.00001,0.00001
316.67999,1.02194,0.00239,0.99759,0.00001,0.00001
316.82001,1.02194,0.00244,0.99754,0.00001,0.00001
316.95999,1.02194,0.00244,0.99754,0.00001,0.00001
317.10001,1.02194,0.00277,0.99721,0.00001,0.00002
317.23999,1.02194,0.00292,0.99706,0.00001,0.00002
317.38000,1.02194,0.00303,0.99694,0.00001,0.00002
317.51999,1.02194,0.00309,0.99688,0.00001,0.00002
317.66000,1.02194,0.00311,0.99686,0.00001,0.00002
317.79999,1.02194,0.00317,0.99680,0.00001,0.00002
317.94000,1.02194,0.00315,0.99682,0.00001,0.00002
318.07999,1.02194,0.00332,0.99665,0.00002,0.00002
318.22000,1.02194,0.00344,0.99652,0.00002,0.00002
318.35999,1.02194,0.00346,0.99651,0.00002,0.00002
318.50000,1.02194,0.00353,0.99643,0.00002,0.00002
318.64001,1.02191,0.00329,0.99667,0.00002,0.00002
318.78000,1.02194,0.00346,0.99651,0.00002,0.00002
318.92001,1.02191,0.00343,0.99654,0.00002,0.00002
319.06000,1.02194,0.00335,0.99661,0.00002,0.00002
319.20001,1.02191,0.00321,0.99676,0.00001,0.00002
319.34000,1.02194,0.00333,0.99663,0.00002,0.00002
319.48001,1.02191,0.00333,0.99663,0.00002,0.00002
319.62000,1.02194,0.00330,0.99666,0.00002,0.00002
319.76001,1.02194,0.00312,0.99685,0.00001,0.00002
319.89999,1.02194,0.00305,0.99692,0.00001,0.00002
320.04001,1.02194,0.00301,0.99696,0.00001,0.00002
320.17999,1.02194,0.00287,0.99710,0.00001,0.00002
320.32001,1.02194,0.00281,0.99716,0.00001,0.00002
320.45999,1.02194,0.00284,0.99713,0.00001,0.00002
320.60001,1.02194,0.00276,0.99722,0.00001,0.00002
320.73999,1.02194,0.00279,0.99719,0.00001,0.00002
320.88000,1.02194,0.00283,0.99714,0.00001,0.00002
321.01999,1.02194,0.00268,0.99730,0.00001,0.00002
321.16000,1.02194,0.00255,0.99742,0.00001,0.00001
321.29999,1.02194,0.00253,0.99744,0.00001,0.00002
321.44000,1.02194,0.00259,0.99738,0.00001,0.00002
321.57999,1.02194,0.00255,0.99743,0.00001,0.00001
321.72000,1.02194,0.00248,0.99750,0.00001,0.00001
321.85999,1.02194,0.00267,0.99731,0.00001,0.00002
322.00000,1.02194,0.00280,0.99717,0.00001,0.00002
322.14001,1.02191,0.00289,0.99708,0.00001,0.00002
322.28000,1.02194,0.00282,0.99716,0.00001,0.00001
322.42001,1.02191,0.00292,0.99705,0.00001,0.00002
322.56000,1.02194,0.00284,0.99713,0.00001,0.00002
322.70001,1.02191,0.00286,0.99711,0.00001,0.00002
322.84000,1.02194,0.00275,0.99722,0.00001,0.00002
322.98001,1.02191,0.00276,0.99721,0.00001,0.00002
323.12000,1.02194,0.00261,0.99737,0.00001,0.00001
323.26001,1.02194,0.00262,0.99736,0.00001,0.00001
323.39999,1.02194,0.00267,0.99731,0.00001,0.00001
323.54001,1.02194,0.00276,0.99722,0.00001,0.00002
323.67999,1.02194,0.00275,0.99722,0.00001,0.00002
323.82001,1.02194,0.00259,0.99739,0.00001,0.00001
323.95999,1.02194,0.00255,0.99743,0.00001,0.00002
324.10001,1.02194,0.00262,0.99736,0.00001,0.00002
324.23999,1.02194,0.00256,0.99741,0.00001,0.00001
324.38000,1.02194,0.00250,0.99748,0.00001,0.00001
324.51999,1.02194,0.00263,0.99735,0.00001,0.00001
324.66000,1.02194,0.00281,0.99716,0.00001,0.00002
324.79999,1.02194,0.00288,0.99710,0.00001,0.00002
324.94000,1.02194,0.00288,0.99709,0.00001,0.00002
325.07999,1.02194,0.00282,0.99716,0.00001,0.00001
325.22000,1.02194,0.00283,0.99714,0.00001,0.00001
325.35999,1.02194,0.00295,0.99702,0.00001,0.00002
325.50000,1.02194,0.00295,0.99702,0.00001,0.00001
325.64001,1.02191,0.00313,0.99683,0.00002,0.00002
325.78000,1.02194,0.00303,0.99694,0.00001,0.00002
325.92001,1.02191,0.00295,0.99702,0.00001,0.00002
326.06000,1.02194,0.00294,0.99703,0.00001,0.00002
326.20001,1.02191,0.00292,0.99705,0.00001,0.00002
326.34000,1.02194,0.00250,0.99747,0.00001,0.00002
326.48001,1.02191,0.00236,0.99762,0.00001,0.00002
326.62000,1.02194,0.00227,0.99771,0.00001,0.00001
326.76001,1.02194,0.00235,0.99763,0.00001,0.00002
326.89999,1.02194,0.00245,0.99753,0.00001,0.00002
327.04001,1.02194,0.00230,0.99768,0.00001,0.00001
327.17999,1.02194,0.00238,0.99760,0.00001,0.00001
327.32001,1.02194,0.00266,0.99732,0.00001,0.00002
327.45999,1.02194,0.00259,0.99738,0.00001,0.00001
327.60001,1.02194,0.00265,0.99733,0.00001,0.00002
327.73999,1.02194,0.00273,0.99725,0.00001,0.00002
327.88000,1.02194,0.00262,0.99736,0.00001,0.00001
328.01999,1.02194,0.00279,0.99719,0.00001,0.00002
328.16000,1.02194,0.00288,0.99709,0.00001,0.00002
328.29999,1.02194,0.00301,0.99696,0.00001,0.00002
328.44000,1.02194,0.00332,0.99664,0.00002,0.00002
328.57999,1.02194,0.00330,0.99667,0.00002,0.00002
328.72000,1.02194,0.00348,0.99649,0.00002,0.00002
328.85999,1.02194,0.00362,0.99634,0.00002,0.00002
329.00000,1.02194,0.00369,0.99627,0.00002,0.00002
329.14001,1.02191,0.00340,0.99656,0.00002,0.00002
329.28000,1.02194,0.00331,0.99665,0.00002,0.00002
329.42001,1.02191,0.00320,0.99677,0.00002,0.00002
329.56000,1.02194,0.00338,0.99658,0.00002,0.00002
329.70001,1.02191,0.00338,0.99659,0.00002,0.00002
329.84000,1.02194,0.00318,0.99679,0.00001,0.00002
329.98001,1.02191,0.00319,0.99678,0.00001,0.00002
330.12000,1.02194,0.00347,0.99650,0.00002,0.00002
330.26001,1.02194,0.00360,0.99636,0.00002,0.00002
330.39999,1.02194,0.00353,0.99643,0.00002,0.00002
330.54001,1.02194,0.00349,0.99648,0.00002,0.00002
330.67999,1.02194,0.00367,0.99630,0.00002,0.00002
330.82001,1.02194,0.00392,0.99604,0.00002,0.00002
330.95999,1.02194,0.00397,0.99598,0.00002,0.00003
331.10001,1.02194,0.00344,0.99652,0.00002,0.00002
331.23999,1.02194,0.00324,0.99673,0.00002,0.00002
331.38000,1.02194,0.00307,0.99690,0.00001,0.00002
331.51999,1.02194,0.00269,0.99728,0.00001,0.00002
331.66000,1.02194,0.00269,0.99728,0.00001,0.00002
331.79999,1.02194,0.00254,0.99743,0.00001,0.00002
331.94000,1.02194,0.00256,0.99741,0.00001,0.00002
332.07999,1.02194,0.00232,0.99765,0.00001,0.00001
332.22000,1.02194,0.00241,0.99757,0.00001,0.00002
332.35999,1.02194,0.00276,0.99721,0.00001,0.00002
332.50000,1.02194,0.00307,0.99689,0.00002,0.00002
332.64001,1.02191,0.00337,0.99659,0.00002,0.00002
332.78000,1.02194,0.00317,0.99679,0.00001,0.00002
332.92001,1.02191,0.00352,0.99644,0.00002,0.00002
333.06000,1.02194,0.00342,0.99654,0.00002,0.00002
333.20001,1.02191,0.00345,0.99652,0.00002,0.00002
333.34000,1.02194,0.00341,0.99655,0.00002,0.00002
333.48001,1.02191,0.00323,0.99674,0.00002,0.00002
333.62000,1.02194,0.00298,0.99699,0.00001,0.00002
333.76001,1.02194,0.00298,0.99699,0.00001,0.00002
333.89999,1.02194,0.00297,0.99700,0.00001,0.00002
334.04001,1.02194,0.00283,0.99715,0.00001,0.00002
334.17999,1.02194,0.00303,0.99694,0.00001,0.00002
334.32001,1.02194,0.00343,0.99654,0.00002,0.00002
334.45999,1.02194,0.00333,0.99664,0.00002,0.00002
334.60001,1.02194,0.00372,0.99624,0.00002,0.00002
334.73999,1.02194,0.00378,0.99618,0.00002,0.00002
334.88000,1.02194,0.00388,0.99607,0.00003,0.00002
335.01999,1.02194,0.00378,0.99618,0.00002,0.00002
335.16000,1.02194,0.00346,0.99650,0.00002,0.00002
335.29999,1.02194,0.00330,0.99666,0.00002,0.00002
335.44000,1.02194,0.00299,0.99698,0.00001,0.00001
335.57999,1.02194,0.00293,0.99704,0.00001,0.00002
335.72000,1.02194,0.00281,0.99717,0.00001,0.00002
335.85999,1.02194,0.00271,0.99727,0.00001,0.00001
336.00000,1.02194,0.00268,0.99730,0.00001,0.00001
336.14001,1.02191,0.00293,0.99704,0.00001,0.00002
336.28000,1.02194,0.00309,0.99689,0.00001,0.00002
336.42001,1.02191,0.00324,0.99672,0.00001,0.00002
336.56000,1.02194,0.00337,0.99659,0.00002,0.00002
336.70001,1.02191,0.00339,0.99658,0.00002,0.00002
336.84000,1.02194,0.00336,0.99661,0.00002,0.00002
336.98001,1.02191,0.00343,0.99654,0.00002,0.00002
337.12000,1.02194,0.00358,0.99638,0.00002,0.00002
337.26001,1.02194,0.00353,0.99643,0.00002,0.00002
337.39999,1.02194,0.00368,0.99628,0.00002,0.00002
337.54001,1.02194,0.00359,0.99637,0.00002,0.00002
337.67999,1.02194,0.00341,0.99655,0.00002,0.00002
337.82001,1.02194,0.00321,0.99676,0.00001,0.00002
337.95999,1.02194,0.00309,0.99688,0.00001,0.00002
338.10001,1.02194,0.00310,0.99687,0.00002,0.00002
338.23999,1.02194,0.00312,0.99685,0.00002,0.00002
338.38000,1.02194,0.00304,0.99693,0.00001,0.00002
338.51999,1.02194,0.00302,0.99695,0.00001,0.00002
338.66000,1.02194,0.00313,0.99684,0.00001,0.00002
338.79999,1.02194,0.00312,0.99685,0.00001,0.00002
338.94000,1.02194,0.00321,0.99676,0.00002,0.00002
339.07999,1.02194,0.00328,0.99668,0.00002,0.00002
339.22000,1.02194,0.00318,0.99679,0.00002,0.00002
339.35999,1.02194,0.00331,0.99666,0.00002,0.00002
339.50000,1.02194,0.00319,0.99678,0.00002,0.00002
339.64001,1.02191,0.00331,0.99666,0.00002,0.00002
339.78000,1.02194,0.00321,0.99675,0.00002,0.00002
339.92001,1.02191,0.00309,0.99688,0.00001,0.00002
340.06000,1.02194,0.00306,0.99691,0.00001,0.00002
340.20001,1.02191,0.00296,0.99701,0.00001,0.00002
340.34000,1.02194,0.00294,0.99703,0.00001,0.00002
340.48001,1.02191,0.00276,0.99722,0.00001,0.00002
340.62000,1.02194,0.00270,0.99727,0.00001,0.00002
340.76001,1.02194,0.00273,0.99724,0.00001,0.00001
340.89999,1.02194,0.00296,0.99701,0.00001,0.00002
341.04001,1.02194,0.00322,0.99675,0.00002,0.00002
341.17999,1.02194,0.00323,0.99674,0.00001,0.00001
341.32001,1.02194,0.00353,0.99643,0.00002,0.00002
341.45999,1.02194,0.00380,0.99615,0.00002,0.00002
341.60001,1.02194,0.00363,0.99634,0.00002,0.00002
341.73999,1.02194,0.00342,0.99654,0.00002,0.00002
341.88000,1.02194,0.00316,0.99681,0.00001,0.00002
342.01999,1.02194,0.00299,0.99699,0.00001,0.00002
342.16000,1.02194,0.00298,0.99699,0.00001,0.00002
342.29999,1.02194,0.00280,0.99718,0.00001,0.00001
342.44000,1.02194,0.00279,0.99719,0.00001,0.00001
342.57999,1.02194,0.00276,0.99721,0.00001,0.00002
342.72000,1.02194,0.00260,0.99738,0.00001,0.00001
342.85999,1.02194,0.00275,0.99723,0.00001,0.00002
343.00000,1.02194,0.00252,0.99746,0.00001,0.00001
343.14001,1.02191,0.00252,0.99746,0.00001,0.00001
343.28000,1.02194,0.00248,0.99750,0.00001,0.00002
343.42001,1.02191,0.00243,0.99755,0.00001,0.00001
343.56000,1.02194,0.00266,0.99731,0.00001,0.00002
343.70001,1.02191,0.00283,0.99714,0.00001,0.00002
343.84000,1.02194,0.00274,0.99723,0.00001,0.00002
343.98001,1.02191,0.00284,0.99713,0.00001,0.00002
344.12000,1.02194,0.00287,0.99710,0.00001,0.00002
344.26001,1.02194,0.00295,0.99702,0.00001,0.00002
344.39999,1.02194,0.00282,0.99715,0.00001,0.00002
344.54001,1.02194,0.00281,0.99717,0.00001,0.00002
344.67999,1.02194,0.00278,0.99719,0.00001,0.00002
344.82001,1.02194,0.00310,0.99686,0.00001,0.00002
344.95999,1.02194,0.00323,0.99674,0.00001,0.00002
345.10001,1.02194,0.00316,0.99681,0.00001,0.00002
345.23999,1.02194,0.00329,0.99668,0.00001,0.00002
345.38000,1.02194,0.00354,0.99643,0.00002,0.00002
345.51999,1.02194,0.00370,0.99627,0.00002,0.00002
345.66000,1.02194,0.00381,0.99615,0.00002,0.00002
345.79999,1.02194,0.00376,0.99620,0.00002,0.00002
345.94000,1.02194,0.00360,0.99636,0.00002,0.00002
346.07999,1.02194,0.00361,0.99635,0.00002,0.00002
346.22000,1.02194,0.00323,0.99674,0.00001,0.00002
346.35999,1.02194,0.00321,0.99676,0.00001,0.00002
346.50000,1.02194,0.00316,0.99681,0.00001,0.00002
346.64001,1.02191,0.00325,0.99672,0.00002,0.00002
346.78000,1.02194,0.00337,0.99660,0.00002,0.00002
346.92001,1.02191,0.00324,0.99673,0.00001,0.00002
347.06000,1.02194,0.00326,0.99671,0.00001,0.00002
347.20001,1.02191,0.00348,0.99648,0.00002,0.00002
347.34000,1.02194,0.00336,0.99661,0.00002,0.00002
347.48001,1.02191,0.00316,0.99681,0.00002,0.00002
347.62000,1.02194,0.00302,0.99695,0.00001,0.00002
347.76001,1.02194,0.00286,0.99711,0.00001,0.00001
347.89999,1.02194,0.00281,0.99717,0.00001,0.00002
348.04001,1.02194,0.00281,0.99716,0.00001,0.00002
348.17999,1.02194,0.00302,0.99695,0.00001,0.00002
348.32001,1.02194,0.00335,0.99661,0.00002,0.00002
348.45999,1.02194,0.00342,0.99654,0.00002,0.00002
348.60001,1.02194,0.00336,0.99660,0.00002,0.00002
348.73999,1.02194,0.00353,0.99644,0.00002,0.00002
348.88000,1.02194,0.00372,0.99623,0.00002,0.00002
349.01999,1.02194,0.00356,0.99640,0.00002,0.00002
349.16000,1.02194,0.00327,0.99670,0.00002,0.00002
349.29999,1.02194,0.00306,0.99691,0.00001,0.00002
349.44000,1.02194,0.00299,0.99699,0.00001,0.00001
349.57999,1.02194,0.00329,0.99668,0.00002,0.00002
349.72000,1.02194,0.00383,0.99612,0.00002,0.00002
349.85999,1.02194,0.00375,0.99621,0.00002,0.00002
350.00000,1.02194,0.00376,0.99620,0.00002,0.00002
350.14001,1.02191,0.00408,0.99587,0.00003,0.00002
350.28000,1.02194,0.00405,0.99591,0.00002,0.00002
350.42001,1.02191,0.00378,0.99618,0.00002,0.00002
350.56000,1.02194,0.00350,0.99647,0.00002,0.00002
350.70001,1.02191,0.00340,0.99657,0.00001,0.00002
350.84000,1.02194,0.00325,0.99671,0.00002,0.00002
350.98001,1.02191,0.00317,0.99680,0.00001,0.00002
351.12000,1.02194,0.00309,0.99688,0.00001,0.00002
351.26001,1.02194,0.00300,0.99697,0.00001,0.00002
351.39999,1.02194,0.00290,0.99707,0.00001,0.00002
351.54001,1.02194,0.00278,0.99720,0.00001,0.00001
351.67999,1.02194,0.00285,0.99712,0.00001,0.00002
351.82001,1.02194,0.00272,0.99726,0.00001,0.00001
351.95999,1.02194,0.00291,0.99706,0.00001,0.00002
352.10001,1.02194,0.00308,0.99689,0.00001,0.00002
352.23999,1.02194,0.00312,0.99684,0.00001,0.00002
352.38000,1.02194,0.00343,0.99653,0.00002,0.00002
352.51999,1.02194,0.00342,0.99655,0.00002,0.00002
352.66000,1.02194,0.00365,0.99631,0.00002,0.00002
352.79999,1.02194,0.00326,0.99671,0.00002,0.00002
352.94000,1.02194,0.00318,0.99679,0.00002,0.00002
353.07999,1.02194,0.00317,0.99680,0.00001,0.00002
353.22000,1.02194,0.00321,0.99676,0.00002,0.00002
353.35999,1.02194,0.00316,0.99681,0.00002,0.00002
353.50000,1.02194,0.00331,0.99666,0.00002,0.00002
353.64001,1.02191,0.00342,0.99655,0.00002,0.00002
353.78000,1.02194,0.00345,0.99652,0.00002,0.00002
353.92001,1.02191,0.00344,0.99653,0.00002,0.00002
354.06000,1.02194,0.00333,0.99664,0.00002,0.00002
354.20001,1.02191,0.00335,0.99661,0.00002,0.00002
354.34000,1.02194,0.00326,0.99670,0.00002,0.00002
354.48001,1.02191,0.00320,0.99676,0.00002,0.00002
354.62000,1.02194,0.00309,0.99688,0.00001,0.00002
354.76001,1.02194,0.00295,0.99702,0.00001,0.00002
354.89999,1.02194,0.00283,0.99714,0.00001,0.00002
355.04001,1.02194,0.00272,0.99726,0.00001,0.00002
355.17999,1.02194,0.00275,0.99722,0.00001,0.00002
355.32001,1.02194,0.00272,0.99726,0.00001,0.00001
355.45999,1.02194,0.00255,0.99742,0.00001,0.00001
355.60001,1.02194,0.00259,0.99739,0.00001,0.00001
355.73999,1.02194,0.00260,0.99737,0.00001,0.00001
355.88000,1.02194,0.00268,0.99729,0.00001,0.00001
356.01999,1.02194,0.00279,0.99718,0.00001,0.00002
356.16000,1.02194,0.00283,0.99714,0.00001,0.00002
356.29999,1.02194,0.00284,0.99713,0.00001,0.00002
356.44000,1.02194,0.00281,0.99716,0.00001,0.00002
356.57999,1.02194,0.00292,0.99705,0.00001,0.00002
356.72000,1.02194,0.00303,0.99694,0.00001,0.00002
356.85999,1.02194,0.00310,0.99686,0.00001,0.00002
357.00000,1.02194,0.00318,0.99679,0.00002,0.00002
357.14001,1.02191,0.00338,0.99659,0.00002,0.00002
357.28000,1.02194,0.00334,0.99662,0.00002,0.00002
357.42001,1.02191,0.00322,0.99675,0.00002,0.00002
357.56000,1.02194,0.00311,0.99686,0.00001,0.00002
357.70001,1.02191,0.00316,0.99680,0.00002,0.00002
357.84000,1.02194,0.00325,0.99671,0.00002,0.00002
357.98001,1.02191,0.00311,0.99686,0.00002,0.00002
358.12000,1.02194,0.00314,0.99683,0.00001,0.00002
358.26001,1.02194,0.00321,0.99675,0.00002,0.00002
358.39999,1.02194,0.00298,0.99699,0.00001,0.00002
358.54001,1.02194,0.00289,0.99708,0.00001,0.00002
358.67999,1.02194,0.00289,0.99708,0.00001,0.00002
358.82001,1.02194,0.00313,0.99684,0.00002,0.00002
358.95999,1.02194,0.00363,0.99633,0.00003,0.00002
359.10001,1.02194,0.00348,0.99649,0.00002,0.00002
359.23999,1.02194,0.00359,0.99637,0.00002,0.00002
359.38000,1.02194,0.00365,0.99631,0.00002,0.00002
359.51999,1.02194,0.00410,0.99584,0.00003,0.00002
359.66000,1.02194,0.00407,0.99587,0.00003,0.00002
359.79999,1.02194,0.00386,0.99609,0.00003,0.00002
359.94000,1.02194,0.00407,0.99587,0.00003,0.00002
360.07999,1.02194,0.00400,0.99594,0.00003,0.00002
360.22000,1.02194,0.00399,0.99596,0.00003,0.00002
360.35999,1.02194,0.00407,0.99588,0.00003,0.00003
360.50000,1.02194,0.00384,0.99611,0.00002,0.00003
360.64001,1.02191,0.00362,0.99633,0.00002,0.00002
360.78000,1.02194,0.00303,0.99694,0.00001,0.00002
360.92001,1.02191,0.00306,0.99691,0.00001,0.00002
361.06000,1.02194,0.00308,0.99689,0.00001,0.00002
361.20001,1.02191,0.00320,0.99676,0.00002,0.00002
361.34000,1.02194,0.00273,0.99725,0.00001,0.00002
361.48001,1.02191,0.00258,0.99739,0.00001,0.00001
361.62000,1.02194,0.00282,0.99715,0.00001,0.00001
361.76001,1.02194,0.00266,0.99731,0.00001,0.00002
361.89999,1.02194,0.00264,0.99733,0.00001,0.00002
362.04001,1.02194,0.00234,0.99764,0.00001,0.00001
362.17999,1.02194,0.00234,0.99764,0.00001,0.00001
362.32001,1.02194,0.00256,0.99742,0.00001,0.00001
362.45999,1.02194,0.00293,0.99703,0.00001,0.00002
362.60001,1.02194,0.00281,0.99716,0.00001,0.00002
362.73999,1.02194,0.00248,0.99750,0.00001,0.00001
362.88000,1.02194,0.00253,0.99744,0.00001,0.00001
363.01999,1.02194,0.00259,0.99739,0.00001,0.00001
363.16000,1.02194,0.00252,0.99745,0.00001,0.00001
363.29999,1.02194,0.00256,0.99741,0.00001,0.00002
363.44000,1.02194,0.00245,0.99753,0.00001,0.00001
363.57999,1.02194,0.00275,0.99722,0.00001,0.00002
363.72000,1.02194,0.00276,0.99721,0.00001,0.00002
363.85999,1.02194,0.00293,0.99704,0.00001,0.00002
364.00000,1.02194,0.00292,0.99705,0.00001,0.00002
364.14001,1.02191,0.00303,0.99694,0.00001,0.00002
364.28000,1.02194,0.00332,0.99665,0.00001,0.00002
364.42001,1.02191,0.00341,0.99656,0.00002,0.00002
364.56000,1.02194,0.00338,0.99658,0.00001,0.00002
364.70001,1.02191,0.00341,0.99655,0.00002,0.00002
364.84000,1.02194,0.00336,0.99661,0.00002,0.00002
364.98001,1.02191,0.00321,0.99676,0.00001,0.00002
365.12000,1.02194,0.00311,0.99685,0.00001,0.00002
365.26001,1.02194,0.00292,0.99705,0.00001,0.00002
365.39999,1.02194,0.00283,0.99715,0.00001,0.00001
365.54001,1.02194,0.00294,0.99703,0.00001,0.00002
365.67999,1.02194,0.00286,0.99711,0.00001,0.00002
365.82001,1.02194,0.00273,0.99725,0.00001,0.00001
365.95999,1.02194,0.00275,0.99722,0.00001,0.00001
366.10001,1.02194,0.00297,0.99701,0.00001,0.00002
366.23999,1.02194,0.00292,0.99705,0.00001,0.00002
366.38000,1.02194,0.00307,0.99690,0.00002,0.00002
366.51999,1.02194,0.00317,0.99680,0.00002,0.00002
366.66000,1.02194,0.00347,0.99650,0.00002,0.00002
366.79999,1.02194,0.00393,0.99602,0.00003,0.00002
366.94000,1.02194,0.00411,0.99584,0.00003,0.00002
367.07999,1.02194,0.00401,0.99594,0.00003,0.00002
367.22000,1.02194,0.00392,0.99604,0.00002,0.00002
367.35999,1.02194,0.00358,0.99638,0.00002,0.00002
367.50000,1.02194,0.00335,0.99661,0.00002,0.00002
367.64001,1.02191,0.00306,0.99691,0.00001,0.00002
367.78000,1.02194,0.00307,0.99690,0.00001,0.00002
367.92001,1.02191,0.00285,0.99712,0.00001,0.00002
368.06000,1.02194,0.00296,0.99701,0.00001,0.00002
368.20001,1.02191,0.00307,0.99690,0.00001,0.00002
368.34000,1.02194,0.00321,0.99676,0.00001,0.00002
368.48001,1.02191,0.00337,0.99659,0.00002,0.00002
368.62000,1.02194,0.00340,0.99657,0.00002,0.00002
368.76001,1.02194,0.00358,0.99638,0.00002,0.00002
368.89999,1.02194,0.00357,0.99639,0.00002,0.00002
369.04001,1.02194,0.00372,0.99624,0.00002,0.00002
369.17999,1.02194,0.00374,0.99621,0.00002,0.00002
369.32001,1.02194,0.00346,0.99651,0.00001,0.00002
369.45999,1.02194,0.00342,0.99654,0.00002,0.00002
369.60001,1.02194,0.00345,0.99651,0.00002,0.00002
369.73999,1.02194,0.00313,0.99683,0.00001,0.00002
369.88000,1.02194,0.00307,0.99690,0.00001,0.00002
370.01999,1.02194,0.00288,0.99709,0.00001,0.00002
370.16000,1.02194,0.00298,0.99699,0.00001,0.00002
370.29999,1.02194,0.00309,0.99687,0.00001,0.00002
370.44000,1.02194,0.00300,0.99697,0.00001,0.00002
370.57999,1.02194,0.00294,0.99704,0.00001,0.00002
370.72000,1.02194,0.00313,0.99684,0.00002,0.00002
370.85999,1.02194,0.00312,0.99685,0.00001,0.00002
371.00000,1.02194,0.00339,0.99658,0.00002,0.00002
371.14001,1.02191,0.00350,0.99646,0.00002,0.00002
371.28000,1.02194,0.00364,0.99632,0.00002,0.00002
371.42001,1.02191,0.00356,0.99640,0.00002,0.00002
371.56000,1.02194,0.00355,0.99641,0.00002,0.00002
371.70001,1.02191,0.00352,0.99644,0.00002,0.00002
371.84000,1.02194,0.00335,0.99661,0.00002,0.00002
371.98001,1.02191,0.00330,0.99666,0.00002,0.00002
372.12000,1.02194,0.00346,0.99650,0.00002,0.00002
372.26001,1.02194,0.00336,0.99661,0.00002,0.00002
372.39999,1.02194,0.00351,0.99645,0.00002,0.00002
372.54001,1.02194,0.00382,0.99614,0.00003,0.00002
372.67999,1.02194,0.00387,0.99609,0.00003,0.00002
372.82001,1.02194,0.00400,0.99596,0.00002,0.00002
372.95999,1.02194,0.00408,0.99587,0.00003,0.00002
373.10001,1.02194,0.00389,0.99607,0.00002,0.00002
373.23999,1.02194,0.00382,0.99614,0.00002,0.00002
373.38000,1.02194,0.00357,0.99640,0.00002,0.00002
373.51999,1.02194,0.00353,0.99643,0.00002,0.00002
373.66000,1.02194,0.00327,0.99670,0.00002,0.00002
373.79999,1.02194,0.00298,0.99699,0.00001,0.00002
373.94000,1.02194,0.00266,0.99732,0.00001,0.00001
374.07999,1.02194,0.00262,0.99735,0.00001,0.00002
374.22000,1.02194,0.00259,0.99739,0.00001,0.00001
374.35999,1.02194,0.00273,0.99725,0.00001,0.00002
374.50000,1.02194,0.00288,0.99709,0.00001,0.00002
374.64001,1.02191,0.00322,0.99674,0.00001,0.00002
374.78000,1.02194,0.00373,0.99623,0.00002,0.00002
374.92001,1.02191,0.00369,0.99627,0.00002,0.00002
375.06000,1.02194,0.00376,0.99620,0.00002,0.00002
375.20001,1.02191,0.00376,0.99620,0.00002,0.00002
375.34000,1.02194,0.00396,0.99599,0.00003,0.00002
375.48001,1.02191,0.00363,0.99633,0.00002,0.00002
375.62000,1.02194,0.00370,0.99626,0.00002,0.00002
375.76001,1.02194,0.00340,0.99656,0.00002,0.00002
375.89999,1.02194,0.00350,0.99646,0.00002,0.00002
376.04001,1.02194,0.00372,0.99623,0.00002,0.00002
376.17999,1.02194,0.00382,0.99614,0.00003,0.00002
376.32001,1.02194,0.00380,0.99616,0.00003,0.00002
376.45999,1.02194,0.00383,0.99613,0.00002,0.00002
376.60001,1.02194,0.00386,0.99610,0.00002,0.00002
376.73999,1.02194,0.00381,0.99614,0.00003,0.00002
376.88000,1.02194,0.00366,0.99629,0.00002,0.00002
377.01999,1.02194,0.00361,0.99635,0.00002,0.00002
377.16000,1.02194,0.00340,0.99656,0.00002,0.00002
377.29999,1.02194,0.00322,0.99675,0.00002,0.00002
377.44000,1.02194,0.00298,0.99699,0.00001,0.00002
377.57999,1.02194,0.00298,0.99699,0.00001,0.00002
377.72000,1.02194,0.00277,0.99720,0.00001,0.00002
377.85999,1.02194,0.00269,0.99729,0.00001,0.00002
378.00000,1.02194,0.00261,0.99737,0.00001,0.00002
378.14001,1.02191,0.00257,0.99740,0.00001,0.00001
378.28000,1.02194,0.00276,0.99722,0.00001,0.00002
378.42001,1.02191,0.00294,0.99703,0.00001,0.00002
378.56000,1.02194,0.00292,0.99705,0.00001,0.00002
378.70001,1.02191,0.00297,0.99700,0.00001,0.00002
378.84000,1.02194,0.00300,0.99697,0.00001,0.00002
378.98001,1.02191,0.00319,0.99678,0.00002,0.00002
379.12000,1.02194,0.00300,0.99697,0.00001,0.00002
379.26001,1.02194,0.00294,0.99703,0.00001,0.00002
379.39999,1.02194,0.00282,0.99716,0.00001,0.00002
379.54001,1.02194,0.00289,0.99708,0.00001,0.00002
379.67999,1.02194,0.00289,0.99708,0.00001,0.00001
379.82001,1.02194,0.00305,0.99692,0.00001,0.00002
379.95999,1.02194,0.00287,0.99710,0.00001,0.00002
380.10001,1.02194,0.00279,0.99719,0.00001,0.00002
380.23999,1.02194,0.00288,0.99709,0.00001,0.00002
380.38000,1.02194,0.00295,0.99702,0.00001,0.00002
380.51999,1.02194,0.00299,0.99698,0.00001,0.00002
380.66000,1.02194,0.00286,0.99711,0.00001,0.00002
380.79999,1.02194,0.00287,0.99710,0.00001,0.00002
380.94000,1.02194,0.00293,0.99704,0.00001,0.00002
381.07999,1.02194,0.00300,0.99697,0.00001,0.00002
381.22000,1.02194,0.00314,0.99683,0.00002,0.00002
381.35999,1.02194,0.00312,0.99685,0.00002,0.00002
381.50000,1.02194,0.00338,0.99658,0.00002,0.00002
381.64001,1.02191,0.00354,0.99642,0.00002,0.00002
381.78000,1.02194,0.00349,0.99648,0.00002,0.00002
381.92001,1.02191,0.00361,0.99635,0.00002,0.00002
382.06000,1.02194,0.00401,0.99593,0.00003,0.00002
382.20001,1.02191,0.00378,0.99618,0.00002,0.00002
382.34000,1.02194,0.00399,0.99596,0.00003,0.00002
382.48001,1.02191,0.00346,0.99651,0.00002,0.00002
382.62000,1.02194,0.00319,0.99678,0.00002,0.00002
382.76001,1.02194,0.00287,0.99710,0.00001,0.00002
382.89999,1.02194,0.00271,0.99727,0.00001,0.00002
383.04001,1.02194,0.00264,0.99734,0.00001,0.00002
383.17999,1.02194,0.00259,0.99739,0.00001,0.00002
383.32001,1.02194,0.00262,0.99736,0.00001,0.00001
383.45999,1.02194,0.00266,0.99731,0.00001,0.00001
383.60001,1.02194,0.00276,0.99722,0.00001,0.00001
383.73999,1.02194,0.00304,0.99693,0.00001,0.00002
383.88000,1.02194,0.00302,0.99696,0.00001,0.00002
384.01999,1.02194,0.00347,0.99649,0.00002,0.00002
384.16000,1.02194,0.00341,0.99655,0.00002,0.00002
384.29999,1.02194,0.00343,0.99653,0.00002,0.00002
384.44000,1.02194,0.00349,0.99648,0.00002,0.00002
384.57999,1.02194,0.00359,0.99637,0.00002,0.00002
384.72000,1.02194,0.00371,0.99625,0.00002,0.00002
384.85999,1.02194,0.00359,0.99637,0.00002,0.00002
385.00000,1.02194,0.00339,0.99657,0.00002,0.00002
385.14001,1.02191,0.00330,0.99666,0.00002,0.00002
385.28000,1.02194,0.00316,0.99681,0.00001,0.00002
385.42001,1.02191,0.00299,0.99698,0.00001,0.00002
385.56000,1.02194,0.00295,0.99702,0.00001,0.00002
385.70001,1.02191,0.00278,0.99719,0.00001,0.00001
385.84000,1.02194,0.00293,0.99704,0.00001,0.00002
385.98001,1.02191,0.00296,0.99701,0.00001,0.00002
386.12000,1.02194,0.00321,0.99675,0.00002,0.00002
386.26001,1.02194,0.00333,0.99663,0.00002,0.00002
386.39999,1.02194,0.00321,0.99675,0.00001,0.00002
386.54001,1.02194,0.00346,0.99650,0.00002,0.00002
386.67999,1.02194,0.00343,0.99654,0.00002,0.00002
386.82001,1.02194,0.00331,0.99665,0.00002,0.00002
386.95999,1.02194,0.00305,0.99692,0.00001,0.00002
387.10001,1.02194,0.00287,0.99710,0.00001,0.00002
387.23999,1.02194,0.00300,0.99697,0.00001,0.00002
387.38000,1.02194,0.00280,0.99717,0.00001,0.00001
387.51999,1.02194,0.00271,0.99727,0.00001,0.00002
387.66000,1.02194,0.00271,0.99726,0.00001,0.00001
387.79999,1.02194,0.00273,0.99724,0.00001,0.00001
387.94000,1.02194,0.00299,0.99698,0.00001,0.00002
388.07999,1.02194,0.00313,0.99683,0.00001,0.00002
388.22000,1.02194,0.00322,0.99675,0.00001,0.00002
388.35999,1.02194,0.00330,0.99666,0.00002,0.00002
388.50000,1.02194,0.00372,0.99624,0.00002,0.00002
388.64001,1.02191,0.00365,0.99631,0.00002,0.00002
388.78000,1.02194,0.00363,0.99633,0.00002,0.00002
388.92001,1.02191,0.00348,0.99649,0.00002,0.00002
389.06000,1.02194,0.00351,0.99645,0.00002,0.00002
389.20001,1.02191,0.00345,0.99651,0.00002,0.00002
389.34000,1.02194,0.00331,0.99665,0.00002,0.00002
389.48001,1.02191,0.00318,0.99679,0.00002,0.00002
389.62000,1.02194,0.00298,0.99699,0.00001,0.00001
389.76001,1.02194,0.00301,0.99696,0.00002,0.00002
389.89999,1.02194,0.00342,0.99654,0.00002,0.00002
390.04001,1.02194,0.00322,0.99674,0.00002,0.00002
390.17999,1.02194,0.00322,0.99675,0.00002,0.00002
390.32001,1.02194,0.00315,0.99682,0.00002,0.00002
390.45999,1.02194,0.00300,0.99697,0.00001,0.00002
390.60001,1.02194,0.00310,0.99686,0.00001,0.00002
390.73999,1.02194,0.00302,0.99695,0.00001,0.00003
390.88000,1.02194,0.00276,0.99721,0.00001,0.00002
391.01999,1.02194,0.00309,0.99688,0.00001,0.00002
391.16000,1.02194,0.00323,0.99673,0.00001,0.00002
391.29999,1.02194,0.00346,0.99650,0.00001,0.00002
391.44000,1.02194,0.00368,0.99628,0.00002,0.00002
391.57999,1.02194,0.00445,0.99549,0.00003,0.00003
391.72000,1.02194,0.00430,0.99564,0.00003,0.00003
391.85999,1.02194,0.00399,0.99596,0.00002,0.00003
392.00000,1.02194,0.00360,0.99636,0.00002,0.00002
392.14001,1.02191,0.00325,0.99671,0.00001,0.00002
392.28000,1.02194,0.00313,0.99683,0.00002,0.00002
392.42001,1.02191,0.00353,0.99643,0.00002,0.00002
392.56000,1.02194,0.00316,0.99680,0.00002,0.00002
392.70001,1.02191,0.00320,0.99677,0.00002,0.00002
392.84000,1.02194,0.00316,0.99681,0.00001,0.00002
392.98001,1.02191,0.00338,0.99658,0.00002,0.00002
393.12000,1.02194,0.00339,0.99657,0.00002,0.00002
393.26001,1.02194,0.00339,0.99657,0.00002,0.00002
393.39999,1.02194,0.00328,0.99668,0.00002,0.00002
393.54001,1.02194,0.00342,0.99655,0.00002,0.00002
393.67999,1.02194,0.00332,0.99664,0.00002,0.00002
393.82001,1.02194,0.00314,0.99683,0.00001,0.00002
393.95999,1.02194,0.00305,0.99692,0.00001,0.00002
394.10001,1.02194,0.00310,0.99687,0.00001,0.00002
394.23999,1.02194,0.00311,0.99686,0.00001,0.00002
394.38000,1.02194,0.00297,0.99701,0.00001,0.00002
394.51999,1.02194,0.00284,0.99714,0.00001,0.00001
394.66000,1.02194,0.00288,0.99709,0.00001,0.00001
394.79999,1.02194,0.00297,0.99700,0.00001,0.00002
394.94000,1.02194,0.00286,0.99712,0.00001,0.00002
395.07999,1.02194,0.00279,0.99719,0.00001,0.00001
395.22000,1.02194,0.00295,0.99702,0.00001,0.00002
395.35999,1.02194,0.00296,0.99701,0.00001,0.00002
395.50000,1.02194,0.00309,0.99688,0.00001,0.00002
395.64001,1.02191,0.00298,0.99699,0.00001,0.00002
395.78000,1.02194,0.00286,0.99711,0.00001,0.00002
395.92001,1.02191,0.00297,0.99701,0.00001,0.00002
396.06000,1.02194,0.00285,0.99712,0.00001,0.00002
396.20001,1.02191,0.00282,0.99715,0.00001,0.00002
396.34000,1.02194,0.00265,0.99733,0.00001,0.00002
396.48001,1.02191,0.00260,0.99738,0.00001,0.00002
396.62000,1.02194,0.00255,0.99743,0.00001,0.00001
396.76001,1.02194,0.00254,0.99743,0.00001,0.00001
396.89999,1.02194,0.00269,0.99728,0.00001,0.00002
397.04001,1.02194,0.00269,0.99729,0.00001,0.00002
397.17999,1.02194,0.00281,0.99716,0.00001,0.00002
397.32001,1.02194,0.00315,0.99682,0.00002,0.00002
397.45999,1.02194,0.00336,0.99660,0.00002,0.00002
397.60001,1.02194,0.00345,0.99651,0.00002,0.00002
397.73999,1.02194,0.00347,0.99650,0.00002,0.00002
397.88000,1.02194,0.00361,0.99635,0.00002,0.00002
398.01999,1.02194,0.00345,0.99651,0.00002,0.00002
398.16000,1.02194,0.00316,0.99681,0.00002,0.00002
398.29999,1.02194,0.00295,0.99702,0.00001,0.00002
398.44000,1.02194,0.00302,0.99695,0.00001,0.00002
398.57999,1.02194,0.00280,0.99717,0.00001,0.00002
398.72000,1.02194,0.00275,0.99722,0.00001,0.00001
398.85999,1.02194,0.00271,0.99726,0.00001,0.00001
399.00000,1.02194,0.00262,0.99735,0.00001,0.00002
399.14001,1.02191,0.00262,0.99736,0.00001,0.00001
399.28000,1.02194,0.00275,0.99722,0.00001,0.00001
399.42001,1.02191,0.00288,0.99709,0.00001,0.00002
399.56000,1.02194,0.00280,0.99717,0.00001,0.00002
399.70001,1.02191,0.00276,0.99721,0.00001,0.00002
399.84000,1.02194,0.00277,0.99720,0.00001,0.00002
399.98001,1.02191,0.00296,0.99701,0.00001,0.00002
400.12000,1.02194,0.00297,0.99700,0.00001,0.00002
400.26001,1.02194,0.00270,0.99728,0.00001,0.00002
400.39999,1.02194,0.00247,0.99751,0.00001,0.00002
400.54001,1.02194,0.00236,0.99762,0.00001,0.00001
400.67999,1.02194,0.00224,0.99774,0.00001,0.00001
400.82001,1.02194,0.00224,0.99774,0.00001,0.00002
400.95999,1.02194,0.00212,0.99786,0.00001,0.00001
401.10001,1.02194,0.00230,0.99768,0.00001,0.00001
401.23999,1.02194,0.00223,0.99775,0.00001,0.00001
401.38000,1.02194,0.00249,0.99749,0.00001,0.00001
401.51999,1.02194,0.00260,0.99738,0.00001,0.00001
401.66000,1.02194,0.00252,0.99746,0.00001,0.00001
401.79999,1.02194,0.00275,0.99723,0.00001,0.00002
401.94000,1.02194,0.00271,0.99726,0.00001,0.00002
402.07999,1.02194,0.00274,0.99723,0.00001,0.00002
402.22000,1.02194,0.00249,0.99749,0.00001,0.00002
402.35999,1.02194,0.00246,0.99752,0.00001,0.00002
402.50000,1.02194,0.00246,0.99752,0.00001,0.00001
402.64001,1.02191,0.00232,0.99766,0.00001,0.00001
402.78000,1.02194,0.00235,0.99763,0.00001,0.00001
402.92001,1.02191,0.00223,0.99775,0.00001,0.00001
403.06000,1.02194,0.00236,0.99762,0.00001,0.00001
403.20001,1.02191,0.00271,0.99727,0.00001,0.00002
403.34000,1.02194,0.00282,0.99715,0.00001,0.00002
403.48001,1.02191,0.00290,0.99708,0.00001,0.00002
403.62000,1.02194,0.00311,0.99686,0.00001,0.00002
403.76001,1.02194,0.00308,0.99689,0.00002,0.00002
403.89999,1.02194,0.00296,0.99701,0.00001,0.00002
404.04001,1.02194,0.00282,0.99715,0.00001,0.00002
404.17999,1.02194,0.00269,0.99729,0.00001,0.00002
404.32001,1.02194,0.00256,0.99741,0.00001,0.00002
404.45999,1.02194,0.00238,0.99760,0.00001,0.00001
404.60001,1.02194,0.00238,0.99760,0.00001,0.00001
404.73999,1.02194,0.00241,0.99757,0.00001,0.00001
404.88000,1.02194,0.00239,0.99759,0.00001,0.00001
405.01999,1.02194,0.00248,0.99750,0.00001,0.00001
405.16000,1.02194,0.00250,0.99747,0.00001,0.00002
405.29999,1.02194,0.00255,0.99743,0.00001,0.00001
405.44000,1.02194,0.00247,0.99751,0.00001,0.00001
405.57999,1.02194,0.00246,0.99751,0.00001,0.00001
405.72000,1.02194,0.00241,0.99756,0.00001,0.00002
405.85999,1.02194,0.00218,0.99780,0.00001,0.00001
406.00000,1.02194,0.00196,0.99802,0.00000,0.00001
406.14001,1.02191,0.00225,0.99773,0.00001,0.00001
406.28000,1.02194,0.00230,0.99768,0.00001,0.00001
406.42001,1.02191,0.00257,0.99741,0.00001,0.00002
406.56000,1.02194,0.00261,0.99736,0.00001,0.00002
406.70001,1.02191,0.00280,0.99717,0.00001,0.00002
406.84000,1.02194,0.00308,0.99688,0.00001,0.00002
406.98001,1.02191,0.00328,0.99668,0.00002,0.00002
407.12000,1.02194,0.00325,0.99672,0.00002,0.00002
407.26001,1.02194,0.00305,0.99692,0.00001,0.00002
407.39999,1.02194,0.00286,0.99711,0.00001,0.00002
407.54001,1.02194,0.00280,0.99717,0.00001,0.00002
407.67999,1.02194,0.00270,0.99727,0.00001,0.00002
407.82001,1.02194,0.00275,0.99722,0.00001,0.00001
407.95999,1.02194,0.00265,0.99732,0.00001,0.00001
408.10001,1.02194,0.00253,0.99744,0.00001,0.00001
408.23999,1.02194,0.00264,0.99733,0.00001,0.00001
408.38000,1.02194,0.00249,0.99749,0.00001,0.00001
408.51999,1.02194,0.00236,0.99762,0.00001,0.00001
408.66000,1.02194,0.00228,0.99770,0.00001,0.00002
408.79999,1.02194,0.00388,0.99607,0.00001,0.00004
408.94000,1.02194,0.00507,0.99480,0.00003,0.00010
409.07999,1.02194,0.00429,0.99563,0.00001,0.00007
409.22000,1.02194,0.00453,0.99537,0.00001,0.00009
409.35999,1.02194,0.00522,0.99460,0.00002,0.00016
409.50000,1.02194,0.00636,0.99347,0.00002,0.00015
409.64001,1.02191,0.05203,0.94550,0.00042,0.00205
409.78000,1.02194,0.00767,0.99214,0.00003,0.00016
409.92001,1.02191,0.00620,0.99363,0.00002,0.00015
410.06000,1.02194,0.00629,0.99352,0.00002,0.00017
410.20001,1.02191,0.00729,0.99249,0.00001,0.00021
410.34000,1.02194,0.00990,0.98996,0.00004,0.00010
410.48001,1.02191,0.00789,0.99183,0.00006,0.00022
410.62000,1.02194,0.00816,0.99152,0.00002,0.00030
410.76001,1.02194,0.00667,0.99311,0.00002,0.00020
410.89999,1.02194,0.00600,0.99385,0.00002,0.00012
411.04001,1.02194,0.00565,0.99420,0.00002,0.00013
411.17999,1.02194,0.00949,0.99038,0.00003,0.00009
411.32001,1.02194,0.00201,0.99798,0.00000,0.00001
411.45999,1.02194,0.00182,0.99817,0.00000,0.00001
411.60001,1.02194,0.00180,0.99818,0.00000,0.00001
411.73999,1.02194,0.00183,0.99816,0.00000,0.00001
411.88000,1.02194,0.00184,0.99815,0.00000,0.00001
412.01999,1.02194,0.00195,0.99804,0.00000,0.00001
412.16000,1.02194,0.00217,0.99781,0.00001,0.00001
412.29999,1.02194,0.00236,0.99762,0.00001,0.00001
412.44000,1.02194,0.00234,0.99764,0.00001,0.00001
412.57999,1.02194,0.00237,0.99762,0.00001,0.00001
412.72000,1.02194,0.00256,0.99742,0.00001,0.00001
412.85999,1.02194,0.00252,0.99746,0.00001,0.00001
413.00000,1.02194,0.00234,0.99763,0.00001,0.00001
413.14001,1.02191,0.00242,0.99756,0.00001,0.00001
413.28000,1.02194,0.00244,0.99753,0.00001,0.00002
413.42001,1.02191,0.00212,0.99786,0.00001,0.00001
413.56000,1.02194,0.00225,0.99773,0.00001,0.00001
413.70001,1.02191,0.00228,0.99770,0.00001,0.00001
413.84000,1.02194,0.00250,0.99747,0.00001,0.00002
413.98001,1.02191,0.00279,0.99718,0.00001,0.00002
414.12000,1.02194,0.00313,0.99683,0.00001,0.00003
414.26001,1.02194,0.00328,0.99668,0.00001,0.00003
414.39999,1.02194,0.00344,0.99652,0.00002,0.00002
414.54001,1.02194,0.00350,0.99646,0.00002,0.00002
414.67999,1.02194,0.00352,0.99644,0.00002,0.00002
414.82001,1.02194,0.00328,0.99668,0.00002,0.00002
414.95999,1.02194,0.00301,0.99696,0.00001,0.00002
415.10001,1.02194,0.00289,0.99708,0.00001,0.00002
415.23999,1.02194,0.00275,0.99723,0.00001,0.00001
415.38000,1.02194,0.00289,0.99708,0.00001,0.00002
415.51999,1.02194,0.00270,0.99727,0.00001,0.00002
415.66000,1.02194,0.00262,0.99735,0.00001,0.00002
415.79999,1.02194,0.00264,0.99733,0.00001,0.00001
415.94000,1.02194,0.00268,0.99729,0.00001,0.00001
416.07999,1.02194,0.00273,0.99724,0.00001,0.00002
416.22000,1.02194,0.00271,0.99726,0.00001,0.00002
416.35999,1.02194,0.00252,0.99746,0.00001,0.00001
416.50000,1.02194,0.00269,0.99728,0.00001,0.00002
416.64001,1.02191,0.00266,0.99731,0.00001,0.00001
416.78000,1.02194,0.00265,0.99732,0.00001,0.00001
416.92001,1.02191,0.00286,0.99711,0.00001,0.00002
417.06000,1.02194,0.00282,0.99715,0.00001,0.00002
417.20001,1.02191,0.00277,0.99720,0.00001,0.00002
417.34000,1.02194,0.00258,0.99739,0.00001,0.00001
417.48001,1.02191,0.00286,0.99711,0.00001,0.00002
417.62000,1.02194,0.00315,0.99682,0.00002,0.00002
417.76001,1.02194,0.00329,0.99668,0.00002,0.00002
417.89999,1.02194,0.00348,0.99648,0.00002,0.00002
418.04001,1.02194,0.00363,0.99633,0.00002,0.00002
418.17999,1.02194,0.00403,0.99592,0.00003,0.00002
418.32001,1.02194,0.00390,0.99605,0.00002,0.00002
418.45999,1.02194,0.00361,0.99635,0.00002,0.00002
418.60001,1.02194,0.00315,0.99682,0.00002,0.00002
418.73999,1.02194,0.00297,0.99700,0.00001,0.00002
418.88000,1.02194,0.00270,0.99727,0.00001,0.00001
419.01999,1.02194,0.00277,0.99720,0.00001,0.00002
419.16000,1.02194,0.00282,0.99715,0.00001,0.00002
419.29999,1.02194,0.00271,0.99726,0.00001,0.00001
419.44000,1.02194,0.00273,0.99725,0.00001,0.00001
419.57999,1.02194,0.00274,0.99723,0.00001,0.00002
419.72000,1.02194,0.00277,0.99721,0.00001,0.00002
419.85999,1.02194,0.00296,0.99701,0.00001,0.00002
420.00000,1.02194,0.00272,0.99726,0.00001,0.00001
420.14001,1.02191,0.00277,0.99720,0.00001,0.00001
420.28000,1.02194,0.00294,0.99703,0.00001,0.00002
420.42001,1.02191,0.00302,0.99695,0.00001,0.00001
420.56000,1.02194,0.00333,0.99663,0.00002,0.00002
420.70001,1.02191,0.00386,0.99609,0.00003,0.00002
420.84000,1.02194,0.00383,0.99612,0.00003,0.00002
420.98001,1.02191,0.00404,0.99591,0.00002,0.00002
421.12000,1.02194,0.00367,0.99629,0.00002,0.00002
421.26001,1.02194,0.00354,0.99642,0.00002,0.00002
421.39999,1.02194,0.00336,0.99661,0.00002,0.00002
421.54001,1.02194,0.00335,0.99662,0.00002,0.00002
421.67999,1.02194,0.00291,0.99706,0.00001,0.00002
421.82001,1.02194,0.00284,0.99714,0.00001,0.00002
421.95999,1.02194,0.00289,0.99709,0.00001,0.00002
422.10001,1.02194,0.00268,0.99729,0.00001,0.00002
422.23999,1.02194,0.00234,0.99764,0.00001,0.00001
422.38000,1.02194,0.00228,0.99770,0.00001,0.00001
422.51999,1.02194,0.00248,0.99749,0.00001,0.00001
422.66000,1.02194,0.00275,0.99723,0.00001,0.00001
422.79999,1.02194,0.00280,0.99718,0.00001,0.00002
422.94000,1.02194,0.00298,0.99699,0.00001,0.00002
423.07999,1.02194,0.00346,0.99650,0.00002,0.00002
423.22000,1.02194,0.00385,0.99611,0.00003,0.00002
423.35999,1.02194,0.00375,0.99620,0.00002,0.00002
423.50000,1.02194,0.00371,0.99625,0.00002,0.00002
423.64001,1.02191,0.00334,0.99662,0.00002,0.00002
423.78000,1.02194,0.00333,0.99664,0.00002,0.00002
423.92001,1.02191,0.00308,0.99689,0.00001,0.00002
424.06000,1.02194,0.00312,0.99684,0.00001,0.00002
424.20001,1.02191,0.00301,0.99696,0.00002,0.00001
424.34000,1.02194,0.00301,0.99696,0.00002,0.00002
424.48001,1.02191,0.00320,0.99677,0.00002,0.00002
424.62000,1.02194,0.00312,0.99684,0.00002,0.00002
424.76001,1.02194,0.00334,0.99663,0.00002,0.00002
424.89999,1.02194,0.00355,0.99640,0.00002,0.00002
425.04001,1.02194,0.00390,0.99605,0.00003,0.00002
425.17999,1.02194,0.00363,0.99632,0.00002,0.00002
425.32001,1.02194,0.00342,0.99654,0.00002,0.00002
425.45999,1.02194,0.00335,0.99661,0.00002,0.00002
425.60001,1.02194,0.00331,0.99665,0.00002,0.00002
425.73999,1.02194,0.00321,0.99676,0.00002,0.00002
425.88000,1.02194,0.00305,0.99692,0.00001,0.00002
426.01999,1.02194,0.00275,0.99722,0.00001,0.00002
426.16000,1.02194,0.00279,0.99718,0.00001,0.00002
426.29999,1.02194,0.00272,0.99725,0.00001,0.00002
426.44000,1.02194,0.00270,0.99727,0.00001,0.00002
426.57999,1.02194,0.00276,0.99721,0.00001,0.00002
426.72000,1.02194,0.00279,0.99718,0.00001,0.00002
426.85999,1.02194,0.00257,0.99741,0.00001,0.00002
427.00000,1.02194,0.00249,0.99749,0.00001,0.00001
427.14001,1.02191,0.00268,0.99729,0.00001,0.00002
427.28000,1.02194,0.00274,0.99722,0.00001,0.00002
427.42001,1.02191,0.00265,0.99732,0.00001,0.00002
427.56000,1.02194,0.00267,0.99730,0.00001,0.00002
427.70001,1.02191,0.00274,0.99723,0.00001,0.00002
427.84000,1.02194,0.00308,0.99688,0.00001,0.00002
427.98001,1.02191,0.00313,0.99683,0.00002,0.00002
428.12000,1.02194,0.00324,0.99673,0.00001,0.00002
428.26001,1.02194,0.00356,0.99640,0.00002,0.00003
428.39999,1.02194,0.00358,0.99637,0.00002,0.00003
428.54001,1.02194,0.00317,0.99680,0.00001,0.00002
428.67999,1.02194,0.00305,0.99692,0.00001,0.00002
428.82001,1.02194,0.00347,0.99649,0.00002,0.00002
428.95999,1.02194,0.00397,0.99598,0.00003,0.00002
429.10001,1.02194,0.00429,0.99566,0.00003,0.00002
429.23999,1.02194,0.00412,0.99583,0.00003,0.00002
429.38000,1.02194,0.00406,0.99589,0.00003,0.00002
429.51999,1.02194,0.00408,0.99587,0.00003,0.00002
429.66000,1.02194,0.00407,0.99587,0.00003,0.00002
429.79999,1.02194,0.00356,0.99639,0.00002,0.00002
429.94000,1.02194,0.00330,0.99666,0.00002,0.00002
430.07999,1.02194,0.00301,0.99697,0.00001,0.00001
430.22000,1.02194,0.00319,0.99678,0.00002,0.00002
430.35999,1.02194,0.00343,0.99653,0.00002,0.00002
430.50000,1.02194,0.00344,0.99652,0.00002,0.00002
430.64001,1.02191,0.00348,0.99648,0.00002,0.00002
430.78000,1.02194,0.00332,0.99665,0.00002,0.00002
430.92001,1.02191,0.00403,0.99592,0.00003,0.00002
431.06000,1.02194,0.00458,0.99536,0.00004,0.00002
431.20001,1.02191,0.00465,0.99528,0.00004,0.00003
431.34000,1.02194,0.00421,0.99574,0.00003,0.00002
431.48001,1.02191,0.00431,0.99564,0.00003,0.00002
431.62000,1.02194,0.00438,0.99556,0.00003,0.00002
431.76001,1.02194,0.00434,0.99560,0.00004,0.00002
431.89999,1.02194,0.00420,0.99574,0.00003,0.00002
432.04001,1.02194,0.00354,0.99642,0.00002,0.00002
432.17999,1.02194,0.00346,0.99650,0.00002,0.00002
432.32001,1.02194,0.00337,0.99659,0.00002,0.00002
432.45999,1.02194,0.00326,0.99671,0.00001,0.00002
432.60001,1.02194,0.00304,0.99693,0.00001,0.00002
432.73999,1.02194,0.00285,0.99712,0.00001,0.00002
432.88000,1.02194,0.00286,0.99711,0.00001,0.00002
433.01999,1.02194,0.00297,0.99700,0.00001,0.00001
433.16000,1.02194,0.00329,0.99667,0.00002,0.00002
433.29999,1.02194,0.00354,0.99642,0.00002,0.00002
433.44000,1.02194,0.00379,0.99616,0.00002,0.00002
433.57999,1.02194,0.00418,0.99577,0.00003,0.00002
433.72000,1.02194,0.00408,0.99587,0.00003,0.00002
433.85999,1.02194,0.00375,0.99621,0.00002,0.00002
434.00000,1.02194,0.00357,0.99639,0.00002,0.00002
434.14001,1.02191,0.00331,0.99665,0.00002,0.00002
434.28000,1.02194,0.00314,0.99683,0.00001,0.00002
434.42001,1.02191,0.00320,0.99676,0.00002,0.00002
434.56000,1.02194,0.00315,0.99682,0.00002,0.00002
434.70001,1.02191,0.00316,0.99681,0.00002,0.00002
434.84000,1.02194,0.00326,0.99671,0.00002,0.00002
434.98001,1.02191,0.00324,0.99673,0.00001,0.00002
435.12000,1.02194,0.00345,0.99651,0.00002,0.00002
435.26001,1.02194,0.00361,0.99634,0.00002,0.00002
435.39999,1.02194,0.00349,0.99647,0.00002,0.00002
435.54001,1.02194,0.00353,0.99644,0.00002,0.00002
435.67999,1.02194,0.00353,0.99643,0.00002,0.00002
435.82001,1.02194,0.00343,0.99654,0.00002,0.00002
435.95999,1.02194,0.00333,0.99663,0.00002,0.00002
436.10001,1.02194,0.00322,0.99674,0.00001,0.00002
436.23999,1.02194,0.00298,0.99699,0.00001,0.00002
436.38000,1.02194,0.00298,0.99699,0.00001,0.00002
436.51999,1.02194,0.00296,0.99701,0.00001,0.00002
436.66000,1.02194,0.00299,0.99698,0.00001,0.00002
436.79999,1.02194,0.00351,0.99645,0.00002,0.00002
436.94000,1.02194,0.00337,0.99660,0.00002,0.00002
437.07999,1.02194,0.00351,0.99645,0.00002,0.00002
437.22000,1.02194,0.00381,0.99614,0.00002,0.00002
437.35999,1.02194,0.00391,0.99604,0.00003,0.00002
437.50000,1.02194,0.00393,0.99602,0.00003,0.00003
437.64001,1.02191,0.00377,0.99618,0.00002,0.00002
437.78000,1.02194,0.00394,0.99601,0.00003,0.00002
437.92001,1.02191,0.00372,0.99623,0.00002,0.00002
438.06000,1.02194,0.00366,0.99630,0.00002,0.00002
438.20001,1.02191,0.00341,0.99655,0.00002,0.00002
438.34000,1.02194,0.00308,0.99689,0.00001,0.00002
438.48001,1.02191,0.00295,0.99702,0.00001,0.00002
438.62000,1.02194,0.00293,0.99704,0.00001,0.00002
438.76001,1.02194,0.00288,0.99709,0.00001,0.00002
438.89999,1.02194,0.00281,0.99716,0.00001,0.00002
439.04001,1.02194,0.00285,0.99712,0.00001,0.00002
439.17999,1.02194,0.00286,0.99711,0.00001,0.00002
439.32001,1.02194,0.00291,0.99706,0.00001,0.00002
439.45999,1.02194,0.00289,0.99708,0.00001,0.00002
439.60001,1.02194,0.00289,0.99708,0.00001,0.00002
439.73999,1.02194,0.00331,0.99665,0.00002,0.00002
439.88000,1.02194,0.00351,0.99645,0.00002,0.00002
440.01999,1.02194,0.00348,0.99648,0.00002,0.00002
440.16000,1.02194,0.00321,0.99676,0.00002,0.00002
440.29999,1.02194,0.00311,0.99685,0.00002,0.00002
440.44000,1.02194,0.00339,0.99656,0.00002,0.00002
440.57999,1.02194,0.00299,0.99698,0.00001,0.00002
440.72000,1.02194,0.00264,0.99733,0.00001,0.00002
440.85999,1.02194,0.00233,0.99765,0.00001,0.00001
441.00000,1.02194,0.00215,0.99783,0.00001,0.00001
441.14001,1.02191,0.00208,0.99791,0.00001,0.00001
441.28000,1.02194,0.00188,0.99811,0.00000,0.00001
441.42001,1.02191,0.00188,0.99810,0.00000,0.00001
441.56000,1.02194,0.00216,0.99782,0.00000,0.00002
441.70001,1.02191,0.00353,0.99643,0.00001,0.00003
441.84000,1.02194,0.02682,0.97296,0.00005,0.00016
441.98001,1.02191,0.10649,0.89299,0.00020,0.00032
442.12000,1.02194,0.40581,0.59263,0.00089,0.00067
442.26001,1.02194,0.79995,0.19768,0.00166,0.00071
442.39999,1.02194,0.95366,0.04440,0.00147,0.00047
442.54001,1.02194,0.98995,0.00833,0.00158,0.00014
442.67999,1.02194,0.99002,0.00828,0.00158,0.00013
442.82001,1.02194,0.99108,0.00732,0.00147,0.00012
442.95999,1.02194,0.99112,0.00730,0.00146,0.00012
443.10001,1.02194,0.99152,0.00693,0.00143,0.00012
443.23999,1.02194,0.99218,0.00625,0.00145,0.00013
443.38000,1.02194,0.98998,0.00850,0.00140,0.00013
443.51999,1.02194,0.99049,0.00798,0.00140,0.00013
443.66000,1.02194,0.99062,0.00778,0.00147,0.00013
443.79999,1.02194,0.98960,0.00880,0.00147,0.00013
443.94000,1.02194,0.98992,0.00861,0.00134,0.00013
444.07999,1.02194,0.98884,0.00880,0.00214,0.00021
444.22000,1.02194,0.99193,0.00658,0.00135,0.00014
444.35999,1.02194,0.99109,0.00742,0.00138,0.00011
444.50000,1.02194,0.97402,0.02361,0.00216,0.00021
444.64001,1.02191,0.97173,0.02629,0.00180,0.00019
444.78000,1.02194,0.97339,0.02469,0.00167,0.00025
444.92001,1.02191,0.87107,0.12524,0.00283,0.00085
445.06000,1.02194,0.86896,0.12191,0.00460,0.00453
445.20001,1.02191,0.78741,0.19060,0.00461,0.01737
445.34000,1.02194,0.63187,0.33324,0.00581,0.02909
445.48001,1.02191,0.59477,0.31354,0.00456,0.08713
445.62000,1.02194,0.42978,0.36832,0.00369,0.19822
445.76001,1.02194,0.23408,0.72682,0.00235,0.03675
445.89999,1.02194,0.10216,0.89211,0.00071,0.00502
446.04001,1.02194,0.11826,0.87824,0.00088,0.00262
446.17999,1.02194,0.03596,0.96357,0.00022,0.00025
446.32001,1.02194,0.10006,0.89657,0.00171,0.00166
446.45999,1.02194,0.04445,0.95394,0.00067,0.00093
446.60001,1.02194,0.06326,0.93158,0.00090,0.00426
446.73999,1.02194,0.10759,0.86719,0.00099,0.02423
446.88000,1.02194,0.13531,0.79035,0.00103,0.07331
447.01999,1.02194,0.08444,0.87614,0.00057,0.03885
447.16000,1.02194,0.04255,0.94657,0.00026,0.01062
447.29999,1.02194,0.08782,0.87258,0.00047,0.03913
447.44000,1.02194,0.11092,0.80989,0.00062,0.07857
447.57999,1.02194,0.02719,0.96786,0.00013,0.00482
447.72000,1.02194,0.03108,0.96368,0.00008,0.00516
447.85999,1.02194,0.03557,0.95746,0.00010,0.00687
448.00000,1.02194,0.01806,0.98024,0.00007,0.00162
448.14001,1.02191,0.02374,0.97332,0.00010,0.00283
448.28000,1.02194,0.01190,0.98737,0.00004,0.00069
448.42001,1.02191,0.02412,0.97299,0.00011,0.00278
448.56000,1.02194,0.02448,0.97207,0.00013,0.00331
448.70001,1.02191,0.02052,0.97722,0.00008,0.00219
448.84000,1.02194,0.08706,0.86607,0.00022,0.04664
448.98001,1.02191,0.09591,0.83719,0.00014,0.06676
449.12000,1.02194,0.04423,0.94355,0.00010,0.01213
449.26001,1.02194,0.03736,0.95784,0.00009,0.00471
449.39999,1.02194,0.03234,0.96357,0.00009,0.00400
449.54001,1.02194,0.03511,0.96189,0.00010,0.00290
449.67999,1.02194,0.00994,0.98987,0.00003,0.00016
449.82001,1.02194,0.03585,0.96370,0.00014,0.00032
449.95999,1.02194,0.07933,0.91976,0.00035,0.00056
450.10001,1.02194,0.06930,0.93018,0.00027,0.00025
450.23999,1.02194,0.07991,0.91934,0.00024,0.00051
450.38000,1.02194,0.04768,0.95193,0.00021,0.00019
450.51999,1.02194,0.04932,0.95031,0.00024,0.00013
450.66000,1.02194,0.15922,0.83534,0.00109,0.00434
450.79999,1.02194,0.05054,0.94478,0.00053,0.00415
450.94000,1.02194,0.03392,0.96171,0.00021,0.00416
451.07999,1.02194,0.03241,0.96272,0.00015,0.00472
451.22000,1.02194,0.04340,0.94514,0.00015,0.01132
451.35999,1.02194,0.04496,0.94208,0.00018,0.01279
451.50000,1.02194,0.01736,0.98183,0.00012,0.00069
451.64001,1.02191,0.02993,0.96962,0.00010,0.00035
451.78000,1.02194,0.10575,0.89330,0.00029,0.00066
451.92001,1.02191,0.33014,0.66859,0.00069,0.00057
452.06000,1.02194,0.55383,0.44479,0.00102,0.00036
452.20001,1.02191,0.76075,0.23782,0.00120,0.00023
452.34000,1.02194,0.95246,0.04567,0.00167,0.00020
452.48001,1.02191,0.94605,0.05146,0.00210,0.00039
452.62000,1.02194,0.96938,0.02803,0.00215,0.00044
452.76001,1.02194,0.85841,0.13458,0.00585,0.00115
452.89999,1.02194,0.89447,0.09713,0.00684,0.00156
453.04001,1.02194,0.95645,0.03786,0.00474,0.00096
453.17999,1.02194,0.98141,0.01322,0.00343,0.00193
453.32001,1.02194,0.98277,0.01417,0.00250,0.00056
453.45999,1.02194,0.97834,0.01688,0.00399,0.00079
453.60001,1.02194,0.98572,0.01221,0.00192,0.00015
453.73999,1.02194,0.99243,0.00613,0.00131,0.00012
453.88000,1.02194,0.99205,0.00650,0.00133,0.00012
454.01999,1.02194,0.99223,0.00632,0.00133,0.00012
454.16000,1.02194,0.99244,0.00613,0.00132,0.00012
454.29999,1.02194,0.99307,0.00558,0.00123,0.00012
454.44000,1.02194,0.99265,0.00598,0.00126,0.00011
454.57999,1.02194,0.99292,0.00572,0.00124,0.00011
454.72000,1.02194,0.99265,0.00596,0.00127,0.00011
454.85999,1.02194,0.99316,0.00552,0.00121,0.00011
455.00000,1.02194,0.99324,0.00545,0.00120,0.00011
455.14001,1.02191,0.99304,0.00562,0.00122,0.00011
455.28000,1.02194,0.99485,0.00392,0.00112,0.00011
455.42001,1.02191,0.99469,0.00312,0.00188,0.00031
455.56000,1.02194,0.98338,0.00741,0.00744,0.00177
455.70001,1.02191,0.97586,0.00816,0.00984,0.00615
455.84000,1.02194,0.96876,0.00974,0.01234,0.00917
455.98001,1.02191,0.96740,0.00993,0.01354,0.00914
456.12000,1.02194,0.97968,0.00619,0.00719,0.00694
456.26001,1.02194,0.98859,0.00485,0.00374,0.00282
456.39999,1.02194,0.99656,0.00171,0.00108,0.00066
456.54001,1.02194,0.99504,0.00373,0.00105,0.00017
456.67999,1.02194,0.99299,0.00568,0.00121,0.00011
456.82001,1.02194,0.99283,0.00584,0.00123,0.00011
456.95999,1.02194,0.99281,0.00586,0.00122,0.00011
457.10001,1.02194,0.99200,0.00608,0.00179,0.00013
457.23999,1.02194,0.97226,0.02507,0.00218,0.00049
457.38000,1.02194,0.86447,0.13274,0.00219,0.00060
457.51999,1.02194,0.66537,0.33113,0.00235,0.00115
457.66000,1.02194,0.77783,0.21717,0.00334,0.00166
457.79999,1.02194,0.81885,0.17586,0.00328,0.00202
457.94000,1.02194,0.83532,0.15800,0.00356,0.00312
458.07999,1.02194,0.83989,0.15787,0.00174,0.00051
458.22000,1.02194,0.91023,0.08711,0.00226,0.00040
458.35999,1.02194,0.96222,0.03584,0.00173,0.00020
458.50000,1.02194,0.92581,0.07214,0.00181,0.00024
458.64001,1.02191,0.76495,0.23326,0.00137,0.00041
458.78000,1.02194,0.46756,0.53089,0.00114,0.00040
458.92001,1.02191,0.21011,0.78902,0.00056,0.00031
459.06000,1.02194,0.09903,0.90015,0.00045,0.00037
459.20001,1.02191,0.09738,0.90171,0.00050,0.00041
459.34000,1.02194,0.05194,0.94739,0.00031,0.00036
459.48001,1.02191,0.05298,0.94660,0.00021,0.00021
459.62000,1.02194,0.07126,0.92823,0.00027,0.00024
459.76001,1.02194,0.06357,0.93572,0.00040,0.00030
459.89999,1.02194,0.06995,0.92948,0.00037,0.00020
460.04001,1.02194,0.08620,0.91288,0.00049,0.00043
460.17999,1.02194,0.06905,0.93047,0.00033,0.00015
460.32001,1.02194,0.07022,0.92924,0.00040,0.00015
460.45999,1.02194,0.07701,0.92252,0.00027,0.00020
460.60001,1.02194,0.14526,0.85385,0.00061,0.00028
460.73999,1.02194,0.36851,0.62899,0.00155,0.00095
460.88000,1.02194,0.35410,0.64255,0.00214,0.00121
461.01999,1.02194,0.31116,0.68283,0.00215,0.00386
461.16000,1.02194,0.25481,0.74113,0.00168,0.00238
461.29999,1.02194,0.28056,0.71467,0.00228,0.00249
461.44000,1.02194,0.56088,0.38868,0.01148,0.03895
461.57999,1.02194,0.68789,0.19957,0.00258,0.10996
461.72000,1.02194,0.44871,0.28447,0.00264,0.26418
461.85999,1.02194,0.40317,0.34593,0.00164,0.24926
462.00000,1.02194,0.22549,0.03673,0.00050,0.73728
462.14001,1.02191,0.24296,0.08437,0.00127,0.67140
462.28000,1.02194,0.32454,0.11197,0.00120,0.56229
462.42001,1.02191,0.52784,0.09588,0.00136,0.37492
462.56000,1.02194,0.66259,0.04446,0.00255,0.29040
462.70001,1.02191,0.34800,0.61506,0.00333,0.03361
462.84000,1.02194,0.43863,0.51907,0.00446,0.03784
462.98001,1.02191,0.37919,0.58094,0.00592,0.03395
463.12000,1.02194,0.30068,0.67413,0.00299,0.02220
463.26001,1.02194,0.42301,0.43763,0.00518,0.13418
463.39999,1.02194,0.34179,0.50980,0.00137,0.14704
463.54001,1.02194,0.12994,0.86030,0.00059,0.00917
463.67999,1.02194,0.35581,0.62549,0.00165,0.01705
463.82001,1.02194,0.16644,0.83088,0.00037,0.00231
463.95999,1.02194,0.48477,0.51140,0.00105,0.00278
464.10001,1.02194,0.13979,0.85962,0.00034,0.00025
464.23999,1.02194,0.29781,0.70100,0.00090,0.00029
464.38000,1.02194,0.43047,0.56754,0.00137,0.00062
464.51999,1.02194,0.57960,0.41187,0.00422,0.00430
464.66000,1.02194,0.44952,0.53801,0.00385,0.00862
464.79999,1.02194,0.53837,0.39322,0.00378,0.06464
464.94000,1.02194,0.56882,0.31055,0.00305,0.11758
465.07999,1.02194,0.36368,0.15328,0.00444,0.47860
465.22000,1.02194,0.18549,0.09143,0.00133,0.72175
465.35999,1.02194,0.18210,0.65347,0.00109,0.16334
465.50000,1.02194,0.28667,0.35507,0.00176,0.35650
465.64001,1.02191,0.24968,0.43858,0.00233,0.30942
465.78000,1.02194,0.28287,0.31854,0.00129,0.39731
465.92001,1.02191,0.22557,0.62887,0.00191,0.14366
466.06000,1.02194,0.30785,0.53135,0.00208,0.15872
466.20001,1.02191,0.49619,0.32891,0.00463,0.17026
466.34000,1.02194,0.64827,0.28907,0.00584,0.05682
466.48001,1.02191,0.61309,0.37135,0.00367,0.01189
466.62000,1.02194,0.80996,0.18039,0.00422,0.00543
466.76001,1.02194,0.88566,0.11004,0.00271,0.00158
466.89999,1.02194,0.96370,0.03177,0.00364,0.00089
467.04001,1.02194,0.98435,0.01374,0.00162,0.00029
467.17999,1.02194,0.98725,0.01044,0.00206,0.00026
467.32001,1.02194,0.99455,0.00415,0.00110,0.00020
467.45999,1.02194,0.99132,0.00734,0.00105,0.00029
467.60001,1.02194,0.98615,0.01028,0.00315,0.00042
467.73999,1.02194,0.97167,0.02552,0.00091,0.00190
467.88000,1.02194,0.76885,0.22875,0.00078,0.00162
468.01999,1.02194,0.61644,0.37973,0.00108,0.00274
468.16000,1.02194,0.76639,0.22531,0.00302,0.00528
468.29999,1.02194,0.90514,0.09198,0.00083,0.00206
468.44000,1.02194,0.39010,0.60580,0.00140,0.00270
468.57999,1.02194,0.79991,0.19149,0.00231,0.00629
468.72000,1.02194,0.82915,0.15898,0.00587,0.00599
468.85999,1.02194,0.93210,0.05325,0.00426,0.01039
469.00000,1.02194,0.94809,0.04384,0.00303,0.00504
469.14001,1.02191,0.96011,0.02516,0.00236,0.01237
469.28000,1.02194,0.93753,0.05598,0.00346,0.00303
469.42001,1.02191,0.98679,0.01024,0.00176,0.00120
469.56000,1.02194,0.98031,0.01723,0.00230,0.00015
469.70001,1.02191,0.99131,0.00713,0.00143,0.00013
469.84000,1.02194,0.99076,0.00767,0.00144,0.00014
469.98001,1.02191,0.99031,0.00803,0.00153,0.00013
470.12000,1.02194,0.99115,0.00504,0.00355,0.00025
470.26001,1.02194,0.97813,0.01438,0.00666,0.00082
470.39999,1.02194,0.98977,0.00633,0.00329,0.00061
470.54001,1.02194,0.98537,0.00949,0.00455,0.00059
470.67999,1.02194,0.98386,0.01053,0.00496,0.00064
470.82001,1.02194,0.98668,0.00900,0.00360,0.00072
470.95999,1.02194,0.97862,0.01702,0.00370,0.00066
471.10001,1.02194,0.99265,0.00589,0.00132,0.00014
471.23999,1.02194,0.99111,0.00712,0.00161,0.00015
471.38000,1.02194,0.99161,0.00686,0.00140,0.00013
471.51999,1.02194,0.99134,0.00708,0.00144,0.00014
471.66000,1.02194,0.99109,0.00731,0.00146,0.00014
471.79999,1.02194,0.99070,0.00769,0.00148,0.00013
471.94000,1.02194,0.99038,0.00795,0.00154,0.00014
472.07999,1.02194,0.98306,0.01510,0.00169,0.00015
472.22000,1.02194,0.97862,0.01969,0.00153,0.00017
472.35999,1.02194,0.97764,0.02032,0.00183,0.00021
472.50000,1.02194,0.98181,0.01656,0.00145,0.00018
472.64001,1.02191,0.97277,0.02546,0.00158,0.00019
472.78000,1.02194,0.96603,0.03168,0.00206,0.00023
472.92001,1.02191,0.96340,0.03407,0.00235,0.00017
473.06000,1.02194,0.98148,0.01669,0.00167,0.00016
473.20001,1.02191,0.98066,0.01758,0.00159,0.00016
473.34000,1.02194,0.97954,0.01832,0.00197,0.00017
473.48001,1.02191,0.98180,0.01595,0.00208,0.00017
473.62000,1.02194,0.98685,0.01122,0.00177,0.00017
473.76001,1.02194,0.98871,0.00946,0.00166,0.00017
473.89999,1.02194,0.98790,0.01016,0.00179,0.00015
474.04001,1.02194,0.99120,0.00716,0.00146,0.00017
474.17999,1.02194,0.98983,0.00849,0.00154,0.00014
474.32001,1.02194,0.98979,0.00849,0.00158,0.00014
474.45999,1.02194,0.98946,0.00884,0.00156,0.00013
474.60001,1.02194,0.98949,0.00886,0.00152,0.00014
474.73999,1.02194,0.98928,0.00900,0.00158,0.00013
474.88000,1.02194,0.99034,0.00801,0.00151,0.00013
475.01999,1.02194,0.98981,0.00851,0.00154,0.00013
475.16000,1.02194,0.98974,0.00859,0.00155,0.00013
475.29999,1.02194,0.98958,0.00867,0.00161,0.00014
475.44000,1.02194,0.98905,0.00923,0.00158,0.00013
475.57999,1.02194,0.98969,0.00868,0.00149,0.00014
475.72000,1.02194,0.98930,0.00897,0.00158,0.00015
475.85999,1.02194,0.98671,0.01152,0.00165,0.00013
476.00000,1.02194,0.98685,0.01142,0.00158,0.00014
476.14001,1.02191,0.98657,0.01157,0.00171,0.00015
476.28000,1.02194,0.98669,0.01146,0.00171,0.00014
476.42001,1.02191,0.98720,0.01100,0.00165,0.00015
476.56000,1.02194,0.98697,0.01117,0.00171,0.00015
476.70001,1.02191,0.98776,0.01030,0.00178,0.00017
476.84000,1.02194,0.98734,0.01080,0.00172,0.00014
476.98001,1.02191,0.98792,0.01032,0.00161,0.00015
477.12000,1.02194,0.98819,0.01003,0.00163,0.00015
477.26001,1.02194,0.98746,0.01074,0.00166,0.00014
477.39999,1.02194,0.98824,0.00998,0.00164,0.00014
477.54001,1.02194,0.98758,0.01065,0.00162,0.00015
477.67999,1.02194,0.98661,0.01155,0.00169,0.00015
477.82001,1.02194,0.98621,0.01194,0.00171,0.00014
477.95999,1.02194,0.98783,0.01041,0.00160,0.00016
478.10001,1.02194,0.98636,0.01182,0.00166,0.00015
478.23999,1.02194,0.98689,0.01123,0.00170,0.00017
478.38000,1.02194,0.98696,0.01118,0.00169,0.00017
478.51999,1.02194,0.98596,0.01220,0.00169,0.00015
478.66000,1.02194,0.98499,0.01314,0.00172,0.00015
478.79999,1.02194,0.98529,0.01286,0.00170,0.00015
478.94000,1.02194,0.98541,0.01270,0.00173,0.00016
479.07999,1.02194,0.98504,0.01308,0.00173,0.00015
479.22000,1.02194,0.98552,0.01262,0.00170,0.00016
479.35999,1.02194,0.98504,0.01297,0.00181,0.00018
479.50000,1.02194,0.98559,0.01256,0.00169,0.00016
479.64001,1.02191,0.98524,0.01287,0.00174,0.00015
479.78000,1.02194,0.98610,0.01204,0.00171,0.00015
479.92001,1.02191,0.98610,0.01206,0.00169,0.00015
480.06000,1.02194,0.98584,0.01227,0.00173,0.00015
480.20001,1.02191,0.98626,0.01192,0.00168,0.00014
480.34000,1.02194,0.98632,0.01188,0.00166,0.00014
480.48001,1.02191,0.98709,0.01114,0.00162,0.00015
480.62000,1.02194,0.98676,0.01143,0.00166,0.00015
480.76001,1.02194,0.98654,0.01165,0.00167,0.00015
480.89999,1.02194,0.98662,0.01152,0.00172,0.00014
481.04001,1.02194,0.98858,0.00964,0.00163,0.00014
481.17999,1.02194,0.98922,0.00887,0.00175,0.00016
481.32001,1.02194,0.98969,0.00849,0.00167,0.00015
481.45999,1.02194,0.98954,0.00864,0.00167,0.00015
481.60001,1.02194,0.98916,0.00902,0.00168,0.00014
481.73999,1.02194,0.98967,0.00850,0.00168,0.00016
481.88000,1.02194,0.98918,0.00889,0.00177,0.00016
482.01999,1.02194,0.99154,0.00668,0.00157,0.00021
482.16000,1.02194,0.99084,0.00751,0.00148,0.00017
482.29999,1.02194,0.98853,0.00971,0.00162,0.00014
482.44000,1.02194,0.98792,0.01029,0.00166,0.00013
482.57999,1.02194,0.98909,0.00918,0.00159,0.00014
482.72000,1.02194,0.98939,0.00891,0.00157,0.00014
482.85999,1.02194,0.98959,0.00870,0.00157,0.00014
483.00000,1.02194,0.98948,0.00878,0.00160,0.00014
483.14001,1.02191,0.98937,0.00884,0.00164,0.00014
483.28000,1.02194,0.98936,0.00885,0.00165,0.00014
483.42001,1.02191,0.98916,0.00905,0.00164,0.00015
483.56000,1.02194,0.98916,0.00910,0.00159,0.00014
483.70001,1.02191,0.98900,0.00922,0.00163,0.00015
483.84000,1.02194,0.98839,0.00985,0.00161,0.00015
483.98001,1.02191,0.98759,0.01060,0.00166,0.00015
484.12000,1.02194,0.98841,0.00977,0.00165,0.00017
484.26001,1.02194,0.98740,0.01073,0.00171,0.00016
484.39999,1.02194,0.98832,0.00991,0.00161,0.00016
484.54001,1.02194,0.98846,0.00971,0.00165,0.00018
484.67999,1.02194,0.98747,0.01076,0.00163,0.00015
484.82001,1.02194,0.98729,0.01090,0.00166,0.00015
484.95999,1.02194,0.98766,0.01056,0.00162,0.00016
485.10001,1.02194,0.98821,0.01001,0.00161,0.00016
485.23999,1.02194,0.98820,0.01006,0.00159,0.00015
485.38000,1.02194,0.98796,0.01026,0.00162,0.00015
485.51999,1.02194,0.98679,0.01141,0.00165,0.00015
485.66000,1.02194,0.98735,0.01088,0.00162,0.00015
485.79999,1.02194,0.98750,0.01064,0.00172,0.00014
485.94000,1.02194,0.98801,0.01018,0.00166,0.00015
486.07999,1.02194,0.98845,0.00979,0.00161,0.00015
486.22000,1.02194,0.98841,0.00976,0.00167,0.00017
486.35999,1.02194,0.98716,0.01099,0.00170,0.00015
486.50000,1.02194,0.98886,0.00942,0.00157,0.00015
486.64001,1.02191,0.98873,0.00951,0.00161,0.00016
486.78000,1.02194,0.98728,0.01095,0.00163,0.00014
486.92001,1.02191,0.98760,0.01061,0.00165,0.00014
487.06000,1.02194,0.98806,0.01016,0.00164,0.00015
487.20001,1.02191,0.98771,0.01048,0.00167,0.00014
487.34000,1.02194,0.98876,0.00946,0.00164,0.00015
487.48001,1.02191,0.98807,0.01015,0.00164,0.00013
487.62000,1.02194,0.98872,0.00954,0.00160,0.00014
487.76001,1.02194,0.98911,0.00913,0.00161,0.00015
487.89999,1.02194,0.98879,0.00944,0.00162,0.00015
488.04001,1.02194,0.98884,0.00942,0.00160,0.00014
488.17999,1.02194,0.98900,0.00924,0.00161,0.00014
488.32001,1.02194,0.98894,0.00930,0.00162,0.00015
488.45999,1.02194,0.98940,0.00886,0.00159,0.00015
488.60001,1.02194,0.98888,0.00922,0.00174,0.00016
488.73999,1.02194,0.98979,0.00850,0.00156,0.00015
488.88000,1.02194,0.98951,0.00879,0.00156,0.00013
489.01999,1.02194,0.99023,0.00810,0.00154,0.00014
489.16000,1.02194,0.98945,0.00883,0.00159,0.00013
489.29999,1.02194,0.99002,0.00831,0.00153,0.00014
489.44000,1.02194,0.99026,0.00810,0.00151,0.00013
489.57999,1.02194,0.99021,0.00811,0.00155,0.00013
489.72000,1.02194,0.99072,0.00764,0.00150,0.00014
489.85999,1.02194,0.99064,0.00769,0.00153,0.00014
490.00000,1.02194,0.99089,0.00744,0.00152,0.00014
490.14001,1.02191,0.99113,0.00725,0.00149,0.00013
490.28000,1.02194,0.99132,0.00709,0.00146,0.00013
490.42001,1.02191,0.99131,0.00709,0.00146,0.00013
490.56000,1.02194,0.99096,0.00741,0.00149,0.00013
490.70001,1.02191,0.99073,0.00764,0.00150,0.00013
490.84000,1.02194,0.99161,0.00682,0.00144,0.00013
490.98001,1.02191,0.99099,0.00741,0.00146,0.00015
491.12000,1.02194,0.99011,0.00833,0.00143,0.00013
491.26001,1.02194,0.99006,0.00831,0.00150,0.00014
491.39999,1.02194,0.99038,0.00805,0.00145,0.00013
491.54001,1.02194,0.98997,0.00847,0.00144,0.00013
491.67999,1.02194,0.98978,0.00852,0.00156,0.00014
491.82001,1.02194,0.98969,0.00855,0.00163,0.00014
491.95999,1.02194,0.99077,0.00759,0.00151,0.00013
492.10001,1.02194,0.99150,0.00692,0.00146,0.00013
492.23999,1.02194,0.99163,0.00679,0.00145,0.00013
492.38000,1.02194,0.99165,0.00680,0.00143,0.00012
492.51999,1.02194,0.99145,0.00700,0.00142,0.00013
492.66000,1.02194,0.99175,0.00673,0.00139,0.00013
492.79999,1.02194,0.99160,0.00686,0.00141,0.00013
492.94000,1.02194,0.99148,0.00697,0.00142,0.00013
493.07999,1.02194,0.99114,0.00728,0.00145,0.00013
493.22000,1.02194,0.99126,0.00715,0.00147,0.00013
493.35999,1.02194,0.99119,0.00720,0.00148,0.00013
493.50000,1.02194,0.99138,0.00705,0.00144,0.00013
493.64001,1.02191,0.99092,0.00745,0.00151,0.00013
493.78000,1.02194,0.99141,0.00701,0.00145,0.00013
493.92001,1.02191,0.99002,0.00835,0.00150,0.00013
494.06000,1.02194,0.98987,0.00851,0.00149,0.00013
494.20001,1.02191,0.98974,0.00862,0.00151,0.00014
494.34000,1.02194,0.98929,0.00904,0.00153,0.00014
494.48001,1.02191,0.98953,0.00882,0.00151,0.00013
494.62000,1.02194,0.98885,0.00938,0.00162,0.00015
494.76001,1.02194,0.98845,0.00979,0.00162,0.00014
494.89999,1.02194,0.98913,0.00915,0.00158,0.00013
495.04001,1.02194,0.98926,0.00904,0.00157,0.00013
495.17999,1.02194,0.98898,0.00933,0.00156,0.00013
495.32001,1.02194,0.99012,0.00821,0.00152,0.00015
495.45999,1.02194,0.98869,0.00951,0.00166,0.00014
495.60001,1.02194,0.98983,0.00851,0.00152,0.00013
495.73999,1.02194,0.98976,0.00858,0.00153,0.00013
495.88000,1.02194,0.99088,0.00748,0.00149,0.00014
496.01999,1.02194,0.99089,0.00749,0.00149,0.00013
496.16000,1.02194,0.99159,0.00686,0.00142,0.00013
496.29999,1.02194,0.99118,0.00723,0.00147,0.00012
496.44000,1.02194,0.99116,0.00724,0.00148,0.00012
496.57999,1.02194,0.99187,0.00660,0.00140,0.00013
496.72000,1.02194,0.99213,0.00635,0.00139,0.00013
496.85999,1.02194,0.99174,0.00671,0.00142,0.00013
497.00000,1.02194,0.99143,0.00700,0.00143,0.00013
497.14001,1.02191,0.99116,0.00725,0.00146,0.00013
497.28000,1.02194,0.99180,0.00667,0.00140,0.00013
497.42001,1.02191,0.99145,0.00700,0.00142,0.00013
497.56000,1.02194,0.99133,0.00711,0.00142,0.00013
497.70001,1.02191,0.99131,0.00707,0.00149,0.00013
497.84000,1.02194,0.99122,0.00720,0.00146,0.00012
497.98001,1.02191,0.99140,0.00705,0.00143,0.00012
498.12000,1.02194,0.99164,0.00683,0.00140,0.00013
498.26001,1.02194,0.99144,0.00700,0.00143,0.00013
498.39999,1.02194,0.99045,0.00792,0.00151,0.00013
498.54001,1.02194,0.99102,0.00740,0.00145,0.00013
498.67999,1.02194,0.99039,0.00799,0.00150,0.00013
498.82001,1.02194,0.99068,0.00771,0.00147,0.00013
498.95999,1.02194,0.99061,0.00777,0.00150,0.00013
499.10001,1.02194,0.99025,0.00809,0.00153,0.00013
499.23999,1.02194,0.99010,0.00824,0.00154,0.00013
499.38000,1.02194,0.98993,0.00839,0.00155,0.00012
499.51999,1.02194,0.98983,0.00850,0.00154,0.00012
499.66000,1.02194,0.99041,0.00798,0.00149,0.00013
499.79999,1.02194,0.98986,0.00850,0.00151,0.00013
499.94000,1.02194,0.98958,0.00874,0.00155,0.00014
500.07999,1.02194,0.99011,0.00824,0.00152,0.00014
500.22000,1.02194,0.98988,0.00843,0.00155,0.00013
500.35999,1.02194,0.98978,0.00856,0.00153,0.00012
500.50000,1.02194,0.98987,0.00844,0.00156,0.00014
500.64001,1.02191,0.98928,0.00899,0.00160,0.00013
500.78000,1.02194,0.98943,0.00887,0.00157,0.00013
500.92001,1.02191,0.98998,0.00836,0.00152,0.00014
501.06000,1.02194,0.98921,0.00909,0.00156,0.00014
501.20001,1.02191,0.98928,0.00903,0.00154,0.00015
501.34000,1.02194,0.98787,0.01039,0.00161,0.00014
501.48001,1.02191,0.98827,0.00999,0.00160,0.00014
501.62000,1.02194,0.98790,0.01033,0.00163,0.00014
501.76001,1.02194,0.98795,0.01028,0.00162,0.00014
501.89999,1.02194,0.98749,0.01073,0.00164,0.00014
502.04001,1.02194,0.98765,0.01060,0.00161,0.00014
502.17999,1.02194,0.98763,0.01059,0.00164,0.00014
502.32001,1.02194,0.98810,0.01016,0.00160,0.00014
502.45999,1.02194,0.98770,0.01052,0.00164,0.00014
502.60001,1.02194,0.98837,0.00989,0.00161,0.00014
502.73999,1.02194,0.98824,0.00997,0.00164,0.00014
502.88000,1.02194,0.98829,0.00994,0.00163,0.00013
503.01999,1.02194,0.98873,0.00947,0.00166,0.00014
503.16000,1.02194,0.98864,0.00954,0.00167,0.00015
503.29999,1.02194,0.98867,0.00957,0.00162,0.00015
503.44000,1.02194,0.98885,0.00937,0.00163,0.00015
503.57999,1.02194,0.98786,0.01031,0.00168,0.00015
503.72000,1.02194,0.98737,0.01076,0.00173,0.00015
503.85999,1.02194,0.98790,0.01021,0.00174,0.00016
504.00000,1.02194,0.98766,0.01055,0.00164,0.00014
504.14001,1.02191,0.98775,0.01044,0.00166,0.00014
504.28000,1.02194,0.98803,0.01019,0.00163,0.00014
504.42001,1.02191,0.98844,0.00980,0.00161,0.00015
504.56000,1.02194,0.98874,0.00952,0.00158,0.00016
504.70001,1.02191,0.98822,0.00998,0.00165,0.00015
504.84000,1.02194,0.98881,0.00943,0.00162,0.00015
504.98001,1.02191,0.98893,0.00932,0.00161,0.00014
505.12000,1.02194,0.98939,0.00891,0.00155,0.00015
505.26001,1.02194,0.98854,0.00966,0.00166,0.00015
505.39999,1.02194,0.98852,0.00970,0.00164,0.00014
505.54001,1.02194,0.98916,0.00913,0.00158,0.00014
505.67999,1.02194,0.98922,0.00907,0.00157,0.00014
505.82001,1.02194,0.98914,0.00914,0.00158,0.00014
505.95999,1.02194,0.98823,0.01000,0.00162,0.00014
506.10001,1.02194,0.98848,0.00978,0.00160,0.00014
506.23999,1.02194,0.98837,0.00989,0.00160,0.00014
506.38000,1.02194,0.98866,0.00958,0.00162,0.00015
506.51999,1.02194,0.98844,0.00980,0.00162,0.00014
506.66000,1.02194,0.98878,0.00948,0.00159,0.00015
506.79999,1.02194,0.98785,0.01038,0.00163,0.00014
506.94000,1.02194,0.98802,0.01019,0.00165,0.00014
507.07999,1.02194,0.99394,0.00411,0.00177,0.00018
507.22000,1.02194,0.97715,0.01881,0.00324,0.00080
507.35999,1.02194,0.94068,0.05520,0.00294,0.00118
507.50000,1.02194,0.95451,0.04214,0.00230,0.00105
507.64001,1.02191,0.96783,0.02838,0.00258,0.00122
507.78000,1.02194,0.97198,0.02468,0.00231,0.00103
507.92001,1.02191,0.97556,0.02174,0.00169,0.00101
508.06000,1.02194,0.93524,0.06100,0.00350,0.00026
508.20001,1.02191,0.98192,0.01566,0.00226,0.00016
508.34000,1.02194,0.98715,0.01100,0.00170,0.00015
508.48001,1.02191,0.98808,0.01015,0.00162,0.00015
508.62000,1.02194,0.98760,0.01058,0.00167,0.00015
508.76001,1.02194,0.98713,0.01104,0.00169,0.00014
508.89999,1.02194,0.98818,0.01004,0.00163,0.00015
509.04001,1.02194,0.98783,0.01037,0.00165,0.00014
509.17999,1.02194,0.98719,0.01084,0.00180,0.00016
509.32001,1.02194,0.98584,0.01236,0.00165,0.00016
509.45999,1.02194,0.98592,0.01214,0.00178,0.00016
509.60001,1.02194,0.98616,0.01203,0.00164,0.00016
509.73999,1.02194,0.98612,0.01202,0.00170,0.00017
509.88000,1.02194,0.98522,0.01271,0.00190,0.00017
510.01999,1.02194,0.98782,0.00985,0.00205,0.00028
510.16000,1.02194,0.98845,0.00978,0.00161,0.00016
510.29999,1.02194,0.98753,0.01063,0.00169,0.00015
510.44000,1.02194,0.98729,0.01088,0.00169,0.00014
510.57999,1.02194,0.98866,0.00961,0.00158,0.00015
510.72000,1.02194,0.98789,0.01030,0.00166,0.00015
510.85999,1.02194,0.98821,0.00997,0.00168,0.00014
511.00000,1.02191,0.98869,0.00948,0.00168,0.00015
511.14001,1.02191,0.98855,0.00964,0.00167,0.00014
511.28000,1.02194,0.98930,0.00892,0.00163,0.00015
511.42001,1.02194,0.98866,0.00953,0.00167,0.00014
511.56000,1.02191,0.98846,0.00971,0.00169,0.00014
511.70001,1.02191,0.98847,0.00972,0.00167,0.00015
511.84000,1.02194,0.98848,0.00971,0.00167,0.00015
511.98001,1.02194,0.99535,0.00303,0.00146,0.00015
512.12000,1.02197,0.98806,0.00559,0.00544,0.00090
512.26001,1.02191,0.97565,0.01157,0.00866,0.00412
512.40002,1.02191,0.97935,0.00893,0.00569,0.00603
512.53998,1.02197,0.93714,0.01374,0.03795,0.01117
512.67999,1.02197,0.95096,0.02122,0.00795,0.01986
512.82001,1.02191,0.93606,0.03510,0.01156,0.01728
512.96002,1.02191,0.92799,0.05788,0.00918,0.00494
513.09998,1.02197,0.96824,0.02614,0.00348,0.00215
513.23999,1.02197,0.95349,0.04291,0.00243,0.00118
513.38000,1.02191,0.71671,0.28061,0.00199,0.00069
513.52002,1.02191,0.87029,0.12730,0.00215,0.00026
513.65997,1.02197,0.93465,0.06035,0.00448,0.00051
513.79999,1.02197,0.75657,0.24029,0.00222,0.00093
513.94000,1.02191,0.50740,0.49027,0.00100,0.00134
514.08002,1.02191,0.44957,0.54594,0.00195,0.00254
514.21997,1.02197,0.28171,0.70933,0.00202,0.00695
514.35999,1.02197,0.40987,0.58121,0.00214,0.00678
514.50000,1.02191,0.46768,0.52339,0.00126,0.00767
514.64001,1.02191,0.71801,0.27676,0.00135,0.00387
514.78003,1.02191,0.95708,0.03854,0.00263,0.00174
514.91998,1.02197,0.97544,0.02161,0.00138,0.00156
515.06000,1.02191,0.92505,0.07052,0.00408,0.00035
515.20001,1.02191,0.95885,0.03854,0.00217,0.00044
515.34003,1.02191,0.91882,0.07723,0.00295,0.00101
515.47998,1.02197,0.83671,0.15133,0.00724,0.00473
515.62000,1.02197,0.77018,0.21772,0.00695,0.00515
515.76001,1.02191,0.88646,0.10365,0.00320,0.00670
515.90002,1.02191,0.73648,0.25388,0.00581,0.00382
516.03998,1.02197,0.89127,0.10059,0.00687,0.00127
516.17999,1.02197,0.90765,0.08085,0.00843,0.00307
516.32001,1.02191,0.83280,0.15442,0.00650,0.00627
516.46002,1.02191,0.67878,0.31282,0.00275,0.00565
516.59998,1.02197,0.45711,0.53322,0.00346,0.00620
516.73999,1.02197,0.24731,0.74632,0.00235,0.00402
516.88000,1.02191,0.09532,0.90068,0.00056,0.00343
517.02002,1.02191,0.04685,0.95225,0.00040,0.00049
517.15997,1.02197,0.01535,0.98445,0.00011,0.00009
517.29999,1.02197,0.01736,0.98241,0.00011,0.00012
517.44000,1.02191,0.01937,0.98029,0.00016,0.00018
517.58002,1.02191,0.01689,0.98281,0.00014,0.00015
517.71997,1.02197,0.01736,0.98240,0.00011,0.00013
517.85999,1.02197,0.01944,0.98027,0.00012,0.00016
518.00000,1.02191,0.02660,0.97297,0.00020,0.00023
518.14001,1.02191,0.02653,0.97280,0.00031,0.00036
518.28003,1.02191,0.03640,0.96265,0.00025,0.00070
518.41998,1.02197,0.03261,0.96607,0.00039,0.00093
518.56000,1.02191,0.02858,0.97046,0.00014,0.00082
518.70001,1.02191,0.05072,0.94632,0.00037,0.00259
518.84003,1.02191,0.03058,0.96773,0.00026,0.00144
518.97998,1.02197,0.03002,0.96858,0.00049,0.00090
519.12000,1.02197,0.01984,0.97929,0.00027,0.00060
519.26001,1.02191,0.01505,0.98441,0.00008,0.00046
519.40002,1.02191,0.04206,0.95411,0.00037,0.00346
519.53998,1.02197,0.05950,0.92921,0.00066,0.01064
519.67999,1.02197,0.05015,0.94155,0.00040,0.00791
519.82001,1.02191,0.10508,0.86220,0.00038,0.03235
519.96002,1.02191,0.16573,0.71046,0.00100,0.12281
520.09998,1.02197,0.21530,0.61802,0.00091,0.16577
520.23999,1.02197,0.16367,0.77677,0.00115,0.05841
520.38000,1.02191,0.11596,0.86027,0.00102,0.02275
520.52002,1.02191,0.09060,0.88876,0.00085,0.01979
520.65997,1.02197,0.09894,0.88590,0.00067,0.01449
520.79999,1.02197,0.04853,0.94609,0.00031,0.00507
520.94000,1.02191,0.03840,0.95813,0.00030,0.00317
521.08002,1.02191,0.03068,0.96737,0.00028,0.00167
521.21997,1.02197,0.10849,0.87504,0.00121,0.01526
521.35999,1.02197,0.10632,0.87237,0.00056,0.02075
521.50000,1.02191,0.07074,0.92224,0.00027,0.00675
521.64001,1.02191,0.10120,0.88871,0.00040,0.00969
521.78003,1.02191,0.12639,0.85365,0.00058,0.01938
521.91998,1.02197,0.09829,0.88898,0.00076,0.01197
522.06000,1.02191,0.03580,0.96174,0.00030,0.00216
522.20001,1.02191,0.04176,0.95478,0.00035,0.00311
522.34003,1.02191,0.09501,0.88292,0.00094,0.02113
522.47998,1.02197,0.12911,0.79639,0.00111,0.07339
522.62000,1.02197,0.21161,0.60344,0.00120,0.18375
522.76001,1.02191,0.21337,0.44218,0.00100,0.34345
522.90002,1.02191,0.19860,0.33303,0.00089,0.46748
523.03998,1.02197,0.18127,0.39377,0.00094,0.42402
523.17999,1.02197,0.17560,0.36731,0.00115,0.45594
523.32001,1.02191,0.18812,0.48630,0.00077,0.32481
523.46002,1.02191,0.12581,0.81400,0.00074,0.05945
523.59998,1.02197,0.09656,0.87950,0.00049,0.02345
523.73999,1.02197,0.11346,0.85517,0.00094,0.03044
523.88000,1.02191,0.06618,0.92580,0.00041,0.00761
524.02002,1.02191,0.08007,0.90935,0.00052,0.01006
524.15997,1.02197,0.12715,0.83926,0.00096,0.03264
524.29999,1.02197,0.07744,0.91291,0.00062,0.00904
524.44000,1.02191,0.11206,0.87347,0.00077,0.01369
524.58002,1.02191,0.12662,0.86227,0.00107,0.01004
524.71997,1.02197,0.30768,0.68061,0.00275,0.00896
524.85999,1.02197,0.57198,0.41791,0.00625,0.00386
525.00000,1.02191,0.75024,0.24381,0.00475,0.00119
525.14001,1.02191,0.90408,0.09097,0.00396,0.00099
525.28003,1.02191,0.96921,0.02587,0.00427,0.00065
525.41998,1.02197,0.99109,0.00706,0.00163,0.00022
525.56000,1.02191,0.98941,0.00875,0.00168,0.00016
525.70001,1.02191,0.98957,0.00867,0.00160,0.00016
525.84003,1.02191,0.98991,0.00833,0.00157,0.00019
525.97998,1.02197,0.97644,0.01987,0.00293,0.00075
526.12000,1.02197,0.92388,0.07323,0.00173,0.00116
526.26001,1.02191,0.93047,0.05941,0.00433,0.00579
526.40002,1.02191,0.87913,0.10381,0.00421,0.01285
526.53998,1.02197,0.90285,0.08044,0.00404,0.01267
526.67999,1.02197,0.83188,0.14975,0.00300,0.01537
526.82001,1.02191,0.74556,0.24787,0.00203,0.00453
526.96002,1.02191,0.94499,0.04942,0.00411,0.00147
527.09998,1.02197,0.94423,0.05317,0.00211,0.00048
527.23999,1.02197,0.98785,0.01033,0.00164,0.00017
527.38000,1.02191,0.98760,0.01063,0.00163,0.00015
527.52002,1.02191,0.98745,0.01082,0.00160,0.00014
527.65997,1.02197,0.98777,0.01034,0.00174,0.00015
527.79999,1.02197,0.98860,0.00964,0.00163,0.00014
527.94000,1.02191,0.98957,0.00873,0.00156,0.00014
528.08002,1.02191,0.98867,0.00956,0.00163,0.00013
528.21997,1.02197,0.98940,0.00888,0.00159,0.00013
528.35999,1.02197,0.98999,0.00833,0.00154,0.00014
528.50000,1.02191,0.98983,0.00851,0.00153,0.00013
528.64001,1.02191,0.99037,0.00798,0.00151,0.00014
528.78003,1.02191,0.99050,0.00783,0.00153,0.00013
528.91998,1.02197,0.99073,0.00762,0.00151,0.00013
529.06000,1.02191,0.99097,0.00739,0.00151,0.00013
529.20001,1.02191,0.99065,0.00769,0.00153,0.00013
529.34003,1.02191,0.99064,0.00772,0.00151,0.00013
529.47998,1.02197,0.99087,0.00750,0.00149,0.00013
529.62000,1.02197,0.99076,0.00760,0.00150,0.00014
529.76001,1.02191,0.99006,0.00824,0.00155,0.00014
529.90002,1.02191,0.99018,0.00804,0.00163,0.00015
530.03998,1.02197,0.98943,0.00883,0.00159,0.00014
530.17999,1.02197,0.98904,0.00929,0.00154,0.00013
530.32001,1.02191,0.98850,0.00980,0.00157,0.00014
530.46002,1.02191,0.98880,0.00948,0.00158,0.00014
530.59998,1.02197,0.98928,0.00902,0.00156,0.00014
530.73999,1.02197,0.98961,0.00865,0.00159,0.00016
530.88000,1.02191,0.98926,0.00903,0.00157,0.00015
531.02002,1.02191,0.98913,0.00906,0.00166,0.00015
531.15997,1.02197,0.98906,0.00917,0.00163,0.00014
531.29999,1.02197,0.99000,0.00832,0.00152,0.00015
531.44000,1.02191,0.98973,0.00857,0.00155,0.00015
531.58002,1.02191,0.98990,0.00837,0.00157,0.00016
531.71997,1.02197,0.98858,0.00961,0.00166,0.00015
531.85999,1.02197,0.98825,0.00997,0.00164,0.00014
532.00000,1.02191,0.98830,0.00991,0.00164,0.00014
532.14001,1.02191,0.98857,0.00971,0.00159,0.00014
532.28003,1.02191,0.98782,0.01040,0.00161,0.00016
532.41998,1.02197,0.98514,0.01290,0.00180,0.00017
532.56000,1.02191,0.98198,0.01600,0.00185,0.00016
532.70001,1.02191,0.98327,0.01479,0.00177,0.00017
532.84003,1.02191,0.98326,0.01473,0.00184,0.00018
532.97998,1.02197,0.98130,0.01637,0.00213,0.00020
533.12000,1.02197,0.98148,0.01631,0.00204,0.00017
533.26001,1.02191,0.98177,0.01588,0.00218,0.00017
533.40002,1.02191,0.98685,0.01127,0.00173,0.00015
533.53998,1.02197,0.98721,0.01076,0.00186,0.00016
533.67999,1.02197,0.98872,0.00939,0.00173,0.00016
533.82001,1.02191,0.99009,0.00814,0.00161,0.00016
533.96002,1.02191,0.98937,0.00879,0.00170,0.00014
534.09998,1.02197,0.98957,0.00863,0.00166,0.00013
534.23999,1.02197,0.99051,0.00774,0.00159,0.00015
534.38000,1.02191,0.99026,0.00802,0.00157,0.00015
534.52002,1.02191,0.98990,0.00835,0.00160,0.00015
534.65997,1.02197,0.98937,0.00894,0.00154,0.00014
534.79999,1.02197,0.98638,0.01183,0.00165,0.00015
534.94000,1.02191,0.98530,0.01296,0.00157,0.00016
535.08002,1.02191,0.98536,0.01287,0.00162,0.00015
535.21997,1.02197,0.98618,0.01203,0.00164,0.00015
535.35999,1.02197,0.98869,0.00931,0.00182,0.00019
535.50000,1.02191,0.98674,0.01125,0.00180,0.00021
535.64001,1.02191,0.98503,0.01267,0.00211,0.00019
535.78003,1.02191,0.98824,0.00983,0.00174,0.00019
535.91998,1.02197,0.98727,0.01094,0.00162,0.00017
536.06000,1.02191,0.98669,0.01133,0.00177,0.00020
536.20001,1.02191,0.99134,0.00651,0.00177,0.00038
536.34003,1.02191,0.98792,0.01025,0.00166,0.00016
536.47998,1.02197,0.98767,0.01046,0.00171,0.00017
536.62000,1.02197,0.98718,0.01083,0.00182,0.00017
536.76001,1.02191,0.98880,0.00935,0.00167,0.00018
536.90002,1.02191,0.98823,0.00997,0.00164,0.00017
537.03998,1.02197,0.99030,0.00791,0.00156,0.00023
537.17999,1.02197,0.98628,0.01181,0.00175,0.00016
537.32001,1.02191,0.98655,0.01152,0.00176,0.00017
537.46002,1.02191,0.98621,0.01189,0.00176,0.00015
537.59998,1.02197,0.98790,0.01025,0.00168,0.00016
537.73999,1.02197,0.98793,0.01026,0.00166,0.00015
537.88000,1.02191,0.98872,0.00952,0.00160,0.00016
538.02002,1.02191,0.98815,0.01004,0.00165,0.00016
538.15997,1.02197,0.98704,0.01115,0.00167,0.00014
538.29999,1.02197,0.98811,0.01008,0.00166,0.00015
538.44000,1.02191,0.98867,0.00955,0.00163,0.00015
538.58002,1.02191,0.98878,0.00945,0.00162,0.00015
538.71997,1.02197,0.98876,0.00947,0.00162,0.00015
538.85999,1.02197,0.98841,0.00976,0.00167,0.00016
539.00000,1.02191,0.98837,0.00983,0.00165,0.00015
539.14001,1.02191,0.98913,0.00909,0.00162,0.00016
539.28003,1.02191,0.98838,0.00979,0.00167,0.00016
539.41998,1.02197,0.98866,0.00957,0.00161,0.00016
539.56000,1.02191,0.98867,0.00956,0.00162,0.00016
539.70001,1.02191,0.98759,0.01060,0.00167,0.00015
539.84003,1.02191,0.98773,0.01051,0.00161,0.00015
539.97998,1.02197,0.98770,0.01050,0.00164,0.00015
540.12000,1.02197,0.98675,0.01142,0.00168,0.00015
540.26001,1.02191,0.98712,0.01110,0.00163,0.00015
540.40002,1.02191,0.98232,0.01580,0.00172,0.00015
540.53998,1.02197,0.98133,0.01695,0.00157,0.00015
540.67999,1.02197,0.98199,0.01627,0.00159,0.00015
540.82001,1.02191,0.98275,0.01555,0.00153,0.00016
540.96002,1.02191,0.98086,0.01738,0.00160,0.00016
541.09998,1.02197,0.98120,0.01681,0.00182,0.00017
541.23999,1.02197,0.98123,0.01654,0.00207,0.00016
541.38000,1.02191,0.98606,0.01206,0.00171,0.00016
541.52002,1.02191,0.98613,0.01196,0.00174,0.00016
541.65997,1.02197,0.98602,0.01213,0.00170,0.00015
541.79999,1.02197,0.98664,0.01155,0.00165,0.00015
541.94000,1.02191,0.98568,0.01246,0.00171,0.00015
542.08002,1.02191,0.98632,0.01187,0.00165,0.00016
542.21997,1.02197,0.98476,0.01331,0.00178,0.00015
542.35999,1.02197,0.98697,0.01117,0.00169,0.00016
542.50000,1.02191,0.98721,0.01092,0.00172,0.00015
542.64001,1.02191,0.98801,0.01016,0.00167,0.00016
542.78003,1.02191,0.98777,0.01036,0.00172,0.00016
542.91998,1.02197,0.98835,0.00985,0.00164,0.00016
543.06000,1.02191,0.98830,0.00991,0.00165,0.00014
543.20001,1.02191,0.98848,0.00977,0.00161,0.00015
543.34003,1.02191,0.98837,0.00987,0.00161,0.00015
543.47998,1.02197,0.98833,0.00992,0.00159,0.00015
543.62000,1.02197,0.98815,0.01006,0.00164,0.00015
543.76001,1.02191,0.98780,0.01044,0.00162,0.00015
543.90002,1.02191,0.98837,0.00989,0.00158,0.00016
544.03998,1.02197,0.98801,0.01026,0.00159,0.00014
544.17999,1.02197,0.98870,0.00955,0.00161,0.00014
544.32001,1.02191,0.98852,0.00973,0.00162,0.00014
544.46002,1.02191,0.98872,0.00952,0.00162,0.00014
544.59998,1.02197,0.98828,0.00991,0.00168,0.00014
544.73999,1.02197,0.98876,0.00945,0.00165,0.00014
544.88000,1.02191,0.98984,0.00848,0.00153,0.00015
545.02002,1.02191,0.98959,0.00870,0.00156,0.00015
545.15997,1.02197,0.98833,0.00991,0.00161,0.00015
545.29999,1.02197,0.98798,0.01025,0.00161,0.00015
545.44000,1.02191,0.98799,0.01025,0.00160,0.00015
545.58002,1.02191,0.98747,0.01071,0.00167,0.00015
545.71997,1.02197,0.98843,0.00979,0.00163,0.00015
545.85999,1.02197,0.98819,0.01005,0.00161,0.00015
546.00000,1.02191,0.98772,0.01047,0.00166,0.00015
546.14001,1.02191,0.98838,0.00981,0.00166,0.00015
546.28003,1.02191,0.98820,0.01004,0.00162,0.00015
546.41998,1.02197,0.98814,0.01011,0.00160,0.00015
546.56000,1.02191,0.98753,0.01071,0.00161,0.00015
546.70001,1.02191,0.98684,0.01134,0.00168,0.00014
546.84003,1.02191,0.98791,0.01036,0.00159,0.00015
546.97998,1.02197,0.98779,0.01040,0.00166,0.00015
547.12000,1.02197,0.98775,0.01044,0.00167,0.00014
547.26001,1.02191,0.98892,0.00920,0.00171,0.00016
547.40002,1.02191,0.98894,0.00930,0.00160,0.00016
547.53998,1.02197,0.98887,0.00935,0.00163,0.00015
547.67999,1.02197,0.98868,0.00957,0.00161,0.00014
547.82001,1.02191,0.98880,0.00945,0.00160,0.00015
547.96002,1.02191,0.98893,0.00938,0.00154,0.00015
548.09998,1.02197,0.98757,0.01041,0.00186,0.00016
548.23999,1.02197,0.98928,0.00899,0.00159,0.00014
548.38000,1.02191,0.98959,0.00867,0.00160,0.00015
548.52002,1.02191,0.98887,0.00932,0.00166,0.00015
548.65997,1.02197,0.98911,0.00912,0.00163,0.00015
548.79999,1.02197,0.98866,0.00960,0.00161,0.00014
548.94000,1.02191,0.98918,0.00909,0.00158,0.00015
549.08002,1.02191,0.98876,0.00951,0.00158,0.00015
549.21997,1.02197,0.98867,0.00957,0.00161,0.00015
549.35999,1.02197,0.98708,0.01111,0.00168,0.00014
549.50000,1.02191,0.98831,0.00989,0.00165,0.00015
549.64001,1.02191,0.98773,0.01046,0.00166,0.00015
549.78003,1.02191,0.98805,0.01014,0.00166,0.00015
549.91998,1.02197,0.98833,0.00988,0.00164,0.00015
550.06000,1.02191,0.98834,0.00987,0.00164,0.00015
550.20001,1.02191,0.98804,0.01020,0.00162,0.00014
550.34003,1.02191,0.98822,0.00998,0.00165,0.00015
550.47998,1.02197,0.98782,0.01038,0.00166,0.00014
550.62000,1.02197,0.98884,0.00942,0.00160,0.00015
550.76001,1.02191,0.98790,0.01032,0.00164,0.00014
550.90002,1.02191,0.98854,0.00969,0.00162,0.00015
551.03998,1.02197,0.98845,0.00979,0.00162,0.00015
551.17999,1.02197,0.98805,0.01013,0.00168,0.00014
551.32001,1.02191,0.98851,0.00972,0.00163,0.00014
551.46002,1.02191,0.98882,0.00937,0.00165,0.00015
551.59998,1.02197,0.98791,0.01029,0.00166,0.00014
551.73999,1.02197,0.98850,0.00974,0.00160,0.00015
551.88000,1.02191,0.98806,0.01021,0.00159,0.00014
552.02002,1.02191,0.98807,0.01016,0.00162,0.00015
552.15997,1.02197,0.98800,0.01025,0.00161,0.00015
552.29999,1.02197,0.98763,0.01060,0.00163,0.00014
552.44000,1.02191,0.98674,0.01140,0.00171,0.00015
552.58002,1.02191,0.98704,0.01117,0.00165,0.00014
552.71997,1.02197,0.98807,0.01015,0.00163,0.00015
552.85999,1.02197,0.98754,0.01070,0.00161,0.00015
553.00000,1.02191,0.98829,0.00993,0.00162,0.00016
553.14001,1.02191,0.98775,0.01043,0.00167,0.00016
553.28003,1.02191,0.98664,0.01148,0.00175,0.00014
553.41998,1.02197,0.98821,0.00999,0.00165,0.00015
553.56000,1.02191,0.98889,0.00930,0.00166,0.00016
553.70001,1.02191,0.98897,0.00928,0.00161,0.00015
553.84003,1.02191,0.98830,0.00990,0.00166,0.00014
553.97998,1.02197,0.98766,0.01053,0.00167,0.00014
554.12000,1.02197,0.98957,0.00873,0.00155,0.00015
554.26001,1.02191,0.98818,0.01006,0.00162,0.00014
554.40002,1.02191,0.98847,0.00980,0.00159,0.00015
554.53998,1.02197,0.98782,0.01042,0.00161,0.00014
554.67999,1.02197,0.98763,0.01060,0.00163,0.00014
554.82001,1.02191,0.98804,0.01020,0.00162,0.00014
554.96002,1.02191,0.98898,0.00929,0.00159,0.00015
555.09998,1.02197,0.98860,0.00965,0.00161,0.00014
555.23999,1.02197,0.98861,0.00962,0.00165,0.00013
555.38000,1.02191,0.98923,0.00903,0.00161,0.00014
555.52002,1.02191,0.98984,0.00847,0.00156,0.00014
555.65997,1.02197,0.98979,0.00850,0.00158,0.00014
555.79999,1.02197,0.99042,0.00788,0.00156,0.00014
555.94000,1.02191,0.99020,0.00813,0.00154,0.00013
556.08002,1.02191,0.99041,0.00788,0.00157,0.00014
556.21997,1.02197,0.99013,0.00818,0.00155,0.00014
556.35999,1.02197,0.99073,0.00760,0.00153,0.00014
556.50000,1.02191,0.99077,0.00759,0.00152,0.00013
556.64001,1.02191,0.99089,0.00748,0.00150,0.00013
556.78003,1.02191,0.99043,0.00792,0.00152,0.00013
556.91998,1.02197,0.99066,0.00767,0.00153,0.00014
557.06000,1.02191,0.99040,0.00795,0.00152,0.00012
557.20001,1.02191,0.99095,0.00744,0.00148,0.00013
557.34003,1.02191,0.99118,0.00722,0.00146,0.00014
557.47998,1.02197,0.99051,0.00785,0.00150,0.00014
557.62000,1.02197,0.99028,0.00804,0.00155,0.00014
557.76001,1.02191,0.99002,0.00830,0.00155,0.00012
557.90002,1.02191,0.99042,0.00795,0.00149,0.00013
558.03998,1.02197,0.99002,0.00831,0.00153,0.00013
558.17999,1.02197,0.99054,0.00782,0.00151,0.00014
558.32001,1.02191,0.99010,0.00821,0.00156,0.00013
558.46002,1.02191,0.99034,0.00801,0.00152,0.00014
558.59998,1.02197,0.98990,0.00841,0.00156,0.00014
558.73999,1.02197,0.98947,0.00882,0.00158,0.00013
558.88000,1.02191,0.98995,0.00834,0.00157,0.00014
559.02002,1.02191,0.98939,0.00891,0.00157,0.00014
559.15997,1.02197,0.98969,0.00862,0.00155,0.00014
559.29999,1.02197,0.98905,0.00924,0.00157,0.00014
559.44000,1.02191,0.98858,0.00967,0.00160,0.00014
559.58002,1.02191,0.98862,0.00969,0.00155,0.00014
559.71997,1.02197,0.98833,0.00991,0.00162,0.00014
559.85999,1.02197,0.98868,0.00960,0.00158,0.00014
560.00000,1.02191,0.98836,0.00990,0.00160,0.00014
560.14001,1.02191,0.98804,0.01017,0.00164,0.00015
560.28003,1.02191,0.98847,0.00975,0.00163,0.00015
560.41998,1.02197,0.98825,0.00998,0.00163,0.00014
560.56000,1.02191,0.98790,0.01032,0.00163,0.00015
560.70001,1.02191,0.98801,0.01025,0.00159,0.00014
560.84003,1.02191,0.98819,0.01004,0.00162,0.00015
560.97998,1.02197,0.98820,0.01003,0.00163,0.00014
561.12000,1.02197,0.98809,0.01014,0.00162,0.00014
561.26001,1.02191,0.98837,0.00985,0.00164,0.00015
561.40002,1.02191,0.98799,0.01017,0.00169,0.00014
561.53998,1.02197,0.98873,0.00948,0.00165,0.00014
561.67999,1.02197,0.98889,0.00937,0.00160,0.00014
561.82001,1.02191,0.98881,0.00939,0.00165,0.00015
561.96002,1.02191,0.98764,0.01055,0.00167,0.00014
562.09998,1.02197,0.98855,0.00971,0.00160,0.00015
562.23999,1.02197,0.98825,0.01000,0.00160,0.00015
562.38000,1.02191,0.98798,0.01022,0.00165,0.00015
562.52002,1.02191,0.98765,0.01060,0.00162,0.00014
562.65997,1.02197,0.98808,0.01015,0.00162,0.00014
562.79999,1.02197,0.98757,0.01064,0.00165,0.00014
562.94000,1.02191,0.98872,0.00953,0.00161,0.00014
563.08002,1.02191,0.98879,0.00948,0.00159,0.00014
563.21997,1.02197,0.98903,0.00924,0.00159,0.00014
563.35999,1.02197,0.98875,0.00949,0.00162,0.00014
563.50000,1.02191,0.98884,0.00943,0.00159,0.00014
563.64001,1.02191,0.98892,0.00935,0.00159,0.00013
563.78003,1.02191,0.98926,0.00900,0.00160,0.00014
563.91998,1.02197,0.98949,0.00877,0.00159,0.00014
564.06000,1.02191,0.99012,0.00819,0.00155,0.00014
564.20001,1.02191,0.98948,0.00877,0.00161,0.00014
564.34003,1.02191,0.98960,0.00870,0.00157,0.00013
564.47998,1.02197,0.98994,0.00837,0.00155,0.00013
564.62000,1.02197,0.98962,0.00868,0.00156,0.00013
564.76001,1.02191,0.98994,0.00837,0.00155,0.00014
564.90002,1.02191,0.98987,0.00849,0.00150,0.00014
565.03998,1.02197,0.98952,0.00878,0.00156,0.00014
565.17999,1.02197,0.98996,0.00836,0.00155,0.00013
565.32001,1.02191,0.99090,0.00746,0.00151,0.00014
565.46002,1.02191,0.99083,0.00754,0.00150,0.00014
565.59998,1.02197,0.99100,0.00738,0.00148,0.00013
565.73999,1.02197,0.99070,0.00765,0.00152,0.00013
565.88000,1.02191,0.99070,0.00767,0.00150,0.00013
566.02002,1.02191,0.99102,0.00739,0.00146,0.00013
566.15997,1.02197,0.99090,0.00748,0.00148,0.00014
566.29999,1.02197,0.99091,0.00749,0.00146,0.00013
566.44000,1.02191,0.99034,0.00804,0.00149,0.00013
566.58002,1.02191,0.99024,0.00810,0.00152,0.00014
566.71997,1.02197,0.99038,0.00796,0.00153,0.00014
566.85999,1.02197,0.99004,0.00831,0.00152,0.00013
567.00000,1.02191,0.99009,0.00825,0.00152,0.00014
567.14001,1.02191,0.98990,0.00839,0.00157,0.00014
567.28003,1.02191,0.98925,0.00905,0.00156,0.00013
567.41998,1.02197,0.98949,0.00882,0.00155,0.00013
567.56000,1.02191,0.98928,0.00899,0.00159,0.00014
567.70001,1.02191,0.98915,0.00910,0.00161,0.00014
567.84003,1.02191,0.98940,0.00889,0.00157,0.00014
567.97998,1.02197,0.98875,0.00949,0.00162,0.00014
568.12000,1.02197,0.98828,0.01000,0.00160,0.00013
568.26001,1.02191,0.98828,0.00997,0.00161,0.00014
568.40002,1.02191,0.98846,0.00981,0.00159,0.00014
568.53998,1.02197,0.98866,0.00963,0.00156,0.00014
568.67999,1.02197,0.98786,0.01039,0.00161,0.00014
568.82001,1.02191,0.98785,0.01043,0.00157,0.00014
568.96002,1.02191,0.98779,0.01044,0.00162,0.00015
569.09998,1.02197,0.98732,0.01089,0.00166,0.00014
569.23999,1.02197,0.98914,0.00912,0.00159,0.00015
569.38000,1.02191,0.98876,0.00948,0.00161,0.00015
569.52002,1.02191,0.98774,0.01043,0.00168,0.00015
569.65997,1.02197,0.98834,0.00991,0.00162,0.00014
569.79999,1.02197,0.98920,0.00906,0.00160,0.00014
569.94000,1.02191,0.98898,0.00928,0.00160,0.00014
570.08002,1.02191,0.99014,0.00818,0.00152,0.00016
570.21997,1.02197,0.98829,0.00990,0.00167,0.00014
570.35999,1.02197,0.98837,0.00984,0.00166,0.00013
570.50000,1.02191,0.98942,0.00885,0.00159,0.00013
570.64001,1.02191,0.98988,0.00841,0.00156,0.00014
570.78003,1.02191,0.98914,0.00912,0.00160,0.00014
570.91998,1.02197,0.98924,0.00901,0.00161,0.00014
571.06000,1.02191,0.98850,0.00971,0.00165,0.00013
571.20001,1.02191,0.98918,0.00911,0.00156,0.00014
571.34003,1.02191,0.98881,0.00946,0.00158,0.00014
571.47998,1.02197,0.98829,0.00997,0.00161,0.00014
571.62000,1.02197,0.98805,0.01018,0.00162,0.00014
571.76001,1.02191,0.98761,0.01066,0.00159,0.00014
571.90002,1.02191,0.98700,0.01122,0.00164,0.00014
572.03998,1.02197,0.98705,0.01119,0.00161,0.00014
572.17999,1.02197,0.98743,0.01082,0.00160,0.00015
572.32001,1.02191,0.98699,0.01124,0.00162,0.00015
572.46002,1.02191,0.98648,0.01173,0.00164,0.00014
572.59998,1.02197,0.98665,0.01153,0.00168,0.00014
572.73999,1.02197,0.98675,0.01142,0.00170,0.00014
572.88000,1.02191,0.98801,0.01022,0.00163,0.00014
573.02002,1.02191,0.98780,0.01040,0.00165,0.00014
573.15997,1.02197,0.98704,0.01116,0.00167,0.00014
573.29999,1.02197,0.98837,0.00990,0.00158,0.00014
573.44000,1.02191,0.98767,0.01057,0.00162,0.00014
573.58002,1.02191,0.98814,0.01013,0.00158,0.00015
573.71997,1.02197,0.98904,0.00923,0.00157,0.00016
573.85999,1.02197,0.98800,0.01019,0.00166,0.00014
574.00000,1.02191,0.98754,0.01064,0.00167,0.00014
574.14001,1.02191,0.98853,0.00975,0.00158,0.00015
574.28003,1.02191,0.98771,0.01050,0.00165,0.00014
574.41998,1.02197,0.98842,0.00982,0.00161,0.00015
574.56000,1.02191,0.98842,0.00985,0.00158,0.00015
574.70001,1.02191,0.98826,0.00998,0.00162,0.00015
574.84003,1.02191,0.98679,0.01138,0.00169,0.00014
574.97998,1.02197,0.98765,0.01056,0.00164,0.00015
575.12000,1.02197,0.98800,0.01022,0.00163,0.00015
575.26001,1.02191,0.98852,0.00972,0.00162,0.00014
575.40002,1.02191,0.98852,0.00975,0.00159,0.00014
575.53998,1.02197,0.98787,0.01037,0.00162,0.00014
575.67999,1.02197,0.98722,0.01100,0.00163,0.00014
575.82001,1.02191,0.98733,0.01088,0.00165,0.00014
575.96002,1.02191,0.98748,0.01078,0.00159,0.00015
576.09998,1.02197,0.98714,0.01105,0.00166,0.00016
576.23999,1.02197,0.98661,0.01159,0.00165,0.00015
576.38000,1.02191,0.98688,0.01129,0.00168,0.00015
576.52002,1.02191,0.98717,0.01101,0.00168,0.00015
576.65997,1.02197,0.98681,0.01132,0.00172,0.00015
576.79999,1.02197,0.98737,0.01083,0.00165,0.00015
576.94000,1.02191,0.98752,0.01062,0.00170,0.00015
577.08002,1.02191,0.98794,0.01025,0.00166,0.00015
577.21997,1.02197,0.98861,0.00965,0.00158,0.00016
577.35999,1.02197,0.98712,0.01105,0.00167,0.00015
577.50000,1.02191,0.98628,0.01187,0.00171,0.00014
577.64001,1.02191,0.98778,0.01046,0.00161,0.00016
577.78003,1.02191,0.98758,0.01064,0.00162,0.00015
577.91998,1.02197,0.98750,0.01072,0.00164,0.00015
578.06000,1.02191,0.95733,0.03608,0.00616,0.00043
578.20001,1.02191,0.96204,0.03140,0.00600,0.00056
578.34003,1.02191,0.97469,0.02005,0.00486,0.00041
578.47998,1.02197,0.97816,0.01681,0.00466,0.00036
578.62000,1.02197,0.98029,0.01464,0.00463,0.00044
578.76001,1.02191,0.96252,0.02969,0.00712,0.00068
578.90002,1.02191,0.96900,0.02633,0.00449,0.00018
579.03998,1.02197,0.98231,0.01560,0.00197,0.00012
579.17999,1.02197,0.98603,0.01205,0.00178,0.00014
579.32001,1.02191,0.98744,0.01071,0.00170,0.00015
579.46002,1.02191,0.98689,0.01116,0.00179,0.00016
579.59998,1.02197,0.98860,0.00957,0.00167,0.00016
579.73999,1.02197,0.98797,0.01019,0.00168,0.00016
579.88000,1.02191,0.98882,0.00939,0.00163,0.00016
580.02002,1.02191,0.98835,0.00984,0.00167,0.00014
580.15997,1.02197,0.98836,0.00983,0.00166,0.00015
580.29999,1.02197,0.98784,0.01044,0.00157,0.00014
580.44000,1.02191,0.98822,0.01002,0.00160,0.00016
580.58002,1.02191,0.98646,0.01174,0.00166,0.00014
580.71997,1.02197,0.98762,0.01063,0.00160,0.00015
580.85999,1.02197,0.98685,0.01134,0.00166,0.00015
581.00000,1.02191,0.98618,0.01200,0.00168,0.00014
581.14001,1.02191,0.98663,0.01156,0.00167,0.00014
581.28003,1.02191,0.98696,0.01124,0.00165,0.00014
581.41998,1.02197,0.98632,0.01189,0.00165,0.00014
581.56000,1.02191,0.98704,0.01121,0.00160,0.00014
581.70001,1.02191,0.98678,0.01143,0.00164,0.00015
581.84003,1.02191,0.98764,0.01059,0.00162,0.00015
581.97998,1.02197,0.98775,0.01046,0.00165,0.00015
582.12000,1.02197,0.98805,0.01016,0.00164,0.00015
582.26001,1.02191,0.98815,0.01010,0.00162,0.00014
582.40002,1.02191,0.98842,0.00980,0.00164,0.00014
582.53998,1.02197,0.98840,0.00985,0.00161,0.00014
582.67999,1.02197,0.98852,0.00974,0.00160,0.00014
582.82001,1.02191,0.98823,0.01002,0.00161,0.00014
582.96002,1.02191,0.98826,0.01000,0.00159,0.00014
583.09998,1.02197,0.98832,0.00996,0.00157,0.00014
583.23999,1.02197,0.98792,0.01033,0.00161,0.00014
583.38000,1.02191,0.98830,0.00997,0.00159,0.00014
583.52002,1.02191,0.98830,0.00997,0.00159,0.00014
583.65997,1.02197,0.98892,0.00938,0.00155,0.00014
583.79999,1.02197,0.98939,0.00890,0.00157,0.00014
583.94000,1.02191,0.98911,0.00915,0.00161,0.00013
584.08002,1.02191,0.98969,0.00864,0.00153,0.00014
584.21997,1.02197,0.98905,0.00921,0.00161,0.00013
584.35999,1.02197,0.98886,0.00940,0.00161,0.00013
584.50000,1.02191,0.98969,0.00861,0.00156,0.00014
584.64001,1.02191,0.98958,0.00875,0.00153,0.00014
584.78003,1.02191,0.98932,0.00895,0.00160,0.00014
584.91998,1.02197,0.98902,0.00924,0.00160,0.00014
585.06000,1.02191,0.98922,0.00905,0.00159,0.00015
585.20001,1.02191,0.98928,0.00906,0.00153,0.00014
585.34003,1.02191,0.98809,0.01015,0.00162,0.00014
585.47998,1.02197,0.98818,0.01015,0.00153,0.00014
585.62000,1.02197,0.98825,0.01001,0.00159,0.00015
585.76001,1.02191,0.98766,0.01058,0.00162,0.00014
585.90002,1.02191,0.98731,0.01093,0.00163,0.00014
586.03998,1.02197,0.98804,0.01021,0.00160,0.00015
586.17999,1.02197,0.98694,0.01122,0.00170,0.00014
586.32001,1.02191,0.98778,0.01044,0.00164,0.00014
586.46002,1.02191,0.98817,0.01008,0.00161,0.00015
586.59998,1.02197,0.98744,0.01076,0.00166,0.00014
586.73999,1.02197,0.98690,0.01129,0.00168,0.00014
586.88000,1.02191,0.98788,0.01034,0.00164,0.00014
587.02002,1.02191,0.98788,0.01034,0.00164,0.00015
587.15997,1.02197,0.98842,0.00979,0.00164,0.00015
587.29999,1.02197,0.98821,0.00997,0.00167,0.00015
587.44000,1.02191,0.98823,0.00996,0.00166,0.00015
587.58002,1.02191,0.98885,0.00938,0.00162,0.00015
587.71997,1.02197,0.98887,0.00933,0.00165,0.00015
587.85999,1.02197,0.98876,0.00948,0.00161,0.00015
588.00000,1.02191,0.98897,0.00931,0.00157,0.00015
588.14001,1.02191,0.98902,0.00920,0.00163,0.00015
588.28003,1.02191,0.98854,0.00968,0.00164,0.00014
588.41998,1.02197,0.98889,0.00935,0.00160,0.00015
588.56000,1.02191,0.98855,0.00968,0.00162,0.00015
588.70001,1.02191,0.98890,0.00934,0.00162,0.00015
588.84003,1.02191,0.98883,0.00943,0.00160,0.00015
588.97998,1.02197,0.98908,0.00921,0.00156,0.00015
589.12000,1.02197,0.98803,0.01015,0.00168,0.00014
589.26001,1.02191,0.98760,0.01058,0.00168,0.00014
589.40002,1.02191,0.98845,0.00980,0.00161,0.00014
589.53998,1.02197,0.98864,0.00957,0.00164,0.00015
589.67999,1.02197,0.98829,0.00997,0.00160,0.00015
589.82001,1.02191,0.98795,0.01032,0.00159,0.00015
589.96002,1.02191,0.98727,0.01094,0.00164,0.00015
590.09998,1.02197,0.98679,0.01138,0.00169,0.00014
590.23999,1.02197,0.98816,0.01009,0.00159,0.00015
590.38000,1.02191,0.98724,0.01097,0.00165,0.00014
590.52002,1.02191,0.98783,0.01043,0.00160,0.00014
590.65997,1.02197,0.98855,0.00970,0.00161,0.00014
590.79999,1.02197,0.98815,0.01009,0.00162,0.00014
590.94000,1.02191,0.98837,0.00986,0.00163,0.00014
591.08002,1.02191,0.98894,0.00933,0.00159,0.00014
591.21997,1.02197,0.98956,0.00871,0.00158,0.00015
591.35999,1.02197,0.98917,0.00910,0.00160,0.00013
591.50000,1.02191,0.99051,0.00778,0.00156,0.00015
591.64001,1.02191,0.98992,0.00840,0.00155,0.00013
591.78003,1.02191,0.99020,0.00812,0.00154,0.00014
591.91998,1.02197,0.98996,0.00835,0.00155,0.00014
592.06000,1.02191,0.98976,0.00857,0.00154,0.00013
592.20001,1.02191,0.98975,0.00862,0.00151,0.00013
592.34003,1.02191,0.98956,0.00873,0.00157,0.00014
592.47998,1.02197,0.98940,0.00892,0.00154,0.00014
592.62000,1.02197,0.98874,0.00955,0.00157,0.00014
592.76001,1.02191,0.98866,0.00965,0.00155,0.00014
592.90002,1.02191,0.98824,0.01004,0.00158,0.00014
593.03998,1.02197,0.98822,0.01009,0.00155,0.00014
593.17999,1.02197,0.98828,0.01000,0.00157,0.00015
593.32001,1.02191,0.98669,0.01154,0.00163,0.00014
593.46002,1.02191,0.98757,0.01066,0.00162,0.00014
593.59998,1.02197,0.98689,0.01129,0.00168,0.00014
593.73999,1.02197,0.98768,0.01054,0.00164,0.00014
593.88000,1.02191,0.98750,0.01072,0.00164,0.00014
594.02002,1.02191,0.98832,0.00992,0.00162,0.00014
594.15997,1.02197,0.98796,0.01028,0.00163,0.00014
594.29999,1.02197,0.98911,0.00915,0.00159,0.00015
594.44000,1.02191,0.98806,0.01016,0.00165,0.00014
594.58002,1.02191,0.98816,0.01005,0.00165,0.00014
594.71997,1.02197,0.98859,0.00967,0.00160,0.00015
594.85999,1.02197,0.98850,0.00972,0.00162,0.00015
595.00000,1.02191,0.98819,0.01008,0.00159,0.00014
595.14001,1.02191,0.98794,0.01033,0.00159,0.00014
595.28003,1.02191,0.98710,0.01108,0.00167,0.00014
595.41998,1.02197,0.98778,0.01045,0.00162,0.00015
595.56000,1.02191,0.98758,0.01064,0.00163,0.00015
595.70001,1.02191,0.98831,0.00993,0.00161,0.00015
595.84003,1.02191,0.98753,0.01068,0.00165,0.00014
595.97998,1.02197,0.98853,0.00971,0.00161,0.00015
596.12000,1.02197,0.98830,0.00992,0.00163,0.00015
596.26001,1.02191,0.98838,0.00982,0.00165,0.00015
596.40002,1.02191,0.98831,0.00995,0.00160,0.00015
596.53998,1.02197,0.98855,0.00971,0.00159,0.00015
596.67999,1.02197,0.98796,0.01031,0.00159,0.00015
596.82001,1.02191,0.98764,0.01060,0.00160,0.00015
596.96002,1.02191,0.98762,0.01061,0.00163,0.00014
597.09998,1.02197,0.98785,0.01040,0.00162,0.00014
597.23999,1.02197,0.98683,0.01134,0.00168,0.00014
597.38000,1.02191,0.98892,0.00937,0.00155,0.00016
597.52002,1.02191,0.98801,0.01022,0.00162,0.00015
597.65997,1.02197,0.98859,0.00970,0.00157,0.00014
597.79999,1.02197,0.98908,0.00921,0.00156,0.00015
597.94000,1.02191,0.98896,0.00930,0.00159,0.00015
598.08002,1.02191,0.98905,0.00921,0.00160,0.00014
598.21997,1.02197,0.98903,0.00922,0.00161,0.00014
598.35999,1.02197,0.98921,0.00903,0.00162,0.00014
598.50000,1.02191,0.98935,0.00892,0.00158,0.00014
598.64001,1.02191,0.98997,0.00832,0.00156,0.00014
598.78003,1.02191,0.98937,0.00890,0.00160,0.00014
598.91998,1.02197,0.99009,0.00821,0.00156,0.00014
599.06000,1.02191,0.99016,0.00813,0.00156,0.00014
599.20001,1.02191,0.98946,0.00881,0.00159,0.00014
599.34003,1.02191,0.98896,0.00933,0.00157,0.00013
599.47998,1.02197,0.98930,0.00899,0.00156,0.00014
599.62000,1.02197,0.98895,0.00935,0.00157,0.00014
599.76001,1.02191,0.99009,0.00828,0.00148,0.00015
599.90002,1.02191,0.98886,0.00942,0.00157,0.00014
600.03998,1.02197,0.98774,0.01053,0.00160,0.00013
600.17999,1.02197,0.98832,0.00993,0.00160,0.00014
600.32001,1.02191,0.98791,0.01033,0.00162,0.00014
600.46002,1.02191,0.98867,0.00963,0.00155,0.00014
600.59998,1.02197,0.98788,0.01037,0.00160,0.00014
600.73999,1.02197,0.98704,0.01112,0.00169,0.00015
600.88000,1.02191,0.98838,0.00991,0.00156,0.00015
601.02002,1.02191,0.98806,0.01015,0.00164,0.00015
601.15997,1.02197,0.98764,0.01060,0.00161,0.00015
601.29999,1.02197,0.98802,0.01027,0.00157,0.00015
601.44000,1.02191,0.98713,0.01105,0.00167,0.00015
601.58002,1.02191,0.98704,0.01112,0.00169,0.00015
601.71997,1.02197,0.98801,0.01021,0.00163,0.00015
601.85999,1.02197,0.98857,0.00967,0.00160,0.00016
602.00000,1.02191,0.98710,0.01109,0.00167,0.00015
602.14001,1.02191,0.98802,0.01025,0.00158,0.00015
602.28003,1.02191,0.98711,0.01108,0.00166,0.00015
602.41998,1.02197,0.98773,0.01054,0.00158,0.00015
602.56000,1.02191,0.98748,0.01070,0.00167,0.00015
602.70001,1.02191,0.98779,0.01042,0.00164,0.00015
602.84003,1.02191,0.98728,0.01090,0.00167,0.00014
602.97998,1.02197,0.98807,0.01017,0.00161,0.00015
603.12000,1.02197,0.98756,0.01065,0.00165,0.00014
603.26001,1.02191,0.98746,0.01080,0.00160,0.00015
603.40002,1.02191,0.98811,0.01017,0.00157,0.00015
603.53998,1.02197,0.98736,0.01085,0.00164,0.00015
603.67999,1.02197,0.98732,0.01089,0.00165,0.00014
603.82001,1.02191,0.98700,0.01119,0.00167,0.00014
603.96002,1.02191,0.98786,0.01034,0.00165,0.00015
604.09998,1.02197,0.98791,0.01024,0.00170,0.00014
604.23999,1.02197,0.99005,0.00821,0.00159,0.00015
604.38000,1.02191,0.98724,0.00815,0.00432,0.00029
604.52002,1.02191,0.97465,0.01190,0.01264,0.00082
604.65997,1.02197,0.96113,0.01272,0.02389,0.00226
604.79999,1.02197,0.88754,0.01592,0.09123,0.00531
604.94000,1.02191,0.56245,0.01995,0.40791,0.00968
605.08002,1.02191,0.48563,0.07595,0.42056,0.01786
605.21997,1.02197,0.41645,0.26255,0.29088,0.03012
605.35999,1.02197,0.30506,0.41014,0.27342,0.01138
605.50000,1.02191,0.20930,0.67445,0.11155,0.00470
605.64001,1.02191,0.10487,0.84445,0.04827,0.00241
605.78003,1.02191,0.06100,0.91148,0.02551,0.00201
605.91998,1.02197,0.04195,0.94930,0.00765,0.00110
606.06000,1.02191,0.03318,0.96317,0.00302,0.00063
606.20001,1.02191,0.03321,0.96408,0.00213,0.00057
606.34003,1.02191,0.06506,0.93012,0.00412,0.00071
606.47998,1.02197,0.22736,0.76479,0.00705,0.00080
606.62000,1.02197,0.31901,0.67802,0.00246,0.00051
606.76001,1.02191,0.56134,0.43509,0.00296,0.00061
606.90002,1.02191,0.82530,0.17113,0.00316,0.00042
607.03998,1.02197,0.94629,0.04947,0.00389,0.00035
607.17999,1.02197,0.98178,0.01459,0.00338,0.00025
607.32001,1.02191,0.99044,0.00699,0.00222,0.00034
607.46002,1.02191,0.98851,0.00882,0.00244,0.00022
607.59998,1.02197,0.98942,0.00826,0.00216,0.00016
607.73999,1.02197,0.99157,0.00630,0.00196,0.00018
607.88000,1.02191,0.99308,0.00498,0.00174,0.00019
608.02002,1.02191,0.99129,0.00663,0.00190,0.00019
608.15997,1.02197,0.99147,0.00636,0.00198,0.00019
608.29999,1.02197,0.99156,0.00644,0.00184,0.00016
608.44000,1.02191,0.99262,0.00544,0.00177,0.00018
608.58002,1.02191,0.99338,0.00477,0.00168,0.00017
608.71997,1.02197,0.99350,0.00464,0.00166,0.00019
608.85999,1.02197,0.99395,0.00439,0.00148,0.00017
609.00000,1.02191,0.99393,0.00444,0.00147,0.00016
609.14001,1.02191,0.99366,0.00467,0.00152,0.00015
609.28003,1.02191,0.99372,0.00460,0.00153,0.00015
609.41998,1.02197,0.99367,0.00466,0.00152,0.00016
609.56000,1.02191,0.99230,0.00589,0.00167,0.00015
609.70001,1.02191,0.99294,0.00527,0.00164,0.00015
609.84003,1.02191,0.99370,0.00465,0.00149,0.00015
609.97998,1.02197,0.99338,0.00488,0.00157,0.00017
610.12000,1.02197,0.99298,0.00524,0.00162,0.00016
610.26001,1.02191,0.99311,0.00507,0.00165,0.00018
610.40002,1.02191,0.99165,0.00652,0.00169,0.00014
610.53998,1.02197,0.99208,0.00600,0.00176,0.00016
610.67999,1.02197,0.99244,0.00564,0.00175,0.00018
610.82001,1.02191,0.99181,0.00629,0.00175,0.00015
610.96002,1.02191,0.99160,0.00645,0.00180,0.00015
611.09998,1.02197,0.99185,0.00622,0.00178,0.00015
611.23999,1.02197,0.99161,0.00654,0.00172,0.00013
611.38000,1.02191,0.99211,0.00612,0.00164,0.00012
611.52002,1.02191,0.99160,0.00628,0.00197,0.00016
611.65997,1.02197,0.99303,0.00512,0.00168,0.00016
