Time (seconds), Duration (seconds),pred_(unlabeled),pred_brushing_teeth,pred_hair_drying,pred_showering
0.00000,1.05394,0.99928,0.00001,0.00049,0.00023
0.10000,1.05394,0.99932,0.00000,0.00049,0.00018
0.20000,1.05394,0.99930,0.00000,0.00053,0.00017
0.30000,1.05394,0.99917,0.00000,0.00064,0.00019
0.40000,1.05394,0.99911,0.00001,0.00067,0.00021
0.50000,1.05394,0.99852,0.00002,0.00116,0.00030
0.60000,1.05394,0.99692,0.00007,0.00208,0.00093
0.70000,1.05394,0.99732,0.00013,0.00149,0.00106
0.80000,1.05394,0.99908,0.00003,0.00070,0.00019
0.90000,1.05394,0.99913,0.00001,0.00077,0.00009
1.00000,1.05394,0.99797,0.00002,0.00180,0.00021
1.10000,1.05394,0.99762,0.00003,0.00188,0.00047
1.20000,1.05394,0.99740,0.00003,0.00204,0.00053
1.30000,1.05394,0.99661,0.00005,0.00259,0.00075
1.40000,1.05394,0.99585,0.00004,0.00321,0.00090
1.50000,1.05394,0.99725,0.00004,0.00218,0.00052
1.60000,1.05394,0.99797,0.00008,0.00122,0.00073
1.70000,1.05394,0.99554,0.00023,0.00249,0.00174
1.80000,1.05394,0.99328,0.00062,0.00188,0.00422
1.90000,1.05394,0.99563,0.00026,0.00212,0.00199
2.00000,1.05394,0.99874,0.00013,0.00079,0.00034
2.10000,1.05394,0.99961,0.00002,0.00028,0.00009
2.20000,1.05394,0.99978,0.00001,0.00018,0.00003
2.30000,1.05394,0.99984,0.00000,0.00015,0.00001
2.40000,1.05394,0.99974,0.00000,0.00023,0.00003
2.50000,1.05394,0.99953,0.00000,0.00041,0.00006
2.60000,1.05394,0.99964,0.00000,0.00033,0.00004
2.70000,1.05394,0.99972,0.00000,0.00024,0.00004
2.80000,1.05394,0.99967,0.00000,0.00026,0.00007
2.90000,1.05394,0.99985,0.00000,0.00013,0.00002
3.00000,1.05394,0.99975,0.00000,0.00020,0.00005
3.10000,1.05394,0.99978,0.00000,0.00017,0.00004
3.20000,1.05394,0.99962,0.00003,0.00025,0.00009
3.30000,1.05394,0.99937,0.00022,0.00023,0.00018
3.40000,1.05394,0.99903,0.00051,0.00023,0.00023
3.50000,1.05394,0.99951,0.00026,0.00011,0.00011
3.60000,1.05394,0.99929,0.00038,0.00015,0.00017
3.70000,1.05394,0.99812,0.00093,0.00030,0.00066
3.80000,1.05394,0.98962,0.00470,0.00088,0.00481
3.90000,1.05394,0.98233,0.00792,0.00114,0.00861
4.00000,1.05394,0.95909,0.01489,0.00281,0.02322
4.10000,1.05394,0.96779,0.00867,0.00209,0.02145
4.20000,1.05394,0.95807,0.00597,0.00354,0.03242
4.30000,1.05394,0.96638,0.00135,0.00330,0.02898
4.40000,1.05394,0.95777,0.00116,0.00422,0.03685
4.50000,1.05394,0.96108,0.00099,0.00381,0.03411
4.60000,1.05394,0.95152,0.00114,0.00430,0.04305
4.70000,1.05394,0.95287,0.00105,0.00534,0.04074
4.80000,1.05394,0.95135,0.00072,0.00517,0.04276
4.90000,1.05394,0.95492,0.00106,0.00688,0.03714
5.00000,1.05394,0.97067,0.00067,0.00463,0.02404
5.10000,1.05394,0.97662,0.00055,0.00387,0.01897
5.20000,1.05394,0.98293,0.00044,0.00337,0.01326
5.30000,1.05394,0.98832,0.00038,0.00310,0.00820
5.40000,1.05394,0.99114,0.00028,0.00267,0.00591
5.50000,1.05394,0.99205,0.00024,0.00249,0.00522
5.60000,1.05394,0.99241,0.00022,0.00251,0.00487
5.70000,1.05394,0.99299,0.00022,0.00238,0.00441
5.80000,1.05394,0.99380,0.00019,0.00192,0.00410
5.90000,1.05394,0.99227,0.00024,0.00231,0.00518
6.00000,1.05394,0.99044,0.00027,0.00257,0.00671
6.10000,1.05394,0.98782,0.00034,0.00324,0.00860
6.20000,1.05394,0.98236,0.00037,0.00358,0.01368
6.30000,1.05394,0.97547,0.00045,0.00467,0.01941
6.40000,1.05394,0.96168,0.00065,0.00566,0.03202
6.50000,1.05394,0.96405,0.00063,0.00585,0.02947
6.60000,1.05394,0.95933,0.00064,0.00569,0.03434
6.70000,1.05394,0.95185,0.00082,0.00677,0.04056
6.80000,1.05394,0.96051,0.00093,0.00614,0.03242
6.90000,1.05394,0.96825,0.00135,0.00502,0.02539
7.00000,1.05394,0.95600,0.00273,0.00664,0.03463
7.10000,1.05394,0.96954,0.00433,0.00388,0.02225
7.20000,1.05394,0.98100,0.00233,0.00262,0.01404
7.30000,1.05394,0.97973,0.00454,0.00228,0.01344
7.40000,1.05394,0.97636,0.00303,0.00217,0.01843
7.50000,1.05394,0.97654,0.00315,0.00213,0.01818
7.60000,1.05394,0.98360,0.00182,0.00194,0.01263
7.70000,1.05394,0.97882,0.00206,0.00205,0.01707
7.80000,1.05394,0.96764,0.00165,0.00377,0.02694
7.90000,1.05394,0.96155,0.00097,0.00638,0.03111
8.00000,1.05394,0.96135,0.00034,0.00626,0.03205
8.10000,1.05394,0.94225,0.00026,0.00678,0.05072
8.20000,1.05394,0.85402,0.00064,0.01593,0.12941
8.30000,1.05394,0.87693,0.00083,0.02048,0.10176
8.40000,1.05394,0.87436,0.00101,0.01778,0.10684
8.50000,1.05394,0.86121,0.00196,0.01456,0.12227
8.60000,1.05394,0.88663,0.00165,0.00973,0.10198
8.70000,1.05394,0.82017,0.00250,0.01287,0.16446
8.80000,1.05394,0.73236,0.00398,0.01363,0.25003
8.90000,1.05394,0.80810,0.00561,0.01143,0.17485
9.00000,1.05394,0.77086,0.00762,0.00928,0.21224
9.10000,1.05394,0.78912,0.00800,0.00731,0.19557
9.20000,1.05394,0.88355,0.00534,0.00593,0.10518
9.30000,1.05394,0.88434,0.00549,0.00653,0.10364
9.40000,1.05394,0.75746,0.00424,0.01034,0.22796
9.50000,1.05394,0.73931,0.00299,0.00969,0.24800
9.60000,1.05394,0.82339,0.00300,0.00843,0.16518
9.70000,1.05394,0.84255,0.00298,0.01026,0.14421
9.80000,1.05394,0.87328,0.00229,0.00766,0.11677
9.90000,1.05394,0.85137,0.00293,0.01244,0.13326
10.00000,1.05394,0.82081,0.00253,0.01171,0.16494
10.10000,1.05394,0.81597,0.00292,0.01135,0.16977
10.20000,1.05394,0.73419,0.00172,0.01437,0.24971
10.30000,1.05394,0.76958,0.00252,0.01503,0.21287
10.40000,1.05394,0.79594,0.00199,0.01156,0.19051
10.50000,1.05394,0.70399,0.00411,0.01255,0.27935
10.60000,1.05394,0.63945,0.00559,0.01216,0.34280
10.70000,1.05394,0.55022,0.00977,0.01070,0.42931
10.80000,1.05394,0.42112,0.01077,0.00831,0.55980
10.90000,1.05394,0.33841,0.01506,0.00892,0.63761
11.00000,1.05394,0.36096,0.01078,0.00977,0.61849
11.10000,1.05394,0.25728,0.02532,0.00775,0.70966
11.20000,1.05394,0.36079,0.02565,0.00638,0.60718
11.30000,1.05394,0.30928,0.03489,0.00700,0.64884
11.40000,1.05394,0.22242,0.02681,0.00714,0.74364
11.50000,1.05394,0.19300,0.02101,0.00622,0.77977
11.60000,1.05394,0.20511,0.01540,0.00482,0.77468
11.70000,1.05394,0.25711,0.01736,0.00484,0.72069
11.80000,1.05394,0.27541,0.01604,0.00489,0.70366
11.90000,1.05394,0.27707,0.01521,0.00569,0.70204
12.00000,1.05394,0.22570,0.01320,0.00624,0.75485
12.10000,1.05394,0.26236,0.01209,0.00547,0.72009
12.20000,1.05394,0.27104,0.01382,0.00483,0.71030
12.30000,1.05394,0.27207,0.02185,0.00690,0.69918
12.40000,1.05394,0.30014,0.02909,0.00827,0.66251
12.50000,1.05394,0.27937,0.01227,0.00697,0.70139
12.60000,1.05394,0.37252,0.00940,0.00877,0.60931
12.70000,1.05394,0.40804,0.00782,0.01100,0.57313
12.80000,1.05394,0.45195,0.00542,0.00898,0.53365
12.90000,1.05394,0.58000,0.00539,0.01048,0.40412
13.00000,1.05394,0.65631,0.00283,0.00891,0.33195
13.10000,1.05394,0.77242,0.00213,0.00892,0.21653
13.20000,1.05394,0.78305,0.00154,0.00863,0.20679
13.30000,1.05394,0.82207,0.00158,0.01283,0.16352
13.40000,1.05394,0.90138,0.00095,0.00974,0.08793
13.50000,1.05394,0.91015,0.00174,0.00952,0.07859
13.60000,1.05394,0.92225,0.00204,0.00824,0.06748
13.70000,1.05394,0.97121,0.00091,0.00522,0.02266
13.80000,1.05394,0.98170,0.00039,0.00499,0.01292
13.90000,1.05394,0.98370,0.00021,0.00449,0.01160
14.00000,1.05394,0.97906,0.00027,0.00577,0.01490
14.10000,1.05394,0.98332,0.00018,0.00385,0.01265
14.20000,1.05394,0.98044,0.00018,0.00526,0.01412
14.30000,1.05394,0.97917,0.00018,0.00457,0.01609
14.40000,1.05394,0.96943,0.00028,0.00785,0.02243
14.50000,1.05394,0.97894,0.00015,0.00394,0.01697
14.60000,1.05394,0.96084,0.00022,0.00753,0.03141
14.70000,1.05394,0.93317,0.00037,0.00709,0.05936
14.80000,1.05394,0.88124,0.00080,0.00858,0.10938
14.90000,1.05394,0.89389,0.00098,0.00756,0.09757
15.00000,1.05394,0.87660,0.00117,0.00920,0.11303
15.10000,1.05394,0.89160,0.00106,0.00763,0.09971
15.20000,1.05394,0.86059,0.00156,0.00955,0.12830
15.30000,1.05394,0.81610,0.00225,0.00946,0.17219
15.40000,1.05394,0.77103,0.00229,0.01222,0.21445
15.50000,1.05394,0.83042,0.00123,0.00968,0.15867
15.60000,1.05394,0.88200,0.00121,0.00835,0.10845
15.70000,1.05394,0.90834,0.00118,0.00752,0.08297
15.80000,1.05394,0.91431,0.00155,0.00897,0.07517
15.90000,1.05394,0.97358,0.00069,0.00318,0.02255
16.00000,1.05394,0.96979,0.00062,0.00408,0.02551
16.10000,1.05394,0.97047,0.00064,0.00423,0.02466
16.20000,1.05394,0.96779,0.00056,0.00516,0.02650
16.30000,1.05394,0.98561,0.00029,0.00305,0.01104
16.40000,1.05394,0.98364,0.00035,0.00332,0.01269
16.50000,1.05394,0.97661,0.00050,0.00450,0.01839
16.60000,1.05394,0.97915,0.00039,0.00363,0.01683
16.70000,1.05394,0.96532,0.00071,0.00603,0.02794
16.80000,1.05394,0.96209,0.00040,0.00567,0.03184
16.90000,1.05394,0.95800,0.00062,0.00586,0.03552
17.00000,1.05394,0.96777,0.00038,0.00406,0.02779
17.10000,1.05394,0.97214,0.00031,0.00380,0.02375
17.20000,1.05394,0.97182,0.00029,0.00358,0.02431
17.30000,1.05394,0.96985,0.00037,0.00411,0.02567
17.40000,1.05394,0.97526,0.00031,0.00358,0.02085
17.50000,1.05394,0.96811,0.00045,0.00417,0.02726
17.60000,1.05394,0.96716,0.00043,0.00401,0.02840
17.70000,1.05394,0.96886,0.00044,0.00410,0.02661
17.80000,1.05394,0.96271,0.00048,0.00482,0.03199
17.90000,1.05394,0.94198,0.00067,0.00664,0.05071
18.00000,1.05394,0.93859,0.00072,0.00673,0.05396
18.10000,1.05394,0.93410,0.00082,0.00721,0.05788
18.20000,1.05394,0.91324,0.00112,0.00797,0.07766
18.30000,1.05394,0.87225,0.00164,0.01011,0.11601
18.40000,1.05394,0.85116,0.00187,0.01101,0.13596
18.50000,1.05394,0.82938,0.00225,0.01286,0.15551
18.60000,1.05394,0.82105,0.00217,0.01266,0.16412
18.70000,1.05394,0.72315,0.00307,0.01636,0.25742
18.80000,1.05394,0.73671,0.00292,0.01650,0.24387
18.90000,1.05394,0.66960,0.00262,0.01576,0.31201
19.00000,1.05394,0.70651,0.00326,0.01389,0.27634
19.10000,1.05394,0.63828,0.00324,0.01443,0.34405
19.20000,1.05394,0.68328,0.00319,0.01559,0.29794
19.30000,1.05394,0.65782,0.00276,0.01577,0.32366
19.40000,1.05394,0.61189,0.00387,0.01644,0.36780
19.50000,1.05394,0.46295,0.00346,0.01794,0.51565
19.60000,1.05394,0.74425,0.00268,0.01334,0.23973
19.70000,1.05394,0.77528,0.00205,0.01478,0.20788
19.80000,1.05394,0.81558,0.00221,0.01206,0.17015
19.90000,1.05394,0.82788,0.00180,0.01331,0.15701
20.00000,1.05394,0.89056,0.00138,0.00951,0.09855
20.10000,1.05394,0.89041,0.00106,0.00892,0.09961
20.20000,1.05394,0.88142,0.00123,0.01024,0.10711
20.30000,1.05394,0.90569,0.00128,0.01215,0.08088
20.40000,1.05394,0.89801,0.00227,0.01413,0.08559
20.50000,1.05394,0.87993,0.00200,0.01114,0.10693
20.60000,1.05394,0.89129,0.00148,0.00875,0.09848
20.70000,1.05394,0.89059,0.00139,0.00807,0.09995
20.80000,1.05394,0.90233,0.00140,0.00786,0.08842
20.90000,1.05394,0.90952,0.00124,0.00706,0.08218
21.00000,1.05394,0.89476,0.00140,0.00880,0.09503
21.10000,1.05394,0.90383,0.00131,0.00743,0.08743
21.20000,1.05394,0.89587,0.00147,0.00817,0.09449
21.30000,1.05394,0.90613,0.00160,0.00809,0.08418
21.40000,1.05394,0.92309,0.00106,0.00782,0.06803
21.50000,1.05394,0.93086,0.00092,0.00753,0.06070
21.60000,1.05394,0.92644,0.00075,0.00732,0.06549
21.70000,1.05394,0.88591,0.00124,0.00949,0.10336
21.80000,1.05394,0.86255,0.00179,0.01207,0.12359
21.90000,1.05394,0.88236,0.00165,0.00868,0.10730
22.00000,1.05394,0.92806,0.00110,0.00758,0.06326
22.10000,1.05394,0.94331,0.00072,0.00672,0.04926
22.20000,1.05394,0.95012,0.00071,0.00807,0.04110
22.30000,1.05394,0.94044,0.00086,0.00892,0.04979
22.40000,1.05394,0.96884,0.00049,0.00724,0.02342
22.50000,1.05394,0.97321,0.00036,0.00496,0.02147
22.60000,1.05394,0.96121,0.00037,0.00671,0.03171
22.70000,1.05394,0.94994,0.00050,0.00706,0.04250
22.80000,1.05394,0.96017,0.00037,0.00550,0.03396
22.90000,1.05394,0.91441,0.00095,0.00766,0.07698
23.00000,1.05394,0.79837,0.00223,0.00903,0.19037
23.10000,1.05394,0.77621,0.00198,0.00636,0.21544
23.20000,1.05394,0.69603,0.00122,0.00670,0.29604
23.30000,1.05394,0.60903,0.00332,0.00736,0.38029
23.40000,1.05394,0.73399,0.00345,0.00632,0.25623
23.50000,1.05394,0.87428,0.00169,0.00552,0.11850
23.60000,1.05394,0.95313,0.00108,0.00398,0.04181
23.70000,1.05394,0.96610,0.00212,0.00397,0.02780
23.80000,1.05394,0.97747,0.00126,0.00273,0.01854
23.90000,1.05394,0.98530,0.00099,0.00268,0.01103
24.00000,1.05394,0.98972,0.00072,0.00222,0.00733
24.10000,1.05394,0.98951,0.00183,0.00193,0.00673
24.20000,1.05394,0.99136,0.00108,0.00182,0.00574
24.30000,1.05394,0.97223,0.00317,0.00420,0.02039
24.40000,1.05394,0.96943,0.00516,0.00325,0.02216
24.50000,1.05394,0.94589,0.00906,0.00308,0.04196
24.60000,1.05394,0.93572,0.00406,0.00628,0.05394
24.70000,1.05394,0.91815,0.00462,0.00599,0.07123
24.80000,1.05394,0.92815,0.00525,0.00413,0.06247
24.90000,1.05394,0.92036,0.00404,0.00429,0.07131
25.00000,1.05394,0.93285,0.00377,0.00461,0.05877
25.10000,1.05394,0.95431,0.00262,0.00429,0.03877
25.20000,1.05394,0.96626,0.00221,0.00344,0.02809
25.30000,1.05394,0.96344,0.00148,0.00409,0.03100
25.40000,1.05394,0.95037,0.00147,0.00392,0.04424
25.50000,1.05394,0.93153,0.00305,0.00482,0.06060
25.60000,1.05394,0.88366,0.00483,0.00747,0.10404
25.70000,1.05394,0.85536,0.00277,0.00698,0.13489
25.80000,1.05394,0.85821,0.00358,0.00596,0.13226
25.90000,1.05394,0.90950,0.00216,0.00420,0.08415
26.00000,1.05394,0.89331,0.00259,0.00441,0.09970
26.10000,1.05394,0.77391,0.00783,0.00627,0.21200
26.20000,1.05394,0.81921,0.00888,0.00517,0.16674
26.30000,1.05394,0.80880,0.01050,0.00523,0.17547
26.40000,1.05394,0.87138,0.00894,0.00377,0.11592
26.50000,1.05394,0.90460,0.00597,0.00298,0.08646
26.60000,1.05394,0.90953,0.00623,0.00384,0.08040
26.70000,1.05394,0.90139,0.01256,0.00514,0.08090
26.80000,1.05394,0.94216,0.00786,0.00330,0.04668
26.90000,1.05394,0.96338,0.00503,0.00219,0.02940
27.00000,1.05394,0.97892,0.00274,0.00285,0.01549
27.10000,1.05394,0.98353,0.00129,0.00264,0.01253
27.20000,1.05394,0.98738,0.00101,0.00249,0.00912
27.30000,1.05394,0.99339,0.00043,0.00163,0.00454
27.40000,1.05394,0.99643,0.00025,0.00114,0.00218
27.50000,1.05394,0.99669,0.00019,0.00107,0.00204
27.60000,1.05394,0.99542,0.00015,0.00210,0.00233
27.70000,1.05394,0.99609,0.00011,0.00144,0.00236
27.80000,1.05394,0.99116,0.00026,0.00240,0.00618
27.90000,1.05394,0.97617,0.00080,0.00307,0.01995
28.00000,1.05394,0.96984,0.00119,0.00496,0.02400
28.10000,1.05394,0.97963,0.00089,0.00315,0.01632
28.20000,1.05394,0.96518,0.00155,0.00500,0.02828
28.30000,1.05394,0.94186,0.00236,0.00581,0.04997
28.40000,1.05394,0.90651,0.00284,0.00797,0.08268
28.50000,1.05394,0.89618,0.00357,0.00640,0.09385
28.60000,1.05394,0.86524,0.00483,0.00902,0.12091
28.70000,1.05394,0.81725,0.00761,0.01037,0.16477
28.80000,1.05394,0.85390,0.01015,0.00780,0.12815
28.90000,1.05394,0.89101,0.00651,0.00505,0.09743
29.00000,1.05394,0.84459,0.01257,0.00703,0.13581
29.10000,1.05394,0.84264,0.02337,0.00502,0.12896
29.20000,1.05394,0.89436,0.01692,0.00381,0.08491
29.30000,1.05394,0.93199,0.01477,0.00255,0.05069
29.40000,1.05394,0.95586,0.01242,0.00250,0.02923
29.50000,1.05394,0.96172,0.00792,0.00231,0.02805
29.60000,1.05394,0.95082,0.00902,0.00454,0.03561
29.70000,1.05394,0.97876,0.00289,0.00261,0.01574
29.80000,1.05394,0.98691,0.00090,0.00192,0.01027
29.90000,1.05394,0.98985,0.00051,0.00200,0.00764
30.00000,1.05394,0.98993,0.00034,0.00245,0.00728
30.10000,1.05394,0.99070,0.00026,0.00195,0.00709
30.20000,1.05394,0.98287,0.00045,0.00273,0.01396
30.30000,1.05394,0.97657,0.00046,0.00354,0.01943
30.40000,1.05394,0.97496,0.00046,0.00361,0.02096
30.50000,1.05394,0.98241,0.00035,0.00294,0.01431
30.60000,1.05394,0.98866,0.00025,0.00171,0.00939
30.70000,1.05394,0.98825,0.00033,0.00193,0.00949
30.80000,1.05394,0.98308,0.00072,0.00239,0.01382
30.90000,1.05394,0.98828,0.00065,0.00149,0.00959
31.00000,1.05394,0.98973,0.00078,0.00160,0.00789
31.10000,1.05394,0.98630,0.00168,0.00208,0.00995
31.20000,1.05394,0.99117,0.00118,0.00124,0.00641
31.30000,1.05394,0.98069,0.00329,0.00192,0.01410
31.40000,1.05394,0.97787,0.00442,0.00174,0.01597
31.50000,1.05394,0.97002,0.00637,0.00208,0.02153
31.60000,1.05394,0.96520,0.00668,0.00225,0.02588
31.70000,1.05394,0.94076,0.00823,0.00419,0.04683
31.80000,1.05394,0.95550,0.00541,0.00352,0.03556
31.90000,1.05394,0.93473,0.00860,0.00537,0.05130
32.00000,1.05394,0.96562,0.00407,0.00285,0.02746
32.10000,1.05394,0.97109,0.00227,0.00261,0.02403
32.20000,1.05394,0.98433,0.00105,0.00205,0.01257
32.30000,1.05394,0.98741,0.00062,0.00154,0.01043
32.40000,1.05394,0.99181,0.00047,0.00132,0.00640
32.50000,1.05394,0.99365,0.00042,0.00131,0.00462
32.60000,1.05394,0.99675,0.00023,0.00088,0.00215
32.70000,1.05394,0.99744,0.00014,0.00072,0.00169
32.80000,1.05394,0.99843,0.00009,0.00065,0.00083
32.90000,1.05394,0.99820,0.00004,0.00067,0.00109
33.00000,1.05394,0.99827,0.00005,0.00070,0.00099
33.10000,1.05394,0.99740,0.00009,0.00104,0.00146
33.20000,1.05394,0.99637,0.00023,0.00138,0.00202
33.30000,1.05394,0.99661,0.00029,0.00107,0.00203
33.40000,1.05394,0.99385,0.00072,0.00179,0.00364
33.50000,1.05394,0.99048,0.00123,0.00196,0.00633
33.60000,1.05394,0.99287,0.00103,0.00158,0.00452
33.70000,1.05394,0.98973,0.00125,0.00206,0.00697
33.80000,1.05394,0.98543,0.00205,0.00252,0.01000
33.90000,1.05394,0.98641,0.00174,0.00194,0.00991
34.00000,1.05394,0.99064,0.00124,0.00152,0.00660
34.10000,1.05394,0.99455,0.00108,0.00139,0.00298
34.20000,1.05394,0.99598,0.00039,0.00113,0.00250
34.30000,1.05394,0.99558,0.00039,0.00136,0.00267
34.40000,1.05394,0.99755,0.00036,0.00064,0.00145
34.50000,1.05394,0.99597,0.00051,0.00094,0.00258
34.60000,1.05394,0.99180,0.00126,0.00114,0.00580
34.70000,1.05394,0.99045,0.00127,0.00148,0.00680
34.80000,1.05394,0.99413,0.00073,0.00107,0.00407
34.90000,1.05394,0.99115,0.00119,0.00188,0.00578
35.00000,1.05394,0.97981,0.00188,0.00308,0.01523
35.10000,1.05394,0.98023,0.00153,0.00234,0.01590
35.20000,1.05394,0.96991,0.00182,0.00357,0.02469
35.30000,1.05394,0.96088,0.00104,0.00440,0.03367
35.40000,1.05394,0.95974,0.00081,0.00433,0.03512
35.50000,1.05394,0.97153,0.00079,0.00425,0.02343
35.60000,1.05394,0.97366,0.00082,0.00457,0.02095
35.70000,1.05394,0.97501,0.00136,0.00449,0.01914
35.80000,1.05394,0.96793,0.00126,0.00495,0.02586
35.90000,1.05394,0.94033,0.00154,0.00590,0.05223
36.00000,1.05394,0.89070,0.00237,0.00779,0.09914
36.10000,1.05394,0.94105,0.00201,0.00445,0.05248
36.20000,1.05394,0.95723,0.00168,0.00448,0.03661
36.30000,1.05394,0.96938,0.00175,0.00320,0.02568
36.40000,1.05394,0.95287,0.00226,0.00430,0.04057
36.50000,1.05394,0.96780,0.00154,0.00346,0.02720
36.60000,1.05394,0.95810,0.00176,0.00612,0.03402
36.70000,1.05394,0.97425,0.00100,0.00260,0.02215
36.80000,1.05394,0.98635,0.00082,0.00191,0.01092
36.90000,1.05394,0.99393,0.00059,0.00157,0.00391
37.00000,1.05394,0.99433,0.00024,0.00142,0.00402
37.10000,1.05394,0.99035,0.00043,0.00194,0.00728
37.20000,1.05394,0.98771,0.00065,0.00201,0.00963
37.30000,1.05394,0.98593,0.00083,0.00162,0.01163
37.40000,1.05394,0.98136,0.00111,0.00121,0.01632
37.50000,1.05394,0.97339,0.00169,0.00166,0.02326
37.60000,1.05394,0.96938,0.00141,0.00233,0.02689
37.70000,1.05394,0.96890,0.00107,0.00216,0.02787
37.80000,1.05394,0.96242,0.00133,0.00258,0.03367
37.90000,1.05394,0.95511,0.00181,0.00256,0.04052
38.00000,1.05394,0.94037,0.00237,0.00370,0.05356
38.10000,1.05394,0.95829,0.00165,0.00440,0.03565
38.20000,1.05394,0.96507,0.00108,0.00486,0.02899
38.30000,1.05394,0.97815,0.00053,0.00349,0.01782
38.40000,1.05394,0.97848,0.00042,0.00371,0.01740
38.50000,1.05394,0.97764,0.00043,0.00379,0.01814
38.60000,1.05394,0.98011,0.00032,0.00306,0.01651
38.70000,1.05394,0.98298,0.00038,0.00297,0.01367
38.80000,1.05394,0.98020,0.00048,0.00336,0.01596
38.90000,1.05394,0.97942,0.00057,0.00281,0.01720
39.00000,1.05394,0.97800,0.00067,0.00313,0.01820
39.10000,1.05394,0.97850,0.00122,0.00325,0.01704
39.20000,1.05394,0.98137,0.00161,0.00271,0.01430
39.30000,1.05394,0.98390,0.00181,0.00228,0.01201
39.40000,1.05394,0.98760,0.00163,0.00186,0.00892
39.50000,1.05394,0.98779,0.00224,0.00187,0.00810
39.60000,1.05394,0.98554,0.00265,0.00221,0.00960
39.70000,1.05394,0.98280,0.00215,0.00252,0.01253
39.80000,1.05394,0.98307,0.00264,0.00266,0.01163
39.90000,1.05394,0.98868,0.00145,0.00171,0.00816
40.00000,1.05394,0.99236,0.00052,0.00179,0.00533
40.10000,1.05394,0.99070,0.00034,0.00198,0.00698
40.20000,1.05394,0.99483,0.00012,0.00114,0.00391
40.30000,1.05394,0.99302,0.00010,0.00115,0.00573
40.40000,1.05394,0.98786,0.00010,0.00201,0.01002
40.50000,1.05394,0.97479,0.00038,0.00322,0.02161
40.60000,1.05394,0.98497,0.00047,0.00207,0.01248
40.70000,1.05394,0.98966,0.00066,0.00125,0.00842
40.80000,1.05394,0.98259,0.00062,0.00202,0.01478
40.90000,1.05394,0.97695,0.00178,0.00205,0.01922
41.00000,1.05394,0.97329,0.00224,0.00267,0.02179
41.10000,1.05394,0.97455,0.00178,0.00245,0.02122
41.20000,1.05394,0.95720,0.00224,0.00436,0.03619
41.30000,1.05394,0.96299,0.00406,0.00380,0.02915
41.40000,1.05394,0.97225,0.00283,0.00371,0.02121
41.50000,1.05394,0.97056,0.00136,0.00379,0.02429
41.60000,1.05394,0.97268,0.00083,0.00398,0.02251
41.70000,1.05394,0.98233,0.00066,0.00313,0.01387
41.80000,1.05394,0.98114,0.00054,0.00304,0.01527
41.90000,1.05394,0.97716,0.00088,0.00384,0.01812
42.00000,1.05394,0.96731,0.00098,0.00472,0.02700
42.10000,1.05394,0.96478,0.00187,0.00536,0.02799
42.20000,1.05394,0.96902,0.00169,0.00411,0.02519
42.30000,1.05394,0.96034,0.00255,0.00474,0.03237
42.40000,1.05394,0.97107,0.00245,0.00305,0.02344
42.50000,1.05394,0.96529,0.00286,0.00289,0.02896
42.60000,1.05394,0.96850,0.00313,0.00241,0.02596
42.70000,1.05394,0.96469,0.00354,0.00209,0.02967
42.80000,1.05394,0.98210,0.00255,0.00158,0.01377
42.90000,1.05394,0.98544,0.00167,0.00104,0.01185
43.00000,1.05394,0.98290,0.00283,0.00141,0.01286
43.10000,1.05394,0.98070,0.00301,0.00150,0.01479
43.20000,1.05394,0.98214,0.00262,0.00209,0.01316
43.30000,1.05394,0.98337,0.00149,0.00186,0.01327
43.40000,1.05394,0.97990,0.00192,0.00312,0.01506
43.50000,1.05394,0.98300,0.00173,0.00286,0.01241
43.60000,1.05394,0.97974,0.00188,0.00315,0.01523
43.70000,1.05394,0.96988,0.00333,0.00395,0.02284
43.80000,1.05394,0.97750,0.00290,0.00269,0.01691
43.90000,1.05394,0.98592,0.00263,0.00241,0.00904
44.00000,1.05394,0.98853,0.00126,0.00192,0.00829
44.10000,1.05394,0.98625,0.00219,0.00252,0.00905
44.20000,1.05394,0.99128,0.00205,0.00140,0.00528
44.30000,1.05394,0.99037,0.00273,0.00161,0.00529
44.40000,1.05394,0.98606,0.00319,0.00169,0.00905
44.50000,1.05394,0.98120,0.00405,0.00277,0.01199
44.60000,1.05394,0.98319,0.00243,0.00259,0.01179
44.70000,1.05394,0.96779,0.00384,0.00510,0.02327
44.80000,1.05394,0.94603,0.00774,0.00500,0.04123
44.90000,1.05394,0.89835,0.01530,0.00616,0.08020
45.00000,1.05394,0.90563,0.01000,0.00536,0.07901
45.10000,1.05394,0.91968,0.00691,0.00546,0.06796
45.20000,1.05394,0.91010,0.00647,0.00563,0.07780
45.30000,1.05394,0.90217,0.00807,0.00636,0.08340
45.40000,1.05394,0.90021,0.00723,0.00590,0.08666
45.50000,1.05394,0.89994,0.00783,0.00596,0.08626
45.60000,1.05394,0.90489,0.00787,0.00615,0.08109
45.70000,1.05394,0.90068,0.00506,0.00906,0.08521
45.80000,1.05394,0.93601,0.00235,0.00632,0.05532
45.90000,1.05394,0.96355,0.00128,0.00460,0.03057
46.00000,1.05394,0.96891,0.00087,0.00407,0.02615
46.10000,1.05394,0.95744,0.00106,0.00548,0.03601
46.20000,1.05394,0.96862,0.00073,0.00453,0.02613
46.30000,1.05394,0.96549,0.00070,0.00568,0.02814
46.40000,1.05394,0.97363,0.00056,0.00455,0.02127
46.50000,1.05394,0.97704,0.00047,0.00472,0.01777
46.60000,1.05394,0.97145,0.00062,0.00552,0.02241
46.70000,1.05394,0.97749,0.00041,0.00413,0.01797
46.80000,1.05394,0.96726,0.00066,0.00512,0.02697
46.90000,1.05394,0.95938,0.00107,0.00566,0.03389
47.00000,1.05394,0.97452,0.00117,0.00433,0.01998
47.10000,1.05394,0.98884,0.00060,0.00319,0.00737
47.20000,1.05394,0.99266,0.00043,0.00192,0.00499
47.30000,1.05394,0.98950,0.00058,0.00282,0.00710
47.40000,1.05394,0.98636,0.00078,0.00291,0.00995
47.50000,1.05394,0.98007,0.00117,0.00390,0.01486
47.60000,1.05394,0.97196,0.00136,0.00390,0.02278
47.70000,1.05394,0.96067,0.00251,0.00407,0.03275
47.80000,1.05394,0.95650,0.00600,0.00418,0.03333
47.90000,1.05394,0.95064,0.00428,0.00434,0.04074
48.00000,1.05394,0.90692,0.00410,0.00490,0.08409
48.10000,1.05394,0.90881,0.00438,0.00437,0.08244
48.20000,1.05394,0.93963,0.00295,0.00330,0.05411
48.30000,1.05394,0.94469,0.00222,0.00351,0.04958
48.40000,1.05394,0.96049,0.00131,0.00298,0.03522
48.50000,1.05394,0.97975,0.00117,0.00285,0.01623
48.60000,1.05394,0.98858,0.00043,0.00204,0.00894
48.70000,1.05394,0.98676,0.00025,0.00296,0.01002
48.80000,1.05394,0.97726,0.00019,0.00334,0.01920
48.90000,1.05394,0.96498,0.00022,0.00528,0.02952
49.00000,1.05394,0.87541,0.00039,0.00673,0.11748
49.10000,1.05394,0.73685,0.00050,0.00981,0.25284
49.20000,1.05394,0.72447,0.00073,0.00838,0.26642
49.30000,1.05394,0.64174,0.00106,0.01007,0.34713
49.40000,1.05394,0.55245,0.00097,0.00845,0.43813
49.50000,1.05394,0.53031,0.00199,0.00782,0.45989
49.60000,1.05394,0.54114,0.00310,0.00584,0.44992
49.70000,1.05394,0.56144,0.00567,0.00915,0.42374
49.80000,1.05394,0.66019,0.00696,0.00762,0.32524
49.90000,1.05394,0.85707,0.00585,0.00540,0.13169
50.00000,1.05394,0.93605,0.00324,0.00388,0.05683
50.10000,1.05394,0.94227,0.00395,0.00328,0.05049
50.20000,1.05394,0.95293,0.00406,0.00381,0.03920
50.30000,1.05394,0.96834,0.00241,0.00297,0.02628
50.40000,1.05394,0.95998,0.00160,0.00372,0.03471
50.50000,1.05394,0.94859,0.00138,0.00455,0.04548
50.60000,1.05394,0.95806,0.00073,0.00361,0.03760
50.70000,1.05394,0.95188,0.00083,0.00545,0.04184
50.80000,1.05394,0.93611,0.00085,0.00652,0.05652
50.90000,1.05394,0.93877,0.00148,0.00640,0.05335
51.00000,1.05394,0.95743,0.00117,0.00478,0.03662
51.10000,1.05394,0.96243,0.00130,0.00465,0.03162
51.20000,1.05394,0.95876,0.00107,0.00526,0.03491
51.30000,1.05394,0.96752,0.00128,0.00372,0.02748
51.40000,1.05394,0.96769,0.00112,0.00363,0.02755
51.50000,1.05394,0.95661,0.00180,0.00517,0.03641
51.60000,1.05394,0.96751,0.00186,0.00316,0.02747
51.70000,1.05394,0.98019,0.00126,0.00246,0.01609
51.80000,1.05394,0.97663,0.00101,0.00263,0.01973
51.90000,1.05394,0.97521,0.00090,0.00318,0.02072
52.00000,1.05394,0.96838,0.00103,0.00354,0.02705
52.10000,1.05394,0.96490,0.00132,0.00472,0.02906
52.20000,1.05394,0.96820,0.00113,0.00409,0.02657
52.30000,1.05394,0.96541,0.00140,0.00472,0.02847
52.40000,1.05394,0.97716,0.00117,0.00390,0.01777
52.50000,1.05394,0.97616,0.00074,0.00405,0.01906
52.60000,1.05394,0.97292,0.00057,0.00422,0.02228
52.70000,1.05394,0.97100,0.00078,0.00434,0.02388
52.80000,1.05394,0.97193,0.00065,0.00364,0.02378
52.90000,1.05394,0.98026,0.00058,0.00238,0.01678
53.00000,1.05394,0.97991,0.00084,0.00267,0.01659
53.10000,1.05394,0.98104,0.00102,0.00217,0.01577
53.20000,1.05394,0.98176,0.00097,0.00198,0.01529
53.30000,1.05394,0.98342,0.00072,0.00166,0.01419
53.40000,1.05394,0.98101,0.00087,0.00168,0.01644
53.50000,1.05394,0.97517,0.00116,0.00223,0.02144
53.60000,1.05394,0.96426,0.00179,0.00242,0.03153
53.70000,1.05394,0.95619,0.00254,0.00409,0.03717
53.80000,1.05394,0.94464,0.00321,0.00398,0.04816
53.90000,1.05394,0.93940,0.00388,0.00515,0.05158
54.00000,1.05394,0.91765,0.00280,0.00550,0.07405
54.10000,1.05394,0.91417,0.00410,0.00573,0.07600
54.20000,1.05394,0.90801,0.00653,0.00428,0.08118
54.30000,1.05394,0.87518,0.00749,0.00482,0.11251
54.40000,1.05394,0.82054,0.00916,0.00660,0.16370
54.50000,1.05394,0.85091,0.00770,0.00550,0.13589
54.60000,1.05394,0.81195,0.01102,0.00724,0.16979
54.70000,1.05394,0.80916,0.00941,0.00629,0.17514
54.80000,1.05394,0.73739,0.00770,0.00853,0.24638
54.90000,1.05394,0.80915,0.00595,0.00702,0.17788
55.00000,1.05394,0.80685,0.00474,0.00832,0.18009
55.10000,1.05394,0.79228,0.00467,0.01119,0.19186
55.20000,1.05394,0.91405,0.00248,0.00657,0.07690
55.30000,1.05394,0.92353,0.00175,0.00692,0.06780
55.40000,1.05394,0.96477,0.00108,0.00456,0.02959
55.50000,1.05394,0.97319,0.00181,0.00396,0.02104
55.60000,1.05394,0.97427,0.00350,0.00350,0.01873
55.70000,1.05394,0.97541,0.00442,0.00258,0.01759
55.80000,1.05394,0.97798,0.00432,0.00259,0.01511
55.90000,1.05394,0.95382,0.00730,0.00377,0.03512
56.00000,1.05394,0.94526,0.00942,0.00456,0.04076
56.10000,1.05394,0.89597,0.01137,0.00604,0.08661
56.20000,1.05394,0.81288,0.03104,0.00953,0.14655
56.30000,1.05394,0.76798,0.02618,0.00926,0.19659
56.40000,1.05394,0.69718,0.02065,0.01407,0.26810
56.50000,1.05394,0.66239,0.00835,0.01540,0.31386
56.60000,1.05394,0.77462,0.00416,0.01206,0.20916
56.70000,1.05394,0.78036,0.00459,0.01253,0.20252
56.80000,1.05394,0.84259,0.00370,0.00934,0.14437
56.90000,1.05394,0.89967,0.00272,0.00784,0.08978
57.00000,1.05394,0.91481,0.00214,0.00764,0.07542
57.10000,1.05394,0.89844,0.00227,0.01002,0.08928
57.20000,1.05394,0.93948,0.00187,0.00490,0.05375
57.30000,1.05394,0.95667,0.00126,0.00385,0.03822
57.40000,1.05394,0.97842,0.00070,0.00321,0.01766
57.50000,1.05394,0.97323,0.00061,0.00375,0.02241
57.60000,1.05394,0.95932,0.00089,0.00462,0.03518
57.70000,1.05394,0.95977,0.00066,0.00599,0.03358
57.80000,1.05394,0.95996,0.00072,0.00433,0.03500
57.90000,1.05394,0.97028,0.00060,0.00440,0.02472
58.00000,1.05394,0.96310,0.00089,0.00518,0.03083
58.10000,1.05394,0.98076,0.00041,0.00505,0.01379
58.20000,1.05394,0.98083,0.00039,0.00447,0.01431
58.30000,1.05394,0.96387,0.00089,0.00690,0.02833
58.40000,1.05394,0.98641,0.00031,0.00289,0.01040
58.50000,1.05394,0.99280,0.00012,0.00221,0.00486
58.60000,1.05394,0.99590,0.00005,0.00157,0.00248
58.70000,1.05394,0.99670,0.00003,0.00124,0.00203
58.80000,1.05394,0.99676,0.00002,0.00141,0.00181
58.90000,1.05394,0.99730,0.00002,0.00107,0.00161
59.00000,1.05394,0.99856,0.00001,0.00062,0.00081
59.10000,1.05394,0.99855,0.00001,0.00053,0.00092
59.20000,1.05394,0.99782,0.00001,0.00080,0.00136
59.30000,1.05394,0.99658,0.00001,0.00111,0.00230
59.40000,1.05394,0.99488,0.00003,0.00137,0.00372
59.50000,1.05394,0.99172,0.00005,0.00178,0.00645
59.60000,1.05394,0.99024,0.00011,0.00182,0.00784
59.70000,1.05394,0.98849,0.00016,0.00217,0.00918
59.80000,1.05394,0.97768,0.00030,0.00344,0.01858
59.90000,1.05394,0.97533,0.00031,0.00345,0.02091
60.00000,1.05394,0.94422,0.00077,0.00653,0.04849
60.10000,1.05394,0.93798,0.00094,0.00631,0.05477
60.20000,1.05394,0.92691,0.00114,0.00631,0.06564
60.30000,1.05394,0.92372,0.00098,0.00599,0.06931
60.40000,1.05394,0.87302,0.00147,0.00867,0.11684
60.50000,1.05394,0.86374,0.00163,0.00844,0.12618
60.60000,1.05394,0.86531,0.00137,0.00729,0.12603
60.70000,1.05394,0.88688,0.00128,0.00737,0.10448
60.80000,1.05394,0.90531,0.00116,0.00641,0.08712
60.90000,1.05394,0.90438,0.00140,0.00689,0.08733
61.00000,1.05394,0.92202,0.00111,0.00593,0.07094
61.10000,1.05394,0.89304,0.00108,0.00807,0.09781
61.20000,1.05394,0.89475,0.00118,0.00821,0.09586
61.30000,1.05394,0.91808,0.00097,0.00749,0.07345
61.40000,1.05394,0.91612,0.00098,0.00799,0.07491
61.50000,1.05394,0.93619,0.00079,0.00701,0.05601
61.60000,1.05394,0.94064,0.00101,0.00663,0.05172
61.70000,1.05394,0.95434,0.00072,0.00551,0.03944
61.80000,1.05394,0.93969,0.00075,0.00630,0.05325
61.90000,1.05394,0.94951,0.00069,0.00630,0.04351
62.00000,1.05394,0.96286,0.00047,0.00536,0.03131
62.10000,1.05394,0.96770,0.00035,0.00507,0.02688
62.20000,1.05394,0.96646,0.00034,0.00469,0.02852
62.30000,1.05394,0.97152,0.00031,0.00450,0.02366
62.40000,1.05394,0.97817,0.00034,0.00376,0.01772
62.50000,1.05394,0.95657,0.00043,0.00584,0.03716
62.60000,1.05394,0.94328,0.00046,0.00526,0.05100
62.70000,1.05394,0.91960,0.00049,0.00671,0.07320
62.80000,1.05394,0.88510,0.00090,0.01031,0.10369
62.90000,1.05394,0.66349,0.00180,0.01699,0.31771
63.00000,1.05394,0.75395,0.00174,0.01613,0.22818
63.10000,1.05394,0.56855,0.00211,0.02544,0.40390
63.20000,1.05394,0.51493,0.00267,0.02782,0.45458
63.30000,1.05394,0.36083,0.00152,0.03328,0.60438
63.40000,1.05393,0.22230,0.00254,0.03258,0.74258
63.50000,1.05394,0.25614,0.00374,0.04740,0.69272
63.60000,1.05394,0.24780,0.00387,0.03114,0.71720
63.70000,1.05394,0.19437,0.00291,0.03800,0.76472
63.80000,1.05394,0.33215,0.00295,0.03202,0.63288
63.90000,1.05393,0.54874,0.00440,0.02593,0.42093
64.00000,1.05394,0.71611,0.00227,0.01492,0.26669
64.10000,1.05394,0.76894,0.00220,0.01423,0.21463
64.20000,1.05394,0.72531,0.00270,0.01237,0.25962
64.30000,1.05393,0.80546,0.00299,0.01133,0.18022
64.40000,1.05393,0.92018,0.00276,0.00437,0.07268
64.50000,1.05394,0.96951,0.00070,0.00283,0.02696
64.60000,1.05394,0.94709,0.00373,0.00693,0.04224
64.70000,1.05394,0.94489,0.00252,0.00599,0.04660
64.80000,1.05393,0.89340,0.00429,0.00558,0.09674
64.90000,1.05393,0.92665,0.00323,0.00476,0.06536
65.00000,1.05394,0.90521,0.00483,0.00585,0.08412
65.10000,1.05394,0.92296,0.00411,0.00509,0.06785
65.20000,1.05394,0.83966,0.00487,0.00862,0.14685
65.30000,1.05393,0.88953,0.00216,0.00660,0.10172
65.40000,1.05393,0.83194,0.00227,0.00672,0.15908
65.50000,1.05394,0.85861,0.00183,0.00659,0.13297
65.60000,1.05394,0.81156,0.00259,0.01017,0.17568
65.70000,1.05394,0.87057,0.00150,0.00812,0.11980
65.80000,1.05393,0.89068,0.00123,0.00731,0.10078
65.90000,1.05393,0.88707,0.00109,0.00792,0.10393
66.00000,1.05394,0.86763,0.00151,0.00974,0.12112
66.10000,1.05394,0.91111,0.00128,0.00737,0.08023
66.20000,1.05394,0.92670,0.00106,0.00606,0.06618
66.30000,1.05393,0.94026,0.00088,0.00527,0.05360
66.40000,1.05393,0.95013,0.00073,0.00488,0.04425
66.50000,1.05394,0.95531,0.00060,0.00471,0.03938
66.60000,1.05394,0.96683,0.00058,0.00326,0.02934
66.70000,1.05394,0.96947,0.00045,0.00346,0.02662
66.80000,1.05393,0.97410,0.00038,0.00314,0.02238
66.90000,1.05393,0.98169,0.00031,0.00247,0.01553
67.00000,1.05394,0.98049,0.00031,0.00269,0.01651
67.10000,1.05394,0.96702,0.00047,0.00493,0.02758
67.20000,1.05394,0.97663,0.00040,0.00253,0.02044
67.30000,1.05393,0.97952,0.00035,0.00265,0.01748
67.40000,1.05393,0.97472,0.00067,0.00324,0.02137
67.50000,1.05394,0.96680,0.00080,0.00353,0.02886
67.60000,1.05394,0.94586,0.00166,0.00470,0.04777
67.70000,1.05394,0.95504,0.00147,0.00274,0.04076
67.80000,1.05393,0.94911,0.00157,0.00352,0.04579
67.90000,1.05393,0.93720,0.00229,0.00394,0.05657
68.00000,1.05394,0.94436,0.00255,0.00415,0.04893
68.10000,1.05394,0.95272,0.00188,0.00316,0.04224
68.20000,1.05394,0.95087,0.00156,0.00386,0.04371
68.30000,1.05393,0.92621,0.00299,0.00465,0.06616
68.40000,1.05393,0.95278,0.00161,0.00393,0.04168
68.50000,1.05394,0.95355,0.00212,0.00596,0.03838
68.60000,1.05394,0.96228,0.00162,0.00508,0.03102
68.70000,1.05394,0.96966,0.00171,0.00415,0.02448
68.80000,1.05393,0.97086,0.00139,0.00389,0.02386
68.90000,1.05393,0.96906,0.00101,0.00422,0.02572
69.00000,1.05394,0.96135,0.00131,0.00551,0.03183
69.10000,1.05394,0.96882,0.00123,0.00417,0.02578
69.20000,1.05394,0.97094,0.00108,0.00439,0.02359
69.30000,1.05393,0.96128,0.00168,0.00567,0.03137
69.40000,1.05393,0.95561,0.00190,0.00548,0.03700
69.50000,1.05394,0.94751,0.00256,0.00602,0.04391
69.60000,1.05394,0.93881,0.00170,0.00704,0.05244
69.70000,1.05394,0.94666,0.00153,0.00666,0.04515
69.80000,1.05393,0.96686,0.00146,0.00493,0.02676
69.90000,1.05393,0.97932,0.00098,0.00316,0.01653
70.00000,1.05394,0.97927,0.00100,0.00312,0.01661
70.10000,1.05394,0.98587,0.00051,0.00226,0.01136
70.20000,1.05394,0.98896,0.00063,0.00159,0.00882
70.30000,1.05393,0.98546,0.00044,0.00221,0.01189
70.40000,1.05393,0.98105,0.00036,0.00203,0.01656
70.50000,1.05394,0.98053,0.00022,0.00203,0.01722
70.60000,1.05394,0.97849,0.00034,0.00172,0.01945
70.70000,1.05394,0.95883,0.00050,0.00331,0.03735
70.80000,1.05393,0.90963,0.00079,0.00381,0.08576
70.90000,1.05393,0.92987,0.00055,0.00288,0.06671
71.00000,1.05394,0.92945,0.00058,0.00322,0.06675
71.10000,1.05394,0.86987,0.00045,0.00503,0.12465
71.20000,1.05394,0.74059,0.00101,0.00830,0.25010
71.30000,1.05393,0.76248,0.00080,0.00541,0.23131
71.40000,1.05393,0.74931,0.00129,0.00785,0.24155
71.50000,1.05394,0.69024,0.00085,0.00575,0.30315
71.60000,1.05394,0.67780,0.00142,0.00875,0.31202
71.70000,1.05394,0.66136,0.00079,0.00724,0.33061
71.80000,1.05393,0.50114,0.00124,0.01003,0.48759
71.90000,1.05393,0.43709,0.00064,0.00751,0.55476
72.00000,1.05394,0.40713,0.00122,0.00841,0.58324
72.10000,1.05394,0.74153,0.00083,0.00664,0.25100
72.20000,1.05394,0.80731,0.00101,0.00668,0.18500
72.30000,1.05393,0.78431,0.00115,0.00686,0.20768
72.40000,1.05393,0.78112,0.00125,0.00647,0.21116
72.50000,1.05394,0.73751,0.00194,0.00866,0.25189
72.60000,1.05394,0.83306,0.00229,0.00492,0.15974
72.70000,1.05394,0.90545,0.00181,0.00428,0.08845
72.80000,1.05393,0.87519,0.00214,0.00527,0.11739
72.90000,1.05393,0.85551,0.00291,0.00574,0.13583
73.00000,1.05394,0.73631,0.00439,0.00736,0.25194
73.10000,1.05394,0.74481,0.00413,0.00541,0.24565
73.20000,1.05394,0.76581,0.00368,0.00554,0.22496
73.30000,1.05393,0.87785,0.00225,0.00500,0.11490
73.40000,1.05393,0.87447,0.00287,0.00606,0.11660
73.50000,1.05394,0.87594,0.00151,0.00694,0.11562
73.60000,1.05394,0.82249,0.00262,0.00839,0.16651
73.70000,1.05394,0.91677,0.00161,0.00464,0.07698
73.80000,1.05393,0.87863,0.00307,0.00627,0.11203
73.90000,1.05393,0.89184,0.00268,0.00469,0.10079
74.00000,1.05394,0.93069,0.00211,0.00487,0.06233
74.10000,1.05394,0.94669,0.00210,0.00446,0.04674
74.20000,1.05394,0.94076,0.00559,0.00471,0.04894
74.30000,1.05393,0.95733,0.00394,0.00252,0.03621
74.40000,1.05393,0.87436,0.01544,0.00569,0.10451
74.50000,1.05394,0.90466,0.01718,0.00758,0.07057
74.60000,1.05394,0.94075,0.00952,0.00547,0.04426
74.70000,1.05394,0.95824,0.00680,0.00458,0.03037
74.80000,1.05393,0.96070,0.00887,0.00493,0.02550
74.90000,1.05393,0.97040,0.00363,0.00483,0.02114
75.00000,1.05394,0.97459,0.00376,0.00593,0.01572
75.10000,1.05394,0.98906,0.00067,0.00234,0.00793
75.20000,1.05394,0.98853,0.00062,0.00318,0.00767
75.30000,1.05393,0.99167,0.00034,0.00245,0.00554
75.40000,1.05393,0.98934,0.00050,0.00309,0.00706
75.50000,1.05394,0.98998,0.00039,0.00208,0.00755
75.60000,1.05394,0.98378,0.00049,0.00382,0.01191
75.70000,1.05394,0.98396,0.00029,0.00312,0.01263
75.80000,1.05393,0.98342,0.00059,0.00342,0.01257
75.90000,1.05393,0.98559,0.00083,0.00255,0.01102
76.00000,1.05394,0.98159,0.00101,0.00273,0.01467
76.10000,1.05394,0.98078,0.00091,0.00293,0.01539
76.20000,1.05394,0.97559,0.00161,0.00341,0.01940
76.30000,1.05393,0.98561,0.00103,0.00343,0.00992
76.40000,1.05393,0.99337,0.00027,0.00236,0.00400
76.50000,1.05394,0.99604,0.00017,0.00201,0.00177
76.60000,1.05394,0.99520,0.00019,0.00224,0.00237
76.70000,1.05394,0.99366,0.00028,0.00302,0.00304
76.80000,1.05393,0.99245,0.00030,0.00309,0.00417
76.90000,1.05393,0.99353,0.00025,0.00287,0.00334
77.00000,1.05394,0.99445,0.00010,0.00209,0.00337
77.10000,1.05394,0.99441,0.00007,0.00273,0.00278
77.20000,1.05394,0.99316,0.00010,0.00287,0.00386
77.30000,1.05393,0.98813,0.00027,0.00287,0.00873
77.40000,1.05393,0.98222,0.00042,0.00321,0.01415
77.50000,1.05394,0.98623,0.00028,0.00248,0.01102
77.60000,1.05394,0.98531,0.00036,0.00284,0.01148
77.70000,1.05394,0.98605,0.00040,0.00258,0.01097
77.80000,1.05393,0.97227,0.00108,0.00432,0.02234
77.90000,1.05393,0.96187,0.00231,0.00519,0.03064
78.00000,1.05394,0.93531,0.00612,0.00627,0.05230
78.10000,1.05394,0.95126,0.00604,0.00326,0.03944
78.20000,1.05394,0.94318,0.00636,0.00375,0.04672
78.30000,1.05393,0.95467,0.00422,0.00310,0.03801
78.40000,1.05393,0.93128,0.00593,0.00442,0.05837
78.50000,1.05394,0.94282,0.00419,0.00367,0.04932
78.60000,1.05394,0.96711,0.00119,0.00286,0.02884
78.70000,1.05394,0.97520,0.00038,0.00351,0.02090
78.80000,1.05393,0.98843,0.00018,0.00265,0.00875
78.90000,1.05393,0.99250,0.00005,0.00275,0.00469
79.00000,1.05394,0.99587,0.00002,0.00168,0.00244
79.10000,1.05394,0.99368,0.00002,0.00221,0.00409
79.20000,1.05394,0.99072,0.00005,0.00302,0.00621
79.30000,1.05393,0.99451,0.00003,0.00158,0.00388
79.40000,1.05393,0.99532,0.00005,0.00166,0.00298
79.50000,1.05394,0.99453,0.00008,0.00131,0.00408
79.60000,1.05394,0.99393,0.00025,0.00134,0.00448
79.70000,1.05394,0.98884,0.00050,0.00160,0.00906
79.80000,1.05393,0.98236,0.00108,0.00211,0.01445
79.90000,1.05393,0.97368,0.00183,0.00305,0.02144
80.00000,1.05394,0.97118,0.00259,0.00301,0.02323
80.10000,1.05394,0.97720,0.00195,0.00352,0.01733
80.20000,1.05394,0.97970,0.00110,0.00289,0.01631
80.30000,1.05393,0.97737,0.00108,0.00370,0.01785
80.40000,1.05393,0.97015,0.00111,0.00468,0.02405
80.50000,1.05394,0.96093,0.00168,0.00562,0.03177
80.60000,1.05394,0.95188,0.00207,0.00607,0.03999
80.70000,1.05394,0.95768,0.00154,0.00462,0.03617
80.80000,1.05393,0.95695,0.00127,0.00398,0.03780
80.90000,1.05393,0.94992,0.00122,0.00449,0.04438
81.00000,1.05394,0.95593,0.00105,0.00453,0.03849
81.10000,1.05394,0.95834,0.00086,0.00428,0.03653
81.20000,1.05394,0.95954,0.00066,0.00392,0.03587
81.30000,1.05393,0.96470,0.00052,0.00356,0.03122
81.40000,1.05393,0.97050,0.00046,0.00321,0.02583
81.50000,1.05394,0.97062,0.00046,0.00408,0.02484
81.60000,1.05394,0.97456,0.00031,0.00374,0.02139
81.70000,1.05394,0.97654,0.00034,0.00369,0.01943
81.80000,1.05393,0.98089,0.00027,0.00332,0.01552
81.90000,1.05393,0.98175,0.00028,0.00304,0.01493
82.00000,1.05394,0.98392,0.00025,0.00277,0.01307
82.10000,1.05394,0.97062,0.00051,0.00451,0.02436
82.20000,1.05394,0.97370,0.00052,0.00331,0.02248
82.30000,1.05393,0.97639,0.00066,0.00334,0.01961
82.40000,1.05393,0.98231,0.00039,0.00231,0.01499
82.50000,1.05394,0.98196,0.00046,0.00285,0.01473
82.60000,1.05394,0.98222,0.00037,0.00280,0.01461
82.70000,1.05394,0.98304,0.00044,0.00283,0.01369
82.80000,1.05393,0.98209,0.00042,0.00275,0.01474
82.90000,1.05393,0.98085,0.00046,0.00296,0.01573
83.00000,1.05394,0.98055,0.00052,0.00431,0.01462
83.10000,1.05394,0.97967,0.00038,0.00463,0.01532
83.20000,1.05394,0.97641,0.00034,0.00461,0.01864
83.30000,1.05393,0.96673,0.00034,0.00565,0.02728
83.40000,1.05393,0.96154,0.00041,0.00633,0.03172
83.50000,1.05394,0.96949,0.00022,0.00478,0.02551
83.60000,1.05394,0.97960,0.00010,0.00442,0.01588
83.70000,1.05394,0.98444,0.00008,0.00419,0.01128
83.80000,1.05393,0.98302,0.00008,0.00430,0.01259
83.90000,1.05393,0.96909,0.00015,0.00588,0.02488
84.00000,1.05394,0.96787,0.00016,0.00362,0.02835
84.10000,1.05394,0.97213,0.00016,0.00379,0.02392
84.20000,1.05394,0.97637,0.00029,0.00313,0.02022
84.30000,1.05393,0.96343,0.00036,0.00330,0.03291
84.40000,1.05393,0.95161,0.00065,0.00332,0.04442
84.50000,1.05394,0.93716,0.00119,0.00288,0.05878
84.60000,1.05394,0.90631,0.00181,0.00321,0.08867
84.70000,1.05394,0.85439,0.00259,0.00313,0.13989
84.80000,1.05393,0.85875,0.00325,0.00400,0.13400
84.90000,1.05393,0.84751,0.00268,0.00504,0.14477
85.00000,1.05394,0.74771,0.00242,0.00470,0.24517
85.10000,1.05394,0.59378,0.00300,0.00626,0.39697
85.20000,1.05394,0.44506,0.00276,0.00571,0.54647
85.30000,1.05393,0.47602,0.00283,0.00713,0.51402
85.40000,1.05393,0.35576,0.00231,0.00539,0.63653
85.50000,1.05394,0.27874,0.00297,0.00523,0.71306
85.60000,1.05394,0.24989,0.00325,0.00407,0.74279
85.70000,1.05394,0.24674,0.00373,0.00473,0.74480
85.80000,1.05393,0.20561,0.00422,0.00396,0.78621
85.90000,1.05393,0.25424,0.00593,0.00479,0.73504
86.00000,1.05394,0.18837,0.00650,0.00481,0.80031
86.10000,1.05394,0.18920,0.00713,0.00431,0.79936
86.20000,1.05394,0.19469,0.00859,0.00497,0.79175
86.30000,1.05393,0.19760,0.00840,0.00519,0.78882
86.40000,1.05393,0.25757,0.00979,0.00563,0.72701
86.50000,1.05394,0.19485,0.00898,0.00561,0.79055
86.60000,1.05394,0.21114,0.01609,0.00642,0.76636
86.70000,1.05394,0.27408,0.01724,0.00581,0.70287
86.80000,1.05393,0.35895,0.01948,0.00625,0.61531
86.90000,1.05393,0.37567,0.02279,0.00646,0.59508
87.00000,1.05394,0.40543,0.03940,0.00664,0.54852
87.10000,1.05394,0.38540,0.04393,0.00665,0.56402
87.20000,1.05394,0.45806,0.04696,0.00582,0.48916
87.30000,1.05393,0.42296,0.04368,0.00615,0.52721
87.40000,1.05393,0.46986,0.05229,0.00559,0.47226
87.50000,1.05394,0.45279,0.04569,0.00609,0.49543
87.60000,1.05394,0.43757,0.04199,0.00706,0.51338
87.70000,1.05394,0.31915,0.04325,0.00636,0.63124
87.80000,1.05393,0.33751,0.03912,0.00559,0.61778
87.90000,1.05393,0.31239,0.03848,0.00693,0.64220
88.00000,1.05394,0.35548,0.03878,0.00639,0.59934
88.10000,1.05394,0.33682,0.04880,0.00741,0.60696
88.20000,1.05394,0.37241,0.06448,0.00764,0.55546
88.30000,1.05393,0.42689,0.08087,0.00825,0.48400
88.40000,1.05393,0.39240,0.14190,0.00860,0.45710
88.50000,1.05394,0.45420,0.11935,0.00797,0.41848
88.60000,1.05394,0.44125,0.08988,0.00929,0.45958
88.70000,1.05394,0.48763,0.08240,0.00979,0.42018
88.80000,1.05393,0.49181,0.10333,0.00883,0.39604
88.90000,1.05393,0.55382,0.09081,0.00776,0.34761
89.00000,1.05394,0.39027,0.07120,0.00839,0.53013
89.10000,1.05394,0.44510,0.07838,0.00860,0.46792
89.20000,1.05394,0.50449,0.06222,0.00752,0.42577
89.30000,1.05393,0.54070,0.04126,0.00725,0.41079
89.40000,1.05393,0.53287,0.04215,0.00796,0.41702
89.50000,1.05394,0.46879,0.05796,0.00821,0.46504
89.60000,1.05394,0.61778,0.07702,0.00619,0.29902
89.70000,1.05394,0.56346,0.07534,0.00740,0.35380
89.80000,1.05393,0.62393,0.04951,0.00606,0.32050
89.90000,1.05393,0.61749,0.07471,0.00748,0.30032
90.00000,1.05394,0.65129,0.09534,0.00842,0.24495
90.10000,1.05394,0.65600,0.06105,0.00710,0.27584
90.20000,1.05394,0.60864,0.05960,0.00660,0.32516
90.30000,1.05393,0.51438,0.04595,0.00566,0.43401
90.40000,1.05393,0.49276,0.03657,0.00524,0.46543
90.50000,1.05394,0.42389,0.02045,0.00432,0.55135
90.60000,1.05394,0.35610,0.02865,0.00740,0.60785
90.70000,1.05394,0.34550,0.02545,0.00577,0.62327
90.80000,1.05393,0.42728,0.04525,0.00610,0.52137
90.90000,1.05393,0.38959,0.03552,0.00547,0.56942
91.00000,1.05394,0.65263,0.09711,0.00528,0.24498
91.10000,1.05394,0.61551,0.08777,0.00572,0.29100
91.20000,1.05394,0.65196,0.19288,0.00429,0.15088
91.30000,1.05393,0.55431,0.21168,0.00534,0.22868
91.40000,1.05393,0.51279,0.41499,0.00246,0.06976
91.50000,1.05394,0.44336,0.46805,0.00289,0.08569
91.60000,1.05394,0.49912,0.44475,0.00220,0.05392
91.70000,1.05394,0.53913,0.31276,0.00383,0.14428
91.80000,1.05393,0.49564,0.42895,0.00258,0.07283
91.90000,1.05393,0.44698,0.28401,0.00538,0.26362
92.00000,1.05394,0.41106,0.40245,0.00588,0.18062
92.10000,1.05394,0.45162,0.30031,0.00511,0.24296
92.20000,1.05394,0.47639,0.30771,0.00598,0.20991
92.30000,1.05393,0.55905,0.22149,0.00536,0.21410
92.40000,1.05393,0.57513,0.17750,0.00660,0.24077
92.50000,1.05394,0.63611,0.19013,0.00576,0.16800
92.60000,1.05394,0.74070,0.15520,0.00532,0.09878
92.70000,1.05394,0.74745,0.16102,0.00507,0.08647
92.80000,1.05393,0.77340,0.13439,0.00449,0.08771
92.90000,1.05393,0.77331,0.10008,0.00615,0.12046
93.00000,1.05394,0.76196,0.06739,0.00643,0.16423
93.10000,1.05394,0.79018,0.06144,0.00603,0.14235
93.20000,1.05394,0.79932,0.05593,0.00554,0.13921
93.30000,1.05393,0.85804,0.04035,0.00536,0.09626
93.40000,1.05393,0.83997,0.04688,0.00586,0.10729
93.50000,1.05394,0.76409,0.07005,0.00624,0.15962
93.60000,1.05394,0.79469,0.04290,0.00493,0.15748
93.70000,1.05394,0.78890,0.04254,0.00545,0.16310
93.80000,1.05393,0.77271,0.05280,0.00635,0.16814
93.90000,1.05393,0.77627,0.05746,0.00559,0.16068
94.00000,1.05394,0.73679,0.03478,0.00745,0.22098
94.10000,1.05394,0.79983,0.02916,0.00490,0.16610
94.20000,1.05394,0.76611,0.03274,0.00601,0.19513
94.30000,1.05393,0.71585,0.02073,0.00605,0.25737
94.40000,1.05393,0.61126,0.01522,0.00915,0.36436
94.50000,1.05394,0.64489,0.02310,0.00657,0.32544
94.60000,1.05394,0.57737,0.02778,0.00702,0.38784
94.70000,1.05394,0.58015,0.03508,0.00813,0.37664
94.80000,1.05393,0.53851,0.04033,0.00922,0.41194
94.90000,1.05393,0.64019,0.04283,0.00759,0.30940
95.00000,1.05394,0.63605,0.05670,0.00730,0.29994
95.10000,1.05394,0.54640,0.06387,0.00854,0.38120
95.20000,1.05394,0.51255,0.05245,0.00783,0.42718
95.30000,1.05393,0.53809,0.06587,0.00783,0.38821
95.40000,1.05393,0.53164,0.06609,0.00904,0.39323
95.50000,1.05394,0.55663,0.06419,0.00943,0.36975
95.60000,1.05394,0.57222,0.05140,0.00875,0.36763
95.70000,1.05394,0.59157,0.06919,0.00967,0.32957
95.80000,1.05393,0.51245,0.07561,0.01193,0.40001
95.90000,1.05393,0.56545,0.08531,0.00931,0.33993
96.00000,1.05394,0.57043,0.16256,0.01091,0.25610
96.10000,1.05394,0.58490,0.15719,0.00827,0.24964
96.20000,1.05394,0.67358,0.11052,0.00849,0.20741
96.30000,1.05393,0.53521,0.07415,0.00955,0.38109
96.40000,1.05393,0.59278,0.07516,0.00966,0.32239
96.50000,1.05394,0.52404,0.07540,0.00783,0.39273
96.60000,1.05394,0.54326,0.08336,0.01116,0.36222
96.70000,1.05394,0.45971,0.08157,0.00982,0.44890
96.80000,1.05393,0.54010,0.06826,0.01071,0.38093
96.90000,1.05393,0.47426,0.04535,0.00904,0.47136
97.00000,1.05394,0.39053,0.03526,0.00928,0.56493
97.10000,1.05394,0.40366,0.05687,0.00772,0.53176
97.20000,1.05394,0.47698,0.08396,0.00769,0.43138
97.30000,1.05393,0.52795,0.08742,0.00670,0.37793
97.40000,1.05393,0.49927,0.09780,0.00756,0.39538
97.50000,1.05394,0.54199,0.18604,0.00631,0.26566
97.60000,1.05394,0.59891,0.10340,0.00562,0.29208
97.70000,1.05394,0.56445,0.13879,0.00703,0.28972
97.80000,1.05393,0.51190,0.13678,0.00665,0.34467
97.90000,1.05393,0.58277,0.10593,0.00636,0.30494
98.00000,1.05394,0.59213,0.09252,0.00656,0.30879
98.10000,1.05394,0.62197,0.06796,0.00569,0.30438
98.20000,1.05394,0.61018,0.09490,0.00641,0.28851
98.30000,1.05393,0.60495,0.05910,0.00633,0.32962
98.40000,1.05393,0.51784,0.07650,0.00828,0.39738
98.50000,1.05394,0.48777,0.04145,0.00633,0.46445
98.60000,1.05394,0.48977,0.05455,0.00725,0.44843
98.70000,1.05394,0.42712,0.05577,0.00957,0.50754
98.80000,1.05393,0.51805,0.11111,0.00986,0.36098
98.90000,1.05393,0.46541,0.15335,0.00887,0.37238
99.00000,1.05394,0.52401,0.17818,0.00743,0.29037
99.10000,1.05394,0.44251,0.27523,0.01101,0.27125
99.20000,1.05394,0.54995,0.21260,0.00820,0.22924
99.30000,1.05393,0.44873,0.35873,0.00822,0.18432
99.40000,1.05393,0.67941,0.20333,0.00667,0.11059
99.50000,1.05394,0.57177,0.26190,0.00679,0.15953
99.60000,1.05394,0.61978,0.25906,0.00709,0.11407
99.70000,1.05394,0.56513,0.28100,0.00891,0.14495
99.80000,1.05393,0.73167,0.14157,0.00672,0.12004
99.90000,1.05393,0.72848,0.15134,0.00573,0.11444
100.00000,1.05394,0.75624,0.14933,0.00637,0.08806
100.10000,1.05394,0.74235,0.14956,0.00692,0.10116
100.20000,1.05394,0.77801,0.10164,0.00764,0.11270
100.30000,1.05393,0.70879,0.12363,0.00808,0.15950
100.40000,1.05393,0.65619,0.19708,0.00826,0.13847
100.50000,1.05394,0.63308,0.23681,0.00759,0.12252
100.60000,1.05394,0.67550,0.17818,0.00709,0.13924
100.70000,1.05394,0.73475,0.12056,0.00653,0.13816
100.80000,1.05393,0.76934,0.09381,0.00531,0.13155
100.90000,1.05393,0.74792,0.08130,0.00660,0.16419
101.00000,1.05394,0.73931,0.08310,0.00622,0.17137
101.10000,1.05394,0.71763,0.09541,0.00747,0.17950
101.20000,1.05394,0.77324,0.10928,0.00457,0.11291
101.30000,1.05393,0.73863,0.11102,0.00604,0.14431
101.40000,1.05393,0.72404,0.09916,0.00643,0.17037
101.50000,1.05394,0.73715,0.07384,0.00616,0.18284
101.60000,1.05394,0.82152,0.06088,0.00465,0.11295
101.70000,1.05394,0.80216,0.07315,0.00576,0.11893
101.80000,1.05393,0.81272,0.06501,0.00568,0.11659
101.90000,1.05393,0.77771,0.08857,0.00624,0.12748
102.00000,1.05394,0.80871,0.08230,0.00550,0.10348
102.10000,1.05394,0.78935,0.07211,0.00707,0.13148
102.20000,1.05394,0.75791,0.10280,0.00664,0.13265
102.30000,1.05393,0.78376,0.08942,0.00629,0.12053
102.40000,1.05393,0.77477,0.10271,0.00585,0.11667
102.50000,1.05394,0.75585,0.16033,0.00553,0.07829
102.60000,1.05394,0.74586,0.16428,0.00472,0.08514
102.70000,1.05394,0.65849,0.24045,0.00564,0.09542
102.80000,1.05393,0.71346,0.18959,0.00470,0.09226
102.90000,1.05393,0.74933,0.16571,0.00390,0.08107
103.00000,1.05394,0.73025,0.17327,0.00385,0.09263
103.10000,1.05394,0.72922,0.17345,0.00358,0.09376
103.20000,1.05394,0.79318,0.12269,0.00265,0.08148
103.30000,1.05393,0.79332,0.11740,0.00319,0.08609
103.40000,1.05393,0.77842,0.07290,0.00485,0.14383
103.50000,1.05394,0.73834,0.05994,0.00476,0.19697
103.60000,1.05394,0.70252,0.07394,0.00491,0.21864
103.70000,1.05394,0.65892,0.08073,0.00416,0.25618
103.80000,1.05393,0.66630,0.09881,0.00511,0.22978
103.90000,1.05393,0.61907,0.07068,0.00518,0.30506
104.00000,1.05394,0.58051,0.08505,0.00668,0.32776
104.10000,1.05394,0.55291,0.10785,0.00567,0.33358
104.20000,1.05394,0.62239,0.14365,0.00509,0.22887
104.30000,1.05393,0.61527,0.18227,0.00503,0.19743
104.40000,1.05393,0.59442,0.25073,0.00479,0.15006
104.50000,1.05394,0.67382,0.21027,0.00366,0.11225
104.60000,1.05394,0.67406,0.21516,0.00416,0.10662
104.70000,1.05394,0.65123,0.21571,0.00470,0.12836
104.80000,1.05393,0.69532,0.21606,0.00361,0.08501
104.90000,1.05393,0.78045,0.15141,0.00291,0.06522
105.00000,1.05394,0.79100,0.12916,0.00451,0.07532
105.10000,1.05394,0.81193,0.07372,0.00355,0.11081
105.20000,1.05394,0.79098,0.08803,0.00572,0.11527
105.30000,1.05393,0.67286,0.05587,0.00582,0.26545
105.40000,1.05393,0.75099,0.04637,0.00591,0.19672
105.50000,1.05394,0.66829,0.05462,0.00786,0.26922
105.60000,1.05394,0.70634,0.04239,0.01021,0.24106
105.70000,1.05394,0.63529,0.03528,0.00789,0.32154
105.80000,1.05393,0.68181,0.03493,0.00920,0.27405
105.90000,1.05393,0.65225,0.03425,0.00892,0.30458
106.00000,1.05394,0.67213,0.03844,0.00807,0.28136
106.10000,1.05394,0.63899,0.05412,0.01112,0.29576
106.20000,1.05394,0.71399,0.07999,0.01163,0.19438
106.30000,1.05393,0.74883,0.07781,0.00799,0.16537
106.40000,1.05393,0.74331,0.09970,0.00845,0.14853
106.50000,1.05394,0.65330,0.18655,0.00825,0.15191
106.60000,1.05394,0.71968,0.15440,0.00567,0.12025
106.70000,1.05394,0.72952,0.15651,0.00509,0.10888
106.80000,1.05393,0.71239,0.15095,0.00547,0.13120
106.90000,1.05393,0.59811,0.24420,0.00708,0.15061
107.00000,1.05394,0.64390,0.21031,0.00466,0.14113
107.10000,1.05394,0.54008,0.28559,0.00717,0.16716
107.20000,1.05394,0.61252,0.20566,0.00489,0.17693
107.30000,1.05393,0.59371,0.19284,0.00855,0.20489
107.40000,1.05393,0.60706,0.09685,0.00750,0.28859
107.50000,1.05394,0.60011,0.06210,0.00889,0.32890
107.60000,1.05394,0.62788,0.06002,0.00726,0.30484
107.70000,1.05394,0.54156,0.07075,0.01090,0.37679
107.80000,1.05393,0.60992,0.04949,0.00843,0.33216
107.90000,1.05393,0.52715,0.02994,0.00858,0.43432
108.00000,1.05394,0.52638,0.02551,0.00799,0.44013
108.10000,1.05394,0.42019,0.02062,0.00792,0.55127
108.20000,1.05394,0.51850,0.02293,0.00759,0.45097
108.30000,1.05393,0.44318,0.02165,0.00714,0.52803
108.40000,1.05393,0.52467,0.04357,0.00830,0.42346
108.50000,1.05394,0.44091,0.04384,0.00869,0.50655
108.60000,1.05394,0.59325,0.06014,0.00610,0.34051
108.70000,1.05394,0.56316,0.04473,0.00705,0.38506
108.80000,1.05393,0.60220,0.08211,0.00812,0.30756
108.90000,1.05393,0.72217,0.08249,0.00746,0.18788
109.00000,1.05394,0.74696,0.12241,0.00685,0.12378
109.10000,1.05394,0.77677,0.10026,0.00670,0.11627
109.20000,1.05394,0.74181,0.11889,0.00821,0.13109
109.30000,1.05393,0.69545,0.09016,0.01023,0.20416
109.40000,1.05393,0.62601,0.10853,0.01018,0.25528
109.50000,1.05394,0.55830,0.06009,0.01034,0.37127
109.60000,1.05394,0.52542,0.04920,0.00894,0.41645
109.70000,1.05394,0.54139,0.05537,0.00886,0.39438
109.80000,1.05393,0.44246,0.04364,0.00762,0.50627
109.90000,1.05393,0.30727,0.03463,0.00657,0.65153
110.00000,1.05394,0.29705,0.04744,0.00594,0.64957
110.10000,1.05394,0.29255,0.07410,0.00715,0.62620
110.20000,1.05394,0.33807,0.06062,0.00645,0.59486
110.30000,1.05393,0.32987,0.04389,0.00555,0.62070
110.40000,1.05393,0.44367,0.02993,0.00555,0.52085
110.50000,1.05394,0.71783,0.01584,0.00457,0.26176
110.60000,1.05394,0.70606,0.01056,0.00523,0.27815
110.70000,1.05394,0.80981,0.00482,0.00436,0.18101
110.80000,1.05393,0.79733,0.00374,0.00624,0.19270
110.90000,1.05393,0.86479,0.00242,0.00503,0.12776
111.00000,1.05394,0.84919,0.00134,0.00536,0.14412
111.10000,1.05394,0.90604,0.00090,0.00509,0.08797
111.20000,1.05394,0.93870,0.00090,0.00715,0.05325
111.30000,1.05393,0.98314,0.00031,0.00431,0.01224
111.40000,1.05393,0.98842,0.00036,0.00365,0.00757
111.50000,1.05394,0.99334,0.00033,0.00216,0.00418
111.60000,1.05394,0.99167,0.00045,0.00317,0.00471
111.70000,1.05394,0.99119,0.00024,0.00282,0.00576
111.80000,1.05393,0.99272,0.00019,0.00366,0.00342
111.90000,1.05393,0.99586,0.00009,0.00203,0.00201
112.00000,1.05394,0.99564,0.00014,0.00227,0.00195
112.10000,1.05394,0.99734,0.00020,0.00121,0.00125
112.20000,1.05394,0.99614,0.00040,0.00157,0.00189
112.30000,1.05393,0.99334,0.00063,0.00212,0.00390
112.40000,1.05393,0.99367,0.00020,0.00138,0.00474
112.50000,1.05394,0.99446,0.00009,0.00137,0.00407
112.60000,1.05394,0.99313,0.00023,0.00142,0.00523
112.70000,1.05394,0.99156,0.00067,0.00153,0.00624
112.80000,1.05393,0.98257,0.00113,0.00169,0.01462
112.90000,1.05393,0.98257,0.00153,0.00142,0.01447
113.00000,1.05394,0.96559,0.00147,0.00281,0.03013
113.10000,1.05394,0.95052,0.00137,0.00291,0.04520
113.20000,1.05394,0.96651,0.00072,0.00296,0.02981
113.30000,1.05393,0.96930,0.00081,0.00480,0.02509
113.40000,1.05393,0.97624,0.00071,0.00419,0.01886
113.50000,1.05394,0.95824,0.00156,0.00508,0.03512
113.60000,1.05394,0.96859,0.00086,0.00556,0.02499
113.70000,1.05394,0.97748,0.00042,0.00550,0.01659
113.80000,1.05393,0.98573,0.00025,0.00363,0.01039
113.90000,1.05393,0.98566,0.00024,0.00437,0.00973
114.00000,1.05394,0.99003,0.00021,0.00351,0.00625
114.10000,1.05394,0.99206,0.00021,0.00260,0.00513
114.20000,1.05394,0.98385,0.00057,0.00343,0.01215
114.30000,1.05393,0.98194,0.00094,0.00320,0.01392
114.40000,1.05393,0.98195,0.00096,0.00282,0.01426
114.50000,1.05394,0.98339,0.00045,0.00260,0.01356
114.60000,1.05394,0.97632,0.00057,0.00290,0.02021
114.70000,1.05394,0.98356,0.00044,0.00222,0.01377
114.80000,1.05393,0.96916,0.00061,0.00450,0.02572
114.90000,1.05393,0.97700,0.00045,0.00304,0.01951
115.00000,1.05394,0.95966,0.00068,0.00373,0.03593
115.10000,1.05394,0.97190,0.00047,0.00314,0.02449
115.20000,1.05394,0.96843,0.00037,0.00330,0.02790
115.30000,1.05393,0.98265,0.00024,0.00256,0.01455
115.40000,1.05393,0.98564,0.00032,0.00298,0.01106
115.50000,1.05394,0.98797,0.00027,0.00273,0.00903
115.60000,1.05394,0.98378,0.00038,0.00415,0.01169
115.70000,1.05394,0.98309,0.00073,0.00363,0.01254
115.80000,1.05393,0.98349,0.00071,0.00297,0.01283
115.90000,1.05393,0.98598,0.00052,0.00237,0.01113
116.00000,1.05394,0.97093,0.00117,0.00509,0.02282
116.10000,1.05394,0.97226,0.00181,0.00348,0.02245
116.20000,1.05394,0.96628,0.00202,0.00387,0.02784
116.30000,1.05393,0.94952,0.00307,0.00400,0.04340
116.40000,1.05393,0.94695,0.00238,0.00350,0.04717
116.50000,1.05394,0.90521,0.00463,0.00471,0.08544
116.60000,1.05394,0.89381,0.00666,0.00924,0.09029
116.70000,1.05394,0.90344,0.00543,0.00752,0.08360
116.80000,1.05393,0.91634,0.00617,0.00588,0.07161
116.90000,1.05393,0.94356,0.00456,0.00460,0.04727
117.00000,1.05394,0.95093,0.00329,0.00544,0.04034
117.10000,1.05394,0.94733,0.00282,0.00540,0.04445
117.20000,1.05394,0.94884,0.00338,0.00538,0.04240
117.30000,1.05393,0.92605,0.00502,0.00707,0.06186
117.40000,1.05393,0.89465,0.00500,0.00649,0.09386
117.50000,1.05394,0.85454,0.00593,0.00735,0.13218
117.60000,1.05394,0.80395,0.00448,0.00706,0.18450
117.70000,1.05394,0.76151,0.00432,0.00800,0.22616
117.80000,1.05393,0.63809,0.00596,0.00683,0.34912
117.90000,1.05393,0.61069,0.00986,0.00655,0.37290
118.00000,1.05394,0.43867,0.01629,0.00709,0.53794
118.10000,1.05394,0.39043,0.01739,0.00688,0.58530
118.20000,1.05394,0.27489,0.01785,0.00499,0.70227
118.30000,1.05393,0.36205,0.02910,0.00776,0.60109
118.40000,1.05393,0.29254,0.03825,0.00852,0.66070
118.50000,1.05394,0.46913,0.08280,0.01312,0.43495
118.60000,1.05394,0.52332,0.10484,0.01164,0.36020
118.70000,1.05394,0.51428,0.11965,0.01190,0.35417
118.80000,1.05393,0.61349,0.13624,0.01095,0.23932
118.90000,1.05393,0.67984,0.07527,0.00854,0.23635
119.00000,1.05394,0.70983,0.07333,0.00803,0.20881
119.10000,1.05394,0.72036,0.08936,0.00648,0.18379
119.20000,1.05394,0.75012,0.10334,0.00663,0.13991
119.30000,1.05393,0.72716,0.09710,0.00738,0.16835
119.40000,1.05393,0.68183,0.09467,0.00690,0.21659
119.50000,1.05394,0.69101,0.05749,0.00443,0.24707
119.60000,1.05394,0.63637,0.06364,0.00599,0.29400
119.70000,1.05394,0.54898,0.04977,0.00647,0.39479
119.80000,1.05393,0.46570,0.04601,0.00682,0.48147
119.90000,1.05393,0.43776,0.05062,0.00730,0.50433
120.00000,1.05394,0.39306,0.04211,0.00672,0.55811
120.10000,1.05394,0.37955,0.04034,0.00671,0.57340
120.20000,1.05394,0.37717,0.04588,0.00699,0.56996
120.30000,1.05393,0.32832,0.04717,0.00856,0.61595
120.40000,1.05393,0.46255,0.08332,0.01363,0.44050
120.50000,1.05394,0.46235,0.08839,0.01841,0.43085
120.60000,1.05394,0.58472,0.08276,0.01486,0.31766
120.70000,1.05394,0.56540,0.07690,0.01546,0.34224
120.80000,1.05393,0.55290,0.12212,0.01685,0.30813
120.90000,1.05393,0.62803,0.12628,0.01501,0.23069
121.00000,1.05394,0.59625,0.25787,0.01375,0.13213
121.10000,1.05394,0.63496,0.15293,0.01607,0.19604
121.20000,1.05394,0.59198,0.19644,0.01643,0.19514
121.30000,1.05393,0.55290,0.20102,0.01680,0.22928
121.40000,1.05393,0.47108,0.33909,0.00892,0.18092
121.50000,1.05394,0.57317,0.22991,0.00669,0.19023
121.60000,1.05394,0.60502,0.21404,0.00576,0.17517
121.70000,1.05394,0.62522,0.15149,0.00744,0.21586
121.80000,1.05393,0.62186,0.12962,0.00756,0.24096
121.90000,1.05393,0.67742,0.08027,0.00742,0.23488
122.00000,1.05394,0.62896,0.08251,0.00888,0.27964
122.10000,1.05394,0.73493,0.05999,0.00887,0.19622
122.20000,1.05394,0.73232,0.08676,0.01100,0.16991
122.30000,1.05393,0.80465,0.05623,0.00603,0.13309
122.40000,1.05393,0.86609,0.02803,0.00597,0.09991
122.50000,1.05394,0.81690,0.04450,0.00776,0.13083
122.60000,1.05394,0.86196,0.04562,0.00637,0.08605
122.70000,1.05394,0.85986,0.04525,0.00527,0.08962
122.80000,1.05393,0.84846,0.03786,0.00749,0.10619
122.90000,1.05393,0.79888,0.05631,0.00739,0.13742
123.00000,1.05394,0.75901,0.08422,0.00661,0.15015
123.10000,1.05394,0.69332,0.13486,0.00534,0.16647
123.20000,1.05394,0.75568,0.08121,0.00519,0.15792
123.30000,1.05393,0.69127,0.11622,0.00609,0.18642
123.40000,1.05393,0.61871,0.11493,0.00742,0.25894
123.50000,1.05394,0.59962,0.12933,0.00734,0.26371
123.60000,1.05394,0.57085,0.10981,0.00625,0.31310
123.70000,1.05394,0.60200,0.15774,0.00589,0.23437
123.80000,1.05393,0.53519,0.13946,0.00614,0.31921
123.90000,1.05393,0.60738,0.14979,0.00534,0.23749
124.00000,1.05394,0.60103,0.08435,0.00616,0.30846
124.10000,1.05394,0.57118,0.10688,0.00544,0.31650
124.20000,1.05394,0.53917,0.13473,0.00676,0.31934
124.30000,1.05393,0.47319,0.12731,0.00710,0.39240
124.40000,1.05393,0.48919,0.11685,0.00782,0.38614
124.50000,1.05394,0.44898,0.15873,0.00901,0.38328
124.60000,1.05394,0.49424,0.12209,0.00975,0.37392
124.70000,1.05394,0.44957,0.12239,0.01209,0.41595
124.80000,1.05393,0.61452,0.08403,0.00824,0.29321
124.90000,1.05393,0.52986,0.12236,0.01229,0.33550
125.00000,1.05394,0.55679,0.07960,0.02056,0.34305
125.10000,1.05394,0.60329,0.05448,0.02819,0.31404
125.20000,1.05394,0.70012,0.04381,0.03396,0.22211
125.30000,1.05393,0.71101,0.04365,0.03618,0.20916
125.40000,1.05393,0.80989,0.02182,0.02500,0.14329
125.50000,1.05394,0.82148,0.01973,0.02253,0.13626
125.60000,1.05394,0.86269,0.01194,0.02603,0.09933
125.70000,1.05394,0.84474,0.01410,0.03325,0.10791
125.80000,1.05393,0.86077,0.01139,0.03793,0.08991
125.90000,1.05393,0.87995,0.00760,0.02407,0.08837
126.00000,1.05394,0.84228,0.01948,0.02251,0.11573
126.10000,1.05394,0.88629,0.01270,0.01102,0.08999
126.20000,1.05394,0.95058,0.00711,0.00736,0.03496
126.30000,1.05393,0.96520,0.00451,0.00639,0.02390
126.40000,1.05393,0.96448,0.00516,0.00594,0.02442
126.50000,1.05394,0.96168,0.00487,0.00605,0.02739
126.60000,1.05394,0.92873,0.00971,0.00905,0.05251
126.70000,1.05394,0.93050,0.00811,0.00754,0.05386
126.80000,1.05393,0.90641,0.01375,0.00914,0.07070
126.90000,1.05393,0.85931,0.01577,0.01008,0.11484
127.00000,1.05394,0.79863,0.01832,0.01068,0.17237
127.10000,1.05393,0.69503,0.01845,0.01078,0.27573
127.20000,1.05394,0.61775,0.03348,0.01492,0.33385
127.30000,1.05394,0.53021,0.04670,0.01676,0.40633
127.40000,1.05393,0.61724,0.05859,0.01207,0.31210
127.50000,1.05394,0.58710,0.07106,0.01486,0.32699
127.60000,1.05393,0.60995,0.06149,0.01438,0.31418
127.70000,1.05394,0.60602,0.05480,0.01739,0.32179
127.80000,1.05394,0.66414,0.07917,0.01959,0.23710
127.90000,1.05393,0.66593,0.07744,0.02356,0.23307
128.00000,1.05394,0.69172,0.11010,0.03020,0.16798
128.10001,1.05392,0.70927,0.08211,0.02341,0.18521
128.20000,1.05394,0.76978,0.07108,0.01671,0.14243
128.30000,1.05394,0.76178,0.05199,0.01729,0.16893
128.39999,1.05394,0.78339,0.04779,0.01492,0.15390
128.50000,1.05394,0.81348,0.03976,0.01334,0.13343
128.60001,1.05392,0.77046,0.05834,0.01225,0.15894
128.70000,1.05394,0.73588,0.06032,0.01301,0.19079
128.80000,1.05394,0.71442,0.04599,0.01071,0.22888
128.89999,1.05394,0.73616,0.04037,0.00901,0.21445
129.00000,1.05394,0.70851,0.03365,0.00804,0.24981
129.10001,1.05392,0.56510,0.05025,0.00938,0.37527
129.20000,1.05394,0.51355,0.05088,0.00898,0.42659
129.30000,1.05394,0.48155,0.07094,0.01137,0.43614
129.39999,1.05394,0.48251,0.05391,0.00966,0.45391
129.50000,1.05394,0.43033,0.03749,0.01000,0.52218
129.60001,1.05392,0.43406,0.02741,0.00970,0.52883
129.70000,1.05394,0.37315,0.03182,0.01352,0.58151
129.80000,1.05394,0.43073,0.04207,0.01330,0.51391
129.89999,1.05394,0.42640,0.09290,0.01455,0.46615
130.00000,1.05394,0.47045,0.10163,0.01567,0.41225
130.10001,1.05392,0.46865,0.07504,0.01559,0.44072
130.20000,1.05394,0.58055,0.09666,0.01781,0.30498
130.30000,1.05394,0.62963,0.08834,0.01217,0.26986
130.39999,1.05394,0.71981,0.09189,0.01173,0.17657
130.50000,1.05394,0.69106,0.08069,0.01243,0.21582
130.60001,1.05392,0.72888,0.08765,0.01655,0.16692
130.70000,1.05394,0.67636,0.05964,0.01983,0.24416
130.80000,1.05394,0.72748,0.03118,0.02371,0.21763
130.89999,1.05394,0.72981,0.02493,0.01747,0.22779
131.00000,1.05394,0.84625,0.01198,0.01210,0.12968
131.10001,1.05392,0.84019,0.01292,0.01404,0.13285
131.20000,1.05394,0.80607,0.00908,0.01560,0.16924
131.30000,1.05394,0.69149,0.01025,0.01589,0.28237
131.39999,1.05394,0.69136,0.00871,0.01333,0.28660
131.50000,1.05394,0.58071,0.00934,0.01426,0.39569
131.60001,1.05392,0.56537,0.01097,0.01195,0.41171
131.70000,1.05394,0.54717,0.01140,0.01112,0.43032
131.80000,1.05394,0.52019,0.01776,0.01471,0.44734
131.89999,1.05394,0.47962,0.02736,0.01010,0.48291
132.00000,1.05394,0.43903,0.03456,0.01078,0.51563
132.10001,1.05392,0.36756,0.04766,0.01130,0.57348
132.20000,1.05394,0.35502,0.08896,0.01761,0.53842
132.30000,1.05394,0.57492,0.11440,0.01435,0.29633
132.39999,1.05394,0.52026,0.26825,0.01798,0.19350
132.50000,1.05394,0.58877,0.27013,0.01122,0.12988
132.60001,1.05392,0.59868,0.34190,0.00848,0.05094
132.70000,1.05394,0.57321,0.34963,0.01026,0.06690
132.80000,1.05394,0.57607,0.35271,0.00865,0.06257
132.89999,1.05394,0.47840,0.45487,0.00793,0.05881
133.00000,1.05394,0.65991,0.28785,0.00695,0.04529
133.10001,1.05392,0.58383,0.34720,0.00736,0.06161
133.20000,1.05394,0.50387,0.40098,0.00829,0.08687
133.30000,1.05394,0.37257,0.46461,0.01619,0.14664
133.39999,1.05394,0.57620,0.25365,0.01621,0.15394
133.50000,1.05394,0.47432,0.26058,0.01674,0.24836
133.60001,1.05392,0.45411,0.23358,0.02416,0.28814
133.70000,1.05394,0.42927,0.19529,0.02451,0.35093
133.80000,1.05394,0.57878,0.12434,0.01719,0.27968
133.89999,1.05394,0.53015,0.14487,0.01731,0.30767
134.00000,1.05394,0.55260,0.11290,0.01827,0.31623
134.10001,1.05392,0.56044,0.07989,0.01657,0.34310
134.20000,1.05394,0.64644,0.05079,0.01127,0.29151
134.30000,1.05394,0.77965,0.02715,0.00708,0.18613
134.39999,1.05394,0.84554,0.01417,0.00524,0.13506
134.50000,1.05394,0.86761,0.00897,0.00638,0.11703
134.60001,1.05392,0.87718,0.01256,0.00932,0.10094
134.70000,1.05394,0.93818,0.00550,0.00544,0.05087
134.80000,1.05394,0.96216,0.00257,0.00412,0.03116
134.89999,1.05394,0.97787,0.00109,0.00325,0.01779
135.00000,1.05394,0.98651,0.00066,0.00278,0.01004
135.10001,1.05392,0.99420,0.00032,0.00163,0.00385
135.20000,1.05394,0.99698,0.00013,0.00070,0.00219
135.30000,1.05394,0.99646,0.00021,0.00113,0.00220
135.39999,1.05394,0.99659,0.00019,0.00104,0.00218
135.50000,1.05394,0.99677,0.00021,0.00098,0.00205
135.60001,1.05392,0.99737,0.00010,0.00087,0.00166
135.70000,1.05394,0.99425,0.00016,0.00166,0.00393
135.80000,1.05394,0.99296,0.00021,0.00182,0.00501
135.89999,1.05394,0.98966,0.00030,0.00212,0.00792
136.00000,1.05394,0.98209,0.00049,0.00334,0.01407
136.10001,1.05392,0.97175,0.00059,0.00396,0.02370
136.20000,1.05394,0.95435,0.00080,0.00553,0.03933
136.30000,1.05394,0.95471,0.00055,0.00544,0.03930
136.39999,1.05394,0.95891,0.00070,0.00652,0.03388
136.50000,1.05394,0.97707,0.00046,0.00336,0.01911
136.60001,1.05392,0.96560,0.00072,0.00537,0.02831
136.70000,1.05394,0.94759,0.00076,0.00721,0.04445
136.80000,1.05394,0.96254,0.00054,0.00465,0.03228
136.89999,1.05394,0.98460,0.00020,0.00325,0.01195
137.00000,1.05394,0.98632,0.00016,0.00379,0.00973
137.10001,1.05392,0.97825,0.00019,0.00524,0.01632
137.20000,1.05394,0.98399,0.00014,0.00307,0.01281
137.30000,1.05394,0.98431,0.00015,0.00325,0.01229
137.39999,1.05394,0.97151,0.00015,0.00437,0.02396
137.50000,1.05394,0.96259,0.00015,0.00583,0.03143
137.60001,1.05392,0.97760,0.00022,0.00398,0.01820
137.70000,1.05394,0.98332,0.00022,0.00244,0.01403
137.80000,1.05394,0.97423,0.00035,0.00306,0.02236
137.89999,1.05394,0.96115,0.00049,0.00352,0.03483
138.00000,1.05394,0.96272,0.00061,0.00372,0.03295
138.10001,1.05392,0.96542,0.00064,0.00366,0.03027
138.20000,1.05394,0.97277,0.00045,0.00292,0.02386
138.30000,1.05394,0.97146,0.00067,0.00365,0.02422
138.39999,1.05394,0.97590,0.00071,0.00327,0.02012
138.50000,1.05394,0.97523,0.00047,0.00552,0.01879
138.60001,1.05392,0.96992,0.00028,0.00625,0.02355
138.70000,1.05394,0.95985,0.00046,0.00695,0.03274
138.80000,1.05394,0.94808,0.00114,0.00906,0.04172
138.89999,1.05394,0.96629,0.00130,0.00598,0.02643
139.00000,1.05394,0.94404,0.00175,0.00876,0.04545
139.10001,1.05392,0.97266,0.00084,0.00530,0.02121
139.20000,1.05394,0.98311,0.00062,0.00444,0.01182
139.30000,1.05394,0.99013,0.00034,0.00278,0.00675
139.39999,1.05394,0.98380,0.00035,0.00512,0.01072
139.50000,1.05394,0.98783,0.00024,0.00289,0.00904
139.60001,1.05392,0.98802,0.00025,0.00343,0.00831
139.70000,1.05394,0.98747,0.00020,0.00474,0.00759
139.80000,1.05394,0.98429,0.00015,0.00465,0.01091
139.89999,1.05394,0.98510,0.00020,0.00405,0.01066
140.00000,1.05394,0.95770,0.00032,0.00454,0.03743
140.10001,1.05392,0.93640,0.00037,0.00492,0.05831
140.20000,1.05394,0.82786,0.00103,0.00881,0.16230
140.30000,1.05394,0.77106,0.00267,0.00871,0.21756
140.39999,1.05394,0.68593,0.00533,0.00794,0.30079
140.50000,1.05394,0.64674,0.00729,0.00814,0.33783
140.60001,1.05392,0.58169,0.00405,0.00796,0.40631
140.70000,1.05394,0.77558,0.00343,0.00669,0.21429
140.80000,1.05394,0.75769,0.00261,0.00838,0.23132
140.89999,1.05394,0.83431,0.00129,0.00569,0.15870
141.00000,1.05394,0.85796,0.00121,0.00611,0.13472
141.10001,1.05392,0.86498,0.00099,0.00568,0.12836
141.20000,1.05394,0.89369,0.00084,0.00606,0.09942
141.30000,1.05394,0.91488,0.00092,0.00637,0.07783
141.39999,1.05394,0.95642,0.00062,0.00542,0.03754
141.50000,1.05394,0.97843,0.00045,0.00287,0.01825
141.60001,1.05392,0.97773,0.00083,0.00284,0.01861
141.70000,1.05394,0.97964,0.00100,0.00281,0.01655
141.80000,1.05394,0.98193,0.00103,0.00283,0.01420
141.89999,1.05394,0.98913,0.00088,0.00192,0.00807
142.00000,1.05394,0.98688,0.00101,0.00275,0.00936
142.10001,1.05392,0.98539,0.00123,0.00287,0.01052
142.20000,1.05394,0.98708,0.00116,0.00253,0.00923
142.30000,1.05394,0.97408,0.00096,0.00373,0.02124
142.39999,1.05394,0.95223,0.00137,0.00543,0.04098
142.50000,1.05394,0.94197,0.00136,0.00570,0.05097
142.60001,1.05392,0.94011,0.00105,0.00485,0.05399
142.70000,1.05394,0.93704,0.00094,0.00516,0.05686
142.80000,1.05394,0.93840,0.00067,0.00510,0.05582
142.89999,1.05394,0.94052,0.00059,0.00494,0.05395
143.00000,1.05394,0.93980,0.00052,0.00551,0.05417
143.10001,1.05392,0.94824,0.00047,0.00572,0.04557
143.20000,1.05394,0.95194,0.00043,0.00535,0.04228
143.30000,1.05394,0.95915,0.00038,0.00483,0.03564
143.39999,1.05394,0.95438,0.00040,0.00524,0.03998
143.50000,1.05394,0.95206,0.00040,0.00538,0.04216
143.60001,1.05392,0.95039,0.00042,0.00542,0.04378
143.70000,1.05394,0.94693,0.00037,0.00575,0.04695
143.80000,1.05394,0.94150,0.00053,0.00643,0.05154
143.89999,1.05394,0.94858,0.00052,0.00528,0.04562
144.00000,1.05394,0.95522,0.00058,0.00519,0.03901
144.10001,1.05392,0.92555,0.00066,0.00735,0.06645
144.20000,1.05394,0.92838,0.00069,0.00755,0.06337
144.30000,1.05394,0.92996,0.00070,0.00674,0.06260
144.39999,1.05394,0.92717,0.00086,0.00819,0.06377
144.50000,1.05394,0.92566,0.00076,0.00749,0.06608
144.60001,1.05392,0.93653,0.00081,0.00700,0.05566
144.70000,1.05394,0.94237,0.00072,0.00716,0.04975
144.80000,1.05394,0.92548,0.00071,0.00807,0.06575
144.89999,1.05394,0.92488,0.00078,0.00854,0.06580
145.00000,1.05394,0.92938,0.00078,0.00727,0.06257
145.10001,1.05392,0.92578,0.00077,0.00801,0.06544
145.20000,1.05394,0.92059,0.00067,0.00729,0.07145
145.30000,1.05394,0.91609,0.00056,0.00831,0.07503
145.39999,1.05394,0.92357,0.00055,0.00696,0.06892
145.50000,1.05394,0.92265,0.00062,0.00812,0.06861
145.60001,1.05392,0.92619,0.00054,0.00755,0.06572
145.70000,1.05394,0.91597,0.00061,0.00785,0.07557
145.80000,1.05394,0.93962,0.00040,0.00530,0.05468
145.89999,1.05394,0.92347,0.00049,0.00696,0.06908
146.00000,1.05394,0.93252,0.00037,0.00732,0.05979
146.10001,1.05392,0.94693,0.00043,0.00622,0.04642
146.20000,1.05394,0.95258,0.00037,0.00550,0.04156
146.30000,1.05394,0.95941,0.00040,0.00488,0.03530
146.39999,1.05394,0.95623,0.00064,0.00651,0.03662
146.50000,1.05394,0.95723,0.00099,0.00669,0.03509
146.60001,1.05392,0.97554,0.00109,0.00614,0.01723
146.70000,1.05394,0.97694,0.00117,0.00766,0.01423
146.80000,1.05394,0.97330,0.00173,0.00874,0.01623
146.89999,1.05394,0.97773,0.00176,0.00833,0.01218
147.00000,1.05394,0.96628,0.00304,0.01041,0.02027
147.10001,1.05392,0.97318,0.00191,0.00901,0.01591
147.20000,1.05394,0.97103,0.00295,0.00823,0.01780
147.30000,1.05394,0.96845,0.00287,0.01085,0.01782
147.39999,1.05394,0.94342,0.00366,0.01490,0.03801
147.50000,1.05394,0.93058,0.00222,0.01750,0.04970
147.60001,1.05392,0.94278,0.00176,0.01390,0.04156
147.70000,1.05394,0.94906,0.00103,0.01405,0.03586
147.80000,1.05394,0.95825,0.00098,0.01050,0.03027
147.89999,1.05394,0.97179,0.00080,0.00739,0.02001
148.00000,1.05394,0.96708,0.00141,0.00865,0.02287
148.10001,1.05392,0.96456,0.00157,0.00793,0.02594
148.20000,1.05394,0.97837,0.00153,0.00579,0.01432
148.30000,1.05394,0.98131,0.00150,0.00546,0.01172
148.39999,1.05394,0.97443,0.00239,0.01164,0.01154
148.50000,1.05394,0.97550,0.00176,0.00804,0.01470
148.60001,1.05392,0.97580,0.00211,0.00635,0.01574
148.70000,1.05394,0.99247,0.00038,0.00219,0.00497
148.80000,1.05394,0.99142,0.00090,0.00298,0.00470
148.89999,1.05394,0.98644,0.00113,0.00328,0.00916
149.00000,1.05394,0.98762,0.00087,0.00287,0.00864
149.10001,1.05392,0.98837,0.00059,0.00202,0.00902
149.20000,1.05394,0.98308,0.00094,0.00304,0.01294
149.30000,1.05394,0.98307,0.00070,0.00231,0.01393
149.39999,1.05394,0.97775,0.00062,0.00225,0.01938
149.50000,1.05394,0.98159,0.00073,0.00236,0.01532
149.60001,1.05392,0.97622,0.00100,0.00297,0.01981
149.70000,1.05394,0.96029,0.00081,0.00506,0.03384
149.80000,1.05394,0.96236,0.00048,0.00818,0.02898
149.89999,1.05394,0.97541,0.00019,0.00594,0.01845
150.00000,1.05394,0.97524,0.00035,0.00509,0.01932
150.10001,1.05392,0.97698,0.00028,0.00383,0.01890
150.20000,1.05394,0.97782,0.00027,0.00396,0.01795
150.30000,1.05394,0.96588,0.00054,0.00522,0.02836
150.39999,1.05394,0.97185,0.00066,0.00448,0.02301
150.50000,1.05394,0.96320,0.00101,0.00504,0.03074
150.60001,1.05392,0.97064,0.00119,0.00350,0.02468
150.70000,1.05394,0.96918,0.00122,0.00305,0.02654
150.80000,1.05394,0.96326,0.00201,0.00369,0.03103
150.89999,1.05394,0.93644,0.00363,0.00841,0.05153
151.00000,1.05394,0.91883,0.00599,0.01375,0.06143
151.10001,1.05392,0.92114,0.01147,0.01101,0.05638
151.20000,1.05394,0.89579,0.02956,0.01270,0.06195
151.30000,1.05394,0.83666,0.07095,0.01268,0.07972
151.39999,1.05394,0.68973,0.19828,0.01715,0.09484
151.50000,1.05394,0.49305,0.41045,0.01184,0.08466
151.60001,1.05392,0.28122,0.64110,0.00889,0.06879
151.70000,1.05394,0.11984,0.84427,0.00380,0.03209
151.80000,1.05394,0.05564,0.92963,0.00185,0.01289
151.89999,1.05394,0.03150,0.96109,0.00121,0.00619
152.00000,1.05394,0.02785,0.96606,0.00093,0.00516
152.10001,1.05392,0.03256,0.96042,0.00110,0.00592
152.20000,1.05394,0.02483,0.97002,0.00088,0.00427
152.30000,1.05394,0.02887,0.96618,0.00105,0.00390
152.39999,1.05394,0.02628,0.96846,0.00118,0.00408
152.50000,1.05394,0.03528,0.95780,0.00163,0.00529
152.60001,1.05392,0.03778,0.95297,0.00195,0.00730
152.70000,1.05394,0.04805,0.94267,0.00218,0.00711
152.80000,1.05394,0.03846,0.95307,0.00213,0.00635
152.89999,1.05394,0.03549,0.95612,0.00185,0.00655
153.00000,1.05394,0.03533,0.95609,0.00205,0.00653
153.10001,1.05392,0.04136,0.94787,0.00260,0.00816
153.20000,1.05394,0.04400,0.94207,0.00258,0.01135
153.30000,1.05394,0.04776,0.93547,0.00308,0.01369
153.39999,1.05394,0.03840,0.94766,0.00191,0.01204
153.50000,1.05394,0.04488,0.93999,0.00186,0.01326
153.60001,1.05392,0.04700,0.93119,0.00247,0.01934
153.70000,1.05394,0.04892,0.92956,0.00202,0.01951
153.80000,1.05394,0.05830,0.91552,0.00214,0.02404
153.89999,1.05394,0.05179,0.92467,0.00187,0.02167
154.00000,1.05394,0.05587,0.91658,0.00210,0.02545
154.10001,1.05392,0.05257,0.92845,0.00120,0.01777
154.20000,1.05394,0.04081,0.94463,0.00111,0.01346
154.30000,1.05394,0.03700,0.95281,0.00080,0.00940
154.39999,1.05394,0.03445,0.95737,0.00061,0.00757
154.50000,1.05394,0.02030,0.97498,0.00038,0.00434
154.60001,1.05392,0.01264,0.98475,0.00024,0.00237
154.70000,1.05394,0.01586,0.98105,0.00028,0.00281
154.80000,1.05394,0.01039,0.98714,0.00024,0.00224
154.89999,1.05394,0.00987,0.98745,0.00026,0.00242
155.00000,1.05394,0.00981,0.98833,0.00019,0.00168
155.10001,1.05392,0.00893,0.98940,0.00018,0.00149
155.20000,1.05394,0.00778,0.99082,0.00016,0.00124
155.30000,1.05394,0.00765,0.99097,0.00015,0.00123
155.39999,1.05394,0.00798,0.99104,0.00013,0.00085
155.50000,1.05394,0.00781,0.99136,0.00011,0.00072
155.60001,1.05392,0.00715,0.99214,0.00009,0.00063
155.70000,1.05394,0.00739,0.99176,0.00011,0.00074
155.80000,1.05394,0.00724,0.99192,0.00011,0.00073
155.89999,1.05394,0.00846,0.99067,0.00013,0.00074
156.00000,1.05394,0.00782,0.99142,0.00010,0.00066
156.10001,1.05392,0.00806,0.99109,0.00012,0.00073
156.20000,1.05394,0.00998,0.98900,0.00015,0.00088
156.30000,1.05394,0.01075,0.98787,0.00021,0.00117
156.39999,1.05394,0.01079,0.98746,0.00026,0.00149
156.50000,1.05394,0.00918,0.98936,0.00023,0.00123
156.60001,1.05392,0.00788,0.99091,0.00021,0.00100
156.70000,1.05394,0.00954,0.98924,0.00021,0.00101
156.80000,1.05394,0.01030,0.98804,0.00028,0.00138
156.89999,1.05394,0.00957,0.98865,0.00027,0.00151
157.00000,1.05394,0.01014,0.98776,0.00029,0.00181
157.10001,1.05392,0.01012,0.98757,0.00032,0.00199
157.20000,1.05394,0.00982,0.98850,0.00026,0.00142
157.30000,1.05394,0.01342,0.98507,0.00026,0.00126
157.39999,1.05394,0.01474,0.98351,0.00033,0.00142
157.50000,1.05394,0.01298,0.98527,0.00030,0.00145
157.60001,1.05392,0.01436,0.98415,0.00027,0.00122
157.70000,1.05394,0.01044,0.98845,0.00017,0.00094
157.80000,1.05394,0.01018,0.98881,0.00017,0.00083
157.89999,1.05394,0.00758,0.99186,0.00009,0.00046
158.00000,1.05394,0.00885,0.99068,0.00009,0.00038
158.10001,1.05392,0.00861,0.99094,0.00008,0.00038
158.20000,1.05394,0.00638,0.99328,0.00006,0.00028
158.30000,1.05394,0.00478,0.99490,0.00004,0.00028
158.39999,1.05394,0.00494,0.99467,0.00005,0.00034
158.50000,1.05394,0.00519,0.99438,0.00006,0.00037
158.60001,1.05392,0.00464,0.99489,0.00005,0.00041
158.70000,1.05394,0.00537,0.99417,0.00007,0.00040
158.80000,1.05394,0.00413,0.99555,0.00004,0.00029
158.89999,1.05394,0.00358,0.99607,0.00004,0.00031
159.00000,1.05394,0.00349,0.99602,0.00005,0.00044
159.10001,1.05392,0.00482,0.99455,0.00007,0.00056
159.20000,1.05394,0.00453,0.99484,0.00006,0.00056
159.30000,1.05394,0.00475,0.99467,0.00006,0.00053
159.39999,1.05394,0.00466,0.99468,0.00007,0.00059
159.50000,1.05394,0.00419,0.99516,0.00007,0.00058
159.60001,1.05392,0.00581,0.99329,0.00010,0.00080
159.70000,1.05394,0.00805,0.99055,0.00016,0.00124
159.80000,1.05394,0.00867,0.98961,0.00019,0.00154
159.89999,1.05394,0.00925,0.98879,0.00024,0.00172
160.00000,1.05394,0.00955,0.98844,0.00022,0.00178
160.10001,1.05392,0.01036,0.98792,0.00022,0.00150
160.20000,1.05394,0.01725,0.97926,0.00039,0.00310
160.30000,1.05394,0.01649,0.97943,0.00045,0.00363
160.39999,1.05394,0.01620,0.97975,0.00044,0.00362
160.50000,1.05394,0.01936,0.97636,0.00053,0.00375
160.60001,1.05392,0.01468,0.98193,0.00035,0.00304
160.70000,1.05394,0.01536,0.98103,0.00035,0.00326
160.80000,1.05394,0.01364,0.98086,0.00039,0.00511
160.89999,1.05394,0.01640,0.97631,0.00054,0.00675
161.00000,1.05394,0.01619,0.97503,0.00053,0.00824
161.10001,1.05392,0.01906,0.97011,0.00066,0.01018
161.20000,1.05394,0.01175,0.98241,0.00043,0.00541
161.30000,1.05394,0.01213,0.97853,0.00059,0.00875
161.39999,1.05394,0.01669,0.96728,0.00100,0.01503
161.50000,1.05394,0.01748,0.96316,0.00110,0.01826
161.60001,1.05392,0.02441,0.95173,0.00138,0.02248
161.70000,1.05394,0.02264,0.95484,0.00130,0.02122
161.80000,1.05394,0.02536,0.94704,0.00157,0.02603
161.89999,1.05394,0.02527,0.94921,0.00140,0.02412
162.00000,1.05394,0.02354,0.94829,0.00150,0.02667
162.10001,1.05392,0.03074,0.93561,0.00192,0.03172
162.20000,1.05394,0.02483,0.95124,0.00154,0.02239
162.30000,1.05394,0.01928,0.96482,0.00113,0.01477
162.39999,1.05394,0.01898,0.96687,0.00106,0.01308
162.50000,1.05394,0.01865,0.96870,0.00099,0.01166
162.60001,1.05392,0.02049,0.96387,0.00124,0.01440
162.70000,1.05394,0.01612,0.97507,0.00104,0.00777
162.80000,1.05394,0.01514,0.97793,0.00069,0.00624
162.89999,1.05394,0.01340,0.98131,0.00067,0.00462
163.00000,1.05394,0.01183,0.98406,0.00053,0.00358
163.10001,1.05392,0.01260,0.98332,0.00054,0.00354
163.20000,1.05394,0.01336,0.98196,0.00048,0.00421
163.30000,1.05394,0.01770,0.97498,0.00071,0.00661
163.39999,1.05394,0.01364,0.98022,0.00056,0.00558
163.50000,1.05394,0.01404,0.98075,0.00041,0.00480
163.60001,1.05392,0.01345,0.98094,0.00041,0.00520
163.70000,1.05394,0.01189,0.98138,0.00038,0.00635
163.80000,1.05394,0.01469,0.97762,0.00048,0.00721
163.89999,1.05394,0.01500,0.97680,0.00042,0.00778
164.00000,1.05394,0.01512,0.97514,0.00062,0.00911
164.10001,1.05392,0.01543,0.97375,0.00058,0.01024
164.20000,1.05394,0.00824,0.98770,0.00034,0.00372
164.30000,1.05394,0.00772,0.98873,0.00028,0.00327
164.39999,1.05394,0.00895,0.98667,0.00037,0.00401
164.50000,1.05394,0.01185,0.98248,0.00050,0.00517
164.60001,1.05392,0.00789,0.98849,0.00038,0.00325
164.70000,1.05394,0.00725,0.99013,0.00030,0.00233
164.80000,1.05394,0.00646,0.99184,0.00016,0.00155
164.89999,1.05394,0.00552,0.99321,0.00016,0.00112
165.00000,1.05394,0.00557,0.99303,0.00014,0.00125
165.10001,1.05392,0.00539,0.99334,0.00015,0.00112
165.20000,1.05394,0.00705,0.99136,0.00017,0.00142
165.30000,1.05394,0.00536,0.99340,0.00014,0.00111
165.39999,1.05394,0.00667,0.99185,0.00015,0.00134
165.50000,1.05394,0.00562,0.99290,0.00014,0.00133
165.60001,1.05392,0.00720,0.99040,0.00024,0.00216
165.70000,1.05394,0.00541,0.99269,0.00018,0.00172
165.80000,1.05394,0.00524,0.99260,0.00021,0.00195
165.89999,1.05394,0.00607,0.99187,0.00019,0.00187
166.00000,1.05394,0.00576,0.99213,0.00020,0.00191
166.10001,1.05392,0.00468,0.99344,0.00016,0.00172
166.20000,1.05394,0.00549,0.99281,0.00015,0.00154
166.30000,1.05394,0.00464,0.99406,0.00012,0.00118
166.39999,1.05394,0.00513,0.99308,0.00016,0.00163
166.50000,1.05394,0.00599,0.99212,0.00020,0.00169
166.60001,1.05392,0.00658,0.99110,0.00022,0.00209
166.70000,1.05394,0.00671,0.99138,0.00018,0.00173
166.80000,1.05394,0.00646,0.99118,0.00021,0.00215
166.89999,1.05394,0.00583,0.99269,0.00014,0.00133
167.00000,1.05394,0.00655,0.99135,0.00021,0.00190
167.10001,1.05392,0.00812,0.98989,0.00020,0.00179
167.20000,1.05394,0.00766,0.98987,0.00027,0.00219
167.30000,1.05394,0.00899,0.98915,0.00022,0.00163
167.39999,1.05394,0.00754,0.99086,0.00020,0.00140
167.50000,1.05394,0.00801,0.99030,0.00018,0.00152
167.60001,1.05392,0.00803,0.99013,0.00021,0.00163
167.70000,1.05394,0.01043,0.98695,0.00030,0.00233
167.80000,1.05394,0.01186,0.98428,0.00040,0.00346
167.89999,1.05394,0.00960,0.98698,0.00030,0.00312
168.00000,1.05394,0.00816,0.98893,0.00026,0.00265
168.10001,1.05392,0.01099,0.98479,0.00036,0.00387
168.20000,1.05394,0.01738,0.97491,0.00057,0.00714
168.30000,1.05394,0.01587,0.97634,0.00051,0.00728
168.39999,1.05394,0.01188,0.98240,0.00044,0.00528
168.50000,1.05394,0.01288,0.98239,0.00039,0.00434
168.60001,1.05392,0.01556,0.97922,0.00043,0.00479
168.70000,1.05394,0.01394,0.98159,0.00037,0.00411
168.80000,1.05394,0.01776,0.97772,0.00044,0.00407
168.89999,1.05394,0.01970,0.97382,0.00047,0.00601
169.00000,1.05394,0.01630,0.97853,0.00042,0.00474
169.10001,1.05392,0.01134,0.98555,0.00023,0.00287
169.20000,1.05394,0.01239,0.98444,0.00026,0.00291
169.30000,1.05394,0.01057,0.98660,0.00023,0.00260
169.39999,1.05394,0.01264,0.98418,0.00029,0.00290
169.50000,1.05394,0.00953,0.98780,0.00024,0.00242
169.60001,1.05392,0.01069,0.98653,0.00026,0.00252
169.70000,1.05394,0.01003,0.98744,0.00019,0.00233
169.80000,1.05394,0.00771,0.99036,0.00018,0.00175
169.89999,1.05394,0.00740,0.99080,0.00018,0.00162
170.00000,1.05394,0.00683,0.99146,0.00017,0.00155
170.10001,1.05392,0.00617,0.99244,0.00015,0.00124
170.20000,1.05394,0.00607,0.99243,0.00016,0.00134
170.30000,1.05394,0.00572,0.99279,0.00015,0.00133
170.39999,1.05394,0.00505,0.99352,0.00013,0.00130
170.50000,1.05394,0.00669,0.99219,0.00013,0.00099
170.60001,1.05392,0.00935,0.98813,0.00028,0.00224
170.70000,1.05394,0.00891,0.98892,0.00029,0.00187
170.80000,1.05394,0.01128,0.98531,0.00044,0.00297
170.89999,1.05394,0.01411,0.98247,0.00047,0.00295
171.00000,1.05394,0.01508,0.98054,0.00049,0.00389
171.10001,1.05392,0.01351,0.98300,0.00043,0.00305
171.20000,1.05394,0.01822,0.97683,0.00062,0.00433
171.30000,1.05394,0.02375,0.96978,0.00093,0.00555
171.39999,1.05394,0.02902,0.96001,0.00100,0.00998
171.50000,1.05394,0.02631,0.96441,0.00091,0.00837
171.60001,1.05392,0.03137,0.95726,0.00095,0.01042
171.70000,1.05394,0.02858,0.96155,0.00081,0.00906
171.80000,1.05394,0.03277,0.95633,0.00076,0.01015
171.89999,1.05394,0.03649,0.95357,0.00084,0.00909
172.00000,1.05394,0.03850,0.94714,0.00095,0.01341
172.10001,1.05392,0.04349,0.94330,0.00104,0.01216
172.20000,1.05394,0.04366,0.94369,0.00099,0.01166
172.30000,1.05394,0.04547,0.94363,0.00100,0.00990
172.39999,1.05394,0.04589,0.93932,0.00117,0.01363
172.50000,1.05394,0.04328,0.94301,0.00107,0.01264
172.60001,1.05392,0.05432,0.92258,0.00159,0.02151
172.70000,1.05394,0.05808,0.92432,0.00121,0.01639
172.80000,1.05394,0.05174,0.93256,0.00114,0.01455
172.89999,1.05394,0.04638,0.93864,0.00099,0.01400
173.00000,1.05394,0.04006,0.94941,0.00083,0.00971
173.10001,1.05392,0.03139,0.96033,0.00054,0.00774
173.20000,1.05394,0.03026,0.96313,0.00048,0.00613
173.30000,1.05394,0.01735,0.97919,0.00031,0.00315
173.39999,1.05394,0.02004,0.97673,0.00034,0.00289
173.50000,1.05394,0.01563,0.98236,0.00019,0.00183
173.60001,1.05392,0.02049,0.97652,0.00024,0.00275
173.70000,1.05394,0.01193,0.98595,0.00021,0.00191
173.80000,1.05394,0.01085,0.98721,0.00021,0.00173
173.89999,1.05394,0.01031,0.98795,0.00018,0.00156
174.00000,1.05394,0.01476,0.98235,0.00027,0.00262
174.10001,1.05392,0.01521,0.98141,0.00036,0.00302
174.20000,1.05394,0.01231,0.98440,0.00030,0.00299
174.30000,1.05394,0.01182,0.98470,0.00034,0.00314
174.39999,1.05394,0.01157,0.98354,0.00037,0.00452
174.50000,1.05394,0.01258,0.98078,0.00056,0.00608
174.60001,1.05392,0.01083,0.98442,0.00043,0.00432
174.70000,1.05394,0.01494,0.97730,0.00070,0.00706
174.80000,1.05394,0.01796,0.96909,0.00092,0.01202
174.89999,1.05394,0.02653,0.95389,0.00144,0.01813
175.00000,1.05394,0.01561,0.97220,0.00097,0.01122
175.10001,1.05392,0.01913,0.96646,0.00113,0.01327
175.20000,1.05394,0.02155,0.96382,0.00155,0.01308
175.30000,1.05394,0.02361,0.96074,0.00167,0.01399
175.39999,1.05394,0.03233,0.95351,0.00246,0.01170
175.50000,1.05394,0.03758,0.94528,0.00266,0.01449
175.60001,1.05392,0.03871,0.93895,0.00349,0.01885
175.70000,1.05394,0.02752,0.95629,0.00239,0.01380
175.80000,1.05394,0.03103,0.95846,0.00198,0.00854
175.89999,1.05394,0.02577,0.96222,0.00172,0.01030
176.00000,1.05394,0.02769,0.95999,0.00224,0.01008
176.10001,1.05392,0.02231,0.96628,0.00165,0.00976
176.20000,1.05394,0.02411,0.96631,0.00144,0.00814
176.30000,1.05394,0.02634,0.95876,0.00156,0.01335
176.39999,1.05394,0.02302,0.96601,0.00099,0.00997
176.50000,1.05394,0.02009,0.96832,0.00115,0.01044
176.60001,1.05392,0.01659,0.97587,0.00075,0.00679
176.70000,1.05394,0.02311,0.96596,0.00126,0.00967
176.80000,1.05394,0.02396,0.96448,0.00119,0.01037
176.89999,1.05394,0.01861,0.97426,0.00091,0.00622
177.00000,1.05394,0.01609,0.97713,0.00073,0.00606
177.10001,1.05392,0.01570,0.97907,0.00064,0.00458
177.20000,1.05394,0.01181,0.98452,0.00046,0.00321
177.30000,1.05394,0.01173,0.98583,0.00030,0.00213
177.39999,1.05394,0.01485,0.98158,0.00041,0.00316
177.50000,1.05394,0.01317,0.98365,0.00033,0.00284
177.60001,1.05392,0.01621,0.98065,0.00039,0.00275
177.70000,1.05394,0.01487,0.98171,0.00034,0.00309
177.80000,1.05394,0.01672,0.97970,0.00038,0.00320
177.89999,1.05394,0.01460,0.98150,0.00031,0.00359
178.00000,1.05394,0.01363,0.98275,0.00033,0.00328
178.10001,1.05392,0.01732,0.97789,0.00039,0.00440
178.20000,1.05394,0.01906,0.97610,0.00042,0.00442
178.30000,1.05394,0.02365,0.96928,0.00049,0.00657
178.39999,1.05394,0.01703,0.97671,0.00046,0.00580
178.50000,1.05394,0.02027,0.96995,0.00049,0.00929
178.60001,1.05392,0.01347,0.97526,0.00044,0.01082
178.70000,1.05394,0.02041,0.96083,0.00068,0.01808
178.80000,1.05394,0.02184,0.95865,0.00070,0.01881
178.89999,1.05394,0.02908,0.94270,0.00101,0.02721
179.00000,1.05394,0.03766,0.91889,0.00140,0.04205
179.10001,1.05392,0.04255,0.90018,0.00168,0.05559
179.20000,1.05394,0.05994,0.85773,0.00224,0.08008
179.30000,1.05394,0.05386,0.87492,0.00226,0.06897
179.39999,1.05394,0.06981,0.85082,0.00245,0.07692
179.50000,1.05394,0.04734,0.90914,0.00218,0.04134
179.60001,1.05392,0.06123,0.89660,0.00197,0.04020
179.70000,1.05394,0.04419,0.93303,0.00131,0.02147
179.80000,1.05394,0.04175,0.93977,0.00098,0.01749
179.89999,1.05394,0.04242,0.94204,0.00088,0.01466
180.00000,1.05394,0.04319,0.94297,0.00076,0.01309
180.10001,1.05392,0.03236,0.95834,0.00054,0.00876
180.20000,1.05394,0.02100,0.97323,0.00034,0.00543
180.30000,1.05394,0.02110,0.97331,0.00036,0.00523
180.39999,1.05394,0.01965,0.97545,0.00031,0.00458
180.50000,1.05394,0.01693,0.97850,0.00026,0.00430
180.60001,1.05392,0.01524,0.98025,0.00028,0.00423
180.70000,1.05394,0.01667,0.97801,0.00034,0.00498
180.80000,1.05394,0.01769,0.97682,0.00034,0.00515
180.89999,1.05394,0.01355,0.98224,0.00028,0.00392
181.00000,1.05394,0.02135,0.97089,0.00045,0.00732
181.10001,1.05392,0.02758,0.96341,0.00051,0.00850
181.20000,1.05394,0.03501,0.94999,0.00065,0.01435
181.30000,1.05394,0.05527,0.92705,0.00085,0.01682
181.39999,1.05394,0.07473,0.89685,0.00114,0.02727
181.50000,1.05394,0.05863,0.91973,0.00123,0.02042
181.60001,1.05392,0.06039,0.91988,0.00087,0.01886
181.70000,1.05394,0.05941,0.92519,0.00078,0.01463
181.80000,1.05394,0.05133,0.93480,0.00066,0.01322
181.89999,1.05394,0.04516,0.94280,0.00070,0.01134
182.00000,1.05394,0.02628,0.96675,0.00037,0.00660
182.10001,1.05392,0.02670,0.96742,0.00035,0.00554
182.20000,1.05394,0.02090,0.97408,0.00027,0.00475
182.30000,1.05394,0.01208,0.98523,0.00019,0.00250
182.39999,1.05394,0.00910,0.98820,0.00019,0.00251
182.50000,1.05394,0.00872,0.98832,0.00021,0.00275
182.60001,1.05392,0.00922,0.98682,0.00026,0.00371
182.70000,1.05394,0.01156,0.98338,0.00030,0.00476
182.80000,1.05394,0.01490,0.97645,0.00055,0.00810
182.89999,1.05394,0.01710,0.97402,0.00059,0.00829
183.00000,1.05394,0.02082,0.96785,0.00071,0.01062
183.10001,1.05392,0.01863,0.96997,0.00080,0.01060
183.20000,1.05394,0.02265,0.95993,0.00139,0.01603
183.30000,1.05394,0.03051,0.95004,0.00170,0.01775
183.39999,1.05394,0.03065,0.93871,0.00229,0.02835
183.50000,1.05394,0.04991,0.91330,0.00373,0.03306
183.60001,1.05392,0.05110,0.90940,0.00450,0.03500
183.70000,1.05394,0.03274,0.94860,0.00297,0.01569
183.80000,1.05394,0.03507,0.94165,0.00292,0.02036
183.89999,1.05394,0.03442,0.94026,0.00337,0.02195
184.00000,1.05394,0.02246,0.96411,0.00176,0.01167
184.10001,1.05392,0.01254,0.98115,0.00073,0.00558
184.20000,1.05394,0.00932,0.98767,0.00036,0.00265
184.30000,1.05394,0.00666,0.99072,0.00029,0.00233
184.39999,1.05394,0.00432,0.99430,0.00016,0.00121
184.50000,1.05394,0.00192,0.99736,0.00005,0.00067
184.60001,1.05392,0.00133,0.99820,0.00004,0.00042
184.70000,1.05394,0.00097,0.99865,0.00003,0.00036
184.80000,1.05394,0.00065,0.99914,0.00002,0.00019
184.89999,1.05394,0.00056,0.99922,0.00001,0.00020
185.00000,1.05394,0.00048,0.99930,0.00001,0.00021
185.10001,1.05392,0.00047,0.99931,0.00001,0.00021
185.20000,1.05394,0.00036,0.99946,0.00001,0.00017
185.30000,1.05394,0.00035,0.99945,0.00001,0.00018
185.39999,1.05394,0.00046,0.99922,0.00002,0.00030
185.50000,1.05394,0.00047,0.99914,0.00002,0.00037
185.60001,1.05392,0.00047,0.99915,0.00002,0.00036
185.70000,1.05394,0.00055,0.99910,0.00003,0.00033
185.80000,1.05394,0.00060,0.99899,0.00003,0.00038
185.89999,1.05394,0.00087,0.99850,0.00006,0.00056
186.00000,1.05394,0.00109,0.99805,0.00009,0.00077
186.10001,1.05392,0.00187,0.99669,0.00021,0.00124
186.20000,1.05394,0.00195,0.99657,0.00022,0.00126
186.30000,1.05394,0.00250,0.99554,0.00034,0.00162
186.39999,1.05394,0.00199,0.99661,0.00021,0.00118
186.50000,1.05394,0.00245,0.99577,0.00031,0.00148
186.60001,1.05392,0.00260,0.99577,0.00028,0.00135
186.70000,1.05394,0.00206,0.99690,0.00016,0.00089
186.80000,1.05394,0.00162,0.99766,0.00008,0.00063
186.89999,1.05394,0.00161,0.99780,0.00007,0.00053
187.00000,1.05394,0.00183,0.99746,0.00008,0.00062
187.10001,1.05392,0.00143,0.99817,0.00004,0.00036
187.20000,1.05394,0.00153,0.99820,0.00003,0.00025
187.30000,1.05394,0.00127,0.99853,0.00002,0.00018
187.39999,1.05394,0.00145,0.99832,0.00002,0.00020
187.50000,1.05394,0.00125,0.99859,0.00001,0.00014
187.60001,1.05392,0.00166,0.99816,0.00002,0.00017
187.70000,1.05394,0.00136,0.99848,0.00001,0.00014
187.80000,1.05394,0.00145,0.99841,0.00002,0.00013
187.89999,1.05394,0.00120,0.99864,0.00001,0.00014
188.00000,1.05394,0.00147,0.99839,0.00001,0.00012
188.10001,1.05392,0.00148,0.99839,0.00001,0.00011
188.20000,1.05394,0.00160,0.99825,0.00001,0.00013
188.30000,1.05394,0.00160,0.99825,0.00002,0.00013
188.39999,1.05394,0.00183,0.99802,0.00002,0.00013
188.50000,1.05394,0.00208,0.99773,0.00002,0.00017
188.60001,1.05392,0.00236,0.99738,0.00002,0.00023
188.70000,1.05394,0.00291,0.99670,0.00004,0.00035
188.80000,1.05394,0.00278,0.99674,0.00005,0.00043
188.89999,1.05394,0.00386,0.99529,0.00011,0.00074
189.00000,1.05394,0.00428,0.99452,0.00016,0.00104
189.10001,1.05392,0.00632,0.99171,0.00033,0.00163
189.20000,1.05394,0.00831,0.98844,0.00055,0.00270
189.30000,1.05394,0.01234,0.98181,0.00114,0.00471
189.39999,1.05394,0.01398,0.97711,0.00189,0.00702
189.50000,1.05394,0.01640,0.97417,0.00255,0.00687
189.60001,1.05392,0.01605,0.97463,0.00249,0.00683
189.70000,1.05394,0.01869,0.96736,0.00410,0.00986
189.80000,1.05394,0.01992,0.96598,0.00451,0.00959
189.89999,1.05394,0.01755,0.97189,0.00331,0.00725
190.00000,1.05394,0.01608,0.97658,0.00245,0.00489
190.10001,1.05392,0.01411,0.98018,0.00178,0.00393
190.20000,1.05394,0.01044,0.98540,0.00121,0.00296
190.30000,1.05394,0.01056,0.98587,0.00097,0.00260
190.39999,1.05394,0.01080,0.98555,0.00106,0.00258
190.50000,1.05394,0.01349,0.98242,0.00122,0.00288
190.60001,1.05392,0.00953,0.98720,0.00092,0.00235
190.70000,1.05394,0.00988,0.98731,0.00067,0.00213
190.80000,1.05394,0.00787,0.98986,0.00053,0.00174
190.89999,1.05394,0.00837,0.98896,0.00059,0.00209
191.00000,1.05394,0.00793,0.98929,0.00060,0.00218
191.10001,1.05392,0.00932,0.98744,0.00070,0.00254
191.20000,1.05394,0.00739,0.98959,0.00056,0.00246
191.30000,1.05394,0.00712,0.99011,0.00051,0.00227
191.39999,1.05394,0.00661,0.99036,0.00046,0.00258
191.50000,1.05394,0.00615,0.99121,0.00044,0.00219
191.60001,1.05392,0.00539,0.99190,0.00039,0.00231
191.70000,1.05394,0.00570,0.99185,0.00043,0.00203
191.80000,1.05394,0.00600,0.99047,0.00054,0.00300
191.89999,1.05394,0.00738,0.98904,0.00062,0.00295
192.00000,1.05394,0.00812,0.98744,0.00074,0.00370
192.10001,1.05392,0.00820,0.98722,0.00085,0.00374
192.20000,1.05394,0.01011,0.98520,0.00088,0.00381
192.30000,1.05394,0.00971,0.98620,0.00089,0.00320
192.39999,1.05394,0.01187,0.98289,0.00111,0.00413
192.50000,1.05394,0.00991,0.98542,0.00106,0.00360
192.60001,1.05392,0.01255,0.98192,0.00118,0.00435
192.70000,1.05394,0.01191,0.98256,0.00120,0.00432
192.80000,1.05394,0.01272,0.98126,0.00125,0.00478
192.89999,1.05394,0.01285,0.98088,0.00126,0.00501
193.00000,1.05394,0.01500,0.97845,0.00144,0.00512
193.10001,1.05392,0.01294,0.98005,0.00153,0.00549
193.20000,1.05394,0.01281,0.97986,0.00156,0.00577
193.30000,1.05394,0.01488,0.97817,0.00180,0.00515
193.39999,1.05394,0.01582,0.97751,0.00175,0.00492
193.50000,1.05394,0.01248,0.98172,0.00151,0.00428
193.60001,1.05392,0.01121,0.98439,0.00119,0.00321
193.70000,1.05394,0.01252,0.98282,0.00135,0.00331
193.80000,1.05394,0.01191,0.98376,0.00121,0.00312
193.89999,1.05394,0.01028,0.98616,0.00106,0.00250
194.00000,1.05394,0.00858,0.98854,0.00080,0.00209
194.10001,1.05392,0.00775,0.98974,0.00065,0.00186
194.20000,1.05394,0.00740,0.99037,0.00065,0.00159
194.30000,1.05394,0.00807,0.98993,0.00059,0.00141
194.39999,1.05394,0.00791,0.98993,0.00068,0.00148
194.50000,1.05394,0.00742,0.99071,0.00053,0.00133
194.60001,1.05392,0.00853,0.98966,0.00057,0.00125
194.70000,1.05394,0.00684,0.99138,0.00044,0.00133
194.80000,1.05394,0.00796,0.99010,0.00052,0.00142
194.89999,1.05394,0.00807,0.98978,0.00050,0.00165
195.00000,1.05394,0.00786,0.99012,0.00046,0.00155
195.10001,1.05392,0.00688,0.99081,0.00045,0.00186
195.20000,1.05394,0.00650,0.99164,0.00036,0.00150
195.30000,1.05394,0.00663,0.99114,0.00037,0.00185
195.39999,1.05394,0.00547,0.99245,0.00036,0.00171
195.50000,1.05394,0.00684,0.99065,0.00044,0.00208
195.60001,1.05392,0.00629,0.99167,0.00039,0.00164
195.70000,1.05394,0.00650,0.99118,0.00041,0.00191
195.80000,1.05394,0.00598,0.99205,0.00038,0.00158
195.89999,1.05394,0.00582,0.99262,0.00032,0.00124
196.00000,1.05394,0.00581,0.99262,0.00030,0.00127
196.10001,1.05392,0.00507,0.99352,0.00025,0.00116
196.20000,1.05394,0.00580,0.99271,0.00027,0.00121
196.30000,1.05394,0.00481,0.99374,0.00025,0.00119
196.39999,1.05394,0.00585,0.99276,0.00025,0.00115
196.50000,1.05394,0.00452,0.99430,0.00018,0.00099
196.60001,1.05392,0.00437,0.99478,0.00013,0.00072
196.70000,1.05394,0.00381,0.99519,0.00015,0.00085
196.80000,1.05394,0.00404,0.99512,0.00013,0.00072
196.89999,1.05394,0.00371,0.99536,0.00014,0.00079
197.00000,1.05394,0.00410,0.99486,0.00016,0.00088
197.10001,1.05392,0.00389,0.99505,0.00015,0.00091
197.20000,1.05394,0.00312,0.99613,0.00011,0.00064
197.30000,1.05394,0.00389,0.99519,0.00014,0.00078
197.39999,1.05394,0.00390,0.99507,0.00017,0.00086
197.50000,1.05394,0.00414,0.99479,0.00018,0.00089
197.60001,1.05392,0.00434,0.99423,0.00024,0.00119
197.70000,1.05394,0.00543,0.99331,0.00023,0.00103
197.80000,1.05394,0.00496,0.99367,0.00025,0.00112
197.89999,1.05394,0.00548,0.99301,0.00026,0.00126
198.00000,1.05394,0.00586,0.99247,0.00028,0.00139
198.10001,1.05392,0.00645,0.99155,0.00034,0.00165
198.20000,1.05394,0.00714,0.99031,0.00047,0.00207
198.30000,1.05394,0.00775,0.98982,0.00043,0.00199
198.39999,1.05394,0.00754,0.98950,0.00053,0.00242
198.50000,1.05394,0.00819,0.98873,0.00059,0.00249
198.60001,1.05392,0.00883,0.98754,0.00066,0.00297
198.70000,1.05394,0.01179,0.98494,0.00065,0.00262
198.80000,1.05394,0.01139,0.98406,0.00096,0.00359
198.89999,1.05394,0.01138,0.98508,0.00081,0.00272
199.00000,1.05394,0.00963,0.98739,0.00072,0.00227
199.10001,1.05392,0.00892,0.98893,0.00047,0.00167
199.20000,1.05394,0.00966,0.98779,0.00062,0.00194
199.30000,1.05394,0.00854,0.98923,0.00052,0.00172
199.39999,1.05394,0.00864,0.98909,0.00059,0.00167
199.50000,1.05394,0.00690,0.99132,0.00041,0.00137
199.60001,1.05392,0.00638,0.99241,0.00028,0.00093
199.70000,1.05394,0.00382,0.99556,0.00013,0.00049
199.80000,1.05394,0.00365,0.99567,0.00014,0.00054
199.89999,1.05394,0.00312,0.99634,0.00010,0.00043
200.00000,1.05394,0.00351,0.99604,0.00010,0.00035
200.10001,1.05392,0.00308,0.99660,0.00007,0.00026
200.20000,1.05394,0.00328,0.99643,0.00007,0.00022
200.30000,1.05394,0.00381,0.99592,0.00007,0.00020
200.39999,1.05394,0.00357,0.99626,0.00004,0.00014
200.50000,1.05394,0.00447,0.99531,0.00006,0.00016
200.60001,1.05392,0.00677,0.99291,0.00009,0.00023
200.70000,1.05394,0.00920,0.99029,0.00017,0.00034
200.80000,1.05394,0.01005,0.98942,0.00016,0.00037
200.89999,1.05394,0.01088,0.98863,0.00017,0.00032
201.00000,1.05394,0.00750,0.99206,0.00012,0.00032
201.10001,1.05392,0.00761,0.99188,0.00014,0.00036
201.20000,1.05394,0.00612,0.99340,0.00011,0.00037
201.30000,1.05394,0.00576,0.99376,0.00012,0.00036
201.39999,1.05394,0.00564,0.99387,0.00011,0.00038
201.50000,1.05394,0.00397,0.99550,0.00010,0.00043
201.60001,1.05392,0.00227,0.99749,0.00004,0.00020
201.70000,1.05394,0.00169,0.99816,0.00003,0.00012
201.80000,1.05394,0.00231,0.99750,0.00004,0.00016
201.89999,1.05394,0.00154,0.99827,0.00003,0.00016
202.00000,1.05394,0.00199,0.99780,0.00004,0.00018
202.10001,1.05392,0.00201,0.99769,0.00005,0.00025
202.20000,1.05394,0.00254,0.99710,0.00007,0.00029
202.30000,1.05394,0.00285,0.99668,0.00009,0.00039
202.39999,1.05394,0.00344,0.99572,0.00016,0.00067
202.50000,1.05394,0.00531,0.99315,0.00030,0.00123
202.60001,1.05392,0.00628,0.99168,0.00036,0.00168
202.70000,1.05394,0.00974,0.98583,0.00086,0.00357
202.80000,1.05394,0.01028,0.98430,0.00098,0.00443
202.89999,1.05394,0.01378,0.97781,0.00164,0.00677
203.00000,1.05394,0.01286,0.97831,0.00153,0.00730
203.10001,1.05392,0.01637,0.97303,0.00201,0.00859
203.20000,1.05394,0.01563,0.97524,0.00176,0.00737
203.30000,1.05394,0.01660,0.97164,0.00242,0.00934
203.39999,1.05394,0.01571,0.97353,0.00218,0.00857
203.50000,1.05394,0.01826,0.96967,0.00280,0.00928
203.60001,1.05392,0.01615,0.97418,0.00222,0.00745
203.70000,1.05394,0.01839,0.97068,0.00283,0.00810
203.80000,1.05394,0.01570,0.97466,0.00243,0.00720
203.89999,1.05394,0.01922,0.97004,0.00291,0.00784
204.00000,1.05394,0.01734,0.97132,0.00290,0.00845
204.10001,1.05392,0.01746,0.97040,0.00326,0.00889
204.20000,1.05394,0.01700,0.97437,0.00220,0.00643
204.30000,1.05394,0.01410,0.98005,0.00157,0.00428
204.39999,1.05394,0.01112,0.98388,0.00130,0.00370
204.50000,1.05394,0.01007,0.98562,0.00113,0.00318
204.60001,1.05392,0.00844,0.98833,0.00073,0.00250
204.70000,1.05394,0.00581,0.99194,0.00047,0.00179
204.80000,1.05394,0.00601,0.99202,0.00041,0.00156
204.89999,1.05394,0.00446,0.99407,0.00029,0.00118
205.00000,1.05394,0.00461,0.99421,0.00023,0.00095
205.10001,1.05392,0.00425,0.99449,0.00022,0.00104
205.20000,1.05394,0.00570,0.99266,0.00033,0.00131
205.30000,1.05394,0.00620,0.99173,0.00041,0.00166
205.39999,1.05394,0.00717,0.99045,0.00047,0.00191
205.50000,1.05394,0.01073,0.98526,0.00081,0.00319
205.60001,1.05392,0.01322,0.98106,0.00117,0.00455
205.70000,1.05394,0.02409,0.96717,0.00200,0.00674
205.80000,1.05394,0.02576,0.96058,0.00315,0.01051
205.89999,1.05394,0.03760,0.93935,0.00588,0.01717
206.00000,1.05394,0.03847,0.94144,0.00522,0.01487
206.10001,1.05392,0.04322,0.93330,0.00588,0.01760
206.20000,1.05394,0.04999,0.92585,0.00601,0.01814
206.30000,1.05394,0.06032,0.90601,0.00858,0.02509
206.39999,1.05394,0.04479,0.93261,0.00565,0.01695
206.50000,1.05394,0.05067,0.91963,0.00812,0.02158
206.60001,1.05392,0.03979,0.93785,0.00557,0.01679
206.70000,1.05394,0.03598,0.94213,0.00553,0.01635
206.80000,1.05394,0.02826,0.95321,0.00480,0.01373
206.89999,1.05394,0.02532,0.95799,0.00399,0.01270
207.00000,1.05394,0.02172,0.96299,0.00359,0.01170
207.10001,1.05392,0.01893,0.96749,0.00260,0.01097
207.20000,1.05394,0.01366,0.97717,0.00176,0.00742
207.30000,1.05394,0.00882,0.98591,0.00094,0.00433
207.39999,1.05394,0.00675,0.98896,0.00067,0.00362
207.50000,1.05394,0.00659,0.98976,0.00063,0.00302
207.60001,1.05392,0.00577,0.99095,0.00050,0.00278
207.70000,1.05394,0.00509,0.99249,0.00037,0.00205
207.80000,1.05394,0.00574,0.99112,0.00045,0.00269
207.89999,1.05394,0.00640,0.98941,0.00056,0.00363
208.00000,1.05394,0.00696,0.98836,0.00067,0.00402
208.10001,1.05392,0.00719,0.98910,0.00054,0.00316
208.20000,1.05394,0.00804,0.98768,0.00067,0.00361
208.30000,1.05394,0.00949,0.98526,0.00084,0.00441
208.39999,1.05394,0.01046,0.98368,0.00097,0.00489
208.50000,1.05394,0.01174,0.98271,0.00089,0.00467
208.60001,1.05392,0.01184,0.98282,0.00089,0.00445
208.70000,1.05394,0.01313,0.98101,0.00099,0.00487
208.80000,1.05394,0.01008,0.98584,0.00067,0.00340
208.89999,1.05394,0.01103,0.98498,0.00070,0.00330
209.00000,1.05394,0.00993,0.98658,0.00056,0.00293
209.10001,1.05392,0.01306,0.98240,0.00087,0.00367
209.20000,1.05394,0.01361,0.98190,0.00070,0.00379
209.30000,1.05394,0.01534,0.97960,0.00096,0.00411
209.39999,1.05394,0.01304,0.98139,0.00090,0.00468
209.50000,1.05394,0.01272,0.98184,0.00090,0.00454
209.60001,1.05392,0.01291,0.98155,0.00080,0.00473
209.70000,1.05394,0.01352,0.98030,0.00093,0.00525
209.80000,1.05394,0.01200,0.98091,0.00102,0.00608
209.89999,1.05394,0.01162,0.98268,0.00074,0.00496
210.00000,1.05394,0.01029,0.98359,0.00074,0.00537
210.10001,1.05392,0.01159,0.98197,0.00087,0.00557
210.20000,1.05394,0.01072,0.98215,0.00088,0.00624
210.30000,1.05394,0.01465,0.97574,0.00122,0.00839
210.39999,1.05394,0.01447,0.97611,0.00110,0.00831
210.50000,1.05394,0.01840,0.97078,0.00161,0.00920
210.60001,1.05392,0.01968,0.96843,0.00150,0.01040
210.70000,1.05394,0.02329,0.96083,0.00248,0.01340
210.80000,1.05394,0.02638,0.95848,0.00217,0.01296
210.89999,1.05394,0.02552,0.95979,0.00258,0.01211
211.00000,1.05394,0.04220,0.93593,0.00284,0.01903
211.10001,1.05392,0.07055,0.89349,0.00442,0.03153
211.20000,1.05394,0.18075,0.76041,0.00598,0.05287
211.30000,1.05394,0.37149,0.53189,0.00898,0.08764
211.39999,1.05394,0.61384,0.24965,0.01252,0.12399
211.50000,1.05394,0.75650,0.10782,0.01239,0.12330
211.60001,1.05392,0.82967,0.05083,0.01113,0.10837
211.70000,1.05394,0.87363,0.01798,0.01064,0.09774
211.80000,1.05394,0.91075,0.00459,0.00774,0.07692
211.89999,1.05394,0.92768,0.00204,0.00774,0.06254
212.00000,1.05394,0.95055,0.00087,0.00665,0.04193
212.10001,1.05392,0.97349,0.00039,0.00446,0.02166
212.20000,1.05394,0.98036,0.00027,0.00362,0.01575
212.30000,1.05394,0.98071,0.00027,0.00348,0.01553
212.39999,1.05394,0.97905,0.00025,0.00330,0.01740
212.50000,1.05394,0.97809,0.00027,0.00386,0.01778
212.60001,1.05392,0.98186,0.00020,0.00346,0.01449
212.70000,1.05394,0.98010,0.00026,0.00372,0.01593
212.80000,1.05394,0.98059,0.00026,0.00350,0.01566
212.89999,1.05394,0.98006,0.00030,0.00377,0.01587
213.00000,1.05394,0.97921,0.00029,0.00377,0.01673
213.10001,1.05392,0.97492,0.00030,0.00431,0.02046
213.20000,1.05394,0.97766,0.00027,0.00395,0.01812
213.30000,1.05394,0.97885,0.00024,0.00390,0.01701
213.39999,1.05394,0.98150,0.00027,0.00368,0.01454
213.50000,1.05394,0.98344,0.00025,0.00321,0.01309
213.60001,1.05392,0.98531,0.00024,0.00315,0.01130
213.70000,1.05394,0.98864,0.00020,0.00250,0.00866
213.80000,1.05394,0.99025,0.00020,0.00244,0.00711
213.89999,1.05394,0.99026,0.00019,0.00245,0.00710
214.00000,1.05394,0.99122,0.00020,0.00226,0.00632
214.10001,1.05392,0.99218,0.00020,0.00208,0.00554
214.20000,1.05394,0.99283,0.00024,0.00196,0.00497
214.30000,1.05394,0.99354,0.00024,0.00179,0.00444
214.39999,1.05394,0.99371,0.00027,0.00183,0.00420
214.50000,1.05394,0.99346,0.00032,0.00182,0.00439
214.60001,1.05392,0.99306,0.00038,0.00182,0.00474
214.70000,1.05394,0.99116,0.00047,0.00224,0.00612
214.80000,1.05394,0.99074,0.00055,0.00220,0.00650
214.89999,1.05394,0.98764,0.00068,0.00259,0.00909
215.00000,1.05394,0.98488,0.00083,0.00283,0.01147
215.10001,1.05392,0.98577,0.00069,0.00275,0.01078
215.20000,1.05394,0.98103,0.00075,0.00321,0.01501
215.30000,1.05394,0.98314,0.00074,0.00292,0.01319
215.39999,1.05394,0.98268,0.00065,0.00288,0.01379
215.50000,1.05394,0.98077,0.00063,0.00358,0.01502
215.60001,1.05392,0.98285,0.00051,0.00304,0.01360
215.70000,1.05394,0.98801,0.00037,0.00245,0.00917
215.80000,1.05394,0.98504,0.00030,0.00304,0.01162
215.89999,1.05394,0.98730,0.00017,0.00244,0.01009
216.00000,1.05394,0.99107,0.00011,0.00195,0.00687
216.10001,1.05392,0.98846,0.00013,0.00208,0.00933
216.20000,1.05394,0.99127,0.00009,0.00171,0.00693
216.30000,1.05394,0.98611,0.00011,0.00203,0.01176
216.39999,1.05394,0.98676,0.00009,0.00205,0.01110
216.50000,1.05394,0.98410,0.00013,0.00206,0.01372
216.60001,1.05392,0.98559,0.00010,0.00215,0.01216
216.70000,1.05394,0.97277,0.00016,0.00327,0.02379
216.80000,1.05394,0.97987,0.00022,0.00332,0.01659
216.89999,1.05394,0.98036,0.00020,0.00267,0.01677
217.00000,1.05394,0.98193,0.00023,0.00285,0.01499
217.10001,1.05392,0.97988,0.00026,0.00289,0.01697
217.20000,1.05394,0.98135,0.00028,0.00305,0.01532
217.30000,1.05394,0.98111,0.00031,0.00308,0.01550
217.39999,1.05394,0.98166,0.00029,0.00309,0.01495
217.50000,1.05394,0.98004,0.00029,0.00355,0.01612
217.60001,1.05392,0.97945,0.00041,0.00362,0.01653
217.70000,1.05394,0.98310,0.00034,0.00322,0.01334
217.80000,1.05394,0.97998,0.00043,0.00356,0.01603
217.89999,1.05394,0.98295,0.00036,0.00299,0.01370
218.00000,1.05394,0.98163,0.00035,0.00316,0.01486
218.10001,1.05392,0.98046,0.00038,0.00334,0.01582
218.20000,1.05394,0.97952,0.00040,0.00336,0.01672
218.30000,1.05394,0.98000,0.00040,0.00329,0.01630
218.39999,1.05394,0.98232,0.00048,0.00314,0.01406
218.50000,1.05394,0.98286,0.00044,0.00307,0.01363
218.60001,1.05392,0.98530,0.00040,0.00269,0.01162
218.70000,1.05394,0.98573,0.00036,0.00281,0.01110
218.80000,1.05394,0.98729,0.00038,0.00282,0.00951
218.89999,1.05394,0.98819,0.00040,0.00261,0.00880
219.00000,1.05394,0.98949,0.00036,0.00233,0.00781
219.10001,1.05392,0.98939,0.00035,0.00226,0.00800
219.20000,1.05394,0.99137,0.00030,0.00192,0.00641
219.30000,1.05394,0.98945,0.00032,0.00216,0.00806
219.39999,1.05394,0.98916,0.00034,0.00233,0.00817
219.50000,1.05394,0.98716,0.00041,0.00256,0.00986
219.60001,1.05392,0.98555,0.00046,0.00277,0.01122
219.70000,1.05394,0.98413,0.00054,0.00323,0.01210
219.80000,1.05394,0.98196,0.00049,0.00316,0.01439
219.89999,1.05394,0.97873,0.00053,0.00380,0.01693
220.00000,1.05394,0.98036,0.00052,0.00348,0.01564
220.10001,1.05392,0.98358,0.00043,0.00315,0.01284
220.20000,1.05394,0.98177,0.00051,0.00355,0.01417
220.30000,1.05394,0.98161,0.00052,0.00334,0.01453
220.39999,1.05394,0.98373,0.00041,0.00309,0.01277
220.50000,1.05394,0.98341,0.00038,0.00308,0.01313
220.60001,1.05392,0.98487,0.00034,0.00272,0.01207
220.70000,1.05394,0.98373,0.00039,0.00321,0.01268
220.80000,1.05394,0.98627,0.00038,0.00282,0.01054
220.89999,1.05394,0.98601,0.00038,0.00278,0.01083
221.00000,1.05394,0.98574,0.00038,0.00270,0.01118
221.10001,1.05392,0.98386,0.00042,0.00305,0.01267
221.20000,1.05394,0.98405,0.00036,0.00309,0.01249
221.30000,1.05394,0.98413,0.00040,0.00292,0.01254
221.39999,1.05394,0.98331,0.00044,0.00298,0.01327
221.50000,1.05394,0.98408,0.00040,0.00287,0.01265
221.60001,1.05392,0.98478,0.00036,0.00275,0.01211
221.70000,1.05394,0.98370,0.00031,0.00272,0.01327
221.80000,1.05394,0.98478,0.00028,0.00272,0.01221
221.89999,1.05394,0.98469,0.00023,0.00268,0.01241
222.00000,1.05394,0.97997,0.00028,0.00340,0.01634
222.10001,1.05392,0.97881,0.00026,0.00328,0.01766
222.20000,1.05394,0.98096,0.00029,0.00330,0.01545
222.30000,1.05394,0.98286,0.00033,0.00299,0.01382
222.39999,1.05394,0.98264,0.00035,0.00323,0.01377
222.50000,1.05394,0.98110,0.00036,0.00345,0.01510
222.60001,1.05392,0.98523,0.00031,0.00299,0.01147
222.70000,1.05394,0.98565,0.00033,0.00297,0.01106
222.80000,1.05394,0.98673,0.00035,0.00294,0.00998
222.89999,1.05394,0.98884,0.00035,0.00247,0.00833
223.00000,1.05394,0.99079,0.00033,0.00208,0.00679
223.10001,1.05392,0.99010,0.00037,0.00237,0.00716
223.20000,1.05394,0.98801,0.00031,0.00249,0.00918
223.30000,1.05394,0.98712,0.00030,0.00282,0.00976
223.39999,1.05394,0.98309,0.00036,0.00331,0.01323
223.50000,1.05394,0.98270,0.00032,0.00300,0.01398
223.60001,1.05392,0.98037,0.00033,0.00310,0.01621
223.70000,1.05394,0.97971,0.00036,0.00349,0.01643
223.80000,1.05394,0.97723,0.00033,0.00318,0.01926
223.89999,1.05394,0.97812,0.00033,0.00324,0.01831
224.00000,1.05394,0.98030,0.00029,0.00307,0.01634
224.10001,1.05392,0.98118,0.00031,0.00335,0.01516
224.20000,1.05394,0.97995,0.00033,0.00315,0.01657
224.30000,1.05394,0.98316,0.00026,0.00274,0.01384
224.39999,1.05394,0.98532,0.00023,0.00265,0.01180
224.50000,1.05394,0.98788,0.00023,0.00242,0.00947
224.60001,1.05392,0.98802,0.00025,0.00256,0.00917
224.70000,1.05394,0.99167,0.00019,0.00187,0.00627
224.80000,1.05394,0.99124,0.00018,0.00193,0.00665
224.89999,1.05394,0.98961,0.00019,0.00223,0.00797
225.00000,1.05394,0.98998,0.00020,0.00223,0.00759
225.10001,1.05392,0.99069,0.00017,0.00216,0.00698
225.20000,1.05394,0.99314,0.00015,0.00172,0.00499
225.30000,1.05394,0.99313,0.00016,0.00174,0.00497
225.39999,1.05394,0.99278,0.00015,0.00183,0.00524
225.50000,1.05394,0.99281,0.00013,0.00176,0.00530
225.60001,1.05392,0.99300,0.00012,0.00177,0.00511
225.70000,1.05394,0.99248,0.00012,0.00192,0.00549
225.80000,1.05394,0.99218,0.00012,0.00184,0.00585
225.89999,1.05394,0.99268,0.00011,0.00175,0.00545
226.00000,1.05394,0.99323,0.00013,0.00168,0.00497
226.10001,1.05392,0.99267,0.00012,0.00172,0.00550
226.20000,1.05394,0.99269,0.00011,0.00182,0.00538
226.30000,1.05394,0.99157,0.00012,0.00187,0.00644
226.39999,1.05394,0.99040,0.00014,0.00204,0.00741
226.50000,1.05394,0.98969,0.00013,0.00201,0.00816
226.60001,1.05392,0.99080,0.00011,0.00174,0.00735
226.70000,1.05394,0.98775,0.00014,0.00227,0.00984
226.80000,1.05394,0.98835,0.00013,0.00181,0.00971
226.89999,1.05394,0.98801,0.00013,0.00193,0.00993
227.00000,1.05394,0.98811,0.00012,0.00173,0.01005
227.10001,1.05392,0.98594,0.00015,0.00205,0.01186
227.20000,1.05394,0.98380,0.00018,0.00247,0.01355
227.30000,1.05394,0.98338,0.00017,0.00273,0.01372
227.39999,1.05394,0.98438,0.00016,0.00255,0.01291
227.50000,1.05394,0.97942,0.00021,0.00337,0.01700
227.60001,1.05392,0.98184,0.00023,0.00320,0.01473
227.70000,1.05394,0.98102,0.00023,0.00310,0.01565
227.80000,1.05394,0.98238,0.00024,0.00298,0.01441
227.89999,1.05394,0.97901,0.00023,0.00345,0.01731
228.00000,1.05394,0.97858,0.00027,0.00354,0.01760
228.10001,1.05392,0.98069,0.00025,0.00336,0.01570
228.20000,1.05394,0.97978,0.00025,0.00325,0.01672
228.30000,1.05394,0.98472,0.00016,0.00240,0.01271
228.39999,1.05394,0.98068,0.00025,0.00367,0.01540
228.50000,1.05394,0.98539,0.00021,0.00290,0.01150
228.60001,1.05392,0.98677,0.00022,0.00271,0.01030
